$MeshFormat
4.1 0 8
$EndMeshFormat
$Entities
108 113 6 0
0 1 -1.66533e-17 0 0 
1 0.998993 0.000146223 0 0 
2 0.995977 0.00058316 0 0 
3 0.990964 0.00130567 0 0 
4 0.983974 0.00230534 0 0 
5 0.975036 0.00357073 0 0 
6 0.964184 0.00508767 0 0 
7 0.9514629999999999 0.00683958 0 0 
8 0.936925 0.00880793 0 0 
9 0.920627 0.0109726 0 0 
10 0.902635 0.0133121 0 0 
11 0.883022 0.0158044 0 0 
12 0.861867 0.0184265 0 0 
13 0.839255 0.0211551 0 0 
14 0.815276 0.0239669 0 0 
15 0.790028 0.0268382 0 0 
16 0.763613 0.0297451 0 0 
17 0.736136 0.0326635 0 0 
18 0.707708 0.035569 0 0 
19 0.678443 0.0384366 0 0 
20 0.64846 0.0412407 0 0 
21 0.617879 0.0439549 0 0 
22 0.586824 0.0465521 0 0 
23 0.555419 0.0490045 0 0 
24 0.523791 0.0512835 0 0 
25 0.492067 0.0533601 0 0 
26 0.460375 0.0552053 0 0 
27 0.428843 0.0567903 0 0 
28 0.397597 0.0580873 0 0 
29 0.366763 0.0590696 0 0 
30 0.336466 0.0597128 0 0 
31 0.292292 0.0599951 0 0 
32 0.263864 0.0597028 0 0 
33 0.236387 0.0590111 0 0 
34 0.209972 0.0579121 0 0 
35 0.184724 0.0564028 0 0 
36 0.160745 0.0544854 0 0 
37 0.138133 0.0521668 0 0 
38 0.116978 0.0494586 0 0 
39 0.0973649 0.0463768 0 0 
40 0.0793732 0.042941 0 0 
41 0.0630753 0.0391735 0 0 
42 0.0485367 0.0350989 0 0 
43 0.035816 0.0307426 0 0 
44 0.0249644 0.0261302 0 0 
45 0.0160256 0.0212862 0 0 
46 0.009035649999999999 0.0162331 0 0 
47 0.00402259 0.0109908 0 0 
48 0.00100666 0.0055757 0 0 
49 0 0 0 0 
50 0.00100666 -0.0055757 0 0 
51 0.00402259 -0.0109908 0 0 
52 0.009035649999999999 -0.0162331 0 0 
53 0.0160256 -0.0212862 0 0 
54 0.0249644 -0.0261302 0 0 
55 0.035816 -0.0307426 0 0 
56 0.0485367 -0.0350989 0 0 
57 0.0630753 -0.0391735 0 0 
58 0.0793732 -0.042941 0 0 
59 0.0973649 -0.0463768 0 0 
60 0.116978 -0.0494586 0 0 
61 0.138133 -0.0521668 0 0 
62 0.160745 -0.0544854 0 0 
63 0.184724 -0.0564028 0 0 
64 0.209972 -0.0579121 0 0 
65 0.236387 -0.0590111 0 0 
66 0.263864 -0.0597028 0 0 
67 0.306827 -0.0599951 0 0 
68 0.336466 -0.0597128 0 0 
69 0.366763 -0.0590696 0 0 
70 0.397597 -0.0580873 0 0 
71 0.428843 -0.0567903 0 0 
72 0.460375 -0.0552053 0 0 
73 0.492067 -0.0533601 0 0 
74 0.523791 -0.0512835 0 0 
75 0.555419 -0.0490045 0 0 
76 0.586824 -0.0465521 0 0 
77 0.617879 -0.0439549 0 0 
78 0.64846 -0.0412407 0 0 
79 0.678443 -0.0384366 0 0 
80 0.707708 -0.035569 0 0 
81 0.736136 -0.0326635 0 0 
82 0.763613 -0.0297451 0 0 
83 0.790028 -0.0268382 0 0 
84 0.815276 -0.0239669 0 0 
85 0.839255 -0.0211551 0 0 
86 0.861867 -0.0184265 0 0 
87 0.883022 -0.0158044 0 0 
88 0.902635 -0.0133121 0 0 
89 0.920627 -0.0109726 0 0 
90 0.936925 -0.00880793 0 0 
91 0.9514629999999999 -0.00683958 0 0 
92 0.964184 -0.00508767 0 0 
93 0.975036 -0.00357073 0 0 
94 0.983974 -0.00230534 0 0 
95 0.990964 -0.00130567 0 0 
96 0.995977 -0.00058316 0 0 
97 0.998993 -0.000146223 0 0 
98 0 0 0 0 
200 0 4 0 0 
201 0 -4 0 0 
202 -2.7 0 0 0 
203 0.3 0 0 0 
210 6 4 0 0 
211 6 -4 0 0 
212 6 0 0 0 
230 6 12 0 0 
231 6 -12 0 0 
0 0.998993 -1.665605587480856e-17 0 1 0.000146223 0 0 2 0 -1 
1 0.995977 0.000146223 0 0.998993 0.00058316 0 1 303 2 1 -2 
2 0.990964 0.00058316 0 0.995977 0.00130567 0 0 2 2 -3 
3 0.983974 0.00130567 0 0.990964 0.00230534 0 1 303 2 3 -4 
4 0.975036 0.00230534 0 0.983974 0.00357073 0 1 303 2 4 -5 
5 0.964184 0.00357073 0 0.975036 0.00508767 0 1 303 2 5 -6 
6 0.9514629999999999 0.00508767 0 0.964184 0.00683958 0 1 303 2 6 -7 
7 0.936925 0.00683958 0 0.9514629999999999 0.00880793 0 1 303 2 7 -8 
8 0.920627 0.00880793 0 0.936925 0.0109726 0 1 303 2 8 -9 
9 0.902635 0.0109726 0 0.920627 0.0133121 0 1 303 2 9 -10 
10 0.883022 0.0133121 0 0.902635 0.0158044 0 1 303 2 10 -11 
11 0.861867 0.0158044 0 0.883022 0.0184265 0 1 303 2 11 -12 
12 0.839255 0.0184265 0 0.861867 0.0211551 0 1 303 2 12 -13 
13 0.815276 0.0211551 0 0.839255 0.0239669 0 1 303 2 13 -14 
14 0.790028 0.0239669 0 0.815276 0.0268382 0 1 303 2 14 -15 
15 0.763613 0.0268382 0 0.790028 0.0297451 0 1 303 2 15 -16 
16 0.736136 0.0297451 0 0.763613 0.0326635 0 1 303 2 16 -17 
17 0.707708 0.0326635 0 0.736136 0.035569 0 1 303 2 17 -18 
18 0.678443 0.035569 0 0.707708 0.0384366 0 1 303 2 18 -19 
19 0.64846 0.0384366 0 0.678443 0.0412407 0 1 303 2 19 -20 
20 0.617879 0.0412407 0 0.64846 0.0439549 0 1 303 2 20 -21 
21 0.586824 0.0439549 0 0.617879 0.0465521 0 1 303 2 21 -22 
22 0.555419 0.0465521 0 0.586824 0.0490045 0 1 303 2 22 -23 
23 0.523791 0.0490045 0 0.555419 0.0512835 0 1 303 2 23 -24 
24 0.492067 0.0512835 0 0.523791 0.0533601 0 1 303 2 24 -25 
25 0.460375 0.0533601 0 0.492067 0.0552053 0 1 303 2 25 -26 
26 0.428843 0.0552053 0 0.460375 0.0567903 0 1 303 2 26 -27 
27 0.397597 0.0567903 0 0.428843 0.0580873 0 1 303 2 27 -28 
28 0.366763 0.0580873 0 0.397597 0.0590696 0 1 303 2 28 -29 
29 0.336466 0.0590696 0 0.366763 0.0597128 0 1 303 2 29 -30 
30 0.292292 0.0597128 0 0.336466 0.0599951 0 1 303 2 30 -31 
31 0.263864 0.0597028 0 0.292292 0.0599951 0 1 303 2 31 -32 
32 0.236387 0.0590111 0 0.263864 0.0597028 0 1 303 2 32 -33 
33 0.209972 0.0579121 0 0.236387 0.0590111 0 1 303 2 33 -34 
34 0.184724 0.0564028 0 0.209972 0.0579121 0 1 303 2 34 -35 
35 0.160745 0.0544854 0 0.184724 0.0564028 0 1 303 2 35 -36 
36 0.138133 0.0521668 0 0.160745 0.0544854 0 1 303 2 36 -37 
37 0.116978 0.0494586 0 0.138133 0.0521668 0 1 303 2 37 -38 
38 0.0973649 0.0463768 0 0.116978 0.0494586 0 1 303 2 38 -39 
39 0.0793732 0.042941 0 0.0973649 0.0463768 0 1 303 2 39 -40 
40 0.0630753 0.0391735 0 0.0793732 0.042941 0 1 303 2 40 -41 
41 0.0485367 0.0350989 0 0.0630753 0.0391735 0 1 303 2 41 -42 
42 0.035816 0.0307426 0 0.0485367 0.0350989 0 1 303 2 42 -43 
43 0.0249644 0.0261302 0 0.035816 0.0307426 0 1 303 2 43 -44 
44 0.0160256 0.0212862 0 0.0249644 0.0261302 0 1 303 2 44 -45 
45 0.009035649999999999 0.0162331 0 0.0160256 0.0212862 0 1 303 2 45 -46 
46 0.00402259 0.0109908 0 0.009035649999999999 0.0162331 0 1 303 2 46 -47 
47 0.00100666 0.0055757 0 0.00402259 0.0109908 0 1 303 2 47 -48 
48 0 0 0 0.00100666 0.0055757 0 1 303 2 48 -49 
49 0 -0.0055757 0 0.00100666 0 0 1 303 2 49 -50 
50 0.00100666 -0.0109908 0 0.00402259 -0.0055757 0 1 303 2 50 -51 
51 0.00402259 -0.0162331 0 0.009035649999999999 -0.0109908 0 1 303 2 51 -52 
52 0.009035649999999999 -0.0212862 0 0.0160256 -0.0162331 0 1 303 2 52 -53 
53 0.0160256 -0.0261302 0 0.0249644 -0.0212862 0 1 303 2 53 -54 
54 0.0249644 -0.0307426 0 0.035816 -0.0261302 0 1 303 2 54 -55 
55 0.035816 -0.0350989 0 0.0485367 -0.0307426 0 1 303 2 55 -56 
56 0.0485367 -0.0391735 0 0.0630753 -0.0350989 0 1 303 2 56 -57 
57 0.0630753 -0.042941 0 0.0793732 -0.0391735 0 1 303 2 57 -58 
58 0.0793732 -0.0463768 0 0.0973649 -0.042941 0 1 303 2 58 -59 
59 0.0973649 -0.0494586 0 0.116978 -0.0463768 0 1 303 2 59 -60 
60 0.116978 -0.0521668 0 0.138133 -0.0494586 0 1 303 2 60 -61 
61 0.138133 -0.0544854 0 0.160745 -0.0521668 0 1 303 2 61 -62 
62 0.160745 -0.0564028 0 0.184724 -0.0544854 0 1 303 2 62 -63 
63 0.184724 -0.0579121 0 0.209972 -0.0564028 0 1 303 2 63 -64 
64 0.209972 -0.0590111 0 0.236387 -0.0579121 0 1 303 2 64 -65 
65 0.236387 -0.0597028 0 0.263864 -0.0590111 0 1 303 2 65 -66 
66 0.263864 -0.0599951 0 0.306827 -0.0597028 0 1 303 2 66 -67 
67 0.306827 -0.0599951 0 0.336466 -0.0597128 0 1 303 2 67 -68 
68 0.336466 -0.0597128 0 0.366763 -0.0590696 0 1 303 2 68 -69 
69 0.366763 -0.0590696 0 0.397597 -0.0580873 0 1 303 2 69 -70 
70 0.397597 -0.0580873 0 0.428843 -0.0567903 0 1 303 2 70 -71 
71 0.428843 -0.0567903 0 0.460375 -0.0552053 0 1 303 2 71 -72 
72 0.460375 -0.0552053 0 0.492067 -0.0533601 0 1 303 2 72 -73 
73 0.492067 -0.0533601 0 0.523791 -0.0512835 0 1 303 2 73 -74 
74 0.523791 -0.0512835 0 0.555419 -0.0490045 0 1 303 2 74 -75 
75 0.555419 -0.0490045 0 0.586824 -0.0465521 0 1 303 2 75 -76 
76 0.586824 -0.0465521 0 0.617879 -0.0439549 0 1 303 2 76 -77 
77 0.617879 -0.0439549 0 0.64846 -0.0412407 0 1 303 2 77 -78 
78 0.64846 -0.0412407 0 0.678443 -0.0384366 0 1 303 2 78 -79 
79 0.678443 -0.0384366 0 0.707708 -0.035569 0 1 303 2 79 -80 
80 0.707708 -0.035569 0 0.736136 -0.0326635 0 1 303 2 80 -81 
81 0.736136 -0.0326635 0 0.763613 -0.0297451 0 1 303 2 81 -82 
82 0.763613 -0.0297451 0 0.790028 -0.0268382 0 1 303 2 82 -83 
83 0.790028 -0.0268382 0 0.815276 -0.0239669 0 1 303 2 83 -84 
84 0.815276 -0.0239669 0 0.839255 -0.0211551 0 1 303 2 84 -85 
85 0.839255 -0.0211551 0 0.861867 -0.0184265 0 1 303 2 85 -86 
86 0.861867 -0.0184265 0 0.883022 -0.0158044 0 1 303 2 86 -87 
87 0.883022 -0.0158044 0 0.902635 -0.0133121 0 1 303 2 87 -88 
88 0.902635 -0.0133121 0 0.920627 -0.0109726 0 1 303 2 88 -89 
89 0.920627 -0.0109726 0 0.936925 -0.00880793 0 1 303 2 89 -90 
90 0.936925 -0.00880793 0 0.9514629999999999 -0.00683958 0 1 303 2 90 -91 
91 0.9514629999999999 -0.00683958 0 0.964184 -0.00508767 0 1 303 2 91 -92 
92 0.964184 -0.00508767 0 0.975036 -0.00357073 0 1 303 2 92 -93 
93 0.975036 -0.00357073 0 0.983974 -0.00230534 0 1 303 2 93 -94 
94 0.983974 -0.00230534 0 0.990964 -0.00130567 0 1 303 2 94 -95 
95 0.990964 -0.00130567 0 0.995977 -0.00058316 0 1 303 2 95 -96 
96 0.995977 -0.00058316 0 0.998993 -0.000146223 0 1 303 2 96 -97 
97 0 -0.000146223 0 0.998993 0 0 1 303 2 97 -98 
98 0 -1.66533e-17 0 1 0 0 1 303 2 98 0 
200 0 0 0 0 0 0 0 2 202 -202 
201 0 0.05640279999999986 0 0.184724 4 0 0 2 200 -35 
202 0 -4 0 0.236387 -0.05901110000000021 0 0 2 201 -65 
203 -2.7 0 0 0 4 0 1 300 2 200 -202 
204 -2.7 -4 0 0 0 0 1 300 2 202 -201 
210 0.998993 0 0 6 0.000146223 0 0 2 1 -212 
211 6 0 0 6 4 0 1 302 2 210 -212 
212 6 -4 0 6 0 0 1 302 2 211 -212 
220 0 4 0 6 4 0 0 2 200 -210 
221 0 -4 0 6 -4 0 0 2 201 -211 
230 6 4 0 6 12 0 1 302 2 210 -230 
231 6 -12 0 6 -4 0 1 302 2 211 -231 
232 0 4 0 6 12 0 1 300 2 200 -230 
233 0 -12 0 6 -4 0 1 300 2 201 -231 
1 -2.7 0 0 0.1847240000000001 4 0 1 236 3 -203 201 35 
2 0 0 0 0 0 0 1 236 1 -200 
5 0 0 0 6 4 0 1 236 39 -201 220 211 -210 1 2 3 4 5 6 7 8 9 10 11 12 13 14 15 16 17 18 19 20 21 22 23 24 25 26 27 28 29 30 31 32 33 34 0 
6 0 -4 0 1 0 0 1 236 35 202 65 66 67 68 69 70 71 72 73 74 75 76 77 78 79 80 81 82 83 84 85 86 87 88 89 90 91 92 93 94 95 96 97 98 
7 0 4 0 6 12 0 1 236 3 232 -230 -220 
8 0 -12 0 6 -4 0 1 236 3 221 231 -233 
$EndEntities
$Nodes
220 3639 1 3639
0 0 0 1
1
1 -1.66533e-17 0
0 1 0 1
2
0.998993 0.000146223 0
0 2 0 1
3
0.995977 0.00058316 0
0 3 0 1
4
0.990964 0.00130567 0
0 4 0 1
5
0.983974 0.00230534 0
0 5 0 1
6
0.975036 0.00357073 0
0 6 0 1
7
0.964184 0.00508767 0
0 7 0 1
8
0.9514629999999999 0.00683958 0
0 8 0 1
9
0.936925 0.00880793 0
0 9 0 1
10
0.920627 0.0109726 0
0 10 0 1
11
0.902635 0.0133121 0
0 11 0 1
12
0.883022 0.0158044 0
0 12 0 1
13
0.861867 0.0184265 0
0 13 0 1
14
0.839255 0.0211551 0
0 14 0 1
15
0.815276 0.0239669 0
0 15 0 1
16
0.790028 0.0268382 0
0 16 0 1
17
0.763613 0.0297451 0
0 17 0 1
18
0.736136 0.0326635 0
0 18 0 1
19
0.707708 0.035569 0
0 19 0 1
20
0.678443 0.0384366 0
0 20 0 1
21
0.64846 0.0412407 0
0 21 0 1
22
0.617879 0.0439549 0
0 22 0 1
23
0.586824 0.0465521 0
0 23 0 1
24
0.555419 0.0490045 0
0 24 0 1
25
0.523791 0.0512835 0
0 25 0 1
26
0.492067 0.0533601 0
0 26 0 1
27
0.460375 0.0552053 0
0 27 0 1
28
0.428843 0.0567903 0
0 28 0 1
29
0.397597 0.0580873 0
0 29 0 1
30
0.366763 0.0590696 0
0 30 0 1
31
0.336466 0.0597128 0
0 31 0 1
32
0.292292 0.0599951 0
0 32 0 1
33
0.263864 0.0597028 0
0 33 0 1
34
0.236387 0.0590111 0
0 34 0 1
35
0.209972 0.0579121 0
0 35 0 1
36
0.184724 0.0564028 0
0 36 0 1
37
0.160745 0.0544854 0
0 37 0 1
38
0.138133 0.0521668 0
0 38 0 1
39
0.116978 0.0494586 0
0 39 0 1
40
0.0973649 0.0463768 0
0 40 0 1
41
0.0793732 0.042941 0
0 41 0 1
42
0.0630753 0.0391735 0
0 42 0 1
43
0.0485367 0.0350989 0
0 43 0 1
44
0.035816 0.0307426 0
0 44 0 1
45
0.0249644 0.0261302 0
0 45 0 1
46
0.0160256 0.0212862 0
0 46 0 1
47
0.009035649999999999 0.0162331 0
0 47 0 1
48
0.00402259 0.0109908 0
0 48 0 1
49
0.00100666 0.0055757 0
0 49 0 1
50
0 0 0
0 50 0 1
51
0.00100666 -0.0055757 0
0 51 0 1
52
0.00402259 -0.0109908 0
0 52 0 1
53
0.009035649999999999 -0.0162331 0
0 53 0 1
54
0.0160256 -0.0212862 0
0 54 0 1
55
0.0249644 -0.0261302 0
0 55 0 1
56
0.035816 -0.0307426 0
0 56 0 1
57
0.0485367 -0.0350989 0
0 57 0 1
58
0.0630753 -0.0391735 0
0 58 0 1
59
0.0793732 -0.042941 0
0 59 0 1
60
0.0973649 -0.0463768 0
0 60 0 1
61
0.116978 -0.0494586 0
0 61 0 1
62
0.138133 -0.0521668 0
0 62 0 1
63
0.160745 -0.0544854 0
0 63 0 1
64
0.184724 -0.0564028 0
0 64 0 1
65
0.209972 -0.0579121 0
0 65 0 1
66
0.236387 -0.0590111 0
0 66 0 1
67
0.263864 -0.0597028 0
0 67 0 1
68
0.306827 -0.0599951 0
0 68 0 1
69
0.336466 -0.0597128 0
0 69 0 1
70
0.366763 -0.0590696 0
0 70 0 1
71
0.397597 -0.0580873 0
0 71 0 1
72
0.428843 -0.0567903 0
0 72 0 1
73
0.460375 -0.0552053 0
0 73 0 1
74
0.492067 -0.0533601 0
0 74 0 1
75
0.523791 -0.0512835 0
0 75 0 1
76
0.555419 -0.0490045 0
0 76 0 1
77
0.586824 -0.0465521 0
0 77 0 1
78
0.617879 -0.0439549 0
0 78 0 1
79
0.64846 -0.0412407 0
0 79 0 1
80
0.678443 -0.0384366 0
0 80 0 1
81
0.707708 -0.035569 0
0 81 0 1
82
0.736136 -0.0326635 0
0 82 0 1
83
0.763613 -0.0297451 0
0 83 0 1
84
0.790028 -0.0268382 0
0 84 0 1
85
0.815276 -0.0239669 0
0 85 0 1
86
0.839255 -0.0211551 0
0 86 0 1
87
0.861867 -0.0184265 0
0 87 0 1
88
0.883022 -0.0158044 0
0 88 0 1
89
0.902635 -0.0133121 0
0 89 0 1
90
0.920627 -0.0109726 0
0 90 0 1
91
0.936925 -0.00880793 0
0 91 0 1
92
0.9514629999999999 -0.00683958 0
0 92 0 1
93
0.964184 -0.00508767 0
0 93 0 1
94
0.975036 -0.00357073 0
0 94 0 1
95
0.983974 -0.00230534 0
0 95 0 1
96
0.990964 -0.00130567 0
0 96 0 1
97
0.995977 -0.00058316 0
0 97 0 1
98
0.998993 -0.000146223 0
0 98 0 1
99
0 0 0
0 200 0 1
100
0 4 0
0 201 0 1
101
0 -4 0
0 202 0 1
102
-2.7 0 0
0 210 0 1
103
6 4 0
0 211 0 1
104
6 -4 0
0 212 0 1
105
6 0 0
0 230 0 1
106
6 12 0
0 231 0 1
107
6 -12 0
1 1 0 0
1 3 0 0
1 4 0 0
1 5 0 0
1 6 0 0
1 7 0 0
1 8 0 0
1 9 0 0
1 10 0 0
1 11 0 0
1 12 0 0
1 13 0 0
1 14 0 0
1 15 0 0
1 16 0 0
1 17 0 0
1 18 0 0
1 19 0 0
1 20 0 0
1 21 0 0
1 22 0 0
1 23 0 0
1 24 0 0
1 25 0 0
1 26 0 0
1 27 0 0
1 28 0 0
1 29 0 0
1 30 0 0
1 31 0 0
1 32 0 0
1 33 0 0
1 34 0 0
1 35 0 0
1 36 0 0
1 37 0 0
1 38 0 0
1 39 0 0
1 40 0 0
1 41 0 0
1 42 0 0
1 43 0 0
1 44 0 0
1 45 0 0
1 46 0 0
1 47 0 0
1 48 0 0
1 49 0 0
1 50 0 0
1 51 0 0
1 52 0 0
1 53 0 0
1 54 0 0
1 55 0 0
1 56 0 0
1 57 0 0
1 58 0 0
1 59 0 0
1 60 0 0
1 61 0 0
1 62 0 0
1 63 0 0
1 64 0 0
1 65 0 0
1 66 0 0
1 67 0 0
1 68 0 0
1 69 0 0
1 70 0 0
1 71 0 0
1 72 0 0
1 73 0 0
1 74 0 0
1 75 0 0
1 76 0 0
1 77 0 0
1 78 0 0
1 79 0 0
1 80 0 0
1 81 0 0
1 82 0 0
1 83 0 0
1 84 0 0
1 85 0 0
1 86 0 0
1 87 0 0
1 88 0 0
1 89 0 0
1 90 0 0
1 91 0 0
1 92 0 0
1 93 0 0
1 94 0 0
1 95 0 0
1 96 0 0
1 97 0 0
1 98 0 0
1 203 0 29
108
109
110
111
112
113
114
115
116
117
118
119
120
121
122
123
124
125
126
127
128
129
130
131
132
133
134
135
136
-0.1757372747439417 3.979814525429919 0
-0.3493451120133699 3.94587909119938 0
-0.5197951928895639 3.898565446470521 0
-0.6861502620442108 3.838411500903769 0
-0.847589800778412 3.766088302859468 0
-1.003424150830419 3.682362524233766 0
-1.153097696211271 3.588059177023669 0
-1.296184028160357 3.484027490603909 0
-1.432373782508584 3.37111323284112 0
-1.56145905111394 3.250137816964286 0
-1.683317875622371 3.12188248936598 0
-1.797895588013524 2.98708158291102 0
-1.905194067138649 2.846412984805466 0
-2.00525248665849 2.700504256171741 0
-2.098140940109092 2.549928220720596 0
-2.183950168147843 2.395206717665811 0
-2.262783287376204 2.236815911754034 0
-2.33475108344748 2.075188581580989 0
-2.399966745865532 1.910719997065638 0
-2.458543090629907 1.743770831907318 0
-2.510589898226141 1.574671206786173 0
-2.556211641367843 1.403725705761554 0
-2.595506559836638 1.231215573757014 0
-2.628565561219812 1.057402187433228 0
-2.655471507386422 0.8825301390454841 0
-2.676298749180017 0.7068301987182093 0
-2.691112941338122 0.5305212320494255 0
-2.699970844425244 0.3538126384161367 0
-2.702920251532452 0.1769066079574516 0
1 204 0 29
137
138
139
140
141
142
143
144
145
146
147
148
149
150
151
152
153
154
155
156
157
158
159
160
161
162
163
164
165
-2.697166079328285 -0.1746980357053605 0
-2.68866018387859 -0.349211856687038 0
-2.674469931752133 -0.5233555295255892 0
-2.654574714136264 -0.6969399313746766 0
-2.628945809142723 -0.8697706106302419 0
-2.59754643604618 -1.04164650029219 0
-2.56033202197694 -1.212357415678438 0
-2.517250370308924 -1.38168254168798 0
-2.468242081842908 -1.549387932482579 0
-2.413241133275481 -1.715223997217877 0
-2.35217533448855 -1.878923681262751 0
-2.284967763547362 -2.040198340491658 0
-2.211537739392483 -2.198735759025024 0
-2.131802430420874 -2.354197031308269 0
-2.045679873218256 -2.506211697509624 0
-1.953091307460951 -2.654375566498637 0
-1.853965318258949 -2.798246495260587 0
-1.748242679330926 -2.937340980247231 0
-1.635881927190044 -3.071131624126836 0
-1.516874897691707 -3.199036220222351 0
-1.391238881176476 -3.320435936599737 0
-1.259044294048338 -3.434656902655497 0
-1.120421541095665 -3.540980897433517 0
-0.9755752158405842 -3.638652176736543 0
-0.824798699991151 -3.726889071261949 0
-0.6684894414139375 -3.804900426244832 0
-0.5071598752938744 -3.871909353206032 0
-0.3414446648632837 -3.927182028322557 0
-0.1721012076084527 -3.970060896727594 0
1 211 0 48
166
167
168
169
170
171
172
173
174
175
176
177
178
179
180
181
182
183
184
185
186
187
188
189
190
191
192
193
194
195
196
197
198
199
200
201
202
203
204
205
206
207
208
209
210
211
212
213
6 3.7903251618801 0
6 3.590634839515358 0
6 3.400453581137107 0
6 3.219328572365652 0
6 3.046828563025747 0
6 2.882542839772695 0
6 2.726080247296579 0
6 2.577068254562003 0
6 2.4351520708432 0
6 2.299993800546399 0
6 2.171271638409921 0
6 2.048679102951919 0
6 1.931924307125359 0
6 1.820729263176234 0
6 1.714829221201003 0
6 1.613972039352028 0
6 1.517917579363197 0
6 1.426437140283704 0
6 1.339312912752661 0
6 1.256337457993352 0
6 1.177313216663842 0
6 1.102052034244746 0
6 1.030374717553573 0
6 0.9621106071959371 0
6 0.8970971676746076 0
6 0.8351796059699086 0
6 0.7762105006034212 0
6 0.7200494473303047 0
6 0.6665627286945868 0
6 0.6156229968960898 0
6 0.5671089669237466 0
6 0.5209051289805138 0
6 0.4769014732337071 0
6 0.4349932302574446 0
6 0.3950806181026452 0
6 0.3570686068989577 0
6 0.3208666915313638 0
6 0.2863886761493291 0
6 0.2535524713018442 0
6 0.2222798950370417 0
6 0.1924964896460164 0
6 0.1641313413817778 0
6 0.1371169146453939 0
6 0.1113888898664088 0
6 0.08688600882017861 0
6 0.06354993096434347 0
6 0.0413250939479699 0
6 0.02015858241034074 0
1 212 0 48
214
215
216
217
218
219
220
221
222
223
224
225
226
227
228
229
230
231
232
233
234
235
236
237
238
239
240
241
242
243
244
245
246
247
248
249
250
251
252
253
254
255
256
257
258
259
260
261
6 -3.7903251618801 0
6 -3.590634839515358 0
6 -3.400453581137107 0
6 -3.219328572365652 0
6 -3.046828563025747 0
6 -2.882542839772695 0
6 -2.726080247296579 0
6 -2.577068254562003 0
6 -2.4351520708432 0
6 -2.299993800546399 0
6 -2.171271638409921 0
6 -2.048679102951919 0
6 -1.931924307125359 0
6 -1.820729263176234 0
6 -1.714829221201003 0
6 -1.613972039352028 0
6 -1.517917579363197 0
6 -1.426437140283704 0
6 -1.339312912752661 0
6 -1.256337457993352 0
6 -1.177313216663842 0
6 -1.102052034244746 0
6 -1.030374717553573 0
6 -0.9621106071959371 0
6 -0.8970971676746076 0
6 -0.8351796059699086 0
6 -0.7762105006034212 0
6 -0.7200494473303047 0
6 -0.6665627286945868 0
6 -0.6156229968960898 0
6 -0.5671089669237466 0
6 -0.5209051289805138 0
6 -0.4769014732337071 0
6 -0.4349932302574446 0
6 -0.3950806181026452 0
6 -0.3570686068989577 0
6 -0.3208666915313638 0
6 -0.2863886761493291 0
6 -0.2535524713018442 0
6 -0.2222798950370417 0
6 -0.1924964896460164 0
6 -0.1641313413817778 0
6 -0.1371169146453939 0
6 -0.1113888898664088 0
6 -0.08688600882017861 0
6 -0.06354993096434347 0
6 -0.0413250939479699 0
6 -0.02015858241034074 0
1 220 0 198
262
263
264
265
266
267
268
269
270
271
272
273
274
275
276
277
278
279
280
281
282
283
284
285
286
287
288
289
290
291
292
293
294
295
296
297
298
299
300
301
302
303
304
305
306
307
308
309
310
311
312
313
314
315
316
317
318
319
320
321
322
323
324
325
326
327
328
329
330
331
332
333
334
335
336
337
338
339
340
341
342
343
344
345
346
347
348
349
350
351
352
353
354
355
356
357
358
359
360
361
362
363
364
365
366
367
368
369
370
371
372
373
374
375
376
377
378
379
380
381
382
383
384
385
386
387
388
389
390
391
392
393
394
395
396
397
398
399
400
401
402
403
404
405
406
407
408
409
410
411
412
413
414
415
416
417
418
419
420
421
422
423
424
425
426
427
428
429
430
431
432
433
434
435
436
437
438
439
440
441
442
443
444
445
446
447
448
449
450
451
452
453
454
455
456
457
458
459
0.03015075376871165 4 0
0.06030150753742279 4 0
0.09045226130613332 4 0
0.1206030150748423 4 0
0.1507537688435511 4 0
0.1809045226122598 4 0
0.2110552763809686 4 0
0.2412060301496774 4 0
0.2713567839183862 4 0
0.301507537687095 4 0
0.3316582914558046 4 0
0.3618090452245203 4 0
0.391959798993244 4 0
0.4221105527619737 4 0
0.4522613065307104 4 0
0.4824120602994471 4 0
0.5125628140681837 4 0
0.5427135678369204 4 0
0.572864321605657 4 0
0.6030150753743938 4 0
0.6331658291431304 4 0
0.663316582911867 4 0
0.6934673366806038 4 0
0.7236180904493309 4 0
0.7537688442180502 4 0
0.783919597986745 4 0
0.814070351755432 4 0
0.8442211055241129 4 0
0.8743718592927938 4 0
0.9045226130614746 4 0
0.9346733668301557 4 0
0.9648241205988364 4 0
0.9949748743675271 4 0
1.025125628136236 4 0
1.055276381904967 4 0
1.085427135673704 4 0
1.11557788944244 4 0
1.145728643211177 4 0
1.175879396979914 4 0
1.206030150748651 4 0
1.236180904517387 4 0
1.266331658286124 4 0
1.296482412054861 4 0
1.326633165823597 4 0
1.356783919592334 4 0
1.386934673361071 4 0
1.417085427129808 4 0
1.447236180898544 4 0
1.477386934667281 4 0
1.507537688436018 4 0
1.537688442204754 4 0
1.567839195973491 4 0
1.597989949742228 4 0
1.628140703510965 4 0
1.658291457279701 4 0
1.688442211048438 4 0
1.718592964817175 4 0
1.748743718585911 4 0
1.778894472354648 4 0
1.809045226123385 4 0
1.839195979892121 4 0
1.869346733660858 4 0
1.899497487429595 4 0
1.929648241198332 4 0
1.959798994967068 4 0
1.989949748735805 4 0
2.020100502504542 4 0
2.050251256273278 4 0
2.080402010042015 4 0
2.110552763810752 4 0
2.140703517579488 4 0
2.170854271348226 4 0
2.201005025116962 4 0
2.231155778885699 4 0
2.261306532654435 4 0
2.291457286423172 4 0
2.321608040191909 4 0
2.351758793960645 4 0
2.381909547729382 4 0
2.412060301498119 4 0
2.442211055266856 4 0
2.472361809035593 4 0
2.502512562804329 4 0
2.532663316573066 4 0
2.562814070341803 4 0
2.592964824110539 4 0
2.623115577879276 4 0
2.653266331648013 4 0
2.683417085416749 4 0
2.713567839185486 4 0
2.743718592954223 4 0
2.77386934672296 4 0
2.804020100491696 4 0
2.834170854260433 4 0
2.86432160802917 4 0
2.894472361797906 4 0
2.924623115566643 4 0
2.954773869335383 4 0
2.984924623104176 4 0
3.015075376873024 4 0
3.045226130641929 4 0
3.075376884410885 4 0
3.105527638179845 4 0
3.135678391948805 4 0
3.165829145717765 4 0
3.195979899486725 4 0
3.226130653255685 4 0
3.256281407024645 4 0
3.286432160793606 4 0
3.316582914562565 4 0
3.346733668331525 4 0
3.376884422100485 4 0
3.407035175869445 4 0
3.437185929638405 4 0
3.467336683407365 4 0
3.497487437176325 4 0
3.527638190945284 4 0
3.557788944714244 4 0
3.587939698483205 4 0
3.618090452252164 4 0
3.648241206021124 4 0
3.678391959790085 4 0
3.708542713559044 4 0
3.738693467328004 4 0
3.768844221096964 4 0
3.798994974865924 4 0
3.829145728634884 4 0
3.859296482403844 4 0
3.889447236172804 4 0
3.919597989941764 4 0
3.949748743710725 4 0
3.979899497479683 4 0
4.010050251248644 4 0
4.040201005017604 4 0
4.070351758786563 4 0
4.100502512555524 4 0
4.130653266324484 4 0
4.160804020093444 4 0
4.190954773862404 4 0
4.221105527631363 4 0
4.251256281400323 4 0
4.281407035169283 4 0
4.311557788938243 4 0
4.341708542707203 4 0
4.371859296476163 4 0
4.402010050245123 4 0
4.432160804014083 4 0
4.462311557783043 4 0
4.492462311552003 4 0
4.522613065320963 4 0
4.552763819089923 4 0
4.582914572858883 4 0
4.613065326627843 4 0
4.643216080396803 4 0
4.673366834165763 4 0
4.703517587934722 4 0
4.733668341703682 4 0
4.763819095472643 4 0
4.793969849241602 4 0
4.824120603010563 4 0
4.854271356779523 4 0
4.884422110548481 4 0
4.914572864317442 4 0
4.944723618086402 4 0
4.974874371855362 4 0
5.005025125624322 4 0
5.035175879393282 4 0
5.065326633162242 4 0
5.095477386931202 4 0
5.125628140700162 4 0
5.155778894469122 4 0
5.185929648238082 4 0
5.216080402007042 4 0
5.246231155776002 4 0
5.276381909544962 4 0
5.306532663313922 4 0
5.336683417082881 4 0
5.366834170851841 4 0
5.396984924620801 4 0
5.427135678389761 4 0
5.457286432158721 4 0
5.487437185927682 4 0
5.517587939696641 4 0
5.547738693465601 4 0
5.577889447234561 4 0
5.60804020100352 4 0
5.638190954772481 4 0
5.668341708541441 4 0
5.698492462310401 4 0
5.728643216079361 4 0
5.758793969848321 4 0
5.788944723617281 4 0
5.819095477386241 4 0
5.849246231155201 4 0
5.87939698492416 4 0
5.909547738693121 4 0
5.939698492462081 4 0
5.969849246231041 4 0
1 221 0 198
460
461
462
463
464
465
466
467
468
469
470
471
472
473
474
475
476
477
478
479
480
481
482
483
484
485
486
487
488
489
490
491
492
493
494
495
496
497
498
499
500
501
502
503
504
505
506
507
508
509
510
511
512
513
514
515
516
517
518
519
520
521
522
523
524
525
526
527
528
529
530
531
532
533
534
535
536
537
538
539
540
541
542
543
544
545
546
547
548
549
550
551
552
553
554
555
556
557
558
559
560
561
562
563
564
565
566
567
568
569
570
571
572
573
574
575
576
577
578
579
580
581
582
583
584
585
586
587
588
589
590
591
592
593
594
595
596
597
598
599
600
601
602
603
604
605
606
607
608
609
610
611
612
613
614
615
616
617
618
619
620
621
622
623
624
625
626
627
628
629
630
631
632
633
634
635
636
637
638
639
640
641
642
643
644
645
646
647
648
649
650
651
652
653
654
655
656
657
0.03015075376871165 -4 0
0.06030150753742279 -4 0
0.09045226130613332 -4 0
0.1206030150748423 -4 0
0.1507537688435511 -4 0
0.1809045226122598 -4 0
0.2110552763809686 -4 0
0.2412060301496774 -4 0
0.2713567839183862 -4 0
0.301507537687095 -4 0
0.3316582914558046 -4 0
0.3618090452245203 -4 0
0.391959798993244 -4 0
0.4221105527619737 -4 0
0.4522613065307104 -4 0
0.4824120602994471 -4 0
0.5125628140681837 -4 0
0.5427135678369204 -4 0
0.572864321605657 -4 0
0.6030150753743938 -4 0
0.6331658291431304 -4 0
0.663316582911867 -4 0
0.6934673366806038 -4 0
0.7236180904493309 -4 0
0.7537688442180502 -4 0
0.783919597986745 -4 0
0.814070351755432 -4 0
0.8442211055241129 -4 0
0.8743718592927938 -4 0
0.9045226130614746 -4 0
0.9346733668301557 -4 0
0.9648241205988364 -4 0
0.9949748743675271 -4 0
1.025125628136236 -4 0
1.055276381904967 -4 0
1.085427135673704 -4 0
1.11557788944244 -4 0
1.145728643211177 -4 0
1.175879396979914 -4 0
1.206030150748651 -4 0
1.236180904517387 -4 0
1.266331658286124 -4 0
1.296482412054861 -4 0
1.326633165823597 -4 0
1.356783919592334 -4 0
1.386934673361071 -4 0
1.417085427129808 -4 0
1.447236180898544 -4 0
1.477386934667281 -4 0
1.507537688436018 -4 0
1.537688442204754 -4 0
1.567839195973491 -4 0
1.597989949742228 -4 0
1.628140703510965 -4 0
1.658291457279701 -4 0
1.688442211048438 -4 0
1.718592964817175 -4 0
1.748743718585911 -4 0
1.778894472354648 -4 0
1.809045226123385 -4 0
1.839195979892121 -4 0
1.869346733660858 -4 0
1.899497487429595 -4 0
1.929648241198332 -4 0
1.959798994967068 -4 0
1.989949748735805 -4 0
2.020100502504542 -4 0
2.050251256273278 -4 0
2.080402010042015 -4 0
2.110552763810752 -4 0
2.140703517579488 -4 0
2.170854271348226 -4 0
2.201005025116962 -4 0
2.231155778885699 -4 0
2.261306532654435 -4 0
2.291457286423172 -4 0
2.321608040191909 -4 0
2.351758793960645 -4 0
2.381909547729382 -4 0
2.412060301498119 -4 0
2.442211055266856 -4 0
2.472361809035593 -4 0
2.502512562804329 -4 0
2.532663316573066 -4 0
2.562814070341803 -4 0
2.592964824110539 -4 0
2.623115577879276 -4 0
2.653266331648013 -4 0
2.683417085416749 -4 0
2.713567839185486 -4 0
2.743718592954223 -4 0
2.77386934672296 -4 0
2.804020100491696 -4 0
2.834170854260433 -4 0
2.86432160802917 -4 0
2.894472361797906 -4 0
2.924623115566643 -4 0
2.954773869335383 -4 0
2.984924623104176 -4 0
3.015075376873024 -4 0
3.045226130641929 -4 0
3.075376884410885 -4 0
3.105527638179845 -4 0
3.135678391948805 -4 0
3.165829145717765 -4 0
3.195979899486725 -4 0
3.226130653255685 -4 0
3.256281407024645 -4 0
3.286432160793606 -4 0
3.316582914562565 -4 0
3.346733668331525 -4 0
3.376884422100485 -4 0
3.407035175869445 -4 0
3.437185929638405 -4 0
3.467336683407365 -4 0
3.497487437176325 -4 0
3.527638190945284 -4 0
3.557788944714244 -4 0
3.587939698483205 -4 0
3.618090452252164 -4 0
3.648241206021124 -4 0
3.678391959790085 -4 0
3.708542713559044 -4 0
3.738693467328004 -4 0
3.768844221096964 -4 0
3.798994974865924 -4 0
3.829145728634884 -4 0
3.859296482403844 -4 0
3.889447236172804 -4 0
3.919597989941764 -4 0
3.949748743710725 -4 0
3.979899497479683 -4 0
4.010050251248644 -4 0
4.040201005017604 -4 0
4.070351758786563 -4 0
4.100502512555524 -4 0
4.130653266324484 -4 0
4.160804020093444 -4 0
4.190954773862404 -4 0
4.221105527631363 -4 0
4.251256281400323 -4 0
4.281407035169283 -4 0
4.311557788938243 -4 0
4.341708542707203 -4 0
4.371859296476163 -4 0
4.402010050245123 -4 0
4.432160804014083 -4 0
4.462311557783043 -4 0
4.492462311552003 -4 0
4.522613065320963 -4 0
4.552763819089923 -4 0
4.582914572858883 -4 0
4.613065326627843 -4 0
4.643216080396803 -4 0
4.673366834165763 -4 0
4.703517587934722 -4 0
4.733668341703682 -4 0
4.763819095472643 -4 0
4.793969849241602 -4 0
4.824120603010563 -4 0
4.854271356779523 -4 0
4.884422110548481 -4 0
4.914572864317442 -4 0
4.944723618086402 -4 0
4.974874371855362 -4 0
5.005025125624322 -4 0
5.035175879393282 -4 0
5.065326633162242 -4 0
5.095477386931202 -4 0
5.125628140700162 -4 0
5.155778894469122 -4 0
5.185929648238082 -4 0
5.216080402007042 -4 0
5.246231155776002 -4 0
5.276381909544962 -4 0
5.306532663313922 -4 0
5.336683417082881 -4 0
5.366834170851841 -4 0
5.396984924620801 -4 0
5.427135678389761 -4 0
5.457286432158721 -4 0
5.487437185927682 -4 0
5.517587939696641 -4 0
5.547738693465601 -4 0
5.577889447234561 -4 0
5.60804020100352 -4 0
5.638190954772481 -4 0
5.668341708541441 -4 0
5.698492462310401 -4 0
5.728643216079361 -4 0
5.758793969848321 -4 0
5.788944723617281 -4 0
5.819095477386241 -4 0
5.849246231155201 -4 0
5.87939698492416 -4 0
5.909547738693121 -4 0
5.939698492462081 -4 0
5.969849246231041 -4 0
1 230 0 23
658
659
660
661
662
663
664
665
666
667
668
669
670
671
672
673
674
675
676
677
678
679
680
6 4.179767208112012 0
6 4.36852277390298 0
6 4.566716117133996 0
6 4.774819130101831 0
6 4.99332729355816 0
6 5.222760863955797 0
6 5.463666112890729 0
6 5.716616625366742 0
6 5.982214665051738 0
6 6.261092605347043 0
6 6.55391444061843 0
6 6.861377366370492 0
6 7.184213439156551 0
6 7.523191318008385 0
6 7.87911809004328 0
6 8.252841200115018 0
6 8.645250466340167 0
6 9.057280194058389 0
6 9.489911409800653 0
6 9.944174186567212 0
6 10.42115010018961 0
6 10.9219748099774 0
6 11.44784075666442 0
1 231 0 23
681
682
683
684
685
686
687
688
689
690
691
692
693
694
695
696
697
698
699
700
701
702
703
6 -4.179767208112012 0
6 -4.36852277390298 0
6 -4.566716117133996 0
6 -4.774819130101831 0
6 -4.99332729355816 0
6 -5.222760863955797 0
6 -5.463666112890729 0
6 -5.716616625366742 0
6 -5.982214665051738 0
6 -6.261092605347043 0
6 -6.55391444061843 0
6 -6.861377366370492 0
6 -7.184213439156551 0
6 -7.523191318008385 0
6 -7.87911809004328 0
6 -8.252841200115018 0
6 -8.645250466340167 0
6 -9.057280194058389 0
6 -9.489911409800653 0
6 -9.944174186567212 0
6 -10.42115010018961 0
6 -10.9219748099774 0
6 -11.44784075666442 0
1 232 0 25
704
705
706
707
708
709
710
711
712
713
714
715
716
717
718
719
720
721
722
723
724
725
726
727
728
0.1173859245869856 4.156514566115981 0
0.2406411445309368 4.320854859374583 0
0.3700591253193157 4.493412167092421 0
0.5059480051284885 4.674597340171318 0
0.6486313297589854 4.864841773011981 0
0.7984488211168141 5.064598428155752 0
0.9557571860690152 5.274342914758687 0
1.120930968683646 5.494574624911528 0
1.29436344016887 5.72581792022516 0
1.476467535593023 5.968623380790697 0
1.667676837316131 6.223569116421508 0
1.868446603325354 6.491262137767139 0
2.079254858103389 6.772339810804519 0
2.30060352639558 7.06747136852744 0
2.533019628098652 7.377359504131535 0
2.777056534136086 7.702742045514782 0
3.033295284305561 8.044393712407414 0
3.302345971775144 8.40312796236686 0
3.58484919373681 8.779798924982414 0
3.881477577580745 9.175303436774326 0
4.192937381140426 9.590583174853901 0
4.519970174402912 10.02662689920388 0
4.863354606715101 10.48447280895347 0
5.22390826108914 10.96521101478552 0
5.602489598050737 11.46998613073432 0
1 233 0 25
729
730
731
732
733
734
735
736
737
738
739
740
741
742
743
744
745
746
747
748
749
750
751
752
753
0.1173859245869856 -4.156514566115981 0
0.2406411445309368 -4.320854859374583 0
0.3700591253193157 -4.493412167092421 0
0.5059480051284885 -4.674597340171318 0
0.6486313297589854 -4.864841773011981 0
0.7984488211168141 -5.064598428155752 0
0.9557571860690152 -5.274342914758687 0
1.120930968683646 -5.494574624911528 0
1.29436344016887 -5.72581792022516 0
1.476467535593023 -5.968623380790697 0
1.667676837316131 -6.223569116421508 0
1.868446603325354 -6.491262137767139 0
2.079254858103389 -6.772339810804519 0
2.30060352639558 -7.06747136852744 0
2.533019628098652 -7.377359504131535 0
2.777056534136086 -7.702742045514782 0
3.033295284305561 -8.044393712407414 0
3.302345971775144 -8.40312796236686 0
3.58484919373681 -8.779798924982414 0
3.881477577580745 -9.175303436774326 0
4.192937381140426 -9.590583174853901 0
4.519970174402912 -10.02662689920388 0
4.863354606715101 -10.48447280895347 0
5.22390826108914 -10.96521101478552 0
5.602489598050737 -11.46998613073432 0
2 1 0 0
2 2 0 0
2 5 0 0
2 6 0 0
2 7 0 1443
754
755
756
757
758
759
760
761
762
763
764
765
766
767
768
769
770
771
772
773
774
775
776
777
778
779
780
781
782
783
784
785
786
787
788
789
790
791
792
793
794
795
796
797
798
799
800
801
802
803
804
805
806
807
808
809
810
811
812
813
814
815
816
817
818
819
820
821
822
823
824
825
826
827
828
829
830
831
832
833
834
835
836
837
838
839
840
841
842
843
844
845
846
847
848
849
850
851
852
853
854
855
856
857
858
859
860
861
862
863
864
865
866
867
868
869
870
871
872
873
874
875
876
877
878
879
880
881
882
883
884
885
886
887
888
889
890
891
892
893
894
895
896
897
898
899
900
901
902
903
904
905
906
907
908
909
910
911
912
913
914
915
916
917
918
919
920
921
922
923
924
925
926
927
928
929
930
931
932
933
934
935
936
937
938
939
940
941
942
943
944
945
946
947
948
949
950
951
952
953
954
955
956
957
958
959
960
961
962
963
964
965
966
967
968
969
970
971
972
973
974
975
976
977
978
979
980
981
982
983
984
985
986
987
988
989
990
991
992
993
994
995
996
997
998
999
1000
1001
1002
1003
1004
1005
1006
1007
1008
1009
1010
1011
1012
1013
1014
1015
1016
1017
1018
1019
1020
1021
1022
1023
1024
1025
1026
1027
1028
1029
1030
1031
1032
1033
1034
1035
1036
1037
1038
1039
1040
1041
1042
1043
1044
1045
1046
1047
1048
1049
1050
1051
1052
1053
1054
1055
1056
1057
1058
1059
1060
1061
1062
1063
1064
1065
1066
1067
1068
1069
1070
1071
1072
1073
1074
1075
1076
1077
1078
1079
1080
1081
1082
1083
1084
1085
1086
1087
1088
1089
1090
1091
1092
1093
1094
1095
1096
1097
1098
1099
1100
1101
1102
1103
1104
1105
1106
1107
1108
1109
1110
1111
1112
1113
1114
1115
1116
1117
1118
1119
1120
1121
1122
1123
1124
1125
1126
1127
1128
1129
1130
1131
1132
1133
1134
1135
1136
1137
1138
1139
1140
1141
1142
1143
1144
1145
1146
1147
1148
1149
1150
1151
1152
1153
1154
1155
1156
1157
1158
1159
1160
1161
1162
1163
1164
1165
1166
1167
1168
1169
1170
1171
1172
1173
1174
1175
1176
1177
1178
1179
1180
1181
1182
1183
1184
1185
1186
1187
1188
1189
1190
1191
1192
1193
1194
1195
1196
1197
1198
1199
1200
1201
1202
1203
1204
1205
1206
1207
1208
1209
1210
1211
1212
1213
1214
1215
1216
1217
1218
1219
1220
1221
1222
1223
1224
1225
1226
1227
1228
1229
1230
1231
1232
1233
1234
1235
1236
1237
1238
1239
1240
1241
1242
1243
1244
1245
1246
1247
1248
1249
1250
1251
1252
1253
1254
1255
1256
1257
1258
1259
1260
1261
1262
1263
1264
1265
1266
1267
1268
1269
1270
1271
1272
1273
1274
1275
1276
1277
1278
1279
1280
1281
1282
1283
1284
1285
1286
1287
1288
1289
1290
1291
1292
1293
1294
1295
1296
1297
1298
1299
1300
1301
1302
1303
1304
1305
1306
1307
1308
1309
1310
1311
1312
1313
1314
1315
1316
1317
1318
1319
1320
1321
1322
1323
1324
1325
1326
1327
1328
1329
1330
1331
1332
1333
1334
1335
1336
1337
1338
1339
1340
1341
1342
1343
1344
1345
1346
1347
1348
1349
1350
1351
1352
1353
1354
1355
1356
1357
1358
1359
1360
1361
1362
1363
1364
1365
1366
1367
1368
1369
1370
1371
1372
1373
1374
1375
1376
1377
1378
1379
1380
1381
1382
1383
1384
1385
1386
1387
1388
1389
1390
1391
1392
1393
1394
1395
1396
1397
1398
1399
1400
1401
1402
1403
1404
1405
1406
1407
1408
1409
1410
1411
1412
1413
1414
1415
1416
1417
1418
1419
1420
1421
1422
1423
1424
1425
1426
1427
1428
1429
1430
1431
1432
1433
1434
1435
1436
1437
1438
1439
1440
1441
1442
1443
1444
1445
1446
1447
1448
1449
1450
1451
1452
1453
1454
1455
1456
1457
1458
1459
1460
1461
1462
1463
1464
1465
1466
1467
1468
1469
1470
1471
1472
1473
1474
1475
1476
1477
1478
1479
1480
1481
1482
1483
1484
1485
1486
1487
1488
1489
1490
1491
1492
1493
1494
1495
1496
1497
1498
1499
1500
1501
1502
1503
1504
1505
1506
1507
1508
1509
1510
1511
1512
1513
1514
1515
1516
1517
1518
1519
1520
1521
1522
1523
1524
1525
1526
1527
1528
1529
1530
1531
1532
1533
1534
1535
1536
1537
1538
1539
1540
1541
1542
1543
1544
1545
1546
1547
1548
1549
1550
1551
1552
1553
1554
1555
1556
1557
1558
1559
1560
1561
1562
1563
1564
1565
1566
1567
1568
1569
1570
1571
1572
1573
1574
1575
1576
1577
1578
1579
1580
1581
1582
1583
1584
1585
1586
1587
1588
1589
1590
1591
1592
1593
1594
1595
1596
1597
1598
1599
1600
1601
1602
1603
1604
1605
1606
1607
1608
1609
1610
1611
1612
1613
1614
1615
1616
1617
1618
1619
1620
1621
1622
1623
1624
1625
1626
1627
1628
1629
1630
1631
1632
1633
1634
1635
1636
1637
1638
1639
1640
1641
1642
1643
1644
1645
1646
1647
1648
1649
1650
1651
1652
1653
1654
1655
1656
1657
1658
1659
1660
1661
1662
1663
1664
1665
1666
1667
1668
1669
1670
1671
1672
1673
1674
1675
1676
1677
1678
1679
1680
1681
1682
1683
1684
1685
1686
1687
1688
1689
1690
1691
1692
1693
1694
1695
1696
1697
1698
1699
1700
1701
1702
1703
1704
1705
1706
1707
1708
1709
1710
1711
1712
1713
1714
1715
1716
1717
1718
1719
1720
1721
1722
1723
1724
1725
1726
1727
1728
1729
1730
1731
1732
1733
1734
1735
1736
1737
1738
1739
1740
1741
1742
1743
1744
1745
1746
1747
1748
1749
1750
1751
1752
1753
1754
1755
1756
1757
1758
1759
1760
1761
1762
1763
1764
1765
1766
1767
1768
1769
1770
1771
1772
1773
1774
1775
1776
1777
1778
1779
1780
1781
1782
1783
1784
1785
1786
1787
1788
1789
1790
1791
1792
1793
1794
1795
1796
1797
1798
1799
1800
1801
1802
1803
1804
1805
1806
1807
1808
1809
1810
1811
1812
1813
1814
1815
1816
1817
1818
1819
1820
1821
1822
1823
1824
1825
1826
1827
1828
1829
1830
1831
1832
1833
1834
1835
1836
1837
1838
1839
1840
1841
1842
1843
1844
1845
1846
1847
1848
1849
1850
1851
1852
1853
1854
1855
1856
1857
1858
1859
1860
1861
1862
1863
1864
1865
1866
1867
1868
1869
1870
1871
1872
1873
1874
1875
1876
1877
1878
1879
1880
1881
1882
1883
1884
1885
1886
1887
1888
1889
1890
1891
1892
1893
1894
1895
1896
1897
1898
1899
1900
1901
1902
1903
1904
1905
1906
1907
1908
1909
1910
1911
1912
1913
1914
1915
1916
1917
1918
1919
1920
1921
1922
1923
1924
1925
1926
1927
1928
1929
1930
1931
1932
1933
1934
1935
1936
1937
1938
1939
1940
1941
1942
1943
1944
1945
1946
1947
1948
1949
1950
1951
1952
1953
1954
1955
1956
1957
1958
1959
1960
1961
1962
1963
1964
1965
1966
1967
1968
1969
1970
1971
1972
1973
1974
1975
1976
1977
1978
1979
1980
1981
1982
1983
1984
1985
1986
1987
1988
1989
1990
1991
1992
1993
1994
1995
1996
1997
1998
1999
2000
2001
2002
2003
2004
2005
2006
2007
2008
2009
2010
2011
2012
2013
2014
2015
2016
2017
2018
2019
2020
2021
2022
2023
2024
2025
2026
2027
2028
2029
2030
2031
2032
2033
2034
2035
2036
2037
2038
2039
2040
2041
2042
2043
2044
2045
2046
2047
2048
2049
2050
2051
2052
2053
2054
2055
2056
2057
2058
2059
2060
2061
2062
2063
2064
2065
2066
2067
2068
2069
2070
2071
2072
2073
2074
2075
2076
2077
2078
2079
2080
2081
2082
2083
2084
2085
2086
2087
2088
2089
2090
2091
2092
2093
2094
2095
2096
2097
2098
2099
2100
2101
2102
2103
2104
2105
2106
2107
2108
2109
2110
2111
2112
2113
2114
2115
2116
2117
2118
2119
2120
2121
2122
2123
2124
2125
2126
2127
2128
2129
2130
2131
2132
2133
2134
2135
2136
2137
2138
2139
2140
2141
2142
2143
2144
2145
2146
2147
2148
2149
2150
2151
2152
2153
2154
2155
2156
2157
2158
2159
2160
2161
2162
2163
2164
2165
2166
2167
2168
2169
2170
2171
2172
2173
2174
2175
2176
2177
2178
2179
2180
2181
2182
2183
2184
2185
2186
2187
2188
2189
2190
2191
2192
2193
2194
2195
2196
4.019353496635222 4.033606217467444 0
3.731000539093756 4.034244805332199 0
3.443637891330342 4.025704475078443 0
3.179623898377268 4.027069234519524 0
4.288803146882439 4.02838651924605 0
2.89974523863491 4.023883010285206 0
4.561675668253141 4.020710575238982 0
2.665377993904061 4.027910257936254 0
2.443405984026652 4.028150701923942 0
4.818235361935723 4.022790785940447 0
2.214330520227753 4.028753307152344 0
2.002764015190331 4.02843364452274 0
5.029444927389688 4.036003496723659 0
1.806785118941516 4.028323662872973 0
1.622943456913764 4.030128908605855 0
1.433948632801743 4.024896609517755 0
5.201913574179664 4.020031663869791 0
3.87951951631793 4.026709487286284 0
1.290793069237214 4.026210336127919 0
1.124323906704963 4.024750735663155 0
5.352822051839931 4.031959322078227 0
0.973706955070223 4.025180351260405 0
5.501181493778933 4.027129724671802 0
5.797334624130064 5.901856828920261 0
3.614302041691018 4.027583935226995 0
3.337845358797506 4.032576296282855 0
4.145409125628505 4.024272221675551 0
3.063471502361354 4.031992456113898 0
4.414470007153877 4.026897005911568 0
2.796073094477826 4.020583175510087 0
2.553590293708717 4.031957828968616 0
4.681705596434686 4.020602305524728 0
0.857116791323828 4.028092164111468 0
0.7234196010698742 4.025703623623162 0
0.6094976500051844 4.023205338947347 0
5.620156135699395 4.023088671547741 0
2.503123967972976 6.767226813454188 0
5.779314893089122 5.214032956224332 0
5.795815703123337 6.782335951113108 0
1.821986296201065 6.024287183081888 0
2.34332790672225 4.020710062373316 0
2.135895878075781 4.026271755000238 0
4.89629792408246 4.030286610893745 0
1.919158787637715 4.028555113372116 0
1.698212989483277 4.025747997871731 0
1.522811494798344 4.035657227303754 0
5.123024523048873 4.033025563089788 0
0.5196026445661505 4.020989022830633 0
0.4462871628251975 4.023897073733433 0
5.729090080554691 4.029655380042676 0
5.81048692306663 4.03775422338763 0
0.3576351791897108 4.042626250699085 0
1.165376383754041 5.203618026863412 0
3.211585053564851 7.759526480148642 0
5.637358607251243 7.651017961897608 0
0.9063912870757465 4.846079354629063 0
5.842572916317179 4.448332843487227 0
3.844408778347013 8.269720831927652 0
5.728973686300908 8.379146022232547 0
3.973229245543592 4.022741801920716 0
4.085662971635943 4.028297754543348 0
4.200715194450685 4.027970204487965 0
3.118268898809447 4.02165745887941 0
3.006293878617193 4.030094994490081 0
4.344844612169116 4.030842306686131 0
2.850086508172668 4.039781005407076 0
2.727153727685244 4.022050654605414 0
2.603798039638122 4.029803005227306 0
4.47066644217907 4.023628397842855 0
2.499556082969178 4.025306489923433 0
2.267799619074669 4.023998212985631 0
4.629857761286952 4.035355687615441 0
2.067742652844575 4.030135122175794 0
4.760283713640241 4.030785944086922 0
1.866265289128997 4.023345128479472 0
4.955559832636558 4.024217012566981 0
1.383922490542913 4.026900355377023 0
1.23264779273701 4.027822302881874 0
5.253460047136295 4.029060280977475 0
1.064379408972294 4.031011001181476 0
0.9162295614187694 4.027751814874829 0
5.412162752274332 4.03863709270414 0
0.8027540853685985 4.040545039402191 0
0.672424986256599 4.02366080512972 0
5.544737590557034 4.031589598287471 0
0.2665618544216756 4.036367604131728 0
0.5518597397337816 4.438716264951226 0
0.2298945061244732 4.030005768561316 0
5.871401479397682 4.034611875667247 0
0.165293188341561 4.030848211509771 0
5.926814821704191 4.036060576682739 0
4.385876399194361 9.152379592515167 0
5.60886474533388 9.145164829287431 0
5.848205676009166 4.07694643474461 0
0.2585794099119965 4.085763481973125 0
5.766281625623568 4.071128693309737 0
5.804946788536657 4.123488011790549 0
5.748081381312068 4.159038175496031 0
5.771463633496299 4.230437910148809 0
5.678078155956815 4.215833345478639 0
5.650274221395031 4.135809720826892 0
5.604017696297115 4.223613200306779 0
5.564840048279889 4.157941330023061 0
5.516427889861354 4.215206477969372 0
5.561154583349341 4.29700811523645 0
5.447400725954961 4.287566379305964 0
5.516242538067339 4.400749151738672 0
5.401210104092464 4.382871017852136 0
5.479350885700401 4.501897681645753 0
5.384445713281569 4.488661651302651 0
5.292923555827016 4.407499904035458 0
5.268886195738443 4.509901986758489 0
5.345854512939632 4.598036018434549 0
5.19179608468656 4.609300261308386 0
5.261929274022413 4.684152870244473 0
5.12265958844978 4.695790267878517 0
5.191967888589181 4.761109119261282 0
5.054129849179821 4.789660589870541 0
4.972446695432633 4.693890733710135 0
4.899224651318758 4.807049899321481 0
4.973418168684448 4.899278224759044 0
4.782899336932249 4.863034118085667 0
4.854527987357276 5.008483384832799 0
4.716640921798608 4.987871040974924 0
4.772836425109871 5.160828109188182 0
4.616521173186628 5.100066751074873 0
4.595208426819902 4.94009388450655 0
4.445287590361095 5.082449796748569 0
4.557323071178518 5.25380681737308 0
4.415779208997952 5.209762610063404 0
4.509127099491753 5.383009886857886 0
4.317114553726812 5.05289585314644 0
4.253075502116124 5.174563124617253 0
4.190417070290406 5.047865451257199 0
4.11016262444017 5.210222260409613 0
4.03882348977671 5.061773539314729 0
3.961039032220596 5.19520508276107 0
3.8596501213957 4.97831941839589 0
3.789091054330544 5.144188750665522 0
3.800838305135426 5.322900494923519 0
3.694402314131955 4.996244026132702 0
3.624775375222077 5.168154297770617 0
3.565853352857431 5.039729075098889 0
3.409504977025311 5.115522735769034 0
3.348331551183773 4.940310875937906 0
3.251987545400388 5.07662031105571 0
3.201307295317102 4.897246037599161 0
3.312337346981904 5.250187787858147 0
4.858571775339152 4.704773608380674 0
4.070243840251006 4.929315576909847 0
3.147026491558758 5.023376329079672 0
3.045687587393187 4.922404115808407 0
3.667459819381424 4.884108751683432 0
2.950121958378876 5.049022465746953 0
2.923697291031634 4.856758036627708 0
3.166460167910061 4.780502542005444 0
2.841588291025551 4.965119442872703 0
2.738559944874265 4.88446324473114 0
2.858521391300814 5.161460532206198 0
2.647306614664107 4.974324132114542 0
2.641277167223382 4.80523990267969 0
2.535322246196506 4.897410041396774 0
2.483238955854005 4.8040623918447 0
2.715365453230734 4.724268419434953 0
2.408597795412134 4.911505631213957 0
2.371249313532519 4.801448514118809 0
2.403627154319604 4.678473531775381 0
2.300889872515273 4.640219306026438 0
2.232166614571471 4.733259082050702 0
2.197983220568105 4.616518933460983 0
2.430909718728891 4.574275358311464 0
4.944788133000501 4.575121205270669 0
4.829806081069377 4.59958311443926 0
2.081102815561819 4.73710779163217 0
2.083506239435091 4.5898346054012 0
5.212715788777141 4.395926632300166 0
2.445191980359506 5.021711810214392 0
2.134666177703467 4.518724700426963 0
2.033248192377889 4.503096151674598 0
1.967114972626298 4.608676599051058 0
1.918905920677112 4.482363801560335 0
1.816018020715589 4.577064611316497 0
1.782645339265701 4.440933501085811 0
1.724966261935931 4.53038282550875 0
4.852563631990533 4.498299198538423 0
4.775129052152457 4.473577028101369 0
4.988362210885614 5.175008563568111 0
1.683926102932485 4.391530003897726 0
1.625160535501055 4.48690364873711 0
1.757825253769343 4.666487695809804 0
2.096029366638795 4.43306280470865 0
4.731241711264091 4.554506199684672 0
4.687814464336526 4.433063200191298 0
4.651748761775154 4.521540278057167 0
4.580861069252578 4.461868965394093 0
4.542259781027632 4.526312738424918 0
4.504580174427202 4.437644693338777 0
4.455203338989087 4.518580927006245 0
4.409282055292192 4.426734450553946 0
4.361370144821218 4.479033092461022 0
4.302703078474447 4.421478149753578 0
4.241652844668977 4.496788615641643 0
4.22073489019993 4.406303981723091 0
4.155690385178016 4.489879086523491 0
4.137893275131139 4.409015715243717 0
4.085076018513202 4.473479020718972 0
4.065916415204485 4.37950047311709 0
4.014236780103363 4.441049741399672 0
3.965752124998784 4.369643248400171 0
3.925905393458863 4.442656713990258 0
3.900619508424276 4.354517266164656 0
3.848367095291878 4.419787331922119 0
3.831727266638875 4.341028203485902 0
3.765798048616177 4.426909696684983 0
3.752835574608119 4.361371700130638 0
3.699559839309345 4.413776770094412 0
3.694667781258663 4.314710289614941 0
3.632366306120864 4.379182742645921 0
3.605816167840552 4.317732882456394 0
3.568226315076765 4.388056474220427 0
3.548282496825207 4.33542911755573 0
3.494217401657915 4.38875514378324 0
3.459527922871374 4.330870744821916 0
3.411323990488548 4.383011900291119 0
3.367571498656657 4.325584937737286 0
3.334595263103367 4.384697676018209 0
3.310360960116592 4.303206764381774 0
3.281087470663685 4.364878138462667 0
3.238131805008226 4.294411318248664 0
3.190515248454124 4.355306427508334 0
3.16424713671471 4.271746533868807 0
3.143742826287745 4.329245292671877 0
3.107227278017912 4.288632020519848 0
3.06330643316697 4.317296736044779 0
3.025982604221702 4.262950785761365 0
2.993942609887711 4.331461548494373 0
4.646942429067513 4.369836429883335 0
4.816370861631035 4.400427941028592 0
4.361602148667242 4.367747479861849 0
1.593703903416136 4.364325631037707 0
1.525065275469116 4.443304601194932 0
4.226246687500438 4.33083530539517 0
2.969677678458591 4.247036721295386 0
2.920537198846519 4.294959220035362 0
3.446416159088088 4.443668547563522 0
2.949578233665634 4.390840696128342 0
2.898729337556435 4.363241455424117 0
2.85977799744301 4.301005730538743 0
2.830686801484831 4.350383134851836 0
2.780365961145993 4.305673354332943 0
2.749116351434493 4.343733774056686 0
2.724259684091009 4.264568415032775 0
4.022927634545074 4.338832213186683 0
3.783242917885894 4.303703828300553 0
1.491566964674639 4.360820037082872 0
1.434706961374306 4.426059836757917 0
1.887496024999817 4.368977434742289 0
3.643157268451685 4.27877245391697 0
3.904098539073839 4.511269025664447 0
2.692553406265118 4.34046183086 0
2.646149372634086 4.280362478904689 0
1.406647999163396 4.344349552279265 0
1.342364883595966 4.404306920524737 0
1.375769174248661 4.47608971532237 0
3.507427571857006 4.282581933325888 0
4.381666279838342 4.594179700022235 0
2.613580739989471 4.317802649642332 0
2.583583716187053 4.249894273396582 0
2.567561295175328 4.310066103795797 0
2.527188894913288 4.23405538129435 0
2.494407124192241 4.294727839693102 0
2.450559291772191 4.23139831274607 0
2.390884086748319 4.264258129096824 0
2.628631048041463 4.359537373408088 0
1.312525415605273 4.300322651274652 0
1.243070900948423 4.388512664904701 0
5.40155618588609 4.679610362306649 0
2.379270020150945 4.204680584417257 0
2.29607009910763 5.014353580383439 0
2.3403686284849 5.157812035090946 0
2.16609690626581 5.132491247597637 0
3.368761360847762 4.257087233296632 0
1.681826039710929 4.309239216760182 0
3.205821885505481 4.235079702291042 0
3.165185738600128 4.42309386972911 0
4.658896710139738 5.424025911026057 0
4.541716734010993 5.543864602799458 0
4.740107889886295 5.661749231850708 0
4.608416027655738 5.774442636971676 0
4.426991990839015 5.722917294584756 0
4.430352026265104 5.951815918361058 0
4.166986494418921 5.954108628737707 0
4.220176542519883 6.167433859584724 0
4.043140550538152 6.125517434511431 0
4.156615406084105 6.354088159082286 0
3.958444624854717 6.28538208552554 0
4.389079739846787 6.398062718532373 0
4.332310320813646 6.610995186284695 0
4.802343960140151 5.820350593911944 0
4.602089701808508 6.696089713622841 0
4.352348375950879 6.842504215605453 0
3.824969152743211 6.106433448224363 0
3.679884515247319 6.257318277492936 0
3.773862576107131 6.478555511011428 0
3.617647377690901 5.972822311326649 0
5.232096734330457 4.31502843688899 0
5.150854840242833 4.318264719336145 0
2.322491667102002 4.257888730206966 0
2.331032704912195 4.201038901961405 0
1.20927059852622 4.291204329315734 0
1.113984776519042 4.357649724844221 0
2.830341872734269 4.25686541861123 0
2.917125067033372 4.46902679667484 0
4.689289218609329 6.91461876114543 0
4.491407960474876 7.110089366036942 0
4.059906446600658 4.537862304145163 0
4.20823871748948 4.587123458649656 0
3.610520045055504 4.455341325908972 0
3.743231495328491 4.491380890448811 0
3.299174695230914 4.418867460761899 0
2.768794867016162 4.390449961777536 0
3.084697097244127 4.241741978804501 0
3.466689166763177 6.205679882087224 0
3.247369432316379 5.97678456197583 0
2.700234460864626 4.208576922391984 0
1.464818930074496 4.270543010720462 0
1.559961003690784 4.578803081392074 0
1.136714721835883 4.261521452774839 0
1.022556323263094 4.33960761846906 0
2.262137363733212 4.245280784688787 0
2.271942485299723 4.183490337595714 0
2.305594353541129 5.320065896917243 0
2.479322868499872 5.352837909460706 0
2.098821485020172 5.291839688092425 0
5.182353979460193 4.248872578873798 0
5.114770656773241 4.238692645364078 0
5.460388658794144 4.222288605943778 0
2.306702701238917 4.318236417383372 0
2.559146996535377 4.189194082484502 0
5.076240424316068 4.298558752454648 0
5.055663083098179 4.23459219231779 0
1.162182622656857 4.493316873496751 0
2.209695440253056 4.231024541955221 0
2.206159561375129 4.175432975358326 0
2.164977304220181 4.229218256283848 0
2.144579068100991 4.178610375634663 0
2.121212246742449 4.224786571990926 0
2.094059517410801 4.152421939008857 0
2.063640332282799 4.198970758362412 0
2.377601002387539 5.506419739611639 0
2.588620016170568 5.540663546239307 0
2.39222909815045 5.731574098753108 0
2.00868221135987 5.112975007226789 0
1.016230902455304 4.237069683183853 0
4.588165386993237 4.60150324217203 0
0.93831350876677 4.309975313894242 0
0.9938775126612983 4.418891463433443 0
3.123976606172643 6.290512178346951 0
3.241435476962132 6.54491747870152 0
2.03278113991131 4.146509114959802 0
2.001608701558517 4.202742373751433 0
4.190151099505941 7.142599265983191 0
1.250109388791203 4.234380543680361 0
1.847760370900672 5.325131273955662 0
1.839905167976649 5.115812477143942 0
2.41898528968823 4.178115295851681 0
4.872871404059279 6.650867178995667 0
4.971666823332972 6.921006150361686 0
4.945643610890676 5.643841090140799 0
4.968827105425592 5.857159365848288 0
5.143810959475538 5.669537581479432 0
1.992297922504337 4.149461494028453 0
1.952065676767074 4.200361541987877 0
0.9273440096858854 4.201001272653587 0
5.169071583646802 4.185785383743155 0
5.218489230704468 4.17346751802774 0
4.137565743225712 5.354831137334362 0
2.497746395356378 4.371918492658283 0
4.443213651715146 7.470296419197593 0
4.772772940554892 7.503601855127152 0
3.462922346452641 5.835388304052141 0
3.274110026452165 5.712628086731251 0
1.940624257778431 4.143449281705357 0
1.893240113049853 4.177973687173638 0
2.297466875831654 4.133982026883922 0
2.524171710215206 4.594385361450249 0
0.8634163369813143 4.256241321498694 0
0.830895376103189 4.173213288551564 0
2.62940368453232 5.722539550244996 0
2.761995306082073 5.576872462113386 0
2.403974026996417 5.943765495022372 0
5.001104974017765 4.305764889144268 0
4.988720920547519 4.24160120255892 0
5.000682495865998 4.178613991103044 0
4.953529672826282 4.174644332100264 0
4.931955633970592 4.220127193198137 0
4.89727224752977 4.179931362549642 0
4.864057258841568 4.218849960549319 0
4.849390529479231 4.155639138737432 0
4.80980627629162 4.211393318383959 0
4.784940581794276 4.161540585724131 0
4.739412746020293 4.194066588686814 0
4.730290382253002 4.142146490611688 0
4.684417885772061 4.195640115127119 0
4.683019305062851 4.144393445667858 0
4.643161921186529 4.177848302390496 0
4.60742156122449 4.145507061840392 0
4.586601780970984 4.181579742863773 0
4.571060985614492 4.137495455047826 0
4.541373353462232 4.172401848582126 0
4.549155576713214 4.231028615244031 0
4.501621671323199 4.223928361318037 0
4.4925396145349 4.159252012820041 0
4.452913348900927 4.198140299403364 0
4.436428256633955 4.146693773066191 0
4.404491680618637 4.194609123379513 0
4.391002152853089 4.150732144971264 0
4.343346376024105 4.171407483134429 0
4.32490365313069 4.125951069077573 0
4.294535488877218 4.181349571151183 0
4.280261420755308 4.133933098917329 0
4.242002974738342 4.187055628992467 0
4.233530315755391 4.138017377090836 0
4.204270240960089 4.177648741619711 0
5.062569957043552 4.371091307749285 0
4.190844453863276 4.14698963438907 0
4.153578228423621 4.166160336409897 0
4.126737350363812 4.13068537491957 0
4.096260181212239 4.155594805818243 0
4.120161718515419 4.186912876104316 0
4.081929633842985 4.190228310619559 0
4.055987385009296 4.12902888080304 0
4.040476424352263 4.179037552071123 0
4.013801266120145 4.127802745461192 0
3.980783731645753 4.160855139966231 0
3.97126596624117 4.1175379469236 0
3.921337962245306 4.144138077862917 0
3.939432990983584 4.205942704558956 0
3.898644013620837 4.18556373603803 0
3.883721337350984 4.127463970395792 0
3.846025428991057 4.158914843362908 0
3.829780582452032 4.111984575502617 0
3.790325833671418 4.154380598175717 0
3.784496403680266 4.024315653490817 0
4.460255143002411 7.793165599593671 0
4.757563659680645 7.768095542220775 0
1.866350276559832 4.121410025108215 0
1.833014424746589 4.185531030474391 0
3.018779580925503 4.489221038400562 0
2.951358946606778 4.56123198372303 0
3.069243695385145 4.581500551486107 0
2.009481515016147 4.263471189990742 0
4.869139695662393 6.050622040950188 0
5.14046686416532 5.995691009710229 0
2.182681163233088 4.130252883615003 0
1.070488393071798 4.159637040621329 0
2.998329674640542 4.634293063575035 0
0.7797546547145209 4.2280845443877 0
3.793972662184671 4.118081903144513 0
3.758858173293615 4.147158639279788 0
4.305087575333213 4.234190779688709 0
4.503622438849584 8.083791854578363 0
0.7378137658039364 4.179793008554021 0
0.6656913969643897 4.222826198139102 0
5.002134647966914 4.126545433513892 0
5.046428377283237 4.123427711205649 0
4.539826780230301 4.284826622077562 0
1.821219134431544 4.127405487025013 0
1.784995568994654 4.158801591862558 0
1.805319123940524 4.227995554709542 0
1.749717260955634 4.116550028436488 0
4.470284478741226 4.118528942959147 0
4.87636620526957 4.108347093729942 0
4.766451116471331 4.26633029354793 0
5.206169525609743 4.12314695625627 0
5.255316051286893 4.120050760340463 0
5.278247058899058 4.168557257944224 0
5.325049045268976 4.129039872444922 0
4.016027839041872 7.428507469296952 0
4.771181263531575 4.117766236986069 0
3.750378742137504 4.109012887179454 0
3.71457385144595 4.14168693706424 0
3.669854162147706 4.021995637824146 0
3.737735855372459 4.169557254744658 0
3.681670186952323 4.16481932765028 0
3.664033990323458 4.125053420797617 0
3.627411791076493 4.144800185861481 0
3.607796965499678 4.102672026333686 0
3.572412306920962 4.134018542453585 0
3.550173952081557 4.031092717723397 0
3.585480774331145 4.176517328740944 0
3.543013249510589 4.163685382221843 0
3.54967932649323 4.107971996660108 0
3.516809225850491 4.134166017298257 0
3.49269039869533 4.095908876849591 0
3.448271052698518 4.122021513624648 0
3.92207565024027 4.24332245023028 0
0.6601516284808332 4.139997587080497 0
0.5748743207256841 4.206791123874077 0
2.183549796402569 4.277168608571109 0
1.951077351126846 4.09465999330061 0
2.062263983406711 4.124952961952878 0
5.047329882625184 7.550171382191265 0
4.648534262710396 4.104385644374389 0
2.209220804357001 4.442191621284831 0
4.223236608734121 4.227441423113721 0
4.362157241767498 4.107816328509394 0
1.666142327051381 5.283562002414596 0
1.613661177186781 5.111037378538433 0
1.747114910473845 5.537009620398736 0
2.92730620677047 6.495516505483288 0
3.050686525499623 6.700186303938885 0
4.666031715258001 4.242123047818011 0
3.818973340263865 4.076955972842224 0
4.866421552841296 8.062990633555174 0
0.8077096192933971 4.33979911199505 0
4.267534179158909 4.089618424016261 0
5.219971194585494 6.697867146310925 0
5.257344128063034 7.098370314019289 0
1.70532968099571 4.097799601218516 0
1.668852604620826 4.135260693287172 0
1.658219222948337 4.092986847095127 0
1.620503583980716 4.123320097030359 0
1.639932482304691 4.190628272748582 0
1.593557812738885 4.161111369092129 0
1.558768537864488 4.116850603764204 0
1.542079214226782 4.165286790916018 0
1.517990510114108 4.101475617310289 0
1.492005908779425 4.14416284289044 0
2.884209841736701 4.609644684361389 0
0.8881661559256006 4.152046668370237 0
1.595133926329788 4.220426509328522 0
1.898973101784037 4.243482054051529 0
4.180139275166937 5.719481578864622 0
5.153387808691506 4.135491670665779 0
3.478063652541696 4.167403718920339 0
3.418284480007105 4.168048226111321 0
3.406676387791439 4.104001592307135 0
3.378296398536634 4.136130035396778 0
3.389553552313012 4.026904403910644 0
3.378160775523932 4.084253826653049 0
3.349071331657346 4.106066405890775 0
4.042154587904126 4.084798120384046 0
2.17341978410865 4.870373162153216 0
1.977875393805929 4.805252411950738 0
5.583443851154295 4.528640432823225 0
2.831220650030653 5.811625794819114 0
0.5999233292103566 4.142134599556945 0
0.5143070394278657 4.164392506198856 0
5.177572147296363 10.00203020731371 0
3.84853585131642 7.116517773505204 0
3.41658629462866 5.548352781365523 0
3.151188311042187 5.564635543328081 0
3.599120431754383 5.655348543479475 0
0.8224546033181148 4.102543758862586 0
1.684265130610971 4.915601974401206 0
1.553151502806281 4.86046727646785 0
4.858337025196136 5.337734336835164 0
5.065617835158332 5.330460772811592 0
5.198772304307949 5.156877739682077 0
5.24407001554403 5.365333869930795 0
5.363303492623887 5.16732538340759 0
5.462688508293207 5.367692579367139 0
1.455822123845547 4.096589238431401 0
1.438833687793281 4.141366326133776 0
3.407488281867967 6.721482291992506 0
3.21561122658761 6.963904782481828 0
5.537706502249856 4.622112197555282 0
4.880546855956148 4.266436567592932 0
1.002231934279093 4.15169458965729 0
1.05314134120808 4.098264042175277 0
1.104011889281665 4.114977125987963 0
4.981152768243583 4.373838788342232 0
2.166883855408216 5.71603860554185 0
4.434600190262762 4.256243316675973 0
3.04532233369738 4.709111330949871 0
3.956804327183042 4.262406502707917 0
4.034450628438309 4.223075400462256 0
4.62136375179324 8.409908284649077 0
1.186717410319726 4.203009565808668 0
1.255220906694652 4.157351977152062 0
1.306872591067636 4.155527292138856 0
1.306673874729618 4.104492280711177 0
1.254426291829311 4.097846638996369 0
5.03121018848249 6.18281439288327 0
5.255822231816312 6.346166668590533 0
5.364849555197479 6.055578932046523 0
5.563020338982046 6.286109545959764 0
5.698368791376935 4.565210952149576 0
5.64722172828759 4.702314263860505 0
3.342059563545029 4.16586619853342 0
3.304101854297236 4.129897852567812 0
3.278265641389213 4.021136973834825 0
3.29806457239424 4.087028035837795 0
3.264944364687652 4.120754492732134 0
3.307916836539296 4.196339031190864 0
4.595141621854731 4.278637656421003 0
3.137916648451486 4.533305924787902 0
3.1863736395826 4.595544061630243 0
4.16662980990434 4.100380193624757 0
5.181115327864733 4.084701541945817 0
5.13928183121716 4.086655204039091 0
2.451946599510436 4.473750023904595 0
2.37923111762281 4.469248965172147 0
2.548316678822185 4.500286588937065 0
2.607213244072214 4.57192254122627 0
2.669676719113443 4.52301590337897 0
1.003455892019289 4.101369348869124 0
4.124321903678227 4.077041027027394 0
3.260454557375757 4.092113679646963 0
3.213667380437713 4.099627908148221 0
3.239195096602445 4.140328742946733 0
3.175771268622734 4.127407338104496 0
1.463123010495414 4.982664365444796 0
1.398174154711541 4.823936930581029 0
1.245721508035093 4.929423879314363 0
1.181817884732636 4.792145464523537 0
1.416588058849014 4.085724143280999 0
4.553482492820851 4.327326082023433 0
4.489022800811843 4.31437477800493 0
5.027301378959668 4.089582609043531 0
4.972848917067551 4.093540030289644 0
3.219679800364257 4.060402542425988 0
3.252285475081867 4.544659759739925 0
3.255530261340968 4.629539312876981 0
3.330752826206925 4.533333346022797 0
3.351019832566333 4.641791226654783 0
3.294311722338087 4.735223738297311 0
3.431389143975638 4.744014773135305 0
3.528230480175589 4.643811839524011 0
5.023532287800218 4.453994031708063 0
5.110641171705046 4.453982136451422 0
3.423178003780606 4.216394013312004 0
1.404325216618902 4.246548549900695 0
0.7513775797856731 4.102359455882195 0
1.552029507650413 5.420336691827354 0
4.992089184969666 8.555876952099302 0
3.510929739452456 5.418483943815988 0
3.828083521085845 4.214219709161395 0
1.749717652447655 4.06688032042803 0
1.813892347034595 4.364300475952447 0
5.226764122129161 5.006483268130977 0
5.40734516923873 4.987966874055413 0
0.5123668072816154 4.301259472324868 0
0.476799548531924 4.113125572223143 0
0.4249914842813123 4.14010706371416 0
5.321648549135634 4.318273224548173 0
3.198826030376968 4.172199312457213 0
3.143230798805888 4.160194652807141 0
3.147006052935958 4.094588500171271 0
3.116607591822738 4.124306667150631 0
3.105340635249314 4.090166139768083 0
3.071101705694103 4.092130758034457 0
3.074867670954343 4.137730449460878 0
3.029450704680949 4.128822232455293 0
3.018066503728126 4.164145756782831 0
2.978935373484827 4.154985823175782 0
2.984204940776282 4.103885537220921 0
2.928487681887435 4.116928139009209 0
2.942359348512865 4.15921115495159 0
2.893292026808256 4.140662737556269 0
2.895534052903586 4.088695903455866 0
2.872232131215369 4.114535089348784 0
2.85917338311989 4.147375045753132 0
2.824045267107719 4.138628239850143 0
2.838740658802151 4.093289660446995 0
2.795711921596218 4.089740632218739 0
2.785140413509575 4.129384991646668 0
2.745158796017214 4.12287098469626 0
1.851663208760138 4.084197005559167 0
1.903039634814814 4.097383400617726 0
5.360118637400135 4.172562579919952 0
5.376377436402779 4.12701445109197 0
1.199321486570455 4.149251090629105 0
1.204303583209009 4.100460784919755 0
3.649962367241049 4.089128450631952 0
4.91781885414788 4.127039927176932 0
4.905998710725959 4.079424303343614 0
4.865343596391305 4.075154067863156 0
4.81396948232963 4.132256564827542 0
4.795390409953516 4.08229092701808 0
0.1017360293194226 4.032382953778084 0
2.027002696225608 4.102294070904372 0
1.344758584692687 4.132206568930622 0
2.754497233658294 4.075209733887793 0
2.71432685686397 4.077456165575694 0
2.701003937968238 4.115624849173551 0
2.672128606001016 4.091347674945913 0
2.660981261828607 4.119792887426065 0
2.629214083363957 4.103774116416501 0
0.792575180742052 4.732414492897369 0
0.9274997918714597 4.633799661357121 0
3.531023498375722 4.078261183427948 0
3.489866445480432 4.059129537202127 0
3.671514653762063 7.292173368628966 0
3.760145121070007 7.652839350554212 0
2.14710038098307 4.127221233370089 0
2.181420962513857 4.098754183838359 0
2.213377900720527 4.100255525440801 0
2.119296998252799 4.079665666250346 0
5.286471962306689 4.091904737423103 0
5.217194327486352 4.083220877692969 0
3.42536577494474 4.072976226863512 0
1.336657157029343 4.078475658283849 0
2.376665378587494 4.159625794996989 0
2.416464809066689 4.128483110867172 0
2.4619681040671 4.147615543281882 0
2.347690118429296 4.113918276157922 0
2.384662316108162 4.087281624177486 0
2.456153016959796 4.097625284888184 0
2.496759769415967 4.097707609151134 0
2.509152008693605 4.140354346849527 0
2.53519286928325 4.093435241643856 0
2.60830576330644 4.142309202630351 0
5.779265692941302 4.333524346400157 0
1.996101926311031 4.394125327587702 0
1.565391797539626 4.068960856941882 0
1.593768678039362 4.099322526413552 0
5.061320555987943 4.627463962968638 0
2.252704749442992 4.132572772826419 0
2.283185089514902 4.091104599483494 0
2.32331965041892 4.071823393548932 0
2.856274394626145 6.83111565820321 0
3.787086084075185 4.084395115914107 0
4.28718223096592 8.400257879598 0
2.773759391674009 4.214785297936424 0
4.712235800784717 4.100751261227781 0
4.75119019284717 4.370613785052831 0
2.071139594847869 4.333902322574737 0
4.416879897490514 4.110245252328853 0
4.442205999948894 4.087251225327938 0
4.486219612914811 4.082616381193426 0
4.393066502933234 4.078444147368392 0
3.578622274762138 4.282087627751864 0
1.790828299589721 4.095634126061208 0
4.311504124849575 4.091931324632139 0
4.220563497460993 4.096624856018006 0
4.244791879059552 4.055457237184343 0
3.746164908326179 4.282337642253373 0
4.146037018307732 4.32410086695852 0
3.454054605046651 4.082985834955275 0
4.293320437150162 4.345570700416796 0
5.777202815617302 4.723368836955633 0
5.641116040661325 4.860904495118047 0
4.677781062900078 6.192273108538644 0
4.747417780640977 4.081958751918882 0
2.876256068072479 6.12705437890355 0
2.716294630259076 6.369734771078676 0
4.863128623167072 8.881155826907593 0
2.054424515324607 4.067344699242261 0
4.256876352269014 4.283388627995033 0
5.605201466709979 4.101081853818634 0
5.533421972771212 4.090225756059145 0
5.502510431313586 4.145773158307469 0
5.478604136171276 4.100985562141155 0
5.668919754492816 4.079534614528604 0
2.938227972165647 7.082535206426373 0
2.641854497126846 4.067631536193235 0
2.596748496802322 4.083836003534158 0
4.682130952847717 4.082219502097102 0
5.118155788834358 4.191294571946186 0
1.378197189553607 4.163024574536667 0
4.600981533792582 4.093549656672204 0
4.559176310830396 4.096357313718141 0
4.000152206617996 4.094893463081379 0
3.969735772496021 4.074909753830261 0
3.574582604313893 4.084696022408021 0
4.097412168381411 4.100275103337192 0
2.82668324987823 4.770113992552856 0
3.702061959678716 4.101635839820901 0
4.185141247043979 4.268535024200653 0
4.111481799838035 4.274761652692979 0
3.861942692991224 4.100712621639331 0
3.895213644504181 4.095770538446726 0
1.114764511438463 4.069318318793812 0
2.89350714574771 4.238797283041514 0
2.207649446954079 4.527068328050957 0
3.960949411129306 4.876188968220236 0
4.018708292740785 4.788697685818973 0
4.148923398350571 4.812847803721118 0
3.928501348812751 4.726925984552116 0
4.083667358192644 4.702502001654771 0
4.222925097270085 4.711058965704604 0
4.278355192046159 4.794056392145798 0
3.77784581994046 4.85364543603515 0
3.738337201626396 4.754672654211017 0
4.358575499338083 4.728671677843862 0
4.447793302953567 4.814028301576698 0
4.488370758394906 4.707337858396634 0
4.563277777697761 4.821837091930984 0
5.430101823302881 4.138398670566915 0
3.860368905349623 4.281192778848395 0
5.328753059509807 4.080036958154144 0
3.137513883056877 4.215186438379177 0
3.706708743061967 4.199680883552227 0
5.474859809015465 10.41942780934017 0
1.996632820622221 4.071050856758949 0
4.340677704436505 4.076565680350466 0
2.526759549281471 4.059467154124587 0
0.3163591459214716 4.077724131118552 0
0.3876076750684965 4.078032034169857 0
4.533306788306373 4.129912088207383 0
3.888524870839809 4.063265247016315 0
1.557494454843426 5.649544088166565 0
3.613015719343512 4.058285417322223 0
3.624319199664229 4.752375793192474 0
3.627341327496271 4.618147832808793 0
5.353186562953475 4.884163280551179 0
3.744252514039054 4.065755763223371 0
3.743463875199768 5.809927674571637 0
3.803554925727534 5.645760299710076 0
0.2646090552683099 4.156116434377944 0
5.499404331440807 4.856392352419332 0
3.032045283258698 4.08595366936926 0
4.702669058075871 4.318865475920648 0
4.002113388363647 4.666013945306156 0
3.887906763264176 4.647435418934009 0
5.087180297250077 4.099092906218457 0
2.720608786657524 4.590913925383958 0
2.766222711373679 4.538142440075922 0
0.8628766324364225 4.500920328966676 0
4.764146932202308 9.64543294375237 0
4.642523491912995 4.065323715253696 0
5.377495354005893 4.075841365262989 0
5.312393993945983 4.039549055759816 0
2.240579584836888 6.526569906886926 0
2.002464215278327 6.182101796611353 0
3.139676777312931 4.058772883120118 0
3.180132845552365 4.07672079841124 0
4.466125331680158 4.954471897888157 0
4.663838928406905 4.834509882837231 0
4.675068842127961 4.733768366947722 0
3.297732254426971 4.05511424792647 0
3.331225750158453 4.075977998757814 0
5.615315270934905 5.049740974342828 0
0.6292342898861942 4.090143468037731 0
0.5828354566025766 4.07227956521664 0
3.923753613899089 5.880412161811472 0
0.8751796922271857 4.101852144656104 0
0.9178045618077606 4.088947368548837 0
5.325939890613904 4.214724620523937 0
4.074735804757458 4.070150637481438 0
5.81416504633366 5.382684541890596 0
5.791569944286343 5.661929562752495 0
5.623289820028239 5.699356455410136 0
5.904842909999267 4.103578371237592 0
1.425358084390638 4.189107073546696 0
1.727291522651103 4.776104435817905 0
5.14855645275251 4.052008957846065 0
5.220634502978313 8.997984697711718 0
1.074446855575831 5.008458987761772 0
2.435713677336917 4.3894389063385 0
3.360635997400385 4.056011097161353 0
4.612700376041477 4.062192868549085 0
2.555489866330187 4.135088720646085 0
4.29407342917509 4.066450111454587 0
2.87087588291591 4.066361026964345 0
1.297672071160918 4.71624677613031 0
1.119263189228213 4.668711462261776 0
1.488363247098643 4.683592123916477 0
2.639500622849907 4.215705485811024 0
2.945385035467468 4.075089814487872 0
3.100266548024861 4.464994974990936 0
1.034199681751359 4.059081650119437 0
1.490088228414468 4.069749801163474 0
3.002606374497726 5.907943773325552 0
5.726682930346125 6.101891514424452 0
0.1987807333423517 4.069356278089324 0
5.724421054926088 7.413408188966378 0
5.334598894431649 7.502689820089811 0
5.364341854651045 7.851827209696132 0
1.856971250813698 4.8013466341896 0
2.624430509217624 5.400722519821572 0
2.827202821796552 5.40282079400374 0
4.192181677195832 4.938903592925569 0
1.943361186763035 4.324596734401871 0
3.474338324121933 7.931807456615153 0
1.684123467116609 4.236026299206103 0
5.692583657576963 7.075344816382849 0
3.852456979551814 4.069014594221701 0
3.808695168032429 4.048952423525376 0
3.918764803230508 4.027527437098971 0
1.940081460231031 4.061043212565401 0
4.770353116654587 4.733618660385683 0
2.538450408307405 4.709918446256655 0
3.544268937000548 4.536518003096498 0
3.071263506665809 4.059911609182977 0
1.531037959277637 4.301648510745697 0
3.556978482122148 4.234985217442837 0
5.59284794601985 9.790885572642141 0
4.76101183505067 4.659286903710445 0
5.349194767864792 9.510557553344141 0
3.492906154741672 7.108669216578009 0
1.974527347745839 4.039376866655132 0
2.491739029129171 4.197797875381605 0
5.617172143745385 5.314074002442368 0
2.557820230232848 4.058462700910743 0
5.055289670656328 4.0655981121916 0
5.313653311250804 5.577437982621588 0
4.339109695332606 5.523620990078804 0
2.738610390361042 4.164192865480898 0
1.9741256866015 4.70307778254002 0
2.812502258468664 4.178479239162296 0
4.788252688948607 4.328622277428829 0
2.526100369776525 5.211088984875267 0
4.359462007593223 4.296285975108058 0
4.063303074717975 6.905501157342317 0
5.779746473466022 6.426800383410088 0
2.904025550620136 4.173173532409814 0
2.19287972719976 4.066844856087823 0
2.228288130740827 4.05884854098208 0
2.156577841109472 4.059360912778631 0
2.989905309552435 4.059401557282984 0
2.96228445336124 4.046631654858771 0
0.9458416533288174 4.139517702188329 0
2.991036418863934 4.19952092161355 0
1.816029824825753 5.725720480200481 0
0.6911469262655475 4.094771523076556 0
2.912328312755601 5.649648688673426 0
1.843972425350395 4.946645211236566 0
2.021121072970102 4.948937063347038 0
1.675496024120224 4.066268800255399 0
1.644273415601951 4.053352946113219 0
3.962124584085024 4.317652798380391 0
5.083683711980307 4.976163131818333 0
5.69289086383627 5.463324097721341 0
1.40399713303743 5.250930197535822 0
2.146934471401733 4.337923590002672 0
4.843513215538908 7.226898407229386 0
3.438836860972098 4.569077091502353 0
1.306093588968408 4.065011092168167 0
1.850314792484969 4.298849025082097 0
2.704846329869277 5.247627565507294 0
2.220864163333122 4.36595831891866 0
2.287028380968134 4.442384966283523 0
3.69701191245432 4.029214515711728 0
3.716496383016355 4.066364638540128 0
5.268573109210426 5.839512632594752 0
3.585124949429839 4.029267029729716 0
3.836761674703193 4.033735479949669 0
3.996877623294115 4.026974705557448 0
3.473598632777289 4.030622960829919 0
3.306039424999843 4.026902675313266 0
5.614694746147066 8.109697205834964 0
4.058474192395973 4.039589938074911 0
4.03377016610885 4.054333060028232 0
4.110470389028506 4.020267573007819 0
3.757381495468477 4.028311964449447 0
3.63572822189144 4.025745897229442 0
3.503907388383618 4.022480848031114 0
3.370854496955014 4.025626381352324 0
3.420553303026361 4.032198904744811 0
3.204883254776091 4.030661861510104 0
3.145983516140268 4.030823872811144 0
4.168638387003057 4.026628297367417 0
3.23490740457654 4.022158511685124 0
3.085956527754887 4.025196877915369 0
4.23201131410828 4.027307831154301 0
4.263694392831725 4.027031918938078 0
5.877974822033311 4.295066698180499 0
2.680142129387934 4.060309359993756 0
3.031088152171837 4.027494419798336 0
2.877847410122641 4.028379227487091 0
2.821112186494801 4.028079623275461 0
2.807760873348276 4.056170905980742 0
2.759430179983066 4.02643502972729 0
2.691824273169297 4.020544153497153 0
5.108382687742335 4.144916252116357 0
4.314364542860232 4.026299149036927 0
2.633858518785519 4.030609052193537 0
2.745852934110153 6.644264830844834 0
2.527545327294873 4.028944428055265 0
2.578894906768228 4.031608487206767 0
4.379108040284215 4.028067918539461 0
4.440549591167282 4.035147260027143 0
2.471899449510853 4.025157587512351 0
2.488598130009875 4.0557763942829 0
4.510660591332725 4.031731984252374 0
2.410023889498951 4.028187019658128 0
4.535916442387975 4.026983874136048 0
4.518997358473908 4.059743023269762 0
1.322694199978678 4.033558846016516 0
2.365867092199687 4.029456288189598 0
2.58216074844593 4.109227518194261 0
2.300101899388141 4.028444186688112 0
2.29327109326653 4.060439586580094 0
2.24024668114807 4.023891630661289 0
4.602753192390876 4.022590403044249 0
2.187222468285611 4.033541689563143 0
4.660242046825955 4.029899898727982 0
4.716449004577442 4.027656761958937 0
2.103971095351888 4.035189929007704 0
4.79169591816249 4.024153705197499 0
2.034493866807983 4.021957462347245 0
5.108578670098768 7.311967195789986 0
4.843862214886237 4.025621482498508 0
4.835583586800368 4.053552127067978 0
4.201976271922712 8.163543441069507 0
3.289012358063716 7.297263781092448 0
0.8321860683103756 4.055051215986374 0
1.893426790459922 4.024022660891723 0
1.839650732747811 4.026614067327734 0
1.759921298440413 4.034105552109975 0
5.352504820640893 6.548870966954397 0
4.871969444047997 4.027192192944374 0
1.674279601717153 4.031672561817866 0
1.730988990831072 4.022847767766756 0
3.269956858507007 5.419012084910063 0
3.099798882876368 5.339659752986195 0
5.724398365570961 4.452582226831825 0
5.667969464247369 8.805559209163242 0
4.922902667044442 4.029891166093023 0
4.94724021905856 4.056389918108818 0
4.99135323124545 4.029747301177308 0
1.585469932536243 4.022640911898647 0
1.552010626271674 4.030878374217352 0
3.517396678745929 4.876638209127684 0
2.231324616982477 6.2357472930443 0
1.539294605577644 4.221134898406324 0
1.454526895106669 4.056192784505567 0
1.492784647647378 4.034469729510662 0
3.733600261165998 4.227510453760663 0
2.121772429532919 4.271803282472148 0
3.102633849359323 4.177597481953116 0
1.405456020540559 4.02584926446263 0
3.986844736765926 4.051791415062339 0
5.084036063106055 4.035279263363446 0
5.106363978022936 4.062156454524927 0
4.939708629701066 4.295358729346422 0
2.849416651476704 4.532396819695015 0
3.271885615054555 4.169734066168968 0
3.278470726319422 4.234513726924484 0
1.19038806563758 4.027969466134684 0
1.152093942074468 4.023404492578228 0
1.143319458250358 4.045705073465795 0
1.262509807927628 4.024758745631924 0
5.228614643792988 8.230216537358512 0
3.648245718115557 5.476566524278626 0
4.12166821715381 7.840051407015734 0
5.174473955246659 4.027573324441145 0
5.230326749906344 4.02539090736687 0
3.372648137684556 4.206383447075288 0
3.959424273381366 4.600935685660752 0
1.09700300308525 4.029958979163949 0
3.476258649044482 6.480208686646514 0
1.030939255649912 4.02911039847366 0
3.519195723631315 4.198424650191286 0
1.001642706483833 4.025430480922206 0
0.9465186394722468 4.027817242940849 0
0.9564085918257286 4.059003435364216 0
4.332482770842766 5.346322531793635 0
3.637355515788173 4.198019988186045 0
4.669385544279141 5.929279828125944 0
3.878090878748081 4.230837881526291 0
4.084783515349644 6.588462309248437 0
3.186883335957676 5.200824196027834 0
3.63074670250254 5.319679824672975 0
4.048262959504397 8.641506407703796 0
3.774057980959137 4.199653027975897 0
4.4908720791155 4.619368600561078 0
5.005542369989517 4.069911030830838 0
2.303983270182099 4.906894317945042 0
4.486597118375514 4.265157447898755 0
3.987154055443037 4.228053974998536 0
4.694384799279899 4.639188613762605 0
2.41852942872856 4.061199051779093 0
3.96918418258286 5.34230073179144 0
3.980719311754967 5.508707426528739 0
3.505616865237667 5.231775671040888 0
4.37069454333805 4.230344686042407 0
4.261233412079671 4.235547778151362 0
4.183613624358564 4.208395376315873 0
3.062487598570074 5.130288309637189 0
5.38175176979097 4.019700666806365 0
5.436216484078729 4.073720020320903 0
5.449686899490717 4.041260581993603 0
0.8859733537225009 4.027917732865762 0
0.8359586465902931 4.027757953051458 0
4.133045267048439 4.557489747259002 0
0.7622532202604118 4.033556654347604 0
0.7830479683552083 4.074017282342339 0
4.321031472985633 4.539993135942541 0
4.606662058759777 4.22125667038181 0
3.677556986862798 4.469933403978243 0
3.713088626073488 4.576723245779018 0
3.807925026637561 4.579261272095213 0
3.724393064483364 4.667694547457793 0
3.824150831288716 4.502414380640127 0
3.541446872773026 4.446540664994194 0
3.36425028606017 4.431979133983148 0
4.720267403840664 4.253986296196295 0
2.156074166800451 5.963288709472334 0
3.229752516815577 4.401016042503808 0
4.814767454024988 4.273196402812893 0
2.859592227592578 4.418254520104522 0
3.017254348700815 4.402094137613092 0
2.140995591924447 5.510769396041428 0
2.091971002280084 4.068179262646343 0
2.706272529181573 4.41589674617622 0
4.71642615618111 5.291453185600635 0
5.132571919202287 4.384429226144258 0
2.564420264940411 4.379258331349286 0
2.51889234891885 4.428141345560602 0
4.889642164974418 4.057390716650772 0
2.365061869390883 4.331443450650471 0
2.425701294195412 4.324327274238575 0
1.383766645469495 4.061945695394381 0
0.6974910680042613 4.023056375939734 0
0.7217149961632047 4.064126300107092 0
0.6421811768667902 4.032837174045838 0
1.911569137002017 4.058701783027433 0
2.356524981487498 4.053754986670587 0
2.243247158922499 4.301800856109837 0
0.6658293840367905 4.067202373939127 0
4.913020257024115 4.34718437436771 0
1.95409870102763 5.529502750739835 0
5.519796466721606 4.018743297438707 0
3.195001663875205 4.48971838247583 0
5.452343420961701 4.594881396711904 0
2.572242952342231 5.081270601056236 0
0.5816322910573064 4.025618977600471 0
0.5491123080191146 4.035033945064056 0
1.763009171513073 4.202872197592864 0
1.744343699261909 4.252667819211787 0
3.42173014688312 4.275308243386796 0
0.4882706481222234 4.032832078953695 0
3.557804043261394 4.062456616076335 0
1.951962095217652 4.254564423013992 0
1.234805398943425 4.057734733952851 0
1.85137406879423 4.24063175854555 0
5.656939929741241 4.029702863263043 0
5.692214354455593 4.040201073366793 0
5.584473441344381 4.0273450244595 0
2.806559522428752 4.657138922966121 0
2.697451829152667 4.162684111084333 0
1.661822532102643 4.62752175756087 0
0.4584616566707017 4.019376147174174 0
0.4459238837126062 4.061877282660336 0
2.915840939816852 4.060595041542445 0
5.060131249353261 4.022878353200341 0
3.685119455895034 6.854470826102498 0
5.760024942497624 4.028701514485641 0
5.723008675261879 4.060120855568312 0
1.716953686074153 4.173344999541926 0
1.947211862331818 4.033376655633676 0
3.947355312029498 4.023304360872785 0
3.924823745417474 4.058136910120413 0
3.341189964351194 4.807272205348304 0
1.874567146387398 4.674031222215463 0
1.475487647086191 4.527501049199043 0
3.024733581769691 4.217771146567615 0
3.983889199655539 4.52320414257344 0
2.246941576830591 4.092694302226606 0
5.8077353537659 4.841124053505802 0
4.008046916154951 4.059538538818946 0
1.460583348310459 4.024759224764815 0
3.683824906310644 4.065016057872218 0
3.584928273948156 4.057290962579053 0
4.423132901533194 4.062331777964713 0
4.788426344807578 5.476400942002051 0
5.567928483056747 5.881143423056297 0
4.100123172344396 4.054302631594209 0
5.242717265238408 4.21961711732299 0
2.022164688078283 4.049960773970809 0
1.128312212124582 4.18345757786399 0
5.073000750800063 6.528576116038719 0
0.4082151307812797 4.041338183746077 0
5.250980183669666 4.055424341142251 0
0.3873131793917888 4.027231013207937 0
5.47332450132207 7.270480006352847 0
4.488429303844162 4.049599777023952 0
5.576867912797516 4.065740344052647 0
3.131711749011818 4.667606908220256 0
4.461893990892326 4.064621118838865 0
4.546620799986939 4.05638235353487 0
2.358161090129526 4.404466476436313 0
1.080965477482537 4.440997496808416 0
0.9753946940280256 4.48866975643323 0
3.066182878468797 4.798715891758112 0
2.450318158588827 4.06045498372318 0
4.364493757664057 4.057221452102826 0
1.290390198561166 4.488053746825445 0
4.102294110315548 4.620416814404738 0
5.863983191701145 4.199789356440669 0
5.184967519521773 4.471944658226986 0
4.867617773052449 6.389649819326755 0
0.3478002838405685 4.245210665388665 0
5.658158860124241 4.319471513659314 0
3.461565314031227 4.058156928182915 0
5.117723362133217 5.502914614863667 0
2.925063243673415 4.694923522939123 0
4.850301235856375 4.336856653481561 0
2.93556913632781 4.206201431979618 0
1.650405666647693 4.029399873140449 0
0.7395372533486869 4.283898724657877 0
0.7431350829058126 4.417559867342126 0
2.729248198505859 5.078130142380144 0
3.824247988188255 4.735824504093451 0
3.092177276510636 4.380835146799442 0
1.00470574056417 4.736155187379984 0
1.61847184098424 4.282612606378868 0
0.5166929577232867 4.075748818230806 0
0.4115203929603669 4.339704568187496 0
4.456519149375767 4.391629493890918 0
2.727054495655532 4.481978116422553 0
4.645263840579434 4.289986117362572 0
3.227319730760761 4.698766175257551 0
1.877488843489914 4.050837872893819 0
3.78419749871043 7.91262605378069 0
4.427394859354407 4.324297916501498 0
5.135152297802422 4.854214501035374 0
4.919732141625103 4.053515063122932 0
2.961945845197269 5.25483407956464 0
5.475383717565019 4.051106002878901 0
5.27749405804111 4.027440136073649 0
0.9003432581898579 4.386866601834766 0
1.844385264548774 4.054448113176585 0
1.8172207809507 4.059530334568854 0
5.629634450050049 4.061567089113143 0
2.659825172929274 5.969976385177092 0
2.831106653069634 4.062309404229348 0
4.423062660987586 6.17418222722317 0
2.177851841380304 5.010986306910952 0
2.068101310362199 4.269250816054782 0
3.472076565566978 4.231256715433646 0
4.977555468980576 4.05849468135963 0
1.793895428796918 4.273540883336536 0
3.104819603180327 4.054453104024883 0
5.51386672014021 4.051094538930601 0
0.3548380098245805 4.131568773427319 0
2.15999617621752 4.032153013635518 0
5.424803466471179 6.869855203906058 0
4.934899163762192 4.088799181936866 0
5.479824511966722 4.027608119863786 0
5.17877556789631 4.053813255740138 0
3.015426783558187 4.057871158296252 0
5.039601170459372 7.792034596540478 0
0.3106659860782163 4.030559508871882 0
1.161033378095811 4.091442576619002 0
5.784510190303337 4.022670971531312 0
1.480209391530592 4.208681637339805 0
3.608684920324397 4.24676398937289 0
3.257392404000397 4.049836233665075 0
4.976599907600248 5.46021932653834 0
2.518423029928914 4.17445548144515 0
3.194060481785806 4.055846378658223 0
0.8949810410857834 4.056120269995699 0
5.404236503352215 5.73915859321282 0
5.150427347066779 4.02769770995481 0
4.896576232029411 4.420879552873812 0
5.491531225909772 4.735019174927393 0
5.503571860661564 5.212872863444407 0
4.170832474286079 4.056847286495288 0
5.845921659693039 4.608152654279347 0
3.804685514547873 5.490710328466744 0
3.97273422058284 5.689523620584424 0
5.623260778347936 4.424082962742873 0
4.325137617903747 4.91380312170777 0
3.259250433006323 4.808830915522268 0
4.478492085618147 8.792372146299966 0
5.841207768006794 4.024057308385715 0
1.338443654129556 4.215890043635618 0
1.421810728987839 4.046866358261641 0
5.681055047383074 10.9323417648823 0
4.165680647141913 4.65864135720401 0
2.650861866842542 4.648583595385246 0
3.168966989093578 4.048013331586105 0
2.627178725447538 4.441167523267644 0
1.273418113844524 4.054370501924284 0
3.394070262142975 4.496036122621701 0
2.486170880449902 6.457067258456992 0
1.943167064547048 5.863952426577779 0
5.215478475630292 4.050140508604126 0
2.696634997762155 7.024520757164039 0
5.72481139357467 10.11468564854048 0
2.129753783594518 4.053301739154193 0
4.515641399280444 4.089657328868767 0
2.711062235213133 4.042406294908703 0
2.980671018460782 4.76769375395839 0
3.802961134936616 4.023718785806108 0
3.62623685559322 4.530620796951439 0
2.774803739411306 4.166698292710397 0
3.647998509481304 4.048454279010398 0
4.862983574294179 4.052134698185653 0
4.832562449383932 4.091273129434044 0
3.042126786088013 4.049808352608451 0
3.438915212500465 4.049448656550642 0
4.580265952254502 4.074158478643787 0
3.239656630309084 4.205333570542985 0
4.164450410178709 5.526174804192582 0
1.346253367340443 5.462461545620104 0
4.600524467074946 4.329333271464494 0
4.209353958410931 4.059545698688506 0
4.134221377759782 4.232616337914246 0
4.522522829890504 4.365632799916797 0
1.356547700476725 4.026054736507468 0
0.6519152973660642 4.341229903708705 0
3.069473124845748 5.722318122329538 0
5.69394482138356 10.61717384368508 0
2.386262574356038 4.053035720498846 0
4.323261275894704 4.052485022477646 0
3.809559148958932 4.262280205180728 0
3.997210932033584 4.287890271509369 0
0.995410851225668 4.056337543588952 0
5.069043453556529 9.336861699941771 0
4.585582265393511 4.38673223952844 0
1.046542804630824 4.857917762773238 0
3.259398058755718 4.459086793873011 0
3.767996389396142 4.247460864817025 0
1.98143721536543 5.695587842902771 0
1.069812332088116 4.062726848612505 0
2.977400624704027 4.021793880718734 0
3.517046119333968 4.047624238736147 0
5.572054888794688 6.604954388601501 0
3.775633487728665 4.049604826961988 0
3.92030955035037 4.296126518436754 0
2.483046474254611 6.19639407238001 0
2.582822452386822 4.055319141101257 0
1.604212848069205 4.738774383588871 0
4.292959262192259 4.637759218559913 0
4.773152603729352 4.061789072783689 0
2.262201357823627 4.04923311190645 0
0.9245755094152126 4.055560248451205 0
4.421223109155378 4.660748265679264 0
1.365278910014824 4.099107809633523 0
5.413733926015701 8.622043753001041 0
4.694472040471457 4.041845930245581 0
4.707134735091504 4.065292915682051 0
1.599297128757327 4.053411193518606 0
2.780454122508898 4.043167817036027 0
1.170194963230982 4.058899879467541 0
2.321967958839162 4.528546539432681 0
4.081553734416893 4.235153278418442 0
5.281572656419394 4.255712569570479 0
2.859050504225332 4.192303456333013 0
1.750621533692463 4.320204207323791 0
0.4514448983994915 4.209019203542841 0
4.046320444247651 4.269250224170722 0
5.400819092347367 4.817626330683189 0
2.564639736356874 4.085489392925812 0
1.204364319008742 4.063970639883757 0
4.934559323479597 4.490930790261181 0
4.731430677965633 4.05132841525577 0
1.715970678857097 4.05674775064678 0
5.514046721029781 5.56383540122556 0
4.957022805706403 4.13526154726005 0
4.576840209005219 4.719822572540162 0
4.610501565028021 6.434878389469088 0
3.3334582412009 4.217706366565772 0
5.376083332385826 4.256038160901981 0
5.406835631134899 4.198497280748623 0
3.317681859082331 4.465156145630846 0
4.669101058265206 4.055325802144147 0
3.710082872277853 4.259011093683705 0
3.884059391626748 4.578526489492534 0
1.330307378143836 5.061849488544989 0
5.478824528164772 4.173092607294484 0
1.240667447410239 4.581679608984191 0
3.811635677992619 4.658411275798839 0
5.280679038961193 4.056317481871316 0
2.891485772085303 4.046609276702611 0
3.485978457433191 4.502063096183259 0
0.6790704357449815 4.561329239496464 0
5.12024483101466 4.542607142737482 0
1.822836781245282 4.08744040403704 0
2.930309779030923 4.028814444107346 0
2.601040500243137 4.182206424696855 0
1.526874724886395 4.066367413925327 0
0.9612334124176927 4.094507853096045 0
0.6888365911521036 4.046133137915926 0
4.402660696721123 4.04376392859383 0
2.381989450892148 4.123275190712532 0
5.417243534704648 4.093496197277579 0
4.22214014021081 4.259161651752349 0
3.321947138837201 4.055243431588533 0
2.608744908427419 4.057919763904533 0
4.132480255284382 4.044223156186487 0
5.258414620133276 4.85781372504065 0
1.384558408976901 4.604528930582897 0
3.056810349763851 4.191674197041952 0
0.7783964478645912 4.141091662494293 0
1.875910503667522 4.077652670531348 0
3.322723274940364 4.253298814777664 0
3.397881767009089 4.051751819930912 0
2.419128216771166 4.093987532298573 0
1.350274801799776 4.05348254574398 0
4.755548905833462 4.302934855804038 0
1.400669619552669 4.121327818582873 0
0.417567498261187 4.094598754070686 0
0.6233740889962383 4.055401361339491 0
5.714529519604633 4.106793984235759 0
2.110116762001739 4.114325562619432 0
2.219234912256973 4.132146451252517 0
5.060951510746127 4.174948156416193 0
1.898158872339958 4.28842431500448 0
2.151525015901063 4.090882836908096 0
2.014680581333768 4.326194517457814 0
3.504616867866422 7.554380899830515 0
5.247710890126171 4.084592009599625 0
5.823293351811955 5.004193126302714 0
5.028848814172313 4.547284929977864 0
2.079425323534083 4.098237301703453 0
2.740322525985751 4.041396036264085 0
4.266142646336078 4.049203935414597 0
4.731884358689276 9.216481744849776 0
4.80455537903615 4.048932662118937 0
2.734388638056696 4.196171877292707 0
3.871840434579882 4.811272411880368 0
2.353495161092833 4.081183260081067 0
2.3174849791677 4.101614879576969 0
5.33459615226272 4.755186246990245 0
1.626302494726319 4.081671994486497 0
3.003743865902563 5.490218807734089 0
4.040595165375591 4.602833750004773 0
0.6016910862976703 4.04636113736184 0
2.338502988600121 4.152636882020946 0
3.181377572275092 4.209321065185593 0
2.799876690255228 4.465683736076745 0
0.8653569258909783 4.060499992309829 0
1.784376815496348 4.058950329194162 0
1.965698769459593 4.067299678571898 0
1.665351779194971 5.838495440255692 0
2.263666046257855 4.073552966121326 0
1.147272569649605 4.134230680492929 0
2.80543111730446 4.568898360212303 0
1.988117691975929 4.108263800183125 0
0.5547402013439654 4.113005535782963 0
3.958117446013928 4.047476170200393 0
2.331638119858412 4.04339967913022 0
1.974672608844417 4.017439545646543 0
4.580660081812074 4.047518425515794 0
1.046474788239421 4.549081895512649 0
4.304056970759173 4.290088917605684 0
4.509958190576908 4.12241136145432 0
2.287602081796347 4.376113490433132 0
0.7135369151082926 4.132912661538336 0
4.077540760278005 4.315605814678994 0
2.994200831943715 7.43131691141006 0
2.653879133992726 4.157888935371332 0
3.423099560117299 5.328222521581252 0
3.675681364269764 4.235476509019735 0
3.938401148122983 4.098481721594797 0
3.657802895409541 4.672202143532946 0
2 8 0 1443
2197
2198
2199
2200
2201
2202
2203
2204
2205
2206
2207
2208
2209
2210
2211
2212
2213
2214
2215
2216
2217
2218
2219
2220
2221
2222
2223
2224
2225
2226
2227
2228
2229
2230
2231
2232
2233
2234
2235
2236
2237
2238
2239
2240
2241
2242
2243
2244
2245
2246
2247
2248
2249
2250
2251
2252
2253
2254
2255
2256
2257
2258
2259
2260
2261
2262
2263
2264
2265
2266
2267
2268
2269
2270
2271
2272
2273
2274
2275
2276
2277
2278
2279
2280
2281
2282
2283
2284
2285
2286
2287
2288
2289
2290
2291
2292
2293
2294
2295
2296
2297
2298
2299
2300
2301
2302
2303
2304
2305
2306
2307
2308
2309
2310
2311
2312
2313
2314
2315
2316
2317
2318
2319
2320
2321
2322
2323
2324
2325
2326
2327
2328
2329
2330
2331
2332
2333
2334
2335
2336
2337
2338
2339
2340
2341
2342
2343
2344
2345
2346
2347
2348
2349
2350
2351
2352
2353
2354
2355
2356
2357
2358
2359
2360
2361
2362
2363
2364
2365
2366
2367
2368
2369
2370
2371
2372
2373
2374
2375
2376
2377
2378
2379
2380
2381
2382
2383
2384
2385
2386
2387
2388
2389
2390
2391
2392
2393
2394
2395
2396
2397
2398
2399
2400
2401
2402
2403
2404
2405
2406
2407
2408
2409
2410
2411
2412
2413
2414
2415
2416
2417
2418
2419
2420
2421
2422
2423
2424
2425
2426
2427
2428
2429
2430
2431
2432
2433
2434
2435
2436
2437
2438
2439
2440
2441
2442
2443
2444
2445
2446
2447
2448
2449
2450
2451
2452
2453
2454
2455
2456
2457
2458
2459
2460
2461
2462
2463
2464
2465
2466
2467
2468
2469
2470
2471
2472
2473
2474
2475
2476
2477
2478
2479
2480
2481
2482
2483
2484
2485
2486
2487
2488
2489
2490
2491
2492
2493
2494
2495
2496
2497
2498
2499
2500
2501
2502
2503
2504
2505
2506
2507
2508
2509
2510
2511
2512
2513
2514
2515
2516
2517
2518
2519
2520
2521
2522
2523
2524
2525
2526
2527
2528
2529
2530
2531
2532
2533
2534
2535
2536
2537
2538
2539
2540
2541
2542
2543
2544
2545
2546
2547
2548
2549
2550
2551
2552
2553
2554
2555
2556
2557
2558
2559
2560
2561
2562
2563
2564
2565
2566
2567
2568
2569
2570
2571
2572
2573
2574
2575
2576
2577
2578
2579
2580
2581
2582
2583
2584
2585
2586
2587
2588
2589
2590
2591
2592
2593
2594
2595
2596
2597
2598
2599
2600
2601
2602
2603
2604
2605
2606
2607
2608
2609
2610
2611
2612
2613
2614
2615
2616
2617
2618
2619
2620
2621
2622
2623
2624
2625
2626
2627
2628
2629
2630
2631
2632
2633
2634
2635
2636
2637
2638
2639
2640
2641
2642
2643
2644
2645
2646
2647
2648
2649
2650
2651
2652
2653
2654
2655
2656
2657
2658
2659
2660
2661
2662
2663
2664
2665
2666
2667
2668
2669
2670
2671
2672
2673
2674
2675
2676
2677
2678
2679
2680
2681
2682
2683
2684
2685
2686
2687
2688
2689
2690
2691
2692
2693
2694
2695
2696
2697
2698
2699
2700
2701
2702
2703
2704
2705
2706
2707
2708
2709
2710
2711
2712
2713
2714
2715
2716
2717
2718
2719
2720
2721
2722
2723
2724
2725
2726
2727
2728
2729
2730
2731
2732
2733
2734
2735
2736
2737
2738
2739
2740
2741
2742
2743
2744
2745
2746
2747
2748
2749
2750
2751
2752
2753
2754
2755
2756
2757
2758
2759
2760
2761
2762
2763
2764
2765
2766
2767
2768
2769
2770
2771
2772
2773
2774
2775
2776
2777
2778
2779
2780
2781
2782
2783
2784
2785
2786
2787
2788
2789
2790
2791
2792
2793
2794
2795
2796
2797
2798
2799
2800
2801
2802
2803
2804
2805
2806
2807
2808
2809
2810
2811
2812
2813
2814
2815
2816
2817
2818
2819
2820
2821
2822
2823
2824
2825
2826
2827
2828
2829
2830
2831
2832
2833
2834
2835
2836
2837
2838
2839
2840
2841
2842
2843
2844
2845
2846
2847
2848
2849
2850
2851
2852
2853
2854
2855
2856
2857
2858
2859
2860
2861
2862
2863
2864
2865
2866
2867
2868
2869
2870
2871
2872
2873
2874
2875
2876
2877
2878
2879
2880
2881
2882
2883
2884
2885
2886
2887
2888
2889
2890
2891
2892
2893
2894
2895
2896
2897
2898
2899
2900
2901
2902
2903
2904
2905
2906
2907
2908
2909
2910
2911
2912
2913
2914
2915
2916
2917
2918
2919
2920
2921
2922
2923
2924
2925
2926
2927
2928
2929
2930
2931
2932
2933
2934
2935
2936
2937
2938
2939
2940
2941
2942
2943
2944
2945
2946
2947
2948
2949
2950
2951
2952
2953
2954
2955
2956
2957
2958
2959
2960
2961
2962
2963
2964
2965
2966
2967
2968
2969
2970
2971
2972
2973
2974
2975
2976
2977
2978
2979
2980
2981
2982
2983
2984
2985
2986
2987
2988
2989
2990
2991
2992
2993
2994
2995
2996
2997
2998
2999
3000
3001
3002
3003
3004
3005
3006
3007
3008
3009
3010
3011
3012
3013
3014
3015
3016
3017
3018
3019
3020
3021
3022
3023
3024
3025
3026
3027
3028
3029
3030
3031
3032
3033
3034
3035
3036
3037
3038
3039
3040
3041
3042
3043
3044
3045
3046
3047
3048
3049
3050
3051
3052
3053
3054
3055
3056
3057
3058
3059
3060
3061
3062
3063
3064
3065
3066
3067
3068
3069
3070
3071
3072
3073
3074
3075
3076
3077
3078
3079
3080
3081
3082
3083
3084
3085
3086
3087
3088
3089
3090
3091
3092
3093
3094
3095
3096
3097
3098
3099
3100
3101
3102
3103
3104
3105
3106
3107
3108
3109
3110
3111
3112
3113
3114
3115
3116
3117
3118
3119
3120
3121
3122
3123
3124
3125
3126
3127
3128
3129
3130
3131
3132
3133
3134
3135
3136
3137
3138
3139
3140
3141
3142
3143
3144
3145
3146
3147
3148
3149
3150
3151
3152
3153
3154
3155
3156
3157
3158
3159
3160
3161
3162
3163
3164
3165
3166
3167
3168
3169
3170
3171
3172
3173
3174
3175
3176
3177
3178
3179
3180
3181
3182
3183
3184
3185
3186
3187
3188
3189
3190
3191
3192
3193
3194
3195
3196
3197
3198
3199
3200
3201
3202
3203
3204
3205
3206
3207
3208
3209
3210
3211
3212
3213
3214
3215
3216
3217
3218
3219
3220
3221
3222
3223
3224
3225
3226
3227
3228
3229
3230
3231
3232
3233
3234
3235
3236
3237
3238
3239
3240
3241
3242
3243
3244
3245
3246
3247
3248
3249
3250
3251
3252
3253
3254
3255
3256
3257
3258
3259
3260
3261
3262
3263
3264
3265
3266
3267
3268
3269
3270
3271
3272
3273
3274
3275
3276
3277
3278
3279
3280
3281
3282
3283
3284
3285
3286
3287
3288
3289
3290
3291
3292
3293
3294
3295
3296
3297
3298
3299
3300
3301
3302
3303
3304
3305
3306
3307
3308
3309
3310
3311
3312
3313
3314
3315
3316
3317
3318
3319
3320
3321
3322
3323
3324
3325
3326
3327
3328
3329
3330
3331
3332
3333
3334
3335
3336
3337
3338
3339
3340
3341
3342
3343
3344
3345
3346
3347
3348
3349
3350
3351
3352
3353
3354
3355
3356
3357
3358
3359
3360
3361
3362
3363
3364
3365
3366
3367
3368
3369
3370
3371
3372
3373
3374
3375
3376
3377
3378
3379
3380
3381
3382
3383
3384
3385
3386
3387
3388
3389
3390
3391
3392
3393
3394
3395
3396
3397
3398
3399
3400
3401
3402
3403
3404
3405
3406
3407
3408
3409
3410
3411
3412
3413
3414
3415
3416
3417
3418
3419
3420
3421
3422
3423
3424
3425
3426
3427
3428
3429
3430
3431
3432
3433
3434
3435
3436
3437
3438
3439
3440
3441
3442
3443
3444
3445
3446
3447
3448
3449
3450
3451
3452
3453
3454
3455
3456
3457
3458
3459
3460
3461
3462
3463
3464
3465
3466
3467
3468
3469
3470
3471
3472
3473
3474
3475
3476
3477
3478
3479
3480
3481
3482
3483
3484
3485
3486
3487
3488
3489
3490
3491
3492
3493
3494
3495
3496
3497
3498
3499
3500
3501
3502
3503
3504
3505
3506
3507
3508
3509
3510
3511
3512
3513
3514
3515
3516
3517
3518
3519
3520
3521
3522
3523
3524
3525
3526
3527
3528
3529
3530
3531
3532
3533
3534
3535
3536
3537
3538
3539
3540
3541
3542
3543
3544
3545
3546
3547
3548
3549
3550
3551
3552
3553
3554
3555
3556
3557
3558
3559
3560
3561
3562
3563
3564
3565
3566
3567
3568
3569
3570
3571
3572
3573
3574
3575
3576
3577
3578
3579
3580
3581
3582
3583
3584
3585
3586
3587
3588
3589
3590
3591
3592
3593
3594
3595
3596
3597
3598
3599
3600
3601
3602
3603
3604
3605
3606
3607
3608
3609
3610
3611
3612
3613
3614
3615
3616
3617
3618
3619
3620
3621
3622
3623
3624
3625
3626
3627
3628
3629
3630
3631
3632
3633
3634
3635
3636
3637
3638
3639
4.023846474349916 -4.031582471914389 0
3.729733978153996 -4.034026378982491 0
3.443637904559983 -4.025704455138955 0
3.179598568351663 -4.027066699565985 0
4.288834909014154 -4.028384673155327 0
2.899753949090705 -4.024082503822224 0
4.572052470782773 -4.029346770941423 0
2.665334535572492 -4.027900415184766 0
2.423628330197155 -4.02853600452774 0
4.818247861857874 -4.022795150579091 0
2.214352309166513 -4.027691265743149 0
2.002761853392437 -4.028435883934012 0
5.029027861128404 -4.03588955821446 0
1.806904320735789 -4.028379703304347 0
1.623017037499715 -4.030088062796501 0
1.434710385495678 -4.025158405312772 0
5.201332516320943 -4.020463661953951 0
3.870937120973593 -4.023444670690107 0
1.290724807605545 -4.026311519598462 0
1.124323093035739 -4.024751836363235 0
5.352754435356124 -4.031862443822309 0
0.9737000345122474 -4.025175596020218 0
5.499998151098564 -4.029700069731982 0
5.721207234507687 -5.844143363450739 0
3.614298550750204 -4.027579609348272 0
3.337845365930986 -4.032576290479924 0
4.143654827617387 -4.026413320695525 0
3.054238512793094 -4.031592317515789 0
4.41537676615003 -4.02674314176468 0
2.547980721535163 -4.032117156459575 0
2.79617328045171 -4.020472617766446 0
4.687236225545682 -4.024851335934804 0
0.8566364459691223 -4.027867108073472 0
0.749248441579889 -4.035227724160038 0
0.6172070533817589 -4.019506384047618 0
5.620426095273249 -4.019804691372118 0
2.504682100656976 -6.767190734396948 0
5.831300541064317 -5.139578133002116 0
5.811346819924839 -6.767332718717244 0
1.824968550042321 -6.025455863371079 0
2.33156734941387 -4.032149628999436 0
2.135761581243997 -4.02585123491861 0
4.896302824046136 -4.030286737800169 0
1.919158242355949 -4.028554518659136 0
1.705130720034957 -4.022208118184817 0
1.522963489690736 -4.03540569159987 0
5.121800687060088 -4.033569261244468 0
0.5222973599914973 -4.023045629846981 0
0.4441972215665669 -4.020269981399199 0
5.720188483154222 -4.032460816718568 0
5.818794396507712 -4.030717511960465 0
0.3464431707235442 -4.034372140719977 0
1.165590451803679 -5.201398374036584 0
3.211628299391755 -7.75955053188977 0
5.647710298941201 -7.638059637990269 0
0.907407777941766 -4.846903483757504 0
5.844394423813691 -4.446165888301717 0
3.846868331099872 -8.271216897762663 0
5.627406171707748 -8.463153801164585 0
3.973312112124632 -4.019703324612032 0
4.08431843571994 -4.027891892724254 0
4.203256773193684 -4.029346455342366 0
3.117815281408243 -4.021643769483076 0
2.99768572586844 -4.029557536041912 0
4.344914793395973 -4.030857870224297 0
2.850044457002967 -4.03892029904101 0
2.727210884189475 -4.022099369006626 0
2.602663885049761 -4.029262023071583 0
4.479247143311171 -4.021182824249852 0
2.486704353655472 -4.024713123716253 0
2.274126079035728 -4.018937769066646 0
4.620614349089909 -4.031901600365237 0
2.067735255655371 -4.030124600242741 0
4.760580812472567 -4.030895687483493 0
1.866266425646559 -4.023345565793609 0
4.95556125253017 -4.024211785858288 0
1.384184557103724 -4.027541429048375 0
1.232624038611297 -4.027854246353431 0
5.253158456529233 -4.029492895905031 0
1.064378178300006 -4.031011590017046 0
0.9161711628774457 -4.027705730817468 0
5.411585584497624 -4.03806795774112 0
0.7991848530913259 -4.037304461113357 0
0.6898426645087226 -4.037028102052691 0
5.561060781132207 -4.026506211319158 0
0.2917223431358226 -4.029358093327229 0
0.5701360577007565 -4.480325630359584 0
0.2199501761544347 -4.046285204285387 0
5.861726563687733 -4.030798059654597 0
0.164310986785893 -4.037508982089777 0
5.921762338688111 -4.037215897664939 0
4.396182744484767 -9.14248425923657 0
5.593380408813071 -9.143658311175054 0
5.826571577618564 -4.073184776455625 0
0.2690585558884764 -4.075835040999466 0
5.778243411460599 -4.0678057542635 0
5.80404797476953 -4.138015948995211 0
5.740481570328305 -4.111412847644225 0
5.793472195341282 -4.214817976332025 0
5.696471595006619 -4.194736984826161 0
5.634804856608608 -4.133801515277725 0
5.610689616066296 -4.244105325878283 0
5.567009953475383 -4.17436620545951 0
5.512014175019592 -4.220189777901151 0
5.532419843175709 -4.299377776522356 0
5.438760408152497 -4.289491577224226 0
5.493710671941753 -4.40488324079752 0
5.393543632017972 -4.38452477179407 0
5.472821843187745 -4.50060189969153 0
5.379416133280102 -4.489704963846156 0
5.290031621051305 -4.409252231452487 0
5.266896487419914 -4.512018187286502 0
5.342985069853584 -4.598751855987653 0
5.188992497381031 -4.608145167778388 0
5.254696465839508 -4.685252195043384 0
5.115776872441549 -4.675122650809349 0
5.158318132097286 -4.771573964197334 0
5.048207952117736 -4.758543261184818 0
4.969424969858848 -4.694148600780627 0
4.917446795642778 -4.783789858854952 0
4.962227656476653 -4.893275893808085 0
4.794414700419513 -4.888294637111414 0
4.861847604554739 -5.050300721810784 0
4.730396831461809 -5.009251637379938 0
4.785555679513352 -5.17563161656963 0
4.653260064430451 -5.131480338079322 0
4.618261799323672 -4.969126461510982 0
4.50273257738006 -5.071099876046063 0
4.593923426159027 -5.245383080074958 0
4.450658784803924 -5.209606337721565 0
4.488935170344369 -5.354650123069697 0
4.342478646717058 -5.038195326085834 0
4.272348755417813 -5.181954623228696 0
4.174376696322111 -5.011412641219165 0
4.101741563095757 -5.208439529780721 0
4.006832278950431 -5.053200253401391 0
3.953251988073503 -5.19410693472191 0
3.851054423439275 -5.006175312311572 0
3.794191997842352 -5.139149196921164 0
3.800796820326317 -5.313534996346813 0
3.665931571712755 -5.031118311592788 0
3.631689056331352 -5.155410208435923 0
3.559563411030242 -4.981713360037742 0
3.447740960667183 -5.124922386901269 0
3.346759551963582 -4.957220642193936 0
3.255791146295519 -5.085297578404372 0
3.203577891683113 -4.924008038594945 0
3.313233200945203 -5.25827042014239 0
4.860683748627598 -4.686828383800208 0
4.088558788856259 -4.89196223342941 0
3.149995137016429 -5.030864723945449 0
3.072690651449314 -4.884108474926867 0
3.618179375791064 -4.880403905828914 0
3.029773122805687 -5.002069602422123 0
2.938202147601666 -4.876835531964768 0
3.16545871941332 -4.791238283889446 0
2.890298714327889 -4.998460995944165 0
2.78508361636649 -4.884634754162742 0
2.898385321448947 -5.123225299636538 0
2.667784893848443 -4.982960347430444 0
2.659636685312733 -4.808653821488946 0
2.548079726790259 -4.899691153072899 0
2.497982187794821 -4.808146753650147 0
2.738867390584832 -4.719850156743005 0
2.402857489645039 -4.904818402049956 0
2.403175425895048 -4.80171932490093 0
2.420990275850067 -4.70202709054421 0
2.301759258217741 -4.651957363864735 0
2.255613435305249 -4.797068183120076 0
2.187596785025541 -4.642628775524118 0
2.378545296641192 -4.546156854569552 0
4.916928431332274 -4.59257153098432 0
4.814431904072822 -4.572020370762717 0
2.115965160824074 -4.716251404032776 0
2.103259251529236 -4.613204524434702 0
5.208810826538708 -4.399004891077191 0
2.450309993901346 -5.030223146196299 0
2.141602007214477 -4.53210299093896 0
2.051449481287996 -4.495743051774244 0
1.996217707402704 -4.594649464235935 0
1.913983970123444 -4.469791605596442 0
1.81776314324868 -4.57189517620359 0
1.781608222487289 -4.437528713847895 0
1.724430061167399 -4.52740907317299 0
4.848169310554566 -4.4888095732171 0
4.757851582948276 -4.451074009108606 0
4.996769966787417 -5.187096713104858 0
1.683608989580212 -4.390565027166224 0
1.624850461029136 -4.485802108078054 0
1.756500557732254 -4.662095165469684 0
2.08567727768797 -4.404826998529145 0
4.715870658613118 -4.553455084558661 0
4.650174280866946 -4.457481931818619 0
4.62216784750779 -4.534368864702539 0
4.586718313679992 -4.454189163747598 0
4.535172975725093 -4.502581414118133 0
4.500211486642035 -4.437147324401082 0
4.449280009349211 -4.483661068245329 0
4.384784855969074 -4.428786514348137 0
4.354995866161051 -4.494716822337246 0
4.304245593876076 -4.416214463439675 0
4.286501349021171 -4.498750585327121 0
4.227739724951317 -4.423788603761425 0
4.185528482687103 -4.489922547006063 0
4.139080321961506 -4.416921089636989 0
4.102464825509987 -4.471646125527572 0
4.072344374386441 -4.386420198572137 0
4.03674749569914 -4.459149901997278 0
3.971472602799724 -4.384693373735461 0
3.925882973976841 -4.461628966579351 0
3.90420112225118 -4.359187740636495 0
3.857221385100524 -4.418767757913487 0
3.83628451156193 -4.34168115022457 0
3.78333724384383 -4.425448864574652 0
3.759000874480746 -4.363601636804309 0
3.708411690395391 -4.430475850957316 0
3.696672208933713 -4.316637696875722 0
3.632335741702881 -4.381727532211907 0
3.60649238337103 -4.317885196457584 0
3.570084468058049 -4.38388023784158 0
3.550091323917906 -4.332926364572816 0
3.498635371410561 -4.383044142992565 0
3.460939066647618 -4.329403509018138 0
3.412751484023302 -4.382441661772254 0
3.367846888516311 -4.325643647938336 0
3.334319938644908 -4.385501162869927 0
3.310360768284189 -4.30329253595736 0
3.280597955187221 -4.365063416850383 0
3.238011985096195 -4.294415912655892 0
3.189875983337124 -4.355138708435091 0
3.164149212227244 -4.271695847542697 0
3.143199043354524 -4.328957047362697 0
3.106934619872833 -4.288399265092233 0
3.062767306933279 -4.316756966367238 0
3.025551888606313 -4.26254739827282 0
2.993383446807583 -4.330761282368667 0
4.653387718280597 -4.381661323286887 0
4.831073376068193 -4.387142613121293 0
4.364565105368984 -4.352348951283975 0
1.593537798262191 -4.364057269722642 0
1.525055340636898 -4.443282306619791 0
4.228588478237866 -4.334709916448419 0
2.968824893491705 -4.246730868674113 0
2.920314115280126 -4.294709445066166 0
3.451728494750119 -4.438982068747032 0
2.948599308522601 -4.38845674401413 0
2.898159884073654 -4.361744261794485 0
2.860245431357059 -4.300454219951047 0
2.830169891624147 -4.348634117499717 0
2.782529790421684 -4.303138729065317 0
2.750298287474975 -4.340382090979638 0
2.727941238357979 -4.254652556508507 0
4.027689219677199 -4.345657649245341 0
3.785706446060952 -4.304457808989063 0
1.491354752503252 -4.360845105900447 0
1.434604637521834 -4.426085391711378 0
1.886029283344683 -4.365029328951755 0
3.643752280112694 -4.279350542652819 0
3.88320953730825 -4.533796207703228 0
2.694568547558327 -4.3387917887467 0
2.642637042893715 -4.281906502435409 0
1.40631837587292 -4.344495143415975 0
1.342237248492055 -4.404386007387986 0
1.375663072409645 -4.476043695238768 0
3.508363299106614 -4.281468066045907 0
4.399216147484468 -4.551912623694659 0
2.599834443167203 -4.339371592990598 0
2.574817647414953 -4.250103381867428 0
2.53942812188527 -4.309900178605632 0
2.516347850411271 -4.230939577078092 0
2.469994070325798 -4.276849613657002 0
2.452602809265563 -4.230806752255035 0
2.399858276769288 -4.277475189010914 0
2.641767730074014 -4.365329658391357 0
1.312185204499991 -4.300557008664749 0
1.242994657889429 -4.388618188638845 0
5.399217959448085 -4.680287185398988 0
2.408998595985447 -4.221922384659758 0
2.302428772806728 -5.032893883991162 0
2.334151422832237 -5.175943961572979 0
2.132480128930788 -5.160412480388277 0
3.368849503984714 -4.257077656833708 0
1.681729927226453 -4.308973379660148 0
3.205784568997824 -4.235067305441623 0
3.161164397908287 -4.422863158894517 0
4.658263622801144 -5.418284838889313 0
4.534756030221338 -5.539703571914175 0
4.735596012068047 -5.664773087013383 0
4.60497467623293 -5.775541094075607 0
4.423450145605199 -5.722827225994803 0
4.426843985131637 -5.953152255180289 0
4.16566937299599 -5.95413514136427 0
4.218815232241837 -6.167726255791849 0
4.042579262758879 -6.125518406634731 0
4.155551155397461 -6.354139912445642 0
3.958042338608541 -6.285398248735495 0
4.384182944172178 -6.397662580728135 0
4.329326426840374 -6.609584186978819 0
4.796233042761289 -5.828164502432817 0
4.594796170192662 -6.688792019473586 0
4.350662274933693 -6.840374688616295 0
3.824416230189106 -6.106296390485639 0
3.679574631314188 -6.257392800145665 0
3.77360592190885 -6.478595290855414 0
3.615324004781809 -5.972445998646021 0
5.230915254400537 -4.315840305682414 0
5.149577912806422 -4.318541063041763 0
2.338118020981323 -4.249467644829134 0
2.333267322653817 -4.189350422969295 0
1.209172619752755 -4.291316945877684 0
1.113989328630164 -4.357905966067463 0
2.83352402607609 -4.256628429405364 0
2.915497219709086 -4.459439150292773 0
4.687997552311504 -6.907616121802343 0
4.491037545079743 -7.10705020040198 0
4.050849825186351 -4.544391530080172 0
4.224772748049398 -4.52752893098646 0
3.596925657562024 -4.460280116480254 0
3.724281285072838 -4.500890865869059 0
3.297696980722993 -4.419942814135005 0
2.76782263929397 -4.385190068934014 0
3.084457371917205 -4.241439208740552 0
3.465284358224486 -6.206496493432881 0
3.239135716159563 -5.981997033451411 0
2.692397029097941 -4.206269860076177 0
1.463893298215217 -4.270531526533231 0
1.559515191263597 -4.577714186552424 0
1.136651670380877 -4.261642954633997 0
1.022376768562409 -4.340587306389025 0
2.265343763665139 -4.241316952082047 0
2.274321402149189 -4.179734234676522 0
2.280617570086818 -5.343736955513091 0
2.43269307728337 -5.409287374249954 0
2.108456449914188 -5.315956837907294 0
5.183756023236265 -4.248674203142794 0
5.116521753045535 -4.237693992545402 0
5.455078421482214 -4.22372035659481 0
2.310262395983915 -4.314893725511626 0
2.555033957380815 -4.189662563046491 0
5.076002405329421 -4.297814075260996 0
5.056900490278102 -4.233421096489052 0
1.162336450935891 -4.493635824274294 0
2.210478223692265 -4.229129799990696 0
2.207814692774548 -4.174227222290157 0
2.164958417845213 -4.228015218467219 0
2.144993688829739 -4.177884384432655 0
2.120844280584123 -4.2236355084092 0
2.0941173315324 -4.152052603315086 0
2.06332446473474 -4.198181101571049 0
2.382417732710308 -5.567815953570428 0
2.602784746635095 -5.547177862936686 0
2.392620745550467 -5.748615763922994 0
1.958146977087266 -5.133364682990447 0
1.015707150665863 -4.237639635386412 0
4.575197999830612 -4.616478153854175 0
0.9365132744517053 -4.313118494265241 0
0.9940343749249675 -4.421031722697779 0
3.122851610916596 -6.293695659691743 0
3.241364571821165 -6.545684761627968 0
2.032697370690098 -4.146307728645371 0
2.001331256932136 -4.202156444251286 0
4.189882283117726 -7.141607107620885 0
1.24985125022112 -4.234626729710509 0
1.902626766619126 -5.328393708020736 0
1.801066681743601 -5.089176743132344 0
2.434879739806798 -4.182160192474396 0
4.867046411690545 -6.607852069866803 0
4.945049029381138 -6.907496893667057 0
4.93889871669535 -5.658327669096376 0
4.958306812265684 -5.885569264101441 0
5.13728552204332 -5.714689488868999 0
1.992205752715818 -4.149272681046406 0
1.951903967715105 -4.200019685336581 0
0.9255728072700249 -4.20207508494415 0
5.175296557122268 -4.184530535532342 0
5.22390984951581 -4.174739644396541 0
4.131469781323544 -5.357183075014829 0
2.504801645923966 -4.375681057836821 0
4.443721163324044 -7.468282592849602 0
4.775527531005336 -7.498194307621688 0
3.454075579322019 -5.833908718872604 0
3.243021573361733 -5.706592144866531 0
1.940566844287479 -4.143336674791885 0
1.893178181049008 -4.177846318515527 0
2.296621479317211 -4.135082831871687 0
2.494252921283379 -4.605790102410817 0
0.8554755124215558 -4.262849035637426 0
0.8243101436023067 -4.173858499768336 0
2.596784513415038 -5.750649604553878 0
2.823904951491048 -5.591294114370409 0
2.402306356595758 -5.951705528390159 0
5.001784675703213 -4.304225208994227 0
4.989731363747479 -4.240764765914085 0
5.001451595643873 -4.177733668931814 0
4.954019662370632 -4.17438242441577 0
4.932917869971747 -4.219692215381436 0
4.89776744912929 -4.179790632927029 0
4.865102081420754 -4.218662072482148 0
4.849649587644849 -4.155593002171408 0
4.810657530898419 -4.211269004567674 0
4.785246645329406 -4.16150948177604 0
4.740190210342753 -4.19394697435322 0
4.731184382663803 -4.142182997335487 0
4.686016783966785 -4.195622870374532 0
4.685943086733958 -4.144158429263475 0
4.645536192895304 -4.176751168238104 0
4.614374950348302 -4.136424300407063 0
4.570623772203649 -4.179343165031032 0
4.565723753045695 -4.130803339055736 0
4.520736843060556 -4.173472694497554 0
4.550184377476811 -4.231249751279944 0
4.503865355567428 -4.219958194938179 0
4.485163318187297 -4.161605702382458 0
4.450823380998489 -4.19813939776463 0
4.435389393764637 -4.149401150018543 0
4.404045717219083 -4.194504294337904 0
4.39089611684338 -4.151200744843769 0
4.343371948058639 -4.171298356721226 0
4.324994649513185 -4.125958108697557 0
4.2947168039743 -4.181163002639338 0
4.280742942344854 -4.133708091525587 0
4.242410919401821 -4.186791308529173 0
4.2350267724452 -4.136912189877122 0
4.205204540033243 -4.176898831373625 0
5.058884555836046 -4.367963033616666 0
4.193621985818509 -4.144597823554117 0
4.156108889328871 -4.162595446502285 0
4.135539810454815 -4.124831982904519 0
4.092689676247731 -4.140859295401673 0
4.120513833797839 -4.182525460583888 0
4.07885581800346 -4.186586057593065 0
4.054121861584314 -4.136792424335518 0
4.022738221029549 -4.171612867766193 0
4.003362058715345 -4.121110368478299 0
3.960074848482491 -4.160728001475011 0
3.967224217247821 -4.122804905736894 0
3.915017882640526 -4.145964694863363 0
3.942802971010912 -4.203301272942817 0
3.895894495639439 -4.186167207775846 0
3.879028482404463 -4.12882130066942 0
3.845412084084323 -4.163704686454698 0
3.842005279073844 -4.117605742043423 0
3.792461056981984 -4.153782336835468 0
3.792837734654813 -4.029187694882287 0
4.46300158856462 -7.792805673677801 0
4.763846365987358 -7.765468399727042 0
1.866339289362507 -4.121383492767911 0
1.833000299244281 -4.185501933093631 0
3.011413929037888 -4.476457179325674 0
2.945831475537375 -4.535505767551118 0
3.036983844390953 -4.538107531591737 0
2.008591385877567 -4.261294130493745 0
4.846272216880185 -6.074739026610786 0
5.127961429750259 -6.079495407726943 0
2.185690006276213 -4.128797475543824 0
1.070395394017663 -4.15972863116749 0
2.991587961275163 -4.585309610941684 0
0.7517059406391274 -4.236734716571553 0
3.802000945336992 -4.107779346873301 0
3.760139540760177 -4.145300508820758 0
4.305573964177928 -4.23369114480624 0
4.514825713674044 -8.0893264488017 0
0.7304587233683811 -4.168590484672498 0
0.6636319197565779 -4.211115273197546 0
5.002382626536943 -4.125840832849137 0
5.045718333000489 -4.120562104307266 0
4.539941949998507 -4.284621273469683 0
1.821230881987337 -4.127409814724587 0
1.784993641500733 -4.158891178771405 0
1.805293842261322 -4.227904633012091 0
1.749972801790383 -4.116715618642032 0
1.716757789597682 -4.173702840349249 0
4.463872593619584 -4.131845271717077 0
4.876471953419276 -4.108330603374189 0
4.767968886777543 -4.265955717873158 0
5.217572764036198 -4.131307755771359 0
5.257993888094352 -4.122829909210941 0
5.280440937143449 -4.169785021167158 0
5.325609348014431 -4.129441822527314 0
4.016258526943571 -7.428093021227379 0
4.771562792265623 -4.117802821548743 0
3.749968221775906 -4.105942326008099 0
3.714633486100005 -4.140804505311435 0
3.669809822636121 -4.021970484308722 0
3.738134771463835 -4.168870965235332 0
3.681749386757154 -4.164571020797113 0
3.664014770663917 -4.124841366624499 0
3.627431095307489 -4.14473750606702 0
3.607795358702069 -4.10264127457227 0
3.572419442213195 -4.134004734702731 0
3.550173914499533 -4.031092187443894 0
3.58554736090018 -4.176475528594828 0
3.54305724639847 -4.16364631821627 0
3.549683794123449 -4.107964037903462 0
3.516824731182085 -4.134150533642925 0
3.492693278361565 -4.095905832606917 0
3.448274676257095 -4.122018176700537 0
3.923293204605614 -4.243457660717314 0
0.6570819401073087 -4.136847279292687 0
0.5804522526065535 -4.200429633220033 0
2.18297949510788 -4.274296956944191 0
1.951058746953448 -4.094628859885991 0
2.062237541770814 -4.124767907296574 0
5.054231655872144 -7.540458400168576 0
4.657390332949998 -4.107311057213261 0
2.19482585394344 -4.443236246914415 0
4.223539193784796 -4.227405452073471 0
4.362422059207928 -4.108054016121571 0
1.711684405920679 -5.244099384593133 0
1.598209418964574 -5.081564656092437 0
1.766262463592601 -5.53431088793993 0
2.927884199100468 -6.496559657403059 0
3.051046515171896 -6.700754154120159 0
4.667921723131013 -4.242052214010482 0
3.823594195940266 -4.075936622330003 0
4.89380526921043 -8.064766789334193 0
0.7979581307146119 -4.357296735516957 0
4.268503968122928 -4.089371042593882 0
5.185222270801173 -6.704576939447462 0
5.267387825610534 -7.021480830267979 0
1.705995556367574 -4.097923816059729 0
1.669055996050653 -4.135455800651165 0
1.658486111110259 -4.09299412940547 0
1.620520428135981 -4.123335544794529 0
1.639993707752041 -4.190752337960525 0
1.59329195483391 -4.160978758971322 0
1.558170313050994 -4.11622613836903 0
1.540715236400809 -4.164214998955808 0
1.517649085101634 -4.099778929039315 0
1.487049450123681 -4.139569543149169 0
2.88468071995379 -4.566687227160326 0
0.8856478357618472 -4.152605071661999 0
1.594807712236711 -4.220270310845258 0
1.898750297284923 -4.242967777746836 0
4.177554610241994 -5.719200557389759 0
5.17092252870737 -4.133879668938564 0
3.478106747862684 -4.167361505040184 0
3.418306962713569 -4.168027691012608 0
3.406678522850912 -4.103999655955647 0
3.378300876220883 -4.136126395522392 0
3.389553565115985 -4.026904392877057 0
3.37816143338138 -4.084253263450567 0
3.349072206128259 -4.106065677919296 0
4.041081439669195 -4.102169766808317 0
2.089642548688865 -4.861933697288378 0
1.960420383846655 -4.813369220151341 0
5.578812847662155 -4.524027292527165 0
2.823637023667056 -5.790817060458155 0
0.5970751241383082 -4.13998577111313 0
0.5188553886819807 -4.174098984243622 0
5.142593670469184 -9.980483702290799 0
3.848508099040826 -7.116320991427856 0
3.401746248124864 -5.54230548561432 0
3.141868694008825 -5.544913147429552 0
3.589270767544953 -5.649156892333213 0
0.8187668119770803 -4.100950747319906 0
3.055851249427568 -4.63248634592238 0
1.677748721259134 -4.902917167114657 0
1.549185103112657 -4.853398507376562 0
4.861404082588304 -5.346803685363482 0
5.101230243825003 -5.367000645561339 0
5.212964719010967 -5.157397517980278 0
5.291909792707731 -5.326002809519905 0
5.378539416595497 -5.158538511277824 0
5.485598770866816 -5.346467136117213 0
1.46285750015234 -4.090902629376492 0
1.434449342057672 -4.141537945789107 0
3.407520872734839 -6.721724699968981 0
3.215785968645677 -6.964082715748533 0
5.53564027599492 -4.621054650581429 0
4.883909072089923 -4.265432682181421 0
1.001923246428812 -4.151869190864757 0
1.053103337393703 -4.098286372340231 0
1.103983735133108 -4.115005287611871 0
4.981995808727016 -4.368102957723073 0
2.177489657972573 -5.72471090224116 0
4.434580190749692 -4.254671882526443 0
2.993296104362223 -4.701245177439344 0
3.958633857661526 -4.263562079232205 0
4.036879368260263 -4.228092531265984 0
4.652711584211218 -8.420174887612358 0
1.186621992252252 -4.203125343722966 0
1.254935508684123 -4.157678438434175 0
1.306158044268668 -4.156277289328684 0
1.306165217819337 -4.105305231901362 0
1.254218420028834 -4.098130190697332 0
4.963206626302087 -6.250877700222496 0
5.314598782990622 -6.301813808403589 0
5.413297258587962 -6.052174487063427 0
5.558447625308045 -6.304666086772738 0
5.697068092881712 -4.561193041784568 0
5.646435564041378 -4.701283294912572 0
3.342063958124331 -4.165863675507648 0
3.304102615320014 -4.129897337867017 0
3.278265574083519 -4.021136960466468 0
3.298064714009167 -4.087027909802073 0
3.264944253409832 -4.12075437218389 0
3.307920036460664 -4.19633978788481 0
4.596326484796256 -4.279739141402995 0
3.111490021000697 -4.542968200087936 0
3.188979761577234 -4.600180917998486 0
4.173644204780238 -4.091378101805049 0
5.17292893623749 -4.090568234683795 0
5.134178927820281 -4.082408834018014 0
2.482767242433851 -4.490813169300823 0
2.363496293709188 -4.462238596408878 0
2.570225921308345 -4.48491333602907 0
2.618494637098484 -4.565024835587144 0
2.686268941079384 -4.494527359892553 0
1.003344527524977 -4.101395267809338 0
4.120704009150008 -4.083522535950569 0
3.260454250251134 -4.092113556651968 0
3.213659279323778 -4.099626779629348 0
3.23919313401038 -4.140328180261841 0
3.175755478932681 -4.127404117494891 0
1.458742497761715 -4.973428845782158 0
1.396565940697878 -4.820890914991026 0
1.244785881673504 -4.927145912561675 0
1.181611486714981 -4.79156439733715 0
1.423693925529683 -4.094624920224853 0
4.550074692395425 -4.328807655288097 0
4.487968656230175 -4.312790381660912 0
5.026125025779143 -4.088537571996867 0
4.972865414594517 -4.093346698564171 0
3.21967500423737 -4.060401895121037 0
3.237117487733915 -4.534331037627988 0
3.254423575456742 -4.640560634398566 0
3.316818699732999 -4.55677017489946 0
3.381702322044366 -4.637098683916681 0
3.29784372775207 -4.715554152779723 0
3.457013103178221 -4.70047680666718 0
3.516150669921362 -4.609502332303247 0
5.017829404869295 -4.428531565158745 0
5.086780668180784 -4.471711257680298 0
3.423263878382024 -4.216327243385109 0
1.403156808859665 -4.246858376501193 0
0.7458127920926751 -4.100328538820469 0
1.56605148805877 -5.41068340596004 0
5.069248645900287 -8.563538317217535 0
3.489311886283037 -5.413829074173084 0
3.828180646697417 -4.215181201428827 0
1.750976427164358 -4.06733332742657 0
1.812885820685178 -4.361680042215086 0
5.229120472104962 -5.014411840272102 0
5.411100882953556 -4.987480656315512 0
0.5580825014926515 -4.293887323133363 0
0.4801835275524828 -4.126915180145554 0
0.4317848227269219 -4.152037467139828 0
5.318866533611238 -4.31940134040917 0
3.198816406981292 -4.172191912446928 0
3.143215388926548 -4.160154635710597 0
3.146871482362223 -4.094592017095774 0
3.116570829111978 -4.124292521647773 0
3.105041438319323 -4.090279589505244 0
3.0713638626991 -4.09247226514383 0
3.074998848779742 -4.137197989758937 0
3.030252513625529 -4.126196463191611 0
3.017298466289753 -4.161118466176926 0
2.972005403582993 -4.145696118606038 0
2.990919510724344 -4.097118007575865 0
2.92528202933679 -4.120440164988826 0
2.934336724181251 -4.164164183697321 0
2.884701977583139 -4.142434460494449 0
2.893811210424011 -4.088959256604577 0
2.868046947067336 -4.111903024060497 0
2.850856251300208 -4.156874809640007 0
2.835850968036453 -4.127427748171438 0
2.838903172514648 -4.087550380985201 0
2.797938749792947 -4.089437069432371 0
2.792013208018802 -4.140316794158873 0
2.744263322595938 -4.12551387776552 0
1.851668191202356 -4.084195312112564 0
1.903025284623449 -4.097355429728204 0
5.359868100485214 -4.172680435193304 0
5.375957663065723 -4.126656925738917 0
1.199212182646836 -4.149382321982113 0
1.204219176187658 -4.100569683018488 0
3.649912487585446 -4.0890094032621 0
4.91803437848002 -4.126973073980158 0
4.906054291900919 -4.079415839734301 0
4.86537767929117 -4.075150734979069 0
4.814198030829639 -4.132239946513229 0
4.795546614596001 -4.082316677409636 0
0.1012052208190633 -4.032275374891913 0
2.026974420962285 -4.102226894616455 0
1.343439232196507 -4.133782920705467 0
2.755199104006965 -4.076181873702033 0
2.714297015704029 -4.077858732229746 0
2.700025996592361 -4.115876433982685 0
2.671824868129997 -4.091378043617838 0
2.660252287737862 -4.119755434229936 0
2.628675359952636 -4.10376696883093 0
0.7975889908273797 -4.736604651479053 0
0.9312448897042293 -4.637536676083791 0
3.531025528708635 -4.078258161463304 0
3.489867033245206 -4.059128806032962 0
3.671556007933716 -7.292095442825379 0
3.760399804776257 -7.652908130117321 0
2.148324665227248 -4.126110435449925 0
2.187496003165346 -4.093706054770655 0
2.224250127838137 -4.098131729023397 0
2.119487796246873 -4.079047543088654 0
5.287149755863359 -4.092920187444205 0
5.213602535255291 -4.090748426253476 0
3.425366376139074 -4.072975678884109 0
1.336267443278973 -4.079636761927918 0
2.388964922845677 -4.17011236858188 0
2.416901944943028 -4.12670729168243 0
2.461138564188436 -4.148393432050932 0
2.383437605736361 -4.106730471600777 0
2.436564224179211 -4.090021870990117 0
2.484802508090245 -4.103232171266455 0
2.509255576318803 -4.145751679327475 0
2.531900203690545 -4.095625224325845 0
2.607286267703292 -4.142613567214655 0
5.788118939802667 -4.326327560485357 0
1.994181004783428 -4.384229423089315 0
1.565310910069722 -4.068680421180494 0
1.593643695648414 -4.099161385450009 0
5.058532594151606 -4.61136720197707 0
2.257488470767864 -4.133932628001661 0
2.294786374536137 -4.098684045428122 0
2.857051318983908 -6.831329492641573 0
3.781396094893487 -4.073420012134267 0
4.299702991498787 -8.405557293595926 0
2.787552925662871 -4.215469359453939 0
4.714291717882509 -4.101130755224341 0
4.732340343078003 -4.373364556730761 0
2.067810034044723 -4.325376804547509 0
4.418282147164311 -4.112287280662365 0
4.453242695127495 -4.08940713908757 0
4.494985108149375 -4.091182757361958 0
4.394517491201139 -4.078904851017542 0
3.579277456506571 -4.281625273958228 0
1.791019228045817 -4.095726396138256 0
4.311741526224334 -4.091902378874654 0
4.224507228161706 -4.095093346190789 0
4.246224398551393 -4.055441423780202 0
3.747728518489088 -4.283055506972541 0
4.147546344465789 -4.328219804005807 0
3.454055800617767 -4.082984666321721 0
4.302755279902423 -4.350827370229158 0
2.404139707890759 -4.078274285819105 0
2.368690446234951 -4.071558464565068 0
5.777035289189333 -4.72261082063436 0
5.641518418466783 -4.860046617309187 0
4.656012957037739 -6.200123601033208 0
4.748247037700921 -4.082124408620618 0
2.874092099840949 -6.131537061387146 0
2.716890673230364 -6.371320462921586 0
4.889225125899391 -8.879418662246705 0
2.054414373971856 -4.067305026716896 0
4.256930795189096 -4.28347227365973 0
5.598581002222642 -4.089117251696318 0
5.548621565393405 -4.10299979968697 0
5.506950457672144 -4.138018779670738 0
5.470847579941003 -4.095242273079386 0
5.679196951563247 -4.082868123712248 0
2.938581033312579 -7.082651098975112 0
2.641441612338668 -4.06752765538347 0
2.595705439291355 -4.083875270719799 0
4.685421569574004 -4.08276461457123 0
5.123001884876875 -4.187482753435275 0
1.375991149205744 -4.1645439287567 0
4.602912861623279 -4.088788137661587 0
4.566909077055031 -4.093891857664912 0
4.528919019762533 -4.130820557721735 0
3.998800262663142 -4.081218253937303 0
3.957331667383423 -4.084792250330667 0
3.930314991812991 -4.112164548146784 0
3.926373526162454 -4.063616364297642 0
3.895567416411534 -4.088701206615508 0
2.388304530126358 -4.041264123361621 0
3.57458334038014 -4.084687653739377 0
4.082522841594042 -4.096776153512 0
2.845069854956823 -4.760593771507733 0
3.701739310863255 -4.100833509815586 0
4.18578821370285 -4.269657399443099 0
4.111991245151628 -4.276162764912258 0
1.114754333824738 -4.069329168574543 0
2.89373496640746 -4.239974401390947 0
2.227645273635604 -4.568044815629561 0
3.989889181647387 -4.912398746820368 0
4.05906560489573 -4.785051671214726 0
4.161451099367209 -4.758293021249525 0
3.958192367994402 -4.80138234503392 0
4.128626329145174 -4.668163360408097 0
4.251675618093732 -4.714731165348705 0
4.305005160190296 -4.79467520976699 0
4.376963781377063 -4.744703658150549 0
4.456480105246449 -4.795237779257278 0
4.520116434413252 -4.703265516610661 0
4.036132394242791 -4.67244166713124 0
3.909431992758375 -4.686926084979103 0
3.789825884338219 -4.752400338922778 0
3.760105207982665 -4.650263175325932 0
3.69188550614878 -4.709137751967703 0
3.714685318853355 -4.578327348194187 0
3.866102084100177 -4.870520710308282 0
5.428390685953826 -4.136872194872173 0
3.862016871874148 -4.282193795352721 0
5.328881978675052 -4.080196817409558 0
3.137429124461261 -4.215064951899056 0
3.706937195511791 -4.199550634610803 0
5.320777143048887 -10.43083914342143 0
1.996622215748123 -4.071036435538635 0
4.340911027816437 -4.076642868073911 0
2.521980670862496 -4.061390324654881 0
0.3276320206034573 -4.067649647844524 0
0.3842225246284183 -4.06450610163993 0
1.564668257513197 -5.64750613345011 0
3.613006336109485 -4.058266052465436 0
5.35235201584219 -4.886973043100919 0
3.741502470939511 -4.064069930717549 0
3.739957665512097 -5.807906248419418 0
3.798904931498646 -5.640592217447447 0
0.2587807003978479 -4.142506515869238 0
5.499930000986977 -4.855905550731249 0
3.034162354751106 -4.084324214963606 0
4.703287710512009 -4.313190970342718 0
5.077622501271377 -4.094313395763569 0
2.715678549023513 -4.601302613404897 0
2.750033560283013 -4.535716367099094 0
0.8666543300430477 -4.509674592863072 0
4.729524967073681 -9.544446304317947 0
4.637022808240585 -4.06906132836798 0
5.377013235560866 -4.075347744256463 0
5.312407595907919 -4.03965846574286 0
2.242592397953849 -6.526807264872477 0
2.005217952042635 -6.183407029540442 0
3.139374512215573 -4.058782480750755 0
3.180076099140089 -4.076719865726396 0
3.297732212819628 -4.055114211134365 0
3.331225978398576 -4.075977809688164 0
5.622170807994422 -5.038574453948594 0
0.6232704853052852 -4.091849789930388 0
0.5822636716608016 -4.070809230299556 0
4.596607957413794 -4.057359452825435 0
3.92201919440096 -5.879431093250389 0
0.8733512248957511 -4.101474907451114 0
0.9171959860416898 -4.088840819635282 0
5.325781950273303 -4.215232109242194 0
4.073152781443688 -4.065148144072398 0
5.832931974611371 -5.332626949812753 0
5.78361775174659 -5.562187800981999 0
5.618843402948325 -5.662168685581412 0
5.886420331920421 -4.118510652294684 0
1.422776244625869 -4.189407775748725 0
1.724100719793299 -4.768515527258855 0
5.145890332547239 -4.052583637640666 0
5.221964555815365 -8.997490619913712 0
1.074262858002925 -5.007421493833101 0
4.560183467825901 -4.836048392645206 0
4.619049377817458 -4.736545388546721 0
4.673401157420765 -4.864820955034161 0
4.724127222823659 -4.761671582255864 0
2.427591718796036 -4.418425190378445 0
3.3606361608709 -4.056010959382665 0
3.552002189562624 -4.750558000561838 0
2.553122366567198 -4.136792197584671 0
4.294041661535822 -4.066319169023512 0
2.870270098950736 -4.065076324501868 0
1.297218823924226 -4.715364138495316 0
1.119749008321911 -4.669167354372986 0
1.487351362163175 -4.681740780684409 0
2.639532952991439 -4.215610986792326 0
2.948171494818971 -4.08058948223441 0
3.090327208788349 -4.460230922171546 0
1.034183105640371 -4.059085721500383 0
1.491147012663343 -4.068164044546354 0
2.997707939031236 -5.933861057904272 0
5.772674222976626 -6.061615867091731 0
0.189024135118684 -4.087158830947389 0
5.730784805551627 -7.403995566175581 0
5.344093279382303 -7.484823108631767 0
5.390466442023869 -7.836138427630441 0
1.842022123232295 -4.784402508915528 0
2.696153607158584 -5.383544656665286 0
2.861515143209857 -5.427892296760282 0
1.942158571915248 -4.320904142287548 0
3.474639710017098 -7.932003192959251 0
1.684190992243692 -4.236105708695344 0
5.708986220618967 -7.058709833306186 0
1.940076459080132 -4.061035826061004 0
2.554324829525636 -4.726545245520938 0
4.670730401689818 -4.643040501749113 0
3.070019925471487 -4.061004879927501 0
1.530557400473434 -4.30151118350122 0
3.557362636236142 -4.234609531215717 0
5.602961320104893 -9.688038970902216 0
5.227037571051573 -9.525411499415133 0
3.492953202161629 -7.108699352256836 0
1.974527114817796 -4.039377291905734 0
2.479160987626217 -4.197415843167112 0
4.374209631762771 -4.89870586556018 0
2.554417952240207 -4.058970383519774 0
5.708774658838678 -5.216416555227034 0
5.053071263042392 -4.064871435431644 0
5.320371052293583 -5.563475308130235 0
4.329733444990514 -5.523174018203494 0
5.671879551093202 -8.049084536516439 0
2.731831141923338 -4.163577264191749 0
1.993816788362252 -4.712649782620304 0
2.546995271710507 -5.259495333245673 0
2.819423317011728 -4.180649851049049 0
4.794117798834623 -4.330972729698058 0
5.318690682154734 -8.223755230927946 0
2.995533620302795 -5.601730969655462 0
3.970875378521905 -4.570650256505933 0
4.361012264600531 -4.29303832333046 0
4.062798961150403 -6.904792479436415 0
2.900172450065645 -4.176687235045495 0
2.188828808324847 -4.060612435249147 0
2.230565615474331 -4.061325304209719 0
2.15637472621508 -4.057263106717147 0
0.9449824408032139 -4.139723948401725 0
2.988775678493472 -4.197915062753204 0
3.447010898901145 -4.559036969420355 0
3.560082373363747 -4.529332538659328 0
1.825473822505042 -5.726453968335808 0
0.6873262478881224 -4.094199290165388 0
2.990539895459941 -4.057039759386113 0
2.962487388661416 -4.046770319558644 0
5.790552191553576 -6.336674007629377 0
1.853483488133677 -4.929003040947442 0
2.00373339569515 -4.992127853952846 0
1.67658147709919 -4.065956647803958 0
1.64464758747956 -4.053209802159524 0
3.965048025914961 -4.323193395286383 0
5.084852798517074 -5.004556462148043 0
1.406976794730302 -5.24036634919269 0
2.14299611562091 -4.330629333849362 0
4.842683649087841 -7.213355239863147 0
1.305849772756976 -4.065525706093752 0
1.8498019357931 -4.297532073836813 0
2.216585185492254 -4.359103839571681 0
2.280165574843563 -4.423165669013231 0
3.496050210124089 -4.872950656412987 0
3.696738909959921 -4.029111220207473 0
3.715612075041535 -4.065558221687294 0
5.280921652978958 -5.905023447470851 0
3.585123759913149 -4.02926448647063 0
3.909087911344263 -4.035292822782563 0
3.844410471183597 -4.023945634255456 0
3.862852633037136 -4.053777699700695 0
3.998889753142027 -4.025173288434557 0
3.473598715636977 -4.030622838196279 0
4.055007134080059 -4.03740081049567 0
4.043513558264019 -4.066098927989866 0
3.93902147741015 -4.026991709881547 0
3.816817106484906 -4.025380920367226 0
3.37085452612498 -4.025626356745969 0
4.109546260809783 -4.020994942433383 0
3.755640032252169 -4.028588065477178 0
3.635716076902933 -4.02573486551318 0
3.503907450798347 -4.022480694094058 0
3.420553360100469 -4.032198850633655 0
3.204875662533696 -4.030661006711454 0
3.145757810421762 -4.030823150806544 0
4.170700991821344 -4.034339996294138 0
3.234905928775616 -4.022158326744638 0
3.306039392543065 -4.026902663587961 0
3.083933373149486 -4.025201477681557 0
4.232973839496054 -4.027511843497078 0
4.263999166697968 -4.026997262666571 0
5.886241834321948 -4.296555511708744 0
2.679979441837227 -4.060370010549374 0
3.029315479961458 -4.027311671226309 0
2.877762962469864 -4.028157699105521 0
2.821211105099484 -4.027679582418914 0
2.808268287114251 -4.05530151807236 0
2.759589151667053 -4.026522508297818 0
2.691823518150137 -4.020565726207543 0
5.11636211181277 -4.128618750481908 0
4.314384087815702 -4.026294006499914 0
2.633535432955435 -4.030481205592755 0
2.747014858913714 -6.644717399608253 0
2.519894364801063 -4.032167529743414 0
2.573372972310379 -4.02886812232644 0
4.379429587199832 -4.028097447646648 0
4.443445875673592 -4.034349451585844 0
2.743466319955859 -5.241792913914863 0
2.458688772612011 -4.026523984157802 0
2.485246164789915 -4.060219340139173 0
4.513801708758233 -4.023598980607785 0
4.542221787153243 -4.02775685053817 0
4.534344691717755 -4.058444560382661 0
1.322587615572681 -4.033894614939987 0
2.580794886062488 -4.109888378530894 0
2.305170586684822 -4.027212486203577 0
2.287920467758545 -4.060926652744068 0
2.241225081700131 -4.021826814514144 0
4.597182678363987 -4.031660933593479 0
2.186605098729581 -4.032127927095727 0
4.64745211694488 -4.029341934576703 0
4.718253433087536 -4.028414843625661 0
2.103951100308887 -4.035019344056382 0
4.791764481561965 -4.024178578165084 0
2.034490750232752 -4.021956323821758 0
5.11250906398458 -7.288305707564454 0
4.843869309999715 -4.025623274093102 0
4.835612811556628 -4.053556157208837 0
4.209236808466983 -8.16690613550767 0
3.289112721828769 -7.297312142777062 0
0.8300429005851775 -4.053707967238903 0
1.893426668450368 -4.024022348653689 0
1.83967008755608 -4.026623084184589 0
1.76148044781365 -4.034808900592492 0
5.374694309837976 -6.60229993123558 0
4.87197499568677 -4.027192708168293 0
1.675928413609559 -4.03095125241149 0
1.737893623010518 -4.026504018297885 0
3.260171305989566 -5.415106071199409 0
3.093710296168023 -5.337436381867828 0
5.673149212812429 -5.404872654792353 0
5.725802808837976 -4.444116332704707 0
5.652772580391091 -8.833542125903961 0
4.922909858222943 -4.029890302877564 0
4.947259468434638 -4.056367115447787 0
4.991278184187582 -4.029708967770479 0
1.585475925819912 -4.02260597311868 0
1.552029867746262 -4.030758833648349 0
1.538144999014271 -4.22045270871188 0
1.457083461415854 -4.055899259179843 0
1.493306807902012 -4.034086703469176 0
3.734040721455698 -4.227634039039143 0
2.12038326847598 -4.2686118371288 0
3.102570674506553 -4.177339068779781 0
1.406021995464868 -4.026489368251864 0
5.08256939142933 -4.035586910913782 0
5.10383578346362 -4.066758004092068 0
4.942575034326973 -4.293300859030504 0
2.23365230484842 -6.237595419153821 0
2.851237751304273 -4.509072475162792 0
3.271884735954348 -4.169733667655648 0
3.278455643730532 -4.23452156491077 0
1.190377667697859 -4.027983688078479 0
1.152091084383477 -4.023408474362644 0
1.143313545454099 -4.045712861791714 0
1.262470690016457 -4.024813053661975 0
3.630579329484712 -5.45179569912808 0
4.124192697859344 -7.840903259401983 0
5.173411468924328 -4.028110720916457 0
5.229816257652126 -4.02595522138856 0
3.372688182074798 -4.20636272359899 0
1.09700071423832 -4.029961361944884 0
3.475920281210806 -6.480767223891638 0
1.030935471801206 -4.029110523779647 0
3.519378128085492 -4.198233491020935 0
1.001637854226039 -4.025429045282344 0
0.946494004925273 -4.027799909830114 0
0.956309209065304 -4.058972883155748 0
4.189300625114766 -4.060631087616454 0
4.30605589840471 -5.361318689069772 0
3.637523808858731 -4.198000935390919 0
4.660623832863801 -5.936672915114741 0
3.878493431961635 -4.231564394868136 0
4.083611519986678 -6.588004348580846 0
3.182906498805843 -5.204366045861949 0
3.639325220964411 -5.295114140734352 0
4.056179138217903 -8.643374316544575 0
3.774591960841525 -4.19988633410343 0
4.496029118197176 -4.580716014191864 0
5.005132349405154 -4.069577857938836 0
2.291149234870594 -4.924262733801259 0
4.486823926679326 -4.263588156214756 0
3.98918533542136 -4.229288216790774 0
3.965958272720281 -5.339734782942577 0
3.977832484211027 -5.506030798986238 0
3.50291171529786 -5.289230754785292 0
4.370851385535302 -4.229387010368909 0
4.261605656021793 -4.235411743674989 0
4.184443814422755 -4.207501287417349 0
3.045979678521427 -5.128856960376881 0
5.381611640364895 -4.019550255822775 0
5.433915691416646 -4.071853275753697 0
5.448038083460847 -4.040267347134773 0
2.160006312182754 -5.967822659884712 0
0.885775029340958 -4.027794009857607 0
0.8345818877811119 -4.028629880500611 0
4.128353474960774 -4.536928631578701 0
0.7788568255729822 -4.023466129294347 0
0.7773223467949559 -4.068960998678922 0
4.307938116413733 -4.588532715289007 0
4.610759167928363 -4.223830950091019 0
3.656301923778221 -4.488578924337871 0
3.803857224263044 -4.495638361801398 0
3.542424449813931 -4.42717318777948 0
3.363653399407995 -4.434575769536719 0
4.721436340865761 -4.25301712953344 0
3.227731254771788 -4.4010028586945 0
4.818091892358144 -4.272898849871144 0
2.857633035675086 -4.412952769078276 0
3.014607811386128 -4.398140103607354 0
4.567407307158199 -4.059857263449246 0
2.180083699988246 -5.507782716290445 0
2.091998816891955 -4.067973687287697 0
3.615922201615211 -4.647125696222843 0
2.70883571058911 -4.406146195864356 0
4.72621558164085 -5.293925655634834 0
5.126552144432235 -4.385778595735455 0
2.331974981361907 -4.090048307498678 0
2.571340940202753 -4.391487665976773 0
2.531421144993932 -4.433023231343221 0
4.889665598638269 -4.057388454635895 0
2.376363067020017 -4.331342491547029 0
2.440339479365514 -4.343992791699759 0
4.219088585079222 -4.867832486605016 0
1.384530390192088 -4.064394120830064 0
0.7209895509668711 -4.023264154606555 0
0.7181469706445144 -4.068513374738146 0
0.6503122573304942 -4.028074696324111 0
4.50604650538495 -4.93368390060045 0
1.911564820944714 -4.058694411245369 0
2.2442859567453 -4.297251230694634 0
0.6631599719792287 -4.071415742657912 0
4.918282738111795 -4.342400486048414 0
1.978407651794498 -5.532344067642462 0
5.530532737850893 -4.029325845376041 0
3.186045777616072 -4.489432457380317 0
5.44925341994808 -4.594501706334077 0
2.587431356815502 -5.096645654170488 0
0.5848814142520824 -4.025574132789957 0
0.557772385404612 -4.040017095597929 0
1.763127457002977 -4.203009369001275 0
1.744366486518695 -4.252613699658323 0
3.422160887038812 -4.274977435533565 0
0.4997858688660243 -4.023946679848401 0
3.557804571002158 -4.062453561899681 0
1.951397308293076 -4.253064589706788 0
1.234730752626811 -4.057837509418873 0
1.851206706330697 -4.240230265004914 0
5.653372296702524 -4.030067397128324 0
5.68803495295977 -4.034748749833184 0
5.587497760263772 -4.021563853747744 0
2.79037616774867 -4.63591546541855 0
4.086532132320174 -4.603151747463176 0
2.915764631623871 -4.061863845268422 0
1.660984087791737 -4.624638585800432 0
0.4673366935613825 -4.026111318503235 0
0.4583945124560087 -4.070329054548963 0
5.059516169370597 -4.022847336977542 0
3.684966552329262 -6.854418243760668 0
5.753511721702233 -4.038669968174709 0
5.725082702171785 -4.063452849267392 0
5.542941335472745 -5.921946525517467 0
2.694364672131369 -4.162564175429695 0
1.947210442327635 -4.033374997534619 0
3.023937917204145 -4.216839776653918 0
3.371656355086898 -4.803956328004543 0
1.877731199883889 -4.668819637334028 0
1.475246165235179 -4.527030682705583 0
4.018546978461011 -4.056330450412444 0
2.259185495350865 -4.100525626331613 0
3.887098903723404 -4.058495628113741 0
5.808006062905918 -4.84084166709598 0
3.990843701664539 -4.050000643811519 0
1.461289755364743 -4.024678573460985 0
3.683523604258601 -4.064734219766835 0
3.584926533799385 -4.057283274521348 0
3.831739519203339 -4.043698411827125 0
4.426292117014285 -4.062238547421596 0
4.784910572410034 -5.481309892771353 0
3.723226637695257 -4.817498807521114 0
4.096994178553575 -4.054670497486456 0
5.24467463234378 -4.220038126443811 0
2.022157062742918 -4.0499496323418 0
1.128220685738714 -4.183567287549707 0
5.077839140047386 -6.475576943022859 0
0.417360211882375 -4.033984826216425 0
5.250457845239906 -4.05694385730013 0
0.3809389363640409 -4.030358711726548 0
5.487123366737562 -7.243881730191103 0
4.495736566177944 -4.053201955068158 0
5.576565599115867 -4.054525553183543 0
3.130073230414921 -4.675981019159683 0
4.464922948264942 -4.05844245258344 0
2.346172769268713 -4.397031670435372 0
1.081186381688625 -4.441810970483781 0
0.9718017394751073 -4.491992067107494 0
3.063566674153341 -4.762656209757975 0
4.769638936326465 -4.665257795947521 0
2.446137993795171 -4.05141946764873 0
4.364922780777225 -4.057332951708598 0
1.290330332607048 -4.488068050995811 0
5.883730275238563 -4.222497120679209 0
5.180770781143448 -4.477792470541422 0
4.793147897512893 -6.383146867158259 0
0.3593562219993384 -4.251006030512174 0
5.678786581016531 -4.298175846336401 0
3.461565824447938 -4.058156382647055 0
2.324944777209842 -4.059706097792295 0
5.126866043158572 -5.519768275623827 0
4.865252489319392 -4.330179923855174 0
3.829833280791673 -4.603766520895573 0
1.650876432357363 -4.02920259579482 0
0.7002827775453252 -4.327067491385219 0
0.7433419372312866 -4.442183470201333 0
3.629521993150401 -4.550680255191888 0
2.933071705625129 -4.207029712829554 0
3.089402255305618 -4.378699854506717 0
1.006042497908872 -4.73736822111673 0
3.019348701575713 -4.048986864229139 0
1.618245025977587 -4.282421312986726 0
0.5165142201327274 -4.054265337651382 0
4.531162456893225 -4.093015957198639 0
0.4630504401500306 -4.386741915409878 0
4.459388685202677 -4.38768314062575 0
2.724515985564001 -4.45260852577346 0
4.647015802505056 -4.290848847801465 0
3.200680428930975 -4.712830568831399 0
1.877489245195009 -4.050835685994802 0
3.785518395278055 -7.913252818975906 0
4.426171234976604 -4.320551435522362 0
5.118664163440857 -4.886126768841977 0
2.168487213018982 -5.003495926899826 0
4.919756758534975 -4.053509467910783 0
5.472768597207952 -4.05098808506829 0
2.923444648516094 -5.262324570784338 0
5.277399748381633 -4.027715747209002 0
0.8984084721077924 -4.394491782628204 0
1.84440286458578 -4.054455226840794 0
1.817305389621994 -4.059568764076158 0
5.632715920896089 -4.061299357813082 0
2.653207429916095 -5.976380001153092 0
2.831398376250743 -4.060468444116109 0
4.416395368557427 -6.175820668142841 0
2.066649919059972 -4.265872410306828 0
3.975118751662225 -4.493837907439307 0
3.472417901702616 -4.230904662088692 0
4.977466780332891 -4.05839548220129 0
1.793690061358434 -4.272987915543637 0
3.103578011440502 -4.054593540346751 0
5.506933483190685 -4.066922921719978 0
2.755563770676503 -5.099520688179717 0
0.3600839508203441 -4.137716545227168 0
2.15945133071053 -4.030887881408439 0
5.492514729900065 -6.838477786353464 0
4.934980134553993 -4.08874689048514 0
5.478081408957764 -4.029665877453507 0
5.175759550329725 -4.055514599250909 0
3.853754944393396 -4.084359316727421 0
0.318347950634954 -4.017871632246409 0
5.441806787191519 -5.767090459030567 0
1.161000749861346 -4.091484039543974 0
5.789218549039308 -4.031598400541545 0
1.478049131474428 -4.207842343217619 0
2.411820322076096 -4.052718445599185 0
3.609062940775978 -4.246761004330613 0
3.257390873053475 -4.049836010911098 0
4.961347857035609 -5.483257177304825 0
2.513510188314459 -4.175558163448093 0
3.194037947308947 -4.055844692910386 0
2.3680089501806 -4.0271337531872 0
0.8944987724997266 -4.055914943703735 0
5.149242410191451 -4.028145978444175 0
4.90021666437688 -4.411823155420253 0
5.490326213525709 -4.735012827742914 0
4.156977193643601 -4.055054118167758 0
5.522009360436305 -5.203076950953594 0
5.846009678901813 -4.60722206588315 0
5.059116074391688 -7.784934376469294 0
2.901538574072616 -4.650523976128386 0
3.800296224195169 -5.481220806877777 0
3.969972906081222 -5.687324068392964 0
5.613434050354428 -4.39772849463652 0
0.2592063835604473 -4.033604566713812 0
4.329888311952587 -4.670475798095086 0
3.245740563536613 -4.820848436477487 0
4.501331519134788 -8.793367921140801 0
3.397428631342966 -4.497063740007662 0
1.337489320389387 -4.216493557451446 0
1.423967394968093 -4.048171558608798 0
5.660481689744207 -10.9330543390117 0
2.654492125324544 -4.662435051908209 0
4.208653378767624 -4.606852309635577 0
3.803696217363759 -4.057013275158347 0
3.168873581606533 -4.048012509334706 0
2.949253790947963 -4.78455768899516 0
1.949502712097944 -5.866452825215358 0
5.616187931453269 -10.04458620568059 0
2.634735533702504 -4.427663664272468 0
1.273278677772768 -4.054602604707942 0
5.213703338375969 -4.052352180489547 0
5.062515490330085 -4.171090200591106 0
2.761545551992384 -4.181445351540635 0
2.697270152524838 -7.02459106555381 0
2.129731191681893 -4.052493682168453 0
2.711125333502862 -4.0425644674845 0
4.617316263143351 -4.051831594630821 0
3.647930344387292 -4.048390078519437 0
4.863001846484378 -4.0521346180803 0
4.832670505387606 -4.091272539783634 0
4.428540037830981 -4.654980297663001 0
3.045446319924257 -4.057046320542239 0
3.438915469513741 -4.049448399924702 0
3.239639382789206 -4.205331477232128 0
2.488044150442539 -6.457819718844613 0
4.158435300959818 -5.526883140224315 0
1.350105803037129 -5.458413061253829 0
4.59848663358485 -4.333032149572698 0
4.214454916736772 -4.059988417809553 0
4.134505097724594 -4.231956376800493 0
4.513380755886797 -4.363404177732772 0
1.356601081587907 -4.026576390568144 0
0.6459784096721591 -4.27738128111846 0
5.64496298120334 -10.61260211407377 0
5.072198815425446 -9.220719469251476 0
4.323359668154092 -4.052487581444416 0
3.810801079570781 -4.262876443642648 0
3.999653990044785 -4.291774427989717 0
0.9953703360826944 -4.05633399308697 0
3.785123653804152 -4.559427421207097 0
4.564416940488338 -4.401303702769133 0
1.046806970616639 -4.85784401745811 0
3.253803057600364 -4.459814991625388 0
3.768860172777217 -4.247887510517328 0
1.995512516902187 -5.698036651749598 0
1.069800303361441 -4.062734473237809 0
3.517046693902458 -4.047623218503014 0
5.517505808492488 -5.509392994460217 0
3.766096108783695 -4.048863325740434 0
3.922620992335377 -4.299103033183354 0
2.580275278470996 -4.054859016993628 0
1.602020506237926 -4.734259346777628 0
2.975950706022439 -4.021601523877131 0
4.773489020400376 -4.061874309884319 0
2.259034637762063 -4.041705382780595 0
3.959004873330125 -4.045040427404611 0
0.9243516333588887 -4.055477252980089 0
1.364572147327552 -4.101743543746489 0
5.41300443734298 -8.71555277536878 0
4.700364811425247 -4.043364819643866 0
4.709852485091699 -4.065573587062393 0
1.599327904974595 -4.053321745824813 0
5.620437333443645 -6.584234829651217 0
2.780880492236457 -4.043125161070295 0
1.170174218013108 -4.058927313076234 0
3.03004943941945 -5.744354773710166 0
4.080610397388549 -4.235053245749071 0
2.402969837316176 -4.019939536984396 0
2.483214060016508 -6.199577807182601 0
5.281379701215328 -4.25631407750278 0
0.5432561359712311 -4.109840504503345 0
2.861632197100239 -4.19894526717481 0
1.750294255688913 -4.319281600313972 0
0.467494590398265 -4.216842671234107 0
4.047846175916617 -4.27200281463616 0
5.399476076088115 -4.819114433349801 0
2.562358257641789 -4.086303670519365 0
1.204311943877436 -4.06404116238081 0
4.945260548781625 -4.486872221028144 0
4.732951422118286 -4.051703867299998 0
1.718666016586246 -4.056804754175252 0
4.957327844350045 -4.135002749742862 0
4.590845608513539 -6.430071852218918 0
3.333477214039214 -4.217704799018566 0
5.373053722973017 -4.256931244994925 0
5.404505479242456 -4.198807431564495 0
2.891232952686748 -4.046617801107663 0
3.313061505462044 -4.469308413047315 0
4.673730002247581 -4.051691535412331 0
3.710952454785165 -4.259560241683051 0
2.930419163662251 -4.029423172567993 0
1.32839003676632 -5.054965904068511 0
5.477096990341792 -4.173501265523711 0
1.240673753636616 -4.581664073287355 0
5.280714561783296 -4.057040873554605 0
0.7061014869875553 -4.582184667430949 0
5.129620743417819 -4.550521397833231 0
5.581137921210685 -6.105242732636549 0
1.822903393014165 -4.087468906847545 0
3.730825608316348 -4.91812872416376 0
2.598793861332712 -4.182576580397979 0
1.527002262407939 -4.065649090941993 0
0.9609310884704848 -4.09451901111032 0
4.403902735158702 -4.043743456491501 0
5.415379706693233 -4.091911739422732 0
5.544179489384757 -4.059318501063269 0
4.222669676258019 -4.259712055693054 0
3.321947196827276 -4.05524336756911 0
2.607360888151907 -4.057477841120366 0
4.129912430058069 -4.04585106702748 0
5.250975612803536 -4.867450532737207 0
1.38416860929386 -4.603825477312743 0
2.344412293050267 -4.133208091401917 0
3.056455747878804 -4.190708701851109 0
0.7712671924227251 -4.138547474494795 0
2.8147172776024 -4.565344833810448 0
1.875908839610976 -4.077644420770345 0
3.322752375232517 -4.253314814263898 0
3.397882065799402 -4.051751552755862 0
1.350240853516652 -4.054578062689319 0
4.755770358079634 -4.302383954976047 0
1.395331402625453 -4.126320597182599 0
0.4082569397368881 -4.098374902002003 0
3.649927532426008 -4.791026415961343 0
2.110418909286056 -4.113798193041028 0
2.224463064833852 -4.131544993897212 0
1.897551251612719 -4.286780179871057 0
2.152587937372242 -4.088777873876246 0
2.012358817826536 -4.319264991121845 0
3.504800291103556 -7.554430625347815 0
5.248398624569757 -4.087734603306608 0
3.017134126022909 -5.46304252430106 0
5.822981370183891 -5.008114116388342 0
2.283109781989558 -4.497291471453819 0
2.740529155222816 -4.041631709752767 0
4.266660563076369 -4.049164413259708 0
3.500122228320404 -4.488867901475121 0
4.775680711155074 -9.204725793187365 0
4.804658847621321 -4.04895910938939 0
2.079482815299139 -4.09801236958172 0
5.328764332960764 -4.758309280609571 0
1.626450725141166 -4.081604401115452 0
0.6060850229695303 -4.045497376057893 0
5.604442250885048 -4.042144715711578 0
3.181341396398781 -4.209286438196456 0
2.790444056702051 -4.458123337367228 0
0.8641453565979856 -4.06004236804079 0
1.78483375610425 -4.059147276945408 0
1.965690941820977 -4.067289335668879 0
1.670405717803018 -5.838574409849564 0
2.259351875834733 -4.076114673126507 0
1.147214832885496 -4.134299450834383 0
1.988081777043128 -4.108194580755876 0
0.6340343269297191 -4.054533593545951 0
2.731006395012794 -4.198945650405626 0
0.645351703208641 -4.390624044932806 0
1.974672474399124 -4.017439689276738 0
1.04707100926609 -4.550949868664812 0
2.350779693004988 -4.046554855795061 0
4.306324345204625 -4.289338344953333 0
4.831560268707996 -4.779343886568738 0
2.284042433587621 -4.369238677491497 0
0.7090659561228521 -4.129065708579835 0
4.079690862278287 -4.319531736617117 0
2.994335129015569 -7.431358962355579 0
2.652227129812203 -4.157736901897113 0
3.398719771944118 -5.340196716333559 0
3.676186951806136 -4.235762132352887 0
5.012566431810892 -4.544199897432278 0
4.49565344514522 -4.125888858274662 0
$EndNodes
$Elements
109 3916 1 3916
1 1 1 1
1 2 3 
1 3 1 1
2 4 5 
1 4 1 1
3 5 6 
1 5 1 1
4 6 7 
1 6 1 1
5 7 8 
1 7 1 1
6 8 9 
1 8 1 1
7 9 10 
1 9 1 1
8 10 11 
1 10 1 1
9 11 12 
1 11 1 1
10 12 13 
1 12 1 1
11 13 14 
1 13 1 1
12 14 15 
1 14 1 1
13 15 16 
1 15 1 1
14 16 17 
1 16 1 1
15 17 18 
1 17 1 1
16 18 19 
1 18 1 1
17 19 20 
1 19 1 1
18 20 21 
1 20 1 1
19 21 22 
1 21 1 1
20 22 23 
1 22 1 1
21 23 24 
1 23 1 1
22 24 25 
1 24 1 1
23 25 26 
1 25 1 1
24 26 27 
1 26 1 1
25 27 28 
1 27 1 1
26 28 29 
1 28 1 1
27 29 30 
1 29 1 1
28 30 31 
1 30 1 1
29 31 32 
1 31 1 1
30 32 33 
1 32 1 1
31 33 34 
1 33 1 1
32 34 35 
1 34 1 1
33 35 36 
1 35 1 1
34 36 37 
1 36 1 1
35 37 38 
1 37 1 1
36 38 39 
1 38 1 1
37 39 40 
1 39 1 1
38 40 41 
1 40 1 1
39 41 42 
1 41 1 1
40 42 43 
1 42 1 1
41 43 44 
1 43 1 1
42 44 45 
1 44 1 1
43 45 46 
1 45 1 1
44 46 47 
1 46 1 1
45 47 48 
1 47 1 1
46 48 49 
1 48 1 1
47 49 50 
1 49 1 1
48 50 51 
1 50 1 1
49 51 52 
1 51 1 1
50 52 53 
1 52 1 1
51 53 54 
1 53 1 1
52 54 55 
1 54 1 1
53 55 56 
1 55 1 1
54 56 57 
1 56 1 1
55 57 58 
1 57 1 1
56 58 59 
1 58 1 1
57 59 60 
1 59 1 1
58 60 61 
1 60 1 1
59 61 62 
1 61 1 1
60 62 63 
1 62 1 1
61 63 64 
1 63 1 1
62 64 65 
1 64 1 1
63 65 66 
1 65 1 1
64 66 67 
1 66 1 1
65 67 68 
1 67 1 1
66 68 69 
1 68 1 1
67 69 70 
1 69 1 1
68 70 71 
1 70 1 1
69 71 72 
1 71 1 1
70 72 73 
1 72 1 1
71 73 74 
1 73 1 1
72 74 75 
1 74 1 1
73 75 76 
1 75 1 1
74 76 77 
1 76 1 1
75 77 78 
1 77 1 1
76 78 79 
1 78 1 1
77 79 80 
1 79 1 1
78 80 81 
1 80 1 1
79 81 82 
1 81 1 1
80 82 83 
1 82 1 1
81 83 84 
1 83 1 1
82 84 85 
1 84 1 1
83 85 86 
1 85 1 1
84 86 87 
1 86 1 1
85 87 88 
1 87 1 1
86 88 89 
1 88 1 1
87 89 90 
1 89 1 1
88 90 91 
1 90 1 1
89 91 92 
1 91 1 1
90 92 93 
1 92 1 1
91 93 94 
1 93 1 1
92 94 95 
1 94 1 1
93 95 96 
1 95 1 1
94 96 97 
1 96 1 1
95 97 98 
1 97 1 1
96 98 99 
1 98 1 1
97 99 1 
1 203 1 30
98 100 108 
99 108 109 
100 109 110 
101 110 111 
102 111 112 
103 112 113 
104 113 114 
105 114 115 
106 115 116 
107 116 117 
108 117 118 
109 118 119 
110 119 120 
111 120 121 
112 121 122 
113 122 123 
114 123 124 
115 124 125 
116 125 126 
117 126 127 
118 127 128 
119 128 129 
120 129 130 
121 130 131 
122 131 132 
123 132 133 
124 133 134 
125 134 135 
126 135 136 
127 136 102 
1 204 1 30
128 102 137 
129 137 138 
130 138 139 
131 139 140 
132 140 141 
133 141 142 
134 142 143 
135 143 144 
136 144 145 
137 145 146 
138 146 147 
139 147 148 
140 148 149 
141 149 150 
142 150 151 
143 151 152 
144 152 153 
145 153 154 
146 154 155 
147 155 156 
148 156 157 
149 157 158 
150 158 159 
151 159 160 
152 160 161 
153 161 162 
154 162 163 
155 163 164 
156 164 165 
157 165 101 
1 211 1 49
158 103 166 
159 166 167 
160 167 168 
161 168 169 
162 169 170 
163 170 171 
164 171 172 
165 172 173 
166 173 174 
167 174 175 
168 175 176 
169 176 177 
170 177 178 
171 178 179 
172 179 180 
173 180 181 
174 181 182 
175 182 183 
176 183 184 
177 184 185 
178 185 186 
179 186 187 
180 187 188 
181 188 189 
182 189 190 
183 190 191 
184 191 192 
185 192 193 
186 193 194 
187 194 195 
188 195 196 
189 196 197 
190 197 198 
191 198 199 
192 199 200 
193 200 201 
194 201 202 
195 202 203 
196 203 204 
197 204 205 
198 205 206 
199 206 207 
200 207 208 
201 208 209 
202 209 210 
203 210 211 
204 211 212 
205 212 213 
206 213 105 
1 212 1 49
207 104 214 
208 214 215 
209 215 216 
210 216 217 
211 217 218 
212 218 219 
213 219 220 
214 220 221 
215 221 222 
216 222 223 
217 223 224 
218 224 225 
219 225 226 
220 226 227 
221 227 228 
222 228 229 
223 229 230 
224 230 231 
225 231 232 
226 232 233 
227 233 234 
228 234 235 
229 235 236 
230 236 237 
231 237 238 
232 238 239 
233 239 240 
234 240 241 
235 241 242 
236 242 243 
237 243 244 
238 244 245 
239 245 246 
240 246 247 
241 247 248 
242 248 249 
243 249 250 
244 250 251 
245 251 252 
246 252 253 
247 253 254 
248 254 255 
249 255 256 
250 256 257 
251 257 258 
252 258 259 
253 259 260 
254 260 261 
255 261 105 
1 230 1 24
256 103 658 
257 658 659 
258 659 660 
259 660 661 
260 661 662 
261 662 663 
262 663 664 
263 664 665 
264 665 666 
265 666 667 
266 667 668 
267 668 669 
268 669 670 
269 670 671 
270 671 672 
271 672 673 
272 673 674 
273 674 675 
274 675 676 
275 676 677 
276 677 678 
277 678 679 
278 679 680 
279 680 106 
1 231 1 24
280 104 681 
281 681 682 
282 682 683 
283 683 684 
284 684 685 
285 685 686 
286 686 687 
287 687 688 
288 688 689 
289 689 690 
290 690 691 
291 691 692 
292 692 693 
293 693 694 
294 694 695 
295 695 696 
296 696 697 
297 697 698 
298 698 699 
299 699 700 
300 700 701 
301 701 702 
302 702 703 
303 703 107 
1 232 1 26
304 100 704 
305 704 705 
306 705 706 
307 706 707 
308 707 708 
309 708 709 
310 709 710 
311 710 711 
312 711 712 
313 712 713 
314 713 714 
315 714 715 
316 715 716 
317 716 717 
318 717 718 
319 718 719 
320 719 720 
321 720 721 
322 721 722 
323 722 723 
324 723 724 
325 724 725 
326 725 726 
327 726 727 
328 727 728 
329 728 106 
1 233 1 26
330 101 729 
331 729 730 
332 730 731 
333 731 732 
334 732 733 
335 733 734 
336 734 735 
337 735 736 
338 736 737 
339 737 738 
340 738 739 
341 739 740 
342 740 741 
343 741 742 
344 742 743 
345 743 744 
346 744 745 
347 745 746 
348 746 747 
349 747 748 
350 748 749 
351 749 750 
352 750 751 
353 751 752 
354 752 753 
355 753 107 
2 7 2 419
356 1547 1402 1777 
357 1608 1467 1737 
358 1397 840 2050 
359 803 1885 1896 
360 818 1722 2054 
361 779 1606 1704 
362 1817 1330 2056 
363 1226 1432 2038 
364 1270 1489 1609 
365 1081 1333 1918 
366 1284 1127 1668 
367 1107 1209 1323 
368 810 1468 1763 
369 1543 880 1584 
370 1249 1248 1494 
371 1235 1234 1523 
372 1160 1257 1516 
373 1301 1251 1589 
374 1060 1059 1088 
375 1641 993 1954 
376 856 854 1505 
377 1324 1209 1325 
378 727 728 2017 
379 970 1492 2107 
380 1015 1079 1387 
381 1675 1273 2097 
382 1576 825 1607 
383 1307 1563 1564 
384 1218 1219 1374 
385 1303 1643 1645 
386 1256 1623 1748 
387 1234 1212 1477 
388 864 861 1400 
389 1158 1156 1480 
390 1027 1855 2021 
391 1170 1168 1483 
392 1336 1335 1437 
393 1471 1276 2165 
394 1136 1254 1424 
395 795 1745 2029 
396 1493 995 1524 
397 1113 1255 1436 
398 1354 1228 1455 
399 1533 903 1628 
400 974 972 1487 
401 1023 1021 1092 
402 1532 1533 1535 
403 1021 1014 1614 
404 1084 1138 1473 
405 1470 1279 1471 
406 1031 1119 1458 
407 984 982 1037 
408 1411 1408 1567 
409 1526 1193 1527 
410 968 966 1007 
411 1511 1441 1714 
412 1454 1231 1546 
413 954 992 1495 
414 1116 1028 2015 
415 1756 1393 2173 
416 1412 1411 1615 
417 1459 1119 1460 
418 1035 978 1878 
419 710 711 806 
420 1404 1403 1405 
421 724 725 1575 
422 1233 1154 1433 
423 1524 1825 2047 
424 800 1602 2002 
425 665 664 1597 
426 906 1559 1770 
427 1077 1134 1135 
428 1488 1221 2118 
429 1093 1089 1094 
430 1149 1148 1150 
431 1316 1649 2005 
432 768 1676 1947 
433 1626 1627 1686 
434 658 1599 1937 
435 1485 1924 1927 
436 1571 1355 1781 
437 715 716 1579 
438 947 946 948 
439 1336 1457 1684 
440 1006 960 2190 
441 723 724 845 
442 873 872 902 
443 886 885 887 
444 1013 1005 1014 
445 955 954 956 
446 1065 1529 2088 
447 922 921 923 
448 1389 1680 2044 
449 1394 1010 1685 
450 965 964 966 
451 985 984 986 
452 981 980 982 
453 904 900 905 
454 1208 1097 2146 
455 1622 1632 1923 
456 892 891 894 
457 1036 941 2089 
458 1562 755 1690 
459 1482 944 1681 
460 1588 791 2153 
461 1618 1281 2121 
462 1451 1452 1663 
463 1367 1310 1368 
464 1231 1425 1426 
465 879 877 880 
466 1659 992 1963 
467 1043 1040 1653 
468 1606 1294 2137 
469 1104 1142 1143 
470 1225 1166 2187 
471 1479 1656 2035 
472 1049 1047 1055 
473 669 668 792 
474 1957 950 2048 
475 996 1669 1946 
476 1980 1877 2089 
477 1087 1034 1106 
478 1356 1358 1856 
479 1090 857 2110 
480 1542 1813 2077 
481 674 673 812 
482 718 719 2191 
483 1059 1400 2087 
484 676 675 846 
485 1304 1660 1894 
486 661 660 2007 
487 1925 1505 1972 
488 951 952 953 
489 1153 1154 1155 
490 668 667 1661 
491 1122 1123 1124 
492 711 712 2044 
493 1157 1158 1159 
494 1474 1138 2163 
495 1391 1791 1810 
496 1141 1308 2134 
497 1282 1317 1318 
498 957 958 959 
499 961 962 963 
500 1620 777 1914 
501 1278 1279 1280 
502 1358 1139 1359 
503 967 968 969 
504 1076 1077 1111 
505 987 988 989 
506 1313 1314 1315 
507 897 898 899 
508 888 889 890 
509 1098 1099 1100 
510 1201 1221 1222 
511 1953 809 2060 
512 1509 854 2144 
513 1232 1304 1448 
514 1126 1136 1137 
515 1536 1533 1537 
516 849 1896 2144 
517 1880 1520 1911 
518 1229 1454 2152 
519 2086 1331 2091 
520 1135 1306 2051 
521 1340 1339 1341 
522 1207 1340 1691 
523 1583 1541 2011 
524 1629 1469 2150 
525 1140 1141 1211 
526 1377 1352 1378 
527 1386 1878 1978 
528 1401 1366 1402 
529 1447 1695 1942 
530 1298 927 1655 
531 917 1522 1887 
532 1523 1690 1910 
533 1289 1249 1290 
534 808 1623 1624 
535 1579 790 2024 
536 1082 1107 1109 
537 1646 1320 1752 
538 1517 1516 2041 
539 1244 1242 1245 
540 390 389 771 
541 876 875 877 
542 1498 1206 1806 
543 1681 1253 1776 
544 378 377 1703 
545 383 382 1236 
546 398 397 1700 
547 379 378 1243 
548 369 368 1709 
549 370 369 1346 
550 365 364 816 
551 1046 1045 1047 
552 1268 1215 1332 
553 1414 1416 1417 
554 1120 1919 1939 
555 354 353 783 
556 353 352 1719 
557 352 351 820 
558 351 350 1720 
559 1317 1618 1773 
560 1183 1182 1184 
561 1373 1220 1816 
562 835 1828 1829 
563 407 406 1727 
564 1440 1441 1442 
565 1164 1163 1165 
566 410 409 822 
567 1616 1038 1952 
568 341 340 1732 
569 413 412 760 
570 339 338 794 
571 722 723 1811 
572 1553 805 1991 
573 338 337 1738 
574 414 413 1741 
575 1199 1268 1990 
576 1145 1146 1782 
577 417 416 785 
578 418 417 1744 
579 419 418 827 
580 329 328 1747 
581 1264 1501 1724 
582 1053 1051 1054 
583 321 320 767 
584 678 677 2028 
585 319 318 1760 
586 1617 1324 2064 
587 863 865 866 
588 1409 1410 1669 
589 1574 1949 2116 
590 426 425 829 
591 314 313 1768 
592 817 1666 1989 
593 1790 1390 2079 
594 876 878 940 
595 1039 884 1040 
596 1513 1480 2081 
597 1486 1912 2124 
598 909 900 2012 
599 1510 1476 2027 
600 979 981 1073 
601 1639 1842 2115 
602 1019 1835 2073 
603 1640 781 2039 
604 1882 1337 2022 
605 1086 1085 1103 
606 918 919 1815 
607 1697 1624 1790 
608 301 300 1786 
609 1178 1326 1384 
610 930 1032 1033 
611 852 851 853 
612 434 433 770 
613 915 918 930 
614 806 1680 2109 
615 1112 1319 1798 
616 1566 2004 2092 
617 310 309 1909 
618 922 927 1297 
619 1096 1098 1253 
620 807 1630 2151 
621 1263 1389 1557 
622 1202 1066 1203 
623 883 886 1804 
624 360 359 2065 
625 1300 1142 1973 
626 356 819 1716 
627 346 784 1726 
628 359 358 2119 
629 1386 1290 1795 
630 1376 1706 1999 
631 440 439 1827 
632 1686 912 1950 
633 1230 1129 1916 
634 287 286 1833 
635 415 825 1743 
636 1580 1771 1845 
637 1000 1002 1848 
638 1277 1278 1285 
639 836 1833 1834 
640 1634 1693 2033 
641 823 1729 1730 
642 1707 1581 2020 
643 1240 1244 1805 
644 866 1030 1872 
645 424 796 1765 
646 1188 1191 1817 
647 1175 1259 1824 
648 1810 895 1822 
649 1375 1814 1979 
650 1036 1631 1954 
651 983 1038 1846 
652 1117 1263 1869 
653 1742 333 1984 
654 799 311 1774 
655 989 999 1849 
656 1855 1131 1856 
657 1153 1227 1847 
658 1973 1144 2070 
659 1514 1721 2147 
660 1311 1913 1997 
661 1436 1550 2179 
662 1661 1341 2067 
663 448 447 789 
664 1759 316 1947 
665 800 1780 1781 
666 1642 1487 1995 
667 1671 1251 2189 
668 1534 1951 2161 
669 1413 1662 1946 
670 1593 1668 2122 
671 1218 1375 2099 
672 1493 1525 2190 
673 1793 432 2002 
674 1026 1858 1859 
675 813 1899 2181 
676 2024 1501 2070 
677 901 1761 2193 
678 1837 1071 2034 
679 1560 1838 2034 
680 913 1873 1950 
681 832 435 1794 
682 935 943 1902 
683 1747 765 1917 
684 1699 754 1908 
685 1343 1321 2004 
686 1655 933 1902 
687 1201 1223 1883 
688 1714 1439 2031 
689 1727 818 1934 
690 1582 1999 2020 
691 1787 773 1788 
692 816 1710 1981 
693 1636 1254 2174 
694 1734 1731 1924 
695 2003 938 2095 
696 1737 1512 2093 
697 1812 1775 2062 
698 1800 1289 1978 
699 1688 1929 2188 
700 1297 1674 1976 
701 1565 1940 1983 
702 1932 1329 2032 
703 1819 1732 2053 
704 1777 1407 2133 
705 327 326 2183 
706 1736 1865 2053 
707 1550 1647 2174 
708 272 271 1991 
709 1575 2058 2158 
710 1754 828 1961 
711 1989 1567 2039 
712 1578 1968 2113 
713 2071 1512 2129 
714 1901 1381 2012 
715 1326 1868 2003 
716 1330 1250 2069 
717 1857 1431 1965 
718 1796 1569 2167 
719 756 1705 2040 
720 763 1746 2159 
721 1886 838 1925 
722 1570 1796 2108 
723 1884 789 1972 
724 1429 1910 2036 
725 1926 909 1960 
726 1095 1930 2185 
727 269 268 841 
728 990 2045 2059 
729 1670 2025 2063 
730 768 1768 2082 
731 824 1740 2075 
732 772 1789 2022 
733 458 457 844 
734 1915 1362 2130 
735 1073 2061 2105 
736 1794 770 2026 
737 759 1716 2114 
738 1432 1857 2037 
739 1936 1535 2018 
740 1760 798 2097 
741 1939 1498 2101 
742 1959 1350 2045 
743 1519 1779 2181 
744 820 2031 2156 
745 1871 1377 2061 
746 1801 775 2057 
747 1652 2001 2098 
748 1938 1385 2117 
749 870 1964 2131 
750 1971 767 2173 
751 1958 1573 2171 
752 1948 1217 2050 
753 1906 1474 2176 
754 1860 1371 2016 
755 1525 2047 2086 
756 2049 1735 2139 
757 1851 1503 2155 
758 1903 1017 2132 
759 1786 2084 2094 
760 1861 837 2123 
761 2111 1611 2132 
762 2074 1434 2159 
763 788 1874 2168 
764 1472 2117 2154 
765 2000 1593 2076 
766 106 680 728 
767 263 262 1435 
768 1833 787 1862 
769 459 458 844 
770 844 103 459 
771 843 268 267 
772 267 266 843 
773 264 263 1435 
774 1435 265 264 
2 7 3 1357
775 1865 2162 1462 2053 
776 1266 1959 1568 1844 
777 1921 2152 1454 2113 
778 2163 1461 2162 1475 
779 1629 2150 1205 1881 
780 359 2119 1667 2065 
781 1439 1438 2156 2031 
782 1750 2038 1432 2037 
783 1606 2137 1293 1704 
784 1705 2137 1456 2040 
785 1593 2122 1803 2076 
786 1955 2180 1590 1875 
787 1423 2135 1961 1970 
788 1990 1268 1790 1624 
789 1485 2030 1734 1924 
790 1388 2134 1308 1834 
791 1803 2122 1361 2057 
792 1572 2019 917 1887 
793 1889 2072 1601 943 
794 784 1650 2071 1726 
795 1836 1350 1959 1266 
796 1809 1762 1761 901 
797 1554 2142 1891 1920 
798 1552 1650 784 1725 
799 1914 1340 1341 1620 
800 1457 2139 1735 1684 
801 1550 1917 765 1647 
802 1774 1909 1773 1618 
803 1671 2189 1388 1862 
804 2028 1549 2052 678 
805 1799 1617 2064 833 
806 1330 2069 1677 2056 
807 1515 2015 1387 1600 
808 1302 2090 1397 1252 
809 1036 2089 1877 1631 
810 1095 2185 1612 2111 
811 1594 2103 2104 1425 
812 2087 1400 2103 1594 
813 2073 1540 2077 1019 
814 1214 2186 1659 1823 
815 1445 1953 1612 2185 
816 270 269 841 839 
817 1474 2163 1475 1739 
818 1603 2058 1645 846 
819 1894 1660 1808 1057 
820 789 1886 1925 1972 
821 1641 1954 1285 1772 
822 1300 1973 1500 1619 
823 845 2013 1811 723 
824 1973 2070 1501 1500 
825 2125 1459 2138 1462 
826 1894 1057 1798 1319 
827 1426 1425 2104 1544 
828 1543 1541 1583 880 
829 1670 2175 793 2025 
830 1579 1771 1580 715 
831 1992 2177 1427 1428 
832 1491 2157 1712 1711 
833 680 679 2017 728 
834 1701 2068 1197 386 
835 1564 2009 1821 2008 
836 1675 2097 798 1759 
837 1797 773 298 297 
838 1342 2007 810 1763 
839 2139 1457 2078 1860 
840 1560 2196 1840 1838 
841 1659 1963 1328 1823 
842 1150 1430 1226 1152 
843 1813 1542 2100 1108 
844 1783 2171 1573 2178 
845 1774 1618 2121 799 
846 2056 2091 1331 1817 
847 2003 2095 1384 1326 
848 1227 2140 1657 1847 
849 304 772 1735 305 
850 1928 1734 2030 1517 
851 2138 1463 1933 1819 
852 727 2017 2052 1549 
853 2101 1053 1120 1939 
854 2120 1614 2192 1467 
855 1455 2152 1921 2026 
856 1544 2110 1507 1508 
857 1486 1483 1484 1912 
858 1661 2067 792 668 
859 1148 1149 1146 1147 
860 1470 2121 1281 1279 
861 1676 2165 1275 1675 
862 1858 1929 1605 1859 
863 1685 2148 1286 1883 
864 1985 1272 1923 1632 
865 1310 1367 1262 1309 
866 1208 2146 1452 1451 
867 1524 2127 1259 1825 
868 1633 1693 1634 1267 
869 1851 1453 2029 1745 
870 1474 1906 1473 1138 
871 1575 2158 845 724 
872 1330 1817 1191 1250 
873 965 1841 1012 963 
874 1377 1871 1351 1352 
875 1576 1607 1516 1257 
876 1877 1980 1223 1876 
877 1545 966 964 2069 
878 980 2136 1785 982 
879 2004 1321 1872 1030 
880 1271 1919 1120 1121 
881 1539 1559 906 1538 
882 1064 1930 1095 1029 
883 1616 1351 1871 1038 
884 1065 2088 1656 1479 
885 843 1621 841 268 
886 1552 1725 823 1730 
887 1882 2022 1789 831 
888 921 922 919 920 
889 1462 2138 1819 2053 
890 1959 2045 990 1568 
891 1281 1282 1280 1279 
892 1873 1658 1686 1950 
893 371 1696 779 372 
894 1144 1973 1142 1105 
895 449 1884 1885 450 
896 790 2027 1476 1724 
897 839 1991 271 270 
898 1417 2088 1662 1414 
899 1540 2073 1536 1537 
900 1982 1967 1508 1506 
901 1590 2180 1301 1589 
902 1357 2085 924 1356 
903 1260 1170 1483 1486 
904 1616 1952 1849 1202 
905 1578 774 438 437 
906 963 1012 1905 961 
907 1345 1784 1349 1344 
908 1781 1355 1602 800 
909 331 1745 795 332 
910 1876 1897 1631 1877 
911 921 2085 1530 923 
912 1371 1317 1773 2016 
913 1369 2109 1367 1368 
914 821 1726 2071 2129 
915 1337 1336 1684 2022 
916 1519 2195 1189 1518 
917 925 926 902 872 
918 1765 1965 1766 829 
919 1019 2077 1813 951 
920 1766 1986 1375 1979 
921 2030 2187 1555 1517 
922 1971 2173 1488 2118 
923 1534 2161 1531 1532 
924 1451 2149 1450 1208 
925 1273 1224 1393 2097 
926 1578 2113 1454 1546 
927 2093 1512 2071 1650 
928 1653 2043 1287 1043 
929 1528 2064 1324 1325 
930 1762 2166 1306 1761 
931 765 1747 328 327 
932 1217 1948 1211 1216 
933 759 2119 358 357 
934 813 2181 1779 1694 
935 1257 1158 1480 1513 
936 390 771 1635 391 
937 995 1493 958 956 
938 1083 1866 1091 1061 
939 1856 1358 2021 1855 
940 1591 2009 1564 1563 
941 1723 761 349 348 
942 1377 1379 2105 2061 
943 1804 1130 2043 1653 
944 1805 2194 1548 1238 
945 2082 2165 1676 768 
946 370 1346 1696 371 
947 984 985 983 982 
948 1608 1092 2120 1467 
949 2021 1360 1958 1852 
950 1821 2043 1130 1820 
951 1527 2195 1900 1556 
952 1941 2010 1763 1468 
953 1082 1110 1930 1064 
954 441 835 1829 442 
955 1679 2098 1598 1597 
956 1757 2067 1341 1339 
957 2174 1254 2179 1550 
958 1373 2048 1372 1220 
959 1381 1901 1382 1380 
960 1801 2057 1617 1799 
961 1500 1501 1264 1111 
962 1123 1207 1691 1124 
963 1840 2112 1839 1838 
964 1603 2079 1390 1502 
965 1567 1989 1666 1411 
966 820 2156 1719 352 
967 1551 1934 818 2054 
968 1069 2167 1936 1832 
969 1452 1906 1664 1663 
970 1342 1343 1496 2007 
971 1883 1286 1137 1201 
972 1862 1388 1834 1833 
973 1359 2019 1572 1360 
974 1147 2147 1219 1218 
975 2096 1744 2080 2081 
976 1122 1124 1943 1997 
977 1098 1096 1097 1099 
978 2118 1423 1970 1971 
979 1665 2149 1451 1663 
980 1035 2136 980 978 
981 812 2079 1764 674 
982 1505 1925 1506 856 
983 1928 2184 760 1733 
984 990 2059 948 946 
985 1658 1873 930 1033 
986 929 1938 865 864 
987 1427 1334 1337 1428 
988 1651 1571 1781 1780 
989 2012 900 898 1901 
990 1881 1205 1114 1126 
991 952 951 950 1957 
992 1129 1230 1229 1228 
993 1865 2182 1475 2162 
994 851 850 849 2144 
995 1791 2008 893 1810 
996 1605 1356 1856 1131 
997 957 1832 1070 955 
998 1331 2086 1184 1186 
999 1256 1748 1682 1133 
1000 2086 2047 1183 1184 
1001 1571 1651 1374 1219 
1002 1385 1854 1178 1384 
1003 996 1946 1529 997 
1004 1596 1679 1597 664 
1005 1439 1714 1441 1440 
1006 1819 1933 762 1732 
1007 1569 1534 1532 1535 
1008 1538 2161 1951 1539 
1009 1750 2159 1434 2038 
1010 1307 1791 1391 1305 
1011 1982 1506 1925 838 
1012 1192 1807 1250 1191 
1013 1199 1990 1256 1133 
1014 1374 1814 1375 1218 
1015 811 1962 1630 721 
1016 776 1870 444 443 
1017 1648 1998 1465 1460 
1018 1191 1188 1190 1192 
1019 1211 1948 1269 1140 
1020 1409 2133 1407 1408 
1021 1776 1253 1098 1100 
1022 855 858 1941 853 
1023 1023 1024 1022 1021 
1024 1252 1217 1251 1301 
1025 1875 1874 280 279 
1026 419 827 1746 420 
1027 708 709 809 1444 
1028 922 1297 1815 919 
1029 1957 1963 992 952 
1030 1174 1172 1489 1270 
1031 451 803 1895 452 
1032 329 1747 826 330 
1033 1298 1674 1297 927 
1034 1273 1274 1897 1224 
1035 1394 1685 1980 2089 
1036 2000 2076 834 1830 
1037 1263 1117 1261 1389 
1038 1510 2027 718 2191 
1039 1810 893 892 895 
1040 2112 1570 2108 1839 
1041 1182 1183 1180 1181 
1042 303 1789 772 304 
1043 1469 934 932 944 
1044 2006 2046 815 1708 
1045 816 1981 1581 1707 
1046 808 1624 1697 672 
1047 725 726 1303 1575 
1048 763 2159 1750 1749 
1049 885 886 883 881 
1050 1277 1274 1276 1278 
1051 1415 1416 1414 1412 
1052 2169 1461 2163 1138 
1053 868 2164 1030 866 
1054 1847 1322 1151 1153 
1055 1101 1102 1100 1099 
1056 2091 2190 1525 2086 
1057 1294 1295 1292 1291 
1058 1155 1844 1227 1153 
1059 1372 2045 1350 1220 
1060 810 2007 660 659 
1061 1562 1690 1523 1234 
1062 875 876 874 873 
1063 1744 2096 827 418 
1064 1420 1421 1418 1419 
1065 1900 2181 1899 1635 
1066 1100 1102 1977 1776 
1067 1448 2151 1449 1232 
1068 1611 2111 1612 1370 
1069 1509 2144 1896 1885 
1070 993 994 942 941 
1071 1891 1398 1955 1879 
1072 785 2080 1744 417 
1073 1628 2011 1537 1533 
1074 1787 1788 2084 1786 
1075 758 1722 404 403 
1076 1145 1093 1094 1146 
1077 1678 874 876 940 
1078 961 1905 1069 959 
1079 1694 1779 1908 754 
1080 949 1108 947 948 
1081 878 1853 1311 940 
1082 1806 1044 1975 1498 
1083 1061 1091 1858 1026 
1084 1714 2031 1720 761 
1085 1433 1152 1226 2038 
1086 1613 1368 1310 2072 
1087 1916 2087 1594 1230 
1088 1761 1305 1391 2193 
1089 1711 1712 402 401 
1090 1440 1888 1654 1422 
1091 360 2065 817 361 
1092 1166 1167 1165 1163 
1093 818 1727 406 405 
1094 891 892 890 889 
1095 2164 868 870 2131 
1096 971 1071 1837 969 
1097 959 1069 1832 957 
1098 1854 1385 1938 929 
1099 1861 787 285 284 
1100 1073 2105 1843 979 
1101 2162 1461 2125 1462 
1102 1008 1641 1079 1015 
1103 977 998 975 976 
1104 773 1787 299 298 
1105 1588 2005 1649 791 
1106 1364 1365 1348 1363 
1107 1687 1866 1253 1681 
1108 1236 2036 1910 1689 
1109 662 2153 791 663 
1110 979 1843 977 978 
1111 913 1950 910 911 
1112 1727 2124 782 407 
1113 2101 1498 1975 1050 
1114 1270 1490 1176 1174 
1115 1783 1283 1203 1066 
1116 1700 2130 780 398 
1117 1252 1397 2050 1217 
1118 1778 2016 769 308 
1119 1919 1271 1757 1339 
1120 855 853 854 856 
1121 274 1922 1920 275 
1122 1698 814 396 395 
1123 1587 2128 1586 1347 
1124 1181 1180 1179 1353 
1125 1010 1394 936 934 
1126 1121 1682 1748 1272 
1127 1012 2108 1796 1905 
1128 1586 1996 1363 1347 
1129 1410 1409 1408 1411 
1130 1720 2031 820 351 
1131 1416 1415 1610 1419 
1132 973 971 972 974 
1133 1464 1466 1552 1730 
1134 821 1723 348 347 
1135 2054 1722 758 1609 
1136 1332 2013 1502 1390 
1137 1400 861 859 2103 
1138 837 1861 284 283 
1139 1863 837 283 282 
1140 1005 1013 1004 1003 
1141 1709 1996 1346 369 
1142 1640 2039 1567 1406 
1143 1826 1966 1762 1809 
1144 2042 1784 1365 1401 
1145 999 989 997 1000 
1146 1467 2192 1442 1443 
1147 1913 1311 1853 1039 
1148 1050 1975 1046 1048 
1149 1201 1137 1200 1221 
1150 852 1937 850 851 
1151 1213 1237 1812 1196 
1152 1141 1140 1127 1284 
1153 1817 1331 1186 1188 
1154 1074 2171 1848 1002 
1155 355 1717 819 356 
1156 1472 2154 925 872 
1157 1832 1936 2018 1070 
1158 1721 1288 1355 1571 
1159 1315 1396 1395 1313 
1160 1625 1601 1309 1673 
1161 1286 1881 1126 1137 
1162 1413 1946 1669 1410 
1163 1433 2038 1434 1233 
1164 1160 1159 1158 1257 
1165 964 965 963 962 
1166 884 1804 1653 1040 
1167 970 971 969 968 
1168 1103 1850 1327 1105 
1169 1404 1407 1777 1402 
1170 938 2003 991 939 
1171 1039 1853 882 884 
1172 2189 1216 2134 1388 
1173 1051 1808 1660 1054 
1174 1485 1927 1484 1225 
1175 1971 1970 1755 767 
1176 899 1809 901 897 
1177 1344 1292 1295 1345 
1178 1815 1297 1976 1032 
1179 1406 1407 1404 1405 
1180 1459 2125 1458 1119 
1181 786 1830 290 289 
1182 1426 1577 1546 1231 
1183 960 961 959 958 
1184 1802 775 293 292 
1185 1510 2191 1752 1320 
1186 1053 2101 1050 1051 
1187 1820 1130 888 890 
1188 1772 1285 1278 1280 
1189 994 1903 1080 942 
1190 1444 2116 707 708 
1191 1839 1841 1072 1838 
1192 1169 1167 1168 1170 
1193 906 1770 896 894 
1194 1222 1876 1223 1201 
1195 1399 2090 1302 1398 
1196 1830 834 291 290 
1197 862 860 861 863 
1198 1126 1114 1125 1136 
1199 1771 2070 1144 1845 
1200 935 1902 933 934 
1201 1363 1996 1376 1364 
1202 956 954 1495 995 
1203 1747 1917 1503 826 
1204 760 2184 1741 413 
1205 1547 2170 1401 1402 
1206 1521 1595 1296 1185 
1207 1141 2134 1216 1211 
1208 987 1952 985 986 
1209 1738 2182 794 338 
1210 916 1638 920 919 
1211 988 987 986 1075 
1212 811 1811 1478 1751 
1213 2169 1458 2125 1461 
1214 302 831 1789 303 
1215 1093 1178 1854 1060 
1216 898 897 896 1770 
1217 1463 2138 1459 1460 
1218 393 813 1694 394 
1219 1324 1361 1323 1209 
1220 1581 1981 1405 1403 
1221 1756 2173 767 320 
1222 426 829 1767 427 
1223 1765 829 425 424 
1224 1056 1057 1049 1055 
1225 1915 2130 1700 814 
1226 911 910 908 1522 
1227 1083 1061 1062 1084 
1228 1130 1804 886 888 
1229 1719 2083 783 353 
1230 872 871 869 1472 
1231 1091 2188 1929 1858 
1232 1059 2087 1916 1088 
1233 1869 1850 1087 1117 
1234 380 1692 778 381 
1235 1481 946 939 991 
1236 914 915 913 911 
1237 1215 1751 1478 1332 
1238 1705 756 375 374 
1239 1268 1332 1390 1790 
1240 1041 1913 1039 1040 
1241 1096 1253 1866 1083 
1242 806 711 2044 1680 
1243 342 762 1729 343 
1244 1843 2023 998 977 
1245 1965 1431 1986 1766 
1246 1171 1823 1169 1170 
1247 1376 1999 1582 1364 
1248 1139 1358 1356 924 
1249 1288 1721 1514 1128 
1250 1242 1244 1240 1241 
1251 1167 1328 1816 1165 
1252 1196 1812 1392 1194 
1253 976 975 974 1018 
1254 1172 1171 1170 1260 
1255 1539 1951 2112 1840 
1256 815 1711 401 400 
1257 1731 1733 411 410 
1258 1537 2011 1541 1540 
1259 394 1694 754 395 
1260 1536 2018 1535 1533 
1261 1465 1608 1466 1464 
1262 1028 1029 1016 1015 
1263 1360 2021 1358 1359 
1264 1639 2034 1071 1842 
1265 1386 1978 1289 1290 
1266 1316 2098 1679 1649 
1267 434 770 1794 435 
1268 670 1632 1622 671 
1269 1853 878 879 882 
1270 1447 2066 1703 1695 
1271 1251 1217 1216 2189 
1272 1371 2141 1318 1317 
1273 1670 2063 1869 1263 
1274 421 763 1749 422 
1275 2018 1536 2073 1070 
1276 980 981 979 978 
1277 1082 1064 1081 1107 
1278 781 1710 363 362 
1279 1249 1289 1247 1248 
1280 853 1941 1468 852 
1281 1190 2195 1527 1193 
1282 1020 1027 1013 1014 
1283 893 1820 890 892 
1284 864 1400 1059 929 
1285 384 1689 755 385 
1286 1238 1548 1237 1235 
1287 1734 1928 1733 1731 
1288 1004 1074 1002 1003 
1289 1556 1633 1526 1527 
1290 888 886 887 889 
1291 1240 1805 1238 1239 
1292 881 879 880 1583 
1293 1157 1266 1844 1155 
1294 939 945 926 938 
1295 1644 1818 1585 1637 
1296 1026 1859 1024 1025 
1297 1058 1076 1056 1055 
1298 955 1835 953 954 
1299 440 1827 835 441 
1300 423 1758 796 424 
1301 1255 2155 1503 1436 
1302 1105 1327 1845 1144 
1303 1577 2126 1828 835 
1304 2062 2055 1392 1812 
1305 1960 909 2012 1381 
1306 783 2083 1718 1717 
1307 1703 2066 1243 378 
1308 1672 2166 1627 1143 
1309 904 1826 1809 899 
1310 941 942 937 936 
1311 1157 1155 1156 1158 
1312 420 1746 763 421 
1313 895 892 894 896 
1314 330 826 1745 331 
1315 1874 788 281 280 
1316 1787 1786 300 299 
1317 301 1786 831 302 
1318 1931 2185 1930 1110 
1319 455 2014 842 456 
1320 1496 1907 661 2007 
1321 1366 1401 1365 1364 
1322 1248 1247 1246 1446 
1323 2001 1652 1124 1691 
1324 1702 2036 1236 382 
1325 1134 1307 1305 1135 
1326 1044 1806 1042 1043 
1327 1198 1792 1751 1215 
1328 957 955 956 958 
1329 1494 1456 1291 1249 
1330 323 828 1754 324 
1331 863 866 1872 862 
1332 834 1802 292 291 
1333 1021 1022 1020 1014 
1334 1636 2174 1647 1898 
1335 1728 822 409 408 
1336 1052 1806 1206 1123 
1337 1846 2061 1073 981 
1338 1016 1017 1009 1015 
1339 1048 1046 1047 1049 
1340 860 858 859 861 
1341 453 1993 804 454 
1342 1736 2053 1732 340 
1343 414 1741 825 415 
1344 1710 816 364 363 
1345 345 1725 784 346 
1346 761 1720 350 349 
1347 1769 1768 313 312 
1348 1716 759 357 356 
1349 341 1732 762 342 
1350 1879 801 278 277 
1351 798 1760 318 317 
1352 1759 798 317 316 
1353 307 830 1778 308 
1354 1706 1709 368 367 
1355 319 1760 1756 320 
1356 344 823 1725 345 
1357 832 1968 436 435 
1358 448 789 1884 449 
1359 838 1886 446 445 
1360 1695 1703 377 376 
1361 365 816 1707 366 
1362 287 1833 836 288 
1363 1347 1345 1295 1587 
1364 1414 1662 1413 1412 
1365 967 1072 1841 965 
1366 1792 1198 1132 1232 
1367 1740 824 336 335 
1368 764 1740 335 334 
1369 1664 2075 1740 764 
1370 1352 1926 1960 1378 
1371 1638 2019 1359 1139 
1372 1558 1911 1520 1241 
1373 1477 2068 1562 1234 
1374 1944 2032 1329 1210 
1375 1173 1171 1172 1174 
1376 808 672 671 1622 
1377 775 1801 294 293 
1378 1801 1799 295 294 
1379 967 965 966 968 
1380 272 1991 805 273 
1381 1626 1104 1143 1627 
1382 1241 1240 1239 1429 
1383 1574 2116 1444 1445 
1384 774 1827 439 438 
1385 1175 1173 1174 1176 
1386 2108 1012 1841 1839 
1387 918 915 916 919 
1388 1177 1175 1176 1179 
1389 1558 2036 1702 778 
1390 354 783 1717 355 
1391 1970 1961 828 1755 
1392 322 1755 828 323 
1393 915 930 1873 913 
1394 797 1864 1636 1898 
1395 1683 2023 1379 1380 
1396 1418 1417 1416 1419 
1397 969 1837 1072 967 
1398 427 1767 766 428 
1399 1498 1939 1338 1206 
1400 1760 2097 1393 1756 
1401 1708 815 400 399 
1402 1161 1836 1159 1160 
1403 1442 2192 1888 1440 
1404 422 1749 1758 423 
1405 869 870 868 867 
1406 1213 1196 1212 1234 
1407 975 1842 973 974 
1408 1636 1864 1424 1254 
1409 379 1243 1692 380 
1410 1443 1442 1441 1511 
1411 1932 909 1926 1329 
1412 1472 869 867 2117 
1413 1152 1153 1151 1150 
1414 996 997 989 988 
1415 1294 1606 1587 1295 
1416 2091 2056 1006 2190 
1417 1267 1477 1212 1195 
1418 1421 2035 1656 1418 
1419 1610 2114 1716 819 
1420 1686 1627 1966 912 
1421 1046 1975 1044 1045 
1422 1149 1322 1782 1146 
1423 1304 1894 1646 1448 
1424 867 868 866 865 
1425 864 865 863 861 
1426 1582 2020 1581 1403 
1427 1354 1988 1602 1355 
1428 1880 1911 1692 1243 
1429 383 1236 1689 384 
1430 339 794 1736 340 
1431 1109 1969 1110 1082 
1432 1194 1392 1807 1192 
1433 1743 785 416 415 
1434 1247 1289 1800 1245 
1435 824 1738 337 336 
1436 1283 1944 1210 1203 
1437 1542 2077 1540 1541 
1438 1526 1633 1267 1195 
1439 1521 1185 1182 1181 
1440 756 2040 1942 1695 
1441 1586 1696 1346 1996 
1442 946 947 945 939 
1443 1115 1660 1304 1232 
1444 1482 1681 1776 1977 
1445 1793 770 433 432 
1446 1380 1382 1383 1683 
1447 1311 1997 1312 940 
1448 1446 2066 1447 1248 
1449 1031 1026 1025 1119 
1450 1626 1686 1658 1086 
1451 897 1822 895 896 
1452 1325 2177 1992 1528 
1453 1639 2115 1683 1383 
1454 822 1924 1731 410 
1455 1447 1942 1494 1248 
1456 1816 1328 1963 1373 
1457 1048 1808 1051 1050 
1458 1405 1981 1640 1406 
1459 1001 1002 1000 997 
1460 1135 2051 1619 1077 
1461 1849 1952 987 989 
1462 1156 1155 1154 1233 
1463 1067 1068 1682 1121 
1464 1382 1770 1559 1383 
1465 1154 1153 1152 1433 
1466 985 1952 1038 983 
1467 1378 1960 1381 1380 
1468 1164 1836 1161 1163 
1469 918 1815 1032 930 
1470 1520 1246 1242 1241 
1471 1180 1825 1177 1179 
1472 814 1700 397 396 
1473 1115 1068 1054 1660 
1474 1403 1404 1402 1366 
1475 321 767 1755 322 
1476 1965 1765 796 1857 
1477 1112 1798 1076 1111 
1478 788 2168 2143 1863 
1479 1511 2129 1512 1443 
1480 1570 2112 1951 1534 
1481 1206 1338 1207 1123 
1482 2043 1821 2009 1287 
1483 1455 2026 1988 1354 
1484 846 1645 1643 676 
1485 1376 1996 1709 1706 
1486 2096 1499 2074 827 
1487 1596 664 663 791 
1488 1927 1924 822 1728 
1489 1207 1338 1339 1340 
1490 1591 1055 1047 1045 
1491 1412 1413 1410 1411 
1492 1204 1926 1352 1351 
1493 1726 821 347 346 
1494 1067 1121 1120 1053 
1495 1134 1058 1563 1307 
1496 998 2115 1842 975 
1497 1569 1796 1570 1534 
1498 1229 2152 1455 1228 
1499 1733 760 412 411 
1500 976 1878 978 977 
1501 1265 1264 1724 1476 
1502 1322 1945 1868 1782 
1503 937 1889 943 935 
1504 1977 1205 2150 1482 
1505 1912 1484 1927 1728 
1506 1118 1673 1309 1262 
1507 1688 1258 1530 2085 
1508 908 905 1932 2032 
1509 1246 1247 1245 1242 
1510 314 1768 768 315 
1511 1564 2008 1791 1307 
1512 1292 1344 1795 1290 
1513 1850 1103 1085 1087 
1514 1312 1314 1313 940 
1515 1219 2147 1721 1571 
1516 1758 2037 1857 796 
1517 1187 1188 1186 1185 
1518 1117 1087 1106 1118 
1519 1133 1132 1198 1199 
1520 878 876 877 879 
1521 871 1964 870 869 
1522 1867 2123 837 1863 
1523 1822 2193 1391 1810 
1524 1348 1365 1784 1345 
1525 1159 1836 1266 1157 
1526 903 1533 1532 1531 
1527 1291 1292 1290 1249 
1528 2154 2117 1385 1384 
1529 1265 1320 1319 1112 
1530 1493 2190 960 958 
1531 945 1818 1644 926 
1532 1111 1077 1619 1500 
1533 1480 1156 1233 1499 
1534 936 937 935 934 
1535 343 1729 823 344 
1536 1643 2028 677 676 
1537 973 1842 1071 971 
1538 1305 1761 1306 1135 
1539 1202 1849 999 1066 
1540 1824 1214 1173 1175 
1541 1178 1093 1145 1326 
1542 1177 1825 1259 1175 
1543 873 874 871 872 
1544 324 1754 797 325 
1545 1654 2035 1421 1422 
1546 1652 2098 1316 1314 
1547 1132 1068 1115 1232 
1548 1899 392 391 1635 
1549 2083 1438 1420 1718 
1550 1370 1369 1368 1611 
1551 1990 1624 1623 1256 
1552 1179 1176 1490 1353 
1553 1195 1194 1193 1526 
1554 1009 1017 1903 994 
1555 1131 1855 1022 1024 
1556 392 1899 813 393 
1557 912 1966 1826 907 
1558 2186 1214 1824 1504 
1559 908 910 907 905 
1560 1477 1267 1634 2068 
1561 1033 1085 1086 1658 
1562 1133 1682 1068 1132 
1563 1661 667 1620 1341 
1564 1077 1076 1058 1134 
1565 1185 1186 1184 1182 
1566 807 2191 719 720 
1567 1742 764 334 333 
1568 1584 880 877 875 
1569 862 1872 1321 1299 
1570 882 879 881 883 
1571 1600 1994 1282 1318 
1572 1104 1103 1105 1142 
1573 883 1804 884 882 
1574 1604 709 710 806 
1575 1394 2089 941 936 
1576 1054 1068 1067 1053 
1577 809 1953 1445 1444 
1578 1630 807 720 721 
1579 1688 2188 1687 1258 
1580 361 817 1715 362 
1581 430 1780 800 431 
1582 1063 1116 1333 1081 
1583 1595 1915 814 1698 
1584 1582 1403 1366 1364 
1585 1205 1977 1102 1114 
1586 1367 2109 1680 1262 
1587 1666 1667 1615 1411 
1588 954 953 952 992 
1589 1868 1945 991 2003 
1590 1754 1961 1864 797 
1591 1003 1002 1001 1065 
1592 1245 1800 1642 1244 
1593 1408 1407 1406 1567 
1594 1559 2196 1560 1383 
1595 1116 2015 1335 1334 
1596 1566 1396 1588 1497 
1597 782 1728 408 407 
1598 1460 1465 1464 1463 
1599 932 928 931 944 
1600 1887 1522 1944 1283 
1601 983 1846 981 982 
1602 1239 1238 1235 1523 
1603 1771 1579 2024 2070 
1604 1000 1848 1066 999 
1605 1837 2034 1838 1072 
1606 1060 1854 929 1059 
1607 1007 2055 2062 1492 
1608 1516 1517 1162 1160 
1609 1794 2026 1921 832 
1610 950 951 949 948 
1611 1196 1194 1195 1212 
1612 1042 1806 1052 1041 
1613 1127 1140 1109 1107 
1614 1803 2057 775 1802 
1615 1009 994 1008 1015 
1616 928 933 1655 927 
1617 1659 2186 1495 992 
1618 777 666 665 1597 
1619 1620 667 666 777 
1620 1897 1876 1222 1224 
1621 1798 1057 1056 1076 
1622 1165 1816 1220 1164 
1623 927 922 923 928 
1624 1852 1074 1004 1013 
1625 1224 1222 1221 1488 
1626 1235 1237 1213 1234 
1627 1557 2175 1670 1263 
1628 1551 1260 1486 1934 
1629 1088 1916 1129 1128 
1630 1299 2010 860 862 
1631 1775 1812 1237 1548 
1632 1933 1730 1729 762 
1633 1449 1962 1792 1232 
1634 1964 1678 1395 2131 
1635 1203 1210 1204 1202 
1636 1434 2074 1499 1233 
1637 1689 1910 1690 755 
1638 1707 2020 757 366 
1639 1528 1788 773 1797 
1640 1162 1163 1161 1160 
1641 1429 2036 1558 1241 
1642 1306 2166 1672 2051 
1643 1329 1926 1204 1210 
1644 1818 1108 2100 1585 
1645 716 717 790 1579 
1646 1604 2060 809 709 
1647 1078 1888 2192 1614 
1648 780 2130 2006 1708 
1649 1515 1600 1318 2141 
1650 1042 1041 1040 1043 
1651 2006 2130 1362 1353 
1652 1228 1288 1128 1129 
1653 1547 1075 986 984 
1654 824 2075 1739 1738 
1655 1808 1048 1049 1057 
1656 1790 2079 812 1697 
1657 1086 1103 1104 1626 
1658 1229 1230 1231 1454 
1659 1730 1933 1463 1464 
1660 1261 1117 1118 1262 
1661 901 2193 1822 897 
1662 1590 2168 1874 1875 
1663 754 1699 1698 395 
1664 1199 1198 1215 1268 
1665 1888 1078 2160 1654 
1666 1350 1836 1164 1220 
1667 1285 1954 1631 1277 
1668 1848 2171 1783 1066 
1669 1034 1033 1032 1976 
1670 2059 2048 950 948 
1671 794 2182 1865 1736 
1672 1348 1345 1347 1363 
1673 705 1940 1565 704 
1674 911 1522 917 914 
1675 2145 1450 2149 1453 
1676 310 1909 1774 311 
1677 2013 845 2158 1502 
1678 1637 1585 1584 875 
1679 1085 1033 1034 1087 
1680 1119 1025 1648 1460 
1681 1782 1868 1326 1145 
1682 909 1932 905 900 
1683 933 928 932 934 
1684 1052 1123 1122 1041 
1685 1524 2047 1525 1493 
1686 788 1863 282 281 
1687 1514 2147 1094 1089 
1688 1741 2184 1607 825 
1689 907 1826 904 905 
1690 769 1909 309 308 
1691 1903 2132 1613 1080 
1692 900 904 899 898 
1693 1715 2039 781 362 
1694 1775 2107 1492 2062 
1695 1011 1995 1487 972 
1696 1545 2069 1250 1807 
1697 1767 1979 1814 766 
1698 1681 944 1258 1687 
1699 1143 1142 1300 1672 
1700 1017 1935 2111 2132 
1701 1561 2092 2164 2131 
1702 990 946 1481 1568 
1703 1560 2034 1639 1383 
1704 1436 2179 1125 1113 
1705 1497 1907 1496 1343 
1706 1476 1510 1320 1265 
1707 1264 1265 1112 1111 
1708 1958 2171 1074 1852 
1709 1878 976 1018 1978 
1710 1183 2047 1825 1180 
1711 1200 1137 1136 1424 
1712 1437 2078 1457 1336 
1713 780 1708 399 398 
1714 1576 2106 1743 825 
1715 1785 1349 1784 2042 
1716 1513 2106 1576 1257 
1717 1439 1440 1422 1438 
1718 1523 1910 1429 1239 
1719 1422 1421 1420 1438 
1720 306 2049 830 307 
1721 1319 1320 1646 1894 
1722 1637 875 873 902 
1723 673 672 1697 812 
1724 1953 2060 1370 1612 
1725 1045 1044 1043 1287 
1726 1966 1627 2166 1762 
1727 1693 771 389 388 
1728 953 1835 1019 951 
1729 1128 1514 1089 1088 
1730 1752 2151 1448 1646 
1731 1489 1172 1260 1551 
1732 1075 2133 1904 988 
1733 1917 1550 1436 1503 
1734 1871 2061 1846 1038 
1735 756 1695 376 375 
1736 1713 659 658 1937 
1737 1995 1805 1244 1642 
1738 857 858 855 856 
1739 757 1706 367 366 
1740 1151 1322 1149 1150 
1741 1561 2131 1395 1396 
1742 1562 2068 1701 755 
1743 1284 1668 1593 1592 
1744 325 797 1898 326 
1745 1640 1981 1710 781 
1746 772 2022 1684 1735 
1747 859 858 857 1090 
1748 1800 1978 1018 1642 
1749 851 2144 854 853 
1750 1317 1282 1281 1618 
1751 2080 2106 1513 2081 
1752 910 1950 912 907 
1753 1483 1168 1225 1484 
1754 1214 1823 1171 1173 
1755 1565 1983 1553 848 
1756 1574 1931 1110 1969 
1757 1555 2187 1166 1163 
1758 931 1530 1258 944 
1759 1063 1029 1028 1116 
1760 1055 1591 1563 1058 
1761 373 1704 1293 374 
1762 1470 2082 1768 1769 
1763 381 778 1702 382 
1764 1187 1185 1296 1518 
1765 1261 1262 1680 1389 
1766 1520 1880 1446 1246 
1767 1529 1065 1001 997 
1768 385 755 1701 386 
1769 1473 2146 1097 1084 
1770 947 1108 1818 945 
1771 1316 2005 1315 1314 
1772 1469 1629 1010 934 
1773 1632 670 669 792 
1774 1538 906 894 891 
1775 1904 2133 1409 1669 
1776 793 2175 713 714 
1777 714 715 1580 793 
1778 675 674 1764 846 
1779 1354 1355 1288 1228 
1780 1279 1278 1276 1471 
1781 1008 994 993 1641 
1782 1855 1027 1020 1022 
1783 2109 1369 1604 806 
1784 849 850 847 804 
1785 1691 1340 1914 2001 
1786 1284 1592 1308 1141 
1787 1089 1093 1060 1088 
1788 1905 1796 2167 1069 
1789 1387 2015 1028 1015 
1790 1419 1974 1718 1420 
1791 1114 1102 1113 1125 
1792 1548 2194 2107 1775 
1793 1799 833 296 295 
1794 1140 1269 1969 1109 
1795 1312 1997 1943 1314 
1796 1649 1679 1596 791 
1797 1064 1029 1063 1081 
1798 771 1693 1633 1556 
1799 1556 1900 1635 771 
1800 1018 974 1487 1642 
1801 1357 1929 1688 2085 
1802 1035 1878 1386 1795 
1803 1168 1167 1166 1225 
1804 761 1723 1511 1714 
1805 1509 1972 1505 854 
1806 2099 1375 1986 1430 
1807 1507 856 1506 1508 
1808 1713 1937 852 1468 
1809 1338 1939 1919 1339 
1810 1883 1223 1980 1685 
1811 1622 1923 1623 808 
1812 1936 2167 1569 1535 
1813 707 2116 840 706 
1814 1096 1083 1084 1097 
1815 1724 1501 2024 790 
1816 1193 1194 1192 1190 
1817 1519 2181 1900 2195 
1818 1343 2004 1566 1497 
1819 429 1893 1780 430 
1820 1898 1647 2183 326 
1821 2074 2159 1746 827 
1822 795 2029 1665 1984 
1823 1814 1374 1651 766 
1824 722 1811 811 721 
1825 1613 2132 1611 1368 
1826 1342 1299 1321 1343 
1827 887 1628 903 889 
1828 1335 2015 1515 1437 
1829 2046 1491 1711 815 
1830 1334 1427 1333 1116 
1831 1580 1845 2025 793 
1832 1655 1902 1625 1298 
1833 1573 1958 1360 1572 
1834 1820 893 2008 1821 
1835 925 2095 938 926 
1836 1671 1867 1589 1251 
1837 962 961 960 1006 
1838 916 915 914 1638 
1839 1616 1202 1204 1351 
1840 1742 1984 1665 1663 
1841 1458 2169 1062 1031 
1842 1605 1929 1357 1356 
1843 1373 1963 1957 2048 
1844 1336 1337 1334 1335 
1845 1169 1823 1328 1167 
1846 1884 1972 1509 1885 
1847 942 1080 1889 937 
1848 923 1530 931 928 
1849 1985 2067 1757 1271 
1850 1988 2026 770 1793 
1851 1113 1102 1101 1255 
1852 764 1742 1663 1664 
1853 1870 838 445 444 
1854 1886 789 447 446 
1855 774 1578 1546 1577 
1856 2078 2141 1371 1860 
1857 807 2151 1752 2191 
1858 1918 2177 1325 1209 
1859 844 457 456 842 
1860 1864 1961 2135 1424 
1861 1890 1879 277 276 
1862 1025 1024 1023 1648 
1863 1125 2179 1254 1136 
1864 1566 2092 1561 1396 
1865 1378 1380 1379 1377 
1866 1964 871 874 1678 
1867 1106 1034 1976 1674 
1868 1769 799 2121 1470 
1869 839 848 1553 1991 
1870 787 1833 286 285 
1871 1656 2088 1417 1418 
1872 1518 1908 1779 1519 
1873 1813 1108 949 951 
1874 1431 1857 1432 1226 
1875 1712 758 403 402 
1876 1531 891 889 903 
1877 1625 1902 943 1601 
1878 1139 924 920 1638 
1879 1061 1026 1031 1062 
1880 1482 2150 1469 944 
1881 1773 1909 769 2016 
1882 1915 1595 1521 1362 
1883 759 2114 1892 2119 
1884 1860 2016 1778 830 
1885 1313 1395 1678 940 
1886 1197 2033 387 386 
1887 2054 1609 1489 1551 
1888 2156 1438 2083 1719 
1889 1361 2122 1668 1323 
1890 1553 1983 1554 805 
1891 1148 2099 1430 1150 
1892 1545 2055 1007 966 
1893 850 1937 1599 847 
1894 1481 1657 2140 1568 
1895 1006 2056 1677 962 
1896 1645 2058 1575 1303 
1897 1956 1940 705 706 
1898 1273 1675 1275 1274 
1899 2105 1379 2023 1843 
1900 782 2124 1912 1728 
1901 1303 1549 2028 1643 
1902 1450 2145 1101 1099 
1903 1764 2079 1603 846 
1904 1003 1065 1479 1005 
1905 1491 2046 1490 1270 
1906 1327 2063 2025 1845 
1907 1423 2118 1221 1200 
1908 1923 1272 1748 1623 
1909 802 1890 276 275 
1910 1628 887 885 2011 
1911 1985 1632 792 2067 
1912 2148 1685 1010 1629 
1913 1122 1997 1913 1041 
1914 1861 2123 1862 787 
1915 2059 2045 1372 2048 
1916 1276 1274 1275 2165 
1917 1296 1699 1908 1518 
1918 1127 1107 1323 1668 
1919 1218 2099 1148 1147 
1920 1079 1994 1600 1387 
1921 1621 843 1435 704 
1922 1310 1309 1601 2072 
1923 1106 1674 1673 1118 
1924 2104 1090 2110 1544 
1925 1189 1188 1187 1518 
1926 1828 1508 1967 1829 
1927 843 266 265 1435 
1928 2013 1332 1478 1811 
1929 968 1007 1492 970 
1930 1488 2173 1393 1224 
1931 2044 712 1557 1389 
1932 1287 2009 1591 1045 
1933 1271 1121 1272 1985 
1934 1943 1124 1652 1314 
1935 1797 833 2064 1528 
1936 1824 1259 2127 1504 
1937 2128 1587 1606 779 
1938 2170 1037 2042 1401 
1939 1598 1914 777 1597 
1940 1906 1452 2146 1473 
1941 1078 1614 1014 1005 
1942 1882 2094 1428 1337 
1943 452 1895 1993 453 
1944 1162 1517 1555 1163 
1945 2136 2102 1349 1785 
1946 1208 1450 1099 1097 
1947 2172 2000 1830 786 
1948 924 2085 921 920 
1949 1956 706 840 1397 
1950 1094 2147 1147 1146 
1951 1585 2100 1543 1584 
1952 840 2116 1949 2050 
1953 1753 836 1834 1308 
1954 2072 1889 1080 1613 
1955 1062 2169 1138 1084 
1956 1763 2010 1299 1342 
1957 2029 1453 2149 1665 
1958 1753 2172 786 1831 
1959 972 971 970 1011 
1960 1759 1947 1676 1675 
1961 902 926 1644 1637 
1962 1507 2110 857 856 
1963 2010 1941 858 860 
1964 1081 1918 1209 1107 
1965 2113 1968 832 1921 
1966 830 2049 2139 1860 
1967 2160 1078 1005 1479 
1968 757 2020 1999 1706 
1969 1717 1718 1974 819 
1970 1737 1467 1443 1512 
1971 1634 2033 1197 2068 
1972 1189 2195 1190 1188 
1973 1302 1252 1301 2180 
1974 1940 2090 1399 1983 
1975 1430 1986 1431 1226 
1976 2120 1092 1021 1614 
1977 1456 2137 1294 1291 
1978 1892 1615 1667 2119 
1979 1777 2133 1075 1547 
1980 1793 2002 1602 1988 
1981 1592 2172 1753 1308 
1982 1494 1942 2040 1456 
1983 1673 1674 1298 1625 
1984 1989 2039 1715 817 
1985 1934 1486 2124 1727 
1986 2106 2080 785 1743 
1987 1615 1892 1415 1412 
1988 810 659 1713 1468 
1989 2155 2145 1453 1851 
1990 801 1875 279 278 
1991 996 988 1904 1669 
1992 1502 2158 2058 1603 
1993 1428 2094 2084 1992 
1994 1979 1767 829 1766 
1995 2126 1544 1508 1828 
1996 2188 1091 1866 1687 
1997 1529 1946 1662 2088 
1998 1608 1737 2093 1466 
1999 1269 1949 1574 1969 
2000 1987 776 443 442 
2001 914 917 2019 1638 
2002 1449 2151 1630 1962 
2003 454 804 2014 455 
2004 1471 2165 2082 1470 
2005 1230 1594 1425 1231 
2006 1831 786 289 288 
2007 1490 2046 2006 1353 
2008 273 805 1922 274 
2009 2107 2194 1011 970 
2010 315 768 1947 316 
2011 1344 1349 2102 1795 
2012 2127 1524 995 1504 
2013 428 766 1893 429 
2014 1617 2057 1361 1324 
2015 1598 2098 2001 1914 
2016 431 800 2002 432 
2017 2065 1667 1666 817 
2018 1607 2184 2041 1516 
2019 372 779 1704 373 
2020 1895 803 1896 849 
2021 831 1786 2094 1882 
2022 841 1621 848 839 
2023 1722 818 405 404 
2024 2145 2155 1255 1101 
2025 1030 2164 2092 2004 
2026 2153 1907 1497 1588 
2027 1938 2117 867 865 
2028 2023 1683 2115 998 
2029 2187 2030 1485 1225 
2030 2000 2172 1592 1593 
2031 2063 1327 1850 1869 
2032 2052 2017 679 678 
2033 332 795 1984 333 
2034 450 1885 803 451 
2035 2076 1803 1802 834 
2036 776 1987 1967 1982 
2037 1935 1017 1016 1029 
2038 2037 1758 1749 1750 
2039 1181 1353 1362 1521 
2040 712 713 2175 1557 
2041 842 847 1599 844 
2042 2180 1955 1398 1302 
2043 2128 779 1696 1586 
2044 2176 2075 1664 1906 
2045 1036 1954 993 941 
2046 388 387 2033 1693 
2047 2140 1227 1844 1568 
2048 1396 1315 2005 1588 
2049 2066 1446 1880 1243 
2050 1565 848 1621 704 
2051 778 1692 1911 1558 
2052 799 1769 312 311 
2053 1723 821 2129 1511 
2054 1270 1609 2157 1491 
2055 1608 1465 1998 1092 
2056 1881 1286 2148 1629 
2057 1023 1092 1998 1648 
2058 758 1712 2157 1609 
2059 1945 1322 1847 1657 
2060 2194 1805 1995 1011 
2061 1851 1745 826 1503 
2062 833 1797 297 296 
2063 2141 2078 1437 1515 
2064 1983 1399 2142 1554 
2065 1466 2093 1650 1552 
2066 1897 1274 1277 1631 
2067 2154 1384 2095 925 
2068 2032 1944 1522 908 
2069 1543 2100 1542 1541 
2070 984 1037 2170 1547 
2071 2035 1654 2160 1479 
2072 1705 374 1293 2137 
2073 1572 1887 2178 1573 
2074 1770 1382 1901 898 
2075 964 962 1677 2069 
2076 1807 1392 2055 1545 
2077 1398 1891 2142 1399 
2078 717 718 2027 790 
2079 1852 1013 1027 2021 
2080 2182 1738 1739 1475 
2081 1751 1792 1962 811 
2082 991 1945 1657 1481 
2083 1495 2186 1504 995 
2084 662 661 1907 2153 
2085 2177 1918 1333 1427 
2086 1415 1892 2114 1610 
2087 885 881 1583 2011 
2088 2041 2184 1928 1517 
2089 1131 1024 1859 1605 
2090 437 436 1968 1578 
2091 1280 1282 1994 1772 
2092 1835 955 1070 2073 
2093 1090 2104 2103 859 
2094 1499 2096 2081 1480 
2095 1739 2075 2176 1474 
2096 2178 1887 1283 1783 
2097 1772 1994 1079 1641 
2098 1699 1296 1595 1698 
2099 1829 1967 1987 442 
2100 844 1599 658 103 
2101 1948 2050 1949 1269 
2102 1037 982 1785 2042 
2103 726 727 1549 1303 
2104 1300 1619 2051 1672 
2105 100 704 1435 262 
2106 1589 2143 2168 1590 
2107 1974 1419 1610 819 
2108 891 1531 2161 1538 
2109 1831 288 836 1753 
2110 2049 306 305 1735 
2111 1577 835 1827 774 
2112 765 327 2183 1647 
2113 2090 1940 1956 1397 
2114 1867 1863 2143 1589 
2115 2102 2136 1035 1795 
2116 2135 1423 1200 1424 
2117 1369 1370 2060 1604 
2118 1935 1029 1095 2111 
2119 847 842 2014 804 
2120 2126 1577 1426 1544 
2121 849 804 1993 1895 
2122 1992 2084 1788 1528 
2123 1955 1875 801 1879 
2124 1922 805 1554 1920 
2125 802 275 1920 1891 
2126 1893 766 1651 1780 
2127 2123 1867 1671 1862 
2128 1982 838 1870 776 
2129 1931 1574 1445 2185 
2130 1890 802 1891 1879 
2131 1539 1840 2196 1559 
2 8 2 437
2132 2294 2954 3341 
2133 2847 2999 3224 
2134 2911 3056 3185 
2135 2448 2521 3624 
2136 3171 2261 3505 
2137 3013 729 3069 
2138 3054 2222 3148 
2139 2775 3263 3507 
2140 3073 2742 3121 
2141 2877 2670 3489 
2142 2932 2714 3057 
2143 2778 2524 3364 
2144 2570 2728 3112 
2145 2652 2550 2768 
2146 2912 2253 3212 
2147 2939 2906 2940 
2148 2692 2693 2937 
2149 2678 2679 2973 
2150 2802 2367 3603 
2151 2695 2745 3032 
2152 2502 2503 2531 
2153 2436 3084 3400 
2154 2652 2769 2770 
2155 753 752 3470 
2156 2935 2413 3559 
2157 2522 2458 2832 
2158 2717 3123 3550 
2159 3434 3205 3532 
2160 3011 2751 3012 
2161 2662 2661 2819 
2162 3071 2700 3196 
2163 2655 2678 2920 
2164 2304 2307 2845 
2165 2599 2601 2923 
2166 2582 2367 2801 
2167 2611 2613 2926 
2168 2780 2781 2882 
2169 2720 2915 3611 
2170 2698 2579 2869 
2171 2853 2856 3015 
2172 3193 2238 3484 
2173 2438 2936 2974 
2174 2699 2556 2881 
2175 2364 2366 2978 
2176 2415 2417 2930 
2177 2464 2466 2535 
2178 2315 2345 2368 
2179 2457 2464 3062 
2180 2903 2505 3582 
2181 2581 2527 2917 
2182 2723 2914 2915 
2183 2562 2474 2903 
2184 2425 2427 2480 
2185 2409 2411 2450 
2186 2886 2956 3163 
2187 2740 2630 2964 
2188 2675 2899 2998 
2189 2798 2624 2807 
2190 2363 2582 3081 
2191 2471 2559 3468 
2192 2838 3204 3617 
2193 2421 2478 3323 
2194 2562 2905 3090 
2195 736 735 2249 
2196 2924 2433 3016 
2197 2848 2849 2850 
2198 2292 3340 3442 
2199 741 740 3025 
2200 750 749 3021 
2201 2597 2677 2878 
2202 2861 2863 2864 
2203 3269 2974 3499 
2204 3046 2243 3452 
2205 2577 2520 2578 
2206 2664 2931 3568 
2207 3144 3039 3145 
2208 2532 2536 2537 
2209 2591 2592 2593 
2210 3124 2211 3392 
2211 2636 2637 2638 
2212 687 688 3041 
2213 2902 2781 3130 
2214 462 463 2880 
2215 2989 2990 3105 
2216 2403 2449 3633 
2217 2995 2334 3569 
2218 749 748 2288 
2219 732 2283 3565 
2220 2349 2339 3134 
2221 2603 2604 2605 
2222 2375 2376 2377 
2223 2328 2329 2330 
2224 2448 2456 2457 
2225 2397 2398 2399 
2226 2977 2508 3541 
2227 3127 2834 3496 
2228 752 751 3001 
2229 2399 2400 2401 
2230 2351 2353 2354 
2231 2453 2839 3131 
2232 2407 2408 2409 
2233 2366 2370 2371 
2234 2323 2324 3309 
2235 2427 2428 2429 
2236 2423 2424 2425 
2237 2540 2651 3595 
2238 2384 2479 3542 
2239 2198 3010 3136 
2240 2965 2632 2966 
2241 2387 2925 3128 
2242 3001 2747 3477 
2243 2725 3066 3571 
2244 2755 2812 2813 
2245 2870 2675 2871 
2246 3079 3070 3369 
2247 2435 3106 3410 
2248 2483 2486 3096 
2249 2609 2669 3639 
2250 2738 3054 3588 
2251 2330 2346 3304 
2252 3113 2439 3396 
2253 2561 2705 2706 
2254 2746 2843 3540 
2255 2574 3053 3303 
2256 2951 2299 2952 
2257 2490 2492 2498 
2258 691 692 2235 
2259 686 687 3040 
2260 3322 3428 3542 
2261 2803 2801 3300 
2262 2300 2533 3562 
2263 696 697 2255 
2264 3366 3006 3368 
2265 744 743 3634 
2266 2982 2979 2995 
2267 2992 2991 2993 
2268 2293 2290 3043 
2269 2845 2502 3539 
2270 698 699 2289 
2271 3107 2748 3339 
2272 683 684 3457 
2273 2393 2392 2394 
2274 2597 2596 2598 
2275 695 696 3097 
2276 2566 2565 2567 
2277 737 736 3496 
2278 2601 2600 2602 
2279 2752 2584 3584 
2280 690 691 3120 
2281 2723 2722 2724 
2282 2564 2715 2716 
2283 2411 2410 2412 
2284 2520 2519 2554 
2285 2431 2430 2432 
2286 2474 2469 2504 
2287 2759 2758 2760 
2288 2341 2340 2342 
2289 2332 2331 2333 
2290 2337 2335 2338 
2291 2542 2541 2543 
2292 2664 2644 2665 
2293 2252 3398 3511 
2294 3043 681 3382 
2295 2748 2676 2893 
2296 2579 2569 2580 
2297 2659 2654 2660 
2298 2953 3414 3430 
2299 2905 2908 2909 
2300 2970 3325 3356 
2301 2899 2673 3600 
2302 2776 3536 3544 
2303 2913 3076 3598 
2304 2584 2583 2654 
2305 3072 3097 3103 
2306 3323 2831 3426 
2307 2811 2846 2847 
2308 3143 2892 3387 
2309 2983 2989 3333 
2310 3136 2973 3355 
2311 3071 2251 3072 
2312 2693 2733 2734 
2313 2550 2525 2552 
2314 2765 3088 3200 
2315 2686 2688 2689 
2316 587 588 2214 
2317 590 591 2256 
2318 2247 2285 2290 
2319 2312 2313 2314 
2320 2649 2943 3252 
2321 2697 3128 3223 
2322 575 576 3152 
2323 584 585 2640 
2324 580 581 2680 
2325 595 596 3149 
2326 576 577 2687 
2327 566 567 3157 
2328 567 568 2791 
2329 562 563 2259 
2330 2488 2489 2490 
2331 3093 3040 3211 
2332 2658 2712 2777 
2333 551 552 2227 
2334 550 551 3168 
2335 549 550 2263 
2336 548 549 3169 
2337 3066 2762 3220 
2338 2625 2626 2627 
2339 2663 2818 3262 
2340 3272 2278 3273 
2341 700 701 3477 
2342 3074 3100 3178 
2343 604 605 3176 
2344 541 542 2266 
2345 2886 2885 2887 
2346 2857 2855 2858 
2347 607 608 2265 
2348 2481 3064 3397 
2349 3134 2341 3346 
2350 748 747 3257 
2351 534 535 2267 
2352 2546 2529 2547 
2353 613 614 3191 
2354 2589 2588 3228 
2355 614 615 2228 
2356 615 616 3192 
2357 2712 2642 3458 
2358 616 617 2270 
2359 526 527 3195 
2360 2946 2708 3173 
2361 2494 2496 2497 
2362 518 519 2210 
2363 2965 2967 3525 
2364 3357 2711 3473 
2365 2769 3065 3515 
2366 2326 2325 2327 
2367 2308 2306 2309 
2368 515 516 2241 
2369 3394 3020 3565 
2370 623 624 2272 
2371 2352 2348 3377 
2372 511 512 3217 
2373 2321 2319 2383 
2374 2327 2482 2483 
2375 2855 2854 3113 
2376 3118 2260 3399 
2377 3031 3093 3456 
2378 2702 3133 3603 
2379 2923 2958 3530 
2380 3358 2929 3573 
2381 2919 2955 3483 
2382 2424 2422 2516 
2383 2224 3083 3491 
2384 2782 3327 3479 
2385 3053 2802 3374 
2386 498 499 3233 
2387 3022 3191 3558 
2388 3126 2317 3411 
2389 2771 2621 2829 
2390 2475 2373 2476 
2391 631 632 2213 
2392 2361 2358 2373 
2393 3127 2249 3561 
2394 2764 2555 3243 
2395 3454 3014 3545 
2396 507 508 3354 
2397 2370 2365 2741 
2398 2541 2539 2697 
2399 2233 3025 3494 
2400 2197 593 3144 
2401 3077 2250 3599 
2402 2834 2707 3007 
2403 2509 2645 2646 
2404 2246 3340 3341 
2405 2761 3211 3517 
2406 3209 2344 3636 
2407 2585 2744 3421 
2408 557 558 3522 
2409 2262 554 3165 
2410 556 557 3560 
2411 543 2226 3174 
2412 2734 2831 3241 
2413 3154 2821 3449 
2414 3349 2964 3353 
2415 2985 3091 3304 
2416 637 638 3271 
2417 2350 2347 3270 
2418 2572 2674 3362 
2419 612 2268 3189 
2420 3229 3026 3274 
2421 2410 2408 3283 
2422 2445 2443 3289 
2423 3067 2744 3535 
2424 2298 2296 3386 
2425 2722 2721 2729 
2426 2994 3294 3395 
2427 3027 3155 3474 
2428 2530 2528 3292 
2429 2688 2684 3251 
2430 2286 2284 3069 
2431 2786 3120 3532 
2432 2473 2309 3317 
2433 2629 2776 3263 
2434 2239 622 3214 
2435 3095 2567 3389 
2436 2703 2618 3268 
2437 479 480 2231 
2438 3260 2820 3427 
2439 2412 2515 3282 
2440 3078 2479 3400 
2441 2607 2604 3281 
2442 2481 2426 3287 
2443 2707 2560 3314 
2444 531 3190 3433 
2445 509 2242 3221 
2446 2442 2432 3290 
2447 2574 3299 3300 
2448 2671 2596 3288 
2449 2512 3277 3333 
2450 3230 2727 3585 
2451 3359 2756 3447 
2452 2946 3494 3538 
2453 2353 2355 3431 
2454 3002 2881 3622 
2455 645 646 2232 
2456 514 3207 3392 
2457 537 538 3450 
2458 2434 3102 3390 
2459 3108 2858 3396 
2460 3226 2243 3227 
2461 2930 3085 3445 
2462 2368 3548 3638 
2463 2695 3117 3632 
2464 2823 2826 3407 
2465 3170 2959 3481 
2466 3112 3037 3572 
2467 2820 2661 3551 
2468 2975 2936 3633 
2469 630 3239 3452 
2470 2587 3421 3538 
2471 3122 2741 3412 
2472 633 2275 3240 
2473 2386 2378 3347 
2474 2208 3195 3363 
2475 2816 2763 3591 
2476 3101 2862 3541 
2477 2766 2788 3454 
2478 2376 3099 3347 
2479 2666 2644 3328 
2480 3318 2356 3431 
2481 2884 3163 3485 
2482 2261 3176 3380 
2483 2265 3181 3370 
2484 3449 3028 3474 
2485 2216 3234 3235 
2486 3159 2259 3429 
2487 2698 3080 3618 
2488 538 539 3537 
2489 2381 3453 3548 
2490 2750 3104 3601 
2491 2957 3185 3546 
2492 2355 3270 3415 
2493 2804 3018 3471 
2494 3222 3258 3513 
2495 2733 3245 3426 
2496 3374 3133 3631 
2497 3266 2836 3636 
2498 3261 2475 3412 
2499 3388 2237 3628 
2500 2757 3389 3447 
2501 3385 3013 3432 
2502 3476 3116 3514 
2503 2852 3224 3583 
2504 524 525 3626 
2505 3089 3002 3618 
2506 469 470 3439 
2507 2271 3202 3408 
2508 3416 3024 3564 
2509 2957 3520 3578 
2510 2826 3346 3465 
2511 3015 3399 3491 
2512 3313 2771 3453 
2513 2694 2775 3519 
2514 2876 3301 3413 
2515 2303 2301 3462 
2516 3153 2199 3492 
2517 3194 2206 3608 
2518 2462 3259 3490 
2519 2205 3379 3444 
2520 3355 2874 3487 
2521 3375 2538 3627 
2522 3497 2433 3510 
2523 653 654 2285 
2524 2774 3377 3475 
2525 3217 2211 3531 
2526 3188 2267 3524 
2527 3236 2215 3479 
2528 464 465 2286 
2529 655 656 2287 
2530 3165 2202 3556 
2531 2807 3361 3579 
2532 3512 2516 3557 
2533 2213 3240 3480 
2534 2844 3432 3592 
2535 3301 2877 3488 
2536 2986 3464 3490 
2537 2241 3208 3550 
2538 2943 3384 3552 
2539 2795 3406 3497 
2540 3324 2244 3401 
2541 3485 2263 3604 
2542 2785 3342 3567 
2543 2822 3316 3512 
2544 2218 3246 3508 
2545 2830 3383 3566 
2546 2228 3529 3558 
2547 3411 2313 3580 
2548 2210 3419 3617 
2549 3312 3032 3623 
2550 2816 3305 3469 
2551 3499 2975 3536 
2552 3184 3501 3589 
2553 2948 3293 3609 
2554 2460 3348 3581 
2555 2291 2284 3463 
2556 3534 3233 3547 
2557 3098 3482 3624 
2558 2951 3430 3575 
2559 3059 3563 3581 
2560 3319 2231 3612 
2561 2879 3523 3608 
2562 3331 2232 3613 
2563 3037 3451 3526 
2564 703 107 753 
2565 2287 656 657 
2566 657 104 2287 
2567 461 462 2880 
2568 2880 460 461 
2 8 3 1348
2569 3016 3406 2710 3286 
2570 2899 3600 3367 3564 
2571 2648 3598 3076 3326 
2572 3119 3560 557 3522 
2573 2833 3632 3117 3307 
2574 3604 2883 2884 3485 
2575 2877 3489 3198 3488 
2576 2737 3588 3054 3148 
2577 2901 3588 3153 3492 
2578 3248 3572 3037 3526 
2579 3333 2989 3105 2512 
2580 3408 3586 2868 3418 
2581 3103 2712 3458 3072 
2582 3183 3402 2928 3370 
2583 2806 3572 3248 3508 
2584 3045 3521 3335 2386 
2585 3527 2902 3589 3305 
2586 3520 3092 2226 3175 
2587 3406 2795 3281 2710 
2588 3209 3210 3255 2344 
2589 3053 3374 3302 3303 
2590 2226 3092 3004 3174 
2591 3298 3582 2581 2918 
2592 3033 3540 3401 3320 
2593 2477 2549 3122 3412 
2594 2842 3543 2746 2696 
2595 3184 3589 2902 3130 
2596 2802 3603 3133 3374 
2597 2208 3363 3002 3089 
2598 3105 2990 3391 2455 
2599 3220 3354 3221 3066 
2600 3337 3592 3006 3366 
2601 3503 3001 3477 701 
2602 3515 3065 3244 2276 
2603 3438 2711 3357 3141 
2604 3125 3519 2775 3507 
2605 3034 3291 2203 3189 
2606 2360 3471 3018 3332 
2607 3322 3542 2479 3078 
2608 3060 3627 2538 3563 
2609 3318 3431 3178 3100 
2610 652 653 2285 2247 
2611 3087 3504 3047 2289 
2612 3554 2845 3539 3038 
2613 3555 3554 3038 2870 
2614 3106 3629 2657 3267 
2615 3060 3398 2890 3627 
2616 2946 3538 3421 2945 
2617 3254 3107 3339 2500 
2618 2945 3421 2744 3067 
2619 2729 3400 3084 3219 
2620 3279 2833 3307 2230 
2621 3298 2918 3187 3388 
2622 3555 2870 2871 2996 
2623 3243 2500 3339 2764 
2624 3291 2962 3402 3183 
2625 2872 3621 3441 2873 
2626 2832 3468 2960 3044 
2627 3161 3605 2934 3160 
2628 3470 702 703 753 
2629 2702 2387 3128 3132 
2630 3265 3461 3012 3460 
2631 2241 3550 3123 3207 
2632 496 2216 3242 495 
2633 2253 3457 2787 3212 
2634 2773 3410 3106 3267 
2635 2670 2875 2593 2595 
2636 3022 3486 2268 3191 
2637 2776 3544 3507 3263 
2638 3220 2762 2816 3469 
2639 3145 2740 2964 3349 
2640 3367 3600 2900 3480 
2641 3068 3567 3342 2220 
2642 2236 3619 3116 3476 
2643 3184 2215 502 503 
2644 3571 3066 3221 2242 
2645 2563 2496 3552 3384 
2646 3635 3062 3570 2911 
2647 3503 3470 752 3001 
2648 2725 3571 2914 2723 
2649 2367 2582 2363 2364 
2650 2719 3611 3124 3123 
2651 2927 2926 2929 3358 
2652 2235 3532 3120 691 
2653 2730 3596 3131 3328 
2654 2589 2592 2591 2590 
2655 2706 2812 2755 2754 
2656 3102 3590 2671 3288 
2657 2702 3603 2978 2374 
2658 2897 3595 2651 2896 
2659 2703 3576 2974 3269 
2660 3484 2898 3293 3193 
2661 3223 3128 2925 3424 
2662 3330 3329 647 648 
2663 2987 3091 2985 2986 
2664 3294 2828 3115 3395 
2665 2283 3625 3394 3565 
2666 2796 3316 2822 2797 
2667 2961 2603 2605 2962 
2668 3450 3628 2237 537 
2669 2666 3428 3322 3321 
2670 3369 2716 3434 3079 
2671 3232 3587 2423 2425 
2672 2988 3490 3259 2551 
2673 2407 2409 2997 3519 
2674 2247 3442 651 652 
2675 3317 2766 3454 2473 
2676 3257 3466 2288 748 
2677 2952 3562 2996 2953 
2678 2316 3630 2345 2315 
2679 2968 3438 3141 3351 
2680 2538 3375 2507 2472 
2681 2634 3263 2775 2694 
2682 3316 2796 3064 2481 
2683 2563 3365 2715 2564 
2684 3026 3229 3025 740 
2685 3236 3479 3327 2274 
2686 2907 2908 2905 2904 
2687 2433 3497 3406 3016 
2688 3101 3541 2508 2922 
2689 2388 2369 3378 3082 
2690 3478 2803 3300 3299 
2691 2222 3158 569 570 
2692 3137 2650 2566 2567 
2693 2462 3490 3464 3280 
2694 3108 3541 2862 2859 
2695 3420 3613 2232 3329 
2696 2994 2992 2993 3294 
2697 3444 2969 3537 2205 
2698 3046 2800 3227 2243 
2699 2926 2613 2704 2929 
2700 2919 3483 2233 3173 
2701 3121 3122 2549 2561 
2702 3290 3397 3064 2645 
2703 636 2217 3024 635 
2704 2794 3231 2790 2789 
2705 3078 2668 3321 3322 
2706 2835 3528 3047 2947 
2707 2745 3540 3033 3032 
2708 2238 3193 529 530 
2709 3082 2551 2390 2388 
2710 2812 3561 2814 2813 
2711 3520 3175 2264 3578 
2712 3340 2246 649 650 
2713 3282 2514 2414 2412 
2714 2294 2293 2295 2296 
2715 2585 3421 2587 2548 
2716 3015 2856 3118 3399 
2717 3601 3075 3415 3210 
2718 3210 3415 3270 3255 
2719 3082 3378 3052 3050 
2720 3130 2781 2782 3479 
2721 3215 3413 3214 2272 
2722 2750 3601 3210 3209 
2723 2820 3435 3215 3427 
2724 3041 3211 3040 687 
2725 2895 3597 2896 2651 
2726 2931 3617 3419 3568 
2727 2754 3045 3073 3121 
2728 2341 2343 3465 3346 
2729 2838 2667 2717 3550 
2730 2266 3174 3004 3180 
2731 2752 3584 2833 3279 
2732 2724 2726 2725 2723 
2733 3520 2957 3546 3092 
2734 2899 3564 3024 2998 
2735 3068 3120 2786 3567 
2736 2731 3495 3096 2486 
2737 2708 2946 2945 2554 
2738 2769 3515 2976 2770 
2739 526 3195 2208 525 
2740 2401 2936 2438 2399 
2741 2836 3237 2751 2749 
2742 3495 2573 3250 3096 
2743 2534 3311 2526 2504 
2744 3012 3461 3035 3011 
2745 547 2204 3172 546 
2746 556 3560 2202 555 
2747 3537 2969 3450 538 
2748 2984 3464 2986 2985 
2749 3000 3637 3251 2682 
2750 2953 3430 2951 2952 
2751 3124 3611 3531 2211 
2752 3158 2791 568 569 
2753 3401 3540 2843 3337 
2754 2426 2428 2427 2425 
2755 3570 2535 3056 2911 
2756 3405 2805 3478 3295 
2757 2573 3495 3265 3264 
2758 3052 3630 2318 3051 
2759 2434 3453 2381 2382 
2760 3375 2553 2525 2507 
2761 3273 2278 639 640 
2762 3042 3517 3211 3041 
2763 2903 3582 2906 2904 
2764 3622 2698 3618 3002 
2765 3065 3508 3246 3244 
2766 2963 3402 2962 2605 
2767 2817 3500 2818 2663 
2768 3464 2984 3472 3280 
2769 3378 2345 3630 3052 
2770 3168 3604 2263 550 
2771 2261 3380 3003 3505 
2772 2700 3458 2642 2576 
2773 2941 2788 2787 3457 
2774 2279 3278 485 486 
2775 2580 2730 3328 2644 
2776 3529 3192 3549 3530 
2777 2827 3346 2826 2825 
2778 3019 3615 3230 3585 
2779 2540 2539 2541 2542 
2780 3418 2868 3568 3419 
2781 3212 3462 3386 2912 
2782 3389 2567 2565 3447 
2783 2820 3260 2819 2661 
2784 2423 3587 2478 2421 
2785 2896 3597 3111 3109 
2786 2977 3396 2439 2440 
2787 2308 3383 2372 2307 
2788 2782 2779 2872 2873 
2789 2557 2648 3326 2569 
2790 3424 2545 2543 3223 
2791 2393 2394 2395 3404 
2792 2852 3583 2854 2853 
2793 2336 3460 3237 3256 
2794 2627 3536 2776 2629 
2795 478 3319 3320 477 
2796 3300 2801 3053 2574 
2797 2626 3499 3536 2627 
2798 3253 2837 2637 2635 
2799 3227 3017 3094 3226 
2800 3018 2804 2805 3019 
2801 2886 3163 2884 2885 
2802 2391 3510 2433 2389 
2803 2369 2388 2382 2381 
2804 2673 2674 2572 2672 
2805 3097 3072 2251 695 
2806 2288 3607 3021 749 
2807 2373 3318 3100 2476 
2808 2879 3608 3198 3489 
2809 2853 2854 2855 2856 
2810 3077 3409 2254 746 
2811 2347 2350 2348 2343 
2812 2368 3638 2916 2315 
2813 3213 3528 2255 697 
2814 2635 2637 2636 2633 
2815 2695 2660 2696 2745 
2816 3307 3117 3312 2280 
2817 3194 2270 617 618 
2818 2252 734 733 2889 
2819 2375 2377 2913 2387 
2820 3315 3575 3430 2219 
2821 2435 3410 3404 2395 
2822 2932 2615 2617 2714 
2823 2786 3532 3205 2784 
2824 2465 2467 2466 2464 
2825 2621 3297 2830 2829 
2826 2269 3195 527 528 
2827 2668 2718 2717 2667 
2828 3428 3131 2839 3542 
2829 2277 3526 3451 3275 
2830 2705 2560 2707 2834 
2831 743 3483 2955 3634 
2832 2623 2626 2625 2624 
2833 2215 3236 501 502 
2834 2909 3448 3090 2905 
2835 2258 3498 3249 3156 
2836 3027 3429 2259 3155 
2837 2381 3548 2368 2369 
2838 3342 2785 3137 3440 
2839 2923 2601 2701 2958 
2840 3198 3608 2206 3197 
2841 2473 3610 2311 2309 
2842 2720 2718 2721 2722 
2843 2819 3094 3017 2662 
2844 2608 2610 2609 2606 
2845 2543 2545 2544 2542 
2846 2975 3633 3544 3536 
2847 2594 2767 3288 2596 
2848 2736 2739 2738 2735 
2849 2671 3286 2598 2596 
2850 2973 3136 3010 2678 
2851 683 3457 2253 682 
2852 2795 3497 2817 2663 
2853 3129 3196 2700 2576 
2854 2756 3296 2321 2383 
2855 2270 3549 3192 616 
2856 2762 2726 2763 2816 
2857 2650 3137 2785 2784 
2858 2894 3599 2893 2676 
2859 3060 3563 3059 2815 
2860 2260 3522 558 559 
2861 2418 2441 2420 2419 
2862 2385 2437 2436 2384 
2863 3192 3529 2228 615 
2864 3534 3235 3234 3233 
2865 2310 2312 2916 3566 
2866 2537 2536 2588 2589 
2867 602 3171 2201 601 
2868 3296 2756 3359 2482 
2869 2859 2861 2860 2857 
2870 2404 3425 2406 2405 
2871 3423 2487 3252 2943 
2872 3169 3485 3163 2204 
2873 2670 2595 2878 3489 
2874 2829 3548 3453 2771 
2875 2320 2319 2321 2322 
2876 2335 2336 3256 2338 
2877 600 3161 3160 599 
2878 3302 2534 2504 2469 
2879 2541 2697 3223 2543 
2880 2313 2311 3610 3580 
2881 2374 2978 2366 2371 
2882 3557 2824 2822 3512 
2883 2755 2813 3061 3521 
2884 604 3176 2261 603 
2885 2353 3431 2356 2354 
2886 2402 2404 2403 2401 
2887 2959 3170 2732 2571 
2888 3188 3524 3110 2207 
2889 497 3234 2216 496 
2890 3360 3593 2993 2991 
2891 645 2232 3331 644 
2892 3329 2232 646 647 
2893 2793 2810 2809 2808 
2894 3355 3487 2680 3135 
2895 2339 2340 2341 3134 
2896 2225 3573 3176 605 
2897 3423 2943 3552 2493 
2898 2619 2933 2714 2617 
2899 2223 3579 3149 596 
2900 2754 3121 2561 2706 
2901 2887 3635 2911 2888 
2902 2212 3469 3225 506 
2903 2420 3285 2422 2421 
2904 2863 2866 2865 2864 
2905 594 2257 3144 593 
2906 3029 3577 3030 2792 
2907 2622 2623 2624 2798 
2908 3366 3368 472 473 
2909 2326 2329 2328 2324 
2910 643 2281 3315 642 
2911 2808 3446 3029 2792 
2912 2646 2727 3230 2509 
2913 2415 2414 2416 2417 
2914 2522 3084 2451 2458 
2915 2263 3485 3169 549 
2916 3205 2715 3365 2784 
2917 3263 2634 2631 2629 
2918 2447 2456 2448 2446 
2919 2574 3303 2467 2465 
2920 546 3172 2264 545 
2921 2201 3171 3505 3057 
2922 2344 3255 2342 2340 
2923 2379 2839 2453 2377 
2924 2440 2432 2442 2443 
2925 2746 3543 2844 2843 
2926 2791 3446 3157 567 
2927 2917 3350 2918 2581 
2928 2325 3296 2482 2327 
2929 2810 3231 3493 2846 
2930 2489 3423 2493 2491 
2931 2302 2304 2845 3554 
2932 2912 3386 2296 2295 
2933 2643 2580 2644 2664 
2934 3113 3396 2858 2855 
2935 2318 2317 2319 2320 
2936 2570 2583 2584 2728 
2937 2262 3166 553 554 
2938 2964 2630 2632 2965 
2939 2611 2610 2612 2613 
2940 3289 3615 2517 2445 
2941 2319 2317 3126 2383 
2942 2569 3326 2730 2580 
2943 2879 3489 2878 2677 
2944 3110 3620 3350 2897 
2945 2928 3639 2669 2927 
2946 3038 3539 3362 2674 
2947 3494 3025 3229 3538 
2948 3075 3074 3178 3415 
2949 3224 2852 2849 2847 
2950 3096 3250 2327 2483 
2951 2835 2777 2712 3103 
2952 2713 3393 2654 2583 
2953 2998 3023 2871 2675 
2954 2761 3456 3093 3211 
2955 2233 742 741 3025 
2956 2345 3378 2369 2368 
2957 2455 3283 2408 2406 
2958 3107 3254 2494 2497 
2959 2567 3095 3440 3137 
2960 3353 3525 2256 3142 
2961 3203 3418 3419 2210 
2962 2739 2736 2789 2790 
2963 2376 3347 2378 2377 
2964 3258 2681 2656 2639 
2965 3015 3491 3083 2851 
2966 3285 3557 2516 2422 
2967 732 3565 2889 733 
2968 488 3275 2229 487 
2969 491 2218 3247 490 
2970 2304 2303 2305 2306 
2971 3200 3634 2955 2765 
2972 3374 3631 2534 3302 
2973 2493 3552 2496 2494 
2974 2722 2729 3219 2724 
2975 2523 3348 2437 2385 
2976 2694 3253 2635 2634 
2977 3584 2659 3632 2833 
2978 2666 3321 2665 2644 
2979 2948 3363 3195 2269 
2980 2429 2430 2431 2518 
2981 489 2277 3275 488 
2982 2568 2557 2569 2579 
2983 3031 3602 2234 3093 
2984 2412 2414 2413 2411 
2985 2821 3446 2808 2809 
2986 2772 3292 2546 2548 
2987 2938 2397 2399 2438 
2988 2846 3614 2999 2847 
2989 2659 3584 2584 2654 
2990 469 3439 2282 468 
2991 2921 3257 2254 3199 
2992 2428 3397 2430 2429 
2993 2363 3081 2359 2362 
2994 3098 3343 2885 2867 
2995 2921 3199 2658 2777 
2996 3236 2274 500 501 
2997 2774 3459 2653 2753 
2998 2331 2573 3264 2333 
2999 2389 2433 2924 2382 
3000 3179 3379 2205 540 
3001 2587 3538 3229 3274 
3002 2840 2841 2760 2758 
3003 2768 2806 2769 2652 
3004 2850 3429 3027 2848 
3005 2210 3617 3204 518 
3006 2333 2335 2334 2332 
3007 3216 2272 624 625 
3008 623 2272 3214 622 
3009 642 3315 2219 641 
3010 3132 3631 3133 2702 
3011 2551 3259 2392 2390 
3012 2492 2500 2499 2498 
3013 2980 2989 2983 2981 
3014 3149 3579 3361 2257 
3015 2947 3466 2777 2835 
3016 2505 2504 2526 2527 
3017 2227 3533 3168 551 
3018 2628 2740 2971 2625 
3019 3021 3087 2747 750 
3020 2983 3472 2984 2981 
3021 2530 3292 3314 2560 
3022 2312 2314 2315 2916 
3023 2441 3467 3285 2420 
3024 2256 3525 3146 590 
3025 3362 3539 2502 2531 
3026 2978 3603 2367 2364 
3027 2221 3138 578 579 
3028 573 2199 3153 572 
3029 2602 3281 2604 2603 
3030 3311 2697 2539 2526 
3031 3496 736 2249 3127 
3032 2329 3250 2573 2331 
3033 2837 3258 2639 2637 
3034 2900 3600 2673 2672 
3035 3435 2876 3413 3215 
3036 3074 3075 2586 2547 
3037 3262 2773 2610 2608 
3038 3182 3181 609 610 
3039 3028 3449 2821 2809 
3040 2684 2688 2686 2685 
3041 2924 3102 2434 2382 
3042 3086 3087 2289 699 
3043 2482 3359 2484 2483 
3044 2417 2418 2419 2461 
3045 2849 2852 2851 2850 
3046 2400 3277 2402 2401 
3047 2837 3506 3513 3258 
3048 2322 2324 2323 2320 
3049 599 3160 2258 598 
3050 2613 2614 2615 2704 
3051 2662 3481 2590 2661 
3052 587 2214 3140 586 
3053 3139 2214 588 589 
3054 3051 3049 3050 3052 
3055 2459 2472 2471 2458 
3056 2733 3426 2831 2734 
3057 3272 3574 3023 2278 
3058 2248 3439 470 471 
3059 3240 2213 632 633 
3060 2302 2301 2303 2304 
3061 2985 3304 2981 2984 
3062 3152 3516 2892 3143 
3063 2659 2660 2695 3632 
3064 3197 2206 619 620 
3065 2612 3267 2614 2613 
3066 2422 2424 2423 2421 
3067 2524 2507 2525 2550 
3068 561 3159 2224 560 
3069 2691 2733 2693 2692 
3070 2398 2513 2400 2399 
3071 2502 2845 2307 2372 
3072 2804 3471 3081 2582 
3073 2198 3135 582 583 
3074 2824 3467 3114 2825 
3075 2972 3475 2351 2354 
3076 2445 2517 2447 2446 
3077 2546 3292 2528 2529 
3078 3372 3377 2774 2753 
3079 644 3331 2281 643 
3080 3049 2987 2988 3050 
3081 3286 2710 2600 2598 
3082 2682 3251 2684 2683 
3083 2681 3000 2682 2679 
3084 479 2231 3319 478 
3085 3308 2231 480 481 
3086 2499 2519 2501 2498 
3087 3043 2290 2285 2287 
3088 2948 3609 2699 2881 
3089 2278 3271 638 639 
3090 3304 3091 2328 2330 
3091 2349 3569 2337 2339 
3092 2239 3206 621 622 
3093 3383 2830 3297 2372 
3094 2640 3518 3150 584 
3095 3075 3601 3104 2586 
3096 2456 2470 2463 2457 
3097 3017 3227 2800 3170 
3098 2749 2751 2577 2578 
3099 2323 3309 3049 3051 
3100 2687 3516 3152 576 
3101 2333 3264 2336 2335 
3102 2322 2321 3296 2325 
3103 3055 3593 2349 3134 
3104 3193 2269 528 529 
3105 2406 2408 2407 2405 
3106 3393 3502 2660 2654 
3107 3167 3533 2227 3166 
3108 2228 3558 3191 614 
3109 2599 2598 2600 2601 
3110 2380 2385 2384 2379 
3111 2206 3194 618 619 
3112 467 3463 2284 466 
3113 3465 2352 3407 2826 
3114 3331 3613 3371 2281 
3115 2274 3233 499 500 
3116 498 3233 3234 497 
3117 3375 3627 3376 2553 
3118 2388 2390 2389 2382 
3119 684 3352 2941 3457 
3120 2810 2846 2811 2809 
3121 2690 2691 2692 2891 
3122 2601 2602 2603 2701 
3123 2680 3487 3151 580 
3124 2485 3252 2487 2486 
3125 3317 2309 2306 2305 
3126 2655 2639 2656 2678 
3127 2735 2901 2937 2693 
3128 3202 2271 521 522 
3129 3199 3238 2641 2658 
3130 490 3247 2277 489 
3131 3089 3618 3080 3344 
3132 607 2265 3177 606 
3133 3181 2265 608 609 
3134 2649 3252 2495 2566 
3135 2516 3512 3287 2424 
3136 2452 2460 2459 2458 
3137 2490 2489 2491 2492 
3138 2356 2358 2357 2354 
3139 2197 3142 592 593 
3140 555 2202 3165 554 
3141 562 2259 3159 561 
3142 548 3169 2204 547 
3143 566 3157 3154 565 
3144 544 3175 2226 543 
3145 541 2266 3179 540 
3146 511 3217 3218 510 
3147 3336 2245 474 475 
3148 515 2241 3207 514 
3149 2286 465 466 2284 
3150 3225 2273 505 506 
3151 3208 2241 516 517 
3152 3186 2267 535 536 
3153 3189 2203 611 612 
3154 613 3191 2268 612 
3155 3174 2266 542 543 
3156 634 3416 2275 633 
3157 3204 3208 517 518 
3158 2230 3306 483 484 
3159 3155 2259 563 564 
3160 575 3152 3143 574 
3161 2739 2790 2792 3030 
3162 2409 2408 2410 2411 
3163 2615 2614 2616 2617 
3164 3004 2910 2908 3180 
3165 534 2267 3188 533 
3166 533 3188 2207 532 
3167 2970 3356 3008 2685 
3168 2575 2641 3238 2676 
3169 2468 2467 2469 2474 
3170 492 3246 2218 491 
3171 493 3244 3246 492 
3172 3437 3480 2900 2799 
3173 2410 3283 2515 2412 
3174 3255 3270 2347 2342 
3175 3196 3129 2564 2716 
3176 2617 2616 2618 2619 
3177 2889 3565 3020 2890 
3178 637 3271 2217 636 
3179 2683 2684 2685 2874 
3180 2619 2618 2620 2622 
3181 3151 3487 3008 2221 
3182 2763 3044 2960 3591 
3183 3046 3437 2799 2800 
3184 2359 2358 2361 2362 
3185 3166 2227 552 553 
3186 2989 2980 2982 2990 
3187 2271 3408 3418 3203 
3188 2271 3203 520 521 
3189 3080 3310 2240 3344 
3190 3274 2772 2548 2587 
3191 2370 2741 2742 3099 
3192 2362 2361 3261 2365 
3193 3165 3556 3058 2262 
3194 2209 3216 625 626 
3195 2783 3384 2943 2649 
3196 2838 3550 3208 3204 
3197 2886 2887 2888 2956 
3198 598 2258 3156 597 
3199 2803 3478 2805 2804 
3200 3314 3514 3116 2707 
3201 3206 3197 620 621 
3202 2311 2313 2312 2310 
3203 2633 2631 2634 2635 
3204 3475 2972 3459 2774 
3205 2416 3284 2418 2417 
3206 2605 2604 2606 2963 
3207 2432 2440 2439 2431 
3208 2726 3443 3044 2763 
3209 3140 3357 3147 586 
3210 2463 2465 2464 2457 
3211 3147 3357 3473 2640 
3212 2869 3310 3080 2698 
3213 2477 2476 2528 2530 
3214 3138 2687 577 578 
3215 2396 2398 2397 2395 
3216 2910 3056 2909 2908 
3217 3071 3072 3458 2700 
3218 2594 2596 2595 2593 
3219 2449 3507 3544 3633 
3220 3303 3302 2469 2467 
3221 3030 3054 2738 2739 
3222 3472 2983 3333 3277 
3223 3407 3372 2797 2823 
3224 2858 3108 2859 2857 
3225 3261 3412 2741 2365 
3226 2306 2308 2307 2304 
3227 3083 3429 2850 2851 
3228 2487 3423 2489 2488 
3229 3058 2860 2861 2864 
3230 3088 3339 2748 2893 
3231 2309 2311 2310 2308 
3232 3027 3474 3028 2848 
3233 3138 3356 3325 2687 
3234 3135 2680 581 582 
3235 2362 2365 2364 2363 
3236 2553 3417 2552 2525 
3237 2314 2313 3411 2317 
3238 2856 2855 2857 3063 
3239 3245 2733 2691 2689 
3240 3318 2373 2358 2356 
3241 3343 3635 2887 2885 
3242 2606 2604 2607 2608 
3243 3410 2773 3262 2818 
3244 2295 3382 3162 2912 
3245 3387 3492 2199 3143 
3246 2791 3158 3029 3446 
3247 2748 3107 2558 2676 
3248 2825 2826 2823 2824 
3249 3067 3535 2578 2520 
3250 631 2213 3239 630 
3251 2892 3516 2891 2692 
3252 2797 3372 2753 2796 
3253 3129 2511 2510 2564 
3254 3441 3621 2770 2976 
3255 3297 2621 2536 2503 
3256 3228 2767 2592 2589 
3257 2937 3387 2892 2692 
3258 2532 2959 2571 2531 
3259 2494 3254 2491 2493 
3260 3141 3357 3140 2214 
3261 2443 2445 2444 2440 
3262 2757 3447 2756 2383 
3263 2430 3397 3290 2432 
3264 2597 2598 2599 2677 
3265 3142 2256 591 592 
3266 2595 2596 2597 2878 
3267 2481 3397 2428 2426 
3268 693 694 3070 3079 
3269 2753 2653 2647 2796 
3270 3147 2640 585 586 
3271 2234 3602 685 686 
3272 2686 2690 2970 2685 
3273 3414 3436 2219 3430 
3274 2620 3269 2623 2622 
3275 595 3149 2257 594 
3276 2866 3482 3098 2867 
3277 2847 2849 2848 2811 
3278 3284 3606 2441 2418 
3279 2497 2511 2558 3107 
3280 3203 2210 519 520 
3281 2239 3214 3413 3301 
3282 2957 3578 2956 2888 
3283 2861 2859 2862 2863 
3284 2519 3243 2555 2554 
3285 700 3477 3086 699 
3286 2650 2783 2649 2566 
3287 2396 2462 3280 2398 
3288 3461 3265 3495 2731 
3289 3157 3446 2821 3154 
3290 3523 2944 3549 2270 
3291 2954 3420 3329 3330 
3292 2490 2498 3035 2488 
3293 2387 2702 2374 2375 
3294 2828 3294 3055 2827 
3295 2632 2631 2633 2966 
3296 545 2264 3175 544 
3297 3011 2501 2577 2751 
3298 3183 3370 3181 3182 
3299 2529 3100 3074 2547 
3300 2563 2564 2510 2496 
3301 2758 2759 2757 2383 
3302 2475 3261 2361 2373 
3303 2421 3323 2419 2420 
3304 2386 3335 2380 2378 
3305 2265 3370 3373 3177 
3306 689 3068 2220 688 
3307 2689 2691 2690 2686 
3308 2211 3217 512 513 
3309 2548 2546 2547 2585 
3310 3237 3460 3012 2751 
3311 3241 2789 2736 2734 
3312 3041 688 2220 3042 
3313 3259 2462 2394 2392 
3314 2628 2629 2630 2740 
3315 3313 3390 2767 3228 
3316 3301 3488 3206 2239 
3317 2251 3070 694 695 
3318 2742 2741 3122 3121 
3319 2365 2370 2366 2364 
3320 2761 3517 3095 2759 
3321 2560 2705 2561 2549 
3322 2711 3438 2638 2655 
3323 3566 2916 3638 2830 
3324 2641 2575 2576 2642 
3325 2747 3001 751 750 
3326 2851 2852 2853 3015 
3327 2780 3468 2559 2779 
3328 3332 3585 2727 3459 
3329 3373 2927 3358 3177 
3330 3231 2810 2793 2790 
3331 2338 2340 2339 2337 
3332 2710 3281 2602 2600 
3333 3067 2520 2554 2945 
3334 2511 3129 2576 2575 
3335 2393 3510 2391 2392 
3336 2966 2968 2967 2965 
3337 2734 2736 2735 2693 
3338 2257 3361 3039 3144 
3339 2764 2765 2709 2555 
3340 2403 3633 2936 2401 
3341 2442 3290 2645 2509 
3342 3209 3636 2836 2749 
3343 2378 2380 2379 2377 
3344 2677 2599 2923 2944 
3345 3372 3407 2352 3377 
3346 3170 3481 2662 3017 
3347 2394 2462 2396 2395 
3348 3598 2648 3424 2925 
3349 2330 2329 2331 2332 
3350 2630 2629 2631 2632 
3351 2995 3569 3360 2991 
3352 2609 3639 2963 2606 
3353 2616 2657 3268 2618 
3354 2558 2511 2575 2676 
3355 2514 3284 2416 2414 
3356 2703 3269 2620 2618 
3357 2562 3090 2468 2474 
3358 2240 3202 522 523 
3359 2658 2641 2642 2712 
3360 3173 2708 2709 2919 
3361 2298 2301 2300 2299 
3362 2371 2376 2375 2374 
3363 2813 2814 2815 3059 
3364 2933 2619 2622 2798 
3365 3348 2460 2452 2437 
3366 2992 3391 2990 2991 
3367 2902 3527 2882 2781 
3368 2750 3209 2749 2578 
3369 3268 2657 3629 2949 
3370 2348 2351 3475 3377 
3371 2572 3362 2531 2571 
3372 2501 2519 2520 2577 
3373 2627 2629 2628 2625 
3374 2324 2322 2325 2326 
3375 744 3634 2250 745 
3376 3099 2376 2371 2370 
3377 532 2207 3190 531 
3378 2865 2883 3533 3167 
3379 3127 3561 2812 2706 
3380 2969 3444 2939 2940 
3381 2766 3317 2305 2743 
3382 2785 3567 2786 2784 
3383 735 734 3048 2249 
3384 2959 2532 2537 3481 
3385 2890 3398 2252 2889 
3386 745 2250 3077 746 
3387 2434 3390 3313 3453 
3388 2545 3424 2648 2557 
3389 2337 3569 2334 2335 
3390 2384 3542 2839 2379 
3391 2243 3226 628 629 
3392 2778 2559 2506 2524 
3393 2510 2511 2497 2496 
3394 2326 2327 3250 2329 
3395 2811 2848 3028 2809 
3396 2588 2536 2621 2771 
3397 3310 3408 3202 2240 
3398 3513 3506 2450 2935 
3399 3085 3245 2689 2688 
3400 3031 2841 3014 2942 
3401 3624 2521 3343 3098 
3402 606 3177 2225 605 
3403 2424 3287 2426 2425 
3404 2647 2653 2646 2645 
3405 2803 2804 2582 2801 
3406 2509 3289 2443 2442 
3407 2679 2682 2683 2973 
3408 2904 2905 2562 2903 
3409 3164 3399 2260 559 
3410 2372 3297 2503 2502 
3411 2350 3270 2355 2353 
3412 3386 3462 2301 2298 
3413 3116 3619 3007 2707 
3414 3638 3548 2829 2830 
3415 2663 3262 2608 2607 
3416 2552 2583 2570 2550 
3417 2981 3304 2346 2980 
3418 2218 3508 3248 3247 
3419 2495 3252 2485 2484 
3420 2840 3126 3411 3580 
3421 2451 2437 2452 2458 
3422 2444 2445 2446 2508 
3423 2982 2995 2991 2990 
3424 2938 3629 3106 2435 
3425 2665 3321 2668 2667 
3426 2499 2500 3243 2519 
3427 2664 2665 2667 2931 
3428 2551 3082 3050 2988 
3429 2447 2517 3295 2456 
3430 2929 2704 3003 3380 
3431 2303 3462 2743 2305 
3432 3238 3409 2894 2676 
3433 3136 3355 3135 2198 
3434 3367 3480 3240 2275 
3435 2675 2674 2673 2899 
3436 2944 3523 2879 2677 
3437 2200 3474 3155 564 
3438 2216 3235 2976 3242 
3439 2656 2681 2679 2678 
3440 2681 3258 3222 3000 
3441 3008 3487 2874 2685 
3442 3104 3535 2744 2586 
3443 2252 3511 3048 734 
3444 2607 3281 2795 2663 
3445 3455 3579 2223 3156 
3446 2653 3459 2727 2646 
3447 2402 3277 2512 2404 
3448 2807 3579 3455 2798 
3449 2483 2484 2485 2486 
3450 2429 2518 2999 2427 
3451 2492 2491 3254 2500 
3452 560 2224 3164 559 
3453 2638 2637 2639 2655 
3454 2338 3256 3266 2340 
3455 3291 3183 3182 2203 
3456 3078 3400 2729 2721 
3457 3230 3615 3289 2509 
3458 3221 3354 508 509 
3459 3299 2574 2465 2463 
3460 3145 3349 2197 3144 
3461 2280 3308 481 482 
3462 3597 2895 3594 2898 
3463 2792 2790 2793 2808 
3464 2697 3311 3132 3128 
3465 2565 2566 2495 2484 
3466 2701 2603 2961 3022 
3467 2816 3591 3527 3305 
3468 3635 3343 2521 3062 
3469 3063 3119 3118 2856 
3470 3187 3524 2267 3186 
3471 2975 3499 2974 2936 
3472 2771 3313 3228 2588 
3473 3146 3139 589 590 
3474 507 3354 2212 506 
3475 3061 3581 3348 2523 
3476 2255 3103 3097 696 
3477 2930 3445 2454 2415 
3478 2784 3365 2783 2650 
3479 2920 3473 2711 2655 
3480 2836 3266 3256 3237 
3481 2694 3519 2997 3253 
3482 2203 3182 610 611 
3483 3260 3427 3216 2209 
3484 3388 3187 3186 2237 
3485 3013 3385 730 729 
3486 2935 3559 3222 3513 
3487 3022 3558 2958 2701 
3488 2517 3615 3405 3295 
3489 3563 3381 2460 3581 
3490 2994 3395 3282 2515 
3491 3150 3518 3010 2198 
3492 2568 3622 2881 2556 
3493 2350 2353 2351 2348 
3494 3610 3545 3009 3580 
3495 2941 3352 2942 2788 
3496 2555 2709 2708 2554 
3497 2342 2347 2343 2341 
3498 2461 2419 3323 3426 
3499 681 682 3162 3382 
3500 2765 2955 2919 2709 
3501 3269 3499 2626 2623 
3502 2579 2580 2643 2869 
3503 597 3156 2223 596 
3504 2828 2827 2825 3114 
3505 3266 3636 2344 2340 
3506 3231 2794 3232 3493 
3507 2867 2885 2884 2883 
3508 2874 3355 2973 2683 
3509 2865 2866 2867 2883 
3510 2979 2982 2980 2346 
3511 3434 2716 2715 3205 
3512 2273 3501 504 505 
3513 3088 2765 2764 3339 
3514 2297 2296 2298 2299 
3515 2815 3511 3398 3060 
3516 3020 3394 2713 3417 
3517 2486 2487 2488 2731 
3518 3010 3518 2920 2678 
3519 3040 3093 2234 686 
3520 2540 3595 2917 2527 
3521 3115 3606 3284 2514 
3522 2893 3599 3200 3088 
3523 2704 2615 2932 3003 
3524 2300 2301 2302 2533 
3525 3345 3583 2518 2431 
3526 2881 3002 3363 2948 
3527 2732 3170 2800 2799 
3528 738 3619 2236 739 
3529 3026 740 739 2236 
3530 3287 3512 3316 2481 
3531 2958 3558 3529 3530 
3532 574 3143 2199 573 
3533 2688 3251 3445 3085 
3534 2354 2357 2360 2972 
3535 565 3154 2200 564 
3536 2592 2767 2594 2593 
3537 3130 3479 2215 3184 
3538 3344 2240 523 524 
3539 3159 3429 3083 2224 
3540 2314 2317 2316 2315 
3541 3189 2268 3486 3034 
3542 2461 3426 3245 3085 
3543 2752 3036 2728 2584 
3544 3312 3623 3308 2280 
3545 2529 2528 2476 3100 
3546 3068 689 690 3120 
3547 2614 3267 2657 2616 
3548 2571 2732 2672 2572 
3549 2553 3376 3020 3417 
3550 3213 697 698 2289 
3551 3037 3112 2728 3036 
3552 3127 2706 2705 2834 
3553 3079 2235 692 693 
3554 2471 2472 2506 2559 
3555 3011 3035 2498 2501 
3556 2737 3148 571 572 
3557 3535 3104 2750 2578 
3558 3101 2866 2863 2862 
3559 3217 3531 2914 3218 
3560 3151 2221 579 580 
3561 3134 3346 2827 3055 
3562 2453 3076 2913 2377 
3563 2891 3325 2970 2690 
3564 3391 3509 3283 2455 
3565 3150 2198 583 584 
3566 3071 3369 3070 2251 
3567 2332 2979 2346 2330 
3568 3389 2757 2759 3095 
3569 2840 3580 3009 2841 
3570 3442 3340 650 651 
3571 3623 3612 2231 3308 
3572 2669 2611 2926 2927 
3573 2720 2722 2723 2915 
3574 2436 2437 2451 3084 
3575 2503 2536 2532 2531 
3576 2586 2744 2585 2547 
3577 3048 2814 3561 2249 
3578 2205 3537 539 540 
3579 3146 3525 2967 3139 
3580 2444 2508 2977 2440 
3581 2799 2900 2672 2732 
3582 2299 2951 2950 2297 
3583 3109 3110 2897 2896 
3584 3180 3379 3179 2266 
3585 3559 3637 3000 3222 
3586 2556 2545 2557 2568 
3587 494 2276 3244 493 
3588 3417 2713 2583 2552 
3589 2939 2907 2904 2906 
3590 3114 3606 3115 2828 
3591 2320 2323 3051 2318 
3592 2506 2472 2507 2524 
3593 2294 2296 2297 2954 
3594 2725 2726 2762 3066 
3595 2854 3583 3345 3113 
3596 2930 2417 2461 3085 
3597 3167 3422 2864 2865 
3598 2831 3323 2478 3241 
3599 3435 2820 3551 2875 
3600 2956 3172 2204 3163 
3601 2609 2610 2611 2669 
3602 3402 2963 3639 2928 
3603 2760 3456 2761 2759 
3604 3428 2666 3328 3131 
3605 2527 2526 2539 2540 
3606 2474 2504 2505 2903 
3607 3444 3379 2907 2939 
3608 3226 3338 627 628 
3609 3626 3089 3344 524 
3610 3094 2819 3260 2209 
3611 2471 3468 2832 2458 
3612 730 3385 3403 731 
3613 3194 3608 3523 2270 
3614 3111 3484 2238 3433 
3615 3073 3347 3099 2742 
3616 2403 2404 2405 2449 
3617 2906 3582 3298 2940 
3618 2254 3257 747 746 
3619 2283 3403 2842 3625 
3620 3278 2230 484 485 
3621 3059 3581 3061 2813 
3622 3032 3312 3117 2695 
3623 2766 2743 2787 2788 
3624 3249 2798 3455 3156 
3625 3160 2934 3498 2258 
3626 2237 3186 536 537 
3627 2778 2872 2779 2559 
3628 2213 3480 3437 3239 
3629 3460 2336 3264 3265 
3630 2647 2645 3064 2796 
3631 2636 2638 3438 2968 
3632 3467 2824 3557 3285 
3633 2357 2358 2359 3081 
3634 3009 3545 3014 2841 
3635 3309 3091 2987 3049 
3636 3044 3443 2522 2832 
3637 3014 3454 2788 2942 
3638 3111 3433 3190 3109 
3639 3319 3612 3033 3320 
3640 3404 3410 2818 3500 
3641 2779 2782 2781 2780 
3642 3494 2946 3173 2233 
3643 3335 2523 2385 2380 
3644 2773 3267 2612 2610 
3645 654 655 2287 2285 
3646 3109 3190 2207 3110 
3647 2544 2545 2556 2699 
3648 2998 3024 2217 3023 
3649 2960 3468 2780 2882 
3650 3382 2295 2293 3043 
3651 3491 3399 3164 2224 
3652 2390 2392 2391 2389 
3653 3200 3599 2250 3634 
3654 2770 3621 3364 2652 
3655 3586 3408 3310 2869 
3656 2466 2467 2468 3090 
3657 2698 3622 2568 2579 
3658 3332 3459 2972 2360 
3659 3309 2324 2328 3091 
3660 3571 2242 3218 2914 
3661 3306 2280 482 483 
3662 3476 3514 2772 3274 
3663 3225 3469 3305 2273 
3664 2530 2560 2549 2477 
3665 2823 2797 2822 2824 
3666 2877 3301 2876 2670 
3667 2986 3490 2988 2987 
3668 601 2201 3161 600 
3669 2386 3347 3073 3045 
3670 2212 3354 3220 3469 
3671 2747 3087 3086 3477 
3672 3334 3556 2202 3560 
3673 2922 2508 2446 2448 
3674 2954 2297 2950 3420 
3675 3432 3005 3006 3592 
3676 3126 2840 2758 2383 
3677 2932 3057 3505 3003 
3678 3324 3336 475 476 
3679 2745 2696 2746 3540 
3680 3533 2883 3604 3168 
3681 3112 3572 2806 2768 
3682 2913 3598 2925 2387 
3683 2235 3079 3434 3532 
3684 2971 3039 3361 2807 
3685 3401 3337 3336 3324 
3686 2624 2625 2971 2807 
3687 2450 3506 2997 2409 
3688 2875 3551 2591 2593 
3689 3125 3507 2449 2405 
3690 2962 3291 3034 2961 
3691 3196 2716 3369 3071 
3692 3504 3607 2947 3047 
3693 2921 2777 3466 3257 
3694 2581 3582 2505 2527 
3695 2544 3594 2895 2542 
3696 2719 3123 2717 2718 
3697 2300 3562 2952 2299 
3698 3358 3573 2225 3177 
3699 3279 2279 3201 2752 
3700 3047 3528 3213 2289 
3701 2933 3498 2934 2714 
3702 3414 2953 3272 3273 
3703 2664 3568 2868 2643 
3704 3042 2220 3342 3440 
3705 3575 3315 2281 3371 
3706 2802 3053 2801 2367 
3707 2453 3131 3596 3076 
3708 3359 3447 2565 2484 
3709 3373 3370 2928 2927 
3710 2817 3497 3510 3500 
3711 2719 2718 2720 3611 
3712 3351 3141 2214 3139 
3713 2244 3324 476 477 
3714 2768 2550 2570 3112 
3715 731 3403 2283 732 
3716 3562 2533 3555 2996 
3717 2292 2290 2293 2294 
3718 3595 2897 3350 2917 
3719 3005 3432 3013 2291 
3720 463 464 2286 2880 
3721 2979 2332 2334 2995 
3722 2838 3617 2931 2667 
3723 2935 2450 2411 2413 
3724 3035 3461 2731 2488 
3725 3007 737 3496 2834 
3726 2457 3062 2521 2448 
3727 2590 3481 2537 2589 
3728 2247 2290 2292 3442 
3729 3515 2276 3242 2976 
3730 3576 2703 3268 2949 
3731 3054 3030 3577 2222 
3732 3493 2480 3614 2846 
3733 3045 2754 2755 3521 
3734 2873 3547 3327 2782 
3735 2794 3553 3587 3232 
3736 2591 3551 2661 2590 
3737 3476 3274 3026 2236 
3738 2542 2895 2651 2540 
3739 2907 3379 3180 2908 
3740 3275 3451 3616 2229 
3741 2523 3335 3521 3061 
3742 2880 2286 3069 729 
3743 2743 3462 3212 2787 
3744 3607 2288 3466 2947 
3745 3422 3167 3166 2262 
3746 3597 2898 3484 3111 
3747 2413 2414 2415 2454 
3748 3124 3392 3207 3123 
3749 2245 3366 473 474 
3750 2514 3282 3395 3115 
3751 3394 3625 3393 2713 
3752 2349 3593 3360 3569 
3753 2652 3364 2524 2550 
3754 2229 3616 3201 3276 
3755 3449 3474 2200 3154 
3756 2888 2911 3185 2957 
3757 2275 3416 3564 3367 
3758 3201 3616 3036 2752 
3759 2844 3543 3385 3432 
3760 2876 3435 2875 2670 
3761 2738 3588 2901 2735 
3762 2464 2535 3570 3062 
3763 3119 3063 3334 3560 
3764 2518 3583 3224 2999 
3765 3046 3452 3239 3437 
3766 3589 3501 2273 3305 
3767 3388 3628 2940 3298 
3768 2860 3334 3063 2857 
3769 3492 3387 2937 2901 
3770 3590 3102 2924 3016 
3771 3573 2929 3380 3176 
3772 2898 3594 3609 3293 
3773 3162 682 2253 2912 
3774 3524 3187 3620 3110 
3775 2272 3216 3427 3215 
3776 3534 3547 2873 3441 
3777 2966 2633 2636 2968 
3778 3593 3055 3294 2993 
3779 3108 3396 2977 3541 
3780 3345 2431 2439 3113 
3781 2352 3465 2343 2348 
3782 2953 2996 3574 3272 
3783 3330 2246 3341 2954 
3784 3546 3185 3056 2910 
3785 2965 3525 3353 2964 
3786 3624 3482 2922 2448 
3787 641 2219 3436 640 
3788 468 2282 3463 467 
3789 3077 3599 2894 3409 
3790 2870 3038 2674 2675 
3791 3531 3611 2915 2914 
3792 2475 2476 2477 3412 
3793 2397 2938 2435 2395 
3794 2318 3630 2316 2317 
3795 3178 3431 2355 3415 
3796 3311 2534 3631 3132 
3797 3249 3498 2933 2798 
3798 3368 2248 471 472 
3799 3349 3353 3142 2197 
3800 2454 3637 3559 2413 
3801 3392 2211 513 514 
3802 3553 2794 2789 3241 
3803 2438 2974 3576 2949 
3804 3118 3119 3522 2260 
3805 3338 2209 626 627 
3806 2310 3566 3383 2308 
3807 2806 3508 3065 2769 
3808 3452 2243 629 630 
3809 487 2229 3276 486 
3810 3148 2222 570 571 
3811 3547 3233 2274 3327 
3812 2942 3352 3602 3031 
3813 603 2261 3171 602 
3814 2699 3609 3594 2544 
3815 3545 3610 2473 3454 
3816 2292 2294 3341 3340 
3817 2246 3330 648 649 
3818 2740 3145 3039 2971 
3819 702 3470 3503 701 
3820 3036 3616 3451 3037 
3821 3069 2284 2291 3013 
3822 3292 2772 3514 3314 
3823 3528 2835 3103 2255 
3824 3433 2238 530 531 
3825 3247 3248 3526 2277 
3826 3606 3114 3467 2441 
3827 3405 3615 3019 2805 
3828 3619 738 737 3007 
3829 2459 2460 3381 2472 
3830 3197 3206 3488 3198 
3831 3473 2920 3518 2640 
3832 3471 2360 2357 3081 
3833 3158 2222 3577 3029 
3834 3288 2767 3390 3102 
3835 2436 3400 2479 2384 
3836 2291 3463 2282 3005 
3837 3502 2842 2696 2660 
3838 3286 2671 3590 3016 
3839 3325 2891 3516 2687 
3840 3356 3138 2221 3008 
3841 2882 3527 3591 2960 
3842 510 3218 2242 509 
3843 3578 2264 3172 2956 
3844 3605 3057 2714 2934 
3845 3456 2760 2841 3031 
3846 3448 2909 3056 2535 
3847 3628 3450 2969 2940 
3848 3448 2535 2466 3090 
3849 3517 3042 3440 3095 
3850 3596 2730 3326 3076 
3851 3605 3161 2201 3057 
3852 2269 3193 3293 2948 
3853 3445 3251 3637 2454 
3854 2515 3283 3509 2994 
3855 2951 3575 3371 2950 
3856 3021 3607 3504 3087 
3857 495 3242 2276 494 
3858 3092 3546 2910 3004 
3859 3384 2783 3365 2563 
3860 2455 2406 3425 3105 
3861 2721 2718 2668 3078 
3862 3556 3334 2860 3058 
3863 3614 2480 2427 2999 
3864 3592 3337 2843 2844 
3865 3277 2400 2513 3472 
3866 3006 3005 2248 3368 
3867 2737 572 3153 3588 
3868 3506 2837 3253 2997 
3869 3125 2405 2407 3519 
3870 3483 743 742 2233 
3871 3425 2404 2512 3105 
3872 2470 2456 3295 3478 
3873 3502 3393 3625 2842 
3874 3409 3238 3199 2254 
3875 3352 684 685 3602 
3876 2949 3629 2938 2438 
3877 2778 3364 3621 2872 
3878 3299 2463 2470 3478 
3879 2513 2398 3280 3472 
3880 3416 634 635 3024 
3881 3443 2726 2724 3219 
3882 3554 3555 2533 2302 
3883 3530 3549 2944 2923 
3884 3509 3391 2992 2994 
3885 2522 3443 3219 3084 
3886 3436 3414 3273 640 
3887 2967 2968 3351 3139 
3888 681 3043 2287 104 
3889 3018 3019 3585 3332 
3890 3232 2425 2480 3493 
3891 2918 3350 3620 3187 
3892 3058 2864 3422 2262 
3893 2880 729 101 460 
3894 3403 3385 3543 2842 
3895 2279 486 3276 3201 
3896 3482 2866 3101 2922 
3897 2961 3034 3486 3022 
3898 503 504 3501 3184 
3899 3005 2282 3439 2248 
3900 3271 2278 3023 2217 
3901 3626 525 2208 3089 
3902 2478 3587 3553 3241 
3903 2643 2868 3586 2869 
3904 3511 2815 2814 3048 
3905 2538 2472 3381 3563 
3906 2871 3023 3574 2996 
3907 2950 3371 3613 3420 
3908 3612 3623 3032 3033 
3909 3235 3534 3441 2976 
3910 2245 3336 3337 3366 
3911 3279 2230 3278 2279 
3912 3094 2209 3338 3226 
3913 3500 3510 2393 3404 
3914 2244 477 3320 3401 
3915 3307 2280 3306 2230 
3916 2890 3020 3376 3627 
$EndElements
