$MeshFormat
4.1 0 8
$EndMeshFormat
$PhysicalNames
3
1 300 "Inlet"
1 302 "Outlet"
1 303 "BB_BC"
$EndPhysicalNames
$Entities
17 23 8 0
1 -0.1 0 0 0 
3 0.1 0 0 0 
6 0.07071067811865475 0.07071067811865475 0 0 
7 0.07071067811865475 -0.07071067811865475 0 0 
11 1 1 0 0 
12 1 -1 0 0 
13 1 1 0 0 
14 1 -1 0 0 
200 0 4 0 0 
201 0 -4 0 0 
202 -2.7 0 0 0 
203 0.3 0 0 0 
210 6 4 0 0 
211 6 -4 0 0 
212 6 0 0 0 
230 6 12 0 0 
231 6 -12 0 0 
1 0 0 0 0 0 0 1 303 2 1 -1 
2 0 0 0 0 0 0 1 303 2 6 -6 
3 0.07071067811865475 -0.07071067811865475 0 0.07071067811865475 -0.07071067811865475 0 1 303 2 3 -7 
4 0 0 0 0 0 0 1 303 2 1 -1 
5 0.1 0 0 0.1 0 0 0 2 6 -3 
6 0 0 0 0 0 0 0 2 7 -7 
8 1 -1 0 1 1 0 0 2 11 -12 
200 -2.7 0 0 -0.1000000000000001 0 0 0 2 1 -202 
201 0 0 0 0 0 0 0 2 200 -200 
202 0 0 0 0 0 0 0 2 201 -201 
203 -2.7 0 0 0 4 0 1 300 2 200 -202 
204 -2.7 -4 0 0 0 0 1 300 2 201 -202 
210 0.1000000000000001 0 0 6 0 0 0 2 3 -212 
211 6 0 0 6 4 0 1 302 2 210 -212 
212 6 -4 0 6 0 0 1 302 2 211 -212 
213 0.07071067811865461 0.07071067811865483 0 6 4 0 0 2 6 -210 
214 0.07071067811865461 -4 0 6 -0.07071067811865483 0 0 2 7 -211 
220 0 4 0 6 4 0 0 2 200 -210 
221 0 -4 0 6 -4 0 0 2 201 -211 
230 6 4 0 6 12 0 1 302 2 210 -230 
231 6 -12 0 6 -4 0 1 302 2 211 -231 
232 0 4 0 6 12 0 1 300 2 200 -230 
233 0 -12 0 6 -4 0 1 300 2 201 -231 
1 -2.7 0 0 0 4 0 1 236 2 -203 201 
2 -2.7 0 0 0 0 0 1 236 2 -200 -4 
3 0 0 0 6 4 0 0 4 -201 220 -213 -2 
4 0 0 0 0 0 0 0 1 202 
5 0.07071067811865461 0 0 6 4 0 1 236 4 -213 5 210 -211 
6 0.07071067811865461 -4 0 6 0 0 1 236 4 214 212 -210 3 
7 0 4 0 6 12 0 1 236 3 232 -230 -220 
8 0 -12 0 6 -4 0 1 236 3 221 231 -233 
$EndEntities
$Nodes
35 3896 1 3896
0 1 0 1
1
-0.1 0 0
0 3 0 1
2
0.1 0 0
0 6 0 1
3
0.07071067811865475 0.07071067811865475 0
0 7 0 1
4
0.07071067811865475 -0.07071067811865475 0
0 200 0 1
5
0 4 0
0 201 0 1
6
0 -4 0
0 202 0 1
7
-2.7 0 0
0 210 0 1
8
6 4 0
0 211 0 1
9
6 -4 0
0 212 0 1
10
6 0 0
0 230 0 1
11
6 12 0
0 231 0 1
12
6 -12 0
1 1 0 0
1 2 0 0
1 3 0 0
1 4 0 0
1 203 0 38
13
14
15
16
17
18
19
20
21
22
23
24
25
26
27
28
29
30
31
32
33
34
35
36
37
38
39
40
41
42
43
44
45
46
47
48
49
50
-0.1353326364180209 3.985702932360053 0
-0.2695502990630654 3.963230681924157 0
-0.4021732379327678 3.932723955315942 0
-0.5327483395190811 3.89438626103179 0
-0.6608580434121243 3.84847613227584 0
-0.7861263142227783 3.79529787561165 0
-0.9082227113435557 3.735191343660579 0
-1.026863914000928 3.668521696533763 0
-1.141813578928796 3.59566949766195 0
-1.25287977781051 3.517022272655877 0
-1.359912494203389 3.432966540941585 0
-1.462798821560356 3.343882271809985 0
-1.56145905111394 3.250137816964286 0
-1.655841782557744 3.152086813788419 0
-1.74591898003288 3.050066620379638 0
-1.831685138149711 2.944393121637019 0
-1.913146862993146 2.835368089473183 0
-1.990327063938066 2.723270092401813 0
-2.063257261695489 2.608360817185892 0
-2.131976839241466 2.490883573890742 0
-2.196529719540309 2.371066371098691 0
-2.256964459407516 2.249119826615925 0
-2.313331622763554 2.125240231955605 0
-2.365682713764421 1.999610608176296 0
-2.414069561582549 1.872401029836192 0
-2.458543090629907 1.743770831907318 0
-2.499153058356235 1.613868800514034 0
-2.535947372519818 1.482834727119186 0
-2.568971841323318 1.350799964517894 0
-2.598269845056564 1.217888377908836 0
-2.623882039192122 1.084217532520003 0
-2.645846313616375 0.949898899262967 0
-2.664197568377961 0.8150390997044087 0
-2.678967709842206 0.6797400788223336 0
-2.690185524599289 0.544100236811716 0
-2.697876688172725 0.4082147532959296 0
-2.702063742243049 0.2721761876824669 0
-2.702766090105222 0.1360749606275436 0
1 204 0 38
51
52
53
54
55
56
57
58
59
60
61
62
63
64
65
66
67
68
69
70
71
72
73
74
75
76
77
78
79
80
81
82
83
84
85
86
87
88
-0.1353326364180209 -3.985702932360053 0
-0.2695502990630654 -3.963230681924157 0
-0.4021732379327678 -3.932723955315942 0
-0.5327483395190811 -3.89438626103179 0
-0.6608580434121243 -3.84847613227584 0
-0.7861263142227783 -3.79529787561165 0
-0.9082227113435557 -3.735191343660579 0
-1.026863914000928 -3.668521696533763 0
-1.141813578928796 -3.59566949766195 0
-1.25287977781051 -3.517022272655877 0
-1.359912494203389 -3.432966540941585 0
-1.462798821560356 -3.343882271809985 0
-1.56145905111394 -3.250137816964286 0
-1.655841782557744 -3.152086813788419 0
-1.74591898003288 -3.050066620379638 0
-1.831685138149711 -2.944393121637019 0
-1.913146862993146 -2.835368089473183 0
-1.990327063938066 -2.723270092401813 0
-2.063257261695489 -2.608360817185892 0
-2.131976839241466 -2.490883573890742 0
-2.196529719540309 -2.371066371098691 0
-2.256964459407516 -2.249119826615925 0
-2.313331622763554 -2.125240231955605 0
-2.365682713764421 -1.999610608176296 0
-2.414069561582549 -1.872401029836192 0
-2.458543090629907 -1.743770831907318 0
-2.499153058356235 -1.613868800514034 0
-2.535947372519818 -1.482834727119186 0
-2.568971841323318 -1.350799964517894 0
-2.598269845056564 -1.217888377908836 0
-2.623882039192122 -1.084217532520003 0
-2.645846313616375 -0.949898899262967 0
-2.664197568377961 -0.8150390997044087 0
-2.678967709842206 -0.6797400788223336 0
-2.690185524599289 -0.544100236811716 0
-2.697876688172725 -0.4082147532959296 0
-2.702063742243049 -0.2721761876824669 0
-2.702766090105222 -0.1360749606275436 0
1 210 0 98
89
90
91
92
93
94
95
96
97
98
99
100
101
102
103
104
105
106
107
108
109
110
111
112
113
114
115
116
117
118
119
120
121
122
123
124
125
126
127
128
129
130
131
132
133
134
135
136
137
138
139
140
141
142
143
144
145
146
147
148
149
150
151
152
153
154
155
156
157
158
159
160
161
162
163
164
165
166
167
168
169
170
171
172
173
174
175
176
177
178
179
180
181
182
183
184
185
186
0.1193360394508644 0 0
0.1390587994780647 0 0
0.1591760148495964 0 0
0.1796955738862312 0 0
0.2006255237691036 0 0
0.2219740734219481 0 0
0.2437495938336833 0 0
0.2659606245631272 0 0
0.2886158761922645 0 0
0.3117242327046744 0 0
0.3352947567834729 0 0
0.359336690793946 0 0
0.3838594631326476 0 0
0.4088726913470481 0 0
0.434386184399925 0 0
0.4604099469006521 0 0
0.4869541842995667 0 0
0.5140293066116182 0 0
0.5416459313029881 0 0
0.5698148890337752 0 0
0.5985472260655175 0 0
0.6278542093966379 0 0
0.6577473321577366 0 0
0.6882383173934717 0 0
0.7193391229163918 0 0
0.7510619445923635 0 0
0.7834192223804024 0 0
0.8164236457890731 0 0
0.8500881577125672 0 0
0.8844259602372224 0 0
0.9194505189083082 0 0
0.9551755680397458 0 0
0.9916151180124909 0 0
1.028783459345758 0 0
1.066695167761494 0 0
1.105365110420931 0 0
1.14480845146098 0 0
1.185040659552533 0 0
1.226077512230637 0 0
1.267935101252107 0 0
1.31062984173663 0 0
1.354178477265928 0 0
1.398598085998393 0 0
1.44390608714298 0 0
1.490120247593443 0 0
1.537258691549046 0 0
1.585339904322976 0 0
1.63438274065321 0 0
1.684406434353094 0 0
1.735430602071767 0 0
1.78747525252229 0 0
1.840560796136878 0 0
1.894708050634303 0 0
1.949938250342085 0 0
2.006273054198886 0 0
2.063734553980538 0 0
2.122345283837206 0 0
2.182128228368121 0 0
2.243106831959187 0 0
2.305305007583996 0 0
2.368747146854464 0 0
2.43345812872096 0 0
2.499463330245755 0 0
2.566788636117696 0 0
2.635460447583212 0 0
2.705505695330115 0 0
2.776951848468105 0 0
2.849826924703106 0 0
2.924159502761112 0 0
2.999978732617922 0 0
3.077314347031434 0 0
3.156196673551837 0 0
3.236656646119538 0 0
3.318725818007172 0 0
3.402436373540977 0 0
3.487821140253806 0 0
3.574913602459604 0 0
3.66374791358364 0 0
3.754358910745115 0 0
3.846782128195959 0 0
3.941053810364164 0 0
4.037210926362424 0 0
4.13529118416828 0 0
4.23533304713984 0 0
4.337375747694829 0 0
4.441459301482097 0 0
4.547624525715472 0 0
4.65591305469206 0 0
4.766367355021832 0 0
4.879030741525654 0 0
4.993947395494516 0 0
5.111162382856765 0 0
5.230721669487577 0 0
5.352672141553638 0 0
5.477061623214853 0 0
5.603938894043847 0 0
5.733353710773095 0 0
5.865356824592164 0 0
1 211 0 18
187
188
189
190
191
192
193
194
195
196
197
198
199
200
201
202
203
204
6 3.68478091375262 0
6 3.384572258979628 0
6 3.098659253999906 0
6 2.826361154381947 0
6 2.567029630948777 0
6 2.320047227832752 0
6 2.084825891945139 0
6 1.860805572717958 0
6 1.647452886841515 0
6 1.444259852039811 0
6 1.250742677284055 0
6 1.066440606232933 0
6 0.8909148237778934 0
6 0.7237474115569227 0
6 0.5645403523162456 0
6 0.4129145823592308 0
6 0.268509086414463 0
6 0.1309800422290368 0
1 212 0 18
205
206
207
208
209
210
211
212
213
214
215
216
217
218
219
220
221
222
6 -3.68478091375262 0
6 -3.384572258979628 0
6 -3.098659253999906 0
6 -2.826361154381947 0
6 -2.567029630948777 0
6 -2.320047227832752 0
6 -2.084825891945139 0
6 -1.860805572717958 0
6 -1.647452886841515 0
6 -1.444259852039811 0
6 -1.250742677284055 0
6 -1.066440606232933 0
6 -0.8909148237778934 0
6 -0.7237474115569227 0
6 -0.5645403523162456 0
6 -0.4129145823592308 0
6 -0.268509086414463 0
6 -0.1309800422290368 0
1 213 0 98
223
224
225
226
227
228
229
230
231
232
233
234
235
236
237
238
239
240
241
242
243
244
245
246
247
248
249
250
251
252
253
254
255
256
257
258
259
260
261
262
263
264
265
266
267
268
269
270
271
272
273
274
275
276
277
278
279
280
281
282
283
284
285
286
287
288
289
290
291
292
293
294
295
296
297
298
299
300
301
302
303
304
305
306
307
308
309
310
311
312
313
314
315
316
317
318
319
320
0.0730969176237394 0.07229201862976435 0
0.07560246738775828 0.07395242502903884 0
0.07823329352742865 0.07569585101100006 0
0.08099566152448509 0.0775264486568064 0
0.08389614858551539 0.07944857662501037 0
0.08694165996962572 0.08146681097176271 0
0.09013944661132699 0.08358595682934834 0
0.09349712263503572 0.08581106001289641 0
0.0970226820436451 0.08814741807975351 0
0.1007245196482355 0.09060059419942387 0
0.1046114494937936 0.09317642936413587 0
0.1086927252298986 0.09588105588832152 0
0.112978064729767 0.09872091372344677 0
0.1174776707117314 0.1017027641236893 0
0.122202257455758 0.1048337073507464 0
0.127163074281693 0.1081211982326673 0
0.1323719305381971 0.111573062723807 0
0.1378412306475634 0.1151975211287274 0
0.1435839966120043 0.1190032030169206 0
0.1496138995148224 0.1229991680983659 0
0.1559452967706567 0.1271949309089492 0
0.1625932639626343 0.1316004819086712 0
0.1695736299144744 0.1362263107236306 0
0.1769030154623283 0.1410834318397909 0
0.1845988695765958 0.1461834085405995 0
0.1926795152411476 0.1515383833107555 0
0.2011641946474512 0.1571611077859708 0
0.2100731083003141 0.1630649686680116 0
0.2194274683083815 0.169264023039855 0
0.2292495456923541 0.175773029716441 0
0.2395627264729762 0.1826074864137021 0
0.2503915675689049 0.189783666791603 0
0.2617618507990651 0.1973186562410399 0
0.2737006476438174 0.2052303948005122 0
0.2862363833848148 0.2135377196610569 0
0.299398905813879 0.2222604106990337 0
0.3132195540557438 0.2314192360843679 0
0.3277312344718147 0.241036002581323 0
0.3429684998710698 0.2511336080408872 0
0.3589676300141061 0.2617360947501166 0
0.3757667159383138 0.2728687053137064 0
0.3934057549708643 0.284557945618286 0
0.4119267467334352 0.2968316484539289 0
0.4313737874037393 0.3097190359804617 0
0.4517931803844499 0.3232507930668147 0
0.4732335430139973 0.3374591380073537 0
0.4957459232899579 0.3523778998734717 0
0.5193839228623277 0.3680426000201796 0
0.5442038224891839 0.3844905352244999 0
0.5702647169153783 0.4017608670684234 0
0.5976286554438521 0.419894715094317 0
0.6263607919705818 0.4389352562317992 0
0.6565295348188401 0.4589278240916237 0
0.6882067155509047 0.4799200208357545 0
0.7214677566152153 0.5019618282757032 0
0.7563918491967937 0.5251057257324813 0
0.7930621450635593 0.5494068171715129 0
0.8315659564567047 0.5749229636682762 0
0.8719949587689985 0.6017149177214826 0
0.9144454110951981 0.6298464694099477 0
0.9590183867066918 0.6593845991261661 0
1.005820010411253 0.69039963487259 0
1.054961714180501 0.7229654216637624 0
1.106560502554242 0.7571594974075021 0
1.160739232082365 0.7930632780886587 0
1.21762689885893 0.8307622483154946 0
1.27735894873432 0.8703461668946242 0
1.340077601422623 0.9119092816142035 0
1.405932185205876 0.9555505510495722 0
1.475079497852285 1.001373883740668 0
1.547684178492395 1.049488384631184 0
1.62391909276482 1.100008610301354 0
1.703965751867795 1.15305484666983 0
1.78801474365593 1.20875339467781 0
1.876266185525816 1.267236870412462 0
1.968930198944831 1.328644519573099 0
2.066227412069939 1.393122550552366 0
2.168389486939286 1.460824483801593 0
2.275659666635233 1.531911514431065 0
2.38829335370568 1.60655289552488 0
2.506558725081897 1.68492634564174 0
2.630737365251718 1.767218468413412 0
2.761124936319027 1.853625196587416 0
2.898031886060869 1.944352261250416 0
3.04178418268873 2.03961567874824 0
3.192724094801398 2.139642267553967 0
3.351211004293506 2.244670186975468 0
3.517622258065323 2.354949501576195 0
3.692354073049616 2.470742780928751 0
3.875822480386616 2.592325725311554 0
4.06846430969412 2.719987817976225 0
4.270738230916859 2.854033015572249 0
4.48312584801612 2.994780472925731 0
4.706132845862818 3.14256530307563 0
4.94029019373074 3.297739374818438 0
5.186155408680993 3.460672149942247 0
5.444313882968282 3.631751562887534 0
5.715380281596629 3.811384946895391 0
1 214 0 98
321
322
323
324
325
326
327
328
329
330
331
332
333
334
335
336
337
338
339
340
341
342
343
344
345
346
347
348
349
350
351
352
353
354
355
356
357
358
359
360
361
362
363
364
365
366
367
368
369
370
371
372
373
374
375
376
377
378
379
380
381
382
383
384
385
386
387
388
389
390
391
392
393
394
395
396
397
398
399
400
401
402
403
404
405
406
407
408
409
410
411
412
413
414
415
416
417
418
0.0730969176237394 -0.07229201862976435 0
0.07560246738775828 -0.07395242502903884 0
0.07823329352742865 -0.07569585101100006 0
0.08099566152448509 -0.0775264486568064 0
0.08389614858551539 -0.07944857662501037 0
0.08694165996962572 -0.08146681097176271 0
0.09013944661132699 -0.08358595682934834 0
0.09349712263503572 -0.08581106001289641 0
0.0970226820436451 -0.08814741807975351 0
0.1007245196482355 -0.09060059419942387 0
0.1046114494937936 -0.09317642936413587 0
0.1086927252298986 -0.09588105588832152 0
0.112978064729767 -0.09872091372344677 0
0.1174776707117314 -0.1017027641236893 0
0.122202257455758 -0.1048337073507464 0
0.127163074281693 -0.1081211982326673 0
0.1323719305381971 -0.111573062723807 0
0.1378412306475634 -0.1151975211287274 0
0.1435839966120043 -0.1190032030169206 0
0.1496138995148224 -0.1229991680983659 0
0.1559452967706567 -0.1271949309089492 0
0.1625932639626343 -0.1316004819086712 0
0.1695736299144744 -0.1362263107236306 0
0.1769030154623283 -0.1410834318397909 0
0.1845988695765958 -0.1461834085405995 0
0.1926795152411476 -0.1515383833107555 0
0.2011641946474512 -0.1571611077859708 0
0.2100731083003141 -0.1630649686680116 0
0.2194274683083815 -0.169264023039855 0
0.2292495456923541 -0.175773029716441 0
0.2395627264729762 -0.1826074864137021 0
0.2503915675689049 -0.189783666791603 0
0.2617618507990651 -0.1973186562410399 0
0.2737006476438174 -0.2052303948005122 0
0.2862363833848148 -0.2135377196610569 0
0.299398905813879 -0.2222604106990337 0
0.3132195540557438 -0.2314192360843679 0
0.3277312344718147 -0.241036002581323 0
0.3429684998710698 -0.2511336080408872 0
0.3589676300141061 -0.2617360947501166 0
0.3757667159383138 -0.2728687053137064 0
0.3934057549708643 -0.284557945618286 0
0.4119267467334352 -0.2968316484539289 0
0.4313737874037393 -0.3097190359804617 0
0.4517931803844499 -0.3232507930668147 0
0.4732335430139973 -0.3374591380073537 0
0.4957459232899579 -0.3523778998734717 0
0.5193839228623277 -0.3680426000201796 0
0.5442038224891839 -0.3844905352244999 0
0.5702647169153783 -0.4017608670684234 0
0.5976286554438521 -0.419894715094317 0
0.6263607919705818 -0.4389352562317992 0
0.6565295348188401 -0.4589278240916237 0
0.6882067155509047 -0.4799200208357545 0
0.7214677566152153 -0.5019618282757032 0
0.7563918491967937 -0.5251057257324813 0
0.7930621450635593 -0.5494068171715129 0
0.8315659564567047 -0.5749229636682762 0
0.8719949587689985 -0.6017149177214826 0
0.9144454110951981 -0.6298464694099477 0
0.9590183867066918 -0.6593845991261661 0
1.005820010411253 -0.69039963487259 0
1.054961714180501 -0.7229654216637624 0
1.106560502554242 -0.7571594974075021 0
1.160739232082365 -0.7930632780886587 0
1.21762689885893 -0.8307622483154946 0
1.27735894873432 -0.8703461668946242 0
1.340077601422623 -0.9119092816142035 0
1.405932185205876 -0.9555505510495722 0
1.475079497852285 -1.001373883740668 0
1.547684178492395 -1.049488384631184 0
1.62391909276482 -1.100008610301354 0
1.703965751867795 -1.15305484666983 0
1.78801474365593 -1.20875339467781 0
1.876266185525816 -1.267236870412462 0
1.968930198944831 -1.328644519573099 0
2.066227412069939 -1.393122550552366 0
2.168389486939286 -1.460824483801593 0
2.275659666635233 -1.531911514431065 0
2.38829335370568 -1.60655289552488 0
2.506558725081897 -1.68492634564174 0
2.630737365251718 -1.767218468413412 0
2.761124936319027 -1.853625196587416 0
2.898031886060869 -1.944352261250416 0
3.04178418268873 -2.03961567874824 0
3.192724094801398 -2.139642267553967 0
3.351211004293506 -2.244670186975468 0
3.517622258065323 -2.354949501576195 0
3.692354073049616 -2.470742780928751 0
3.875822480386616 -2.592325725311554 0
4.06846430969412 -2.719987817976225 0
4.270738230916859 -2.854033015572249 0
4.48312584801612 -2.994780472925731 0
4.706132845862818 -3.14256530307563 0
4.94029019373074 -3.297739374818438 0
5.186155408680993 -3.460672149942247 0
5.444313882968282 -3.631751562887534 0
5.715380281596629 -3.811384946895391 0
1 220 0 18
419
420
421
422
423
424
425
426
427
428
429
430
431
432
433
434
435
436
0.3157894736827991 4 0
0.6315789473658284 4 0
0.9473684210485475 4 0
1.26315789473152 4 0
1.578947368414605 4 0
1.894736842097689 4 0
2.210526315780774 4 0
2.526315789463858 4 0
2.842105263146943 4 0
3.157894736831197 4 0
3.473684210516619 4 0
3.789473684202042 4 0
4.105263157887464 4 0
4.421052631572888 4 0
4.73684210525831 4 0
5.052631578943732 4 0
5.368421052629155 4 0
5.684210526314578 4 0
1 221 0 18
437
438
439
440
441
442
443
444
445
446
447
448
449
450
451
452
453
454
0.3157894736827991 -4 0
0.6315789473658284 -4 0
0.9473684210485475 -4 0
1.26315789473152 -4 0
1.578947368414605 -4 0
1.894736842097689 -4 0
2.210526315780774 -4 0
2.526315789463858 -4 0
2.842105263146943 -4 0
3.157894736831197 -4 0
3.473684210516619 -4 0
3.789473684202042 -4 0
4.105263157887464 -4 0
4.421052631572888 -4 0
4.73684210525831 -4 0
5.052631578943732 -4 0
5.368421052629155 -4 0
5.684210526314578 -4 0
1 230 0 24
455
456
457
458
459
460
461
462
463
464
465
466
467
468
469
470
471
472
473
474
475
476
477
478
6 4.145813746821399 0
6 4.30037631542432 0
6 4.464212639899113 0
6 4.637879143738216 0
6 4.821965636477828 0
6 5.017097321106448 0
6 5.223936908248895 0
6 5.44318687123724 0
6 5.675591828720511 0
6 5.921941081446302 0
6 6.183071290461948 0
6 6.459869312299944 0
6 6.75327521626178 0
6 7.064285475393142 0
6 7.393956349675427 0
6 7.743407477225785 0
6 8.113825674427815 0
6 8.50646896220843 0
6 8.92267084389524 0
6 9.363844838919476 0
6 9.831489275767218 0
6 10.32719237831834 0
6 10.85263766547629 0
6 11.40960967104548 0
1 231 0 24
479
480
481
482
483
484
485
486
487
488
489
490
491
492
493
494
495
496
497
498
499
500
501
502
6 -4.145813746821399 0
6 -4.30037631542432 0
6 -4.464212639899113 0
6 -4.637879143738216 0
6 -4.821965636477828 0
6 -5.017097321106448 0
6 -5.223936908248895 0
6 -5.44318687123724 0
6 -5.675591828720511 0
6 -5.921941081446302 0
6 -6.183071290461948 0
6 -6.459869312299944 0
6 -6.75327521626178 0
6 -7.064285475393142 0
6 -7.393956349675427 0
6 -7.743407477225785 0
6 -8.113825674427815 0
6 -8.50646896220843 0
6 -8.92267084389524 0
6 -9.363844838919476 0
6 -9.831489275767218 0
6 -10.32719237831834 0
6 -10.85263766547629 0
6 -11.40960967104548 0
1 232 0 25
503
504
505
506
507
508
509
510
511
512
513
514
515
516
517
518
519
520
521
522
523
524
525
526
527
0.1014260810453798 4.135234774727173 0
0.2089377265813515 4.278583635441802 0
0.3229000699217084 4.430533426562278 0
0.4437001519134761 4.591600202551302 0
0.5717482406461739 4.762330987528232 0
0.7074792144815066 4.943305619308676 0
0.8513540466543166 5.135138728872422 0
1.003861369632489 5.338481826176652 0
1.165519131884085 5.55402550917878 0
1.336876361523612 5.782501815364816 0
1.518515022838429 6.024686697117906 0
1.711052002938243 6.281402670584324 0
1.915141203870387 6.553521605160515 0
2.131475757028318 6.841967676037758 0
2.360790382504767 7.147720510006355 0
2.60386388484595 7.471818513127934 0
2.861521797529101 7.815362396705469 0
3.134639185581983 8.179518914109309 0
3.42414361568318 8.565524820910905 0
3.731018310483177 8.974691080644234 0
4.056305489315063 9.40840731908675 0
4.401109900335379 9.868146533780504 0
4.766602574411994 10.35547009921599 0
5.154024808011144 10.87203307734819 0
5.564692376526915 11.41958983536922 0
1 233 0 25
528
529
530
531
532
533
534
535
536
537
538
539
540
541
542
543
544
545
546
547
548
549
550
551
552
0.1014260810453798 -4.135234774727173 0
0.2089377265813515 -4.278583635441802 0
0.3229000699217084 -4.430533426562278 0
0.4437001519134761 -4.591600202551302 0
0.5717482406461739 -4.762330987528232 0
0.7074792144815066 -4.943305619308676 0
0.8513540466543166 -5.135138728872422 0
1.003861369632489 -5.338481826176652 0
1.165519131884085 -5.55402550917878 0
1.336876361523612 -5.782501815364816 0
1.518515022838429 -6.024686697117906 0
1.711052002938243 -6.281402670584324 0
1.915141203870387 -6.553521605160515 0
2.131475757028318 -6.841967676037758 0
2.360790382504767 -7.147720510006355 0
2.60386388484595 -7.471818513127934 0
2.861521797529101 -7.815362396705469 0
3.134639185581983 -8.179518914109309 0
3.42414361568318 -8.565524820910905 0
3.731018310483177 -8.974691080644234 0
4.056305489315063 -9.40840731908675 0
4.401109900335379 -9.868146533780504 0
4.766602574411994 -10.35547009921599 0
5.154024808011144 -10.87203307734819 0
5.564692376526915 -11.41958983536922 0
2 1 0 0
2 2 0 0
2 5 0 1452
553
554
555
556
557
558
559
560
561
562
563
564
565
566
567
568
569
570
571
572
573
574
575
576
577
578
579
580
581
582
583
584
585
586
587
588
589
590
591
592
593
594
595
596
597
598
599
600
601
602
603
604
605
606
607
608
609
610
611
612
613
614
615
616
617
618
619
620
621
622
623
624
625
626
627
628
629
630
631
632
633
634
635
636
637
638
639
640
641
642
643
644
645
646
647
648
649
650
651
652
653
654
655
656
657
658
659
660
661
662
663
664
665
666
667
668
669
670
671
672
673
674
675
676
677
678
679
680
681
682
683
684
685
686
687
688
689
690
691
692
693
694
695
696
697
698
699
700
701
702
703
704
705
706
707
708
709
710
711
712
713
714
715
716
717
718
719
720
721
722
723
724
725
726
727
728
729
730
731
732
733
734
735
736
737
738
739
740
741
742
743
744
745
746
747
748
749
750
751
752
753
754
755
756
757
758
759
760
761
762
763
764
765
766
767
768
769
770
771
772
773
774
775
776
777
778
779
780
781
782
783
784
785
786
787
788
789
790
791
792
793
794
795
796
797
798
799
800
801
802
803
804
805
806
807
808
809
810
811
812
813
814
815
816
817
818
819
820
821
822
823
824
825
826
827
828
829
830
831
832
833
834
835
836
837
838
839
840
841
842
843
844
845
846
847
848
849
850
851
852
853
854
855
856
857
858
859
860
861
862
863
864
865
866
867
868
869
870
871
872
873
874
875
876
877
878
879
880
881
882
883
884
885
886
887
888
889
890
891
892
893
894
895
896
897
898
899
900
901
902
903
904
905
906
907
908
909
910
911
912
913
914
915
916
917
918
919
920
921
922
923
924
925
926
927
928
929
930
931
932
933
934
935
936
937
938
939
940
941
942
943
944
945
946
947
948
949
950
951
952
953
954
955
956
957
958
959
960
961
962
963
964
965
966
967
968
969
970
971
972
973
974
975
976
977
978
979
980
981
982
983
984
985
986
987
988
989
990
991
992
993
994
995
996
997
998
999
1000
1001
1002
1003
1004
1005
1006
1007
1008
1009
1010
1011
1012
1013
1014
1015
1016
1017
1018
1019
1020
1021
1022
1023
1024
1025
1026
1027
1028
1029
1030
1031
1032
1033
1034
1035
1036
1037
1038
1039
1040
1041
1042
1043
1044
1045
1046
1047
1048
1049
1050
1051
1052
1053
1054
1055
1056
1057
1058
1059
1060
1061
1062
1063
1064
1065
1066
1067
1068
1069
1070
1071
1072
1073
1074
1075
1076
1077
1078
1079
1080
1081
1082
1083
1084
1085
1086
1087
1088
1089
1090
1091
1092
1093
1094
1095
1096
1097
1098
1099
1100
1101
1102
1103
1104
1105
1106
1107
1108
1109
1110
1111
1112
1113
1114
1115
1116
1117
1118
1119
1120
1121
1122
1123
1124
1125
1126
1127
1128
1129
1130
1131
1132
1133
1134
1135
1136
1137
1138
1139
1140
1141
1142
1143
1144
1145
1146
1147
1148
1149
1150
1151
1152
1153
1154
1155
1156
1157
1158
1159
1160
1161
1162
1163
1164
1165
1166
1167
1168
1169
1170
1171
1172
1173
1174
1175
1176
1177
1178
1179
1180
1181
1182
1183
1184
1185
1186
1187
1188
1189
1190
1191
1192
1193
1194
1195
1196
1197
1198
1199
1200
1201
1202
1203
1204
1205
1206
1207
1208
1209
1210
1211
1212
1213
1214
1215
1216
1217
1218
1219
1220
1221
1222
1223
1224
1225
1226
1227
1228
1229
1230
1231
1232
1233
1234
1235
1236
1237
1238
1239
1240
1241
1242
1243
1244
1245
1246
1247
1248
1249
1250
1251
1252
1253
1254
1255
1256
1257
1258
1259
1260
1261
1262
1263
1264
1265
1266
1267
1268
1269
1270
1271
1272
1273
1274
1275
1276
1277
1278
1279
1280
1281
1282
1283
1284
1285
1286
1287
1288
1289
1290
1291
1292
1293
1294
1295
1296
1297
1298
1299
1300
1301
1302
1303
1304
1305
1306
1307
1308
1309
1310
1311
1312
1313
1314
1315
1316
1317
1318
1319
1320
1321
1322
1323
1324
1325
1326
1327
1328
1329
1330
1331
1332
1333
1334
1335
1336
1337
1338
1339
1340
1341
1342
1343
1344
1345
1346
1347
1348
1349
1350
1351
1352
1353
1354
1355
1356
1357
1358
1359
1360
1361
1362
1363
1364
1365
1366
1367
1368
1369
1370
1371
1372
1373
1374
1375
1376
1377
1378
1379
1380
1381
1382
1383
1384
1385
1386
1387
1388
1389
1390
1391
1392
1393
1394
1395
1396
1397
1398
1399
1400
1401
1402
1403
1404
1405
1406
1407
1408
1409
1410
1411
1412
1413
1414
1415
1416
1417
1418
1419
1420
1421
1422
1423
1424
1425
1426
1427
1428
1429
1430
1431
1432
1433
1434
1435
1436
1437
1438
1439
1440
1441
1442
1443
1444
1445
1446
1447
1448
1449
1450
1451
1452
1453
1454
1455
1456
1457
1458
1459
1460
1461
1462
1463
1464
1465
1466
1467
1468
1469
1470
1471
1472
1473
1474
1475
1476
1477
1478
1479
1480
1481
1482
1483
1484
1485
1486
1487
1488
1489
1490
1491
1492
1493
1494
1495
1496
1497
1498
1499
1500
1501
1502
1503
1504
1505
1506
1507
1508
1509
1510
1511
1512
1513
1514
1515
1516
1517
1518
1519
1520
1521
1522
1523
1524
1525
1526
1527
1528
1529
1530
1531
1532
1533
1534
1535
1536
1537
1538
1539
1540
1541
1542
1543
1544
1545
1546
1547
1548
1549
1550
1551
1552
1553
1554
1555
1556
1557
1558
1559
1560
1561
1562
1563
1564
1565
1566
1567
1568
1569
1570
1571
1572
1573
1574
1575
1576
1577
1578
1579
1580
1581
1582
1583
1584
1585
1586
1587
1588
1589
1590
1591
1592
1593
1594
1595
1596
1597
1598
1599
1600
1601
1602
1603
1604
1605
1606
1607
1608
1609
1610
1611
1612
1613
1614
1615
1616
1617
1618
1619
1620
1621
1622
1623
1624
1625
1626
1627
1628
1629
1630
1631
1632
1633
1634
1635
1636
1637
1638
1639
1640
1641
1642
1643
1644
1645
1646
1647
1648
1649
1650
1651
1652
1653
1654
1655
1656
1657
1658
1659
1660
1661
1662
1663
1664
1665
1666
1667
1668
1669
1670
1671
1672
1673
1674
1675
1676
1677
1678
1679
1680
1681
1682
1683
1684
1685
1686
1687
1688
1689
1690
1691
1692
1693
1694
1695
1696
1697
1698
1699
1700
1701
1702
1703
1704
1705
1706
1707
1708
1709
1710
1711
1712
1713
1714
1715
1716
1717
1718
1719
1720
1721
1722
1723
1724
1725
1726
1727
1728
1729
1730
1731
1732
1733
1734
1735
1736
1737
1738
1739
1740
1741
1742
1743
1744
1745
1746
1747
1748
1749
1750
1751
1752
1753
1754
1755
1756
1757
1758
1759
1760
1761
1762
1763
1764
1765
1766
1767
1768
1769
1770
1771
1772
1773
1774
1775
1776
1777
1778
1779
1780
1781
1782
1783
1784
1785
1786
1787
1788
1789
1790
1791
1792
1793
1794
1795
1796
1797
1798
1799
1800
1801
1802
1803
1804
1805
1806
1807
1808
1809
1810
1811
1812
1813
1814
1815
1816
1817
1818
1819
1820
1821
1822
1823
1824
1825
1826
1827
1828
1829
1830
1831
1832
1833
1834
1835
1836
1837
1838
1839
1840
1841
1842
1843
1844
1845
1846
1847
1848
1849
1850
1851
1852
1853
1854
1855
1856
1857
1858
1859
1860
1861
1862
1863
1864
1865
1866
1867
1868
1869
1870
1871
1872
1873
1874
1875
1876
1877
1878
1879
1880
1881
1882
1883
1884
1885
1886
1887
1888
1889
1890
1891
1892
1893
1894
1895
1896
1897
1898
1899
1900
1901
1902
1903
1904
1905
1906
1907
1908
1909
1910
1911
1912
1913
1914
1915
1916
1917
1918
1919
1920
1921
1922
1923
1924
1925
1926
1927
1928
1929
1930
1931
1932
1933
1934
1935
1936
1937
1938
1939
1940
1941
1942
1943
1944
1945
1946
1947
1948
1949
1950
1951
1952
1953
1954
1955
1956
1957
1958
1959
1960
1961
1962
1963
1964
1965
1966
1967
1968
1969
1970
1971
1972
1973
1974
1975
1976
1977
1978
1979
1980
1981
1982
1983
1984
1985
1986
1987
1988
1989
1990
1991
1992
1993
1994
1995
1996
1997
1998
1999
2000
2001
2002
2003
2004
4.445115623467844 0.08606334767246189 0
3.87247540407773 0.08803293047562248 0
3.312711050639296 0.06349293535822455 0
2.666106233028867 0.06521814108953143 0
2.943227893796927 0.06610663456643891 0
2.376739810078622 0.05280934878386233 0
2.132316058266116 0.05564889112234193 0
1.917070697504021 0.04539226495905054 0
1.708583176492958 0.04556179325166638 0
1.510825133027112 0.04131879047065887 0
1.273738736755844 0.03960038366263252 0
1.128010234516484 0.03297030683735107 0
4.887203129439303 0.09760920903914927 0
0.9884130918094003 0.02725830656873348 0
5.819567028769483 1.404942904357906 0
3.505378792654571 2.14730843481545 0
0.8397130171931374 0.03010095248117732 0
2.596415849406821 1.594752874950342 0
1.741570926775446 1.044584628045546 0
2.072103616693746 1.287517363362842 0
0.707458299199755 0.02794077162525859 0
1.370910032829811 0.8522904650606911 0
0.9981372945503577 0.6253993664149098 0
0.7526158066137345 0.4839370777794523 0
0.501540525175756 0.3295680656172054 0
0.419063633714545 0.2771322922680719 0
0.629535592251536 0.4021397250573068 0
0.3503017722546942 0.2363206032075413 0
0.2931036570665408 0.2020449052706358 0
0.5320493400900295 0.02312072425051412 0
0.2339399494925266 0.1661305164279125 0
0.1956658175652015 0.1430398066208357 0
3.015682027236629 1.846628154971872 0
0.4521979947477679 0.02130241669055627 0
1.15817996653977 0.7135385787779143 0
0.8686322661067001 0.5510362071935602 0
0.1659911313171377 0.123621479286667 0
4.000365411387674 2.443675528007013 0
0.6094187515501075 0.02694631083254138 0
5.23946322422776 0.09798921000067158 0
3.581258171077971 0.08248512372853967 0
4.197273851498103 0.09839158628247831 0
0.1386299087522895 0.1092362943141565 0
0.1175951074804355 0.09608919475058969 0
0.1031514385670278 0.08658341156110166 0
0.08893805657181723 0.07829700160305411 0
0.3759655611700051 0.02139604436109403 0
0.3034414782697544 0.01815198841617909 0
5.804970991086159 2.046435838294681 0
5.846810367342107 0.8441837099981777 0
0.2385799060905169 0.01634842016440884 0
0.1754287019943843 0.01695558382518505 0
4.720790174376347 2.897791362957522 0
0.1375816721545268 0.01709385037904711 0
2.271313339579642 1.407264395332108 0
1.92334755059675 1.187621711530215 0
1.495249096341615 0.9321299366146075 0
5.79765216170237 2.486457756464578 0
0.7004724634291417 0.4492283888705577 0
0.5490026777921406 0.3594232483421582 0
0.4583582172620663 0.3020113761449364 0
0.3833661494984133 0.2553512231847809 0
0.3207295830739989 0.2184607059544482 0
0.2560777641905255 0.1796291798178336 0
5.865827003460096 0.5091101213783371 0
0.2132193369650093 0.153426005206662 0
0.1788947768294489 0.1307822439843471 0
0.7734061869620207 0.03081164197800184 0
0.1508347664030114 0.1158357594521283 0
0.9018989139967076 0.02854225924021555 0
1.055534808057217 0.04178650900345959 0
1.210600194866625 0.03231608431788459 0
1.371213091685545 0.04245268546961949 0
1.60683625999569 0.04187069776618412 0
5.493015705315786 0.1032230668367968 0
1.816345441858877 0.04767826456931863 0
2.018923767368076 0.05374523263231086 0
0.1281914501495067 0.1025408183898416 0
2.250174430637387 0.05561219944251632 0
2.510218091836784 0.05516554869821257 0
2.781455299500138 0.06800226652832859 0
3.111672913428184 0.06810024529895027 0
4.660481304070505 0.09512754455916336 0
0.1113118157020634 0.092905184720924 0
0.09467995039829188 0.08013883346347855 0
5.221543041787409 3.215116604141341 0
5.7696859974582 2.979898813340438 0
5.748174447078533 0.1131057316682041 0
0.1555651233834036 0.0170749750666732 0
0.1731511333299572 0.03319666636779949 0
0.1729502226387091 0.04786284940489958 0
0.1576881597781853 0.0500106893687066 0
0.190932755781705 0.0485971147641933 0
0.1724239504954044 0.06096636570283594 0
0.1870604880630811 0.0627519085026203 0
0.1830910109377838 0.07501649270018211 0
0.1941970386913399 0.07911646545280157 0
0.1687864686592173 0.07448672857888272 0
0.1889593121733456 0.08620035407538752 0
0.2030876690199585 0.08787367473557663 0
0.2168427007806628 0.07743541813554788 0
0.2235921117116703 0.09476651980675807 0
0.235394155791443 0.07738339841059405 0
0.2388723005799374 0.09250912960297861 0
0.2515655956591296 0.07731357561674838 0
0.2547064522739394 0.09197988707060767 0
0.2440612804287366 0.1070723125562882 0
0.2595294438065817 0.1065507692185306 0
0.2697161828288847 0.09105239268021642 0
0.2749636460280089 0.1053689111179025 0
0.2834118251599213 0.08741843420471539 0
0.290208666284604 0.1020654826762685 0
0.3054413030102089 0.09692189927910171 0
0.3126787791236764 0.1136749783201976 0
0.3201787825868918 0.09003378063384142 0
0.3284020099010563 0.1065759420677215 0
0.3443862773152471 0.09793464987316444 0
0.3538177368916426 0.1162642544954814 0
0.3696887047013446 0.1082184821266194 0
0.3761113590219538 0.1213260111664173 0
0.3680014690176203 0.1362619528175866 0
0.3910844835601359 0.140244078688479 0
0.390617628619013 0.1220676251213389 0
0.4119111631000679 0.1422533929217145 0
0.4109027160632799 0.1230565298657136 0
0.4336775020257518 0.1449388620166762 0
0.4330089804323979 0.1248931963927181 0
0.4565906386489773 0.1485339998126219 0
0.4562782325615254 0.127371011047774 0
0.4808360560106935 0.1524713862665575 0
0.4805621969470912 0.1300110897925951 0
0.5064471454188751 0.1559446367661471 0
0.5059829689923975 0.132323347742298 0
0.5333135323677461 0.158927238382873 0
0.5331447497099066 0.1338686261158007 0
0.5613772024673059 0.1622763162370182 0
0.5319907856634578 0.1834350475767564 0
0.559476875392823 0.1873757408158429 0
0.5892922741604542 0.1652067507319275 0
0.5907800330818515 0.1953797599622034 0
0.6095669881762046 0.1664530170518931 0
0.6191468340125371 0.1846796023575904 0
0.6416863602814171 0.1719781455021859 0
0.6564742936822949 0.1954596756051849 0
0.6784632090457751 0.1845456180170596 0
0.6861481590840024 0.2018893061450468 0
0.7045059402249286 0.1780622073105845 0
0.7061177689090724 0.2043207787709028 0
0.741562755118409 0.1709689328790778 0
0.7370261992722571 0.2075316375237528 0
0.7793973338713761 0.1806268738163821 0
0.7726248595627364 0.2108527579128215 0
0.8051777267424992 0.1819417536485771 0
0.8174670835069149 0.207934351005914 0
0.8000541947961132 0.2480956746603978 0
0.8380623457897681 0.2556098859596571 0
0.859620604981816 0.2230929085402644 0
0.8731042995719006 0.2669412144991904 0
0.8951380666583787 0.2366204801350325 0
0.9026805156397654 0.2841601065621676 0
0.9270797526944556 0.2551539945224989 0
0.9542870943388877 0.2813057314836823 0
0.9910984710851848 0.2507275820083223 0
1.006335340913497 0.2936104268458703 0
1.027279246425208 0.2528347774510593 0
1.039055954833334 0.280669560571861 0
1.071434931536509 0.2662121955469782 0
1.086749491451948 0.2944508993211671 0
1.102867268627942 0.2479892688382036 0
1.130978495827033 0.2977022978762206 0
1.164073500742344 0.2485424787353105 0
1.18427260007416 0.305158526000909 0
1.204828128418175 0.2622809396132332 0
1.228972660915266 0.316248070248341 0
1.213073810659942 0.3566070643887583 0
1.245381925046142 0.3602323135671384 0
1.265572611198464 0.3338491283632597 0
1.295637903593872 0.3625738464364349 0
1.330376659017332 0.3238711231094171 0
1.36965028860107 0.3543552851199321 0
1.398842938368664 0.3105299495444693 0
1.416081181196003 0.379782461094577 0
1.443345060128098 0.3314053400537474 0
1.465716639572357 0.4043404579567327 0
1.493701448177198 0.3527013253852777 0
1.544617911718758 0.3768962458620085 0
1.594368244047753 0.3998632794343844 0
1.614027665163501 0.3634380455350714 0
1.64896755873267 0.4158847153334703 0
1.660043612704241 0.3645826601882469 0
1.707756087557633 0.4301022155355325 0
1.737621153798236 0.3690006600693779 0
1.760416964743959 0.4519409129090386 0
1.733007585372334 0.4859326208663586 0
1.806021186257408 0.4830977732200505 0
1.852205953742732 0.4303083240137162 0
1.906086490635701 0.4578453382137308 0
1.958057908160677 0.4891900501900758 0
1.999771561724989 0.5309126046282091 0
2.058370024384886 0.4779905347890795 0
2.096568577270736 0.5427674206046753 0
2.165239444325369 0.50611468827925 0
2.192958315071485 0.5814836739644215 0
2.253253326719264 0.4726423245164976 0
2.264566703481199 0.5660461444665713 0
2.352220806374542 0.4911500413818359 0
2.343289569106551 0.5684719900044224 0
2.438174972845962 0.5040949677440352 0
2.427938546348916 0.58107952320455 0
2.523507563986529 0.5149168762909004 0
2.515916876391192 0.5927948824977909 0
2.415535124356043 0.6628912301961039 0
2.508574654272993 0.6758512274762817 0
2.604761053942096 0.6012111360877697 0
2.604027036773077 0.6849196690347569 0
2.696202303375534 0.6016337600626497 0
2.704652801428272 0.6895363790275252 0
2.787827560409819 0.5854540138520397 0
2.828287362236884 0.6830728824199506 0
2.894520382104436 0.6220773205370086 0
2.940762155416548 0.7257956167862261 0
2.969061654681846 0.6354680424930871 0
3.051717319740721 0.7685035693397378 0
3.071864020861938 0.6528486725524386 0
3.145491155824979 0.7556309697543204 0
3.103035887802824 0.8706972475572329 0
3.187809516335111 0.8199492742242573 0
3.270645565458225 0.7507579374483246 0
3.334190259695548 0.8325486879945727 0
3.420210003449225 0.7440009239702482 0
3.485859432647456 0.8218278508980079 0
3.547530094763335 0.9095124456335779 0
3.636535392538865 0.8207396174525323 0
3.698760151596784 0.9248098097215144 0
3.813503918619207 0.8404449145114626 0
3.851151692438471 0.9754950281978234 0
3.945346616969418 0.8445667108728159 0
3.959756604019521 0.9543685350512513 0
4.033271353216104 0.8425365272877607 0
4.097222157162257 0.9324278910874878 0
4.172019642636605 0.8361772976071695 0
4.211491881243233 0.9630462319498952 0
4.087949715144262 1.077037876797446 0
4.263805548052892 1.073116933841996 0
4.372439876687128 0.9473381607841014 0
4.456203807020631 1.15891554844118 0
4.511410313273882 0.9911487971756906 0
4.637634827234546 1.14901574739953 0
4.663551486767135 1.012710823605142 0
3.606359374404086 1.008984622408266 0
4.508881779811983 1.271327182203148 0
4.61496431679807 1.278250169519483 0
2.705588236834674 0.785545846865393 0
3.153266064107219 0.961468751361568 0
1.955285426334125 0.5686140011895553 0
1.571944923015035 0.4531317283962174 0
4.576071857641706 1.406975519363478 0
4.733145341818522 1.429823987912181 0
1.751128284059068 0.52120835865376 0
1.01731595096474 0.3210539114017418 0
0.8816704217815163 0.3105598896121864 0
4.696533468526101 1.582220003168615 0
4.52261926369114 1.552745425430529 0
1.205893772167505 0.4094437055700392 0
4.542212122343784 0.8588016625618533 0
4.682093575096736 0.8771706830783927 0
4.871526046355444 1.602914787408015 0
4.663683211003923 1.740969854868587 0
0.6967071390095448 0.2288418845973827 0
3.935142958331841 0.7422744106291523 0
4.900949079319524 1.447680988443147 0
2.876976564261681 0.5585413041405026 0
1.949319960980355 0.3979421382001807 0
0.6107590041580077 0.2227410602019214 0
4.851503630087635 1.761157279816804 0
2.207316430684058 0.4163762260938307 0
1.417357575590069 0.2693720782953205 0
4.677997885171312 0.7475397505630457 0
4.817330988428306 0.7489650385202307 0
0.4539963758119985 0.16995702073002 0
2.459285545604868 0.431122729406211 0
4.828254296333672 0.8852029149675916 0
4.953222023491698 0.7291690934392865 0
5.007291314303424 0.8860702621611868 0
5.118002674508652 0.8001903772102726 0
1.516299010332335 0.2998904581998327 0
3.726694676064294 0.7410858479708071 0
1.653162332569421 0.3135451777245185 0
3.099407938723288 0.557798297217643 0
5.15550012915449 0.9770254710230567 0
0.9179572364056103 0.2061852036240319 0
4.827837124612531 1.926735442451404 0
5.032033922501203 1.943984081124543 0
0.4111207822012918 0.1611799829406281 0
1.292916087603237 0.2948553954571942 0
2.688384860888795 0.5239283800431216 0
0.3203471890631701 0.1308266373864423 0
1.009865774717226 0.2093828187276733 0
5.084435403228733 0.6981654599682611 0
5.228171286751058 0.6787693834087631 0
5.046849724611528 1.770675742600957 0
1.131255589998565 0.2228843422071801 0
4.631370064680142 1.905009072889801 0
4.785844501443028 0.6261192297925547 0
4.658985577084757 0.6240180236425155 0
1.117671696016778 0.3388829757367199 0
3.399152211812424 0.9136029431441893 0
2.502262965184386 0.7624386695554952 0
0.5582386108006658 0.210883388892162 0
3.877099642019114 1.055730279899833 0
2.917791353246251 0.8162712983527227 0
0.821575345899847 0.288108003160186 0
0.6662736887792332 0.1605324148950433 0
0.3726584576706784 0.1595005524178819 0
0.280850544541196 0.1203043122573616 0
0.7213504717094932 0.1401253164840687 0
0.5911726248220979 0.1399282631753794 0
0.4077531210691324 0.103531162429311 0
0.7842277354582474 0.1520949942001657 0
0.4777455060102166 0.1078766130074064 0
4.593406913918775 2.071525868547129 0
0.2105368013110499 0.09995332056474363 0
0.3353153458769562 0.08067994823798585 0
5.242899005183947 1.962116483672381 0
5.001942946173356 2.120836228915098 0
0.2495662990703807 0.121101527273593 0
3.17702304878788 0.5748988108452818 0
3.143654337152249 0.4707712825635839 0
3.255932588994224 0.5097008755110721 0
3.190174551637521 0.38669255349611 0
3.295843545680969 0.4030949663204699 0
3.098603192748409 0.3648751628686631 0
5.184957428960256 0.5144015582118838 0
5.362347080965765 0.541452268787488 0
5.383177841868774 0.6751203181076291 0
4.768743933012916 0.5173883422576347 0
4.645332184702658 0.5088443628038404 0
0.531838407093295 0.2080512959909358 0
0.5333914210271473 0.2335032608239455 0
0.5056607857832006 0.2308104074893832 0
0.8198634267689949 0.1540658570462445 0
0.2777318972269816 0.07765462703894957 0
0.5293623777085897 0.1085348128089622 0
5.287115005034611 1.754783236300621 0
0.7859095219128128 0.2817047526692825 0
0.8133679639764244 0.3202624508548853 0
0.7778060691107722 0.3149517718183388 0
0.7769386593516303 0.350186789728336 0
0.8141151735930903 0.3543698968067699 0
0.7384807908203831 0.3445726822244932 0
4.530704924344809 0.6140893979823904 0
4.518826388147367 0.4989868519814668 0
4.20587045724683 1.240073150030953 0
1.686836425495051 0.5337763538074752 0
1.689370801051216 0.5954476753904053 0
1.683574025029738 0.6630814210818633 0
1.768289317179099 0.6745124133036142 0
1.603885524263422 0.6524829978049465 0
1.667070160343173 0.7307627108370418 0
1.747895876309059 0.7471107243015586 0
5.507063968294749 0.5484343628764694 0
2.390793510583729 0.764888482407197 0
2.423312412919155 0.8355910741171564 0
2.310722406027253 0.8446301679081726 0
2.381567542763551 0.8903587810577849 0
2.463992712653267 0.9285121451579192 0
2.32513138532168 0.9703143925358987 0
2.246017608637059 0.9240148788244448 0
2.175276016032631 0.8735992672971541 0
2.107100404016404 0.9534695642969008 0
2.038282145785205 0.8974389629989301 0
4.407327668928078 2.045997882206851 0
4.54946521615222 2.243179455851202 0
1.722027764209425 0.8138886240032461 0
3.223074900647225 0.3048319787033331 0
3.327586093615457 0.3164319203719447 0
3.406146280973794 0.4123789756899715 0
3.435989446421741 0.326868028695096 0
3.511652558648422 0.4243536251854932 0
3.544099791139597 0.3413189588614221 0
0.8115987801875046 0.1263194895482254 0
0.8516628084582107 0.1302725097592327 0
5.067000356123253 1.115336045652455 0
5.285174913043875 1.042271086385708 0
0.5044690953119134 0.2535559953215724 0
0.5348548209499243 0.2639514185095964 0
3.588369633469349 0.4419940993266123 0
3.667337354436346 0.3798938819573527 0
1.788458749988662 0.8397174807818588 0
1.841829203553745 0.7729713838852912 0
3.718713965980459 0.4904269431280702 0
3.810231869680967 0.3694337525106537 0
3.828971121244656 0.4671685226657101 0
2.263768267586211 1.055540334720216 0
2.36923225403723 1.109741757066967 0
5.211004725956535 2.142594078001116 0
5.18136545947533 2.324968062969588 0
0.7825744426079455 0.387694811678324 0
0.8195648076460698 0.3908898127023682 0
1.644376091208779 0.7979929584246123 0
4.405546723433409 0.602290390653527 0
4.393326203638006 0.4892011607576381 0
4.389712771139731 0.3782557951101607 0
4.264090354068834 0.3711634811903864 0
4.272358340645589 0.4838829888079219 0
4.145762831592411 0.3721321999649202 0
0.4865144274376879 0.2489266829784805 0
5.206663745818202 1.18647452838327 0
5.393770219281594 1.268325601763487 0
5.430468476526928 1.080218222137029 0
5.358863821342123 0.4229329243953234 0
5.496787619580418 0.4298747415803844 0
4.642872662061158 0.399500552349852 0
4.769345751444578 0.4118377926356774 0
3.934298619545899 0.4669359596714069 0
0.2351592569839218 0.1220752710676176 0
0.2399909980627833 0.1347876265138986 0
0.4808692496225051 0.2325111487415377 0
5.531568809038014 0.6761956940508034 0
2.040163562814364 1.032614446249 0
0.4560954141021026 0.24370762532849 0
0.4478808563937461 0.217828632548972 0
0.2339604029136232 0.06278679325033031 0
5.245002807957666 1.40928449656151 0
5.477906558660994 1.43548513883367 0
0.7413758851567775 0.3092754605346765 0
0.6995068582784212 0.3373107283005987 0
0.7029804070944928 0.3015876786508552 0
0.6575166501583278 0.3350235528746681 0
0.6569187833741623 0.2867473101805444 0
0.627195342431048 0.32325352744448 0
0.614333536978254 0.292623980554839 0
1.705150794421833 0.8751529170798399 0
0.3465195770629351 0.1438234638825833 0
0.3544200655239109 0.1634788792807775 0
0.3350976498389722 0.1670828362988422 0
0.3404491094331374 0.1890838179161058 0
0.3644518708273565 0.1846531160641084 0
3.459981689029363 0.2436957664923424 0
0.7876922335677728 0.1238330079290493 0
0.7926705912905971 0.09383798857559554 0
0.7612718837651189 0.09009942439605792 0
0.2546844085731945 0.1352913396710903 0
1.61093375633036 0.5887094025509177 0
1.531538013287909 0.6412759967823797 0
1.53770250291016 0.5757623600999257 0
1.46645863759147 0.6394202084021925 0
1.474722380287593 0.6881399000503361 0
1.407239756074295 0.6539517461420572 0
1.354999152794735 0.6797307787132512 0
1.325400204262053 0.6216716862729581 0
1.274820090432638 0.660785308645424 0
1.241328788430001 0.6103987766411998 0
1.285740366196381 0.5554230624354023 0
1.236232738246303 0.5398996556000328 0
1.207747705372505 0.5702823098588728 0
1.175287816943432 0.533602608120471 0
1.137603058330715 0.5701780343975844 0
1.106835199341341 0.5381106243141361 0
1.281078649795707 0.4842940366600468 0
3.682387022247175 0.2654037159508796 0
4.437560002726173 1.888266366700415 0
4.274110762195005 2.034538045116536 0
4.211181375995929 1.903862727993761 0
4.055546593486626 2.06153959679447 0
4.005579542383421 1.831083116525413 0
4.089003957435731 1.669154936730155 0
3.922597783299095 1.628588417735729 0
3.831190119902586 1.769066059379026 0
3.794706241612421 1.554596634880429 0
3.878351377416502 1.471498589073901 0
3.706074912485736 1.439359380997189 0
3.568464923728131 1.51149599210108 0
3.508852135397057 1.37284839881044 0
3.41504178566617 1.543538280773175 0
3.370963502468046 1.402141305980528 0
3.261865259121333 1.549449652961837 0
3.224353364251331 1.409954587674088 0
3.098494131401505 1.56212956484383 0
3.078216893569468 1.402449065001529 0
2.976833000415143 1.513031799049236 0
2.941160239240063 1.376357525995464 0
3.43035243234274 1.690596036795056 0
3.184557169704118 1.270645327851451 0
3.455769799110666 1.245185959658391 0
2.541438880327023 0.4415046712639636 0
2.487528917669043 0.3617594935763423 0
2.566819329083935 0.3708754434432928 0
2.409851532827329 0.3499015954118098 0
2.438238586385 0.2863368490608912 0
2.365981793078145 0.2744839414641617 0
2.383142333009385 0.2170708902463526 0
2.452963536748246 0.2248745961460232 0
2.320699623518977 0.2089298460736765 0
2.302187156154406 0.2582815900456688 0
2.280219421018661 0.202517464399846 0
2.254689926942917 0.2326612504944023 0
2.220736030800255 0.1914563192100679 0
2.174345676402743 0.2349044061497833 0
2.135167343522185 0.1825742037925507 0
2.083370533543575 0.232852711352691 0
2.061286308703793 0.1731418881958458 0
2.006188601889968 0.220777954984507 0
2.013112216935327 0.1634976538458092 0
1.939882038113166 0.2110538861998645 0
2.045274858576993 0.2845917121296124 0
0.2276896588086613 0.1363021994931488 0
4.400774298826279 0.2714644938021521 0
0.6970119984366033 0.3705534562145996 0
1.93859901010117 0.1429445293403458 0
1.872997231990009 0.2043413188203861 0
1.864308682450544 0.1486734596139125 0
1.808969555996514 0.1984654889503422 0
1.86901618840682 0.2593977025059513 0
1.804447610003429 0.2520170247825994 0
1.749266784053618 0.1906370065110602 0
2.280397480640105 1.187734485044614 0
2.400628623930876 1.182724769661064 0
0.5188711071599528 0.2863363073690968 0
0.5494490467421225 0.2842347379591187 0
0.5916389028860916 0.3246151251448683 0
1.081508536417389 0.5624851853235172 0
1.071511054349978 0.5143827412198195 0
1.098832370403772 0.4766775217394185 0
1.058670752158554 0.4557459094141043 0
1.032299915326421 0.4934932975265472 0
1.022997115765983 0.4318312345982631 0
0.9945443381691186 0.4682709867000114 0
0.9622509000878788 0.4364099275651552 0
1.085968566680937 0.6032489842608464 0
1.050987575405575 0.3958794269481921 0
0.5632851378177565 0.1036014349349499 0
0.5450411434801529 0.07829192481514614 0
0.5848296090183874 0.07885517764716957 0
0.5645862154671035 0.06317545256592452 0
0.5228600150468861 0.08513361464575553 0
2.108703101865996 0.8204509731459383 0
2.049731808014156 0.7625317372846019 0
1.149791042489099 0.392505197860593 0
4.417701869133548 0.7173590712752521 0
0.9206757244790666 0.4727386610299809 0
0.90310746081385 0.4205065210953621 0
0.9380151157215686 0.39881111620365 0
0.8695505533013994 0.4729876170445489 0
1.007906353445037 0.5302259040844951 0
3.853455852119245 1.338750681468873 0
5.389201180362299 2.36239444107369 0
5.148072888646846 2.506077308908821 0
0.6155015999887408 0.3410684505657489 0
0.629457237155756 0.2502225370469271 0
1.430395934100393 0.7234300401778584 0
3.016022879632664 0.9010913020961452 0
3.060204029899261 0.9982764827562765 0
2.95225389721081 1.014714047763033 0
1.496337303903958 0.7600239173093788 0
0.5683000503523674 0.2611953599252188 0
1.30765019444889 0.7154507013211965 0
0.3180901065223692 0.1839069672525556 0
0.3156812171452893 0.1681268289925189 0
2.476507130624799 1.191898341799378 0
2.490782086852988 1.104351814932748 0
2.586409673977803 1.215029059473534 0
2.533077169609118 1.313311013986615 0
2.639835847317585 1.364318740589291 0
2.733978574675008 1.26358849278699 0
3.299912325056152 0.6012452854074127 0
0.241637716250282 0.1463620208038618 0
0.2594521321080599 0.1503140944934908 0
3.200222626104471 1.030955792904137 0
4.526093923883074 0.2847652662017324 0
0.2507329400154351 0.06269348222810589 0
5.024585790617319 0.570009216648473 0
5.066487869798687 0.3908782677628244 0
0.847749604942706 0.3552809443238627 0
0.7891981311256102 0.4248609227443435 0
0.4348222080042682 0.2424960867990492 0
0.4235875155916702 0.2258123215790944 0
0.760888177115882 0.4213291035223375 0
3.242821890789585 0.2231473349489097 0
5.099101290007748 2.677852722372932 0
5.31355511199996 2.766265299929804 0
2.821755392896896 1.492391604803385 0
2.898927395725919 1.576883104451414 0
0.3995443271438833 0.2177923514211245 0
4.058435010058291 1.214819966050857 0
4.165158735205422 1.373799036437351 0
1.968612648966015 0.9753704589005319 0
1.880774394961908 0.8315525864742994 0
1.842656379879678 0.8770553591652331 0
0.6024164168602061 0.05905166585737502 0
0.6101202042706836 0.09130110392321213 0
0.6249799674476971 0.06895490392085087 0
0.6411730405507333 0.1055411380730188 0
0.6528358299231696 0.07546869105926475 0
1.743224533770642 0.2420608288941805 0
1.693632349166667 0.1815386294046576 0
1.743514762588184 0.140661107777175 0
1.688398167318129 0.1343365868402031 0
1.641200308076599 0.1726316376394959 0
3.862323051011096 0.557212804091377 0
0.8735026886272196 0.1528772284941909 0
0.889659440843487 0.1309971289145226 0
0.8786101102812658 0.1122530892390123 0
0.9063927253078821 0.09927540000917251 0
0.9204641053676739 0.1282465439156965 0
0.9425326768691857 0.109071747393231 0
0.9587856159732607 0.1427920407776649 0
0.9679422830121147 0.1131508939079114 0
2.996861556388013 1.133830741376215 0
2.455383003126619 0.1657103339527456 0
2.527392022595867 0.1693807110387715 0
2.526372574317362 0.230713665651603 0
2.599595008240016 0.1676429992591775 0
2.605237924970158 0.2309228527245227 0
2.666829300841378 0.1502039737043469 0
2.707695820434515 0.2191944695696841 0
2.777912943180295 0.1558398071087222 0
2.803402459682197 0.2500502667555035 0
2.757847153784422 0.3227615893811593 0
2.833432188195785 0.3474167132664114 0
2.883967431912992 0.2748268854485142 0
2.904942258850253 0.3768286242308516 0
2.957679975672416 0.3051187635534705 0
1.63637650108588 0.1282808034620709 0
1.592706812344914 0.163947760610352 0
0.541184410949641 0.2995984495708233 0
5.414746974757791 0.812631954797282 0
5.557201823887828 0.811313858206357 0
5.41386980838025 2.172916611670118 0
2.784622279670712 0.4168171090519959 0
2.719167683682122 0.3931362441246896 0
5.670239575752956 0.6772222263924559 0
1.640368402149068 0.2175322859199 0
1.589368602523937 0.2066410938574641 0
1.557927649323145 0.1557652306994129 0
1.529944653023612 0.1833533973898955 0
1.501747871882334 0.1298416151757948 0
1.467340198758958 0.1821440986143186 0
1.453065667355821 0.1324804536959476 0
1.415917411758079 0.1788323182892039 0
1.403258836105927 0.1315367121803617 0
1.368135560357199 0.179285173312519 0
1.355836433291711 0.1318472778967023 0
1.320988310095243 0.1826191634252193 0
1.435490264700626 0.08647854707734756 0
1.310398956717367 0.1347876803418547 0
1.267196348746688 0.1389884364843753 0
1.250583436675208 0.09611049951476519 0
1.224387426629774 0.1463076804787102 0
1.242315761281806 0.1811647673420042 0
4.772029545292501 0.3028438018866807 0
4.892489455112477 0.3063480454763035 0
3.590860953719381 0.5423466468264356 0
0.251799722866186 0.04775062996032196 0
0.2703375589262431 0.04934403526075974 0
0.2334264426933157 0.04827692760378589 0
3.925346925687811 0.3703793796927792 0
3.911900725952996 0.272857297151431 0
4.039049586013367 0.4777538616995969 0
2.112359260978776 0.7020200410777042 0
1.170720102784176 0.4595401137986852 0
0.6759078217123612 0.103519258390447 0
0.6819916747851514 0.08040625893254864 0
0.6957240912835522 0.1029515707096479 0
0.7063570633882759 0.08844104552122718 0
1.189810571423105 0.1758660264035637 0
1.183328867960845 0.1297928279978699 0
5.496960272512857 0.3173957567505188 0
5.627751267520581 0.3270154167290155 0
5.360649730104257 0.3134247345473297 0
3.167509873184731 1.669290588798866 0
1.628526418021938 0.8645945578172488 0
1.628989022716996 0.9342767111449425 0
1.003763607077258 0.1576312069269649 0
1.005341970250536 0.1169613204109465 0
1.049481563735256 0.1538423223684772 0
1.045616300772745 0.118997187248147 0
1.079244679320551 0.1562844822918778 0
1.093225038697997 0.1263767499101983 0
1.000364859116604 0.08441880028355586 0
1.07463324547233 0.07927171782156034 0
0.4253242607872163 0.2018203553706083 0
4.272647029186837 1.381773216310193 0
0.4051856247705239 0.1983679486172074 0
0.3800464330176038 0.2111060704327502 0
2.324290932064966 0.1592471863241202 0
4.757484282853075 2.274513002122853 0
4.736822299567222 2.463040515227366 0
4.201690941680828 2.141611722826843 0
3.942495793298424 2.204044032245401 0
4.510176919551295 2.433215934178865 0
1.134391580689749 0.1098614764332827 0
1.377606767361801 0.2268852012165233 0
0.3052020201792525 0.1820005383815915 0
0.296862753106762 0.1700408856715871 0
2.202428391956915 1.139675654478126 0
2.295000193583781 0.7176075509833312 0
1.352870418518201 0.5275518999282565 0
5.625923751296756 0.4391281898687019 0
5.752755382981475 0.3466306842152122 0
2.926488700573471 0.2045126111380664 0
3.026423293673333 0.2318008524439984 0
0.4463932900197174 0.268511144546065 0
0.9346042928257023 0.08994140110768088 0
0.6646446218642603 0.05082551568542961 0
2.271520091403839 0.3105367525909386 0
2.237021590652678 1.242731081881724 0
4.300505983558171 0.7039401553690451 0
0.3491502520941834 0.2032136976297269 0
1.4709980216616 0.2335878139964956 0
2.562294949850346 1.450628075116447 0
2.457004504394822 1.397187013732634 0
4.461338454600208 2.680125298412182 0
0.8554078678864752 0.3898215450990541 0
0.8765702948570769 0.3489053980068661 0
0.2551660864179954 0.03239100085564244 0
3.252269924240145 0.1287948126283688 0
1.857079834333237 0.3107600766825931 0
1.965080701116202 0.09335584870197998 0
1.545338056023663 0.1245189824336152 0
0.5843528998440644 0.0449464789441079 0
1.130033332574252 0.1654195672213769 0
5.340683473949203 1.514173804376206 0
5.521580550278699 1.535494013512046 0
5.165541108334306 1.490736668942565 0
1.05120990833528 0.1874307749542901 0
2.003090707675598 0.6991792800204155 0
0.2223132126332855 0.1248383561868203 0
0.2107503240092123 0.128538631331348 0
0.2054724998727099 0.1171258977395126 0
1.463680384926863 0.8239856307621003 0
0.7258848676982748 0.1023310542917323 0
0.1352246478098264 0.03236506407533231 0
0.125525493401733 0.03178861404056549 0
0.1320231143020896 0.04712206514660844 0
0.1197079992280859 0.042418526172953 0
0.1253642284355805 0.05503593715007325 0
0.118011252826696 0.05361172356285219 0
0.1177578226994644 0.06606089503507219 0
0.1280776674452196 0.06220896082783641 0
0.1072656617643278 0.05059839130486617 0
0.1233458543406926 0.07612675398261169 0
0.1319863489271056 0.07163527126124603 0
0.1282637883548405 0.0819441558006451 0
0.135984174567193 0.08236344211816124 0
0.1452144035429492 0.07690031805814627 0
0.1497482014288446 0.08520463642155195 0
0.1434170178920696 0.09022443277305547 0
0.1528775526974836 0.09102395624016213 0
0.1197669981833614 0.08390819729248369 0
0.1122952153133108 0.0311218245316882 0
0.1494805900671305 0.09614643794118001 0
0.1562523991803838 0.1009219991297944 0
0.1610248397997023 0.09142416848271746 0
0.1686810361329403 0.0986917593272405 0
0.09766699194880786 0.06972874955235933 0
0.104575397267318 0.0745384727142353 0
0.1260893607726881 0.08712526414487162 0
0.1386714687001641 0.09591711534753213 0
0.1732566552016472 0.0933131607490239 0
0.1776628595925195 0.1051016864031486 0
0.1693718789550183 0.1120584206285288 0
0.1822611825468243 0.1159789438984967 0
0.1868722242981781 0.1045587371465573 0
4.019523121142962 0.2736820011062756 0
3.997994699769511 0.179479552067814 0
2.08773477418195 0.1246602031377804 0
0.3098870427703555 0.1511079982703694 0
0.2921850222415942 0.1516657707058275 0
0.2772127733231459 0.164375836381342 0
0.1995987708972176 0.1333075883386954 0
0.1165621056675966 0.0903957774721154 0
0.114084509954123 0.080951205997912 0
0.275409264853966 0.03353551348484696 0
0.2887334033084049 0.05311999643868472 0
1.713324569911128 0.9424840588809889 0
4.101163624530148 0.1774068076123704 0
0.4719703996978788 0.2045036569910415 0
0.7993772713089022 0.06221133026841857 0
0.1325557545633619 0.09088930156912603 0
0.1601177863222996 0.06133278775140605 0
0.1461803023264721 0.05392058208688751 0
0.1126348184268312 0.07343266282536146 0
3.062096457177926 0.2894225314008126 0
0.2505713238246838 0.1626827329526174 0
1.340480998515785 0.08650859369104309 0
0.1538044665113355 0.07252949673748225 0
1.586000103137895 0.2571159784380223 0
0.8328857192031218 0.06153294015247579 0
0.1742879456238458 0.1200796092493344 0
0.1870302140019474 0.1251765927020929 0
1.223103551211733 0.6938946300496431 0
4.649276579912859 0.2945678526640801 0
1.978632609510925 1.109761750230218 0
0.1965149063444387 0.01672263332995668 0
2.862756410031098 1.130556998829352 0
2.835281503421188 1.010680493481383 0
0.2175644402547374 0.01654037596596071 0
1.931646230227904 0.7427537884997084 0
1.910664135627222 0.6908219806893778 0
4.773747239372972 0.1974369393338209 0
2.723213538761769 0.1143565026415273 0
0.7141615275844078 0.2679126832981308 0
3.138081920293263 0.2197639167437089 0
4.29826888681844 0.8026199729705059 0
2.067664945252179 0.6486914616641344 0
0.1907990495702158 0.1319218895952577 0
3.823611585634078 2.340886411080294 0
5.62741617129665 0.2170052687656582 0
2.884115513207189 1.757993378275564 0
5.639560361548045 1.399275857713541 0
5.636929088954268 1.559087575366028 0
5.612223685443531 1.23340082769839 0
5.580637285313276 1.699965007440546 0
0.7665942643873948 0.06130177454447558 0
0.571703434606434 0.2871221262657227 0
0.5998293148938842 0.2588775256579735 0
1.248454908558893 0.7620150825475638 0
3.985185741630003 1.491353880917127 0
2.47930114320799 1.530644106533475 0
0.231939788270849 0.1443051092158452 0
3.326739954875055 1.266902791172343 0
3.416900264547121 1.13050096382477 0
3.567619687660287 1.189507418543614 0
2.169781628419582 0.7478192185853998 0
4.903928757965828 0.6090792206085712 0
2.018820860959221 0.1077744012339443 0
5.251857580977385 0.4163997062597054 0
5.201262133009244 0.3193680201944472 0
5.096979493521729 0.2646242915065931 0
5.111237919999536 0.1931283224224079 0
2.378068017429323 0.4173717499409175 0
2.302091807823985 0.3960357018997203 0
0.2297702278460782 0.1090690271157793 0
1.958696566556727 0.8313859997565575 0
2.748490090385964 0.4616501249117176 0
0.2164916736263648 0.1417635912220989 0
4.921571011634083 0.4431810035810593 0
0.5657789643650918 0.31142296740318 0
2.270086668804914 0.1665975080258131 0
2.186621367520722 0.1276748393137681 0
0.2064899922777962 0.1411795284448393 0
4.977101837216796 3.065741272846342 0
4.519064875311551 0.3900960455351736 0
2.386382117544064 0.1615819456175562 0
4.276800051927631 1.696480254733518 0
3.364031495200398 2.046938799867946 0
3.534300773484832 1.98186242037641 0
3.635740300313612 2.040107069015939 0
3.405535521318732 1.844370456529278 0
3.16285009989973 1.930719888079668 0
3.657814329356963 2.241200193413779 0
3.052515472555757 0.4403764601908881 0
2.985791441474603 0.5286770326780421 0
2.938797466602568 0.4640196944250646 0
5.763319036529347 1.818503497388637 0
1.233994276063539 0.4442382882033481 0
1.482688083173829 0.08525119466015366 0
0.1634449828768088 0.1058526886914766 0
1.800970165265217 0.1459399043047687 0
1.843274682048087 0.09650039425954957 0
4.255705855588572 0.2447690922772142 0
4.317407703724491 0.149170383202967 0
1.588416010099794 0.1240364427865178 0
1.096255913612646 0.6825143373723338 0
1.16360530531348 0.6661043140252157 0
0.9512469359981873 0.5999098165650985 0
3.854119870867891 0.7473412318878669 0
0.2663396436260882 0.1620085031794502 0
0.2869119014074213 0.1830707021944853 0
0.2737884580117421 0.1760931192709257 0
3.572405805379192 0.7314534273146387 0
3.798076861714552 0.2712318759146795 0
3.788423185203486 0.1764650702373836 0
3.68315401667895 0.1725519934088293 0
3.56792737097405 0.2554195946849887 0
3.578817302242298 0.1676266513534971 0
3.475877166632906 0.1610997191087166 0
3.350372168890975 0.2329466819065504 0
0.8326541914657292 0.527332961524382 0
0.9936109937339284 0.4023729330927425 0
0.9689570131333324 0.3706234314283293 0
1.022944486024807 0.3695248493742039 0
1.072455757442804 0.370347948239596 0
1.463808517360951 0.04226297145447879 0
1.619144059476188 0.5269455661227089 0
2.008237468474747 1.245888403433848 0
5.475030043597493 3.367934906596782 0
5.506448624013054 3.112344230291888 0
5.735734228474508 3.527685519209578 0
0.6002800993202397 0.3904121751031628 0
1.83989925673025 1.125391867049236 0
0.391661642499245 0.2370907754378943 0
0.3737258894974895 0.2288084804676797 0
0.409914742355982 0.2469588637807817 0
0.2650697963910283 0.1209932420303671 0
2.798978648053853 1.360086542223335 0
1.552638031446154 0.5113101838232231 0
1.490542841057738 0.4861778576506565 0
1.455171273231241 0.5568818169498208 0
1.402478380237186 0.4970765092887459 0
1.437831547396452 0.4546629673229963 0
2.239165597577118 0.7949276186967685 0
0.350708179846786 0.02152001024843098 0
0.3725582102990258 0.04335863761190634 0
0.3978135427975105 0.04205548190230556 0
0.3428697592536261 0.04820346750158869 0
0.3756475357446262 0.06494983368381577 0
0.3991881815226194 0.06307546758747005 0
0.4227034297117147 0.04208409735160088 0
0.4231220512776351 0.06306619954913388 0
0.3817254965864141 0.08534680666813048 0
0.3265255291125509 0.02019300014401598 0
0.3171186507743875 0.04027434106011321 0
0.3236639639782476 0.06726387924301083 0
5.80489573061322 2.26294144036007 0
2.751948448442494 1.647895747619531 0
0.3540495396255419 0.07135578937107585 0
0.7507738121082825 0.2757817325620101 0
0.5455467431711896 0.05052054156881956 0
2.136333315481557 0.4171683490944287 0
2.177351811206754 0.3351104599703878 0
2.007617723673586 0.4295633747937398 0
3.632119292254752 1.307190658799154 0
3.740573792302185 1.218999053561805 0
3.127619957092065 0.2942882308383571 0
3.898892582809625 1.981303701737157 0
5.821769251811756 0.6575791908458271 0
1.046191202970897 0.6518947871691807 0
0.3034311438516092 0.1341864362560982 0
0.3279228255967669 0.1482627903753365 0
0.3286866202785573 0.2051512063403876 0
1.33514356415607 0.4723824902433487 0
4.285693238105854 0.5966374376551929 0
4.191555594072927 0.7086111771745057 0
1.433750174289548 0.8907008325295804 0
3.925034045331015 1.183697332808305 0
0.4769864685329542 0.2616849113021479 0
0.4970510226138383 0.2740413743303674 0
0.4875113116668104 0.2942768683277668 0
0.4477775585449681 0.04258420502922403 0
0.4474214103367875 0.06379367711301002 0
0.4265156828367682 0.08391434158781656 0
0.4501601177791721 0.08499392071071128 0
0.4719077458201381 0.06462224647873559 0
4.426398788963541 0.1740384104912941 0
5.785525132781724 2.728423845468434 0
5.570563528262606 2.63837766152264 0
0.907851539847787 0.5745721025593244 0
0.8979644109851315 0.5200461663880047 0
5.850453310148184 1.006206079920602 0
0.6808861405635422 0.2540025820080251 0
0.6543786520211887 0.2332300959160816 0
0.1529245683901853 0.1083974894420506 0
1.362075104801303 0.2846922412817894 0
3.30181129420984 1.141481054422242 0
5.875732722782797 0.3775213753009015 0
0.5360089071328911 0.06460085877376215 0
0.5195012139559783 0.06499844940082325 0
0.4988036112139497 0.08652419697353728 0
2.993180962696417 1.665231880630506 0
0.7799421712074307 0.4980439629029715 0
0.7891569401695685 0.4630773544916925 0
0.8284909798011776 0.4711175832283767 0
4.165343388703055 0.5995135670195609 0
0.5048929499025759 0.02214015338263491 0
0.4787603857151807 0.02166775843639609 0
0.6714142915037411 0.3627459853461504 0
0.6851963583399151 0.399384975197112 0
0.7222547614710241 0.465045472148818 0
2.844330826348829 0.1845409291183925 0
1.850976030421046 0.6857581102719608 0
1.874529999680395 0.6147612337659208 0
0.6692933107733507 0.427978840903732 0
0.7166987640847974 0.4210222450264988 0
0.5048756349403253 0.1803776353944651 0
0.5042893665358591 0.2059225793997314 0
1.208419675377991 0.09974492832607371 0
1.229824879516677 0.0587010809446232 0
0.5745172752030546 0.3752727599666732 0
0.7628942769372701 0.2428689608370691 0
0.7402235830194855 0.0301226719587192 0
0.7395406672799507 0.3894670728889995 0
1.036891566046422 0.08341764387249051 0
0.5094946273770381 0.3076669407150783 0
0.5251760444734782 0.344395234921439 0
1.197798572913457 0.6455648316111036 0
1.719774777571979 0.3059401869780813 0
1.083380053477478 0.222556581481115 0
0.7605390515491743 0.1486411086586333 0
5.364523352871029 0.2055934980487658 0
0.6361523464465363 0.3592244012205802 0
0.9654604444621376 0.08568481547245609 0
0.9522888386934215 0.2246474954739781 0
0.4385920782559251 0.2892833107774515 0
1.382217620501604 0.5902681205828071 0
0.6461070267344647 0.02484353963506326 0
0.8072960121967586 0.03076961836692107 0
0.8642417697977698 0.05759189200800013 0
1.387716847559735 0.08659895095539578 0
0.2753425005036447 0.1506731838298984 0
1.250005085672297 0.2748271866976478 0
1.268290686110096 0.2289271601737873 0
1.17970192513922 0.2203814537449072 0
0.4409451921469639 0.2033184005874569 0
0.4285607764138816 0.183462831343296 0
3.501592551786642 0.6543596199019021 0
3.353495850841579 0.6740211080211131 0
0.3353288391283042 0.2273394143515614 0
0.3145784622580393 0.07845513908249427 0
0.3074130234711801 0.05886476409875434 0
0.9524717332742205 0.02845351190592861 0
1.085455844681844 0.416977278182238 0
1.013565352124482 0.0277844070260391 0
1.833498576348122 0.3577402463481562 0
0.3067604784528682 0.2100913490774431 0
1.090029977981224 0.03601979462044727 0
0.8949010339841115 0.07419335203999324 0
1.167992600632149 0.03176197766446177 0
4.073082651361889 0.08998158432182132 0
1.049344661396972 0.5499313361373781 0
1.027265048616038 0.5870516354555865 0
2.608640640433159 0.5226543379058803 0
4.13655351672339 1.511336271275 0
0.8304965835356408 0.1004360339723702 0
1.417304273408715 0.0427986535393019 0
1.169048387771042 0.09622261137898247 0
1.558044285918412 0.04116441610725097 0
0.6936417413429012 0.1513983205098445 0
1.900738646533719 0.9214753484967846 0
1.656742557266537 0.04374332402224464 0
1.462170128656893 0.2834613438264107 0
1.76164629189222 0.047131008640427 0
0.8252586490212125 0.4293681222861471 0
1.868203428092901 0.0461657766256738 0
1.963485767272475 0.04786020767202742 0
1.905040056245277 0.09523340995990168 0
2.074973839248532 0.05616416478035891 0
2.188927552303499 0.05708592928156259 0
2.31282485619576 0.05346953984234748 0
2.442552223670644 0.05394384726301067 0
2.579864080059239 0.05718969240076949 0
3.132705423851553 0.1416257098910934 0
2.864367420407926 0.06401569606402911 0
0.2449581775856892 0.1727850614474515 0
4.762655912322099 1.285718279263999 0
2.060116610897875 1.16797148138607 0
3.023972006950763 0.06849949397987289 0
3.675919323603998 0.08525957867922207 0
3.7731071045639 0.08724146082044931 0
3.971211986989422 0.08903305617469613 0
0.6226292920271448 0.1464341056419307 0
4.548081959984784 0.09158399886089429 0
0.2234618623804187 0.159605885729025 0
0.3138747235128043 0.1975901059022785 0
0.129921666818922 0.09693310383030404 0
0.3761799116582998 0.1731060466169248 0
4.199248687224531 2.549513683982058 0
1.375153424510756 0.721480015265502 0
2.923124122223992 0.9095028928384291 0
2.81836765729861 0.9016953542340789 0
2.71461412531007 0.9980749937343701 0
2.728460494224622 1.120052987964984 0
1.690537839511152 0.4799614280020668 0
1.689694148718299 0.2286717595048806 0
1.784208721923707 0.09548314642143028 0
1.996138585114527 0.2778343167558748 0
1.104452492493119 0.3787222756673531 0
2.706497728707395 0.8882327799204204 0
2.572823454185794 0.9869809849892853 0
0.5812107099895908 0.3498096768521581 0
0.4782925280331554 0.1761232183062367 0
4.021790579491207 1.354546306370753 0
1.421181973864583 0.2265756587650709 0
0.3912221937600143 0.1588497100078672 0
0.4987385193417686 0.04382568822277162 0
0.1713440992268948 0.130426823880918 0
5.638929385199442 0.5525823517259073 0
2.594199685746318 0.8706625995889807 0
0.1577285576679561 0.1198355024619963 0
4.788943753743056 2.70024459331807 0
2.621758231026702 0.4502429688652326 0
3.639916127297484 1.679889596325278 0
2.182454212974603 1.005472092717322 0
4.862802705628009 0.5271883565249231 0
0.144473114049697 0.1122055814260856 0
2.337139206953853 0.332961729599317 0
0.5028675626018341 0.1088892743888689 0
3.484791091035164 0.07963544326886488 0
0.3623563680973902 0.09062895466381937 0
4.806760221143302 1.024227185254881 0
2.329983227178893 0.6434423596120472 0
0.4022101454532309 0.02112815788415354 0
1.59012705984364 0.7165553123920929 0
5.04540705252872 1.611497947319695 0
5.117928210805085 1.333215351018439 0
2.511508477813716 0.2947804359803463 0
5.442659811674082 1.99425292742483 0
5.622761437827745 2.026225493095329 0
0.1334822278536484 0.1060891034604049 0
4.542966206331697 0.7344244191011954 0
4.539527390536035 0.1858914004009332 0
3.272513134799535 1.679172517166921 0
0.8508860215523824 0.1763638003345368 0
0.5622752932843851 0.1357032741603243 0
3.191786704631614 0.6664770222707599 0
0.8464648587092483 0.3249826628399238 0
0.9760170123883746 0.3130974627078769 0
0.5780200599771181 0.2135691805187701 0
4.780700243232245 1.15417086761277 0
3.892741665585634 0.1792614499397147 0
0.1228495031492012 0.09921389445136096 0
2.737181776017395 1.424306967125829 0
4.363055737830577 2.202300960897436 0
2.429653043717043 1.275556932053653 0
1.759364081710093 0.8797643702985727 0
0.1139966904848501 0.09588198071280458 0
0.9267249637226715 0.3091914548251518 0
2.675638589021984 0.3075701168219221 0
1.787471607586052 0.5855797992698196 0
2.896667677602037 1.257132160652313 0
3.040400356293461 1.264302357985249 0
0.5614274054931263 0.234978792846419 0
4.472757478420244 1.719875978027436 0
1.728330464018432 0.0924186260702531 0
0.8554596647206361 0.2971098578157703 0
0.1074864940883678 0.08963887614113536 0
0.106020511861838 0.08234603159458455 0
0.1015456913608772 0.07912434299040159 0
1.059380009029178 0.3290137071514602 0
4.335754044946394 1.291147271838972 0
0.3375277523200593 0.1244561896132902 0
1.551070607935165 0.9713328353888732 0
3.37111824801059 0.1507281071787674 0
0.8829335889747251 0.1922614273464616 0
0.2216808537969006 0.06398516624156886 0
5.248830838794321 0.8427908712924759 0
1.521304248832509 0.7010747750374111 0
1.256839333284294 0.3892392785864671 0
1.166591306491802 0.3487933811676415 0
3.390448420449708 0.07331000064952142 0
1.931841673451064 0.2680144491172876 0
0.1217090237058975 0.01949712514917564 0
2.601692177367326 0.7748572473650391 0
3.244118725810887 0.9044843630302466 0
1.217107956219191 0.2127033210181905 0
3.960369606400358 1.065863058839047 0
3.380432880103534 0.4991516162038198 0
0.1937022007244153 0.03308207866944014 0
0.2143521967490191 0.03317280176937794 0
2.41730958122278 1.009515572396486 0
4.795051684665181 2.098258445216881 0
3.149944538398522 1.113653262741056 0
3.935359932596495 0.5385672472599148 0
4.939278447725143 1.054333353031037 0
2.816657433172864 0.798836380044187 0
0.299026890468378 0.07797196984382956 0
5.710000359765578 0.9627816365935794 0
5.57249235817139 0.9468254048453862 0
3.758344098447789 1.032913212144851 0
3.763026932538127 0.5911046640789412 0
3.461693560218762 0.9925458340589287 0
5.731007061945304 0.5503157556707127 0
2.992282588718296 0.8311971321781857 0
5.8773334718461 0.2482636466226091 0
0.2668426567248866 0.07748599056407246 0
0.7275832033988963 0.2369837527823723 0
0.4277130208876194 0.02110709318635776 0
5.329447404433036 0.9457020093196911 0
0.5978230539219429 0.114947006358501 0
2.350154081335153 1.234570950189329 0
3.247158271271701 0.0430396447830013 0
0.2704886849772392 0.1358061775659376 0
0.8721421160262273 0.02896581222027018 0
0.1368927454825434 0.05815775992442571 0
1.90245495561686 1.049158768950556 0
1.32477582076479 0.04245103821222286 0
5.75290034990009 3.249988280452055 0
0.1907766138962438 0.111578650655681 0
0.4036567027322457 0.08381133257334934 0
0.3875720358947729 0.1045371718071917 0
1.126703587499346 0.4360496646456515 0
1.634480008612508 1.013903067164723 0
0.09918438632413365 0.08364573685176956 0
0.09808222388867195 0.07675063881021257 0
0.2016104473720143 0.06798426579359303 0
5.592987977177935 2.421611752209884 0
4.408798390708501 0.8314832384715324 0
0.9044917081102347 0.1624778209957159 0
5.820618746931203 1.170469574246044 0
3.19826197521718 0.06533800500642334 0
0.4536398836391655 0.1061820754557248 0
0.1579790599764228 0.08090753922780235 0
2.591112034152354 0.3001657462462284 0
3.024358760935545 0.33880224755407 0
0.26789181022574 0.1868138867301321 0
1.854804598316624 0.5177775673402871 0
2.19515493236142 1.337079041045715 0
0.4302630008067345 0.1046273777713797 0
5.266920545654596 2.986138562398533 0
5.540480505906118 2.872798337525036 0
4.295567583713416 2.371274870844427 0
1.541426846256307 0.8641759636333912 0
1.568220709950775 0.7828676958045891 0
0.5871473926410833 0.2316359987227983 0
0.2388751052264931 0.1565198199979435 0
0.08549991407236325 0.07550327868042213 0
0.08889274019165166 0.07159338658330344 0
0.1998043115232979 0.1061912820729053 0
0.427923308512234 0.2577411286915044 0
1.349087328403703 0.7590010179803143 0
1.138628450730589 0.5019089253927858 0
1.674954117169332 0.08857143294270507 0
1.52634836190613 0.2449789019089884 0
0.09105335278920175 0.08065731189338844 0
3.033877283936871 0.1419864899623209 0
4.656171340060891 0.1932083902595517 0
1.403102676074195 0.7921641434551938 0
5.000307081266017 0.09706736463964359 0
0.3665662899203772 0.2455700416526569 0
0.9813885482864988 0.5656774618418753 0
0.6194549533166859 0.1219912400089661 0
0.8689790946380755 0.5046383162008248 0
4.447179920936487 1.358933435313217 0
2.272987968521298 0.6239531591823644 0
5.440113712434776 1.619015934937968 0
1.632631329827609 0.4691470922558921 0
0.4738806480153505 0.04317479887532016 0
0.9193340949570935 0.3629647193203948 0
0.4800215152967066 0.3157674007273298 0
0.8682776868916791 0.3281346304703558 0
0.6949020280320299 0.05544187771450112 0
0.2803091936312038 0.1943027831112037 0
0.171477242625983 0.08644376893288515 0
4.970878083768403 2.299960621393364 0
2.746429351352108 1.544804407233058 0
0.6574365783356207 0.3794790321607776 0
0.7478239661470598 0.451278050806275 0
0.5567265038060805 0.3353540301159706 0
0.2674123816707651 0.06414971109294453 0
1.29423274413567 0.09006100822476637 0
3.241794885893985 1.805853167576735 0
2.37066726852915 1.467877727146922 0
4.772300465976224 0.09746528700598121 0
0.8886861232903808 0.3805919952925384 0
0.8639278655113507 0.428949786537653 0
4.885820420803144 1.153743959908439 0
4.378584982005397 0.08264211589970637 0
0.6766008522824322 0.02585983998047808 0
1.220343419983788 0.4925279205614699 0
4.885814853475122 0.1990155685220936 0
2.944183117337303 0.1348728894188628 0
1.915891206598569 0.3229378098818403 0
0.751756211663032 0.1221866396913117 0
0.3898286954089524 0.1761599784286052 0
1.160553831173284 0.1443823759496572 0
3.368064665245553 0.5635044106944157 0
3.737433402899893 1.912052790919181 0
0.1447959065632154 0.1034644695757032 0
1.978112831933752 0.3371968553366052 0
1.795053951707317 0.3041608901643083 0
2.48980494493789 1.037276906027172 0
0.6367215784134793 0.0474069503295089 0
1.834730099451594 0.9843033144529053 0
4.021229278291623 0.5996972128620003 0
0.9397789786906663 0.1750714286909779 0
5.699319141758374 1.067701532966592 0
2.057673889675389 0.3486890047101909 0
4.26808358056719 0.05687026037658473 0
0.6541039010453845 0.1352974562891805 0
2.450104524350853 0.1090555202862504 0
0.1648622058582995 0.1158714004247797 0
0.1409539247957416 0.06765980913795698 0
1.273985036862554 0.1831261633376105 0
1.583292662725562 0.3228111814106587 0
2.865415147294151 0.1247294086104561 0
0.7394057740681852 0.0871956743368268 0
0.1812714814845842 0.08546356170860467 0
0.2042287737318887 0.1482263739141484 0
2.128923701725402 0.6096344308679914 0
0.9015269177097985 0.3327922177486197 0
4.950521456358539 2.477108016997191 0
0.6166544920622876 0.0451819844146978 0
2.810530576779002 0.1178748753698233 0
1.623908273463855 0.08504433214868776 0
0.3574073174269945 0.2214061578805138 0
2.587674028756798 0.111327534653019 0
5.497352265568726 1.838990209832648 0
2.519226311474214 0.1111430540994663 0
2.638651659424796 0.110565274113238 0
0.2867548409230254 0.1355716504058377 0
0.2618899688984003 0.1695849775654811 0
5.116404146023624 0.09706943443111572 0
2.716709887372679 0.04225782412523969 0
4.180925230236827 0.1723179518698944 0
5.232207478512529 0.1999300930893994 0
0.1240113303500864 0.09337894826596296 0
0.110868485668396 0.08566952615060849 0
0.1092290247440201 0.07795265760720474 0
1.233872817810825 0.02247499333406489 0
1.18737388616784 0.7580162516443381 0
4.032992801336698 0.3730180549004993 0
0.5914872546256772 0.01648930590034484 0
1.168452390479493 0.6062867148334478 0
2.766530716372098 0.509460377633817 0
5.363022657922291 0.101312290612113 0
2.126414064659693 0.2890577488377232 0
0.6816953168636724 0.1269210553277645 0
0.1802736572599127 0.09452938093412039 0
5.806437437348904 1.603613033864398 0
4.109253747932992 2.289870715425264 0
5.496282599961622 0.2104165531979321 0
0.9754470570020956 0.1924273477755591 0
2.383158001553973 0.1071319375803506 0
3.813636247081552 0.6834145350915544 0
4.069775129865872 0.7505717354503231 0
1.911149940061206 0.5490500932654847 0
5.618822206787295 0.1080186715017831 0
5.204589593017697 1.585705154491985 0
2.977066061655504 0.4081486796792111 0
2.857465952268084 0.4655475801294469 0
0.7294299810780769 0.06495734147868369 0
5.036120850460327 2.860425128611709 0
5.743561029934195 0.4654399799731016 0
0.2351093277793656 0.03268203667029276 0
1.888064281925032 0.3771057687839407 0
0.2827101828713639 0.068188525774825 0
5.584380411760853 1.082828246035352 0
0.6345799572864445 0.209015018545439 0
2.645543483182702 0.3802880104959195 0
1.024170385503863 0.05031980949827642 0
0.281754720131855 0.01696028801053487 0
1.790605440189696 0.3423935554183973 0
0.1914997588416818 0.09592080323469543 0
3.667357463989729 1.112409203662341 0
0.9380873247282844 0.5415152082635231 0
0.1426348712160639 0.04596506478249716 0
0.5649889047601897 0.0265410419202899 0
0.3428889840898987 0.2136697371384732 0
0.2960640148083888 0.03619966324561339 0
0.3621251078301515 0.2055347360124941 0
0.5239818985625526 0.0452239581048979 0
0.2603305817651058 0.0164240281891757 0
3.475181474063419 0.5145006822610565 0
0.29999436108289 0.1906449826426633 0
1.575355593241965 0.08312205968633174 0
1.64229389313738 0.2640192532996535 0
0.623292937246285 0.373559714564371 0
1.324198225758389 0.2434498320534978 0
1.022859157117653 0.1862814703942923 0
4.56553139200834 2.870191037743165 0
0.1879167367385098 0.1378808868790239 0
0.4087310414521185 0.179670833283117 0
1.189236540600337 0.06399126772106865 0
1.149658614043449 0.06686255517733708 0
0.4318164532928226 0.1647983921626532 0
1.374784380921088 0.464184555728286 0
1.954469038053495 0.6319319754204814 0
3.664509940949669 0.6521377554302602 0
2.219036010785383 0.2783004168726999 0
0.1354349570180671 0.101065518913857 0
4.12703940796596 0.269246452891882 0
1.111894473862618 0.0729551004617711 0
0.7062530228098189 0.11751013032494 0
0.4744796986817206 0.0860423103168737 0
0.2968023212152695 0.1176870955041569 0
3.514745193330141 1.081477597299083 0
5.75219320700911 0.2307375425833326 0
3.306408711515293 1.010060445178777 0
0.4671315206203642 0.2811685552488146 0
0.3855041482580497 0.1931038234495533 0
1.33182380756116 0.4090374403572553 0
5.872988730260277 0.1230989288864375 0
0.9476823074542223 0.3387916210867163 0
4.33021706950415 1.497608003485879 0
0.5328717151671276 0.3215104309742888 0
2.358810383653013 1.347588270291715 0
1.517996994285661 0.4300543468646529 0
0.9923986806540493 0.05507399886645763 0
0.2125795414566511 0.05268938044160975 0
2.695826892535522 0.4572533338339472 0
1.312999882554158 0.8117461960688019 0
2.319692496783281 0.1077866195455954 0
0.09205841138515579 0.0744030861566703 0
0.0904978377701153 0.0600066398904924 0
1.049232306225049 0.2283425293366295 0
4.153563238147205 0.4834357219113896 0
5.00787576751448 0.2924416015866154 0
4.99971614102069 0.1942249507590241 0
1.682401808013346 0.2634518012557103 0
2.599451325572995 1.110341488102827 0
1.390799519441595 0.4282735469752395 0
5.623286847673363 1.897881833321507 0
3.783188530132695 2.117060708821219 0
0.1956745849027821 0.1213914508897156 0
1.786088337652623 0.9216187650461131 0
0.4013272954590665 0.2660159504695445 0
0.673808615891858 0.2145718446321279 0
2.150618305094219 1.238329204193776 0
0.957599525691412 0.05761076923406845 0
5.609539444086263 2.217636282702028 0
0.1501291736732408 0.06375152158460853 0
3.575033515819949 1.86645346802075 0
5.432824350159482 0.9447733352361699 0
2.665370295470868 1.506013993240889 0
1.528688048772447 0.08357095395097869 0
4.218637027220558 0.7824096116924283 0
3.398384245788118 1.046672627463534 0
3.906951747371677 0.6482889907528164 0
0.4972393698762899 0.06501836697985196 0
1.384722599803659 0.2600459772290802 0
4.945320662815725 1.265226817026981 0
3.10632970343852 1.74329610953376 0
5.696922868929402 0.8216571128629457 0
0.4479627967944323 0.1900832169216387 0
2.258145947509199 0.1141355094217308 0
0.9238246068542469 0.06376573297019864 0
0.8868021225939009 0.05524944257018125 0
1.094024893044766 0.1906551895639172 0
1.158573472406494 0.1973066523541395 0
1.575864400263655 0.9267630259399496 0
5.355652126660683 2.567188214779558 0
0.2280403134190675 0.1505227825638539 0
0.1072234447698022 0.06487926421480776 0
2.216294145490399 0.6648744482359819 0
2.237278499176964 0.3681569127257093 0
4.952900303097101 2.614144025638051 0
3.42506518347365 0.5987089959715656 0
0.2169567476694483 0.1126740372380152 0
1.131141344276904 0.6419250352987544 0
2.493022188377552 0.8497611788978462 0
2.149874092808359 0.6588154205712703 0
0.9977594206247905 0.3426001748328406 0
2.135417415978154 0.100926241958147 0
1.928008893841755 0.07859004644772023 0
1.271958618764463 0.4324030093040944 0
0.1606076230574834 0.0691254261207522 0
2.120901413297346 1.087751262555421 0
1.797286327919959 0.4042134913715479 0
5.05927594484949 1.469947518313336 0
0.1392828317654795 0.1046236185285408 0
2.275502363125233 1.300843438948936 0
4.259531601455997 0.893363467624783 0
0.159887368204865 0.1127230656544416 0
0.1162558810311642 0.0766878059162471 0
0.1491908972502083 0.03566575502485177 0
0.6055711007429563 0.3642084174231704 0
0.9661665081170711 0.5042940043698972 0
3.826681466926861 1.123189646627066 0
0.8674905337077157 0.08616640307102467 0
2.032154759368797 0.5881247441156489 0
0.1081384988659599 0.07107667104414722 0
2 6 0 1452
2005
2006
2007
2008
2009
2010
2011
2012
2013
2014
2015
2016
2017
2018
2019
2020
2021
2022
2023
2024
2025
2026
2027
2028
2029
2030
2031
2032
2033
2034
2035
2036
2037
2038
2039
2040
2041
2042
2043
2044
2045
2046
2047
2048
2049
2050
2051
2052
2053
2054
2055
2056
2057
2058
2059
2060
2061
2062
2063
2064
2065
2066
2067
2068
2069
2070
2071
2072
2073
2074
2075
2076
2077
2078
2079
2080
2081
2082
2083
2084
2085
2086
2087
2088
2089
2090
2091
2092
2093
2094
2095
2096
2097
2098
2099
2100
2101
2102
2103
2104
2105
2106
2107
2108
2109
2110
2111
2112
2113
2114
2115
2116
2117
2118
2119
2120
2121
2122
2123
2124
2125
2126
2127
2128
2129
2130
2131
2132
2133
2134
2135
2136
2137
2138
2139
2140
2141
2142
2143
2144
2145
2146
2147
2148
2149
2150
2151
2152
2153
2154
2155
2156
2157
2158
2159
2160
2161
2162
2163
2164
2165
2166
2167
2168
2169
2170
2171
2172
2173
2174
2175
2176
2177
2178
2179
2180
2181
2182
2183
2184
2185
2186
2187
2188
2189
2190
2191
2192
2193
2194
2195
2196
2197
2198
2199
2200
2201
2202
2203
2204
2205
2206
2207
2208
2209
2210
2211
2212
2213
2214
2215
2216
2217
2218
2219
2220
2221
2222
2223
2224
2225
2226
2227
2228
2229
2230
2231
2232
2233
2234
2235
2236
2237
2238
2239
2240
2241
2242
2243
2244
2245
2246
2247
2248
2249
2250
2251
2252
2253
2254
2255
2256
2257
2258
2259
2260
2261
2262
2263
2264
2265
2266
2267
2268
2269
2270
2271
2272
2273
2274
2275
2276
2277
2278
2279
2280
2281
2282
2283
2284
2285
2286
2287
2288
2289
2290
2291
2292
2293
2294
2295
2296
2297
2298
2299
2300
2301
2302
2303
2304
2305
2306
2307
2308
2309
2310
2311
2312
2313
2314
2315
2316
2317
2318
2319
2320
2321
2322
2323
2324
2325
2326
2327
2328
2329
2330
2331
2332
2333
2334
2335
2336
2337
2338
2339
2340
2341
2342
2343
2344
2345
2346
2347
2348
2349
2350
2351
2352
2353
2354
2355
2356
2357
2358
2359
2360
2361
2362
2363
2364
2365
2366
2367
2368
2369
2370
2371
2372
2373
2374
2375
2376
2377
2378
2379
2380
2381
2382
2383
2384
2385
2386
2387
2388
2389
2390
2391
2392
2393
2394
2395
2396
2397
2398
2399
2400
2401
2402
2403
2404
2405
2406
2407
2408
2409
2410
2411
2412
2413
2414
2415
2416
2417
2418
2419
2420
2421
2422
2423
2424
2425
2426
2427
2428
2429
2430
2431
2432
2433
2434
2435
2436
2437
2438
2439
2440
2441
2442
2443
2444
2445
2446
2447
2448
2449
2450
2451
2452
2453
2454
2455
2456
2457
2458
2459
2460
2461
2462
2463
2464
2465
2466
2467
2468
2469
2470
2471
2472
2473
2474
2475
2476
2477
2478
2479
2480
2481
2482
2483
2484
2485
2486
2487
2488
2489
2490
2491
2492
2493
2494
2495
2496
2497
2498
2499
2500
2501
2502
2503
2504
2505
2506
2507
2508
2509
2510
2511
2512
2513
2514
2515
2516
2517
2518
2519
2520
2521
2522
2523
2524
2525
2526
2527
2528
2529
2530
2531
2532
2533
2534
2535
2536
2537
2538
2539
2540
2541
2542
2543
2544
2545
2546
2547
2548
2549
2550
2551
2552
2553
2554
2555
2556
2557
2558
2559
2560
2561
2562
2563
2564
2565
2566
2567
2568
2569
2570
2571
2572
2573
2574
2575
2576
2577
2578
2579
2580
2581
2582
2583
2584
2585
2586
2587
2588
2589
2590
2591
2592
2593
2594
2595
2596
2597
2598
2599
2600
2601
2602
2603
2604
2605
2606
2607
2608
2609
2610
2611
2612
2613
2614
2615
2616
2617
2618
2619
2620
2621
2622
2623
2624
2625
2626
2627
2628
2629
2630
2631
2632
2633
2634
2635
2636
2637
2638
2639
2640
2641
2642
2643
2644
2645
2646
2647
2648
2649
2650
2651
2652
2653
2654
2655
2656
2657
2658
2659
2660
2661
2662
2663
2664
2665
2666
2667
2668
2669
2670
2671
2672
2673
2674
2675
2676
2677
2678
2679
2680
2681
2682
2683
2684
2685
2686
2687
2688
2689
2690
2691
2692
2693
2694
2695
2696
2697
2698
2699
2700
2701
2702
2703
2704
2705
2706
2707
2708
2709
2710
2711
2712
2713
2714
2715
2716
2717
2718
2719
2720
2721
2722
2723
2724
2725
2726
2727
2728
2729
2730
2731
2732
2733
2734
2735
2736
2737
2738
2739
2740
2741
2742
2743
2744
2745
2746
2747
2748
2749
2750
2751
2752
2753
2754
2755
2756
2757
2758
2759
2760
2761
2762
2763
2764
2765
2766
2767
2768
2769
2770
2771
2772
2773
2774
2775
2776
2777
2778
2779
2780
2781
2782
2783
2784
2785
2786
2787
2788
2789
2790
2791
2792
2793
2794
2795
2796
2797
2798
2799
2800
2801
2802
2803
2804
2805
2806
2807
2808
2809
2810
2811
2812
2813
2814
2815
2816
2817
2818
2819
2820
2821
2822
2823
2824
2825
2826
2827
2828
2829
2830
2831
2832
2833
2834
2835
2836
2837
2838
2839
2840
2841
2842
2843
2844
2845
2846
2847
2848
2849
2850
2851
2852
2853
2854
2855
2856
2857
2858
2859
2860
2861
2862
2863
2864
2865
2866
2867
2868
2869
2870
2871
2872
2873
2874
2875
2876
2877
2878
2879
2880
2881
2882
2883
2884
2885
2886
2887
2888
2889
2890
2891
2892
2893
2894
2895
2896
2897
2898
2899
2900
2901
2902
2903
2904
2905
2906
2907
2908
2909
2910
2911
2912
2913
2914
2915
2916
2917
2918
2919
2920
2921
2922
2923
2924
2925
2926
2927
2928
2929
2930
2931
2932
2933
2934
2935
2936
2937
2938
2939
2940
2941
2942
2943
2944
2945
2946
2947
2948
2949
2950
2951
2952
2953
2954
2955
2956
2957
2958
2959
2960
2961
2962
2963
2964
2965
2966
2967
2968
2969
2970
2971
2972
2973
2974
2975
2976
2977
2978
2979
2980
2981
2982
2983
2984
2985
2986
2987
2988
2989
2990
2991
2992
2993
2994
2995
2996
2997
2998
2999
3000
3001
3002
3003
3004
3005
3006
3007
3008
3009
3010
3011
3012
3013
3014
3015
3016
3017
3018
3019
3020
3021
3022
3023
3024
3025
3026
3027
3028
3029
3030
3031
3032
3033
3034
3035
3036
3037
3038
3039
3040
3041
3042
3043
3044
3045
3046
3047
3048
3049
3050
3051
3052
3053
3054
3055
3056
3057
3058
3059
3060
3061
3062
3063
3064
3065
3066
3067
3068
3069
3070
3071
3072
3073
3074
3075
3076
3077
3078
3079
3080
3081
3082
3083
3084
3085
3086
3087
3088
3089
3090
3091
3092
3093
3094
3095
3096
3097
3098
3099
3100
3101
3102
3103
3104
3105
3106
3107
3108
3109
3110
3111
3112
3113
3114
3115
3116
3117
3118
3119
3120
3121
3122
3123
3124
3125
3126
3127
3128
3129
3130
3131
3132
3133
3134
3135
3136
3137
3138
3139
3140
3141
3142
3143
3144
3145
3146
3147
3148
3149
3150
3151
3152
3153
3154
3155
3156
3157
3158
3159
3160
3161
3162
3163
3164
3165
3166
3167
3168
3169
3170
3171
3172
3173
3174
3175
3176
3177
3178
3179
3180
3181
3182
3183
3184
3185
3186
3187
3188
3189
3190
3191
3192
3193
3194
3195
3196
3197
3198
3199
3200
3201
3202
3203
3204
3205
3206
3207
3208
3209
3210
3211
3212
3213
3214
3215
3216
3217
3218
3219
3220
3221
3222
3223
3224
3225
3226
3227
3228
3229
3230
3231
3232
3233
3234
3235
3236
3237
3238
3239
3240
3241
3242
3243
3244
3245
3246
3247
3248
3249
3250
3251
3252
3253
3254
3255
3256
3257
3258
3259
3260
3261
3262
3263
3264
3265
3266
3267
3268
3269
3270
3271
3272
3273
3274
3275
3276
3277
3278
3279
3280
3281
3282
3283
3284
3285
3286
3287
3288
3289
3290
3291
3292
3293
3294
3295
3296
3297
3298
3299
3300
3301
3302
3303
3304
3305
3306
3307
3308
3309
3310
3311
3312
3313
3314
3315
3316
3317
3318
3319
3320
3321
3322
3323
3324
3325
3326
3327
3328
3329
3330
3331
3332
3333
3334
3335
3336
3337
3338
3339
3340
3341
3342
3343
3344
3345
3346
3347
3348
3349
3350
3351
3352
3353
3354
3355
3356
3357
3358
3359
3360
3361
3362
3363
3364
3365
3366
3367
3368
3369
3370
3371
3372
3373
3374
3375
3376
3377
3378
3379
3380
3381
3382
3383
3384
3385
3386
3387
3388
3389
3390
3391
3392
3393
3394
3395
3396
3397
3398
3399
3400
3401
3402
3403
3404
3405
3406
3407
3408
3409
3410
3411
3412
3413
3414
3415
3416
3417
3418
3419
3420
3421
3422
3423
3424
3425
3426
3427
3428
3429
3430
3431
3432
3433
3434
3435
3436
3437
3438
3439
3440
3441
3442
3443
3444
3445
3446
3447
3448
3449
3450
3451
3452
3453
3454
3455
3456
4.445115623467832 -0.08606334767243747 0
3.872475404077714 -0.08803293047560549 0
3.312711050639292 -0.06349293535820744 0
2.666106233028862 -0.06521814108950733 0
2.943227893796923 -0.06610663456641286 0
2.376739810078622 -0.05280934878385125 0
2.132316058266117 -0.05564889112233117 0
1.917070697504023 -0.04539226495904376 0
1.70858317649296 -0.04556179325165832 0
1.510825133027115 -0.04131879047065411 0
1.273738736755843 -0.03960038366264797 0
1.128010234516484 -0.03297030683735819 0
4.887203129439269 -0.09760920903911798 0
0.9884130918094001 -0.02725830656873442 0
5.819567028769448 -1.404942904357847 0
3.505378792654568 -2.147308434815433 0
0.8397130171931376 -0.03010095248117841 0
2.596415849406831 -1.59475287495032 0
1.741570926775463 -1.044584628045539 0
2.07210361669376 -1.287517363362832 0
0.707458299199755 -0.02794077162526046 0
1.370910032829818 -0.8522904650606905 0
0.9981372945503618 -0.6253993664149102 0
0.7526158066137343 -0.4839370777794531 0
0.5015405251757556 -0.3295680656172062 0
0.4190636337145448 -0.2771322922680732 0
0.6295355922515361 -0.4021397250573087 0
0.3503017722546939 -0.2363206032075419 0
0.2931036570665405 -0.2020449052706358 0
0.5320493400900291 -0.02312072425051439 0
0.2339399494925264 -0.1661305164279125 0
0.1956658175652017 -0.1430398066208353 0
3.015682027236625 -1.846628154971859 0
0.4521979947477678 -0.02130241669055612 0
1.158179966539776 -0.713538578777913 0
0.8686322661067011 -0.5510362071935616 0
0.1659911313171384 -0.1236214792866665 0
4.000365411387668 -2.443675528006973 0
0.6094187515501073 -0.02694631083254239 0
5.239463224227715 -0.09798921000063812 0
3.581258171077963 -0.08248512372852555 0
4.19727385149809 -0.09839158628245012 0
0.1386299087522897 -0.1092362943141563 0
0.1175951074804356 -0.09608919475058968 0
0.1031514385670278 -0.08658341156110159 0
0.08893805657181723 -0.0782970016030541 0
0.3759655611700051 -0.021396044361094 0
0.3034414782697544 -0.01815198841617928 0
5.80497099108613 -2.046435838294627 0
5.846810367342063 -0.8441837099981337 0
0.238579906090517 -0.01634842016440899 0
0.1754287019943843 -0.01695558382518505 0
4.720790174376341 -2.897791362957487 0
0.1375816721545268 -0.01709385037904711 0
2.271313339579661 -1.407264395332089 0
1.923347550596763 -1.187621711530208 0
1.495249096341625 -0.9321299366146072 0
5.79765216170235 -2.486457756464541 0
0.7004724634291415 -0.4492283888705586 0
0.5490026777921402 -0.3594232483421591 0
0.4583582172620664 -0.3020113761449374 0
0.3833661494984129 -0.2553512231847822 0
0.3207295830739986 -0.2184607059544483 0
0.2560777641905251 -0.1796291798178337 0
5.865827003460057 -0.509110121378301 0
0.2132193369650092 -0.1534260052066618 0
0.1788947768294496 -0.1307822439843465 0
0.773406186962021 -0.03081164197800367 0
0.1508347664030118 -0.1158357594521281 0
0.9018989139967075 -0.02854225924021572 0
1.055534808057217 -0.0417865090034629 0
1.210600194866622 -0.03231608431790187 0
1.371213091685547 -0.04245268546962266 0
1.606836259995693 -0.04187069776617671 0
5.493015705315748 -0.1032230668367668 0
1.816345441858879 -0.04767826456931087 0
2.018923767368079 -0.05374523263230101 0
0.1281914501495068 -0.1025408183898415 0
2.250174430637388 -0.05561219944250508 0
2.510218091836783 -0.05516554869819874 0
2.781455299500133 -0.06800226652830206 0
3.111672913428181 -0.06810024529892567 0
4.660481304070484 -0.09512754455913867 0
0.1113118157020635 -0.09290518472092395 0
0.09467995039829186 -0.08013883346347851 0
5.221543041787403 -3.215116604141319 0
5.769685997458189 -2.979898813340418 0
5.748174447078511 -0.1131057316681864 0
0.1555651233834036 -0.0170749750666732 0
0.1731511333299573 -0.03319666636779945 0
0.1729502226387092 -0.04786284940489945 0
0.1576881597781854 -0.05001068936870647 0
0.1909327557817052 -0.0485971147641932 0
0.1724239504954046 -0.06096636570283561 0
0.1870604880630813 -0.06275190850261994 0
0.1830910109377842 -0.07501649270018138 0
0.1941970386913403 -0.07911646545280088 0
0.1687864686592177 -0.07448672857888204 0
0.1889593121733461 -0.08620035407538651 0
0.2030876690199589 -0.08787367473557597 0
0.216842700780663 -0.07743541813554779 0
0.2235921117116703 -0.09476651980675799 0
0.2353941557914431 -0.07738339841059438 0
0.2388723005799373 -0.09250912960297894 0
0.2515655956591296 -0.07731357561674899 0
0.2547064522739391 -0.09197988707060831 0
0.2440612804287363 -0.1070723125562886 0
0.2595294438065812 -0.1065507692185313 0
0.2697161828288845 -0.0910523926802172 0
0.2749636460280083 -0.1053689111179033 0
0.283411825159921 -0.08741843420471623 0
0.2902086662846036 -0.1020654826762693 0
0.3054413030102086 -0.09692189927910252 0
0.312678779123676 -0.1136749783201984 0
0.3201787825868915 -0.09003378063384215 0
0.3284020099010559 -0.1065759420677223 0
0.3443862773152468 -0.09793464987316519 0
0.3538177368916423 -0.1162642544954823 0
0.3696887047013444 -0.1082184821266203 0
0.3761113590219536 -0.1213260111664183 0
0.3680014690176198 -0.1362619528175877 0
0.3910844835601356 -0.1402440786884805 0
0.3906176286190128 -0.1220676251213401 0
0.4119111631000677 -0.1422533929217164 0
0.4109027160632797 -0.123056529865715 0
0.4336775020257515 -0.1449388620166783 0
0.4330089804323975 -0.1248931963927196 0
0.4565906386489766 -0.1485339998126241 0
0.4562782325615249 -0.1273710110477757 0
0.4808360560106926 -0.1524713862665597 0
0.4805621969470904 -0.1300110897925969 0
0.5064471454188741 -0.1559446367661493 0
0.5059829689923966 -0.1323233477423 0
0.5333135323677451 -0.1589272383828753 0
0.5331447497099056 -0.1338686261158029 0
0.5613772024673048 -0.1622763162370208 0
0.5319907856634568 -0.1834350475767588 0
0.5594768753928219 -0.1873757408158455 0
0.5892922741604532 -0.1652067507319305 0
0.5907800330818501 -0.1953797599622066 0
0.6095669881762031 -0.1664530170518964 0
0.6191468340125355 -0.1846796023575939 0
0.6416863602814152 -0.1719781455021897 0
0.6564742936822932 -0.1954596756051888 0
0.6784632090457732 -0.1845456180170637 0
0.6861481590840008 -0.2018893061450509 0
0.7045059402249269 -0.1780622073105889 0
0.7061177689090706 -0.204320778770907 0
0.7415627551184075 -0.1709689328790822 0
0.7370261992722555 -0.207531637523757 0
0.7793973338713751 -0.1806268738163862 0
0.7726248595627351 -0.2108527579128257 0
0.8051777267424987 -0.181941753648581 0
0.8174670835069142 -0.2079343510059179 0
0.8000541947961124 -0.248095674660402 0
0.8380623457897672 -0.2556098859596612 0
0.8596206049818153 -0.2230929085402684 0
0.8731042995718999 -0.2669412144991948 0
0.8951380666583781 -0.2366204801350366 0
0.9026805156397653 -0.2841601065621723 0
0.9270797526944553 -0.2551539945225033 0
0.9542870943388875 -0.2813057314836869 0
0.9910984710851847 -0.2507275820083267 0
1.006335340913497 -0.2936104268458745 0
1.027279246425207 -0.2528347774510639 0
1.039055954833333 -0.2806695605718654 0
1.071434931536508 -0.2662121955469836 0
1.086749491451947 -0.294450899321172 0
1.102867268627942 -0.2479892688382118 0
1.130978495827033 -0.2977022978762262 0
1.164073500742341 -0.248542478735323 0
1.18427260007416 -0.3051585260009159 0
1.204828128418174 -0.2622809396132455 0
1.228972660915266 -0.3162480702483472 0
1.213073810659943 -0.3566070643887622 0
1.245381925046144 -0.3602323135671419 0
1.265572611198466 -0.3338491283632642 0
1.295637903593875 -0.3625738464364372 0
1.330376659017335 -0.3238711231094201 0
1.369650288601074 -0.3543552851199314 0
1.398842938368669 -0.3105299495444683 0
1.416081181196008 -0.379782461094573 0
1.443345060128103 -0.3314053400537421 0
1.465716639572363 -0.4043404579567261 0
1.493701448177205 -0.3527013253852688 0
1.544617911718765 -0.376896245861997 0
1.59436824404776 -0.3998632794343712 0
1.614027665163509 -0.3634380455350555 0
1.648967558732677 -0.4158847153334544 0
1.660043612704248 -0.3645826601882285 0
1.70775608755764 -0.4301022155355131 0
1.737621153798243 -0.3690006600693547 0
1.760416964743967 -0.4519409129090159 0
1.733007585372343 -0.4859326208663385 0
1.806021186257416 -0.4830977732200253 0
1.852205953742739 -0.4303083240136872 0
1.906086490635709 -0.4578453382136999 0
1.958057908160684 -0.4891900501900427 0
1.999771561724997 -0.5309126046281744 0
2.058370024384892 -0.4779905347890426 0
2.096568577270744 -0.5427674206046363 0
2.165239444325374 -0.5061146882792078 0
2.192958315071492 -0.5814836739643778 0
2.253253326719265 -0.4726423245164517 0
2.264566703481203 -0.566046144466524 0
2.352220806374542 -0.4911500413817854 0
2.343289569106552 -0.5684719900043715 0
2.43817497284596 -0.5040949677439811 0
2.427938546348915 -0.5810795232044957 0
2.523507563986525 -0.5149168762908417 0
2.515916876391191 -0.5927948824977326 0
2.415535124356045 -0.6628912301960492 0
2.508574654272993 -0.6758512274762229 0
2.604761053942092 -0.6012111360877068 0
2.604027036773075 -0.6849196690346938 0
2.696202303375528 -0.601633760062582 0
2.704652801428266 -0.6895363790274578 0
2.787827560409812 -0.5854540138519675 0
2.828287362236875 -0.683072882419879 0
2.894520382104425 -0.6220773205369352 0
2.940762155416536 -0.7257956167861519 0
2.969061654681832 -0.635468042493013 0
3.051717319740705 -0.7685035693396616 0
3.071864020861921 -0.6528486725523648 0
3.14549115582496 -0.7556309697542442 0
3.103035887802805 -0.8706972475571541 0
3.187809516335089 -0.8199492742241797 0
3.270645565458199 -0.7507579374482501 0
3.334190259695521 -0.8325486879944959 0
3.420210003449194 -0.7440009239701754 0
3.485859432647423 -0.8218278508979318 0
3.5475300947633 -0.9095124456334981 0
3.636535392538827 -0.8207396174524545 0
3.698760151596742 -0.9248098097214311 0
3.813503918619164 -0.8404449145113794 0
3.851151692438425 -0.9754950281977328 0
3.945346616969372 -0.8445667108727263 0
3.959756604019474 -0.9543685350511564 0
4.033271353216054 -0.8425365272876655 0
4.097222157162203 -0.9324278910873859 0
4.172019642636545 -0.8361772976070643 0
4.211491881243171 -0.9630462319497868 0
4.08794971514421 -1.077037876797341 0
4.263805548052832 -1.073116933841884 0
4.372439876687062 -0.9473381607839875 0
4.456203807020571 -1.158915548441059 0
4.511410313273814 -0.9911487971755731 0
4.637634827234479 -1.149015747399403 0
4.663551486767062 -1.012710823605019 0
3.606359374404048 -1.008984622408182 0
4.508881779811924 -1.271327182203022 0
4.614964316798009 -1.278250169519352 0
2.705588236834671 -0.7855458468653242 0
3.153266064107199 -0.9614687513614882 0
1.955285426334137 -0.568614001189522 0
1.571944923015044 -0.4531317283962065 0
4.576071857641647 -1.406975519363345 0
4.733145341818459 -1.429823987912042 0
1.751128284059078 -0.5212083586537388 0
1.01731595096474 -0.3210539114017459 0
0.8816704217815164 -0.3105598896121916 0
4.696533468526043 -1.582220003168474 0
4.522619263691086 -1.552745425430394 0
1.20589377216751 -0.4094437055700412 0
4.54221212234371 -0.8588016625617372 0
4.682093575096659 -0.8771706830782734 0
4.871526046355378 -1.602914787407867 0
4.663683211003868 -1.740969854868442 0
0.6967071390095434 -0.228841884597387 0
3.935142958331795 -0.7422744106290681 0
4.900949079319455 -1.447680988443 0
2.876976564261672 -0.5585413041404271 0
1.94931996098036 -0.3979421382001473 0
0.6107590041580063 -0.2227410602019252 0
4.851503630087572 -1.761157279816653 0
2.20731643068406 -0.4163762260937874 0
1.417357575590077 -0.2693720782953197 0
4.677997885171233 -0.7475397505629303 0
4.817330988428222 -0.7489650385201111 0
0.4539963758119979 -0.1699570207300226 0
2.459285545604866 -0.4311227294061559 0
4.828254296333589 -0.8852029149674657 0
4.953222023491606 -0.7291690934391615 0
5.00729131430333 -0.886070262161052 0
5.118002674508551 -0.8001903772101362 0
1.516299010332344 -0.2998904581998209 0
3.726694676064253 -0.7410858479707317 0
1.65316233256943 -0.3135451777244971 0
3.09940793872327 -0.5577982972175702 0
5.155500129154391 -0.9770254710229109 0
0.9179572364056096 -0.2061852036240359 0
4.827837124612473 -1.926735442451253 0
5.032033922501137 -1.94398408112439 0
0.4111207822012915 -0.1611799829406305 0
1.292916087603239 -0.2948553954572012 0
2.68838486088879 -0.523928380043051 0
0.3203471890631696 -0.130826637386443 0
1.009865774717226 -0.2093828187276777 0
5.08443540322863 -0.6981654599681312 0
5.228171286750945 -0.6787693834086298 0
5.046849724611457 -1.770675742600804 0
1.131255589998563 -0.2228843422071933 0
4.631370064680093 -1.905009072889654 0
4.785844501442942 -0.6261192297924413 0
4.65898557708468 -0.624018023642405 0
1.117671696016779 -0.3388829757367239 0
3.399152211812395 -0.9136029431441108 0
2.502262965184388 -0.7624386695554352 0
0.5582386108006647 -0.2108833888921647 0
3.877099642019068 -1.055730279899738 0
2.917791353246241 -0.8162712983526474 0
0.8215753458998465 -0.2881080031601904 0
0.6662736887792314 -0.1605324148950476 0
0.372658457670678 -0.1595005524178835 0
0.2808505445411952 -0.1203043122573623 0
0.721350471709492 -0.1401253164840737 0
0.5911726248220965 -0.1399282631753823 0
0.4077531210691324 -0.1035311624293119 0
0.784227735458247 -0.1520949942001698 0
0.477745506010216 -0.1078766130074078 0
4.593406913918731 -2.071525868546984 0
0.2105368013110503 -0.09995332056474306 0
0.3353153458769559 -0.08067994823798647 0
5.242899005183877 -1.962116483672233 0
5.001942946173297 -2.12083622891495 0
0.24956629907038 -0.1211015272735934 0
3.177023048787858 -0.5748988108452112 0
3.14365433715223 -0.4707712825635117 0
3.255932588994199 -0.5097008755110053 0
3.190174551637502 -0.386692553496039 0
3.295843545680944 -0.4030949663204066 0
3.098603192748395 -0.3648751628685843 0
5.184957428960139 -0.5144015582117621 0
5.362347080965644 -0.5414522687873637 0
5.383177841868656 -0.6751203181074991 0
4.768743933012833 -0.5173883422575285 0
4.645332184702585 -0.5088443628037377 0
0.531838407093294 -0.2080512959909383 0
0.5333914210271464 -0.2335032608239481 0
0.5056607857831997 -0.2308104074893858 0
0.8198634267689944 -0.1540658570462483 0
0.2777318972269815 -0.07765462703895037 0
0.5293623777085886 -0.1085348128089642 0
5.287115005034534 -1.75478323630047 0
0.7859095219128124 -0.2817047526692868 0
0.8133679639764242 -0.3202624508548899 0
0.7778060691107715 -0.3149517718183433 0
0.7769386593516299 -0.3501867897283403 0
0.8141151735930902 -0.3543698968067746 0
0.7384807908203828 -0.3445726822244973 0
4.530704924344738 -0.6140893979822805 0
4.518826388147303 -0.4989868519813646 0
4.205870457246776 -1.240073150030838 0
1.686836425495062 -0.5337763538074584 0
1.689370801051231 -0.5954476753903886 0
1.683574025029757 -0.6630814210818474 0
1.768289317179119 -0.6745124133035922 0
1.60388552426344 -0.6524829978049358 0
1.667070160343196 -0.730762710837028 0
1.747895876309084 -0.7471107243015389 0
5.507063968294633 -0.5484343628763549 0
2.390793510583735 -0.7648884824071426 0
2.423312412919163 -0.8355910741170991 0
2.310722406027267 -0.8446301679081232 0
2.381567542763565 -0.8903587810577303 0
2.46399271265328 -0.9285121451578585 0
2.325131385321702 -0.9703143925358488 0
2.24601760863708 -0.924014878824401 0
2.175276016032651 -0.8735992672971148 0
2.10710040401643 -0.9534695642968687 0
2.038282145785231 -0.8974389629988997 0
4.407327668928043 -2.045997882206716 0
4.549465216152185 -2.243179455851071 0
1.722027764209454 -0.81388862400323 0
3.223074900647208 -0.3048319787032673 0
3.327586093615436 -0.3164319203718872 0
3.406146280973766 -0.4123789756899133 0
3.435989446421717 -0.3268680286950436 0
3.51165255864839 -0.4243536251854373 0
3.544099791139568 -0.3413189588613719 0
0.8115987801875045 -0.1263194895482292 0
0.8516628084582109 -0.1302725097592361 0
5.067000356123165 -1.115336045652308 0
5.28517491304377 -1.04227108638556 0
0.5044690953119129 -0.2535559953215751 0
0.5348548209499236 -0.2639514185095993 0
3.588369633469315 -0.4419940993265565 0
3.667337354436312 -0.3798938819573008 0
1.788458749988692 -0.8397174807818387 0
1.841829203553771 -0.7729713838852659 0
3.718713965980423 -0.490426943128011 0
3.810231869680929 -0.3694337525105994 0
3.828971121244619 -0.4671685226656488 0
2.263768267586238 -1.055540334720174 0
2.369232254037258 -1.109741757066915 0
5.211004725956475 -2.142594078000976 0
5.18136545947528 -2.324968062969461 0
0.7825744426079453 -0.3876948116783277 0
0.8195648076460703 -0.3908898127023727 0
1.644376091208806 -0.7979929584246022 0
4.405546723433344 -0.6022903906534174 0
4.393326203637948 -0.4892011607575358 0
4.389712771139683 -0.3782557951100714 0
4.264090354068792 -0.3711634811902998 0
4.272358340645536 -0.4838829888078242 0
4.145762831592372 -0.3721321999648408 0
0.4865144274376874 -0.2489266829784833 0
5.206663745818107 -1.186474528383119 0
5.393770219281503 -1.268325601763344 0
5.430468476526826 -1.080218222136892 0
5.358863821342006 -0.4229329243952125 0
5.496787619580308 -0.429874741580281 0
4.642872662061095 -0.3995005523497622 0
4.7693457514445 -0.4118377926355821 0
3.93429861954586 -0.4669359596713387 0
0.2351592569839214 -0.1220752710676177 0
0.2399909980627825 -0.1347876265138988 0
0.4808692496225044 -0.2325111487415406 0
5.531568809037902 -0.6761956940506882 0
2.040163562814389 -1.032614446248976 0
0.456095414102102 -0.243707625328493 0
0.4478808563937453 -0.2178286325489753 0
0.2339604029136234 -0.06278679325033062 0
5.24500280795758 -1.409284496561355 0
5.477906558660909 -1.435485138833531 0
0.7413758851567772 -0.309275460534681 0
0.6995068582784206 -0.3373107283006029 0
0.7029804070944921 -0.3015876786508597 0
0.6575166501583274 -0.3350235528746724 0
0.6569187833741614 -0.2867473101805492 0
0.6271953424310475 -0.3232535274444855 0
0.6143335369782529 -0.2926239805548453 0
1.705150794421863 -0.8751529170798276 0
0.3465195770629346 -0.1438234638825842 0
0.3544200655239104 -0.1634788792807786 0
0.3350976498389715 -0.1670828362988429 0
0.3404491094331367 -0.1890838179161065 0
0.3644518708273558 -0.1846531160641099 0
3.459981689029343 -0.2436957664922998 0
0.7876922335677727 -0.1238330079290535 0
0.7926705912905972 -0.0938379885755993 0
0.7612718837651191 -0.0900994243960624 0
0.2546844085731937 -0.1352913396710907 0
1.610933756330374 -0.588709402550906 0
1.531538013287926 -0.6412759967823723 0
1.537702502910173 -0.5757623600999173 0
1.466458637591486 -0.6394202084021874 0
1.474722380287611 -0.6881399000503315 0
1.407239756074311 -0.6539517461420534 0
1.35499915279475 -0.6797307787132482 0
1.325400204262068 -0.6216716862729547 0
1.274820090432651 -0.660785308645421 0
1.241328788430015 -0.6103987766411969 0
1.285740366196394 -0.5554230624353995 0
1.236232738246315 -0.5398996556000305 0
1.207747705372517 -0.5702823098588705 0
1.175287816943442 -0.5336026081204694 0
1.137603058330725 -0.5701780343975831 0
1.106835199341351 -0.5381106243141357 0
1.281078649795717 -0.4842940366600454 0
3.682387022247146 -0.2654037159508384 0
4.437560002726131 -1.888266366700277 0
4.274110762194974 -2.034538045116411 0
4.211181375995896 -1.903862727993641 0
4.055546593486605 -2.061539596794377 0
4.005579542383392 -1.831083116525311 0
4.089003957435693 -1.66915493673004 0
3.92259778329906 -1.628588417735625 0
3.831190119902559 -1.769066059378939 0
3.794706241612387 -1.554596634880333 0
3.878351377416463 -1.471498589073797 0
3.7060749124857 -1.439359380997097 0
3.568464923728103 -1.511495992101 0
3.508852135397024 -1.37284839881036 0
3.415041785666148 -1.543538280773108 0
3.370963502468018 -1.402141305980456 0
3.261865259121316 -1.549449652961782 0
3.224353364251311 -1.409954587674024 0
3.098494131401494 -1.562129564843785 0
3.078216893569456 -1.40244906500147 0
2.976833000415136 -1.513031799049191 0
2.941160239240058 -1.376357525995407 0
3.430352432342724 -1.690596036795 0
3.184557169704098 -1.27064532785138 0
3.455769799110632 -1.245185959658311 0
2.54143888032702 -0.4415046712639029 0
2.487528917669042 -0.3617594935762861 0
2.566819329083933 -0.37087544344323 0
2.409851532827328 -0.3499015954117585 0
2.438238586384999 -0.2863368490608414 0
2.365981793078145 -0.274483941464116 0
2.383142333009385 -0.2170708902463116 0
2.452963536748245 -0.2248745961459785 0
2.320699623518978 -0.2089298460736378 0
2.302187156154407 -0.2582815900456265 0
2.280219421018662 -0.2025174643998089 0
2.254689926942919 -0.2326612504943635 0
2.220736030800256 -0.1914563192100345 0
2.174345676402747 -0.2349044061497473 0
2.13516734352219 -0.18257420379252 0
2.08337053354358 -0.2328527113526535 0
2.061286308703798 -0.173141888195816 0
2.006188601889974 -0.2207779549844738 0
2.013112216935333 -0.1634976538457817 0
1.939882038113174 -0.211053886199833 0
2.045274858576997 -0.2845917121295762 0
0.2276896588086608 -0.1363021994931487 0
4.400774298826242 -0.2714644938020833 0
0.6970119984366031 -0.370553456214603 0
1.938599010101177 -0.1429445293403223 0
1.872997231990019 -0.2043413188203553 0
1.864308682450552 -0.1486734596138882 0
1.808969555996524 -0.1984654889503121 0
1.869016188406829 -0.2593977025059184 0
1.804447610003438 -0.2520170247825684 0
1.749266784053629 -0.190637006511031 0
2.280397480640139 -1.187734485044575 0
2.400628623930908 -1.18272476966101 0
0.5188711071599522 -0.2863363073690992 0
0.5494490467421217 -0.2842347379591218 0
0.5916389028860907 -0.3246151251448721 0
1.0815085364174 -0.5624851853235172 0
1.071511054349988 -0.5143827412198203 0
1.09883237040378 -0.4766775217394193 0
1.058670752158561 -0.4557459094141064 0
1.03229991532643 -0.4934932975265497 0
1.022997115765989 -0.4318312345982665 0
0.9945443381691256 -0.4682709867000153 0
0.9622509000878837 -0.4364099275651603 0
1.085968566680946 -0.6032489842608461 0
1.050987575405579 -0.3958794269481951 0
0.5632851378177551 -0.1036014349349522 0
0.5450411434801519 -0.07829192481514771 0
0.5848296090183864 -0.07885517764717179 0
0.5645862154671027 -0.06317545256592604 0
0.5228600150468852 -0.08513361464575697 0
2.108703101866017 -0.8204509731459018 0
2.049731808014176 -0.7625317372845667 0
1.149791042489103 -0.3925051978605956 0
4.417701869133479 -0.7173590712751391 0
0.9206757244790706 -0.4727386610299857 0
0.9031074608138525 -0.4205065210953679 0
0.9380151157215713 -0.3988111162036557 0
0.8695505533014012 -0.4729876170445532 0
1.007906353445046 -0.5302259040844973 0
3.853455852119203 -1.338750681468771 0
5.389201180362252 -2.362394441073586 0
5.148072888646805 -2.506077308908714 0
0.61550159998874 -0.3410684505657529 0
0.6294572371557549 -0.2502225370469314 0
1.430395934100409 -0.7234300401778552 0
3.016022879632649 -0.9010913020960669 0
3.060204029899243 -0.9982764827561975 0
2.952253897210799 -1.014714047762956 0
1.496337303903978 -0.7600239173093754 0
0.5683000503523664 -0.2611953599252222 0
1.307650194448903 -0.7154507013211943 0
0.3180901065223686 -0.1839069672525558 0
0.3156812171452886 -0.1681268289925192 0
2.476507130624828 -1.191898341799318 0
2.49078208685301 -1.104351814932685 0
2.586409673977826 -1.215029059473468 0
2.533077169609147 -1.313311013986559 0
2.639835847317606 -1.364318740589235 0
2.73397857467502 -1.263588492786924 0
3.299912325056125 -0.6012452854073448 0
0.2416377162502813 -0.146362020803862 0
0.2594521321080586 -0.1503140944934915 0
3.200222626104448 -1.030955792904058 0
4.526093923883031 -0.2847652662016634 0
0.2507329400154352 -0.06269348222810643 0
5.024585790617217 -0.5700092166483529 0
5.066487869798576 -0.3908782677627154 0
0.8477496049427067 -0.355280944323868 0
0.7891981311256101 -0.4248609227443464 0
0.4348222080042675 -0.2424960867990524 0
0.4235875155916693 -0.2258123215790977 0
0.7608881771158816 -0.4213291035223401 0
3.242821890789571 -0.2231473349488548 0
5.09910129000772 -2.677852722372848 0
5.313555111999933 -2.766265299929739 0
2.821755392896901 -1.49239160480334 0
2.898927395725918 -1.576883104451378 0
0.3995443271438826 -0.2177923514211275 0
4.05843501005824 -1.214819966050749 0
4.165158735205374 -1.373799036437234 0
1.968612648966041 -0.9753704589005097 0
1.880774394961936 -0.8315525864742739 0
1.842656379879707 -0.877055359165212 0
0.6024164168602052 -0.05905166585737707 0
0.6101202042706826 -0.09130110392321518 0
0.6249799674476961 -0.06895490392085371 0
0.6411730405507319 -0.1055411380730228 0
0.6528358299231686 -0.07546869105926853 0
1.743224533770652 -0.2420608288941516 0
1.693632349166679 -0.1815386294046294 0
1.743514762588193 -0.140661107777151 0
1.688398167318139 -0.1343365868401799 0
1.641200308076612 -0.1726316376394698 0
3.862323051011057 -0.5572128040913082 0
0.8735026886272196 -0.1528772284941948 0
0.8896594408434867 -0.1309971289145261 0
0.8786101102812657 -0.1122530892390154 0
0.9063927253078818 -0.09927540000917529 0
0.9204641053676736 -0.1282465439156999 0
0.9425326768691856 -0.109071747393234 0
0.9587856159732605 -0.1427920407776684 0
0.9679422830121146 -0.1131508939079145 0
2.996861556388002 -1.133830741376139 0
2.455383003126617 -0.1657103339527097 0
2.527392022595864 -0.1693807110387306 0
2.526372574317359 -0.2307136656515527 0
2.599595008240012 -0.1676429992591315 0
2.605237924970154 -0.2309228527244662 0
2.666829300841373 -0.1502039737043003 0
2.707695820434509 -0.2191944695696212 0
2.777912943180288 -0.1558398071086683 0
2.803402459682191 -0.2500502667554276 0
2.757847153784418 -0.3227615893810798 0
2.83343218819578 -0.3474167132663259 0
2.883967431912984 -0.2748268854484318 0
2.904942258850245 -0.3768286242307655 0
2.957679975672407 -0.3051187635533855 0
1.636376501085889 -0.1282808034620496 0
1.592706812344926 -0.1639477606103298 0
0.5411844109496403 -0.2995984495708259 0
5.414746974757676 -0.8126319547971498 0
5.557201823887723 -0.811313858206244 0
5.413869808380197 -2.172916611670001 0
2.784622279670708 -0.4168171090519145 0
2.719167683682118 -0.3931362441246122 0
5.670239575752866 -0.677222226392367 0
1.640368402149082 -0.2175322859198733 0
1.589368602523952 -0.2066410938574419 0
1.557927649323158 -0.1557652306993947 0
1.529944653023625 -0.183353397389881 0
1.501747871882344 -0.1298416151757852 0
1.46734019875897 -0.1821440986143135 0
1.453065667355831 -0.1324804536959449 0
1.415917411758091 -0.1788323182892072 0
1.403258836105936 -0.1315367121803667 0
1.368135560357209 -0.1792851733125297 0
1.355836433291719 -0.131847277896715 0
1.32098831009525 -0.1826191634252365 0
1.435490264700632 -0.08647854707734662 0
1.310398956717372 -0.1347876803418747 0
1.267196348746692 -0.1389884364844023 0
1.25058343667521 -0.09611049951478969 0
1.224387426629777 -0.1463076804787491 0
1.242315761281808 -0.1811647673420316 0
4.772029545292433 -0.3028438018866029 0
4.892489455112393 -0.3063480454762161 0
3.590860953719346 -0.5423466468263739 0
0.2517997228661862 -0.04775062996032244 0
0.2703375589262432 -0.04934403526076032 0
0.2334264426933159 -0.04827692760378619 0
3.925346925687772 -0.3703793796927177 0
3.911900725952959 -0.2728572971513809 0
4.039049586013324 -0.4777538616995184 0
2.112359260978791 -0.7020200410776655 0
1.170720102784184 -0.4595401137986857 0
0.6759078217123599 -0.1035192583904521 0
0.6819916747851509 -0.08040625893255331 0
0.6957240912835512 -0.1029515707096535 0
0.7063570633882754 -0.08844104552123241 0
1.189810571423104 -0.1758660264035911 0
1.183328867960847 -0.1297928279979001 0
5.496960272512761 -0.3173957567504341 0
5.6277512675205 -0.3270154167289437 0
5.360649730104157 -0.31342473454724 0
3.16750987318472 -1.669290588798827 0
1.628526418021965 -0.8645945578172414 0
1.62898902271702 -0.9342767111449368 0
1.003763607077258 -0.1576312069269691 0
1.005341970250535 -0.1169613204109503 0
1.049481563735256 -0.1538423223684839 0
1.045616300772745 -0.1189971872481532 0
1.079244679320551 -0.156284482291888 0
1.093225038697997 -0.1263767499102107 0
1.000364859116603 -0.08441880028355903 0
1.07463324547233 -0.07927171782156793 0
0.4253242607872155 -0.2018203553706116 0
4.272647029186787 -1.381773216310071 0
0.4051856247705233 -0.1983679486172104 0
0.380046433017603 -0.2111060704327524 0
2.324290932064967 -0.1592471863240889 0
4.757484282853032 -2.274513002122716 0
4.736822299567192 -2.463040515227254 0
4.201690941680806 -2.141611722826737 0
3.942495793298413 -2.204044032245338 0
4.510176919551271 -2.433215934178763 0
1.13439158068975 -0.1098614764333014 0
1.37760676736181 -0.2268852012165298 0
0.3052020201792518 -0.1820005383815916 0
0.2968627531067612 -0.1700408856715872 0
2.202428391956944 -1.139675654478093 0
2.295000193583789 -0.7176075509832823 0
1.352870418518213 -0.527551899928253 0
5.625923751296661 -0.4391281898686155 0
5.752755382981418 -0.3466306842151613 0
2.926488700573462 -0.2045126111379965 0
3.026423293673323 -0.2318008524439258 0
0.4463932900197172 -0.2685111445460672 0
0.9346042928257023 -0.08994140110768341 0
0.6646446218642599 -0.05082551568543244 0
2.27152009140384 -0.310536752590895 0
2.237021590652711 -1.242731081881694 0
4.300505983558107 -0.7039401553689347 0
0.3491502520941826 -0.2032136976297279 0
1.470998021661611 -0.2335878139964892 0
2.562294949850367 -1.450628075116406 0
2.457004504394849 -1.397187013732594 0
4.461338454600197 -2.680125298412129 0
0.8554078678864764 -0.3898215450990594 0
0.8765702948570778 -0.3489053980068718 0
0.2551660864179957 -0.0323910008556428 0
3.252269924240137 -0.128794812628333 0
1.857079834333244 -0.3107600766825608 0
1.965080701116207 -0.09335584870196405 0
1.545338056023672 -0.1245189824336007 0
0.5843528998440637 -0.04494647894410922 0
1.130033332574252 -0.1654195672213952 0
5.340683473949118 -1.514173804376054 0
5.521580550278619 -1.535494013511912 0
5.165541108334225 -1.490736668942409 0
1.051209908335279 -0.1874307749542969 0
2.003090707675617 -0.6991792800203811 0
0.2223132126332852 -0.1248383561868201 0
0.2107503240092124 -0.1285386313313474 0
0.2054724998727104 -0.1171258977395119 0
1.463680384926879 -0.8239856307620991 0
0.7258848676982744 -0.1023310542917376 0
0.1352246478098264 -0.0323650640753323 0
0.125525493401733 -0.03178861404056549 0
0.1320231143020896 -0.04712206514660844 0
0.1197079992280859 -0.04241852617295301 0
0.1253642284355805 -0.05503593715007326 0
0.1180112528266961 -0.05361172356285222 0
0.1177578226994645 -0.06606089503507219 0
0.1280776674452197 -0.06220896082783639 0
0.1072656617643278 -0.05059839130486619 0
0.1233458543406927 -0.07612675398261171 0
0.1319863489271058 -0.07163527126124596 0
0.1282637883548408 -0.08194415580064503 0
0.1359841745671933 -0.08236344211816109 0
0.1452144035429496 -0.07690031805814594 0
0.1497482014288452 -0.08520463642155142 0
0.1434170178920701 -0.09022443277305517 0
0.1528775526974843 -0.09102395624016141 0
0.1197669981833615 -0.08390819729248367 0
0.1122952153133108 -0.03112182453168821 0
0.1494805900671311 -0.09614643794117946 0
0.1562523991803847 -0.1009219991297936 0
0.1610248397997031 -0.09142416848271649 0
0.1686810361329414 -0.09869175932723923 0
0.09766699194880782 -0.06972874955235932 0
0.104575397267318 -0.07453847271423526 0
0.1260893607726883 -0.08712526414487157 0
0.1386714687001645 -0.09591711534753193 0
0.173256655201648 -0.09331316074902257 0
0.1776628595925207 -0.1051016864031472 0
0.1693718789550195 -0.1120584206285277 0
0.1822611825468256 -0.1159789438984955 0
0.1868722242981792 -0.1045587371465559 0
4.019523121142927 -0.273682001106218 0
3.997994699769485 -0.1794795520677746 0
2.087734774181954 -0.1246602031377581 0
0.3098870427703548 -0.1511079982703699 0
0.2921850222415934 -0.151665770705828 0
0.277212773323145 -0.1643758363813423 0
0.1995987708972179 -0.1333075883386948 0
0.1165621056675966 -0.09039577747211534 0
0.1140845099541231 -0.08095120599791197 0
0.2754092648539661 -0.03353551348484735 0
0.2887334033084049 -0.0531199964386853 0
1.713324569911154 -0.942484058880979 0
4.101163624530124 -0.1774068076123261 0
0.471970399697878 -0.2045036569910443 0
0.7993772713089028 -0.06221133026842132 0
0.1325557545633622 -0.09088930156912592 0
0.1601177863222999 -0.06133278775140576 0
0.1461803023264722 -0.0539205820868874 0
0.1126348184268313 -0.07343266282536146 0
3.062096457177915 -0.289422531400733 0
0.2505713238246831 -0.1626827329526177 0
1.34048099851579 -0.08650859369105454 0
0.1538044665113359 -0.07252949673748181 0
1.586000103137908 -0.2571159784380024 0
0.8328857192031223 -0.06153294015247791 0
0.1742879456238468 -0.1200796092493335 0
0.1870302140019483 -0.1251765927020919 0
1.223103551211743 -0.693894630049641 0
4.649276579912806 -0.2945678526640088 0
1.978632609510946 -1.109761750230203 0
0.1965149063444388 -0.0167226333299567 0
2.862756410031097 -1.130556998829277 0
2.835281503421185 -1.010680493481308 0
0.2175644402547375 -0.01654037596596078 0
1.931646230227927 -0.7427537884996779 0
1.910664135627242 -0.6908219806893472 0
4.773747239372923 -0.1974369393337667 0
2.723213538761764 -0.1143565026414881 0
0.7141615275844068 -0.2679126832981353 0
3.138081920293252 -0.2197639167436464 0
4.298268886818373 -0.8026199729703942 0
2.067664945252193 -0.648691461664097 0
0.1907990495702164 -0.131921889595257 0
3.823611585634073 -2.340886411080261 0
5.627416171296594 -0.2170052687656095 0
2.884115513207188 -1.757993378275549 0
5.639560361547982 -1.399275857713436 0
5.636929088954203 -1.559087575365921 0
5.612223685443461 -1.233400827698282 0
5.580637285313207 -1.699965007440425 0
0.7665942643873951 -0.06130177454447894 0
0.5717034346064331 -0.2871221262657265 0
0.5998293148938829 -0.2588775256579777 0
1.248454908558901 -0.7620150825475623 0
3.985185741629962 -1.491353880917016 0
2.479301143208002 -1.530644106533454 0
0.2319397882708484 -0.1443051092158452 0
3.326739954875026 -1.266902791172268 0
3.416900264547087 -1.130500963824691 0
3.567619687660251 -1.189507418543529 0
2.169781628419597 -0.7478192185853585 0
4.903928757965736 -0.6090792206084542 0
2.018820860959225 -0.1077744012339254 0
5.251857580977271 -0.4163997062595948 0
5.201262133009139 -0.3193680201943521 0
5.096979493521617 -0.2646242915064992 0
5.111237919999456 -0.1931283224223412 0
2.378068017429322 -0.4173717499408663 0
2.302091807823985 -0.3960357018996732 0
0.2297702278460781 -0.1090690271157793 0
1.958696566556753 -0.8313859997565287 0
2.74849009038596 -0.4616501249116403 0
0.2164916736263646 -0.1417635912220987 0
4.92157101163399 -0.4431810035809535 0
0.5657789643650911 -0.3114229674031831 0
2.270086668804915 -0.1665975080257818 0
2.186621367520724 -0.1276748393137449 0
0.2064899922777962 -0.1411795284448389 0
4.977101837216789 -3.065741272846312 0
4.519064875311495 -0.3900960455350859 0
2.386382117544064 -0.1615819456175236 0
4.276800051927589 -1.696480254733392 0
3.364031495200397 -2.046938799867941 0
3.534300773484825 -1.981862420376378 0
3.635740300313603 -2.040107069015899 0
3.405535521318721 -1.844370456529241 0
3.162850099899726 -1.930719888079655 0
3.657814329356958 -2.241200193413754 0
3.052515472555742 -0.4403764601908099 0
2.985791441474589 -0.5286770326779655 0
2.938797466602558 -0.4640196944249841 0
5.763319036529307 -1.818503497388565 0
1.233994276063546 -0.4442382882033486 0
1.482688083173835 -0.08525119466014787 0
0.1634449828768098 -0.1058526886914756 0
1.800970165265225 -0.1459399043047447 0
1.843274682048092 -0.09650039425953356 0
4.255705855588543 -0.2447690922771517 0
4.317407703724473 -0.1491703832029247 0
1.588416010099803 -0.1240364427864998 0
1.096255913612651 -0.6825143373723332 0
1.163605305313488 -0.6661043140252142 0
0.9512469359981908 -0.5999098165650995 0
3.854119870867848 -0.7473412318877871 0
0.2663396436260873 -0.1620085031794506 0
0.2869119014074207 -0.1830707021944853 0
0.2737884580117414 -0.1760931192709257 0
3.572405805379156 -0.7314534273145664 0
3.798076861714518 -0.2712318759146355 0
3.788423185203461 -0.1764650702373534 0
3.68315401667893 -0.172551993408801 0
3.567927370974027 -0.255419594684948 0
3.578817302242282 -0.167626651353469 0
3.475877166632892 -0.161099719108687 0
3.350372168890959 -0.2329466819065034 0
0.8326541914657285 -0.5273329615243832 0
0.9936109937339321 -0.4023729330927471 0
0.9689570131333343 -0.3706234314283345 0
1.02294448602481 -0.3695248493742079 0
1.072455757442806 -0.3703479482395993 0
1.463808517360954 -0.04226297145447612 0
1.619144059476199 -0.5269455661226962 0
2.00823746847476 -1.245888403433839 0
5.475030043597487 -3.367934906596767 0
5.506448624013041 -3.11234423029186 0
5.735734228474504 -3.527685519209571 0
0.6002800993202396 -0.3904121751031642 0
1.839899256730263 -1.125391867049229 0
0.3916616424992444 -0.2370907754378966 0
0.3737258894974889 -0.2288084804676813 0
0.4099147423559815 -0.2469588637807841 0
0.2650697963910277 -0.1209932420303678 0
2.798978648053861 -1.360086542223275 0
1.552638031446164 -0.5113101838232136 0
1.490542841057748 -0.4861778576506495 0
1.455171273231254 -0.5568818169498149 0
1.402478380237197 -0.4970765092887416 0
1.43783154739646 -0.4546629673229911 0
2.239165597577132 -0.7949276186967237 0
0.350708179846786 -0.02152001024843105 0
0.3725582102990259 -0.04335863761190636 0
0.3978135427975105 -0.04205548190230543 0
0.3428697592536261 -0.04820346750158895 0
0.3756475357446262 -0.06494983368381597 0
0.3991881815226195 -0.06307546758747011 0
0.4227034297117145 -0.0420840973516007 0
0.4231220512776351 -0.06306619954913391 0
0.3817254965864141 -0.08534680666813099 0
0.326525529112551 -0.02019300014401612 0
0.3171186507743875 -0.04027434106011356 0
0.3236639639782476 -0.06726387924301139 0
5.804895730613197 -2.262941440360025 0
2.751948448442498 -1.647895747619509 0
0.3540495396255419 -0.07135578937107628 0
0.750773812108282 -0.2757817325620144 0
0.5455467431711888 -0.05052054156882053 0
2.136333315481561 -0.4171683490943887 0
2.177351811206756 -0.3351104599703473 0
2.007617723673591 -0.4295633747937047 0
3.632119292254715 -1.307190658799066 0
3.740573792302142 -1.218999053561713 0
3.127619957092052 -0.2942882308382844 0
3.898892582809605 -1.981303701737079 0
5.821769251811704 -0.6575791908457769 0
1.046191202970902 -0.6518947871691807 0
0.3034311438516086 -0.1341864362560989 0
0.3279228255967663 -0.1482627903753372 0
0.3286866202785568 -0.205151206340388 0
1.33514356415608 -0.4723824902433466 0
4.285693238105796 -0.5966374376550881 0
4.191555594072867 -0.7086111771744026 0
1.433750174289556 -0.8907008325295801 0
3.925034045330968 -1.183697332808204 0
0.476986468532954 -0.2616849113021505 0
0.497051022613838 -0.2740413743303698 0
0.4875113116668101 -0.2942768683277685 0
0.447777558544968 -0.04258420502922392 0
0.4474214103367874 -0.06379367711301019 0
0.4265156828367681 -0.08391434158781703 0
0.4501601177791719 -0.08499392071071196 0
0.4719077458201379 -0.06462224647873602 0
4.426398788963517 -0.1740384104912481 0
5.785525132781709 -2.728423845468406 0
5.570563528262579 -2.638377661522583 0
0.9078515398477894 -0.5745721025593258 0
0.8979644109851344 -0.5200461663880077 0
5.850453310148145 -1.006206079920556 0
0.6808861405635409 -0.2540025820080295 0
0.6543786520211873 -0.2332300959160858 0
0.1529245683901859 -0.1083974894420501 0
1.362075104801308 -0.284692241281793 0
3.301811294209813 -1.141481054422165 0
5.875732722782768 -0.377521375300875 0
0.5360089071328903 -0.0646008587737633 0
0.5195012139559775 -0.06499844940082422 0
0.4988036112139489 -0.0865241969735385 0
2.993180962696411 -1.665231880630476 0
0.7799421712074306 -0.4980439629029725 0
0.7891569401695686 -0.4630773544916947 0
0.8284909798011781 -0.4711175832283799 0
4.165343388703001 -0.5995135670194648 0
0.5048929499025758 -0.022140153382635 0
0.4787603857151806 -0.02166775843639606 0
0.6714142915037408 -0.362745985346154 0
0.6851963583399148 -0.3993849751971144 0
0.722254761471024 -0.4650454721488187 0
2.844330826348821 -0.1845409291183297 0
1.850976030421066 -0.685758110271934 0
1.87452999968041 -0.614761233765892 0
0.6692933107733506 -0.4279788409037332 0
0.716698764084797 -0.4210222450265008 0
0.5048756349403243 -0.1803776353944674 0
0.5042893665358582 -0.205922579399734 0
1.208419675377993 -0.09974492832609964 0
1.229824879516677 -0.05870108094464187 0
0.5745172752030543 -0.3752727599666743 0
0.762894276937269 -0.2428689608370733 0
0.7402235830194857 -0.03012267195872116 0
0.7395406672799505 -0.3894670728890025 0
1.036891566046422 -0.08341764387249537 0
0.5094946273770377 -0.30766694071508 0
0.525176044473478 -0.3443952349214399 0
1.197798572913468 -0.6455648316111016 0
1.719774777571983 -0.3059401869780602 0
1.083380053477478 -0.2225565814811233 0
0.7605390515491737 -0.1486411086586378 0
5.364523352870953 -0.2055934980487034 0
0.636152346446536 -0.3592244012205838 0
0.9654604444621375 -0.08568481547245868 0
0.9522888386934207 -0.2246474954739822 0
0.4385920782559249 -0.2892833107774526 0
1.382217620501618 -0.590268120582803 0
0.6461070267344645 -0.02484353963506447 0
0.8072960121967591 -0.03076961836692248 0
0.86424176979777 -0.05759189200800174 0
1.387716847559741 -0.08659895095540047 0
0.2753425005036437 -0.1506731838298989 0
1.250005085672297 -0.2748271866976583 0
1.268290686110098 -0.2289271601738039 0
1.179701925139218 -0.2203814537449255 0
0.440945192146963 -0.2033184005874602 0
0.428560776413881 -0.183462831343299 0
3.501592551786608 -0.6543596199018339 0
3.353495850841549 -0.6740211080210431 0
0.335328839128304 -0.2273394143515617 0
0.3145784622580391 -0.07845513908249499 0
0.30741302347118 -0.05886476409875491 0
0.9524717332742204 -0.02845351190592938 0
1.08545584468185 -0.4169772781822403 0
1.013565352124481 -0.02778440702604035 0
1.833498576348128 -0.3577402463481264 0
0.3067604784528679 -0.2100913490774431 0
1.090029977981224 -0.03601979462045236 0
0.8949010339841114 -0.07419335203999523 0
1.167992600632148 -0.03176197766447178 0
4.073082651361876 -0.08998158432179885 0
1.049344661396982 -0.549931336137379 0
1.027265048616045 -0.587051635455587 0
2.608640640433155 -0.5226543379058155 0
4.136553516723347 -1.511336271274882 0
0.8304965835356412 -0.1004360339723734 0
1.417304273408718 -0.04279865353930177 0
1.169048387771043 -0.09622261137900597 0
1.558044285918414 -0.04116441610724466 0
0.6936417413428995 -0.1513983205098492 0
1.900738646533746 -0.9214753484967632 0
1.656742557266539 -0.04374332402223666 0
1.462170128656902 -0.2834613438264045 0
1.761646291892222 -0.04713100864041898 0
0.8252586490212133 -0.4293681222861511 0
1.868203428092904 -0.04616577662566643 0
1.963485767272478 -0.04786020767201936 0
1.905040056245283 -0.09523340995988579 0
2.074973839248533 -0.05616416478034849 0
2.1889275523035 -0.05708592928155155 0
2.31282485619576 -0.05346953984233643 0
2.442552223670644 -0.05394384726299857 0
2.579864080059237 -0.05718969240075251 0
3.132705423851546 -0.1416257098910484 0
2.864367420407922 -0.06401569606400383 0
0.2449581775856888 -0.1727850614474516 0
4.762655912322033 -1.285718279263861 0
2.060116610897897 -1.167971481386053 0
3.023972006950759 -0.06849949397984743 0
3.675919323603988 -0.08525957867920782 0
3.773107104563886 -0.08724146082043402 0
3.971211986989407 -0.08903305617467651 0
0.6226292920271432 -0.1464341056419342 0
4.548081959984769 -0.0915839988608708 0
0.2234618623804185 -0.159605885729025 0
0.3138747235128038 -0.1975901059022787 0
0.1299216668189222 -0.09693310383030396 0
0.3761799116582994 -0.1731060466169266 0
4.199248687224522 -2.549513683982011 0
1.375153424510771 -0.7214800152654993 0
2.92312412222398 -0.9095028928383527 0
2.818367657298604 -0.901695354234005 0
2.714614125310074 -0.9980749937342975 0
2.728460494224629 -1.120052987964913 0
1.69053783951116 -0.4799614280020493 0
1.689694148718311 -0.2286717595048529 0
1.784208721923713 -0.09548314642141409 0
1.996138585114533 -0.2778343167558399 0
1.104452492493122 -0.3787222756673561 0
2.706497728707396 -0.8882327799203501 0
2.572823454185805 -0.9869809849892185 0
0.58121070998959 -0.3498096768521605 0
0.4782925280331545 -0.1761232183062392 0
4.02179057949116 -1.354546306370643 0
1.421181973864593 -0.2265756587650717 0
0.3912221937600139 -0.1588497100078692 0
0.4987385193417683 -0.04382568822277196 0
0.1713440992268952 -0.1304268238809176 0
5.638929385199347 -0.552582351725816 0
2.594199685746322 -0.8706625995889149 0
0.1577285576679565 -0.1198355024619959 0
4.788943753743037 -2.700244593317997 0
2.621758231026699 -0.450242968865165 0
3.639916127297461 -1.679889596325204 0
2.182454212974628 -1.005472092717286 0
4.862802705627919 -0.5271883565248131 0
0.1444731140496972 -0.1122055814260853 0
2.337139206953852 -0.33296172959927 0
0.5028675626018333 -0.1088892743888706 0
3.484791091035158 -0.07963544326884986 0
0.3623563680973901 -0.09062895466382 0
4.806760221143227 -1.02422718525475 0
2.329983227178897 -0.6434423596119967 0
0.4022101454532309 -0.02112815788415345 0
1.590127059843661 -0.7165553123920841 0
5.045407052528648 -1.611497947319543 0
5.117928210805002 -1.333215351018287 0
2.511508477813714 -0.2947804359802916 0
5.44265981167402 -1.9942529274247 0
5.622761437827697 -2.026225493095231 0
0.1334822278536485 -0.1060891034604048 0
4.542966206331623 -0.7344244191010818 0
4.539527390536006 -0.1858914004008863 0
3.272513134799521 -1.679172517166876 0
0.850886021552382 -0.1763638003345407 0
0.5622752932843839 -0.1357032741603268 0
3.191786704631592 -0.6664770222706872 0
0.8464648587092485 -0.3249826628399289 0
0.9760170123883749 -0.3130974627078816 0
0.5780200599771168 -0.2135691805187732 0
4.780700243232173 -1.154170867612636 0
3.892741665585608 -0.1792614499396805 0
0.1228495031492013 -0.09921389445136092 0
2.737181776017407 -1.424306967125777 0
4.363055737830551 -2.202300960897319 0
2.429653043717075 -1.275556932053603 0
1.759364081710123 -0.8797643702985568 0
0.1139966904848501 -0.09588198071280452 0
0.9267249637226715 -0.309191454825157 0
2.675638589021979 -0.3075701168218524 0
1.787471607586066 -0.5855797992697962 0
2.896667677602036 -1.257132160652246 0
3.04040035629345 -1.264302357985181 0
0.5614274054931254 -0.2349787928464221 0
4.472757478420196 -1.7198759780273 0
1.728330464018438 -0.09241862607023692 0
0.8554596647206361 -0.297109857815775 0
0.1074864940883679 -0.08963887614113529 0
0.106020511861838 -0.08234603159458449 0
0.1015456913608771 -0.07912434299040154 0
1.059380009029178 -0.3290137071514643 0
4.33575404494634 -1.291147271838851 0
0.3375277523200589 -0.1244561896132911 0
1.551070607935176 -0.9713328353888715 0
3.371118248010577 -0.150728107178735 0
0.8829335889747245 -0.1922614273464655 0
0.2216808537969008 -0.06398516624156897 0
5.248830838794213 -0.8427908712923364 0
1.521304248832528 -0.7010747750374052 0
1.256839333284298 -0.3892392785864691 0
1.166591306491804 -0.3487933811676457 0
3.390448420449703 -0.07331000064950519 0
1.931841673451071 -0.2680144491172541 0
0.1217090237058975 -0.01949712514917565 0
2.601692177367326 -0.7748572473649747 0
3.244118725810865 -0.904484363030168 0
1.217107956219191 -0.2127033210182114 0
3.960369606400311 -1.065863058838947 0
3.380432880103504 -0.4991516162037576 0
0.1937022007244154 -0.03308207866944014 0
0.2143521967490193 -0.03317280176937804 0
2.4173095812228 -1.009515572396429 0
4.795051684665129 -2.098258445216735 0
3.149944538398502 -1.11365326274098 0
3.935359932596454 -0.5385672472598422 0
4.93927844772506 -1.054333353030899 0
2.816657433172856 -0.7988363800441146 0
0.2990268904683778 -0.07797196984383031 0
5.710000359765504 -0.9627816365934956 0
5.572492358171292 -0.9468254048452729 0
3.758344098447747 -1.032913212144762 0
3.763026932538089 -0.5911046640788741 0
3.461693560218728 -0.9925458340588484 0
5.731007061945229 -0.5503157556706412 0
2.992282588718282 -0.831197132178109 0
5.877333471846078 -0.2482636466225915 0
0.2668426567248865 -0.0774859905640732 0
0.727583203398895 -0.2369837527823766 0
0.4277130208876194 -0.02110709318635765 0
5.329447404432926 -0.9457020093195485 0
0.5978230539219418 -0.114947006358504 0
2.350154081335188 -1.234570950189285 0
3.247158271271699 -0.04303964478298739 0
0.2704886849772383 -0.1358061775659382 0
0.8721421160262273 -0.02896581222027093 0
0.1368927454825435 -0.05815775992442564 0
1.902454955616881 -1.049158768950542 0
1.324775820764791 -0.04245103821223006 0
5.752900349900082 -3.249988280452041 0
0.1907766138962449 -0.1115786506556798 0
0.4036567027322457 -0.08381133257334983 0
0.3875720358947728 -0.1045371718071925 0
1.126703587499352 -0.4360496646456531 0
1.634480008612521 -1.01390306716472 0
0.09918438632413365 -0.0836457368517695 0
0.0980822238886719 -0.07675063881021255 0
0.2016104473720146 -0.06798426579359272 0
5.5929879771779 -2.421611752209813 0
4.408798390708431 -0.8314832384714183 0
0.9044917081102344 -0.1624778209957197 0
5.820618746931177 -1.17046957424598 0
3.198261975217179 -0.06533800500639604 0
0.4536398836391651 -0.106182075455726 0
0.1579790599764233 -0.08090753922780168 0
2.591112034152351 -0.3001657462461673 0
3.024358760935534 -0.3388022475539882 0
0.2678918102257397 -0.1868138867301321 0
1.854804598316634 -0.5177775673402591 0
2.195154932361441 -1.337079041045697 0
0.4302630008067343 -0.1046273777713807 0
5.266920545654581 -2.98613856239849 0
5.540480505906099 -2.872798337524994 0
4.295567583713398 -2.37127487084434 0
1.541426846256327 -0.864175963633389 0
1.568220709950797 -0.782867695804583 0
0.5871473926410822 -0.2316359987228018 0
0.2388751052264925 -0.1565198199979436 0
0.08549991407236325 -0.07550327868042211 0
0.08889274019165164 -0.07159338658330343 0
0.1998043115232986 -0.1061912820729043 0
0.4279233085122335 -0.2577411286915067 0
1.349087328403715 -0.7590010179803125 0
1.138628450730599 -0.5019089253927855 0
1.674954117169337 -0.08857143294268936 0
1.526348361906142 -0.2449789019089752 0
0.09105335278920174 -0.08065731189338843 0
3.033877283936865 -0.1419864899622723 0
4.656171340060854 -0.1932083902595025 0
1.403102676074208 -0.7921641434551923 0
5.000307081265977 -0.0970673646396103 0
0.3665662899203769 -0.2455700416526578 0
0.981388548286505 -0.5656774618418771 0
0.6194549533166844 -0.1219912400089696 0
0.8689790946380771 -0.5046383162008279 0
4.447179920936432 -1.35893343531309 0
2.272987968521304 -0.6239531591823165 0
5.440113712434698 -1.619015934937825 0
1.632631329827618 -0.4691470922558779 0
0.4738806480153503 -0.0431747988753203 0
0.9193340949570948 -0.3629647193204005 0
0.4800215152967064 -0.3157674007273306 0
0.8682776868916793 -0.3281346304703612 0
0.6949020280320296 -0.05544187771450453 0
0.2803091936312035 -0.1943027831112037 0
0.1714772426259837 -0.08644376893288408 0
4.970878083768356 -2.29996062139323 0
2.746429351352117 -1.544804407233022 0
0.6574365783356205 -0.3794790321607805 0
0.7478239661470596 -0.4512780508062766 0
0.55672650380608 -0.3353540301159726 0
0.2674123816707651 -0.06414971109294519 0
1.294232744135674 -0.0900610082247843 0
3.241794885893977 -1.805853167576706 0
2.370667268529165 -1.467877727146901 0
4.772300465976198 -0.09746528700595346 0
0.8886861232903825 -0.3805919952925442 0
0.8639278655113524 -0.4289497865376579 0
4.885820420803067 -1.153743959908299 0
4.378584982005389 -0.08264211589967353 0
0.6766008522824319 -0.02585983998047956 0
1.220343419983798 -0.4925279205614691 0
4.885814853475059 -0.1990155685220324 0
2.944183117337297 -0.1348728894188142 0
1.915891206598575 -0.322937809881807 0
0.7517562116630314 -0.1221866396913164 0
0.3898286954089521 -0.1761599784286075 0
1.160553831173284 -0.1443823759496817 0
3.368064665245524 -0.5635044106943509 0
3.737433402899876 -1.912052790919117 0
0.1447959065632158 -0.1034644695757029 0
1.978112831933757 -0.3371968553365707 0
1.795053951707325 -0.3041608901642796 0
2.489804944937907 -1.037276906027109 0
0.6367215784134788 -0.04740695032951107 0
1.834730099451619 -0.9843033144528908 0
4.021229278291575 -0.5996972128619168 0
0.9397789786906656 -0.1750714286909818 0
5.699319141758306 -1.067701532966503 0
2.057673889675394 -0.3486890047101542 0
4.268083580567182 -0.05687026037656642 0
0.6541039010453827 -0.1352974562891847 0
2.450104524350851 -0.109055520286226 0
0.1648622058583004 -0.115871400424779 0
0.1409539247957419 -0.06765980913795679 0
1.273985036862558 -0.1831261633376332 0
1.583292662725571 -0.3228111814106425 0
2.865415147294144 -0.1247294086104103 0
0.7394057740681853 -0.08719567433683156 0
0.1812714814845848 -0.08546356170860361 0
0.2042287737318887 -0.1482263739141481 0
2.128923701725411 -0.6096344308679513 0
0.9015269177097991 -0.3327922177486251 0
4.950521456358504 -2.477108016997078 0
0.6166544920622872 -0.04518198441469957 0
2.810530576778996 -0.1178748753697804 0
1.623908273463861 -0.08504433214867334 0
0.3574073174269939 -0.221406157880515 0
2.587674028756795 -0.1113275346529872 0
5.497352265568658 -1.838990209832515 0
2.519226311474211 -0.1111430540994386 0
2.638651659424792 -0.1105652741132034 0
0.2867548409230247 -0.1355716504058384 0
0.2618899688983997 -0.1695849775654813 0
5.116404146023581 -0.0970694344310821 0
2.716709887372676 -0.0422578241252238 0
4.180925230236806 -0.172317951869849 0
5.23220747851245 -0.199930093089335 0
0.1240113303500865 -0.09337894826596292 0
0.1108684856683961 -0.08566952615060845 0
0.1092290247440201 -0.0779526576072047 0
1.233872817810825 -0.02247499333407438 0
1.187373886167844 -0.7580162516443371 0
4.032992801336658 -0.3730180549004295 0
0.5914872546256769 -0.01648930590034533 0
1.168452390479504 -0.6062867148334461 0
2.766530716372092 -0.5094603776337417 0
5.36302265792225 -0.1013122906120813 0
2.126414064659696 -0.2890577488376857 0
0.6816953168636709 -0.1269210553277694 0
0.1802736572599136 -0.09452938093411914 0
5.806437437348868 -1.603613033864339 0
4.109253747932978 -2.289870715425189 0
5.496282599961555 -0.2104165531978751 0
0.9754470570020949 -0.1924273477755633 0
2.383158001553973 -0.1071319375803281 0
3.813636247081511 -0.6834145350914798 0
4.069775129865818 -0.7505717354502287 0
1.911149940061216 -0.5490500932654538 0
5.618822206787266 -0.1080186715017589 0
5.204589593017618 -1.585705154491831 0
2.977066061655493 -0.4081486796791291 0
2.857465952268076 -0.465547580129367 0
0.7294299810780769 -0.06495734147868751 0
5.036120850460309 -2.860425128611652 0
5.743561029934129 -0.4654399799730393 0
0.2351093277793657 -0.03268203667029299 0
1.888064281925038 -0.3771057687839092 0
0.2827101828713638 -0.0681885257748257 0
5.584380411760769 -1.08282824603524 0
0.6345799572864429 -0.2090150185454429 0
2.645543483182699 -0.3802880104958498 0
1.024170385503863 -0.05031980949827917 0
0.2817547201318551 -0.01696028801053506 0
1.790605440189703 -0.3423935554183701 0
0.1914997588416826 -0.09592080323469436 0
3.667357463989689 -1.112409203662253 0
0.9380873247282892 -0.5415152082635257 0
0.142634871216064 -0.04596506478249712 0
0.5649889047601893 -0.0265410419202905 0
0.3428889840898982 -0.2136697371384738 0
0.2960640148083888 -0.03619966324561377 0
0.3621251078301508 -0.2055347360124955 0
0.523981898562552 -0.04522395810489853 0
0.2603305817651059 -0.01642402818917587 0
3.475181474063386 -0.5145006822609954 0
0.2999943610828893 -0.1906449826426634 0
1.575355593241971 -0.08312205968631943 0
1.642293893137391 -0.2640192532996297 0
0.6232929372462848 -0.3735597145643738 0
1.324198225758394 -0.2434498320535081 0
1.022859157117652 -0.1862814703942974 0
4.565531392008333 -2.870191037743135 0
0.1879167367385102 -0.1378808868790234 0
0.4087310414521181 -0.1796708332831197 0
1.189236540600338 -0.06399126772108649 0
1.14965861404345 -0.06686255517735183 0
0.4318164532928221 -0.1647983921626557 0
1.374784380921097 -0.464184555728283 0
1.95446903805351 -0.6319319754204487 0
3.664509940949632 -0.6521377554301909 0
2.219036010785385 -0.2783004168726601 0
0.1354349570180673 -0.1010655189138569 0
4.127039407965929 -0.2692464528918199 0
1.111894473862618 -0.07295510046178244 0
0.7062530228098181 -0.1175101303249452 0
0.4744796986817203 -0.08604231031687462 0
0.2968023212152689 -0.1176870955041577 0
3.514745193330105 -1.081477597299001 0
5.752193207009071 -0.2307375425832987 0
3.306408711515267 -1.010060445178697 0
0.4671315206203641 -0.2811685552488165 0
0.3855041482580491 -0.1931038234495555 0
1.331823807561166 -0.4090374403572547 0
5.872988730260265 -0.1230989288864288 0
0.947682307454223 -0.3387916210867215 0
4.3302170695041 -1.497608003485754 0
0.5328717151671271 -0.3215104309742906 0
2.358810383653043 -1.347588270291679 0
1.517996994285669 -0.430054346864644 0
0.9923986806540492 -0.05507399886645978 0
0.2125795414566514 -0.05268938044160978 0
2.695826892535517 -0.4572533338338738 0
1.312999882554164 -0.8117461960688009 0
2.319692496783281 -0.1077866195455736 0
0.09205841138515575 -0.07440308615667028 0
0.0904978377701153 -0.06000663989049239 0
1.049232306225048 -0.2283425293366355 0
4.153563238147158 -0.4834357219113014 0
5.007875767514379 -0.2924416015865228 0
4.999716141020618 -0.1942249507589602 0
1.682401808013356 -0.2634518012556851 0
2.59945132557301 -1.11034148810276 0
1.390799519441602 -0.4282735469752363 0
5.62328684767331 -1.897881833321404 0
3.783188530132684 -2.117060708821168 0
0.1956745849027829 -0.1213914508897146 0
1.78608833765265 -0.9216187650460976 0
0.4013272954590662 -0.2660159504695457 0
0.6738086158918565 -0.2145718446321321 0
2.150618305094243 -1.238329204193755 0
0.9575995256914119 -0.05761076923407021 0
5.609539444086223 -2.217636282701945 0
0.1501291736732411 -0.06375152158460828 0
3.575033515819935 -1.866453468020699 0
5.432824350159375 -0.9447733352360378 0
2.665370295470882 -1.506013993240851 0
1.528688048772453 -0.08357095395096924 0
4.218637027220494 -0.7824096116923213 0
3.398384245788086 -1.046672627463454 0
3.906951747371634 -0.648288990752739 0
0.4972393698762894 -0.06501836697985271 0
1.384722599803666 -0.2600459772290835 0
4.945320662815647 -1.265226817026836 0
3.106329703438513 -1.743296109533732 0
5.696922868929322 -0.8216571128628635 0
0.4479627967944315 -0.1900832169216417 0
2.2581459475092 -0.1141355094217089 0
0.9238246068542466 -0.06376573297020033 0
0.8868021225939009 -0.05524944257018261 0
1.094024893044765 -0.1906551895639284 0
1.158573472406493 -0.1973066523541586 0
1.575864400263674 -0.9267630259399465 0
5.355652126660648 -2.567188214779474 0
0.2280403134190671 -0.1505227825638539 0
0.1072234447698022 -0.06487926421480777 0
2.216294145490409 -0.6648744482359373 0
2.237278499176965 -0.3681569127256656 0
4.952900303097072 -2.614144025637958 0
3.425065183473617 -0.5987089959714998 0
0.2169567476694484 -0.1126740372380148 0
1.131141344276912 -0.6419250352987534 0
2.493022188377559 -0.8497611788977852 0
2.149874092808371 -0.6588154205712292 0
0.9977594206247916 -0.3426001748328451 0
2.135417415978156 -0.1009262419581286 0
1.92800889384176 -0.07859004644770731 0
1.27195861876447 -0.4324030093040946 0
0.1606076230574838 -0.06912542612075175 0
2.120901413297371 -1.087751262555394 0
1.797286327919966 -0.4042134913715218 0
5.059275944849413 -1.469947518313184 0
0.1392828317654798 -0.1046236185285406 0
2.27550236312527 -1.300843438948905 0
4.259531601455933 -0.8933634676246731 0
0.1598873682048658 -0.1127230656544409 0
0.1162558810311643 -0.07668780591624709 0
0.1491908972502084 -0.03566575502485175 0
0.6055711007429557 -0.3642084174231731 0
0.9661665081170773 -0.5042940043699007 0
3.826681466926817 -1.123189646626971 0
0.8674905337077157 -0.08616640307102713 0
2.032154759368808 -0.5881247441156128 0
0.1081384988659599 -0.07107667104414722 0
2 7 0 219
3457
3458
3459
3460
3461
3462
3463
3464
3465
3466
3467
3468
3469
3470
3471
3472
3473
3474
3475
3476
3477
3478
3479
3480
3481
3482
3483
3484
3485
3486
3487
3488
3489
3490
3491
3492
3493
3494
3495
3496
3497
3498
3499
3500
3501
3502
3503
3504
3505
3506
3507
3508
3509
3510
3511
3512
3513
3514
3515
3516
3517
3518
3519
3520
3521
3522
3523
3524
3525
3526
3527
3528
3529
3530
3531
3532
3533
3534
3535
3536
3537
3538
3539
3540
3541
3542
3543
3544
3545
3546
3547
3548
3549
3550
3551
3552
3553
3554
3555
3556
3557
3558
3559
3560
3561
3562
3563
3564
3565
3566
3567
3568
3569
3570
3571
3572
3573
3574
3575
3576
3577
3578
3579
3580
3581
3582
3583
3584
3585
3586
3587
3588
3589
3590
3591
3592
3593
3594
3595
3596
3597
3598
3599
3600
3601
3602
3603
3604
3605
3606
3607
3608
3609
3610
3611
3612
3613
3614
3615
3616
3617
3618
3619
3620
3621
3622
3623
3624
3625
3626
3627
3628
3629
3630
3631
3632
3633
3634
3635
3636
3637
3638
3639
3640
3641
3642
3643
3644
3645
3646
3647
3648
3649
3650
3651
3652
3653
3654
3655
3656
3657
3658
3659
3660
3661
3662
3663
3664
3665
3666
3667
3668
3669
3670
3671
3672
3673
3674
3675
5.768266973387549 5.900185490702729 0
3.85944764391703 4.249538059940726 0
5.724964039239037 6.768358133629618 0
2.664433829017412 7.108973043727148 0
3.064767895993734 4.270194097417537 0
5.790909551320411 5.205919617814068 0
2.047294068420549 6.238032254836829 0
5.686179123469575 7.602673479670936 0
1.424321252595009 5.50574841115829 0
4.787752851641594 4.258908356046841 0
3.692394576096871 8.310322044827462 0
2.138838270962492 4.281847687394217 0
5.636423002556194 8.235386266517597 0
1.112467194820995 5.073881115948446 0
5.829830877068308 4.805263882100848 0
0.7691144416442771 4.606367277421912 0
4.350483214753907 8.896573033308405 0
1.505861761078366 4.297590947404335 0
5.48762758044326 9.124699996241354 0
5.83507633003317 4.450950652811665 0
0.4688612790946368 4.331243085118545 0
5.009822811070358 9.845195659350567 0
5.380611740772659 4.241913844782458 0
5.544610177840927 10.11568099108135 0
5.089817362784268 4.251059604078931 0
5.13588496810438 4.497417984234073 0
4.839621323113627 4.51425519801056 0
4.893356093769721 4.765721727352867 0
4.569416232740059 4.778685263301334 0
4.615549377782123 5.030463901000493 0
4.664782903269359 5.283037907982557 0
4.333994678165102 5.301659288241831 0
4.393950512061969 5.567993413887808 0
4.067382194812854 5.583930604492545 0
4.43892416147755 5.839763683500562 0
4.11396606581136 5.858027080719437 0
4.152347150145617 6.135832794080968 0
3.740258381093895 5.593275206418665 0
3.788504425485449 5.867711711589435 0
3.417161083605301 5.59927282998663 0
3.471410167811352 5.871351743709448 0
3.099199843615672 5.603738552861405 0
3.492714116523841 6.14480821946517 0
4.479725347067169 6.116899565056089 0
4.534377240487792 6.396655919785912 0
4.71095812513627 5.539589209507983 0
3.326888050511093 5.325294060224345 0
3.00331080453983 5.334724290573636 0
4.855635082600481 6.370150274917869 0
4.623240333157987 6.671914847012257 0
4.308029216499326 6.702525499707733 0
4.45824814136428 6.986810817694956 0
4.109319862468953 7.020501880672779 0
3.166667446669449 5.865749467169637 0
4.274004917771625 5.038326667154548 0
4.301650198754404 7.330401981140368 0
4.759243221823292 6.923019470040521 0
4.940812516208561 5.009859737952681 0
3.214231623193733 5.046353838641415 0
2.889717067195666 5.063641064652215 0
2.689777510614157 5.345358719005416 0
2.57483339541979 5.078326558013491 0
2.389114588655259 5.357776126068472 0
2.268781601016606 5.095519918163132 0
2.066641818160668 5.407983343982163 0
1.972182252695931 5.122864846020569 0
3.935295422677334 7.372915070551644 0
3.744560105681809 7.048249034043321 0
4.81265029563362 6.084467058752642 0
5.169498946281126 6.357527315466222 0
5.183037769578398 6.029189742989197 0
3.559902672258479 5.033406996239567 0
2.478022111027687 4.811526709109648 0
2.484684884516152 5.618532249245235 0
3.459062864488947 4.698463702803437 0
3.561227056709782 7.42314417153734 0
4.523319342969662 4.520797191748144 0
4.149531840411413 7.71270021591751 0
4.518829577661965 7.656721199178856 0
4.365221157651329 8.059054631753273 0
4.741506663395063 7.990218204913555 0
4.863966064126399 7.581587207857813 0
5.093432646530736 7.912277937517522 0
4.944604575935772 8.324788678970375 0
5.465130049824315 6.384706535225001 0
5.175935540750978 6.636130950970403 0
3.371577585872918 7.076247834391857 0
3.592248893465693 6.732959829193856 0
3.207285531835474 6.747462667792938 0
3.584913953169542 4.423065587488114 0
5.494659462170693 6.116315686380956 0
5.355554017362858 5.855113011819158 0
1.799196668197858 5.335726338971544 0
1.713152073798401 5.164207556470789 0
1.865447583814112 4.865894178805858 0
1.594158600831161 4.929663012416995 0
1.863825069581182 5.612328160009625 0
1.807710092436789 4.589116592582704 0
1.448233572015042 4.643404255074762 0
1.226943502576302 4.269837264977068 0
3.134258534178426 7.452140175993397 0
5.406161965543377 4.472893317543861 0
5.639931866803285 4.45323013761859 0
5.454794316555015 4.692823106775549 0
4.590429510270996 9.327679088810919 0
4.792066334789426 8.805803505714776 0
2.127114112144094 4.56067187132806 0
3.887776074901675 8.568585513065873 0
3.442573557201709 7.944481861909313 0
5.190455216530866 4.73576189974214 0
5.245636815396394 4.976658548465151 0
5.279427114158382 5.219131606125183 0
5.298012977221378 5.458249243420181 0
5.551944070768823 5.434261104201046 0
5.557443305954367 4.926434429308243 0
5.027568202732148 9.223226193483109 0
5.153221705098825 8.678112938256874 0
4.570150611867584 8.419839409179302 0
5.158180902990842 7.447711597558457 0
4.935922463054424 7.15770242545258 0
5.39435476386222 7.251915013461899 0
0.7508428958688965 4.277524116184541 0
2.472121792144195 6.811690241204428 0
1.832536807950623 4.29517107678485 0
5.063419156380602 5.749041685738334 0
4.976505971954421 5.253131940000376 0
3.965807974764777 6.721344175809041 0
5.17494503309725 6.945745189000707 0
5.562114069782561 7.025927303540958 0
3.513623222056634 6.429114658925784 0
3.04058933722847 6.387722526946194 0
1.833465532534504 5.965326765743106 0
2.178389337737189 5.848811610883651 0
2.371381362432746 6.196929346139245 0
3.923310500897413 5.034222021765915 0
3.880743338500103 4.75672596679585 0
5.382094180717445 7.788317902857013 0
2.440288664542102 4.543197983408585 0
1.142563007678107 4.524430548671251 0
5.012887192995014 5.499756753868852 0
2.261361280617432 6.520345351730675 0
2.616897781088983 6.475955389062905 0
2.686187335813857 6.160753447164174 0
3.658036895722718 5.316518674724402 0
4.760824286972779 5.804397141377893 0
5.627999661231465 8.70064046779906 0
3.108685520343713 4.771290009980454 0
2.798853079077477 4.79497773170378 0
2.754976981791177 4.530721663636831 0
5.59299553230835 9.643380310129094 0
1.619689606460621 5.719975540963146 0
1.256277344704863 5.290538996037514 0
4.159592880111625 4.25913514480349 0
2.254330560287769 5.621752186367599 0
4.473691122485445 4.260468301014331 0
5.752848072011283 6.155275270324825 0
2.785261069115077 5.609448071266666 0
4.904159614360292 6.640465638348165 0
5.803798249592414 4.993615300216568 0
1.005644562078159 4.798497633862438 0
4.213253013965338 6.416090534400436 0
3.259315546931092 4.50503751388449 0
2.182370128586191 4.832634337041085 0
2.466346028875995 4.272608258060677 0
1.268732254547577 4.828702562997647 0
5.551118810970086 5.659844580843346 0
4.640971371923154 7.266371751174148 0
4.232180797281738 4.77575080286023 0
3.995552245146778 5.30954838233461 0
0.3818816251212532 4.241139707845653 0
3.824275711315876 6.144595251791593 0
3.78483353637317 7.797019377983366 0
0.6052547916743354 4.452736635697981 0
2.778887725890592 4.267132484780645 0
5.776798722666439 5.66469155015892 0
1.359296763896648 5.004307139988934 0
0.9298619001749179 4.405093125509273 0
5.781538437521789 5.435743645067737 0
3.05423231736389 4.519643345839938 0
2.563821672496065 5.874121776792076 0
5.866538103729321 4.246933137592353 0
5.756835656446362 7.1925974139736 0
5.51300569026633 10.6238304279709 0
2.8276474222725 6.777324829476935 0
5.834810244105664 4.632995027801232 0
4.197657958619085 4.51570665075367 0
3.336462814932785 4.321928885776678 0
4.007531191719371 8.157932316518103 0
3.647663531345733 4.242320103901764 0
5.33356908673947 8.2191278321281 0
3.877506579736609 4.491724366494622 0
3.877347187137962 6.428524301589325 0
5.436649491054629 6.666384158829944 0
2.866939056733916 5.86244735998541 0
3.242730814744053 6.143105721894164 0
1.490482841713431 5.225468680958405 0
5.691572431349252 4.785893200364444 0
5.700668499402675 11.18048192536558 0
5.532244005664317 5.881529042470912 0
0.5687866974408029 4.187341647634988 0
3.002026786660999 7.094869330360499 0
2.928948970944824 6.052141813294252 0
5.076034413780686 10.27834629196928 0
5.545344190615956 5.201875634833656 0
5.836872219803311 7.021870021168048 0
5.646792726055161 4.234551517344666 0
5.785394554563299 7.989889311764616 0
5.319240468949454 5.689569673054965 0
4.184636692337692 8.514587205690614 0
5.407222848531855 6.877401821905005 0
1.038829648820311 4.240775183386001 0
5.736871059224444 6.434478971536956 0
1.652330982722785 5.42379254462368 0
4.937908342621427 6.834756429216705 0
5.369989329521312 8.5419851960558 0
5.21108781422134 9.554313142221538 0
2.782188829682253 7.346665881246894 0
0.4278187384585124 4.163202260203477 0
5.658286002584068 4.648586768240848 0
2 8 0 221
3676
3677
3678
3679
3680
3681
3682
3683
3684
3685
3686
3687
3688
3689
3690
3691
3692
3693
3694
3695
3696
3697
3698
3699
3700
3701
3702
3703
3704
3705
3706
3707
3708
3709
3710
3711
3712
3713
3714
3715
3716
3717
3718
3719
3720
3721
3722
3723
3724
3725
3726
3727
3728
3729
3730
3731
3732
3733
3734
3735
3736
3737
3738
3739
3740
3741
3742
3743
3744
3745
3746
3747
3748
3749
3750
3751
3752
3753
3754
3755
3756
3757
3758
3759
3760
3761
3762
3763
3764
3765
3766
3767
3768
3769
3770
3771
3772
3773
3774
3775
3776
3777
3778
3779
3780
3781
3782
3783
3784
3785
3786
3787
3788
3789
3790
3791
3792
3793
3794
3795
3796
3797
3798
3799
3800
3801
3802
3803
3804
3805
3806
3807
3808
3809
3810
3811
3812
3813
3814
3815
3816
3817
3818
3819
3820
3821
3822
3823
3824
3825
3826
3827
3828
3829
3830
3831
3832
3833
3834
3835
3836
3837
3838
3839
3840
3841
3842
3843
3844
3845
3846
3847
3848
3849
3850
3851
3852
3853
3854
3855
3856
3857
3858
3859
3860
3861
3862
3863
3864
3865
3866
3867
3868
3869
3870
3871
3872
3873
3874
3875
3876
3877
3878
3879
3880
3881
3882
3883
3884
3885
3886
3887
3888
3889
3890
3891
3892
3893
3894
3895
3896
5.784158899454022 -5.869616940245982 0
3.864193211662871 -4.258113647311695 0
5.756524251581717 -6.689526674004029 0
2.665003280733705 -7.103064556215858 0
3.063527175280762 -4.242083456491152 0
5.802627618220979 -5.194063053994167 0
2.078437614484975 -6.228060915641063 0
5.71418408746093 -7.655256289075764 0
1.364780233496458 -5.42745943347866 0
4.790523710217339 -4.256952442081856 0
3.693615185601676 -8.306213007430671 0
2.238108788950003 -4.274965763334897 0
5.691973906445085 -8.36199926666119 0
1.04273414760934 -5.006668114289762 0
5.829749591632685 -4.80747519419228 0
0.7468378555667888 -4.62593428697536 0
4.350052077691736 -8.893638245329802 0
1.61842439327502 -4.319747621331702 0
5.489741512095597 -9.125053413345773 0
5.832608224802603 -4.454095971639073 0
0.515885774646373 -4.377148097513873 0
5.01058668885459 -9.845153812962693 0
5.378124547395588 -4.243794075075344 0
5.544914880790652 -10.11556023190292 0
5.088967212208741 -4.250851328547556 0
5.137846933702149 -4.496167721590662 0
4.852875384801091 -4.509281383140786 0
4.929377698828143 -4.762725444462126 0
4.637337502922516 -4.772887326128938 0
4.718779987121254 -5.028877524707638 0
4.428352440943235 -5.047964380964428 0
4.540730631440356 -5.373822556052861 0
4.165951582770518 -5.342641890067384 0
4.42934032970498 -5.682665310506295 0
4.161325217806022 -5.618615674739337 0
4.359945461749602 -5.858114631246822 0
4.169237232723702 -5.866631723983557 0
4.246806418573329 -6.106419510077308 0
3.865583388203317 -5.605645247390299 0
3.890013025987106 -5.876832440695443 0
3.558366352027515 -5.605649339283184 0
3.576304690196242 -5.888682222987726 0
3.244458404782004 -5.608874222156566 0
3.64152320175674 -6.187772316370374 0
4.475866154903279 -6.010598438581453 0
4.379889463838949 -6.362727547622439 0
4.823416429235446 -5.598922936293933 0
3.216528012290292 -5.333940048445321 0
2.892600104873225 -5.341879902716183 0
4.643662087079593 -6.240286904851383 0
4.535231394218604 -6.648369048522809 0
4.227326997394596 -6.723691020614517 0
4.329184088910322 -7.011141075852609 0
4.084933527578888 -7.008381345725231 0
3.255022729462091 -5.888319412870985 0
4.109641013690241 -5.058825805284849 0
4.394610564645626 -7.297370364699402 0
4.710326297356533 -7.010885950793689 0
4.996932397629326 -5.019642873779103 0
3.142746829183617 -5.060084755023161 0
2.817618703946024 -5.070034685079814 0
2.570507323262468 -5.350479759863385 0
2.4992547769162 -5.081576365934358 0
2.259508439562958 -5.353987073374096 0
2.194720229229171 -5.095228368367383 0
1.983579676433177 -5.346662837833841 0
1.924388332074079 -5.120016711092219 0
3.9768453624911 -7.24822018887054 0
3.666847159035262 -6.900219893483713 0
4.865031461149088 -6.045735249803208 0
5.144173559957105 -6.312694186031069 0
5.274082774178641 -5.966128961542457 0
3.464921341519208 -5.054727051923163 0
2.39898290926814 -4.815192739777164 0
2.604310205407766 -5.62151111714651 0
3.365036175974397 -4.77352090561866 0
3.562492542704149 -7.374404762969141 0
4.55611036478641 -4.516408407600327 0
4.166344952456241 -7.671722709703488 0
4.522681485918072 -7.603640057569186 0
4.366331800455411 -8.036772579271329 0
4.724752238132298 -7.941287146092888 0
4.810738507092011 -7.484511420684966 0
3.697787462075414 -4.777314924277461 0
5.042297553710245 -7.795463304145511 0
4.937623936453791 -8.301228761931009 0
5.256804911484362 -6.669385234064872 0
3.345833503353734 -7.004448428521149 0
3.457368443828124 -6.576752453420633 0
3.137445309414398 -6.672254970270017 0
3.621678933577264 -4.505630847146083 0
5.523376004600572 -6.064885632749776 0
5.376718291802227 -5.718180303424869 0
1.803525321190076 -5.332881843352932 0
1.711501948246519 -5.180553242862471 0
1.820042276943917 -4.880464843026187 0
1.585790844406253 -4.963721491269453 0
1.972738747553856 -5.578554412019168 0
1.709288111718003 -4.617019404271521 0
1.451965742095162 -4.713500660751502 0
1.280672219606807 -4.390254848293445 0
3.132701104640925 -7.454730393666948 0
5.404193629061525 -4.475184001687198 0
5.636841656090568 -4.456959920504997 0
5.460070070709706 -4.697136080341105 0
4.590401651955128 -9.326190826070201 0
4.79101197412117 -8.799955155520051 0
2.003249681914868 -4.570978493951888 0
3.888276515494661 -8.565711134726804 0
3.444036132884725 -7.936766748853429 0
5.027883058103894 -9.22095232484385 0
5.154285524617449 -8.673574573037946 0
4.567896885588388 -8.406099143931312 0
5.356407318211803 -7.580449756199171 0
5.032637659516755 -7.275780292039363 0
5.45955073842584 -7.200141742533004 0
0.7519530143958862 -4.301477830595175 0
2.473816008549181 -6.804274965226665 0
1.936330636954088 -4.290609670918458 0
5.047157662265482 -5.795944097966191 0
5.20790949628787 -5.561650678784565 0
5.448674199234709 -5.562564485479511 0
5.381049141843903 -5.370290557295347 0
5.602483429832708 -5.383701248035092 0
5.447426416415845 -5.184591200467761 0
5.018974992614342 -5.32401015035602 0
2.27162774246585 -6.514205823553377 0
2.611476914641095 -6.462909319260477 0
2.433144687333348 -6.186799345661452 0
2.321131097994178 -5.901362493240203 0
2.741294918884991 -6.168767003526766 0
1.891497935980401 -5.876781214472646 0
3.943319985128946 -6.794179138393405 0
5.494859294750722 -6.353212841289374 0
5.212577685530476 -7.037463733130096 0
5.508353825854252 -6.919017262269668 0
3.784428207575799 -5.055133841353674 0
4.020359541820724 -4.783492751465059 0
5.478255573872446 -7.929316350727789 0
2.308931566767428 -4.547642625158724 0
1.074407666859763 -4.639378286265032 0
5.210330129544951 -4.741152935267595 0
5.796125054695412 -5.63421539262191 0
3.524983816702572 -5.330765821611271 0
5.639421980449854 -8.720266972155777 0
3.034954759170988 -4.783604106774439 0
2.71455040994415 -4.800092023051822 0
2.618766000741358 -4.531767793930271 0
5.594325700110883 -9.642335204984489 0
4.650726196450727 -5.830128702740119 0
1.567849230098253 -5.633251168470475 0
1.197534275929582 -5.214531745801887 0
4.175994541076885 -4.259815964968755 0
4.485941473839533 -4.25853647916805 0
5.767750828211555 -6.128835330251628 0
2.922249693575381 -5.61409617973127 0
4.825569215360962 -6.511788157405179 0
5.812031079460286 -4.99075053473462 0
5.800567127597057 -5.412456245471325 0
0.8924314134728895 -4.804885064974592 0
2.283526355894168 -5.616834014679825 0
4.084336125097859 -6.43401458502366 0
3.258621398635655 -4.443216832277718 0
1.236293341550625 -4.855586418156943 0
2.104029438595723 -4.839454470080503 0
2.556363259216253 -4.265346980701027 0
4.637101063704351 -7.278015219008543 0
4.332879144382854 -4.781114477186397 0
3.836966081995882 -5.332827679910593 0
2.92771739100243 -6.385174351850793 0
0.4201678076361622 -4.219385278895269 0
5.582309012631072 -4.927976956330642 0
3.96546731829692 -6.151977748191 0
3.79217514359458 -7.769120024958158 0
0.6087544303229924 -4.47326719312715 0
2.856747832788368 -4.251978620789398 0
1.388378145793667 -5.082560216087364 0
0.9119840992886635 -4.449645745669843 0
5.865433568614882 -4.248525561211735 0
5.72789227708159 -7.31217438580104 0
2.932950057370749 -4.509448491005949 0
5.512307248706964 -10.62473947383376 0
5.832909387653435 -4.635812793540298 0
5.695961983178147 -4.788643549798611 0
4.250168274406436 -4.519229305274651 0
3.344685809914787 -4.23851745477957 0
2.649726676833204 -5.887625520597513 0
4.010518339598031 -8.144170037788481 0
3.562016374802651 -4.248041608716619 0
5.315779138277081 -5.025998260260768 0
2.807017285080942 -6.751351069632618 0
5.319966442033842 -8.189700182071414 0
3.939343795134116 -4.517139539032182 0
3.776401017574746 -6.497448066165682 0
5.503749361026192 -6.648262514401625 0
5.570898760532112 -5.813331757131067 0
3.242394455098055 -6.221018329870188 0
1.542197216354521 -5.289989534118008 0
5.700513896417633 -11.18068314649534 0
2.990825992348791 -7.068150363675734 0
2.949193952066994 -5.879480531302327 0
5.244819116129769 -5.243011076007442 0
5.076084110808197 -10.27852461031154 0
0.5701447838718475 -4.225513309327172 0
5.645083954067126 -4.236582315362196 0
5.747403913231576 -6.99423021263113 0
5.705449998312122 -8.010500447076145 0
4.184852996103643 -8.507176508591886 0
5.598078107004611 -5.179794273770636 0
5.328022221224645 -6.875793817347661 0
1.039971893037869 -4.29118440343066 0
4.760996742504989 -5.234162638872384 0
1.725591189756291 -5.460916438449599 0
5.756694049009496 -6.406865315776627 0
5.211866938102132 -9.553340266001662 0
5.006332177427946 -6.798964966526833 0
2.781224144861098 -7.343309221025645 0
5.659400560877987 -4.651995758236439 0
5.376031590055253 -8.550474952946605 0
2.965192743130208 -6.077412291427287 0
5.598067010595008 -5.594434223235884 0
$EndNodes
$Elements
20 3858 1 3858
1 1 1 1
1 1 1 
1 2 1 1
2 3 3 
1 3 1 1
3 2 4 
1 4 1 1
4 1 1 
1 203 1 39
5 5 13 
6 13 14 
7 14 15 
8 15 16 
9 16 17 
10 17 18 
11 18 19 
12 19 20 
13 20 21 
14 21 22 
15 22 23 
16 23 24 
17 24 25 
18 25 26 
19 26 27 
20 27 28 
21 28 29 
22 29 30 
23 30 31 
24 31 32 
25 32 33 
26 33 34 
27 34 35 
28 35 36 
29 36 37 
30 37 38 
31 38 39 
32 39 40 
33 40 41 
34 41 42 
35 42 43 
36 43 44 
37 44 45 
38 45 46 
39 46 47 
40 47 48 
41 48 49 
42 49 50 
43 50 7 
1 204 1 39
44 6 51 
45 51 52 
46 52 53 
47 53 54 
48 54 55 
49 55 56 
50 56 57 
51 57 58 
52 58 59 
53 59 60 
54 60 61 
55 61 62 
56 62 63 
57 63 64 
58 64 65 
59 65 66 
60 66 67 
61 67 68 
62 68 69 
63 69 70 
64 70 71 
65 71 72 
66 72 73 
67 73 74 
68 74 75 
69 75 76 
70 76 77 
71 77 78 
72 78 79 
73 79 80 
74 80 81 
75 81 82 
76 82 83 
77 83 84 
78 84 85 
79 85 86 
80 86 87 
81 87 88 
82 88 7 
1 211 1 19
83 8 187 
84 187 188 
85 188 189 
86 189 190 
87 190 191 
88 191 192 
89 192 193 
90 193 194 
91 194 195 
92 195 196 
93 196 197 
94 197 198 
95 198 199 
96 199 200 
97 200 201 
98 201 202 
99 202 203 
100 203 204 
101 204 10 
1 212 1 19
102 9 205 
103 205 206 
104 206 207 
105 207 208 
106 208 209 
107 209 210 
108 210 211 
109 211 212 
110 212 213 
111 213 214 
112 214 215 
113 215 216 
114 216 217 
115 217 218 
116 218 219 
117 219 220 
118 220 221 
119 221 222 
120 222 10 
1 230 1 25
121 8 455 
122 455 456 
123 456 457 
124 457 458 
125 458 459 
126 459 460 
127 460 461 
128 461 462 
129 462 463 
130 463 464 
131 464 465 
132 465 466 
133 466 467 
134 467 468 
135 468 469 
136 469 470 
137 470 471 
138 471 472 
139 472 473 
140 473 474 
141 474 475 
142 475 476 
143 476 477 
144 477 478 
145 478 11 
1 231 1 25
146 9 479 
147 479 480 
148 480 481 
149 481 482 
150 482 483 
151 483 484 
152 484 485 
153 485 486 
154 486 487 
155 487 488 
156 488 489 
157 489 490 
158 490 491 
159 491 492 
160 492 493 
161 493 494 
162 494 495 
163 495 496 
164 496 497 
165 497 498 
166 498 499 
167 499 500 
168 500 501 
169 501 502 
170 502 12 
1 232 1 26
171 5 503 
172 503 504 
173 504 505 
174 505 506 
175 506 507 
176 507 508 
177 508 509 
178 509 510 
179 510 511 
180 511 512 
181 512 513 
182 513 514 
183 514 515 
184 515 516 
185 516 517 
186 517 518 
187 518 519 
188 519 520 
189 520 521 
190 521 522 
191 522 523 
192 523 524 
193 524 525 
194 525 526 
195 526 527 
196 527 11 
1 233 1 26
197 6 528 
198 528 529 
199 529 530 
200 530 531 
201 531 532 
202 532 533 
203 533 534 
204 534 535 
205 535 536 
206 536 537 
207 537 538 
208 538 539 
209 539 540 
210 540 541 
211 541 542 
212 542 543 
213 543 544 
214 544 545 
215 545 546 
216 546 547 
217 547 548 
218 548 549 
219 549 550 
220 550 551 
221 551 552 
222 552 12 
2 5 2 4
223 224 1937 225 
224 1937 224 223 
225 1759 226 225 
226 226 1759 227 
2 5 3 1558
227 1167 1842 556 1354 
228 1379 1271 1588 629 
229 1255 1547 578 1762 
230 829 1626 1262 1584 
231 1603 1318 1663 554 
232 1492 1537 577 1782 
233 1930 808 1450 1451 
234 1696 805 1621 1631 
235 1693 1686 1269 555 
236 587 1418 1539 1344 
237 563 1729 1338 1793 
238 1971 1274 1972 854 
239 1869 807 1910 1525 
240 1319 1379 629 1590 
241 1488 1283 1755 609 
242 1943 1615 1117 1114 
243 805 1708 1613 1621 
244 1504 821 1719 1355 
245 1483 1320 1482 849 
246 821 1504 1505 1950 
247 1584 1262 1766 838 
248 1844 1421 1322 1423 
249 1426 1602 554 1663 
250 1535 1527 1521 1061 
251 1031 1513 1135 1033 
252 1438 1450 808 1779 
253 1257 1801 573 1784 
254 1197 1552 625 1578 
255 636 1324 596 1669 
256 1502 1775 1096 1093 
257 1756 1755 1283 1107 
258 988 1111 1320 1483 
259 1526 1521 1527 611 
260 1437 562 1958 1410 
261 666 849 1482 1918 
262 1892 1326 1884 600 
263 589 1824 1314 1342 
264 1310 1296 1297 1332 
265 1603 1572 1329 1318 
266 1308 1309 1681 1737 
267 1910 1279 1351 1352 
268 1909 1944 1454 1453 
269 1495 1496 1744 1751 
270 1367 620 1550 1331 
271 1806 868 1916 1284 
272 1393 1986 559 1591 
273 1285 1287 1288 1286 
274 1268 1895 1884 1326 
275 1698 1202 1826 1555 
276 1597 1337 1844 616 
277 1535 1130 1790 1527 
278 1790 1522 611 1527 
279 132 133 562 1437 
280 2003 1358 1279 1910 
281 1612 1613 1708 863 
282 1290 1288 1287 1289 
283 555 1269 1743 1724 
284 619 1629 589 1342 
285 1340 1899 840 1827 
286 1673 1117 1615 1348 
287 1858 627 1864 1543 
288 951 1266 1798 1586 
289 1828 1836 633 1596 
290 1516 1586 1798 1096 
291 1705 1508 1374 1036 
292 884 1405 1872 1747 
293 1572 594 1847 1329 
294 1745 1339 1989 650 
295 1877 603 1895 1268 
296 565 1803 1353 1796 
297 1752 1133 1753 1441 
298 875 1467 1459 1470 
299 1515 1790 1130 1127 
300 1455 1377 1977 1249 
301 1784 573 1534 1874 
302 1761 1282 1947 1731 
303 1390 1124 1378 1637 
304 1552 1338 1729 625 
305 1327 1892 1466 1563 
306 1294 1296 1310 1302 
307 1868 1487 1959 793 
308 1104 1612 863 1716 
309 1914 958 1854 1317 
310 114 1534 573 113 
311 1680 1681 1309 1851 
312 646 1333 644 643 
313 1363 567 1862 1364 
314 1333 646 650 1989 
315 1464 1732 870 1733 
316 1940 1382 1381 1125 
317 1369 1757 826 1102 
318 1902 1278 1938 850 
319 1676 1398 1927 815 
320 654 656 659 1386 
321 569 1341 1331 1550 
322 570 303 302 1372 
323 942 1351 1387 1140 
324 591 1273 1890 1855 
325 571 1328 1948 1816 
326 1441 1730 1442 1440 
327 1730 1441 1753 639 
328 984 1073 1391 1368 
329 585 1965 1794 1403 
330 1003 1006 1250 1548 
331 780 1658 1118 1560 
332 1178 1072 1368 1391 
333 1026 1037 1376 1476 
334 571 1735 1225 1328 
335 963 1380 1381 1222 
336 1736 637 1737 1681 
337 1761 1886 652 874 
338 994 1806 1284 1829 
339 1330 1967 832 1624 
340 1300 1304 1811 1311 
341 1291 1294 1997 1335 
342 1732 1495 1751 870 
343 606 641 1998 1285 
344 1302 1310 1849 1324 
345 116 1550 620 115 
346 1082 1481 575 1574 
347 921 1089 1377 1455 
348 1242 1360 1404 1946 
349 1469 1135 1513 1362 
350 1117 1673 1034 1449 
351 1540 1813 1885 744 
352 696 1950 1505 1881 
353 1478 884 1747 1336 
354 1476 1376 1887 1477 
355 1291 1335 2004 1976 
356 1838 1893 1237 1446 
357 1549 1815 1835 591 
358 682 684 1528 1624 
359 1423 1322 1247 1422 
360 1850 1325 1302 1324 
361 1827 838 1766 1340 
362 1521 1526 579 1789 
363 1578 1437 1410 1197 
364 1363 1365 1742 567 
365 1459 1467 1563 1466 
366 824 1406 774 772 
367 1618 1413 1064 1412 
368 600 98 99 1465 
369 1366 1364 1862 1408 
370 1814 1622 1943 1113 
371 1576 1371 1625 1138 
372 1682 858 1620 1436 
373 1642 1464 1733 671 
374 1384 758 756 1385 
375 1347 1350 1702 1701 
376 1059 969 1119 1373 
377 856 1378 835 831 
378 1442 187 8 320 
379 1297 1300 1311 1332 
380 605 1395 317 316 
381 1589 1413 628 1587 
382 1753 1133 1974 1500 
383 606 90 91 641 
384 1283 1488 574 1770 
385 604 642 1998 641 
386 1036 1374 1028 1030 
387 1686 1693 1641 1430 
388 1428 991 1430 1429 
389 1081 1095 1434 1433 
390 1446 1237 1136 1445 
391 1464 1642 1470 1460 
392 989 1484 1607 1110 
393 984 1368 1108 1369 
394 1389 618 1831 1394 
395 1427 1601 1602 1426 
396 608 1439 298 297 
397 1280 1059 1389 1281 
398 641 91 92 604 
399 571 1444 296 295 
400 1445 614 1772 1446 
401 1238 1397 1044 1046 
402 1908 832 1967 1558 
403 601 193 192 1468 
404 1553 1321 1247 1322 
405 650 646 647 648 
406 1810 1479 1946 1401 
407 1197 1410 1189 1191 
408 617 201 200 1480 
409 1351 942 1524 1352 
410 1323 1281 1389 1394 
411 1250 1453 1452 1548 
412 1360 311 310 1404 
413 610 191 190 1499 
414 969 1059 1280 968 
415 1483 986 987 988 
416 764 1644 759 761 
417 999 1001 1548 1452 
418 797 1740 817 799 
419 1098 1023 1022 1024 
420 1387 1090 1089 923 
421 1425 1013 1427 1426 
422 94 1350 1347 93 
423 1864 627 1870 1361 
424 1414 1060 955 956 
425 1110 1246 1247 1111 
426 1374 1037 1026 1028 
427 1405 884 882 880 
428 856 857 889 888 
429 1390 1125 885 1124 
430 654 1386 1981 874 
431 1056 1379 1319 1054 
432 989 1110 1111 988 
433 608 1346 1599 1439 
434 1090 1279 1358 1212 
435 1330 1529 892 970 
436 1396 904 954 955 
437 1445 1136 1129 1447 
438 1290 1289 1292 1291 
439 1927 1398 1019 1576 
440 1350 94 95 603 
441 1392 1238 1046 1048 
442 1353 1203 1345 1769 
443 982 1102 1505 1504 
444 1762 578 1949 1447 
445 986 1684 670 673 
446 822 789 787 1420 
447 1433 1079 1080 1081 
448 1379 1056 1062 1271 
449 1958 1272 1189 1410 
450 1395 638 318 317 
451 1802 1007 1008 1009 
452 973 1128 1129 974 
453 1411 1307 1313 1314 
454 307 1403 1399 308 
455 1548 1001 1002 1003 
456 1150 1149 1068 1148 
457 1476 1024 1025 1026 
458 1089 921 922 923 
459 1754 1243 1265 1610 
460 1406 1407 1872 1405 
461 1654 1122 1060 1498 
462 984 982 981 983 
463 1459 1456 599 1457 
464 1452 1453 1454 1451 
465 1802 1012 1006 1007 
466 1663 1318 1317 1210 
467 1004 1005 1006 1003 
468 1345 1203 966 965 
469 604 1347 1701 642 
470 1511 1510 1085 1088 
471 1131 1431 928 927 
472 1676 1014 1016 1398 
473 1124 885 852 851 
474 1769 635 1796 1353 
475 590 312 311 1360 
476 1465 99 100 1456 
477 857 856 831 830 
478 1392 1048 1049 1050 
479 1552 1197 1191 1193 
480 1393 1050 1051 1052 
481 1319 1052 1053 1054 
482 982 980 979 981 
483 1397 1162 1045 1044 
484 909 1524 942 912 
485 1272 1187 1188 1189 
486 1459 1457 1460 1470 
487 586 104 105 1519 
488 1438 996 998 1450 
489 970 892 937 959 
490 758 1384 833 760 
491 1222 1220 964 963 
492 1477 1098 1024 1476 
493 568 309 308 1399 
494 980 978 902 979 
495 1077 1078 1080 1079 
496 1355 1719 1533 1471 
497 1403 307 306 585 
498 884 1478 927 882 
499 585 306 305 1362 
500 1079 1433 1435 1083 
501 1091 1620 858 1692 
502 1093 1094 1095 1081 
503 1910 1352 1524 1525 
504 1269 1595 634 1743 
505 673 866 987 986 
506 1076 1075 1078 1077 
507 1791 1623 1532 612 
508 1170 1523 1253 1173 
509 1439 572 299 298 
510 1425 1210 1209 944 
511 978 1471 897 899 
512 1037 1374 1508 1375 
513 1425 944 940 1013 
514 1815 1549 1801 1257 
515 1428 932 930 991 
516 1346 608 1444 1728 
517 1444 608 297 296 
518 932 1428 1013 940 
519 604 92 93 1347 
520 1424 783 782 1559 
521 1079 1083 1565 1077 
522 1006 1005 1008 1007 
523 1406 841 776 774 
524 928 1431 991 930 
525 684 686 689 1528 
526 1075 1573 1097 1078 
527 1432 1516 1096 1775 
528 1488 609 292 291 
529 904 1396 965 889 
530 1529 1528 689 890 
531 1356 1595 1269 1131 
532 1467 875 667 1562 
533 284 1481 1417 285 
534 1575 848 768 766 
535 1519 105 106 1518 
536 1408 194 193 601 
537 1742 197 196 567 
538 1291 1292 1295 1294 
539 963 886 885 1380 
540 1628 1518 582 1894 
541 1414 1415 1498 1060 
542 1456 100 101 599 
543 594 1821 1800 1415 
544 1430 1641 593 1429 
545 587 286 285 1417 
546 1450 998 1452 1451 
547 1468 192 191 610 
548 1473 828 756 754 
549 1387 1351 1279 1090 
550 2002 1551 1970 1570 
551 982 1504 1355 980 
552 1452 998 997 999 
553 1387 1582 1141 1140 
554 1480 200 199 602 
555 1509 202 201 617 
556 701 1542 871 703 
557 1481 284 283 575 
558 1475 750 749 825 
559 281 1501 1419 282 
560 575 283 282 1419 
561 633 1354 556 1846 
562 998 996 910 997 
563 1367 1331 993 994 
564 1018 1019 1398 1016 
565 1471 978 980 1355 
566 643 645 647 646 
567 1472 1087 1085 1510 
568 588 280 279 1432 
569 1686 1430 991 1431 
570 1501 281 280 588 
571 1232 1536 1229 1227 
572 1543 1222 1381 1848 
573 1381 1380 885 1125 
574 1176 1150 1148 1151 
575 1530 1200 1199 1201 
576 1198 1195 1194 1196 
577 1195 1193 1192 1194 
578 1193 1191 1190 1192 
579 1131 1269 1686 1431 
580 1022 1023 1371 1020 
581 889 965 966 888 
582 1285 1286 1695 606 
583 701 868 1806 1542 
584 1034 1032 1031 1033 
585 1191 1189 1188 1190 
586 1499 190 189 639 
587 1429 593 1601 1427 
588 1044 1043 1047 1046 
589 886 963 964 913 
590 602 199 198 1503 
591 891 892 1529 890 
592 1039 833 1384 1041 
593 1396 955 1060 1122 
594 1720 103 104 586 
595 278 1514 1432 279 
596 1416 1176 1151 1177 
597 914 916 1455 1249 
598 1032 1030 1029 1031 
599 1369 1102 982 984 
600 1177 1186 1188 1187 
601 1514 278 277 576 
602 992 993 1577 933 
603 880 841 1406 1405 
604 970 959 1490 973 
605 1028 1026 1025 1027 
606 1466 1465 1456 1459 
607 1030 1028 1027 1029 
608 978 899 900 902 
609 1256 1545 1160 1158 
610 1412 1064 1063 1065 
611 1064 1062 1057 1063 
612 1356 1131 927 1478 
613 1046 1047 1049 1048 
614 1043 1044 1045 1042 
615 1062 1056 1055 1057 
616 1526 611 276 275 
617 320 319 1440 1442 
618 1065 1067 1147 1068 
619 1019 1018 1021 1020 
620 921 1455 916 920 
621 1056 1054 1053 1055 
622 1030 1032 1674 1036 
623 799 817 818 801 
624 1490 959 937 1491 
625 955 954 957 956 
626 882 927 928 883 
627 1099 1739 1500 1974 
628 878 968 1386 659 
629 880 882 883 881 
630 726 1554 847 729 
631 904 889 857 903 
632 1173 1253 1254 1175 
633 1699 1489 2001 862 
634 1532 1443 273 272 
635 818 817 1653 830 
636 1971 854 721 1541 
637 841 880 881 879 
638 1122 1345 965 1396 
639 981 979 1061 1520 
640 1832 1358 2003 753 
641 707 897 1471 1533 
642 1536 1233 1231 1229 
643 1890 1273 1087 1472 
644 1294 1295 1297 1296 
645 1330 1624 1528 1529 
646 1518 106 107 582 
647 1740 797 1995 1357 
648 1538 612 271 270 
649 835 1378 1124 851 
650 1016 1017 1479 1018 
651 833 1039 1040 1038 
652 1090 1212 1377 1089 
653 1429 1427 1013 1428 
654 954 904 903 953 
655 1545 1232 1227 1160 
656 957 954 953 1486 
657 274 273 1443 579 
658 1065 1068 1149 1412 
659 1535 950 1127 1130 
660 648 1830 1786 650 
661 1980 1559 782 1560 
662 1385 1639 1041 1384 
663 760 833 1038 762 
664 1016 1014 924 1015 
665 984 983 1101 1073 
666 1546 713 711 843 
667 1201 1219 1579 1530 
668 1265 314 313 1610 
669 992 933 893 871 
670 1547 613 267 266 
671 1177 1187 1272 1416 
672 1050 1393 1968 1392 
673 1512 1088 895 1640 
674 1059 1373 1975 1389 
675 973 974 1330 970 
676 1024 1022 1635 1025 
677 643 642 1701 645 
678 1922 1492 1782 613 
679 1344 1539 1005 1004 
680 968 878 995 969 
681 1148 1617 1185 1151 
682 1319 1590 559 1986 
683 1051 1912 1474 1859 
684 865 1581 699 697 
685 295 294 1735 571 
686 319 318 638 1440 
687 1362 305 304 1469 
688 1236 1234 1129 1136 
689 1413 1589 1062 1064 
690 1850 1680 1851 1325 
691 1304 1300 1299 1301 
692 1485 1250 1006 1012 
693 591 110 111 1549 
694 1534 114 115 620 
695 1011 1074 1573 1075 
696 1399 1400 1401 568 
697 1281 1323 1947 1282 
698 1440 638 1752 1441 
699 1531 1906 1571 624 
700 1791 1391 1073 1623 
701 979 902 1535 1061 
702 1698 1218 1201 1202 
703 1101 983 981 1544 
704 615 1484 1891 1561 
705 1550 116 117 569 
706 1020 1371 1576 1019 
707 619 1342 1315 1343 
708 1205 1911 1424 1559 
709 1342 1314 1313 1315 
710 659 660 1448 878 
711 1780 1519 1518 1628 
712 1323 1394 1831 584 
713 1682 1436 1083 1435 
714 1514 576 1790 1515 
715 1193 1195 1338 1552 
716 1387 923 1139 1582 
717 1577 993 1331 1341 
718 1692 727 816 1091 
719 187 1442 1730 188 
720 752 1475 1820 1473 
721 312 590 1610 313 
722 701 699 1581 868 
723 840 1540 744 742 
724 1438 906 907 996 
725 1195 1198 1793 1338 
726 888 966 1390 1637 
727 1613 1612 1106 1349 
728 202 1509 1717 203 
729 1604 693 691 869 
730 969 995 1120 1119 
731 644 1333 1954 1334 
732 1321 1320 1111 1247 
733 1043 1639 1258 1047 
734 656 658 660 659 
735 309 568 1404 310 
736 1371 1023 1098 1625 
737 1416 1272 1958 1898 
738 1624 832 680 682 
739 851 837 836 835 
740 899 897 864 898 
741 1061 1521 1789 1520 
742 1492 1491 1071 1537 
743 1011 1010 1082 1074 
744 1616 746 811 906 
745 1951 1750 299 572 
746 1491 937 938 1071 
747 703 871 893 705 
748 893 933 1577 934 
749 1034 1134 1665 1449 
750 1349 1614 1621 1613 
751 1265 1903 315 314 
752 910 908 911 1646 
753 1457 1458 1461 1460 
754 303 570 1469 304 
755 1478 1336 1254 1356 
756 261 260 1561 580 
757 1457 599 1645 1458 
758 1517 1486 1260 1487 
759 1088 1085 1084 895 
760 563 1793 1200 1531 
761 973 1255 1762 1128 
762 580 1838 1446 1772 
763 1349 1106 1161 1348 
764 1437 1578 131 132 
765 1470 1642 669 875 
766 890 689 690 861 
767 1612 1104 1105 1106 
768 120 1564 622 119 
769 1341 569 1726 1551 
770 733 829 1584 735 
771 1068 1147 1617 1148 
772 1042 1045 1164 1649 
773 838 737 735 1584 
774 121 566 1564 120 
775 1555 1554 725 1698 
776 563 1531 624 1852 
777 1401 1400 1955 1810 
778 872 1640 685 683 
779 1354 1169 1168 1167 
780 839 787 786 785 
781 1003 1002 1109 1004 
782 122 1566 566 121 
783 1424 785 784 783 
784 1035 1402 1794 1655 
785 1901 1555 1826 1196 
786 98 600 1884 97 
787 1486 953 1092 1260 
788 1560 782 781 780 
789 1426 1663 1210 1425 
790 764 914 1249 1644 
791 988 987 990 989 
792 824 772 771 770 
793 1755 1756 952 1224 
794 1083 1436 1620 1565 
795 1119 1758 1975 1373 
796 1717 1509 1252 1920 
797 1273 1142 1086 1087 
798 122 123 1569 623 
799 1432 1514 1515 1516 
800 291 290 574 1488 
801 1220 1221 1251 964 
802 993 992 1806 994 
803 123 124 564 1569 
804 1473 754 753 752 
805 1378 856 888 1637 
806 1631 1621 1614 1622 
807 1475 752 751 750 
808 1463 1494 1496 1495 
809 1010 1011 1764 1009 
810 1042 1041 1639 1043 
811 906 1438 1779 1616 
812 124 125 1571 564 
813 1004 1109 1370 1344 
814 1658 780 779 777 
815 1120 1421 1844 1337 
816 125 126 624 1571 
817 259 258 1568 615 
818 1087 1086 1084 1085 
819 1186 1177 1151 1185 
820 1256 1158 1157 1156 
821 1507 733 732 731 
822 1020 1021 1635 1022 
823 885 886 887 852 
824 847 731 730 729 
825 1014 855 873 924 
826 1337 1597 583 1758 
827 1139 923 922 972 
828 1873 824 770 1857 
829 999 1000 1103 1001 
830 102 1645 599 101 
831 1155 1154 1153 934 
832 1067 1065 1063 1066 
833 1546 715 714 713 
834 1041 1042 1649 1039 
835 854 723 722 721 
836 861 690 692 1661 
837 903 857 830 1653 
838 1499 1500 1739 610 
839 1453 1250 1485 1909 
840 892 891 938 937 
841 1203 1204 1390 966 
842 1176 1416 1898 1837 
843 653 1688 975 655 
844 1533 704 706 707 
845 721 719 1938 1541 
846 194 1408 1862 195 
847 1484 615 1568 1607 
848 910 996 907 908 
849 130 131 1578 625 
850 830 831 834 818 
851 742 740 1827 840 
852 1127 1586 1516 1515 
853 886 913 971 887 
854 876 1650 1181 948 
855 1144 1143 1086 1142 
856 819 1647 853 827 
857 1034 1033 1135 1134 
858 897 707 708 864 
859 1348 1615 1614 1349 
860 748 1878 825 749 
861 1639 1385 1978 1258 
862 1224 952 926 985 
863 902 900 950 1535 
864 1494 1463 1462 1493 
865 687 685 1640 895 
866 1773 1419 1501 1888 
867 133 134 1580 562 
868 1137 1625 1098 1489 
869 986 1483 849 1684 
870 134 135 626 1580 
871 1728 1139 972 1346 
872 1156 1155 2002 1570 
873 135 136 1583 626 
874 1155 1156 1157 1154 
875 1162 1163 1164 1045 
876 136 137 561 1583 
877 169 170 1572 1603 
878 1604 695 694 693 
879 1463 1461 1458 1462 
880 1586 1127 950 951 
881 1635 1035 1027 1025 
882 1491 1492 1922 1490 
883 930 929 883 928 
884 977 1363 1364 1276 
885 865 697 696 695 
886 137 138 1585 561 
887 1215 1214 1145 1146 
888 170 171 594 1572 
889 1146 1145 1143 1144 
890 1574 575 1419 1773 
891 277 276 611 1522 
892 138 139 628 1585 
893 831 835 836 834 
894 1178 1071 938 1072 
895 715 1546 1865 850 
896 686 688 690 689 
897 1489 1699 795 1137 
898 1082 1574 1573 1074 
899 1103 1611 1002 1001 
900 1653 1092 953 903 
901 1217 1216 1214 1215 
902 1525 1524 909 1672 
903 801 800 798 799 
904 916 917 919 920 
905 139 140 1587 628 
906 140 141 560 1587 
907 914 915 917 916 
908 789 791 792 790 
909 141 142 1588 560 
910 1091 1734 1565 1620 
911 896 876 845 853 
912 142 143 629 1588 
913 275 274 579 1526 
914 1227 1226 1159 1160 
915 1160 1159 1157 1158 
916 1229 1228 1226 1227 
917 143 144 1590 629 
918 799 798 796 797 
919 899 898 901 900 
920 144 145 559 1590 
921 836 837 1689 842 
922 1372 302 301 1795 
923 1231 1230 1228 1229 
924 1785 1422 1897 581 
925 1795 1264 1263 1372 
926 145 146 1591 559 
927 146 147 631 1591 
928 787 789 790 788 
929 1016 1015 1241 1017 
930 1467 1562 1709 1563 
931 147 148 1592 631 
932 119 622 1726 118 
933 1687 709 706 1656 
934 148 149 558 1592 
935 974 1129 1234 1557 
936 673 670 671 672 
937 149 150 1593 558 
938 1451 1454 736 1930 
939 150 151 632 1593 
940 697 699 700 698 
941 673 674 1627 866 
942 1433 1434 1985 1435 
943 272 271 612 1532 
944 681 680 678 679 
945 1163 1165 1166 1164 
946 151 152 1594 632 
947 1209 967 945 944 
948 152 153 556 1594 
949 940 944 945 943 
950 685 684 682 683 
951 1184 971 913 1630 
952 932 931 929 930 
953 703 705 706 704 
954 1165 1167 1168 1166 
955 940 939 931 932 
956 1523 1170 1168 1169 
957 778 806 1105 1104 
958 269 268 1782 577 
959 683 682 680 681 
960 1032 1034 1673 1674 
961 846 1627 674 676 
962 687 686 684 685 
963 1175 1174 1172 1173 
964 688 691 692 690 
965 691 693 694 692 
966 699 701 702 700 
967 155 156 1596 633 
968 1894 582 1890 1472 
969 713 712 710 711 
970 735 734 732 733 
971 1660 714 715 716 
972 156 157 557 1596 
973 1519 1780 1493 586 
974 701 703 704 702 
975 1053 1058 1619 1055 
976 175 176 635 1605 
977 270 269 577 1538 
978 676 677 679 678 
979 1554 726 724 725 
980 157 158 1600 557 
981 158 159 634 1600 
982 719 721 722 720 
983 783 859 781 782 
984 715 717 718 716 
985 737 736 734 735 
986 164 165 593 1641 
987 760 762 763 761 
988 709 708 707 706 
989 768 770 771 769 
990 742 741 739 740 
991 744 743 741 742 
992 674 675 677 676 
993 866 1609 990 987 
994 1413 1618 1585 628 
995 725 724 722 723 
996 754 756 757 755 
997 758 760 761 759 
998 874 652 653 654 
999 766 768 769 767 
1000 711 710 708 709 
1001 774 773 771 772 
1002 756 758 759 757 
1003 776 775 773 774 
1004 749 1749 747 748 
1005 165 166 1601 593 
1006 763 766 767 765 
1007 167 168 554 1602 
1008 1194 1192 1626 1245 
1009 168 169 1603 554 
1010 1052 1319 1986 1393 
1011 867 1448 660 662 
1012 174 175 1605 553 
1013 1192 1190 1262 1626 
1014 1625 1137 905 1138 
1015 900 901 951 950 
1016 1616 743 745 746 
1017 1943 1114 1112 1113 
1018 890 861 1675 891 
1019 737 838 1827 738 
1020 166 167 1602 1601 
1021 1194 1245 1901 1196 
1022 1665 1116 1117 1449 
1023 594 1415 1414 1847 
1024 1311 1913 1608 1332 
1025 913 964 1251 1630 
1026 293 292 609 1685 
1027 1870 640 1920 1361 
1028 919 946 1636 920 
1029 947 1113 1112 1070 
1030 921 920 1636 922 
1031 1039 1649 1746 1040 
1032 938 1108 1368 1072 
1033 1222 1543 1864 1220 
1034 673 672 675 674 
1035 1642 671 670 669 
1036 901 1126 1266 951 
1037 729 728 727 726 
1038 1200 1530 1906 1531 
1039 942 1140 1141 941 
1040 163 164 1641 1693 
1041 1067 1066 1270 1813 
1042 162 163 1693 555 
1043 1180 1179 887 971 
1044 266 265 578 1547 
1045 766 763 762 1575 
1046 1646 1690 997 910 
1047 851 852 1689 837 
1048 254 253 1597 616 
1049 1055 1619 1694 1057 
1050 1554 1555 1901 847 
1051 668 666 665 667 
1052 633 1836 1169 1354 
1053 952 911 912 926 
1054 1014 1676 820 855 
1055 128 129 1729 563 
1056 962 961 960 936 
1057 999 997 1690 1000 
1058 875 669 668 667 
1059 1480 1184 1630 1715 
1060 263 262 1772 614 
1061 1671 1168 1170 1171 
1062 1224 985 1328 1225 
1063 792 794 796 795 
1064 1667 1112 1114 1115 
1065 785 786 802 784 
1066 811 746 745 747 
1067 1248 946 947 1069 
1068 798 800 804 803 
1069 940 943 1205 939 
1070 1370 288 287 1853 
1071 895 1084 1657 687 
1072 113 573 1801 112 
1073 1498 553 1605 1654 
1074 823 819 814 810 
1075 914 764 765 860 
1076 1399 1402 1955 1400 
1077 1181 1099 949 948 
1078 1598 810 809 804 
1079 842 936 960 935 
1080 1845 1771 179 180 
1081 893 1656 706 705 
1082 1173 1172 1171 1170 
1083 1348 1161 1674 1673 
1084 908 909 912 911 
1085 1183 1171 1172 1182 
1086 869 691 688 1657 
1087 942 941 926 912 
1088 1648 960 961 976 
1089 1264 1115 1116 1263 
1090 662 660 658 661 
1091 761 763 765 764 
1092 1137 795 796 905 
1093 961 977 1275 976 
1094 853 845 844 827 
1095 948 877 845 876 
1096 677 675 1733 870 
1097 1146 1257 1784 1215 
1098 664 662 661 663 
1099 841 879 1658 776 
1100 704 1533 1719 702 
1101 843 711 709 1687 
1102 775 777 779 778 
1103 161 162 555 1724 
1104 792 791 1868 793 
1105 762 1038 1634 1575 
1106 1057 1694 1066 1063 
1107 1117 1116 1115 1114 
1108 815 809 810 814 
1109 1243 1240 1633 1265 
1110 683 681 1744 872 
1111 1551 2002 1577 1341 
1112 827 820 814 819 
1113 1820 1475 825 1812 
1114 658 656 655 657 
1115 775 776 1658 777 
1116 1363 977 961 1365 
1117 1300 1297 1298 1299 
1118 252 251 1606 583 
1119 686 687 1657 688 
1120 801 818 834 1643 
1121 712 813 1678 710 
1122 934 1153 1656 893 
1123 1540 1147 1067 1813 
1124 1598 804 800 1662 
1125 855 820 827 844 
1126 906 811 1672 907 
1127 864 708 710 1678 
1128 625 1729 129 130 
1129 260 259 615 1561 
1130 1495 1732 1461 1463 
1131 103 1720 1645 102 
1132 1243 925 1239 1240 
1133 110 591 1855 109 
1134 1647 1871 896 853 
1135 1082 1982 1417 1481 
1136 569 117 118 1726 
1137 756 828 1978 1385 
1138 669 670 1684 668 
1139 667 665 1709 1562 
1140 1092 1653 817 1740 
1141 800 801 1643 1662 
1142 1126 901 898 1659 
1143 571 1816 1728 1444 
1144 722 858 1682 720 
1145 1646 1756 1107 1690 
1146 1411 1305 1306 1307 
1147 873 925 1666 924 
1148 1029 1027 1035 1655 
1149 666 668 1684 849 
1150 956 957 1939 958 
1151 1018 1479 1810 1021 
1152 1031 1029 1655 1223 
1153 258 257 581 1568 
1154 1107 1283 1770 1103 
1155 656 654 653 655 
1156 1326 1207 1206 1268 
1157 723 1556 1698 725 
1158 1260 1092 1740 1357 
1159 1323 584 1904 1359 
1160 716 718 1682 812 
1161 188 1730 639 189 
1162 1415 1800 553 1498 
1163 891 1675 1108 938 
1164 881 1118 1658 879 
1165 898 864 1678 1659 
1166 1685 1735 294 293 
1167 1103 1000 1690 1107 
1168 726 727 1692 724 
1169 1343 1359 1904 619 
1170 1322 1421 1120 1553 
1171 1500 1499 639 1753 
1172 881 883 929 1700 
1173 876 896 1840 1650 
1174 159 160 1743 634 
1175 1875 1752 638 1395 
1176 713 714 1670 712 
1177 561 1585 1618 1677 
1178 663 661 1718 894 
1179 1255 1922 613 1547 
1180 878 1448 1725 995 
1181 1184 1480 602 1966 
1182 1143 1722 1084 1086 
1183 1254 1336 1747 1175 
1184 655 975 1123 657 
1185 265 264 1949 578 
1186 821 700 702 1719 
1187 1208 1206 1123 975 
1188 1656 1153 1741 1687 
1189 1848 592 1858 1543 
1190 1167 1165 1839 1842 
1191 1212 1358 1832 1984 
1192 257 256 1785 581 
1193 1287 1285 1998 1889 
1194 924 1666 1241 1015 
1195 908 907 1672 909 
1196 1120 1337 1758 1119 
1197 719 720 1682 718 
1198 727 728 1691 816 
1199 1362 1513 1965 585 
1200 1210 1317 1854 1209 
1201 715 850 1938 717 
1202 985 926 941 1668 
1203 1412 1149 1677 1618 
1204 869 1657 1084 1722 
1205 1190 1188 1766 1262 
1206 1100 1834 1787 949 
1207 607 300 299 1750 
1208 253 252 583 1597 
1209 815 814 820 1676 
1210 852 887 1179 1689 
1211 858 722 724 1692 
1212 872 1744 1496 1917 
1213 1460 1461 1732 1464 
1214 1112 1667 1723 1070 
1215 186 10 204 1925 
1216 277 1522 1790 576 
1217 729 730 1691 728 
1218 1138 905 1683 1235 
1219 1480 1715 1876 617 
1220 251 250 618 1606 
1221 861 1661 1757 1675 
1222 798 1683 905 796 
1223 1005 1539 1856 1008 
1224 591 1835 1142 1273 
1225 160 161 1724 1743 
1226 586 1493 1462 1720 
1227 1909 1485 1924 1944 
1228 657 1718 661 658 
1229 1633 1875 1395 605 
1230 1689 1721 936 842 
1231 176 177 1796 635 
1232 947 1070 1723 1069 
1233 769 805 1696 767 
1234 788 790 1699 862 
1235 1129 1128 1762 1447 
1236 1238 1392 1968 1935 
1237 780 781 1697 779 
1238 860 765 767 1696 
1239 246 245 1629 619 
1240 790 792 795 1699 
1241 1857 1388 1182 1873 
1242 580 1772 262 261 
1243 671 1733 675 672 
1244 842 935 1707 836 
1245 778 779 1697 806 
1246 1017 1242 1946 1479 
1247 1343 1947 1323 1359 
1248 1458 1645 1720 1462 
1249 816 1213 1734 1091 
1250 1308 1737 637 1936 
1251 773 863 1708 771 
1252 1445 1447 1949 614 
1253 787 788 1712 786 
1254 1817 1706 967 1211 
1255 1106 1105 1705 1161 
1256 1104 1716 775 778 
1257 621 1638 1811 1506 
1258 1077 1565 1734 1076 
1259 946 919 1703 947 
1260 943 945 1152 1713 
1261 197 1742 1503 198 
1262 805 769 771 1708 
1263 1036 1674 1161 1705 
1264 925 873 1704 1239 
1265 1369 1108 1675 1757 
1266 919 917 918 1703 
1267 783 784 1714 859 
1268 664 663 1709 665 
1269 649 651 1830 648 
1270 877 1704 844 845 
1271 126 127 1852 624 
1272 1153 1154 1157 1741 
1273 806 1121 1705 1105 
1274 945 967 1706 1152 
1275 1595 1356 1254 1768 
1276 743 1616 1779 741 
1277 1604 869 1722 1774 
1278 863 773 775 1716 
1279 1287 1727 1292 1289 
1280 1817 1211 1939 1517 
1281 1335 1851 1309 2004 
1282 1201 1199 1826 1202 
1283 1304 1301 1306 1305 
1284 836 1707 1643 834 
1285 676 678 1908 846 
1286 855 844 1704 873 
1287 587 1344 1370 1853 
1288 244 243 1632 589 
1289 1050 1049 1912 1051 
1290 1502 588 1432 1775 
1291 245 244 589 1629 
1292 1469 1788 1134 1135 
1293 1448 867 1843 1725 
1294 665 666 1918 664 
1295 171 172 1821 594 
1296 613 1782 268 267 
1297 255 254 616 1748 
1298 183 184 1870 627 
1299 181 182 1858 592 
1300 1399 1403 1794 1402 
1301 1468 1953 1651 601 
1302 1002 1611 1763 1109 
1303 243 242 621 1632 
1304 1523 1828 1804 1253 
1305 1168 1671 1746 1166 
1306 843 1818 1865 1546 
1307 1093 1096 1798 1094 
1308 1075 1076 1764 1011 
1309 153 154 1846 556 
1310 1364 1366 1778 1276 
1311 870 1751 679 677 
1312 1076 1734 1213 1764 
1313 242 241 1638 621 
1314 681 679 1751 1744 
1315 802 1887 1376 1919 
1316 1802 1409 1988 1012 
1317 1748 1785 256 255 
1318 743 744 1991 745 
1319 1340 1766 1188 1186 
1320 250 249 1831 618 
1321 1672 811 747 1749 
1322 946 1248 1990 1636 
1323 798 803 1776 1683 
1324 1574 1773 1097 1573 
1325 1938 1278 1971 1541 
1326 925 1243 1754 1666 
1327 1908 1558 1905 846 
1328 1875 1132 1133 1752 
1329 241 240 595 1638 
1330 1149 1150 1765 1677 
1331 1932 1702 1877 1208 
1332 1820 1812 1619 1058 
1333 1231 1244 1808 1274 
1334 754 755 1832 753 
1335 877 1787 1239 1704 
1336 1199 1200 1793 1198 
1337 968 1280 1981 1386 
1338 697 698 1950 696 
1339 692 694 1881 826 
1340 787 839 1867 1420 
1341 1644 1777 757 759 
1342 971 1184 1966 1180 
1343 240 239 1652 595 
1344 1150 1176 1837 1765 
1345 1247 1246 1897 1422 
1346 1370 1934 289 288 
1347 1305 1411 1996 1506 
1348 1677 1765 1583 561 
1349 1494 1497 1917 1496 
1350 90 606 1695 89 
1351 1267 1783 813 1833 
1352 565 1796 177 178 
1353 178 179 1771 565 
1354 553 1800 173 174 
1355 1207 1326 1892 1327 
1356 1544 1900 1999 1101 
1357 239 238 630 1652 
1358 981 1520 1789 1544 
1359 1649 1164 1166 1746 
1360 248 247 1904 584 
1361 1682 1435 1985 812 
1362 648 647 1738 649 
1363 1595 1768 1600 634 
1364 1517 1487 1868 1817 
1365 1763 1611 1103 1770 
1366 1335 1997 1325 1851 
1367 1828 1523 1169 1836 
1368 1781 1095 1094 1797 
1369 1320 1321 1843 1482 
1370 995 1725 1553 1120 
1371 1540 1942 1617 1147 
1372 734 1944 1924 732 
1373 1640 872 1917 1512 
1374 1205 1559 1980 1896 
1375 1549 111 112 1801 
1376 1582 1139 1728 1816 
1377 1017 1241 1863 1242 
1378 943 1713 1911 1205 
1379 1242 1863 590 1360 
1380 1980 1560 1118 1809 
1381 238 237 1664 630 
1382 1203 1353 1803 1204 
1383 1654 1605 635 1769 
1384 751 807 1869 750 
1385 1722 1143 1145 1774 
1386 1698 1556 1972 1218 
1387 737 738 1930 736 
1388 1493 1780 1497 1494 
1389 911 952 1756 1646 
1390 1265 1633 605 1903 
1391 1940 1941 1383 1382 
1392 1062 1589 1987 1271 
1393 300 607 1795 301 
1394 871 1542 1806 992 
1395 1622 918 1983 1631 
1396 1234 1558 1967 1557 
1397 1201 1218 1808 1219 
1398 692 826 1757 1661 
1399 741 1779 808 739 
1400 652 649 1738 653 
1401 1465 1466 1892 600 
1402 1857 848 1933 1388 
1403 1327 1563 1709 1879 
1404 1266 1797 1094 1798 
1405 936 1721 1956 962 
1406 1406 824 1873 1407 
1407 1630 1251 1876 1715 
1408 237 236 596 1664 
1409 1165 1163 1841 1839 
1410 1687 1741 1818 843 
1411 1422 1785 1748 1423 
1412 657 1123 1792 1718 
1413 1318 1329 1914 1317 
1414 1705 1121 1921 1508 
1415 1132 1100 1974 1133 
1416 1098 1477 2001 1489 
1417 804 809 1776 803 
1418 1122 1654 1769 1345 
1419 695 1604 1822 865 
1420 977 1276 1778 1275 
1421 1038 1040 1882 1634 
1422 236 235 1669 596 
1423 584 1831 249 248 
1424 1228 1230 1971 1278 
1425 1711 1180 1966 1710 
1426 1298 1339 1745 1299 
1427 1313 1316 1731 1315 
1428 947 1703 1814 1113 
1429 1252 1509 617 1876 
1430 1126 1267 1797 1266 
1431 1305 1506 1811 1304 
1432 1136 1237 1923 1236 
1433 784 802 1919 1714 
1434 1231 1233 1915 1244 
1435 917 915 1983 918 
1436 235 234 636 1669 
1437 1579 1219 1808 1244 
1438 1482 1843 867 1918 
1439 948 949 1787 877 
1440 1956 1711 1880 962 
1441 1454 1944 734 736 
1442 172 173 1800 1821 
1443 1206 1207 1792 1123 
1444 1040 1746 1671 1882 
1445 929 931 1896 1700 
1446 234 233 1679 636 
1447 816 1409 1802 1213 
1448 1807 1923 990 1609 
1449 649 652 1886 651 
1450 1713 1867 839 1911 
1451 1282 1761 874 1981 
1452 1186 1185 1899 1340 
1453 1604 1774 1145 1822 
1454 1707 1799 1662 1643 
1455 813 1783 1659 1678 
1456 1257 1146 1144 1815 
1457 731 847 1901 1507 
1458 1245 1963 1507 1901 
1459 1382 1383 1848 1381 
1460 643 644 1998 642 
1461 1680 597 1736 1681 
1462 796 794 1995 797 
1463 290 289 1934 574 
1464 557 1600 1768 1804 
1465 752 753 2003 751 
1466 1599 1346 972 1990 
1467 1198 1196 1826 1199 
1468 739 738 1827 740 
1469 233 232 597 1679 
1470 1253 1804 1768 1254 
1471 1486 1517 1939 957 
1472 1267 1126 1659 1783 
1473 1081 1080 2000 1093 
1474 1010 1856 1982 1082 
1475 316 315 1903 605 
1476 1221 1361 1920 1252 
1477 567 196 195 1862 
1478 1581 865 1822 1860 
1479 1469 570 1957 1788 
1480 1988 1691 730 1924 
1481 633 1846 154 155 
1482 1110 1607 1897 1246 
1483 1923 1807 1905 1236 
1484 1299 1745 1306 1301 
1485 1622 1814 1703 918 
1486 785 1424 1911 839 
1487 1741 1157 1159 1818 
1488 592 1845 180 181 
1489 1871 1647 1992 1277 
1490 1644 1249 1977 1777 
1491 1073 1101 1999 1623 
1492 1815 1144 1142 1835 
1493 563 1852 127 128 
1494 1361 1221 1220 1864 
1495 570 1372 1263 1957 
1496 1156 1570 1969 1256 
1497 1886 1316 1313 1861 
1498 866 1627 1807 1609 
1499 1750 1994 1929 607 
1500 1725 1843 1321 1553 
1501 1994 1723 1667 1929 
1502 1295 1292 1727 1825 
1503 956 958 1914 1414 
1504 1443 1532 1623 1999 
1505 1631 1983 860 1696 
1506 630 1664 1849 1608 
1507 810 1598 1964 823 
1508 789 822 1868 791 
1509 848 1857 770 768 
1510 1579 1244 1915 1907 
1511 627 1858 182 183 
1512 1009 1008 1856 1010 
1513 961 962 1880 1365 
1514 1088 1512 1962 1511 
1515 1473 1474 1978 828 
1516 1804 1828 1596 557 
1517 1071 1178 1928 1537 
1518 1297 1295 1825 1298 
1519 1765 1837 626 1583 
1520 989 1261 1891 1484 
1521 286 587 1853 287 
1522 109 1855 1890 108 
1523 868 1581 1860 1916 
1524 232 231 1736 597 
1525 829 1963 1245 1626 
1526 1053 1859 1820 1058 
1527 1021 1810 1955 1635 
1528 973 1490 1922 1255 
1529 663 894 1879 1709 
1530 1439 1599 1951 572 
1531 1397 1238 1935 1866 
1532 1812 825 1878 1805 
1533 640 1870 184 185 
1534 1052 1051 1859 1053 
1535 712 1670 1833 813 
1536 1895 96 97 1884 
1537 1941 1940 1204 1803 
1538 1924 1485 1012 1988 
1539 1138 1235 1927 1576 
1540 1931 1952 1564 566 
1541 1472 1510 1511 1894 
1542 1066 1694 1805 1270 
1543 881 1700 1809 1118 
1544 1608 1913 1652 630 
1545 603 95 96 1895 
1546 1672 1749 1869 1525 
1547 1145 1214 1860 1822 
1548 620 1367 1874 1534 
1549 587 1417 1982 1418 
1550 1037 1375 1919 1376 
1551 582 107 108 1890 
1552 1134 1788 1957 1665 
1553 967 1209 1854 1211 
1554 1711 1956 1179 1180 
1555 619 1904 247 246 
1556 1952 1931 1232 1545 
1557 974 1557 1967 1330 
1558 1332 1608 1849 1310 
1559 1009 1764 1213 1802 
1560 603 1877 1702 1350 
1561 1780 1628 1962 1497 
1562 1333 1989 1339 1954 
1563 1771 1941 1803 565 
1564 1561 1891 1838 580 
1565 1307 1306 1786 1312 
1566 588 1502 1888 1501 
1567 1236 1905 1558 1234 
1568 1389 1975 1606 618 
1569 1594 1839 1841 632 
1570 1221 1252 1876 1251 
1571 632 1841 1823 1593 
1572 1408 601 1651 1945 
1573 1593 1823 1866 558 
1574 733 1507 1963 829 
1575 614 1949 264 263 
1576 1240 1239 1787 1834 
1577 896 1778 1366 1840 
1578 989 990 1893 1261 
1579 592 1848 1383 1845 
1580 1818 1159 1226 1865 
1581 556 1842 1839 1594 
1582 1215 1784 1874 1217 
1583 1894 1511 1962 1628 
1584 1742 1365 1880 1819 
1585 786 1712 1887 802 
1586 612 1538 1928 1791 
1587 1907 1906 1530 1579 
1588 1587 560 1987 1589 
1589 1634 1882 1183 1933 
1590 1570 1970 622 1969 
1591 122 623 1883 1566 
1592 1685 609 1755 1973 
1593 976 1275 1871 1277 
1594 1742 1819 1710 1503 
1595 960 1648 1964 935 
1596 1207 1327 1879 1792 
1597 1163 1162 1823 1841 
1598 662 664 1918 867 
1599 1391 1791 1928 1178 
1600 1270 1567 1885 1813 
1601 1408 1945 1840 1366 
1602 1078 1097 2000 1080 
1603 637 1767 598 1936 
1604 1100 1132 1979 1834 
1605 819 823 1992 1647 
1606 1268 1206 1208 1877 
1607 650 1786 1306 1745 
1608 1275 1778 896 1871 
1609 695 696 1881 694 
1610 1307 1312 1861 1313 
1611 718 717 1938 719 
1612 749 750 1869 1749 
1613 1212 1984 1977 1377 
1614 1214 1216 1916 1860 
1615 1423 1748 616 1844 
1616 1878 748 1991 1567 
1617 647 645 1932 1738 
1618 1047 1258 1912 1049 
1619 832 1908 678 680 
1620 1837 1898 1580 626 
1621 723 854 1972 1556 
1622 1694 1619 1812 1805 
1623 185 186 1925 640 
1624 1797 1267 1833 1781 
1625 1805 1878 1567 1270 
1626 1582 1816 1948 1141 
1627 1240 1834 1979 1633 
1628 747 745 1991 748 
1629 1906 1907 564 1571 
1630 231 230 637 1736 
1631 826 1881 1505 1102 
1632 700 821 1950 698 
1633 985 1668 1948 1328 
1634 850 1865 1226 1902 
1635 1031 1223 1965 1513 
1636 934 1577 2002 1155 
1637 806 1697 1921 1121 
1638 1099 1181 1953 1739 
1639 1575 1634 1933 848 
1640 579 1443 1999 1900 
1641 1205 1896 931 939 
1642 1497 1962 1512 1917 
1643 566 1566 1883 1931 
1644 1278 1902 1226 1228 
1645 1758 583 1606 1975 
1646 1569 564 1907 1915 
1647 653 1738 1932 1688 
1648 739 808 1930 738 
1649 1695 1286 1288 1303 
1650 1217 1284 1916 1216 
1651 809 815 1927 1776 
1652 1162 1397 1866 1823 
1653 1069 1259 1951 1248 
1654 1845 1383 1941 1771 
1655 1334 1727 1287 1889 
1656 1125 1390 1204 1940 
1657 1622 1614 1615 1943 
1658 1666 1754 1863 1241 
1659 1650 1840 1945 1651 
1660 623 1569 1915 1233 
1661 623 1233 1536 1883 
1662 1182 1388 1933 1183 
1663 1607 1568 581 1897 
1664 1537 1928 1538 577 
1665 610 1739 1953 1468 
1666 558 1866 1935 1592 
1667 1701 1702 1932 645 
1668 792 793 1995 794 
1669 1171 1183 1882 1671 
1670 975 1688 1932 1208 
1671 1324 1849 1664 596 
1672 731 732 1924 730 
1673 1536 1232 1931 1883 
1674 1662 1799 1964 1598 
1675 1713 1152 1961 1867 
1676 1281 1282 1981 1280 
1677 1627 846 1905 1807 
1678 1402 1035 1635 1955 
1679 1786 1830 1861 1312 
1680 1487 1260 1357 1959 
1681 1650 1651 1953 1181 
1682 1735 1685 1973 1225 
1683 568 1401 1946 1404 
1684 714 1660 1926 1670 
1685 1115 1264 1929 1667 
1686 1961 1817 1868 822 
1687 1116 1665 1957 1263 
1688 1175 1747 1872 1174 
1689 1898 1958 562 1580 
1690 203 1717 1925 204 
1691 1334 1889 1998 644 
1692 1770 574 1934 1763 
1693 1920 640 1925 1717 
1694 622 1970 1551 1726 
1695 1610 590 1863 1754 
1696 1990 1248 1951 1599 
1697 1683 1776 1927 1235 
1698 1284 1217 1874 1829 
1699 1592 1935 1968 631 
1700 1964 1648 1992 823 
1701 230 229 1767 637 
1702 1638 595 1993 1811 
1703 1294 1302 1325 1997 
1704 1231 1274 1971 1230 
1705 1660 1985 1434 1926 
1706 822 1420 1867 1961 
1707 1393 1591 631 1968 
1708 1731 1316 1886 1761 
1709 1707 935 1964 1799 
1710 781 859 1921 1697 
1711 1375 1508 1921 1960 
1712 1670 1926 1781 1833 
1713 1886 1861 1830 651 
1714 1271 1987 560 1588 
1715 994 1829 1874 1367 
1716 1539 1418 1982 1856 
1717 1503 1710 1966 602 
1718 914 860 1983 915 
1719 1689 1179 1956 1721 
1720 941 1141 1948 1668 
1721 1718 1792 1879 894 
1722 976 1277 1992 1648 
1723 1324 636 1679 1850 
1724 949 1099 1974 1100 
1725 1315 1731 1947 1343 
1726 1811 1993 1913 1311 
1727 1910 807 751 2003 
1728 922 1636 1990 972 
1729 1951 1259 1994 1750 
1730 1329 1847 1414 1914 
1731 1893 1838 1891 1261 
1732 579 1900 1544 1789 
1733 1109 1763 1934 1370 
1734 597 1680 1850 1679 
1735 716 812 1985 1660 
1736 589 1632 1996 1824 
1737 1473 1820 1859 1474 
1738 816 1691 1988 1409 
1739 1712 2001 1477 1887 
1740 1095 1781 1926 1434 
1741 1655 1794 1965 1223 
1742 1710 1819 1880 1711 
1743 1825 1954 1339 1298 
1744 1817 1961 1152 1706 
1745 1274 1808 1218 1972 
1746 229 228 598 1767 
1747 1069 1723 1994 1259 
1748 788 862 2001 1712 
1749 228 227 1759 598 
1750 1976 1308 1937 1293 
1751 607 1929 1264 1795 
1752 1633 1979 1132 1875 
1753 1291 1976 1293 1290 
1754 1506 1996 1632 621 
1755 1727 1334 1954 1825 
1756 1225 1973 1755 1224 
1757 1936 598 1759 1760 
1758 1913 1993 595 1652 
1759 757 1777 1977 755 
1760 1714 1919 1375 1960 
1761 1977 1984 1832 755 
1762 1314 1824 1996 1411 
1763 1172 1174 1873 1182 
1764 622 1564 1952 1969 
1765 1872 1407 1873 1174 
1766 1237 1893 990 1923 
1767 1545 1256 1969 1952 
1768 958 1939 1211 1854 
1769 1185 1617 1942 1899 
1770 1773 1888 2000 1097 
1771 1896 1980 1809 1700 
1772 1540 840 1899 1942 
1773 1714 1960 1921 859 
1774 1308 1976 2004 1309 
1775 744 1885 1567 1991 
1776 1093 2000 1888 1502 
1777 1474 1912 1258 1978 
1778 793 1959 1357 1995 
1779 1936 1760 1937 1308 
1780 89 1695 1303 2 
1781 223 3 2 1937 
1782 1937 1760 1759 225 
1783 1290 1293 1303 1288 
1784 2 1303 1293 1937 
2 6 2 4
1785 322 323 3389 
1786 3389 321 322 
1787 3211 323 324 
1788 324 325 3211 
2 6 3 1558
1789 2619 2806 2008 3294 
1790 2831 2081 3040 2723 
1791 2707 3214 2030 2999 
1792 2281 3036 2714 3078 
1793 3055 2006 3115 2770 
1794 2944 3234 2029 2989 
1795 3382 2903 2902 2260 
1796 3148 3083 3073 2257 
1797 3145 2007 2721 3138 
1798 2039 2796 2991 2870 
1799 2015 3245 2790 3181 
1800 3423 2306 3424 2726 
1801 3321 2977 3362 2259 
1802 2771 3042 2081 2831 
1803 2940 2061 3207 2735 
1804 3395 2566 2569 3067 
1805 2257 3073 3065 3160 
1806 2956 2807 3171 2273 
1807 2935 2301 2934 2772 
1808 2273 3402 2957 2956 
1809 3036 2290 3218 2714 
1810 3296 2875 2774 2873 
1811 2878 3115 2006 3054 
1812 2987 2513 2973 2979 
1813 2483 2485 2587 2965 
1814 2890 3231 2260 2902 
1815 2709 3236 2025 3253 
1816 2649 3030 2077 3004 
1817 2088 3121 2048 2776 
1818 2954 2545 2548 3227 
1819 3208 2559 2735 3207 
1820 2440 2935 2772 2563 
1821 2978 2063 2979 2973 
1822 2889 2862 3410 2014 
1823 2118 3370 2934 2301 
1824 3344 2052 3336 2778 
1825 2041 2794 2766 3276 
1826 2762 2784 2749 2748 
1827 3055 2770 2781 3024 
1828 2760 3189 3133 2761 
1829 3362 2804 2803 2731 
1830 3361 2905 2906 3396 
1831 2947 3203 3196 2948 
1832 2819 2783 3002 2072 
1833 3258 2736 3368 2320 
1834 2845 3043 2011 3438 
1835 2737 2738 2740 2739 
1836 2720 2778 3336 3347 
1837 3150 3007 3278 2654 
1838 3049 2068 3296 2789 
1839 2987 2979 3242 2582 
1840 3242 2979 2063 2974 
1841 132 2889 2014 133 
1842 3455 3362 2731 2810 
1843 3064 2315 3160 3065 
1844 2742 2741 2739 2740 
1845 2007 3176 3195 2721 
1846 2071 2794 2041 3081 
1847 2792 3279 2292 3351 
1848 3125 2800 3067 2569 
1849 3310 2995 3316 2079 
1850 2403 3038 3250 2718 
1851 3280 3048 2085 3288 
1852 2968 2548 3250 3038 
1853 3157 2488 2826 2960 
1854 2336 3199 3324 2857 
1855 3024 2781 3299 2046 
1856 3197 2102 3441 2791 
1857 3329 2720 3347 2055 
1858 2017 3248 2805 3255 
1859 3204 2893 3205 2585 
1860 2327 2922 2911 2919 
1861 2967 2579 2582 3242 
1862 2907 2701 3429 2829 
1863 3236 3326 2986 2025 
1864 3213 3183 3399 2734 
1865 2842 3089 2830 2576 
1866 3004 2077 3181 2790 
1867 2779 3015 2918 3344 
1868 2746 2754 2762 2748 
1869 3320 2245 3411 2939 
1870 2556 3168 2315 3064 
1871 3366 2769 3306 2410 
1872 114 113 2025 2986 
1873 3132 3303 2761 3133 
1874 2098 2095 2096 2785 
1875 2815 2816 3314 2019 
1876 2785 3441 2102 2098 
1877 2916 3185 2322 3184 
1878 3392 2577 2833 2834 
1879 2821 2554 2278 3209 
1880 3354 2302 3390 2730 
1881 3128 2267 3379 2850 
1882 2106 2838 2111 2108 
1883 2021 3002 2783 2793 
1884 2022 2824 400 401 
1885 2394 2592 2839 2803 
1886 2043 3307 3342 2725 
1887 2023 3268 3400 2780 
1888 2893 2892 2894 3182 
1889 3182 2091 3205 2893 
1890 2436 2820 2843 2525 
1891 2037 2855 3246 3417 
1892 2455 3000 2702 2458 
1893 2232 3012 2570 3110 
1894 2630 2843 2820 2524 
1895 2478 2928 2828 2489 
1896 2023 2780 2677 3187 
1897 2415 2674 2833 2832 
1898 3188 3133 3189 2089 
1899 3213 2326 2104 3338 
1900 2446 3281 2736 3258 
1901 2782 3076 2284 3419 
1902 2752 2763 3263 2756 
1903 2743 2787 3449 2746 
1904 3184 2322 3203 2947 
1905 2058 2737 3450 2093 
1906 2754 2776 3301 2762 
1907 116 115 2072 3002 
1908 2534 3026 2027 2933 
1909 2373 2907 2829 2541 
1910 2694 3398 2856 2812 
1911 2921 2814 2965 2587 
1912 2569 2901 2486 3125 
1913 2992 2196 3337 3265 
1914 2148 3333 2957 3402 
1915 2930 2788 3199 2336 
1916 2928 2929 3339 2828 
1917 2743 3428 3456 2787 
1918 3290 2898 2689 3345 
1919 3001 2043 3287 3267 
1920 2134 3076 2980 2136 
1921 2875 2874 2699 2774 
1922 3302 2776 2754 2777 
1923 3279 2792 3218 2290 
1924 2973 3241 2031 2978 
1925 3030 2649 2862 2889 
1926 2815 2019 3194 2817 
1927 2911 2918 3015 2919 
1928 2276 2224 2226 2858 
1929 3070 2864 2516 2865 
1930 2052 2917 99 98 
1931 2818 2860 3314 2816 
1932 3266 2565 3395 3074 
1933 3028 2590 3077 2823 
1934 3134 2888 3072 2310 
1935 3094 2123 3185 2916 
1936 2836 2837 2208 2210 
1937 2799 3153 3154 2802 
1938 2511 2825 2571 2421 
1939 2308 2283 2287 2830 
1940 2894 418 9 205 
1941 2749 2784 2763 2752 
1942 2057 414 415 2847 
1943 3041 3039 2080 2865 
1944 3205 2952 3426 2585 
1945 2058 2093 91 90 
1946 2735 3222 2026 2940 
1947 2056 2093 3450 2094 
1948 2488 2482 2480 2826 
1949 3138 2882 3093 3145 
1950 2880 2881 2882 2443 
1951 2533 2885 2886 2547 
1952 2898 2897 2588 2689 
1953 2916 2912 2922 3094 
1954 2441 2562 3059 2936 
1955 2436 2821 2560 2820 
1956 2841 2846 3283 2070 
1957 2879 2878 3054 3053 
1958 2060 395 396 2891 
1959 2732 2733 2841 2511 
1960 2093 2056 92 91 
1961 2023 393 394 2896 
1962 2897 2898 3224 2066 
1963 2690 2498 2496 2849 
1964 3360 3010 3419 2284 
1965 2053 2920 210 211 
1966 3005 2774 2699 2773 
1967 2102 2100 2099 2098 
1968 3262 2853 3398 2931 
1969 2649 2643 2641 2862 
1970 2069 2932 218 219 
1971 2803 2804 2976 2394 
1972 2775 2846 2841 2733 
1973 2702 3000 2904 2905 
1974 2812 2856 408 409 
1975 2062 2951 208 209 
1976 2421 2420 2732 2511 
1977 2935 2440 2439 2438 
1978 2216 2213 2211 3096 
1979 2451 2904 3000 2453 
1980 2249 2251 2269 3192 
1981 2550 2476 2474 2475 
1982 2839 2375 2541 2542 
1983 2877 2878 2879 2465 
1984 94 93 2799 2802 
1985 3316 2813 3322 2079 
1986 2866 2408 2407 2512 
1987 2562 2563 2699 2698 
1988 2826 2480 2478 2489 
1989 2857 2332 2334 2336 
1990 2308 2340 2341 2309 
1991 2842 2576 2337 2577 
1992 2106 2326 3433 2838 
1993 2508 2506 2771 2831 
1994 2441 2440 2563 2562 
1995 2060 2891 3051 2798 
1996 2542 2664 2810 2731 
1997 2782 2422 2344 2981 
1998 2848 2407 2406 2356 
1999 2897 2899 2581 2588 
2000 2742 2743 2744 2741 
2001 3379 3028 2471 2850 
2002 2802 2055 95 94 
2003 2844 2500 2498 2690 
2004 2805 3221 2797 2655 
2005 2434 2956 2957 2554 
2006 3214 2899 3401 2030 
2007 2438 2125 2122 3136 
2008 2274 2872 2239 2241 
2009 2885 2533 2532 2531 
2010 2831 2723 2514 2508 
2011 3410 2862 2641 2724 
2012 2847 415 416 2090 
2013 3254 2461 2460 2459 
2014 2425 2426 2581 2580 
2015 2863 2766 2765 2759 
2016 405 406 2851 2855 
2017 3000 2455 2454 2453 
2018 2602 2600 2520 2601 
2019 2928 2478 2477 2476 
2020 2541 2375 2374 2373 
2021 3206 3062 2717 2695 
2022 2858 2857 3324 2859 
2023 3106 2950 2512 2574 
2024 2436 2435 2433 2434 
2025 2911 2909 2051 2908 
2026 2904 2903 2906 2905 
2027 3254 2459 2458 2464 
2028 3115 2662 2769 2770 
2029 2456 2455 2458 2457 
2030 2797 2417 2418 2655 
2031 2056 2094 3153 2799 
2032 2963 2540 2537 2962 
2033 2583 2379 2380 2883 
2034 3128 2850 2468 2466 
2035 2576 2303 2304 2337 
2036 3221 2805 3248 2087 
2037 2042 2812 409 410 
2038 2917 2908 100 99 
2039 2309 2282 2283 2308 
2040 2844 2502 2501 2500 
2041 3004 2645 2643 2649 
2042 2845 2504 2503 2502 
2043 2771 2506 2505 2504 
2044 2434 2433 2431 2432 
2045 2849 2496 2497 2614 
2046 2361 2364 2394 2976 
2047 2724 2641 2640 2639 
2048 2911 2922 2912 2909 
2049 2038 2971 105 104 
2050 2890 2902 2450 2448 
2051 2422 2411 2389 2344 
2052 2210 2212 2285 2836 
2053 2674 2415 2416 2672 
2054 2929 2928 2476 2550 
2055 2020 2851 406 407 
2056 2432 2431 2354 2430 
2057 2529 2531 2532 2530 
2058 2807 2923 2985 3171 
2059 2855 2037 404 405 
2060 2336 2334 2379 2930 
2061 2037 2814 403 404 
2062 2531 2535 2887 2885 
2063 2543 3144 2310 3072 
2064 2545 2533 2547 2546 
2065 3362 2977 2976 2804 
2066 2721 3195 2086 3047 
2067 2125 2438 2439 2318 
2068 2528 2529 2530 2527 
2069 3243 2064 2984 3075 
2070 2622 2625 2705 2975 
2071 2891 396 397 2024 
2072 2877 2396 2661 2662 
2073 2430 2351 2349 2923 
2074 2489 2827 2960 2826 
2075 2877 2465 2392 2396 
2076 3267 2709 3253 3001 
2077 2880 2443 2382 2384 
2078 2798 3180 2896 2060 
2079 2896 394 395 2060 
2080 2384 2392 2465 2880 
2081 2056 2799 93 92 
2082 2876 3011 2234 2235 
2083 2531 2529 3017 2535 
2084 2458 2459 2460 2457 
2085 2858 2226 2228 2293 
2086 2380 2382 2443 2883 
2087 2136 2980 2141 2138 
2088 2527 2530 2549 3025 
2089 2884 3227 2548 2968 
2090 2940 389 390 2061 
2091 2356 2341 2417 2848 
2092 2981 2342 2141 2980 
2093 2808 2583 2721 3047 
2094 2919 3014 2119 2327 
2095 382 383 2869 2933 
2096 3027 2218 2220 2300 
2097 2971 2970 106 105 
2098 2860 2053 211 212 
2099 3194 2019 214 215 
2100 2743 2746 2747 2744 
2101 2415 2832 2337 2338 
2102 3080 3346 2034 2970 
2103 2866 2512 2950 2867 
2104 2908 2051 101 100 
2105 2046 2867 3252 3273 
2106 2882 2881 2045 3093 
2107 2039 2869 383 384 
2108 2902 2903 2904 2450 
2109 2920 2062 209 210 
2110 2925 2206 2208 2280 
2111 2839 2542 2731 2803 
2112 3454 3022 3422 3003 
2113 2434 2432 2807 2956 
2114 2904 2451 2449 2450 
2115 2839 2592 2593 3034 
2116 2932 2054 217 218 
2117 2961 2069 219 220 
2118 2153 2155 2323 2994 
2119 2933 2027 381 382 
2120 2927 2277 2201 2202 
2121 379 380 2871 2953 
2122 2027 2871 380 381 
2123 2085 3298 2008 2806 
2124 2450 2449 2362 2448 
2125 2819 2446 2445 2783 
2126 2470 2468 2850 2471 
2127 2923 2807 2432 2430 
2128 2095 2098 2099 2097 
2129 2924 2962 2537 2539 
2130 2040 2884 377 378 
2131 3138 2883 2443 2882 
2132 2953 2040 378 379 
2133 2684 2679 2681 2988 
2134 2995 3300 2833 2674 
2135 2833 2577 2337 2832 
2136 2628 2603 2600 2602 
2137 2982 2653 2651 2652 
2138 2650 2648 2646 2647 
2139 2647 2646 2644 2645 
2140 2645 2644 2642 2643 
2141 2583 2883 3138 2721 
2142 2474 2472 2823 2475 
2143 2341 2340 2418 2417 
2144 2737 2058 3147 2738 
2145 2153 2994 3258 2320 
2146 2486 2485 2483 2484 
2147 2643 2642 2640 2641 
2148 2951 2091 207 208 
2149 2881 2879 3053 2045 
2150 2496 2498 2499 2495 
2151 2338 2365 2416 2415 
2152 2054 2955 216 217 
2153 2343 2342 2981 2344 
2154 2491 2493 2836 2285 
2155 2848 2574 2512 2407 
2156 3172 2038 104 103 
2157 376 377 2884 2966 
2158 2868 2629 2603 2628 
2159 2366 2701 2907 2368 
2160 2484 2483 2481 2482 
2161 2821 2436 2434 2554 
2162 2629 2639 2640 2638 
2163 2966 2028 375 376 
2164 2444 2385 3029 2445 
2165 2332 2857 2858 2293 
2166 2422 2425 2942 2411 
2167 2480 2479 2477 2478 
2168 2918 2911 2908 2917 
2169 2482 2481 2479 2480 
2170 2430 2354 2352 2351 
2171 2708 2610 2612 2997 
2172 2864 2517 2515 2516 
2173 2516 2515 2509 2514 
2174 2808 2930 2379 2583 
2175 2498 2500 2501 2499 
2176 2495 2494 2497 2496 
2177 2514 2509 2507 2508 
2178 2978 373 374 2063 
2179 418 2894 2892 417 
2180 2517 2520 2599 2519 
2181 2471 2472 2473 2470 
2182 2373 2372 2368 2907 
2183 2508 2507 2505 2506 
2184 2482 2488 3126 2484 
2185 2251 2253 2270 2269 
2186 2942 2943 2389 2411 
2187 2407 2408 2409 2406 
2188 2334 2335 2380 2379 
2189 2551 3426 2952 3191 
2190 2330 2111 2838 2420 
2191 2332 2333 2335 2334 
2192 2178 2181 2299 3006 
2193 2356 2355 2309 2341 
2194 2625 2627 2706 2705 
2195 3151 2314 3453 2941 
2196 2984 370 371 2895 
2197 2270 2282 3105 2269 
2198 3423 2993 2173 2306 
2199 2293 2331 2333 2332 
2200 2574 2848 2417 2797 
2201 2433 2972 2513 2431 
2202 3284 2205 3455 2810 
2203 2159 2985 2923 2349 
2204 2988 2681 2683 2685 
2205 3342 2924 2539 2725 
2206 2746 2748 2749 2747 
2207 2782 2981 2980 3076 
2208 2970 2034 107 106 
2209 3192 2809 3447 2249 
2210 2990 368 369 2064 
2211 2287 2303 2576 2830 
2212 2468 2470 2931 2469 
2213 2285 2490 2492 2491 
2214 2542 2541 2829 2664 
2215 2881 2880 2465 2879 
2216 2406 2405 2355 2356 
2217 2997 2612 2679 2684 
2218 2409 2938 2405 2406 
2219 372 2031 2895 371 
2220 2517 2864 2601 2520 
2221 2987 2582 2579 2402 
2222 2100 2102 3238 3282 
2223 3432 3012 2234 3011 
2224 2837 2836 2493 3091 
2225 2212 2214 2490 2285 
2226 2468 2467 2376 2466 
2227 2436 2525 2553 2435 
2228 2998 2295 2163 2165 
2229 2653 2982 3031 2671 
2230 2717 3062 411 412 
2231 2444 2323 2345 2385 
2232 2999 364 365 2065 
2233 2629 2868 2724 2639 
2234 2502 2844 3420 2845 
2235 2964 3092 2347 2540 
2236 2511 2841 3427 2825 
2237 2425 2422 2782 2426 
2238 2476 2477 3087 2474 
2239 2095 2097 3153 2094 
2240 3374 2065 3234 2944 
2241 2796 2456 2457 2991 
2242 2420 2421 2447 2330 
2243 2600 2603 2637 3069 
2244 2771 3438 2011 3042 
2245 2503 3311 2926 3364 
2246 2317 2149 2151 3033 
2247 393 2023 3187 392 
2248 417 2892 2090 416 
2249 2814 2921 402 403 
2250 2688 2588 2581 2686 
2251 2865 2516 2514 3041 
2252 3302 2777 3303 3132 
2253 2756 2753 2751 2752 
2254 2937 2464 2458 2702 
2255 2043 3001 111 110 
2256 2986 2072 115 114 
2257 2463 2527 3025 2526 
2258 2851 2020 2853 2852 
2259 2733 2734 3399 2775 
2260 2892 2893 3204 2090 
2261 2983 2076 3023 3358 
2262 3243 3075 2525 2843 
2263 2431 2513 2987 2354 
2264 3150 2654 2653 2670 
2265 2553 2996 2433 2435 
2266 2067 3013 3343 2936 
2267 3002 2021 117 116 
2268 2472 2471 3028 2823 
2269 2071 2795 2767 2794 
2270 2657 3011 2876 3363 
2271 2794 2767 2765 2766 
2272 2111 2330 2900 2112 
2273 3232 3080 2970 2971 
2274 2775 2036 3283 2846 
2275 3134 2887 2535 2888 
2276 2966 2967 3242 2028 
2277 2645 3004 2790 2647 
2278 2839 3034 2591 2375 
2279 3029 2793 2783 2445 
2280 3144 2543 2268 2179 
2281 205 206 3182 2894 
2282 2204 2925 3272 2927 
2283 410 411 3062 2042 
2284 2153 2320 3033 2151 
2285 2292 2194 2196 2992 
2286 2890 2448 2359 2358 
2287 2647 2790 3245 2650 
2288 2340 3089 2842 2418 
2289 3065 2801 2558 3064 
2290 220 221 3169 2961 
2291 3056 2321 2143 2145 
2292 2421 2571 2572 2447 
2293 2096 2786 3406 2785 
2294 2773 2699 2563 2772 
2295 2495 2499 2710 3091 
2296 2108 2111 2112 2110 
2297 407 408 2856 2020 
2298 2823 3077 2550 2475 
2299 2868 3350 3410 2724 
2300 3076 2134 2132 2284 
2301 2303 2287 2288 2289 
2302 2351 2350 2316 2349 
2303 2513 2972 3241 2973 
2304 2944 2989 2523 2943 
2305 2463 2526 2534 2462 
2306 3068 2358 2263 2198 
2307 3403 2024 397 3202 
2308 2943 2523 2390 2389 
2309 2155 2157 2345 2323 
2310 2345 2386 3029 2385 
2311 2486 2901 3117 2586 
2312 2801 3065 3073 3066 
2313 2717 412 413 3355 
2314 2362 3098 2363 2360 
2315 2909 2912 2913 2910 
2316 401 402 2921 2022 
2317 2930 2808 2706 2788 
2318 359 2032 3013 358 
2319 2909 2910 3097 2051 
2320 2969 2939 2712 2938 
2321 2540 2347 2536 2537 
2322 2015 2983 2652 3245 
2323 2425 2580 3214 2707 
2324 2032 3224 2898 3290 
2325 2801 2800 2613 2558 
2326 2889 132 131 3030 
2327 2922 2327 2121 3094 
2328 2342 2313 2142 2141 
2329 3064 2558 2557 2556 
2330 120 119 2074 3016 
2331 2793 3003 3178 2021 
2332 2185 2187 3036 2281 
2333 2520 2600 3069 2599 
2334 2494 3101 2616 2497 
2335 2290 3036 2187 2189 
2336 121 120 3016 2018 
2337 3007 3150 2177 3006 
2338 2015 3304 2076 2983 
2339 2853 3262 3407 2852 
2340 2324 2135 2137 3092 
2341 2806 2619 2620 2621 
2342 2291 2237 2238 2239 
2343 2455 2456 2561 2454 
2344 122 121 2018 3018 
2345 2876 2235 2236 2237 
2346 2487 3107 3246 2854 
2347 3353 2648 3278 3007 
2348 98 97 3336 2052 
2349 2938 2712 2544 2405 
2350 3012 2232 2233 2234 
2351 2878 2877 2662 3115 
2352 2216 3096 2701 2366 
2353 2440 2441 2442 2439 
2354 2276 2222 2223 2224 
2355 3207 2676 2404 3208 
2356 2535 3017 3072 2888 
2357 2571 2825 3427 3210 
2358 3169 3372 2704 2961 
2359 2725 2539 2538 2594 
2360 122 2075 3021 123 
2361 2884 2968 2967 2966 
2362 389 2940 2026 388 
2363 2672 2416 2703 2673 
2364 2445 2446 3258 2444 
2365 123 3021 2016 124 
2366 2925 2204 2205 2206 
2367 2830 3089 2340 2308 
2368 3083 3074 3066 3073 
2369 2927 2202 2203 2204 
2370 2915 2947 2948 2946 
2371 2462 2461 3216 2463 
2372 2494 2495 3091 2493 
2373 2358 3068 3231 2890 
2374 124 2016 3023 125 
2375 2456 2796 2822 2561 
2376 3110 2229 2231 2232 
2377 2572 2789 3296 2873 
2378 125 3023 2076 126 
2379 357 2067 3020 356 
2380 2539 2537 2536 2538 
2381 2638 2637 2603 2629 
2382 2708 2608 2609 2610 
2383 2959 2183 2184 2185 
2384 2472 2474 3087 2473 
2385 2337 2304 2339 2338 
2386 2299 2181 2182 2183 
2387 2466 2376 2325 2307 
2388 2789 3210 2035 3049 
2389 2591 2424 2374 2375 
2390 3325 3309 2222 2276 
2391 2451 2453 2555 2452 
2392 102 101 2051 3097 
2393 2607 2386 2605 2606 
2394 2519 2518 2515 2517 
2395 2998 2165 2166 2167 
2396 2493 2491 3101 2494 
2397 2306 2173 2174 2175 
2398 2313 3113 2144 2142 
2399 2355 3105 2282 2309 
2400 2951 2062 3191 2952 
2401 2905 3361 2937 2702 
2402 2344 2389 2390 2343 
2403 2655 2418 2842 2656 
2404 2628 3289 3350 2868 
2405 2105 2107 2427 3140 
2406 2985 2159 2158 2156 
2407 2173 2993 3390 2171 
2408 212 213 3314 2860 
2409 2936 3059 3020 2067 
2410 2362 2360 2359 2448 
2411 130 2077 3030 131 
2412 2282 2270 2286 2283 
2413 2194 2292 3279 2192 
2414 2579 2967 2968 3038 
2415 2338 2339 2423 2365 
2416 2328 2400 2633 3102 
2417 2596 2594 2538 2595 
2418 2271 2279 2305 3099 
2419 2486 2586 2587 2485 
2420 2349 2316 2160 2159 
2421 2800 2801 3066 3067 
2422 2200 2201 2277 3330 
2423 3091 2710 3430 2837 
2424 2676 2437 2378 2404 
2425 2354 2987 2402 2352 
2426 2946 2945 2914 2915 
2427 2139 2347 3092 2137 
2428 3225 3340 2953 2871 
2429 133 2014 3032 134 
2430 2589 2941 2550 3077 
2431 2438 3136 2301 2935 
2432 134 3032 2078 135 
2433 3180 2798 2424 2591 
2434 2608 3022 3454 2607 
2435 135 2078 3035 136 
2436 2607 2606 2609 2608 
2437 2614 2497 2616 2615 
2438 136 3035 2013 137 
2439 169 3055 3024 170 
2440 3056 2145 2146 2147 
2441 2915 2914 2910 2913 
2442 3038 2403 2402 2579 
2443 3087 2477 2479 2487 
2444 2943 2942 3374 2944 
2445 2382 2380 2335 2381 
2446 2429 2728 2816 2815 
2447 2317 2147 2148 2149 
2448 137 2013 3037 138 
2449 2667 2598 2597 2666 
2450 170 3024 2046 171 
2451 2598 2596 2595 2597 
2452 3026 3225 2871 2027 
2453 375 2974 2063 374 
2454 138 3037 2080 139 
2455 2283 2286 2288 2287 
2456 2630 2524 2390 2523 
2457 2167 2302 3317 2998 
2458 2138 2141 2142 2140 
2459 2941 2589 2247 3151 
2460 2534 2526 3025 3026 
2461 2555 2453 2454 3063 
2462 3105 2355 2405 2544 
2463 2669 2667 2666 2668 
2464 2977 3124 2361 2976 
2465 2253 2251 2250 2252 
2466 2368 2372 2371 2369 
2467 139 2080 3039 140 
2468 140 3039 2012 141 
2469 2366 2368 2369 2367 
2470 2241 2242 2244 2243 
2471 141 2012 3040 142 
2472 2543 3072 3017 3186 
2473 2348 2305 2297 2328 
2474 142 3040 2081 143 
2475 373 2978 2031 372 
2476 2679 2612 2611 2678 
2477 2612 2610 2609 2611 
2478 2681 2679 2678 2680 
2479 143 2081 3042 144 
2480 2251 2249 2248 2250 
2481 2351 2352 2353 2350 
2482 144 3042 2011 145 
2483 2288 2294 3141 2289 
2484 2824 3247 399 400 
2485 2683 2681 2680 2682 
2486 3237 2033 3349 2874 
2487 3247 2824 2715 2716 
2488 145 2011 3043 146 
2489 146 3043 2083 147 
2490 2239 2240 2242 2241 
2491 2468 2469 2693 2467 
2492 2919 3015 3161 3014 
2493 147 2083 3044 148 
2494 119 118 3178 2074 
2495 3139 3108 2158 2161 
2496 148 3044 2010 149 
2497 2426 3009 2686 2581 
2498 2125 2124 2123 2122 
2499 149 2010 3045 150 
2500 2903 3382 2188 2906 
2501 150 3045 2084 151 
2502 2149 2150 2152 2151 
2503 2125 2318 3079 2126 
2504 2885 2887 3437 2886 
2505 370 2984 2064 369 
2506 2133 2131 2130 2132 
2507 2615 2616 2618 2617 
2508 151 2084 3046 152 
2509 2661 2396 2397 2419 
2510 152 3046 2008 153 
2511 2392 2395 2397 2396 
2512 2137 2135 2134 2136 
2513 2636 3082 2365 2423 
2514 2384 2382 2381 2383 
2515 2155 2156 2158 2157 
2516 2617 2618 2620 2619 
2517 2392 2384 2383 2391 
2518 2975 2621 2620 2622 
2519 2230 2556 2557 2258 
2520 367 2029 3234 366 
2521 2135 2133 2132 2134 
2522 2484 3126 3125 2486 
2523 2298 2128 2126 3079 
2524 2139 2137 2136 2138 
2525 2627 2625 2624 2626 
2526 2140 2142 2144 2143 
2527 2143 2144 2146 2145 
2528 2151 2152 2154 2153 
2529 155 2085 3048 156 
2530 3346 2924 3342 2034 
2531 2165 2163 2162 2164 
2532 2187 2185 2184 2186 
2533 3112 2168 2167 2166 
2534 156 3048 2009 157 
2535 2971 2038 2945 3232 
2536 2153 2154 2156 2155 
2537 2505 2507 3071 2510 
2538 175 3057 2087 176 
2539 368 2990 2029 367 
2540 2128 2130 2131 2129 
2541 3006 2177 2176 2178 
2542 157 2009 3052 158 
2543 158 3052 2086 159 
2544 2171 2172 2174 2173 
2545 2235 2234 2233 2311 
2546 2167 2168 2170 2169 
2547 2189 2187 2186 2188 
2548 164 3093 2045 165 
2549 2212 2213 2215 2214 
2550 2161 2158 2159 2160 
2551 2220 2221 2223 2222 
2552 2194 2192 2191 2193 
2553 2196 2194 2193 2195 
2554 2126 2128 2129 2127 
2555 2318 2439 2442 3061 
2556 2865 2080 3037 3070 
2557 2177 2175 2174 2176 
2558 2206 2207 2209 2208 
2559 2210 2211 2213 2212 
2560 2326 2106 2105 2104 
2561 2218 2219 2221 2220 
2562 2163 2161 2160 2162 
2563 2226 2224 2223 2225 
2564 2208 2209 2211 2210 
2565 2228 2226 2225 2227 
2566 2201 2200 2199 3201 
2567 165 2045 3053 166 
2568 2215 2217 2219 2218 
2569 167 3054 2006 168 
2570 2646 2697 3078 2644 
2571 168 2006 3055 169 
2572 2504 2845 3438 2771 
2573 2319 2114 2112 2900 
2574 174 2005 3057 175 
2575 2644 3078 2714 2642 
2576 3077 2590 2357 2589 
2577 2352 2402 2403 2353 
2578 3068 2198 2197 2195 
2579 3395 2565 2564 2566 
2580 2342 2343 3127 2313 
2581 2189 2190 3279 2290 
2582 166 3053 3054 167 
2583 2646 2648 3353 2697 
2584 3117 2901 2569 2568 
2585 2046 3299 2866 2867 
2586 2763 2784 3060 3365 
2587 2365 3082 2703 2416 
2588 391 3137 2061 390 
2589 3322 2813 3372 2092 
2590 2371 2372 3088 2398 
2591 2399 2522 2564 2565 
2592 2373 2374 3088 2372 
2593 2491 2492 3198 3101 
2594 2390 2524 2820 2560 
2595 2674 2672 3316 2995 
2596 2125 2126 2127 2124 
2597 3094 2121 2122 2123 
2598 2353 2403 2718 2578 
2599 2181 2178 2179 2180 
2600 2652 2983 3358 2982 
2601 2394 2393 2593 2592 
2602 163 3145 3093 164 
2603 2519 3265 2722 2518 
2604 162 2007 3145 163 
2605 2632 2423 2339 2631 
2606 364 2999 2030 363 
2607 2218 3027 2214 2215 
2608 3098 2362 2449 3142 
2609 2303 2289 3141 2304 
2610 352 2068 3049 351 
2611 2507 2509 3146 3071 
2612 3006 2299 3353 3007 
2613 2120 2119 2117 2118 
2614 2085 2806 2621 3288 
2615 2404 2378 2364 2363 
2616 2466 2307 2272 3128 
2617 128 2015 3181 129 
2618 2414 2388 2412 2413 
2619 2451 2452 3142 2449 
2620 2327 2119 2120 2121 
2621 2932 3167 3082 2636 
2622 361 2066 3224 360 
2623 3123 2623 2622 2620 
2624 2676 2677 2780 2437 
2625 2244 2247 2248 2246 
2626 3119 2567 2566 2564 
2627 2237 2236 2254 2238 
2628 2263 2199 2197 2198 
2629 2700 2521 2399 2398 
2630 2250 2255 2256 2252 
2631 2392 2391 2657 2395 
2632 2822 3305 385 386 
2633 2347 2139 3109 2536 
2634 113 112 3253 2025 
2635 2950 3106 3057 2005 
2636 2275 2262 2266 2271 
2637 2366 2312 2217 2216 
2638 2851 2852 3407 2854 
2639 2633 2400 2401 2551 
2640 3050 2256 2261 2262 
2641 2294 2387 2412 2388 
2642 3297 180 179 3223 
2643 2345 2157 2158 3108 
2644 2625 2622 2623 2624 
2645 2800 3125 3126 2613 
2646 2360 2363 2364 2361 
2647 2635 2634 2624 2623 
2648 2321 3109 2140 2143 
2649 2394 2364 2378 2393 
2650 3100 2428 2413 2412 
2651 2716 2715 2568 2567 
2652 2114 2113 2110 2112 
2653 2213 2216 2217 2215 
2654 2589 2357 2248 2247 
2655 2413 2428 2727 2429 
2656 2305 2279 2296 2297 
2657 2400 2328 2297 2329 
2658 2129 2322 3185 2127 
2659 2598 2667 3236 2709 
2660 2116 2115 2113 2114 
2661 2293 2228 3110 2331 
2662 2156 2154 3171 2985 
2663 2295 3139 2161 2163 
2664 2227 2230 2231 2229 
2665 161 3176 2007 162 
2666 2244 2245 3320 2243 
2667 2214 3027 3086 2490 
2668 2509 2515 2518 3146 
2669 2569 2566 2567 2568 
2670 2267 2266 2262 2261 
2671 2695 2717 3085 2692 
2672 2135 2324 3196 2133 
2673 3003 2793 3029 3454 
2674 2279 2271 2266 2272 
2675 3272 3264 2277 2927 
2676 2110 2109 2107 2108 
2677 2227 2229 3110 2228 
2678 2815 2817 2413 2429 
2679 2752 2751 2750 2749 
2680 350 2035 3058 349 
2681 2138 2140 3109 2139 
2682 2253 3095 2286 2270 
2683 2164 2162 3130 2265 
2684 2386 2345 3108 2605 
2685 2992 3265 2519 2599 
2686 3050 3114 2252 2256 
2687 2307 2296 2279 2272 
2688 2358 2359 3124 2263 
2689 2316 3130 2162 2160 
2690 2077 130 129 3181 
2691 358 3013 2067 357 
2692 2947 2915 2913 3184 
2693 103 102 3097 3172 
2694 2695 2692 2691 2377 
2695 110 109 3307 2043 
2696 3099 2305 2348 3323 
2697 2534 2933 2869 3434 
2698 2021 3178 118 117 
2699 2208 2837 3430 2280 
2700 2121 2120 3136 2122 
2701 2119 3014 3161 2117 
2702 2544 3192 2269 3105 
2703 2252 3114 3095 2253 
2704 2578 3111 2350 2353 
2705 2023 2896 3180 3268 
2706 2174 2172 3134 2310 
2707 3098 3142 2559 3208 
2708 2863 2759 2758 2757 
2709 2325 2376 3118 2377 
2710 2481 3107 2487 2479 
2711 2118 2301 3136 2120 
2712 2408 2410 3391 2409 
2713 2470 2473 3262 2931 
2714 2483 2675 3107 2481 
2715 356 3020 2033 355 
2716 2559 2555 3222 2735 
2717 2108 2107 2105 2106 
2718 2778 2720 2658 2659 
2719 2175 2177 3150 3008 
2720 2712 2809 3192 2544 
2721 2775 2811 3356 2036 
2722 2168 2264 3134 2170 
2723 206 207 2091 3182 
2724 2867 2950 2005 3252 
2725 2343 2390 2560 3127 
2726 2333 2331 3110 2570 
2727 2350 3111 3130 2316 
2728 3137 391 392 3187 
2729 2555 2559 3142 2452 
2730 2178 2176 3144 2179 
2731 2795 2071 3356 2811 
2732 2774 3005 2572 2873 
2733 2952 3205 2091 2951 
2734 2333 3152 2381 2335 
2735 2328 3102 3292 2348 
2736 159 2086 3195 160 
2737 3327 2847 2090 3204 
2738 2165 2164 3122 2166 
2739 2013 3129 3070 3037 
2740 2115 2346 3170 2113 
2741 2707 2999 2065 3374 
2742 2330 2447 3177 2900 
2743 2636 3418 2054 2932 
2744 2595 2538 2536 3174 
2745 2706 2627 3199 2788 
2746 2107 2109 2575 2427 
2747 363 2030 3401 362 
2748 2273 3171 2154 2152 
2749 2660 2427 2575 2658 
2750 3108 3139 3193 2605 
2751 3300 2995 3310 2044 
2752 2619 3294 3291 2617 
2753 2664 3436 3284 2810 
2754 355 2033 3237 354 
2755 2739 3341 3450 2737 
2756 2376 2467 2693 3118 
2757 2360 2361 3124 2359 
2758 2572 2571 3210 2789 
2759 2171 2170 3134 2172 
2760 2179 2268 3143 2180 
2761 2814 2037 3417 2965 
2762 2662 2661 3306 2769 
2763 2167 2169 3390 2302 
2764 2437 3120 2393 2378 
2765 2864 3070 3129 2601 
2766 2321 3174 2536 3109 
2767 2642 2714 3218 2640 
2768 2552 2401 3239 3286 
2769 2059 3202 397 398 
2770 351 3049 2035 350 
2771 2267 3128 2272 2266 
2772 2304 3141 2631 2339 
2773 2310 3144 2176 2174 
2774 2324 3369 2948 3196 
2775 2912 2916 3184 2913 
2776 2564 2522 3175 3119 
2777 186 3377 222 10 
2778 375 2028 3242 2974 
2779 2181 2180 3143 2182 
2780 2590 2687 3135 2357 
2781 2932 2069 3328 3167 
2782 349 3058 2070 348 
2783 2313 3127 3209 3113 
2784 2250 2248 2357 3135 
2785 2457 2460 3308 2991 
2786 2043 2725 2594 3287 
2787 160 3195 3176 161 
2788 2038 3172 2914 2945 
2789 3361 3396 3376 2937 
2790 2109 2110 2113 3170 
2791 3085 2057 2847 3327 
2792 3141 2294 2388 3173 
2793 176 2087 3248 177 
2794 2399 2521 3175 2522 
2795 2221 2219 3148 2257 
2796 2240 2314 3151 2242 
2797 2581 2899 3214 2580 
2798 2690 3387 3420 2844 
2799 2232 2231 3149 2233 
2800 2312 3148 2219 2217 
2801 344 2071 3081 343 
2802 2242 3151 2247 2244 
2803 3309 3325 2634 2840 
2804 2032 359 360 3224 
2805 2123 2124 2127 3185 
2806 2294 2288 3159 2387 
2807 2230 2258 3149 2231 
2808 2469 2931 3398 2694 
2809 2795 2811 2775 3399 
2810 2910 2914 3172 3097 
2811 2268 2543 3186 2665 
2812 2760 3388 2089 3189 
2813 2225 2223 3160 2315 
2814 2897 2066 3401 2899 
2815 2239 2238 3164 2240 
2816 3269 2663 2419 3158 
2817 2558 2613 3157 2557 
2818 2556 2230 2227 3168 
2819 2073 2958 3263 3090 
2820 2529 2528 3186 3017 
2821 2398 2399 3155 2371 
2822 2395 3165 2604 2397 
2823 215 216 2955 3194 
2824 2257 3160 2223 2221 
2825 2488 3157 2613 3126 
2826 2377 2691 3156 2325 
2827 2821 3209 3127 2560 
2828 2371 3155 2370 2369 
2829 2235 2311 3166 2236 
2830 2116 2117 3161 2115 
2831 2101 2100 3282 2103 
2832 2329 2297 2296 3156 
2833 126 2076 3304 127 
2834 2605 3193 2609 2606 
2835 2258 2557 3157 2573 
2836 2397 2604 3158 2419 
2837 3047 3220 2706 2808 
2838 2195 2193 3231 3068 
2839 3056 3226 3174 2321 
2840 2315 3168 2227 2225 
2841 2739 2741 2744 3179 
2842 3269 2969 3391 2663 
2843 2787 3456 2761 3303 
2844 2653 2654 3278 2651 
2845 2756 2757 2758 2753 
2846 2288 2286 3095 3159 
2847 2128 2298 3360 2130 
2848 2307 2325 3156 2296 
2849 2039 3305 2822 2796 
2850 342 2041 3084 341 
2851 2502 2503 3364 2501 
2852 2954 3227 2884 2040 
2853 343 3081 2041 342 
2854 2921 2587 2586 3240 
2855 2900 3177 3295 2319 
2856 2117 2116 3370 2118 
2857 171 2046 3273 172 
2858 2065 365 366 3234 
2859 353 3200 2068 352 
2860 183 2079 3322 184 
2861 181 2044 3310 182 
2862 2851 2854 3246 2855 
2863 2920 2053 3103 3405 
2864 2454 2561 3215 3063 
2865 341 3084 2073 340 
2866 2975 2705 3256 3280 
2867 2620 2618 3198 3123 
2868 2295 2998 3317 3270 
2869 2545 2546 3250 2548 
2870 2527 2463 3216 2528 
2871 153 2008 3298 154 
2872 2816 2728 3230 2818 
2873 2322 2129 2131 3203 
2874 2528 3216 2665 3186 
2875 340 2073 3090 339 
2876 2133 3196 3203 2131 
2877 2254 3371 2828 3339 
2878 3254 2464 3440 2861 
2879 3200 353 354 3237 
2880 2195 2197 3443 2196 
2881 2792 2638 2640 3218 
2882 348 2070 3283 347 
2883 3124 3201 2199 2263 
2884 2398 3088 3442 2700 
2885 2250 3135 3228 2255 
2886 3026 3025 2549 3225 
2887 3390 2993 3423 2730 
2888 2377 3118 3206 2695 
2889 3360 2298 3357 3010 
2890 3327 3204 2585 2584 
2891 339 3090 2047 338 
2892 2601 3129 3217 2602 
2893 3384 2660 3329 3154 
2894 3272 2510 3071 3264 
2895 2683 2726 3260 2696 
2896 2206 2205 3284 2207 
2897 2329 3156 2691 3239 
2898 2651 2650 3245 2652 
2899 2420 2838 3433 2732 
2900 2149 2148 3402 2150 
2901 2144 2278 3333 2146 
2902 2239 2872 3319 2291 
2903 3096 2211 2209 3229 
2904 2423 2632 3418 2636 
2905 338 2047 3104 337 
2906 2602 3217 3289 2628 
2907 2699 2874 3349 2698 
2908 2822 386 387 3386 
2909 2757 2958 3448 2863 
2910 3129 2013 3035 3217 
2911 2946 2948 3369 2949 
2912 90 89 3147 2058 
2913 2719 3285 2265 3235 
2914 2017 178 177 3248 
2915 178 2017 3223 179 
2916 2005 174 173 3252 
2917 2659 2779 3344 2778 
2918 2996 2553 3451 3352 
2919 337 3104 2082 336 
2920 2433 2996 3241 2972 
2921 3101 3198 2618 2616 
2922 346 2036 3356 345 
2923 3134 2264 3437 2887 
2924 2100 2101 3190 2099 
2925 3047 2086 3052 3220 
2926 2969 3269 3320 2939 
2927 3215 3222 2555 3063 
2928 2787 3303 2777 3449 
2929 3280 3288 2621 2975 
2930 3233 3249 2546 2547 
2931 2772 2934 3295 2773 
2932 2447 2572 3005 3177 
2933 2992 2599 3069 3394 
2934 2186 2184 3376 3396 
2935 3092 2964 3369 2324 
2936 2657 3348 3432 3011 
2937 3001 3253 112 111 
2938 3034 3268 3180 2591 
2939 2469 2694 3315 2693 
2940 2395 2657 3363 3165 
2941 2694 2812 2042 3315 
2942 3432 3261 2570 3012 
2943 336 2082 3116 335 
2944 2655 2656 3255 2805 
2945 3106 3221 2087 3057 
2946 2203 2202 3321 2259 
2947 3174 3226 2597 2595 
2948 3150 2670 3424 3008 
2949 2189 2188 3382 2190 
2950 2945 2946 2949 3232 
2951 2363 3098 3208 2404 
2952 2717 3355 2057 3085 
2953 3392 2834 2835 3393 
2954 2514 2723 3439 3041 
2955 398 399 3247 2059 
2956 2323 2444 3258 2994 
2957 3074 3083 3435 2370 
2958 2686 3009 3419 3010 
2959 2653 2671 3260 2670 
2960 2144 3113 3209 2278 
2961 2193 2191 2260 3231 
2962 2104 2105 3190 2101 
2963 2917 2052 3344 2918 
2964 3309 2840 3385 2300 
2965 2779 3331 3161 3015 
2966 2718 3250 2546 3249 
2967 2388 2414 3408 3173 
2968 2858 2859 3325 2276 
2969 3082 3167 3328 2703 
2970 335 3116 2048 334 
2971 2617 3291 3293 2615 
2972 3139 2295 3270 3193 
2973 2874 2875 3200 3237 
2974 2109 3170 3244 2575 
2975 2770 2769 3366 2781 
2976 3157 2960 3373 2573 
2977 2584 2585 3426 2552 
2978 2550 2941 3453 2929 
2979 2256 2255 3228 2261 
2980 2574 2797 3221 3106 
2981 2147 2317 3274 3056 
2982 2429 2727 3230 2728 
2983 2490 3086 3334 2492 
2984 334 2048 3121 333 
2985 2036 346 347 3283 
2986 2680 2730 3423 2682 
2987 3163 3162 3418 2632 
2988 2750 2751 3197 2791 
2989 2765 2767 3183 2768 
2990 2399 2565 3266 3155 
2991 2704 3328 2069 2961 
2992 2578 2718 3249 2719 
2993 2757 2756 3263 2958 
2994 2588 2688 3375 2689 
2995 2236 3166 3371 2254 
2996 2683 2696 3367 2685 
2997 2369 2370 3435 2367 
2998 333 3121 2088 332 
2999 3031 2696 3260 2671 
3000 2934 3370 2319 3295 
3001 2400 2329 3239 2401 
3002 3408 2414 3332 3163 
3003 2906 2188 2186 3396 
3004 172 3273 3252 173 
3005 2658 2575 3244 2659 
3006 2492 3334 3123 3198 
3007 2381 3152 3348 2383 
3008 332 2088 3131 331 
3009 2268 2665 3254 2861 
3010 3259 3061 2442 3375 
3011 2101 2103 3338 2104 
3012 3165 3363 2291 3319 
3013 2734 3433 2326 3213 
3014 2638 2792 3351 2637 
3015 3056 3274 2597 3226 
3016 3159 3095 3114 3251 
3017 2265 3130 3111 3235 
3018 2709 3267 2596 2598 
3019 2183 2959 3353 2299 
3020 2697 3353 2959 3415 
3021 2834 2833 3300 2835 
3022 2095 2094 3450 2096 
3023 3132 3133 3188 2049 
3024 2248 2249 3447 2246 
3025 388 2026 3386 387 
3026 2009 3256 3220 3052 
3027 2204 2203 3455 2205 
3028 3051 3442 2424 2798 
3029 2650 2651 3278 2648 
3030 2191 2192 3279 2190 
3031 331 3131 2049 330 
3032 2705 2706 3220 3256 
3033 2938 2409 3391 2969 
3034 2719 3235 3111 2578 
3035 2533 2545 3452 2532 
3036 2462 2534 3434 3308 
3037 414 2057 3355 413 
3038 2673 2704 3372 2813 
3039 2019 3314 213 214 
3040 3033 3312 3274 2317 
3041 2921 3240 3409 2022 
3042 3440 3376 2182 3143 
3043 2085 155 154 3298 
3044 2562 2698 3349 3059 
3045 3375 2688 3357 3259 
3046 2751 2753 2758 3197 
3047 3074 2370 3155 3266 
3048 2237 2291 3363 2876 
3049 3193 3270 2611 2609 
3050 2044 181 180 3297 
3051 3323 2729 3444 3099 
3052 3096 3229 3429 2701 
3053 2525 3075 3451 2553 
3054 3267 3287 2594 2596 
3055 2015 128 127 3304 
3056 2813 3316 2672 2673 
3057 2022 3409 2715 2824 
3058 2608 2708 3421 3022 
3059 3338 3313 2765 2768 
3060 2318 3061 3259 3079 
3061 3202 2059 3381 3446 
3062 3177 3005 2773 3295 
3063 3446 3381 3119 3175 
3064 2747 3277 3179 2744 
3065 2408 2866 3366 2410 
3066 2895 3451 3075 2984 
3067 3083 3148 2312 3435 
3068 2082 3060 3301 3116 
3069 2262 2275 3416 3050 
3070 2241 2243 3320 2274 
3071 2300 2220 2222 3309 
3072 3031 3359 3367 2696 
3073 2079 183 182 3310 
3074 2461 2462 3308 2460 
3075 2413 2817 3332 2414 
3076 2540 2963 3414 2964 
3077 2925 2280 3430 2926 
3078 3256 2009 3048 3280 
3079 2523 2989 3380 2630 
3080 2749 2750 3277 2747 
3081 3217 3035 2078 3289 
3082 2441 2936 3343 2713 
3083 384 385 3305 2039 
3084 109 108 3342 3307 
3085 2320 3368 3312 3033 
3086 330 2049 3188 329 
3087 2281 3078 2697 3415 
3088 2505 2510 3272 3311 
3089 2473 3087 3407 3262 
3090 2425 2707 3374 2942 
3091 2115 3161 3331 2346 
3092 2891 2024 3403 3051 
3093 2849 3318 3387 2690 
3094 3264 3257 3330 2277 
3095 2092 185 184 3322 
3096 2504 2505 3311 2503 
3097 2164 2265 3285 3122 
3098 3347 3336 97 96 
3099 3393 3255 2656 3392 
3100 3376 3440 2464 2937 
3101 2590 3028 3379 2687 
3102 3383 2018 3016 3404 
3103 2924 3346 2963 2962 
3104 2518 2722 3257 3146 
3105 2333 2570 3261 3152 
3106 3060 2082 3104 3365 
3107 2055 3347 96 95 
3108 3124 2977 3321 3201 
3109 2597 3274 3312 2666 
3110 2072 2986 3326 2819 
3111 2039 2870 3434 2869 
3112 2489 2828 3371 2827 
3113 2034 3342 108 107 
3114 2586 3117 3409 3240 
3115 2419 2663 3306 2661 
3116 3163 2632 2631 3408 
3117 2071 344 345 3356 
3118 3404 2997 2684 3383 
3119 2426 2782 3419 3009 
3120 2784 2762 3301 3060 
3121 2461 3254 2665 3216 
3122 2055 2802 3154 3329 
3123 3232 2949 3414 3080 
3124 2785 3406 2791 3441 
3125 3223 2017 3255 3393 
3126 3013 2032 3290 3343 
3127 2759 2764 3238 2758 
3128 2040 2953 3340 2954 
3129 2688 2686 3010 3357 
3130 2841 2070 3058 3427 
3131 3046 2084 3293 3291 
3132 2673 2703 3328 2704 
3133 2084 3045 3275 3293 
3134 2860 3397 3103 2053 
3135 3045 2010 3318 3275 
3136 2185 2281 3415 2959 
3137 2066 361 362 3401 
3138 2692 3286 3239 2691 
3139 2348 3292 2818 3230 
3140 2441 2713 3345 2442 
3141 2044 3297 2835 3300 
3142 3270 3317 2678 2611 
3143 2008 3046 3291 3294 
3144 2667 2669 3326 3236 
3145 3346 3080 3414 2963 
3146 3194 3271 3332 2817 
3147 2238 2254 3339 3164 
3148 2064 3243 3380 2990 
3149 3359 3031 2982 3358 
3150 3039 3041 3439 2012 
3151 3086 3385 2635 3334 
3152 3022 3421 2074 3422 
3153 122 3018 3335 2075 
3154 3137 3425 3207 2061 
3155 2428 2729 3323 2727 
3156 3194 2955 3162 3271 
3157 2412 2387 3416 3100 
3158 2659 3244 3331 2779 
3159 2615 3293 3275 2614 
3160 2114 2319 3370 2116 
3161 2843 2630 3380 3243 
3162 2722 3265 3337 3019 
3163 2860 2818 3292 3397 
3164 2530 2532 3452 2549 
3165 2089 3388 2050 3219 
3166 2552 3286 3431 2584 
3167 2271 3099 3444 2275 
3168 2720 3329 2660 2658 
3169 2102 3197 2758 3238 
3170 2727 3323 2348 3230 
3171 2147 2146 3333 2148 
3172 2759 2765 3313 2764 
3173 2170 2171 3390 2169 
3174 2201 3201 3321 2202 
3175 2664 2829 3429 3436 
3176 2666 3312 3368 2668 
3177 2875 3296 2068 3200 
3178 3330 3019 3443 2200 
3179 2099 3190 3384 2097 
3180 2499 2501 3364 2710 
3181 2284 2132 2130 3360 
3182 3289 2078 3032 3350 
3183 2175 3008 3424 2306 
3184 3146 3257 3264 3071 
3185 185 2092 3377 186 
3186 3249 3233 3285 2719 
3187 3257 2722 3019 3330 
3188 3034 2593 3400 3268 
3189 2692 3085 3431 3286 
3190 2199 2200 3443 2197 
3191 3358 3023 2016 3359 
3192 329 3188 2089 328 
3193 2278 2554 2957 3333 
3194 2152 2150 3402 2273 
3195 2437 2780 3400 3120 
3196 2302 3354 2678 3317 
3197 2483 2965 3417 2675 
3198 2386 2607 3454 3029 
3199 2258 2573 3373 3149 
3200 2551 3191 3405 2633 
3201 3027 2300 3385 3086 
3202 2031 3352 3451 2895 
3203 2657 2391 2383 3348 
3204 2949 3369 2964 3414 
3205 2018 3383 3335 3018 
3206 2730 2680 2678 3354 
3207 3210 3427 3058 2035 
3208 3021 3367 3359 2016 
3209 2105 3140 3384 3190 
3210 2191 2190 3382 2260 
3211 3147 2755 2740 2738 
3212 2669 2668 3368 2736 
3213 2261 3228 3379 2267 
3214 2614 3275 3318 2849 
3215 2521 2700 3403 2711 
3216 3297 3223 3393 2835 
3217 2786 3341 2739 3179 
3218 2577 3392 2656 2842 
3219 3074 3395 3067 3066 
3220 3118 2693 3315 3206 
3221 3102 3103 3397 3292 
3222 2075 2685 3367 3021 
3223 2075 3335 2988 2685 
3224 2634 2635 3385 2840 
3225 3059 3349 2033 3020 
3226 2989 2029 2990 3380 
3227 2062 2920 3405 3191 
3228 2010 3044 3387 3318 
3229 3153 2097 3384 3154 
3230 2244 2246 3447 2245 
3231 2623 3123 3334 2635 
3232 2427 2660 3384 3140 
3233 2776 2048 3116 3301 
3234 2183 2182 3376 2184 
3235 2988 3335 3383 2684 
3236 3114 3050 3416 3251 
3237 3165 3319 3413 2604 
3238 2733 2732 3433 2734 
3239 3079 3259 3357 2298 
3240 2854 3407 3087 2487 
3241 3238 2764 3313 3282 
3242 2939 3411 2809 2712 
3243 3102 2633 3405 3103 
3244 3187 2677 3425 3137 
3245 2020 2856 3398 2853 
3246 2166 3122 3378 3112 
3247 2567 3119 3381 2716 
3248 3413 2274 3320 3269 
3249 2568 2715 3409 3117 
3250 2627 2626 3324 3199 
3251 3350 3032 2014 3410 
3252 221 222 3377 3169 
3253 2786 2096 3450 3341 
3254 3222 3215 3386 2026 
3255 3372 3169 3377 2092 
3256 2074 3178 3003 3422 
3257 3062 3206 3315 2042 
3258 3442 3051 3403 2700 
3259 3135 2687 3379 3228 
3260 2736 3281 3326 2669 
3261 3044 2083 3420 3387 
3262 3416 2275 3444 3100 
3263 328 2089 3219 327 
3264 3090 3263 3445 2047 
3265 2746 3449 2777 2754 
3266 2683 2682 3423 2726 
3267 3112 3378 2886 3437 
3268 2274 3413 3319 2872 
3269 2845 3420 2083 3043 
3270 3183 3213 3338 2768 
3271 3159 3251 3416 2387 
3272 2233 3149 3373 2311 
3273 2827 3412 3373 2960 
3274 3122 3285 3233 3378 
3275 3338 2103 3282 3313 
3276 2723 3040 2012 3439 
3277 2446 2819 3326 3281 
3278 2991 3308 3434 2870 
3279 2955 2054 3418 3162 
3280 2366 2367 3435 2312 
3281 3141 3173 3408 2631 
3282 2393 3120 3400 2593 
3283 3170 2346 3331 3244 
3284 2428 3100 3444 2729 
3285 2776 3302 3131 2088 
3286 2401 2552 3426 2551 
3287 2767 2795 3399 3183 
3288 3263 2763 3365 3445 
3289 3362 3455 2203 2259 
3290 2374 2424 3442 3088 
3291 3403 3202 3446 2711 
3292 2781 3366 2866 3299 
3293 3345 2713 3343 3290 
3294 2031 3241 2996 3352 
3295 2561 2822 3386 3215 
3296 2049 3131 3302 3132 
3297 2168 3112 3437 2264 
3298 2041 3276 3448 3084 
3299 2925 2926 3311 3272 
3300 2268 2861 3440 3143 
3301 3164 3339 2929 3453 
3302 2547 2886 3378 3233 
3303 3107 2675 3417 3246 
3304 3162 3163 3332 3271 
3305 3277 2750 2791 3406 
3306 3269 3158 2604 3413 
3307 2726 3424 2670 3260 
3308 327 3219 2050 326 
3309 2521 2711 3446 3175 
3310 2240 3164 3453 2314 
3311 326 2050 3211 325 
3312 3428 2745 3389 2760 
3313 2059 3247 2716 3381 
3314 3085 3327 2584 3431 
3315 2743 2742 2745 3428 
3316 2958 2073 3084 3448 
3317 3179 3277 3406 2786 
3318 2677 2676 3207 3425 
3319 3388 3212 3211 2050 
3320 3365 3104 2047 3445 
3321 2209 2207 3429 3229 
3322 3166 3412 2827 3371 
3323 3429 2207 3284 3436 
3324 2766 2863 3448 3276 
3325 2624 2634 3325 2626 
3326 2074 3421 3404 3016 
3327 3324 2626 3325 2859 
3328 2689 3375 2442 3345 
3329 2997 3404 3421 2708 
3330 2410 3306 2663 3391 
3331 2637 3351 3394 3069 
3332 3225 2549 3452 3340 
3333 3348 3152 3261 3432 
3334 2992 3394 3351 2292 
3335 3166 2311 3373 3412 
3336 2760 2761 3456 3428 
3337 2196 3443 3019 3337 
3338 2545 2954 3340 3452 
3339 2926 3430 2710 3364 
3340 2245 3447 2809 3411 
3341 3388 2760 3389 3212 
3342 89 2 2755 3147 
3343 321 3389 2 4 
3344 3389 323 3211 3212 
3345 2742 2740 2755 2745 
3346 2 3389 2745 2755 
2 7 2 4
3347 455 8 3637 
3348 3637 456 455 
3349 503 504 419 
3350 419 5 503 
2 7 3 251
3351 3573 3540 3574 3562 
3352 3555 3554 3580 3474 
3353 3607 3588 3589 3553 
3354 3571 3560 3566 3567 
3355 3557 519 520 3565 
3356 3482 3566 3560 3558 
3357 3646 3540 3573 3671 
3358 3540 3537 3536 3574 
3359 3665 3473 3562 3574 
3360 3459 3649 3666 3585 
3361 3624 3592 3591 3511 
3362 3478 3480 3606 3672 
3363 3660 3462 3615 3571 
3364 3479 3481 3482 3558 
3365 3596 3502 3601 3581 
3366 424 423 3474 3580 
3367 3572 3561 3478 3672 
3368 3567 3568 3660 3571 
3369 523 524 3478 3561 
3370 3577 3575 3593 3464 
3371 3467 521 522 3564 
3372 3475 3573 3562 3572 
3373 3665 3564 522 3473 
3374 3468 3580 3554 3563 
3375 3647 3642 3609 3458 
3376 3491 3601 3502 3489 
3377 3576 3513 3508 3623 
3378 504 3626 3674 419 
3379 3473 3561 3572 3562 
3380 3487 3502 3596 3582 
3381 3569 3568 3582 3596 
3382 3567 3566 3484 3514 
3383 3561 3473 522 523 
3384 3629 3578 3656 3477 
3385 3513 3576 3584 3670 
3386 3474 3556 3595 3555 
3387 435 3479 3662 436 
3388 3565 520 521 3467 
3389 3479 435 434 3481 
3390 3575 3577 3584 3576 
3391 3575 3576 3623 3538 
3392 3529 3594 3563 3619 
3393 3460 3579 516 517 
3394 429 3643 3546 3645 
3395 3509 3583 3544 3524 
3396 3481 434 433 3466 
3397 3547 3527 3526 3541 
3398 3550 3549 3521 3522 
3399 3586 3544 3583 3648 
3400 3527 3525 3505 3526 
3401 3572 3672 3606 3475 
3402 3616 3595 3633 3472 
3403 3616 3621 3555 3595 
3404 3522 3521 3519 3520 
3405 3524 3544 3545 3543 
3406 3466 3611 3533 3483 
3407 3527 3548 3664 3581 
3408 3556 3474 423 422 
3409 3544 3586 3587 3545 
3410 3558 3560 3675 3559 
3411 3535 3537 3539 3538 
3412 3491 3500 3525 3601 
3413 3494 3600 3503 3496 
3414 3552 3550 3522 3551 
3415 3579 3597 515 516 
3416 3538 3539 3593 3575 
3417 3528 3531 3603 3515 
3418 3589 3610 3521 3553 
3419 3520 3519 3517 3518 
3420 3611 432 431 3609 
3421 3531 3528 3591 3592 
3422 3566 3482 3483 3484 
3423 3604 3516 3515 3603 
3424 3580 3468 425 424 
3425 3516 3504 3503 3515 
3426 513 514 3463 3588 
3427 3609 431 430 3458 
3428 3555 3621 3632 3552 
3429 3504 3498 3496 3503 
3430 3594 3529 3604 3605 
3431 3587 3599 3590 3598 
3432 3624 3642 3647 3592 
3433 3487 3582 3514 3486 
3434 3635 3603 3531 3618 
3435 3527 3581 3601 3525 
3436 3515 3503 3600 3528 
3437 3525 3500 3501 3505 
3438 3481 3466 3483 3482 
3439 3563 3594 3620 3468 
3440 3518 3517 3504 3516 
3441 3521 3610 3530 3519 
3442 3516 3604 3529 3518 
3443 3519 3530 3613 3517 
3444 3496 3498 3510 3497 
3445 3517 3613 3498 3504 
3446 3625 3591 3528 3600 
3447 3466 433 432 3611 
3448 3518 3529 3619 3520 
3449 473 472 3469 3602 
3450 3651 3658 3599 3587 
3451 3611 3609 3642 3533 
3452 3555 3552 3551 3554 
3453 3514 3484 3485 3486 
3454 3588 3607 512 513 
3455 474 473 3602 3475 
3456 3497 3495 3494 3496 
3457 3631 3622 3655 3457 
3458 3512 3535 3538 3623 
3459 3464 3638 3585 3577 
3460 3588 3463 3590 3589 
3461 3465 3608 510 511 
3462 3551 3522 3520 3619 
3463 3484 3483 3533 3485 
3464 3649 3459 3668 3541 
3465 514 515 3597 3463 
3466 3502 3487 3488 3489 
3467 3591 3625 3488 3511 
3468 3487 3486 3511 3488 
3469 3543 3532 3523 3524 
3470 475 474 3475 3606 
3471 3490 3494 3495 3492 
3472 3617 3501 3500 3493 
3473 3468 3620 426 425 
3474 3489 3490 3492 3491 
3475 3625 3490 3489 3488 
3476 3557 3673 518 519 
3477 428 427 3630 3461 
3478 3619 3563 3554 3551 
3479 470 469 3638 3464 
3480 3675 3560 3571 3653 
3481 3598 3590 3463 3597 
3482 3594 3605 3630 3620 
3483 465 464 3457 3612 
3484 3501 3506 3614 3505 
3485 3587 3586 3499 3651 
3486 3617 3507 3506 3501 
3487 508 509 3470 3616 
3488 3597 3579 3640 3598 
3489 3567 3514 3582 3568 
3490 3500 3491 3492 3493 
3491 476 475 3606 3480 
3492 3600 3494 3490 3625 
3493 3565 3467 3644 3628 
3494 3578 3629 3472 3633 
3495 3513 3506 3507 3508 
3496 3583 3509 3508 3507 
3497 3537 3535 3534 3536 
3498 3579 3460 3657 3640 
3499 3511 3486 3485 3624 
3500 511 512 3607 3465 
3501 3571 3615 3471 3653 
3502 3531 3592 3647 3546 
3503 3524 3523 3512 3509 
3504 3589 3636 3530 3610 
3505 3556 422 421 3667 
3506 3531 3546 3643 3618 
3507 3550 3652 3669 3549 
3508 3505 3614 3542 3526 
3509 3497 3499 3627 3495 
3510 472 471 3663 3469 
3511 509 510 3608 3470 
3512 464 463 3631 3457 
3513 467 466 3668 3459 
3514 3623 3508 3509 3512 
3515 3467 3564 3665 3644 
3516 3620 3630 427 426 
3517 3535 3512 3523 3534 
3518 3459 3585 3638 3661 
3519 3469 3593 3539 3646 
3520 3498 3613 3650 3510 
3521 3495 3627 3493 3492 
3522 3547 3541 3668 3612 
3523 3635 3618 3643 3461 
3524 3532 3543 3657 3557 
3525 3469 3663 3464 3593 
3526 3552 3632 3652 3550 
3527 3558 3559 3662 3479 
3528 3616 3470 3632 3621 
3529 3485 3533 3642 3624 
3530 463 462 3634 3631 
3531 3603 3635 3605 3604 
3532 3595 3556 3667 3633 
3533 3461 3630 3605 3635 
3534 507 508 3616 3472 
3535 3532 3628 3534 3523 
3536 462 461 3462 3634 
3537 524 525 3659 3478 
3538 3527 3547 3655 3548 
3539 3547 3612 3457 3655 
3540 3599 3636 3589 3590 
3541 3557 3565 3628 3532 
3542 3598 3640 3545 3587 
3543 460 459 3471 3615 
3544 461 460 3615 3462 
3545 477 476 3480 3639 
3546 3546 3647 3458 3645 
3547 3461 3643 429 428 
3548 3521 3549 3669 3553 
3549 421 420 3656 3578 
3550 469 468 3661 3638 
3551 3658 3650 3636 3599 
3552 429 3645 3458 430 
3553 3584 3542 3614 3670 
3554 506 507 3472 3629 
3555 3569 3570 3660 3568 
3556 3586 3648 3627 3499 
3557 3476 3559 3675 3641 
3558 3622 3631 3634 3570 
3559 3526 3542 3649 3541 
3560 3537 3540 3646 3539 
3561 3628 3644 3536 3534 
3562 3577 3585 3666 3584 
3563 3493 3627 3648 3617 
3564 3470 3608 3652 3632 
3565 3507 3617 3648 3583 
3566 459 458 3641 3471 
3567 3499 3497 3510 3651 
3568 3581 3664 3569 3596 
3569 3570 3569 3664 3622 
3570 3557 3657 3460 3673 
3571 3506 3513 3670 3614 
3572 3613 3530 3636 3650 
3573 505 506 3629 3477 
3574 3633 3667 421 3578 
3575 3459 3661 468 467 
3576 3608 3465 3669 3652 
3577 3464 3663 471 470 
3578 3655 3622 3664 3548 
3579 3640 3657 3543 3545 
3580 3612 3668 466 465 
3581 517 518 3673 3460 
3582 504 505 3477 3626 
3583 478 477 3639 3654 
3584 525 526 3639 3659 
3585 3574 3536 3644 3665 
3586 3570 3634 3462 3660 
3587 3478 3659 3639 3480 
3588 3553 3669 3465 3607 
3589 3475 3602 3671 3573 
3590 458 457 3476 3641 
3591 3650 3658 3651 3510 
3592 527 3654 3639 526 
3593 457 456 3637 3476 
3594 3584 3666 3649 3542 
3595 3602 3469 3646 3671 
3596 3653 3471 3641 3675 
3597 419 3674 3656 420 
3598 3559 3476 3637 3662 
3599 3477 3656 3674 3626 
3600 3662 3637 8 436 
3601 3654 527 11 478 
2 8 2 4
3602 3854 9 479 
3603 479 480 3854 
3604 437 529 528 
3605 528 6 437 
2 8 3 253
3606 3787 3782 3788 3761 
3607 3805 3836 3750 3862 
3608 3777 3785 545 544 
3609 3795 3722 3801 3796 
3610 3767 3871 3676 3830 
3611 3818 3676 3871 3896 
3612 437 438 3879 3846 
3613 3774 3775 3776 3693 
3614 3867 3894 3787 3761 
3615 3761 3788 3756 3757 
3616 3883 3788 3782 3692 
3617 3697 3890 3824 3699 
3618 3807 3773 3836 3805 
3619 3786 3890 3697 3781 
3620 442 3794 3693 441 
3621 548 3781 3697 549 
3622 3794 3687 3815 3783 
3623 3686 3784 547 546 
3624 3789 3791 3855 3683 
3625 540 3802 3793 541 
3626 3694 3786 3782 3787 
3627 3850 3696 3879 3792 
3628 3722 3795 3745 3825 
3629 3883 3692 547 3784 
3630 538 3807 3682 539 
3631 3804 3682 3807 3805 
3632 3870 3678 3881 3811 
3633 3693 3794 3783 3774 
3634 3732 3728 3733 3842 
3635 3867 3814 3882 3688 
3636 3868 3677 3828 3860 
3637 3698 3778 3701 3700 
3638 3692 3782 3786 3781 
3639 541 3793 3679 542 
3640 3781 548 547 3692 
3641 3733 3891 3810 3790 
3642 3785 3686 546 545 
3643 3698 3700 452 453 
3644 3789 3790 3810 3791 
3645 3790 3789 3760 3758 
3646 453 454 3880 3698 
3647 3733 3790 3758 3842 
3648 3749 3840 3783 3815 
3649 3682 3804 3803 3802 
3650 3768 3796 3798 3797 
3651 3700 3685 451 452 
3652 3767 3809 3746 3747 
3653 3770 3742 3741 3769 
3654 3709 3825 3720 3711 
3655 3744 3764 3869 3808 
3656 3835 3691 3853 3816 
3657 3776 3775 3839 3816 
3658 3742 3740 3739 3741 
3659 3744 3763 3765 3764 
3660 3685 3702 3753 3829 
3661 3776 440 441 3693 
3662 3746 3745 3795 3747 
3663 3703 3817 3865 3734 
3664 3755 3758 3760 3757 
3665 3772 3771 3742 3770 
3666 3780 3817 3701 3778 
3667 3786 3694 3824 3890 
3668 3822 3749 3815 3823 
3669 3844 3819 3748 3812 
3670 3716 3819 3844 3714 
3671 3749 3822 3736 3738 
3672 3731 3812 3759 3813 
3673 3725 3720 3825 3745 
3674 3802 540 539 3682 
3675 3740 3738 3737 3739 
3676 3751 3759 3812 3748 
3677 3825 3709 3707 3722 
3678 3822 3821 3735 3736 
3679 3735 3748 3819 3723 
3680 3829 3828 449 450 
3681 3778 3698 3880 3779 
3682 3794 442 443 3687 
3683 3736 3735 3723 3724 
3684 3807 3826 3888 3773 
3685 3828 3677 448 449 
3686 3718 3723 3819 3716 
3687 3748 3735 3821 3751 
3688 3807 538 537 3826 
3689 3820 497 498 3694 
3690 3843 3813 3868 3860 
3691 3775 3772 3852 3839 
3692 3808 3729 3743 3744 
3693 3737 3750 3836 3739 
3694 3700 3701 3702 3685 
3695 3738 3736 3724 3737 
3696 3872 3764 3765 3845 
3697 3796 3768 3747 3795 
3698 3724 3831 3750 3737 
3699 3687 3841 3823 3815 
3700 3702 3701 3817 3703 
3701 3716 3717 3730 3718 
3702 3723 3718 3831 3724 
3703 3829 3753 3860 3828 
3704 3685 3829 450 451 
3705 3747 3768 3871 3767 
3706 3856 3838 3751 3821 
3707 3738 3740 3840 3749 
3708 3775 3774 3771 3772 
3709 536 3684 3826 537 
3710 3734 3705 3704 3703 
3711 3717 3716 3714 3715 
3712 3732 3842 3758 3755 
3713 500 3699 3824 499 
3714 535 3827 3684 536 
3715 3771 3840 3740 3742 
3716 534 3689 3827 535 
3717 3778 3779 3893 3780 
3718 3703 3704 3753 3702 
3719 3870 3809 3889 3678 
3720 3812 3731 3708 3844 
3721 3707 3708 3731 3706 
3722 3763 3744 3743 3752 
3723 3759 3751 3838 3766 
3724 3710 3712 3715 3714 
3725 3725 3721 3713 3720 
3726 3687 443 444 3841 
3727 3709 3711 3712 3710 
3728 3707 3709 3710 3708 
3729 3739 3836 3773 3741 
3730 3777 544 543 3892 
3731 446 3680 3851 445 
3732 3840 3771 3774 3783 
3733 494 3683 3855 493 
3734 3767 3830 3889 3809 
3735 3804 3806 3845 3803 
3736 3869 3764 3872 3719 
3737 3837 3721 3726 3727 
3738 3745 3746 3832 3725 
3739 3720 3713 3712 3711 
3740 3721 3725 3832 3726 
3741 533 3835 3689 534 
3742 3708 3710 3714 3844 
3743 3813 3843 3706 3731 
3744 488 3676 3818 487 
3745 3785 3849 3863 3686 
3746 3792 3853 3691 3850 
3747 3801 3722 3707 3887 
3748 3733 3728 3727 3726 
3749 3808 3727 3728 3729 
3750 3757 3756 3754 3755 
3751 3789 3814 3867 3760 
3752 3705 3706 3843 3704 
3753 497 3820 3688 496 
3754 3816 3839 3689 3835 
3755 3801 3887 3705 3734 
3756 3776 3886 439 440 
3757 3864 3766 3838 3861 
3758 3717 3715 3848 3719 
3759 496 3688 3882 495 
3760 491 3678 3889 490 
3761 3743 3729 3728 3732 
3762 487 3818 3834 486 
3763 3686 3863 3883 3784 
3764 3755 3754 3743 3732 
3765 499 3824 3694 498 
3766 3791 3811 3881 3855 
3767 489 3830 3676 488 
3768 3838 3856 3851 3680 
3769 3841 444 445 3851 
3770 437 3846 530 529 
3771 3721 3837 3848 3713 
3772 3715 3712 3713 3848 
3773 446 3861 3838 3680 
3774 3847 3780 3893 3859 
3775 3752 3777 3875 3763 
3776 3772 3770 3873 3852 
3777 3695 3858 3893 3779 
3778 3839 3852 3827 3689 
3779 3704 3843 3860 3753 
3780 3793 3866 3875 3679 
3781 3770 3769 3888 3873 
3782 532 3691 3835 533 
3783 3816 3853 3886 3776 
3784 3789 3683 3882 3814 
3785 3821 3822 3823 3856 
3786 3752 3743 3754 3849 
3787 3796 3801 3877 3798 
3788 3818 3896 3799 3834 
3789 3765 3866 3803 3845 
3790 3847 3865 3817 3780 
3791 549 3697 3878 550 
3792 486 3834 3681 485 
3793 3777 3752 3849 3785 
3794 485 3681 3833 484 
3795 3805 3862 3806 3804 
3796 3841 3851 3856 3823 
3797 3891 3762 3885 3810 
3798 501 3857 3699 500 
3799 484 3833 3690 483 
3800 3766 3864 3677 3868 
3801 3896 3871 3768 3797 
3802 3864 3861 446 447 
3803 439 3792 3879 438 
3804 3741 3773 3888 3769 
3805 493 3855 3881 492 
3806 447 448 3677 3864 
3807 3801 3734 3865 3877 
3808 3746 3762 3891 3832 
3809 3802 3803 3866 3793 
3810 3798 3800 3884 3799 
3811 3766 3868 3813 3759 
3812 531 3850 3691 532 
3813 3831 3876 3862 3750 
3814 3798 3799 3896 3797 
3815 3746 3809 3870 3762 
3816 3757 3760 3867 3761 
3817 3849 3754 3756 3863 
3818 3791 3810 3885 3811 
3819 3719 3848 3837 3869 
3820 3727 3808 3869 3837 
3821 483 3690 3858 482 
3822 3719 3872 3730 3717 
3823 3777 3892 3679 3875 
3824 3690 3833 3847 3859 
3825 3726 3832 3891 3733 
3826 530 3696 3850 531 
3827 3853 3792 439 3886 
3828 3852 3873 3684 3827 
3829 3678 491 492 3881 
3830 3683 494 495 3882 
3831 3763 3875 3866 3765 
3832 3718 3730 3876 3831 
3833 3830 489 490 3889 
3834 3865 3847 3884 3800 
3835 3799 3884 3681 3834 
3836 3798 3877 3865 3800 
3837 542 3679 3892 543 
3838 3706 3705 3887 3707 
3839 3873 3888 3826 3684 
3840 502 3874 3857 501 
3841 3872 3845 3806 3895 
3842 3694 3787 3894 3820 
3843 550 3878 3857 551 
3844 3788 3883 3863 3756 
3845 3697 3699 3857 3878 
3846 3895 3806 3862 3876 
3847 482 3858 3695 481 
3848 3833 3681 3884 3847 
3849 552 551 3857 3874 
3850 3858 3690 3859 3893 
3851 481 3695 3854 480 
3852 530 3846 3879 3696 
3853 3811 3885 3762 3870 
3854 3820 3894 3867 3688 
3855 3779 3880 3854 3695 
3856 3876 3730 3872 3895 
3857 3880 454 9 3854 
3858 3874 502 12 552 
$EndElements
