$MeshFormat
4.1 0 8
$EndMeshFormat
$PhysicalNames
3
1 300 "Inlet"
1 302 "Outlet"
1 303 "BB_BC"
$EndPhysicalNames
$Entities
75 80 6 0
1 1 -1.66533e-17 0 0 
2 0.969697 0.00431962 0 0 
3 0.939394 0.00847614 0 0 
4 0.909091 0.0124786 0 0 
5 0.878788 0.0163347 0 0 
6 0.848485 0.0200504 0 0 
7 0.818182 0.0236306 0 0 
8 0.787879 0.0270785 0 0 
9 0.757576 0.0303955 0 0 
10 0.7272729999999999 0.0335819 0 0 
11 0.69697 0.0366359 0 0 
12 0.666667 0.0395544 0 0 
13 0.636364 0.0423323 0 0 
14 0.606061 0.0449627 0 0 
15 0.575758 0.0474369 0 0 
16 0.545455 0.0497439 0 0 
17 0.5151520000000001 0.0518705 0 0 
18 0.484848 0.0538013 0 0 
19 0.454545 0.055518 0 0 
20 0.424242 0.0569991 0 0 
21 0.393939 0.0582199 0 0 
22 0.363636 0.0591513 0 0 
23 0.333333 0.0597595 0 0 
24 0.30303 0.0600043 0 0 
25 0.272727 0.0598376 0 0 
26 0.242424 0.0592004 0 0 
27 0.212121 0.0580189 0 0 
28 0.181818 0.0561972 0 0 
29 0.151515 0.053604 0 0 
30 0.121212 0.0500476 0 0 
31 0.09090910000000001 0.0452189 0 0 
32 0.0606061 0.0385355 0 0 
33 0.030303 0.0285303 0 0 
34 0 0 0 0 
35 0.030303 -0.0285303 0 0 
36 0.0606061 -0.0385355 0 0 
37 0.09090910000000001 -0.0452189 0 0 
38 0.121212 -0.0500476 0 0 
39 0.151515 -0.053604 0 0 
40 0.181818 -0.0561972 0 0 
41 0.212121 -0.0580189 0 0 
42 0.242424 -0.0592004 0 0 
43 0.272727 -0.0598376 0 0 
44 0.30303 -0.0600043 0 0 
45 0.333333 -0.0597595 0 0 
46 0.363636 -0.0591513 0 0 
47 0.393939 -0.0582199 0 0 
48 0.424242 -0.0569991 0 0 
49 0.454545 -0.055518 0 0 
50 0.484848 -0.0538013 0 0 
51 0.5151520000000001 -0.0518705 0 0 
52 0.545455 -0.0497439 0 0 
53 0.575758 -0.0474369 0 0 
54 0.606061 -0.0449627 0 0 
55 0.636364 -0.0423323 0 0 
56 0.666667 -0.0395544 0 0 
57 0.69697 -0.0366359 0 0 
58 0.7272729999999999 -0.0335819 0 0 
59 0.757576 -0.0303955 0 0 
60 0.787879 -0.0270785 0 0 
61 0.818182 -0.0236306 0 0 
62 0.848485 -0.0200504 0 0 
63 0.878788 -0.0163347 0 0 
64 0.909091 -0.0124786 0 0 
65 0.939394 -0.00847614 0 0 
66 0.969697 -0.00431962 0 0 
200 0 4 0 0 
201 0 -4 0 0 
202 -2.7 0 0 0 
203 0.3 0 0 0 
210 6 4 0 0 
211 6 -4 0 0 
212 6 0 0 0 
230 6 12 0 0 
231 6 -12 0 0 
1 0.969697 -1.647987302177967e-17 0 1 0.00431962 0 1 303 2 1 -2 
2 0.939394 0.00431962 0 0.969697 0.00847614 0 1 303 2 2 -3 
3 0.909091 0.00847614 0 0.939394 0.0124786 0 1 303 2 3 -4 
4 0.878788 0.0124786 0 0.909091 0.0163347 0 1 303 2 4 -5 
5 0.848485 0.0163347 0 0.878788 0.0200504 0 1 303 2 5 -6 
6 0.818182 0.0200504 0 0.848485 0.0236306 0 1 303 2 6 -7 
7 0.787879 0.0236306 0 0.818182 0.0270785 0 1 303 2 7 -8 
8 0.757576 0.0270785 0 0.787879 0.0303955 0 1 303 2 8 -9 
9 0.7272729999999999 0.0303955 0 0.757576 0.0335819 0 1 303 2 9 -10 
10 0.69697 0.0335819 0 0.7272729999999999 0.0366359 0 1 303 2 10 -11 
11 0.666667 0.0366359 0 0.69697 0.0395544 0 1 303 2 11 -12 
12 0.636364 0.0395544 0 0.666667 0.0423323 0 1 303 2 12 -13 
13 0.606061 0.0423323 0 0.636364 0.0449627 0 1 303 2 13 -14 
14 0.575758 0.0449627 0 0.606061 0.0474369 0 1 303 2 14 -15 
15 0.545455 0.0474369 0 0.575758 0.0497439 0 1 303 2 15 -16 
16 0.5151520000000001 0.0497439 0 0.545455 0.0518705 0 1 303 2 16 -17 
17 0.484848 0.0518705 0 0.5151520000000001 0.0538013 0 1 303 2 17 -18 
18 0.454545 0.0538013 0 0.484848 0.055518 0 1 303 2 18 -19 
19 0.424242 0.055518 0 0.454545 0.0569991 0 1 303 2 19 -20 
20 0.393939 0.0569991 0 0.424242 0.0582199 0 1 303 2 20 -21 
21 0.363636 0.0582199 0 0.393939 0.0591513 0 1 303 2 21 -22 
22 0.333333 0.0591513 0 0.363636 0.0597595 0 1 303 2 22 -23 
23 0.30303 0.0597595 0 0.333333 0.0600043 0 1 303 2 23 -24 
24 0.272727 0.0598376 0 0.30303 0.0600043 0 1 303 2 24 -25 
25 0.242424 0.0592004 0 0.272727 0.0598376 0 1 303 2 25 -26 
26 0.212121 0.0580189 0 0.242424 0.0592004 0 1 303 2 26 -27 
27 0.181818 0.0561972 0 0.212121 0.0580189 0 1 303 2 27 -28 
28 0.151515 0.053604 0 0.181818 0.0561972 0 1 303 2 28 -29 
29 0.121212 0.0500476 0 0.151515 0.053604 0 1 303 2 29 -30 
30 0.09090910000000001 0.0452189 0 0.121212 0.0500476 0 1 303 2 30 -31 
31 0.0606061 0.0385355 0 0.09090910000000001 0.0452189 0 1 303 2 31 -32 
32 0.030303 0.0285303 0 0.0606061 0.0385355 0 1 303 2 32 -33 
33 0 0 0 0.030303 0.0285303 0 1 303 2 33 -34 
34 0 -0.0285303 0 0.030303 0 0 1 303 2 34 -35 
35 0.030303 -0.0385355 0 0.0606061 -0.0285303 0 1 303 2 35 -36 
36 0.0606061 -0.0452189 0 0.09090910000000001 -0.0385355 0 1 303 2 36 -37 
37 0.09090910000000001 -0.0500476 0 0.121212 -0.0452189 0 1 303 2 37 -38 
38 0.121212 -0.053604 0 0.151515 -0.0500476 0 1 303 2 38 -39 
39 0.151515 -0.0561972 0 0.181818 -0.053604 0 1 303 2 39 -40 
40 0.181818 -0.0580189 0 0.212121 -0.0561972 0 1 303 2 40 -41 
41 0.212121 -0.0592004 0 0.242424 -0.0580189 0 1 303 2 41 -42 
42 0.242424 -0.0598376 0 0.272727 -0.0592004 0 1 303 2 42 -43 
43 0.272727 -0.0600043 0 0.30303 -0.0598376 0 1 303 2 43 -44 
44 0.30303 -0.0600043 0 0.333333 -0.0597595 0 1 303 2 44 -45 
45 0.333333 -0.0597595 0 0.363636 -0.0591513 0 1 303 2 45 -46 
46 0.363636 -0.0591513 0 0.393939 -0.0582199 0 1 303 2 46 -47 
47 0.393939 -0.0582199 0 0.424242 -0.0569991 0 1 303 2 47 -48 
48 0.424242 -0.0569991 0 0.454545 -0.055518 0 1 303 2 48 -49 
49 0.454545 -0.055518 0 0.484848 -0.0538013 0 1 303 2 49 -50 
50 0.484848 -0.0538013 0 0.5151520000000001 -0.0518705 0 1 303 2 50 -51 
51 0.5151520000000001 -0.0518705 0 0.545455 -0.0497439 0 1 303 2 51 -52 
52 0.545455 -0.0497439 0 0.575758 -0.0474369 0 1 303 2 52 -53 
53 0.575758 -0.0474369 0 0.606061 -0.0449627 0 1 303 2 53 -54 
54 0.606061 -0.0449627 0 0.636364 -0.0423323 0 1 303 2 54 -55 
55 0.636364 -0.0423323 0 0.666667 -0.0395544 0 1 303 2 55 -56 
56 0.666667 -0.0395544 0 0.69697 -0.0366359 0 1 303 2 56 -57 
57 0.69697 -0.0366359 0 0.7272729999999999 -0.0335819 0 1 303 2 57 -58 
58 0.7272729999999999 -0.0335819 0 0.757576 -0.0303955 0 1 303 2 58 -59 
59 0.757576 -0.0303955 0 0.787879 -0.0270785 0 1 303 2 59 -60 
60 0.787879 -0.0270785 0 0.818182 -0.0236306 0 1 303 2 60 -61 
61 0.818182 -0.0236306 0 0.848485 -0.0200504 0 1 303 2 61 -62 
62 0.848485 -0.0200504 0 0.878788 -0.0163347 0 1 303 2 62 -63 
63 0.878788 -0.0163347 0 0.909091 -0.0124786 0 1 303 2 63 -64 
64 0.909091 -0.0124786 0 0.939394 -0.00847614 0 1 303 2 64 -65 
65 0.939394 -0.00847614 0 0.969697 -0.00431962 0 1 303 2 65 -66 
66 0.969697 -0.00431962 0 1 -1.647987302177967e-17 0 1 303 2 66 -1 
200 -2.7 0 0 0 0 0 0 2 34 -202 
201 0 0.05983759999999982 0 0.272727 4 0 0 2 200 -25 
202 0 -4 0 0.272727 -0.05983759999999982 0 0 2 201 -43 
203 -2.7 0 0 0 4 0 1 300 2 200 -202 
204 -2.7 -4 0 0 0 0 1 300 2 201 -202 
210 1 -1.66533e-17 0 6 0 0 0 2 1 -212 
211 6 0 0 6 4 0 1 302 2 210 -212 
212 6 -4 0 6 0 0 1 302 2 211 -212 
220 0 4 0 6 4 0 0 2 200 -210 
221 0 -4 0 6 -4 0 0 2 201 -211 
230 6 4 0 6 12 0 1 302 2 210 -230 
231 6 -12 0 6 -4 0 1 302 2 211 -231 
232 0 4 0 6 12 0 1 300 2 200 -230 
233 0 -12 0 6 -4 0 1 300 2 201 -231 
1 -2.7 0 0 0.2727269999999999 4 0 1 236 12 -203 201 25 26 27 28 29 30 31 32 33 200 
2 -2.7 -4 0 0.2727269999999999 0 0 1 236 12 -200 34 35 36 37 38 39 40 41 42 -202 204 
5 0 0 0 6 4 0 1 236 28 -201 220 211 -210 1 2 3 4 5 6 7 8 9 10 11 12 13 14 15 16 17 18 19 20 21 22 23 24 
6 0 -4 0 6 0 0 1 236 28 202 43 44 45 46 47 48 49 50 51 52 53 54 55 56 57 58 59 60 61 62 63 64 65 66 210 -212 -221 
7 0 4 0 6 12 0 1 236 3 232 -230 -220 
8 0 -12 0 6 -4 0 1 236 3 221 231 -233 
$EndEntities
$Nodes
160 10968 1 10968
0 1 0 1
1
1 -1.66533e-17 0
0 2 0 1
2
0.969697 0.00431962 0
0 3 0 1
3
0.939394 0.00847614 0
0 4 0 1
4
0.909091 0.0124786 0
0 5 0 1
5
0.878788 0.0163347 0
0 6 0 1
6
0.848485 0.0200504 0
0 7 0 1
7
0.818182 0.0236306 0
0 8 0 1
8
0.787879 0.0270785 0
0 9 0 1
9
0.757576 0.0303955 0
0 10 0 1
10
0.7272729999999999 0.0335819 0
0 11 0 1
11
0.69697 0.0366359 0
0 12 0 1
12
0.666667 0.0395544 0
0 13 0 1
13
0.636364 0.0423323 0
0 14 0 1
14
0.606061 0.0449627 0
0 15 0 1
15
0.575758 0.0474369 0
0 16 0 1
16
0.545455 0.0497439 0
0 17 0 1
17
0.5151520000000001 0.0518705 0
0 18 0 1
18
0.484848 0.0538013 0
0 19 0 1
19
0.454545 0.055518 0
0 20 0 1
20
0.424242 0.0569991 0
0 21 0 1
21
0.393939 0.0582199 0
0 22 0 1
22
0.363636 0.0591513 0
0 23 0 1
23
0.333333 0.0597595 0
0 24 0 1
24
0.30303 0.0600043 0
0 25 0 1
25
0.272727 0.0598376 0
0 26 0 1
26
0.242424 0.0592004 0
0 27 0 1
27
0.212121 0.0580189 0
0 28 0 1
28
0.181818 0.0561972 0
0 29 0 1
29
0.151515 0.053604 0
0 30 0 1
30
0.121212 0.0500476 0
0 31 0 1
31
0.09090910000000001 0.0452189 0
0 32 0 1
32
0.0606061 0.0385355 0
0 33 0 1
33
0.030303 0.0285303 0
0 34 0 1
34
0 0 0
0 35 0 1
35
0.030303 -0.0285303 0
0 36 0 1
36
0.0606061 -0.0385355 0
0 37 0 1
37
0.09090910000000001 -0.0452189 0
0 38 0 1
38
0.121212 -0.0500476 0
0 39 0 1
39
0.151515 -0.053604 0
0 40 0 1
40
0.181818 -0.0561972 0
0 41 0 1
41
0.212121 -0.0580189 0
0 42 0 1
42
0.242424 -0.0592004 0
0 43 0 1
43
0.272727 -0.0598376 0
0 44 0 1
44
0.30303 -0.0600043 0
0 45 0 1
45
0.333333 -0.0597595 0
0 46 0 1
46
0.363636 -0.0591513 0
0 47 0 1
47
0.393939 -0.0582199 0
0 48 0 1
48
0.424242 -0.0569991 0
0 49 0 1
49
0.454545 -0.055518 0
0 50 0 1
50
0.484848 -0.0538013 0
0 51 0 1
51
0.5151520000000001 -0.0518705 0
0 52 0 1
52
0.545455 -0.0497439 0
0 53 0 1
53
0.575758 -0.0474369 0
0 54 0 1
54
0.606061 -0.0449627 0
0 55 0 1
55
0.636364 -0.0423323 0
0 56 0 1
56
0.666667 -0.0395544 0
0 57 0 1
57
0.69697 -0.0366359 0
0 58 0 1
58
0.7272729999999999 -0.0335819 0
0 59 0 1
59
0.757576 -0.0303955 0
0 60 0 1
60
0.787879 -0.0270785 0
0 61 0 1
61
0.818182 -0.0236306 0
0 62 0 1
62
0.848485 -0.0200504 0
0 63 0 1
63
0.878788 -0.0163347 0
0 64 0 1
64
0.909091 -0.0124786 0
0 65 0 1
65
0.939394 -0.00847614 0
0 66 0 1
66
0.969697 -0.00431962 0
0 200 0 1
67
0 4 0
0 201 0 1
68
0 -4 0
0 202 0 1
69
-2.7 0 0
0 210 0 1
70
6 4 0
0 211 0 1
71
6 -4 0
0 212 0 1
72
6 0 0
0 230 0 1
73
6 12 0
0 231 0 1
74
6 -12 0
1 1 0 0
1 2 0 0
1 3 0 0
1 4 0 0
1 5 0 0
1 6 0 0
1 7 0 0
1 8 0 0
1 9 0 0
1 10 0 0
1 11 0 0
1 12 0 0
1 13 0 0
1 14 0 0
1 15 0 0
1 16 0 0
1 17 0 0
1 18 0 0
1 19 0 0
1 20 0 0
1 21 0 0
1 22 0 0
1 23 0 0
1 24 0 0
1 25 0 0
1 26 0 0
1 27 0 0
1 28 0 0
1 29 0 0
1 30 0 0
1 31 0 0
1 32 0 0
1 33 0 0
1 34 0 0
1 35 0 0
1 36 0 0
1 37 0 0
1 38 0 0
1 39 0 0
1 40 0 0
1 41 0 0
1 42 0 0
1 43 0 0
1 44 0 0
1 45 0 0
1 46 0 0
1 47 0 0
1 48 0 0
1 49 0 0
1 50 0 0
1 51 0 0
1 52 0 0
1 53 0 0
1 54 0 0
1 55 0 0
1 56 0 0
1 57 0 0
1 58 0 0
1 59 0 0
1 60 0 0
1 61 0 0
1 62 0 0
1 63 0 0
1 64 0 0
1 65 0 0
1 66 0 0
1 200 0 31
75
76
77
78
79
80
81
82
83
84
85
86
87
88
89
90
91
92
93
94
95
96
97
98
99
100
101
102
103
104
105
-0.03585713189444461 0 0
-0.07350711973299842 0 0
-0.1130396067562503 0 0
-0.1545487180013997 0 0
-0.1981332846363015 0 0
-0.2438970801945788 0 0
-0.2919490654159998 0 0
-0.3424036499374342 0 0
-0.3953809634779998 0 0
-0.4510071421226499 0 0
-0.5094146298805119 0 0
-0.570742492304629 0 0
-0.6351367480587679 0 0
-0.7027507168003714 0 0
-0.7737453843063972 0 0
-0.8482897853205819 0 0
-0.9265614061864033 0 0
-1.008746608011566 0 0
-1.095041069673054 0 0
-1.185650254356008 0 0
-1.280789898456117 0 0
-1.380686524519503 0 0
-1.485577982320295 0 0
-1.595714013144389 0 0
-1.711356844588594 0 0
-1.832781816818065 0 0
-1.960278038498583 0 0
-2.094149071638895 0 0
-2.234713655690444 0 0
-2.382306468904863 0 0
-2.537278923307336 0 0
1 201 0 31
106
107
108
109
110
111
112
113
114
115
116
117
118
119
120
121
122
123
124
125
126
127
128
129
130
131
132
133
134
135
136
0.01643645597067264 3.762537974586675 0
0.03209022360247932 3.536383664081365 0
0.04699857367665074 3.320998607199254 0
0.06119700232195684 3.115869981550462 0
0.07471931538866651 2.920509384666112 0
0.08759770874880973 2.734451673878233 0
0.0998628452009965 2.55725385525457 0
0.1115439276116151 2.388494026907466 0
0.1226687680929251 2.227770379558815 0
0.1332638542481787 2.074700239478474 0
0.1433544124511955 1.928919154266749 0
0.1529644679055258 1.790080025163041 0
0.1621169016535433 1.657852283419723 0
0.1708335052286267 1.53192110072696 0
0.1791350324671635 1.411986640670353 0
0.1870412488925629 1.297763345266447 0
0.1945709788403456 1.188979254133527 0
0.201742150206093 1.085375358005626 0
0.2085718371893035 0.9867049812001918 0
0.2150763009633455 0.8927331940480481 0
0.2212710283468418 0.8032362541971998 0
0.2271707686850404 0.7180010737774634 0
0.2327895689894864 0.6368247117279173 0
0.2381408074295485 0.5595138899355478 0
0.2432372250111956 0.4858845355632102 0
0.2480909560373903 0.4157613409798877 0
0.2527135570255634 0.3489773459819503 0
0.2571160341000484 0.2853735420470715 0
0.2613088694255025 0.2247984904432845 0
0.2653020459381977 0.1671079649291802 0
0.2691050712081555 0.1121646070110525 0
1 202 0 31
137
138
139
140
141
142
143
144
145
146
147
148
149
150
151
152
153
154
155
156
157
158
159
160
161
162
163
164
165
166
167
0.01643645597067264 -3.762537974586675 0
0.03209022360247932 -3.536383664081365 0
0.04699857367665074 -3.320998607199254 0
0.06119700232195684 -3.115869981550462 0
0.07471931538866651 -2.920509384666112 0
0.08759770874880973 -2.734451673878233 0
0.0998628452009965 -2.55725385525457 0
0.1115439276116151 -2.388494026907466 0
0.1226687680929251 -2.227770379558815 0
0.1332638542481787 -2.074700239478474 0
0.1433544124511955 -1.928919154266749 0
0.1529644679055258 -1.790080025163041 0
0.1621169016535433 -1.657852283419723 0
0.1708335052286267 -1.53192110072696 0
0.1791350324671635 -1.411986640670353 0
0.1870412488925629 -1.297763345266447 0
0.1945709788403456 -1.188979254133527 0
0.201742150206093 -1.085375358005626 0
0.2085718371893035 -0.9867049812001918 0
0.2150763009633455 -0.8927331940480481 0
0.2212710283468418 -0.8032362541971998 0
0.2271707686850404 -0.7180010737774634 0
0.2327895689894864 -0.6368247117279173 0
0.2381408074295485 -0.5595138899355478 0
0.2432372250111956 -0.4858845355632102 0
0.2480909560373903 -0.4157613409798877 0
0.2527135570255634 -0.3489773459819503 0
0.2571160341000484 -0.2853735420470715 0
0.2613088694255025 -0.2247984904432845 0
0.2653020459381977 -0.1671079649291802 0
0.2691050712081555 -0.1121646070110525 0
1 203 0 8
168
169
170
171
172
173
174
175
-0.5757449770200411 3.879910086048045 0
-1.103919899365768 3.620616665778357 0
-1.56145905111394 3.250137816964286 0
-1.939347890393003 2.798330311719873 0
-2.237273963834132 2.28999299305065 0
-2.458543090629907 1.743770831907318 0
-2.607214859691266 1.173410107810944 0
-2.686839305519409 0.5893454669886635 0
1 204 0 8
176
177
178
179
180
181
182
183
-0.5757449770200411 -3.879910086048045 0
-1.103919899365768 -3.620616665778357 0
-1.56145905111394 -3.250137816964286 0
-1.939347890393003 -2.798330311719873 0
-2.237273963834132 -2.28999299305065 0
-2.458543090629907 -1.743770831907318 0
-2.607214859691266 -1.173410107810944 0
-2.686839305519409 -0.5893454669886635 0
1 210 0 107
184
185
186
187
188
189
190
191
192
193
194
195
196
197
198
199
200
201
202
203
204
205
206
207
208
209
210
211
212
213
214
215
216
217
218
219
220
221
222
223
224
225
226
227
228
229
230
231
232
233
234
235
236
237
238
239
240
241
242
243
244
245
246
247
248
249
250
251
252
253
254
255
256
257
258
259
260
261
262
263
264
265
266
267
268
269
270
271
272
273
274
275
276
277
278
279
280
281
282
283
284
285
286
287
288
289
290
1.04629629629623 -1.6499102777778e-17 0
1.092592592592546 -1.634490555555571e-17 0
1.138888888888838 -1.61907083333335e-17 0
1.185185185185039 -1.60365111111116e-17 0
1.231481481481161 -1.588231388888996e-17 0
1.277777777777377 -1.5728116666668e-17 0
1.324074074073694 -1.557391944444571e-17 0
1.37037037037001 -1.541972222222342e-17 0
1.416666666666326 -1.526552500000114e-17 0
1.462962962962642 -1.511132777777885e-17 0
1.509259259258959 -1.495713055555656e-17 0
1.555555555555275 -1.480293333333427e-17 0
1.601851851851574 -1.464873611111204e-17 0
1.648148148147787 -1.449453888889009e-17 0
1.694444444443915 -1.434034166666843e-17 0
1.740740740740026 -1.418614444444682e-17 0
1.787037037036137 -1.403194722222522e-17 0
1.833333333332247 -1.387775000000362e-17 0
1.879629629628358 -1.372355277778201e-17 0
1.925925925924469 -1.356935555556041e-17 0
1.97222222222058 -1.34151583333388e-17 0
2.01851851851679 -1.326096111111687e-17 0
2.064814814813106 -1.310676388889458e-17 0
2.111111111109423 -1.295256666667229e-17 0
2.157407407405739 -1.279836944445e-17 0
2.203703703702056 -1.264417222222771e-17 0
2.249999999998372 -1.248997500000542e-17 0
2.296296296294688 -1.233577777778313e-17 0
2.342592592591004 -1.218158055556085e-17 0
2.388888888887321 -1.202738333333856e-17 0
2.435185185183636 -1.187318611111627e-17 0
2.481481481479952 -1.171898888889398e-17 0
2.527777777776269 -1.156479166667169e-17 0
2.574074074072585 -1.14105944444494e-17 0
2.620370370368901 -1.125639722222712e-17 0
2.666666666665217 -1.110220000000483e-17 0
2.712962962961534 -1.094800277778254e-17 0
2.75925925925785 -1.079380555556025e-17 0
2.805555555554166 -1.063960833333796e-17 0
2.851851851850483 -1.048541111111567e-17 0
2.898148148146798 -1.033121388889339e-17 0
2.944444444443114 -1.01770166666711e-17 0
2.990740740739431 -1.002281944444881e-17 0
3.037037037035747 -9.868622222226519e-18 0
3.083333333332063 -9.714425000004231e-18 0
3.129629629628379 -9.560227777781942e-18 0
3.175925925924695 -9.406030555559654e-18 0
3.222222222221011 -9.251833333337366e-18 0
3.268518518517328 -9.097636111115078e-18 0
3.314814814813644 -8.943438888892788e-18 0
3.36111111110996 -8.789241666670501e-18 0
3.407407407406276 -8.635044444448213e-18 0
3.453703703702593 -8.480847222225923e-18 0
3.499999999998908 -8.326650000003635e-18 0
3.546296296295225 -8.172452777781345e-18 0
3.592592592591542 -8.018255555559057e-18 0
3.638888888887858 -7.864058333336767e-18 0
3.685185185184174 -7.709861111114477e-18 0
3.731481481480492 -7.555663888892186e-18 0
3.777777777776808 -7.401466666669898e-18 0
3.824074074073124 -7.247269444447609e-18 0
3.87037037036944 -7.09307222222532e-18 0
3.916666666665757 -6.938875000003028e-18 0
3.962962962962074 -6.78467777778074e-18 0
4.00925925925839 -6.63048055555845e-18 0
4.055555555554707 -6.476283333336159e-18 0
4.101851851851023 -6.322086111113871e-18 0
4.14814814814734 -6.167888888891582e-18 0
4.194444444443656 -6.013691666669293e-18 0
4.240740740739973 -5.859494444447001e-18 0
4.287037037036289 -5.705297222224713e-18 0
4.333333333332606 -5.551100000002425e-18 0
4.379629629628923 -5.396902777780133e-18 0
4.425925925925239 -5.242705555557844e-18 0
4.472222222221555 -5.088508333335554e-18 0
4.518518518517872 -4.934311111113266e-18 0
4.564814814814188 -4.780113888890976e-18 0
4.611111111110505 -4.625916666668686e-18 0
4.657407407406821 -4.471719444446396e-18 0
4.703703703703138 -4.317522222224106e-18 0
4.749999999999455 -4.163325000001818e-18 0
4.796296296295771 -4.009127777779528e-18 0
4.842592592592087 -3.854930555557239e-18 0
4.888888888888404 -3.700733333334949e-18 0
4.93518518518472 -3.546536111112659e-18 0
4.981481481481037 -3.392338888890368e-18 0
5.027777777777353 -3.238141666668081e-18 0
5.074074074073669 -3.083944444445791e-18 0
5.120370370369987 -2.929747222223501e-18 0
5.166666666666304 -2.77555000000121e-18 0
5.212962962962619 -2.621352777778922e-18 0
5.259259259258935 -2.467155555556634e-18 0
5.305555555555252 -2.312958333334342e-18 0
5.351851851851569 -2.158761111112054e-18 0
5.398148148147885 -2.004563888889766e-18 0
5.444444444444201 -1.850366666667474e-18 0
5.490740740740518 -1.696169444445183e-18 0
5.537037037036836 -1.541972222222895e-18 0
5.583333333333151 -1.387775000000607e-18 0
5.629629629629468 -1.233577777778315e-18 0
5.675925925925784 -1.079380555556027e-18 0
5.722222222222101 -9.251833333337357e-19 0
5.768518518518418 -7.709861111114474e-19 0
5.814814814814734 -6.167888888891592e-19 0
5.86111111111105 -4.625916666668678e-19 0
5.907407407407367 -3.083944444445796e-19 0
5.953703703703684 -1.541972222222883e-19 0
1 211 0 31
291
292
293
294
295
296
297
298
299
300
301
302
303
304
305
306
307
308
309
310
311
312
313
314
315
316
317
318
319
320
321
6 3.758931738233532 0
6 3.529342916896746 0
6 3.310686897321974 0
6 3.102443069099559 0
6 2.904115612597126 0
6 2.715232321220541 0
6 2.53534347347478 0
6 2.364020760225535 0
6 2.200856270117426 0
6 2.045461517820897 0
6 1.897466516244964 0
6 1.756518895354514 0
6 1.622283066193376 0
6 1.494439419286329 0
6 1.372683564729456 0
6 1.256725607890232 0
6 1.146289458238665 0
6 1.041112173043639 0
6 0.9409433304627539 0
6 0.8455444330484343 0
6 0.7546883405676077 0
6 0.6681587290738733 0
6 0.5857495755257043 0
6 0.5072646665762219 0
6 0.4325171339515053 0
6 0.3613290076972224 0
6 0.2935307920550314 0
6 0.2289610637067434 0
6 0.1674660840840132 0
6 0.1088994366419005 0
6 0.05312167688086111 0
1 212 0 31
322
323
324
325
326
327
328
329
330
331
332
333
334
335
336
337
338
339
340
341
342
343
344
345
346
347
348
349
350
351
352
6 -3.758931738233532 0
6 -3.529342916896746 0
6 -3.310686897321974 0
6 -3.102443069099559 0
6 -2.904115612597126 0
6 -2.715232321220541 0
6 -2.53534347347478 0
6 -2.364020760225535 0
6 -2.200856270117426 0
6 -2.045461517820897 0
6 -1.897466516244964 0
6 -1.756518895354514 0
6 -1.622283066193376 0
6 -1.494439419286329 0
6 -1.372683564729456 0
6 -1.256725607890232 0
6 -1.146289458238665 0
6 -1.041112173043639 0
6 -0.9409433304627539 0
6 -0.8455444330484343 0
6 -0.7546883405676077 0
6 -0.6681587290738733 0
6 -0.5857495755257043 0
6 -0.5072646665762219 0
6 -0.4325171339515053 0
6 -0.3613290076972224 0
6 -0.2935307920550314 0
6 -0.2289610637067434 0
6 -0.1674660840840132 0
6 -0.1088994366419005 0
6 -0.05312167688086111 0
1 220 0 131
353
354
355
356
357
358
359
360
361
362
363
364
365
366
367
368
369
370
371
372
373
374
375
376
377
378
379
380
381
382
383
384
385
386
387
388
389
390
391
392
393
394
395
396
397
398
399
400
401
402
403
404
405
406
407
408
409
410
411
412
413
414
415
416
417
418
419
420
421
422
423
424
425
426
427
428
429
430
431
432
433
434
435
436
437
438
439
440
441
442
443
444
445
446
447
448
449
450
451
452
453
454
455
456
457
458
459
460
461
462
463
464
465
466
467
468
469
470
471
472
473
474
475
476
477
478
479
480
481
482
483
0.04545454545434559 4 0
0.09090909090868952 4 0
0.1363636363630309 4 0
0.1818181818173722 4 0
0.2272727272717135 4 0
0.2727272727260547 4 0
0.318181818180396 4 0
0.3636363636347455 4 0
0.4090909090891131 4 0
0.4545454545434935 4 0
0.4999999999978768 4 0
0.54545454545226 4 0
0.5909090909066432 4 0
0.6363636363610267 4 0
0.6818181818154099 4 0
0.7272727272697821 4 0
0.7727272727241234 4 0
0.8181818181784338 4 0
0.8636363636327329 4 0
0.9090909090870323 4 0
0.9545454545413313 4 0
0.999999999995645 4 0
1.04545454545 4 0
1.090909090904383 4 0
1.136363636358766 4 0
1.18181818181315 4 0
1.227272727267533 4 0
1.272727272721917 4 0
1.3181818181763 4 0
1.363636363630683 4 0
1.409090909085067 4 0
1.45454545453945 4 0
1.499999999993833 4 0
1.545454545448216 4 0
1.5909090909026 4 0
1.636363636356984 4 0
1.681818181811367 4 0
1.72727272726575 4 0
1.772727272720134 4 0
1.818181818174517 4 0
1.8636363636289 4 0
1.909090909083283 4 0
1.954545454537667 4 0
1.99999999999205 4 0
2.045454545446434 4 0
2.090909090900817 4 0
2.136363636355201 4 0
2.181818181809584 4 0
2.227272727263967 4 0
2.272727272718351 4 0
2.318181818172734 4 0
2.363636363627117 4 0
2.409090909081501 4 0
2.454545454535884 4 0
2.499999999990267 4 0
2.545454545444651 4 0
2.590909090899034 4 0
2.636363636353417 4 0
2.681818181807802 4 0
2.727272727262185 4 0
2.772727272716568 4 0
2.818181818170951 4 0
2.863636363625335 4 0
2.909090909079718 4 0
2.954545454534104 4 0
2.999999999988572 4 0
3.045454545443208 4 0
3.090909090897925 4 0
3.136363636352645 4 0
3.181818181807365 4 0
3.227272727262085 4 0
3.272727272716805 4 0
3.318181818171525 4 0
3.363636363626245 4 0
3.409090909080964 4 0
3.454545454535684 4 0
3.499999999990404 4 0
3.545454545445125 4 0
3.590909090899844 4 0
3.636363636354564 4 0
3.681818181809284 4 0
3.727272727264004 4 0
3.772727272718724 4 0
3.818181818173444 4 0
3.863636363628164 4 0
3.909090909082884 4 0
3.954545454537604 4 0
3.999999999992323 4 0
4.045454545447043 4 0
4.090909090901763 4 0
4.136363636356483 4 0
4.181818181811203 4 0
4.227272727265923 4 0
4.272727272720643 4 0
4.318181818175363 4 0
4.363636363630083 4 0
4.409090909084802 4 0
4.454545454539523 4 0
4.499999999994243 4 0
4.545454545448963 4 0
4.590909090903683 4 0
4.636363636358402 4 0
4.681818181813122 4 0
4.727272727267842 4 0
4.772727272722562 4 0
4.818181818177282 4 0
4.863636363632002 4 0
4.909090909086721 4 0
4.954545454541441 4 0
4.999999999996161 4 0
5.045454545450881 4 0
5.090909090905602 4 0
5.136363636360321 4 0
5.181818181815041 4 0
5.227272727269761 4 0
5.272727272724481 4 0
5.318181818179201 4 0
5.363636363633922 4 0
5.409090909088641 4 0
5.454545454543361 4 0
5.499999999998081 4 0
5.545454545452801 4 0
5.590909090907521 4 0
5.63636363636224 4 0
5.68181818181696 4 0
5.72727272727168 4 0
5.7727272727264 4 0
5.81818181818112 4 0
5.86363636363584 4 0
5.909090909090559 4 0
5.954545454545279 4 0
1 221 0 131
484
485
486
487
488
489
490
491
492
493
494
495
496
497
498
499
500
501
502
503
504
505
506
507
508
509
510
511
512
513
514
515
516
517
518
519
520
521
522
523
524
525
526
527
528
529
530
531
532
533
534
535
536
537
538
539
540
541
542
543
544
545
546
547
548
549
550
551
552
553
554
555
556
557
558
559
560
561
562
563
564
565
566
567
568
569
570
571
572
573
574
575
576
577
578
579
580
581
582
583
584
585
586
587
588
589
590
591
592
593
594
595
596
597
598
599
600
601
602
603
604
605
606
607
608
609
610
611
612
613
614
0.04545454545434559 -4 0
0.09090909090868952 -4 0
0.1363636363630309 -4 0
0.1818181818173722 -4 0
0.2272727272717135 -4 0
0.2727272727260547 -4 0
0.318181818180396 -4 0
0.3636363636347455 -4 0
0.4090909090891131 -4 0
0.4545454545434935 -4 0
0.4999999999978768 -4 0
0.54545454545226 -4 0
0.5909090909066432 -4 0
0.6363636363610267 -4 0
0.6818181818154099 -4 0
0.7272727272697821 -4 0
0.7727272727241234 -4 0
0.8181818181784338 -4 0
0.8636363636327329 -4 0
0.9090909090870323 -4 0
0.9545454545413313 -4 0
0.999999999995645 -4 0
1.04545454545 -4 0
1.090909090904383 -4 0
1.136363636358766 -4 0
1.18181818181315 -4 0
1.227272727267533 -4 0
1.272727272721917 -4 0
1.3181818181763 -4 0
1.363636363630683 -4 0
1.409090909085067 -4 0
1.45454545453945 -4 0
1.499999999993833 -4 0
1.545454545448216 -4 0
1.5909090909026 -4 0
1.636363636356984 -4 0
1.681818181811367 -4 0
1.72727272726575 -4 0
1.772727272720134 -4 0
1.818181818174517 -4 0
1.8636363636289 -4 0
1.909090909083283 -4 0
1.954545454537667 -4 0
1.99999999999205 -4 0
2.045454545446434 -4 0
2.090909090900817 -4 0
2.136363636355201 -4 0
2.181818181809584 -4 0
2.227272727263967 -4 0
2.272727272718351 -4 0
2.318181818172734 -4 0
2.363636363627117 -4 0
2.409090909081501 -4 0
2.454545454535884 -4 0
2.499999999990267 -4 0
2.545454545444651 -4 0
2.590909090899034 -4 0
2.636363636353417 -4 0
2.681818181807802 -4 0
2.727272727262185 -4 0
2.772727272716568 -4 0
2.818181818170951 -4 0
2.863636363625335 -4 0
2.909090909079718 -4 0
2.954545454534104 -4 0
2.999999999988572 -4 0
3.045454545443208 -4 0
3.090909090897925 -4 0
3.136363636352645 -4 0
3.181818181807365 -4 0
3.227272727262085 -4 0
3.272727272716805 -4 0
3.318181818171525 -4 0
3.363636363626245 -4 0
3.409090909080964 -4 0
3.454545454535684 -4 0
3.499999999990404 -4 0
3.545454545445125 -4 0
3.590909090899844 -4 0
3.636363636354564 -4 0
3.681818181809284 -4 0
3.727272727264004 -4 0
3.772727272718724 -4 0
3.818181818173444 -4 0
3.863636363628164 -4 0
3.909090909082884 -4 0
3.954545454537604 -4 0
3.999999999992323 -4 0
4.045454545447043 -4 0
4.090909090901763 -4 0
4.136363636356483 -4 0
4.181818181811203 -4 0
4.227272727265923 -4 0
4.272727272720643 -4 0
4.318181818175363 -4 0
4.363636363630083 -4 0
4.409090909084802 -4 0
4.454545454539523 -4 0
4.499999999994243 -4 0
4.545454545448963 -4 0
4.590909090903683 -4 0
4.636363636358402 -4 0
4.681818181813122 -4 0
4.727272727267842 -4 0
4.772727272722562 -4 0
4.818181818177282 -4 0
4.863636363632002 -4 0
4.909090909086721 -4 0
4.954545454541441 -4 0
4.999999999996161 -4 0
5.045454545450881 -4 0
5.090909090905602 -4 0
5.136363636360321 -4 0
5.181818181815041 -4 0
5.227272727269761 -4 0
5.272727272724481 -4 0
5.318181818179201 -4 0
5.363636363633922 -4 0
5.409090909088641 -4 0
5.454545454543361 -4 0
5.499999999998081 -4 0
5.545454545452801 -4 0
5.590909090907521 -4 0
5.63636363636224 -4 0
5.68181818181696 -4 0
5.72727272727168 -4 0
5.7727272727264 -4 0
5.81818181818112 -4 0
5.86363636363584 -4 0
5.909090909090559 -4 0
5.954545454545279 -4 0
1 230 0 14
615
616
617
618
619
620
621
622
623
624
625
626
627
628
6 4.111056962788595 0
6 4.244325308579841 0
6 4.404247324634415 0
6 4.596153743492046 0
6 4.826441446932238 0
6 5.102786695500279 0
6 5.434400998241652 0
6 5.832338165584915 0
6 6.309862761290937 0
6 6.882892271745041 0
6 7.570527684220081 0
6 8.395690179086678 0
6 9.385885173736039 0
6 10.57411918303668 0
1 231 0 14
629
630
631
632
633
634
635
636
637
638
639
640
641
642
6 -4.111056962788595 0
6 -4.244325308579841 0
6 -4.404247324634415 0
6 -4.596153743492046 0
6 -4.826441446932238 0
6 -5.102786695500279 0
6 -5.434400998241652 0
6 -5.832338165584915 0
6 -6.309862761290937 0
6 -6.882892271745041 0
6 -7.570527684220081 0
6 -8.395690179086678 0
6 -9.385885173736039 0
6 -10.57411918303668 0
1 232 0 24
643
644
645
646
647
648
649
650
651
652
653
654
655
656
657
658
659
660
661
662
663
664
665
666
0.06100843636252797 4.081344581816704 0
0.1281177133834027 4.170823617844537 0
0.2019379160227635 4.269250554697018 0
0.2831401411044474 4.377520188139263 0
0.3724625896004088 4.496616786133878 0
0.4707172818565538 4.627623042475405 0
0.5787974444815462 4.771729925975395 0
0.6976856229235988 4.930247497231465 0
0.8284626176974406 5.104616823596587 0
0.9723173140557502 5.296423085407667 0
1.130557478749249 5.507409971665665 0
1.304621656326256 5.739495541768342 0
1.496092252785387 5.994789670380516 0
1.706709909062927 6.275613212083903 0
1.938389331243118 6.584519108324158 0
2.193236695901138 6.924315594534851 0
2.473568796885002 7.298091729180002 0
2.781934108664803 7.709245478219737 0
3.121135951581294 8.161514602108394 0
3.494257981639441 8.659010642185923 0
3.904692212217868 9.206256282957156 0
4.35616986222597 9.80822648296796 0
4.852795278778633 10.47039370503818 0
5.399083240047076 11.1987776533961 0
1 233 0 24
667
668
669
670
671
672
673
674
675
676
677
678
679
680
681
682
683
684
685
686
687
688
689
690
0.06100843636252797 -4.081344581816704 0
0.1281177133834027 -4.170823617844537 0
0.2019379160227635 -4.269250554697018 0
0.2831401411044474 -4.377520188139263 0
0.3724625896004088 -4.496616786133878 0
0.4707172818565538 -4.627623042475405 0
0.5787974444815462 -4.771729925975395 0
0.6976856229235988 -4.930247497231465 0
0.8284626176974406 -5.104616823596587 0
0.9723173140557502 -5.296423085407667 0
1.130557478749249 -5.507409971665665 0
1.304621656326256 -5.739495541768342 0
1.496092252785387 -5.994789670380516 0
1.706709909062927 -6.275613212083903 0
1.938389331243118 -6.584519108324158 0
2.193236695901138 -6.924315594534851 0
2.473568796885002 -7.298091729180002 0
2.781934108664803 -7.709245478219737 0
3.121135951581294 -8.161514602108394 0
3.494257981639441 -8.659010642185923 0
3.904692212217868 -9.206256282957156 0
4.35616986222597 -9.80822648296796 0
4.852795278778633 -10.47039370503818 0
5.399083240047076 -11.1987776533961 0
2 1 0 248
691
692
693
694
695
696
697
698
699
700
701
702
703
704
705
706
707
708
709
710
711
712
713
714
715
716
717
718
719
720
721
722
723
724
725
726
727
728
729
730
731
732
733
734
735
736
737
738
739
740
741
742
743
744
745
746
747
748
749
750
751
752
753
754
755
756
757
758
759
760
761
762
763
764
765
766
767
768
769
770
771
772
773
774
775
776
777
778
779
780
781
782
783
784
785
786
787
788
789
790
791
792
793
794
795
796
797
798
799
800
801
802
803
804
805
806
807
808
809
810
811
812
813
814
815
816
817
818
819
820
821
822
823
824
825
826
827
828
829
830
831
832
833
834
835
836
837
838
839
840
841
842
843
844
845
846
847
848
849
850
851
852
853
854
855
856
857
858
859
860
861
862
863
864
865
866
867
868
869
870
871
872
873
874
875
876
877
878
879
880
881
882
883
884
885
886
887
888
889
890
891
892
893
894
895
896
897
898
899
900
901
902
903
904
905
906
907
908
909
910
911
912
913
914
915
916
917
918
919
920
921
922
923
924
925
926
927
928
929
930
931
932
933
934
935
936
937
938
-2.523085112367763 0.5555467825927709 0
-2.446433119308067 1.105014545501041 0
-2.304895088591848 1.641404091391876 0
-2.095134935879607 2.154998057357238 0
-1.813337719717677 2.632913711342883 0
-1.456396858961903 3.057648388633059 0
-1.024605976333474 3.405909352913731 0
-0.5264363337187716 3.649647125176337 0
-2.367128737526065 0.5233575592748002 0
-2.293307651872768 1.039875914560133 0
-2.158563657693974 1.543911957313851 0
-1.959764432709485 2.026431451600269 0
-1.693328033044598 2.475374091526174 0
-1.35633762807796 2.874325123078613 0
-0.9490689065805882 3.201426197272542 0
-0.4794757209278185 3.43034906663293 0
-2.218598857230329 0.49270115622033 0
-2.147473873860037 0.9778391234013195 0
-2.019200390647527 1.451062306130479 0
-1.830840144416031 1.903987065586424 0
-1.579033093746237 2.325336358883763 0
-1.2610431227998 2.699731537437226 0
-0.8771288403952462 3.006680335427553 0
-0.4347513279467028 3.221493773501269 0
-2.077141828339624 0.4635045818759805 0
-2.008584561430374 0.9187564651411377 0
-1.886473469616239 1.362634066887726 0
-1.708055107914239 1.787373364593846 0
-1.470180770576921 2.18244328014364 0
-1.170286451083128 2.533451932026066 0
-0.8086144916299627 2.821208086008646 0
-0.3921566679540964 3.022583970473097 0
-1.942420847729362 0.4356983204491811 0
-1.87630902508203 0.8624872665017008 0
-1.760066877488209 1.278416695736714 0
-1.591116977293269 1.67631269639685 0
-1.36651189081925 2.046354633007658 0
-1.083851525181282 2.375090402228988 0
-0.7433627305559822 2.6445678475366 0
-0.3515903248896079 2.833146061829772 0
-1.81411515227064 0.4092161667847877 0
-1.75033232415227 0.8088975536643587 0
-1.639679647229026 1.198209675821282 0
-1.479747329396611 1.570540631748529 0
-1.267779624661757 1.916746398009167 0
-1.001532548364183 2.224269898089931 0
-0.6812181963753259 2.47633904947108 0
-0.3129557125565399 2.65272900649318 0
-1.691919252638818 0.3839950682238493 0
-1.630354514533731 0.7578597322525507 0
-1.52502514297621 1.121822038312527 0
-1.373680998765981 1.46980533275068 0
-1.173748895608277 1.793309984542499 0
-0.9231335233414454 2.080631323670882 0
-0.6220329261177929 2.316121147612946 0
-0.2761608439109711 2.480903240644422 0
-1.575542204616561 0.3599749742015614 0
-1.516089933204778 0.7092522829758023 0
-1.415830376314357 1.049071906883162 0
-1.272665445130789 1.373866952134719 0
-1.084195819739953 1.675751494769375 0
-0.8484677847417098 1.943832680485899 0
-0.565666001698633 2.163532668670087 0
-0.2411181116412116 2.317259653068025 0
-1.464706919901818 0.3370986939950444 0
-1.407266521546333 0.6629594737658896 0
-1.311835359614697 0.9797860668654982 0
-1.176460155184771 1.282497065093786 0
-0.9989071753729559 1.563791027411897 0
-0.7773575569340165 1.813548257349465 0
-0.5119832161068705 2.018210306594476 0
-0.2077440806398431 2.161408616017487 0
-1.359149506018938 0.3153117605000609 0
-1.303625177241285 0.6188710841129369 0
-1.21279248669543 0.9137995526688782 0
-1.084836069642245 1.195478125194591 0
-0.917679895131728 1.457162011052538 0
-0.7096335305421761 1.689467854562569 0
-0.4608567537090426 1.879808057222854 0
-0.1759592892552955 2.012979057163646 0
-1.258618636069211 0.2945623001113613 0
-1.204919135452366 0.5768821417537386 0
-1.118465941445522 0.8509552536845859 0
-0.9975750361499829 1.112602944668628 0
-0.8403205809328513 1.355610567305536 0
-0.6451344580514836 1.571296042855393 0
-0.4121648849571271 1.747996391679474 0
-0.1456880594880449 1.871617573103255 0
-1.162874950171399 0.2748009092178566 0
-1.1109133811407 0.5368926727448462 0
-1.028631136228885 0.791103540223472 0
-0.9144692897665375 1.03367420112234 0
-0.7666450434231099 1.258894906363482 0
-0.5837067698172462 1.458751460008804 0
-0.3657916765104491 1.622461471815125 0
-0.1168583167833561 1.73698758796305 0
-1.071690487587282 0.2559805369752955 0
-1.021384091492825 0.4988074642397452 0
-0.943074179045003 0.7341019084676904 0
-0.8353209600306254 0.9585039693211321 0
-0.6964778649782579 1.166784753266269 0
-0.5252042097075557 1.351566143222645 0
-0.3216267161707591 1.50290440551263 0
-0.08940141902278777 1.608768554748321 0
-0.9848481422103148 0.2380563729232969 0
-0.9361181012945312 0.4625358370688211 0
-0.8615913626246816 0.6798146400941143 0
-0.7599415983269141 0.8869132723218005 0
-0.6296519807004632 1.079060797879492 0
-0.4694874857564925 1.249484889075355 0
-0.2795648491527009 1.3890405327709 0
-0.06325199256694426 1.486655189704081 0
-0.9021411463691322 0.2209857404430564 0
-0.8549123961043473 0.4279914301386538 0
-0.7839886800909855 0.6281124795875868 0
-0.6881517298263089 0.8187316559331824 0
-0.5660082812010279 0.9955141734580565 0
-0.4164239389804171 1.152264646746944 0
-0.2395059280654422 1.280598748891335 0
-0.03834777682166628 1.37035674646601 0
-0.8233725788211266 0.2047279952077959 0
-0.7775736291779971 0.3950919949347122 0
-0.7100813633173214 0.5788723266758034 0
-0.6197804264232417 0.7537967831182669 0
-0.505395233997513 0.9159459596451366 0
-0.3658872277141849 1.059673939676521 0
-0.2013545746106569 1.177320859380807 0
-0.01462947608814365 1.259596324225852 0
-0.748354895251516 0.1892444282782937 0
-0.7039176604898054 0.3637591994239071 0
-0.6396934424020458 0.5319769428328349 0
-0.5546648992077481 0.6919540469491703 0
-0.4476685222289938 0.8401667082049592 0
-0.3177570263865133 0.9714923136743657 0
-0.1650199521809555 1.078960964362652 0
0.007959381810280761 1.154110207542695 0
-0.6769094824556455 0.1744981740865908 0
-0.633769119007446 0.3339184418489364 0
-0.5726573273646727 0.4873146725875691 0
-0.4926501114946392 0.6330562030859159 0
-0.3926907015957354 0.767995992679164 0
-0.2719187394901351 0.8875098128730096 0
-0.130415549929216 0.9852848740399796 0
0.02947257976997174 1.053647239456303 0
-0.6088662324878191 0.1604541225407582 0
-0.5669609845707775 0.3054986728620775 0
-0.5088134085763591 0.4447791773136901 0
-0.4335884091836587 0.5769630187151027 0
-0.3403308726632693 0.6992619782123531 0
-0.228263228362165 0.807526479148492 0
-0.09745897650864468 0.8960695503381586 0
0.04996133963667003 0.957968222676341 0
-0.5440631374720244 0.1470788353942848 0
-0.5033341900575345 0.2784322262889324 0
-0.4480096765771399 0.4042691819359983 0
-0.3773391690542355 0.5235409385218381 0
-0.2904643690659864 0.6338010122494255 0
-0.1866865512208469 0.7313518758293724 0
-0.06607176382039537 0.8111025756384589 0
0.06947444421356111 0.8668453498255028 0
-0.4823459043239814 0.1343404667251652 0
-0.4427372430989224 0.2526546582086275 0
-0.3901013605756626 0.3656882340838562 0
-0.3237684643433347 0.47266276707618 0
-0.2429724610326804 0.5714572353464945 0
-0.1470897159771273 0.6588046348112068 0
-0.03617918040521061 0.7301816476187084 0
0.08805835327375047 0.7800616616811442 0
-0.4235675873071134 0.1222086870958395 0
-0.3850258653053931 0.2281045934826476 0
-0.3349505836821814 0.3289444743929087 0
-0.2727487458031529 0.4242073659212275 0
-0.1977420726353887 0.5120822099965343 0
-0.1093784444881548 0.5897120246341208 0
-0.007710053472833114 0.6531140974766851 0
0.1057573142027364 0.6974105304937206 0
-0.3675882379408724 0.1106546112946354 0
-0.3300626485298 0.2047235795312523 0
-0.2824260344229918 0.2939504176541656 0
-0.2241585378206964 0.3780593649660471 0
-0.1546655123910082 0.4555345669835101 0
-0.07346294794377967 0.5239095389576602 0
0.01940340066401902 0.5797164309051155 0
0.1226134674158527 0.6186951677052022 0
-0.3142745713288411 0.09965072946631942 0
-0.2777167272523061 0.182455946968151 0
-0.2324026536613391 0.2606227442277459 0
-0.1778821487898318 0.3341088874150014 0
-0.113640216498139 0.4016796683234027 0
-0.03925771278781363 0.461240504337222 0
0.04522573820272439 0.5098138905961351 0
0.1386669468314281 0.5437281547567803 0
-0.2634996505477845 0.08917084197026685 0
-0.2278634686983516 0.1612486777784459 0
-0.1847613384645438 0.2288821027465378 0
-0.133809397160171 0.2922512895855178 0
-0.07456850597184392 0.3503892884488353 0
-0.006681298226784899 0.4015557092299152 0
0.06981844071618089 0.4432400424255374 0
0.1539559749056488 0.4723309992919553 0
-0.2151425831747265 0.07918999674400956 0
-0.1803841748743549 0.141051278566498 0
-0.1393886573601128 0.198652920407942 0
-0.09183534802187231 0.2523869107325559 0
-0.03735735311881175 0.3015413076554567 0
0.02434385847363733 0.3447130472689936 0
0.09324006213911618 0.3798363775525492 0
0.1685169540124185 0.4043337084282518 0
-0.1690882331857714 0.06968442983952554 0
-0.1351657996961421 0.1218156602242038 0
-0.09617658001493627 0.1698632228749605 0
-0.05186006303317937 0.2144208355452861 0
-0.001918159841229228 0.2550194210762696 0
0.05389162682991272 0.2905771786076136 0
0.1155463683091063 0.3194519346745612 0
0.1823845531945528 0.3395743836441328 0
-0.1252269480491841 0.06063150909551231 0
-0.09210068103579805 0.1034960239453008 0
-0.05502222117096203 0.1424444636753043 0
-0.01378836353653459 0.1782626691691682 0
0.03183345236732844 0.2107128630040061 0
0.08203235823358365 0.2390192091225605 0
0.1367904691483767 0.2619429422032877 0
0.19559179033984 0.2778988370306433 0
-0.08345429537294523 0.05200967978170314 0
-0.05108628214956152 0.0860487512303308 0
-0.01582759354569027 0.1163313595732643 0
0.02247039803199254 0.1438263201045405 0
0.06397784507375402 0.16851614086502 0
0.1088330549142157 0.1899163808491055 0
0.1570229462179094 0.207172472968396 0
0.2081701114801142 0.2191602209781467 0
-0.04367081650990783 0.04379841374330552 0
-0.01202494975554393 0.06943230097450473 0
0.02150062335622101 0.09146173654247046 0
0.05700255201396258 0.1110297970850075 0
0.09459155250816693 0.1283287863233838 0
0.1343575280225107 0.1431517823496784 0
0.1762919720580987 0.1550101211558037 0
0.2201494649840899 0.1632186817086564 0
-0.005781788822808498 0.0359781603327177 0
0.0251763193859296 0.05360711017233467 0
0.05705130630601178 0.06777638115181668 0
0.08989031788313744 0.07979501309437541 0
0.1237474645029444 0.09005511513223251 0
0.1586665501574928 0.09861406926139485 0
0.1946434253351219 0.1053316905997007 0
0.2315583731426756 0.1099410249844579 0
2 2 0 248
939
940
941
942
943
944
945
946
947
948
949
950
951
952
953
954
955
956
957
958
959
960
961
962
963
964
965
966
967
968
969
970
971
972
973
974
975
976
977
978
979
980
981
982
983
984
985
986
987
988
989
990
991
992
993
994
995
996
997
998
999
1000
1001
1002
1003
1004
1005
1006
1007
1008
1009
1010
1011
1012
1013
1014
1015
1016
1017
1018
1019
1020
1021
1022
1023
1024
1025
1026
1027
1028
1029
1030
1031
1032
1033
1034
1035
1036
1037
1038
1039
1040
1041
1042
1043
1044
1045
1046
1047
1048
1049
1050
1051
1052
1053
1054
1055
1056
1057
1058
1059
1060
1061
1062
1063
1064
1065
1066
1067
1068
1069
1070
1071
1072
1073
1074
1075
1076
1077
1078
1079
1080
1081
1082
1083
1084
1085
1086
1087
1088
1089
1090
1091
1092
1093
1094
1095
1096
1097
1098
1099
1100
1101
1102
1103
1104
1105
1106
1107
1108
1109
1110
1111
1112
1113
1114
1115
1116
1117
1118
1119
1120
1121
1122
1123
1124
1125
1126
1127
1128
1129
1130
1131
1132
1133
1134
1135
1136
1137
1138
1139
1140
1141
1142
1143
1144
1145
1146
1147
1148
1149
1150
1151
1152
1153
1154
1155
1156
1157
1158
1159
1160
1161
1162
1163
1164
1165
1166
1167
1168
1169
1170
1171
1172
1173
1174
1175
1176
1177
1178
1179
1180
1181
1182
1183
1184
1185
1186
-2.523085112367762 -0.5555467825927709 0
-2.367128737526065 -0.5233575592748003 0
-2.218598857230329 -0.4927011562203301 0
-2.077141828339624 -0.4635045818759806 0
-1.942420847729362 -0.4356983204491811 0
-1.81411515227064 -0.4092161667847877 0
-1.691919252638818 -0.3839950682238493 0
-1.575542204616562 -0.3599749742015613 0
-1.464706919901818 -0.3370986939950444 0
-1.359149506018938 -0.315311760500061 0
-1.258618636069211 -0.2945623001113613 0
-1.162874950171399 -0.2748009092178566 0
-1.071690487587282 -0.2559805369752955 0
-0.984848142210315 -0.2380563729232969 0
-0.9021411463691325 -0.2209857404430564 0
-0.8233725788211268 -0.2047279952077959 0
-0.7483548952515162 -0.1892444282782937 0
-0.6769094824556455 -0.1744981740865908 0
-0.6088662324878193 -0.1604541225407582 0
-0.5440631374720242 -0.1470788353942848 0
-0.4823459043239816 -0.1343404667251652 0
-0.4235675873071133 -0.1222086870958395 0
-0.3675882379408724 -0.1106546112946355 0
-0.314274571328841 -0.09965072946631939 0
-0.2634996505477843 -0.08917084197026685 0
-0.2151425831747265 -0.07918999674400956 0
-0.1690882331857713 -0.06968442983952554 0
-0.1252269480491841 -0.06063150909551229 0
-0.08345429537294523 -0.05200967978170313 0
-0.04367081650990781 -0.04379841374330552 0
-0.005781788822808498 -0.0359781603327177 0
-2.446433119308068 -1.105014545501041 0
-2.293307651872768 -1.039875914560133 0
-2.147473873860038 -0.9778391234013195 0
-2.008584561430374 -0.918756465141138 0
-1.87630902508203 -0.8624872665017008 0
-1.75033232415227 -0.8088975536643587 0
-1.630354514533731 -0.7578597322525504 0
-1.516089933204778 -0.7092522829758026 0
-1.407266521546333 -0.6629594737658898 0
-1.303625177241285 -0.6188710841129371 0
-1.204919135452366 -0.5768821417537389 0
-1.1109133811407 -0.5368926727448462 0
-1.021384091492825 -0.4988074642397453 0
-0.936118101294531 -0.462535837068821 0
-0.8549123961043475 -0.4279914301386539 0
-0.7775736291779971 -0.3950919949347122 0
-0.7039176604898056 -0.3637591994239072 0
-0.633769119007446 -0.3339184418489365 0
-0.5669609845707773 -0.3054986728620775 0
-0.5033341900575345 -0.2784322262889324 0
-0.4427372430989223 -0.2526546582086275 0
-0.385025865305393 -0.2281045934826475 0
-0.3300626485298001 -0.2047235795312523 0
-0.2777167272523062 -0.1824559469681511 0
-0.2278634686983516 -0.1612486777784459 0
-0.1803841748743549 -0.141051278566498 0
-0.1351657996961422 -0.1218156602242038 0
-0.09210068103579805 -0.1034960239453008 0
-0.05108628214956151 -0.0860487512303308 0
-0.01202494975554393 -0.06943230097450476 0
0.0251763193859296 -0.05360711017233467 0
-2.304895088591848 -1.641404091391876 0
-2.158563657693974 -1.543911957313851 0
-2.019200390647527 -1.451062306130479 0
-1.886473469616238 -1.362634066887727 0
-1.760066877488209 -1.278416695736714 0
-1.639679647229027 -1.198209675821282 0
-1.52502514297621 -1.121822038312527 0
-1.415830376314357 -1.049071906883162 0
-1.311835359614697 -0.979786066865498 0
-1.21279248669543 -0.9137995526688782 0
-1.118465941445522 -0.8509552536845861 0
-1.028631136228885 -0.791103540223472 0
-0.943074179045003 -0.7341019084676906 0
-0.8615913626246814 -0.6798146400941143 0
-0.7839886800909853 -0.6281124795875868 0
-0.7100813633173214 -0.5788723266758031 0
-0.6396934424020461 -0.5319769428328349 0
-0.5726573273646727 -0.4873146725875691 0
-0.5088134085763591 -0.4447791773136902 0
-0.4480096765771399 -0.4042691819359984 0
-0.3901013605756625 -0.3656882340838562 0
-0.3349505836821813 -0.3289444743929089 0
-0.2824260344229918 -0.2939504176541656 0
-0.2324026536613391 -0.2606227442277459 0
-0.1847613384645438 -0.2288821027465378 0
-0.1393886573601128 -0.198652920407942 0
-0.09617658001493627 -0.1698632228749605 0
-0.05502222117096203 -0.1424444636753043 0
-0.01582759354569027 -0.1163313595732643 0
0.02150062335622101 -0.09146173654247046 0
0.05705130630601178 -0.06777638115181667 0
-2.095134935879607 -2.154998057357238 0
-1.959764432709485 -2.026431451600269 0
-1.830840144416031 -1.903987065586424 0
-1.708055107914239 -1.787373364593846 0
-1.591116977293269 -1.676312696396849 0
-1.479747329396611 -1.57054063174853 0
-1.373680998765981 -1.46980533275068 0
-1.272665445130789 -1.37386695213472 0
-1.176460155184771 -1.282497065093786 0
-1.084836069642245 -1.195478125194591 0
-0.9975750361499829 -1.112602944668628 0
-0.9144692897665375 -1.03367420112234 0
-0.8353209600306254 -0.9585039693211319 0
-0.7599415983269141 -0.8869132723218005 0
-0.6881517298263089 -0.8187316559331824 0
-0.6197804264232417 -0.7537967831182669 0
-0.5546648992077481 -0.6919540469491703 0
-0.4926501114946392 -0.6330562030859159 0
-0.4335884091836587 -0.5769630187151027 0
-0.3773391690542355 -0.5235409385218384 0
-0.3237684643433347 -0.47266276707618 0
-0.2727487458031529 -0.4242073659212275 0
-0.2241585378206963 -0.3780593649660471 0
-0.1778821487898318 -0.3341088874150014 0
-0.133809397160171 -0.2922512895855178 0
-0.09183534802187229 -0.2523869107325559 0
-0.05186006303317939 -0.2144208355452861 0
-0.01378836353653459 -0.1782626691691681 0
0.02247039803199254 -0.1438263201045405 0
0.05700255201396258 -0.1110297970850075 0
0.08989031788313744 -0.07979501309437541 0
-1.813337719717678 -2.632913711342883 0
-1.693328033044598 -2.475374091526174 0
-1.579033093746237 -2.325336358883762 0
-1.470180770576921 -2.18244328014364 0
-1.36651189081925 -2.046354633007657 0
-1.267779624661757 -1.916746398009167 0
-1.173748895608277 -1.793309984542499 0
-1.084195819739953 -1.675751494769375 0
-0.9989071753729559 -1.563791027411897 0
-0.917679895131728 -1.457162011052537 0
-0.8403205809328516 -1.355610567305536 0
-0.7666450434231097 -1.258894906363482 0
-0.6964778649782581 -1.166784753266269 0
-0.6296519807004634 -1.079060797879492 0
-0.5660082812010279 -0.9955141734580565 0
-0.505395233997513 -0.9159459596451366 0
-0.4476685222289939 -0.8401667082049592 0
-0.3926907015957354 -0.767995992679164 0
-0.3403308726632692 -0.6992619782123529 0
-0.2904643690659865 -0.6338010122494255 0
-0.2429724610326804 -0.5714572353464945 0
-0.1977420726353887 -0.5120822099965343 0
-0.1546655123910082 -0.4555345669835101 0
-0.113640216498139 -0.4016796683234027 0
-0.07456850597184392 -0.3503892884488353 0
-0.03735735311881172 -0.3015413076554568 0
-0.001918159841229228 -0.2550194210762696 0
0.03183345236732844 -0.2107128630040061 0
0.06397784507375405 -0.16851614086502 0
0.09459155250816693 -0.1283287863233838 0
0.1237474645029444 -0.09005511513223248 0
-1.456396858961903 -3.057648388633058 0
-1.35633762807796 -2.874325123078613 0
-1.2610431227998 -2.699731537437226 0
-1.170286451083128 -2.533451932026067 0
-1.083851525181282 -2.375090402228988 0
-1.001532548364183 -2.22426989808993 0
-0.9231335233414454 -2.080631323670882 0
-0.8484677847417096 -1.943832680485899 0
-0.7773575569340163 -1.813548257349465 0
-0.7096335305421764 -1.689467854562569 0
-0.6451344580514834 -1.571296042855393 0
-0.5837067698172465 -1.458751460008804 0
-0.5252042097075557 -1.351566143222646 0
-0.4694874857564926 -1.249484889075355 0
-0.4164239389804172 -1.152264646746944 0
-0.3658872277141849 -1.059673939676521 0
-0.3177570263865133 -0.9714923136743657 0
-0.2719187394901351 -0.8875098128730096 0
-0.228263228362165 -0.8075264791484922 0
-0.186686551220847 -0.7313518758293722 0
-0.1470897159771273 -0.6588046348112068 0
-0.1093784444881548 -0.5897120246341208 0
-0.07346294794377967 -0.5239095389576602 0
-0.03925771278781361 -0.461240504337222 0
-0.006681298226784899 -0.4015557092299151 0
0.02434385847363733 -0.3447130472689936 0
0.05389162682991272 -0.2905771786076135 0
0.08203235823358365 -0.2390192091225605 0
0.1088330549142157 -0.1899163808491055 0
0.1343575280225107 -0.1431517823496784 0
0.1586665501574928 -0.09861406926139485 0
-1.024605976333474 -3.405909352913731 0
-0.9490689065805882 -3.201426197272542 0
-0.8771288403952462 -3.006680335427553 0
-0.8086144916299625 -2.821208086008646 0
-0.7433627305559822 -2.644567847536599 0
-0.6812181963753259 -2.47633904947108 0
-0.622032926117793 -2.316121147612946 0
-0.565666001698633 -2.163532668670087 0
-0.5119832161068705 -2.018210306594476 0
-0.4608567537090426 -1.879808057222853 0
-0.4121648849571272 -1.747996391679474 0
-0.3657916765104491 -1.622461471815125 0
-0.3216267161707592 -1.50290440551263 0
-0.279564849152701 -1.3890405327709 0
-0.2395059280654422 -1.280598748891335 0
-0.2013545746106569 -1.177320859380807 0
-0.1650199521809554 -1.078960964362652 0
-0.130415549929216 -0.9852848740399796 0
-0.09745897650864468 -0.8960695503381588 0
-0.06607176382039537 -0.8111025756384589 0
-0.03617918040521063 -0.7301816476187084 0
-0.007710053472833114 -0.6531140974766851 0
0.01940340066401902 -0.5797164309051155 0
0.04522573820272439 -0.5098138905961351 0
0.06981844071618089 -0.4432400424255374 0
0.09324006213911618 -0.3798363775525492 0
0.1155463683091063 -0.3194519346745613 0
0.1367904691483767 -0.2619429422032877 0
0.1570229462179094 -0.207172472968396 0
0.1762919720580987 -0.1550101211558037 0
0.1946434253351219 -0.1053316905997007 0
-0.5264363337187716 -3.649647125176337 0
-0.4794757209278186 -3.430349066632929 0
-0.4347513279467028 -3.221493773501268 0
-0.3921566679540965 -3.022583970473097 0
-0.3515903248896079 -2.833146061829772 0
-0.3129557125565399 -2.65272900649318 0
-0.2761608439109711 -2.480903240644423 0
-0.2411181116412116 -2.317259653068026 0
-0.2077440806398431 -2.161408616017487 0
-0.1759592892552955 -2.012979057163646 0
-0.1456880594880449 -1.871617573103256 0
-0.1168583167833561 -1.73698758796305 0
-0.08940141902278777 -1.608768554748321 0
-0.06325199256694423 -1.486655189704081 0
-0.03834777682166628 -1.37035674646601 0
-0.01462947608814365 -1.259596324225853 0
0.007959381810280761 -1.154110207542695 0
0.02947257976997174 -1.053647239456303 0
0.04996133963667003 -0.957968222676341 0
0.06947444421356111 -0.866845349825503 0
0.08805835327375047 -0.7800616616811442 0
0.1057573142027364 -0.6974105304937206 0
0.1226134674158527 -0.6186951677052022 0
0.1386669468314281 -0.54372815475678 0
0.1539559749056488 -0.4723309992919553 0
0.1685169540124185 -0.4043337084282518 0
0.1823845531945528 -0.3395743836441327 0
0.19559179033984 -0.2778988370306433 0
0.2081701114801142 -0.2191602209781466 0
0.2201494649840899 -0.1632186817086564 0
0.2315583731426756 -0.1099410249844579 0
2 5 0 4061
1187
1188
1189
1190
1191
1192
1193
1194
1195
1196
1197
1198
1199
1200
1201
1202
1203
1204
1205
1206
1207
1208
1209
1210
1211
1212
1213
1214
1215
1216
1217
1218
1219
1220
1221
1222
1223
1224
1225
1226
1227
1228
1229
1230
1231
1232
1233
1234
1235
1236
1237
1238
1239
1240
1241
1242
1243
1244
1245
1246
1247
1248
1249
1250
1251
1252
1253
1254
1255
1256
1257
1258
1259
1260
1261
1262
1263
1264
1265
1266
1267
1268
1269
1270
1271
1272
1273
1274
1275
1276
1277
1278
1279
1280
1281
1282
1283
1284
1285
1286
1287
1288
1289
1290
1291
1292
1293
1294
1295
1296
1297
1298
1299
1300
1301
1302
1303
1304
1305
1306
1307
1308
1309
1310
1311
1312
1313
1314
1315
1316
1317
1318
1319
1320
1321
1322
1323
1324
1325
1326
1327
1328
1329
1330
1331
1332
1333
1334
1335
1336
1337
1338
1339
1340
1341
1342
1343
1344
1345
1346
1347
1348
1349
1350
1351
1352
1353
1354
1355
1356
1357
1358
1359
1360
1361
1362
1363
1364
1365
1366
1367
1368
1369
1370
1371
1372
1373
1374
1375
1376
1377
1378
1379
1380
1381
1382
1383
1384
1385
1386
1387
1388
1389
1390
1391
1392
1393
1394
1395
1396
1397
1398
1399
1400
1401
1402
1403
1404
1405
1406
1407
1408
1409
1410
1411
1412
1413
1414
1415
1416
1417
1418
1419
1420
1421
1422
1423
1424
1425
1426
1427
1428
1429
1430
1431
1432
1433
1434
1435
1436
1437
1438
1439
1440
1441
1442
1443
1444
1445
1446
1447
1448
1449
1450
1451
1452
1453
1454
1455
1456
1457
1458
1459
1460
1461
1462
1463
1464
1465
1466
1467
1468
1469
1470
1471
1472
1473
1474
1475
1476
1477
1478
1479
1480
1481
1482
1483
1484
1485
1486
1487
1488
1489
1490
1491
1492
1493
1494
1495
1496
1497
1498
1499
1500
1501
1502
1503
1504
1505
1506
1507
1508
1509
1510
1511
1512
1513
1514
1515
1516
1517
1518
1519
1520
1521
1522
1523
1524
1525
1526
1527
1528
1529
1530
1531
1532
1533
1534
1535
1536
1537
1538
1539
1540
1541
1542
1543
1544
1545
1546
1547
1548
1549
1550
1551
1552
1553
1554
1555
1556
1557
1558
1559
1560
1561
1562
1563
1564
1565
1566
1567
1568
1569
1570
1571
1572
1573
1574
1575
1576
1577
1578
1579
1580
1581
1582
1583
1584
1585
1586
1587
1588
1589
1590
1591
1592
1593
1594
1595
1596
1597
1598
1599
1600
1601
1602
1603
1604
1605
1606
1607
1608
1609
1610
1611
1612
1613
1614
1615
1616
1617
1618
1619
1620
1621
1622
1623
1624
1625
1626
1627
1628
1629
1630
1631
1632
1633
1634
1635
1636
1637
1638
1639
1640
1641
1642
1643
1644
1645
1646
1647
1648
1649
1650
1651
1652
1653
1654
1655
1656
1657
1658
1659
1660
1661
1662
1663
1664
1665
1666
1667
1668
1669
1670
1671
1672
1673
1674
1675
1676
1677
1678
1679
1680
1681
1682
1683
1684
1685
1686
1687
1688
1689
1690
1691
1692
1693
1694
1695
1696
1697
1698
1699
1700
1701
1702
1703
1704
1705
1706
1707
1708
1709
1710
1711
1712
1713
1714
1715
1716
1717
1718
1719
1720
1721
1722
1723
1724
1725
1726
1727
1728
1729
1730
1731
1732
1733
1734
1735
1736
1737
1738
1739
1740
1741
1742
1743
1744
1745
1746
1747
1748
1749
1750
1751
1752
1753
1754
1755
1756
1757
1758
1759
1760
1761
1762
1763
1764
1765
1766
1767
1768
1769
1770
1771
1772
1773
1774
1775
1776
1777
1778
1779
1780
1781
1782
1783
1784
1785
1786
1787
1788
1789
1790
1791
1792
1793
1794
1795
1796
1797
1798
1799
1800
1801
1802
1803
1804
1805
1806
1807
1808
1809
1810
1811
1812
1813
1814
1815
1816
1817
1818
1819
1820
1821
1822
1823
1824
1825
1826
1827
1828
1829
1830
1831
1832
1833
1834
1835
1836
1837
1838
1839
1840
1841
1842
1843
1844
1845
1846
1847
1848
1849
1850
1851
1852
1853
1854
1855
1856
1857
1858
1859
1860
1861
1862
1863
1864
1865
1866
1867
1868
1869
1870
1871
1872
1873
1874
1875
1876
1877
1878
1879
1880
1881
1882
1883
1884
1885
1886
1887
1888
1889
1890
1891
1892
1893
1894
1895
1896
1897
1898
1899
1900
1901
1902
1903
1904
1905
1906
1907
1908
1909
1910
1911
1912
1913
1914
1915
1916
1917
1918
1919
1920
1921
1922
1923
1924
1925
1926
1927
1928
1929
1930
1931
1932
1933
1934
1935
1936
1937
1938
1939
1940
1941
1942
1943
1944
1945
1946
1947
1948
1949
1950
1951
1952
1953
1954
1955
1956
1957
1958
1959
1960
1961
1962
1963
1964
1965
1966
1967
1968
1969
1970
1971
1972
1973
1974
1975
1976
1977
1978
1979
1980
1981
1982
1983
1984
1985
1986
1987
1988
1989
1990
1991
1992
1993
1994
1995
1996
1997
1998
1999
2000
2001
2002
2003
2004
2005
2006
2007
2008
2009
2010
2011
2012
2013
2014
2015
2016
2017
2018
2019
2020
2021
2022
2023
2024
2025
2026
2027
2028
2029
2030
2031
2032
2033
2034
2035
2036
2037
2038
2039
2040
2041
2042
2043
2044
2045
2046
2047
2048
2049
2050
2051
2052
2053
2054
2055
2056
2057
2058
2059
2060
2061
2062
2063
2064
2065
2066
2067
2068
2069
2070
2071
2072
2073
2074
2075
2076
2077
2078
2079
2080
2081
2082
2083
2084
2085
2086
2087
2088
2089
2090
2091
2092
2093
2094
2095
2096
2097
2098
2099
2100
2101
2102
2103
2104
2105
2106
2107
2108
2109
2110
2111
2112
2113
2114
2115
2116
2117
2118
2119
2120
2121
2122
2123
2124
2125
2126
2127
2128
2129
2130
2131
2132
2133
2134
2135
2136
2137
2138
2139
2140
2141
2142
2143
2144
2145
2146
2147
2148
2149
2150
2151
2152
2153
2154
2155
2156
2157
2158
2159
2160
2161
2162
2163
2164
2165
2166
2167
2168
2169
2170
2171
2172
2173
2174
2175
2176
2177
2178
2179
2180
2181
2182
2183
2184
2185
2186
2187
2188
2189
2190
2191
2192
2193
2194
2195
2196
2197
2198
2199
2200
2201
2202
2203
2204
2205
2206
2207
2208
2209
2210
2211
2212
2213
2214
2215
2216
2217
2218
2219
2220
2221
2222
2223
2224
2225
2226
2227
2228
2229
2230
2231
2232
2233
2234
2235
2236
2237
2238
2239
2240
2241
2242
2243
2244
2245
2246
2247
2248
2249
2250
2251
2252
2253
2254
2255
2256
2257
2258
2259
2260
2261
2262
2263
2264
2265
2266
2267
2268
2269
2270
2271
2272
2273
2274
2275
2276
2277
2278
2279
2280
2281
2282
2283
2284
2285
2286
2287
2288
2289
2290
2291
2292
2293
2294
2295
2296
2297
2298
2299
2300
2301
2302
2303
2304
2305
2306
2307
2308
2309
2310
2311
2312
2313
2314
2315
2316
2317
2318
2319
2320
2321
2322
2323
2324
2325
2326
2327
2328
2329
2330
2331
2332
2333
2334
2335
2336
2337
2338
2339
2340
2341
2342
2343
2344
2345
2346
2347
2348
2349
2350
2351
2352
2353
2354
2355
2356
2357
2358
2359
2360
2361
2362
2363
2364
2365
2366
2367
2368
2369
2370
2371
2372
2373
2374
2375
2376
2377
2378
2379
2380
2381
2382
2383
2384
2385
2386
2387
2388
2389
2390
2391
2392
2393
2394
2395
2396
2397
2398
2399
2400
2401
2402
2403
2404
2405
2406
2407
2408
2409
2410
2411
2412
2413
2414
2415
2416
2417
2418
2419
2420
2421
2422
2423
2424
2425
2426
2427
2428
2429
2430
2431
2432
2433
2434
2435
2436
2437
2438
2439
2440
2441
2442
2443
2444
2445
2446
2447
2448
2449
2450
2451
2452
2453
2454
2455
2456
2457
2458
2459
2460
2461
2462
2463
2464
2465
2466
2467
2468
2469
2470
2471
2472
2473
2474
2475
2476
2477
2478
2479
2480
2481
2482
2483
2484
2485
2486
2487
2488
2489
2490
2491
2492
2493
2494
2495
2496
2497
2498
2499
2500
2501
2502
2503
2504
2505
2506
2507
2508
2509
2510
2511
2512
2513
2514
2515
2516
2517
2518
2519
2520
2521
2522
2523
2524
2525
2526
2527
2528
2529
2530
2531
2532
2533
2534
2535
2536
2537
2538
2539
2540
2541
2542
2543
2544
2545
2546
2547
2548
2549
2550
2551
2552
2553
2554
2555
2556
2557
2558
2559
2560
2561
2562
2563
2564
2565
2566
2567
2568
2569
2570
2571
2572
2573
2574
2575
2576
2577
2578
2579
2580
2581
2582
2583
2584
2585
2586
2587
2588
2589
2590
2591
2592
2593
2594
2595
2596
2597
2598
2599
2600
2601
2602
2603
2604
2605
2606
2607
2608
2609
2610
2611
2612
2613
2614
2615
2616
2617
2618
2619
2620
2621
2622
2623
2624
2625
2626
2627
2628
2629
2630
2631
2632
2633
2634
2635
2636
2637
2638
2639
2640
2641
2642
2643
2644
2645
2646
2647
2648
2649
2650
2651
2652
2653
2654
2655
2656
2657
2658
2659
2660
2661
2662
2663
2664
2665
2666
2667
2668
2669
2670
2671
2672
2673
2674
2675
2676
2677
2678
2679
2680
2681
2682
2683
2684
2685
2686
2687
2688
2689
2690
2691
2692
2693
2694
2695
2696
2697
2698
2699
2700
2701
2702
2703
2704
2705
2706
2707
2708
2709
2710
2711
2712
2713
2714
2715
2716
2717
2718
2719
2720
2721
2722
2723
2724
2725
2726
2727
2728
2729
2730
2731
2732
2733
2734
2735
2736
2737
2738
2739
2740
2741
2742
2743
2744
2745
2746
2747
2748
2749
2750
2751
2752
2753
2754
2755
2756
2757
2758
2759
2760
2761
2762
2763
2764
2765
2766
2767
2768
2769
2770
2771
2772
2773
2774
2775
2776
2777
2778
2779
2780
2781
2782
2783
2784
2785
2786
2787
2788
2789
2790
2791
2792
2793
2794
2795
2796
2797
2798
2799
2800
2801
2802
2803
2804
2805
2806
2807
2808
2809
2810
2811
2812
2813
2814
2815
2816
2817
2818
2819
2820
2821
2822
2823
2824
2825
2826
2827
2828
2829
2830
2831
2832
2833
2834
2835
2836
2837
2838
2839
2840
2841
2842
2843
2844
2845
2846
2847
2848
2849
2850
2851
2852
2853
2854
2855
2856
2857
2858
2859
2860
2861
2862
2863
2864
2865
2866
2867
2868
2869
2870
2871
2872
2873
2874
2875
2876
2877
2878
2879
2880
2881
2882
2883
2884
2885
2886
2887
2888
2889
2890
2891
2892
2893
2894
2895
2896
2897
2898
2899
2900
2901
2902
2903
2904
2905
2906
2907
2908
2909
2910
2911
2912
2913
2914
2915
2916
2917
2918
2919
2920
2921
2922
2923
2924
2925
2926
2927
2928
2929
2930
2931
2932
2933
2934
2935
2936
2937
2938
2939
2940
2941
2942
2943
2944
2945
2946
2947
2948
2949
2950
2951
2952
2953
2954
2955
2956
2957
2958
2959
2960
2961
2962
2963
2964
2965
2966
2967
2968
2969
2970
2971
2972
2973
2974
2975
2976
2977
2978
2979
2980
2981
2982
2983
2984
2985
2986
2987
2988
2989
2990
2991
2992
2993
2994
2995
2996
2997
2998
2999
3000
3001
3002
3003
3004
3005
3006
3007
3008
3009
3010
3011
3012
3013
3014
3015
3016
3017
3018
3019
3020
3021
3022
3023
3024
3025
3026
3027
3028
3029
3030
3031
3032
3033
3034
3035
3036
3037
3038
3039
3040
3041
3042
3043
3044
3045
3046
3047
3048
3049
3050
3051
3052
3053
3054
3055
3056
3057
3058
3059
3060
3061
3062
3063
3064
3065
3066
3067
3068
3069
3070
3071
3072
3073
3074
3075
3076
3077
3078
3079
3080
3081
3082
3083
3084
3085
3086
3087
3088
3089
3090
3091
3092
3093
3094
3095
3096
3097
3098
3099
3100
3101
3102
3103
3104
3105
3106
3107
3108
3109
3110
3111
3112
3113
3114
3115
3116
3117
3118
3119
3120
3121
3122
3123
3124
3125
3126
3127
3128
3129
3130
3131
3132
3133
3134
3135
3136
3137
3138
3139
3140
3141
3142
3143
3144
3145
3146
3147
3148
3149
3150
3151
3152
3153
3154
3155
3156
3157
3158
3159
3160
3161
3162
3163
3164
3165
3166
3167
3168
3169
3170
3171
3172
3173
3174
3175
3176
3177
3178
3179
3180
3181
3182
3183
3184
3185
3186
3187
3188
3189
3190
3191
3192
3193
3194
3195
3196
3197
3198
3199
3200
3201
3202
3203
3204
3205
3206
3207
3208
3209
3210
3211
3212
3213
3214
3215
3216
3217
3218
3219
3220
3221
3222
3223
3224
3225
3226
3227
3228
3229
3230
3231
3232
3233
3234
3235
3236
3237
3238
3239
3240
3241
3242
3243
3244
3245
3246
3247
3248
3249
3250
3251
3252
3253
3254
3255
3256
3257
3258
3259
3260
3261
3262
3263
3264
3265
3266
3267
3268
3269
3270
3271
3272
3273
3274
3275
3276
3277
3278
3279
3280
3281
3282
3283
3284
3285
3286
3287
3288
3289
3290
3291
3292
3293
3294
3295
3296
3297
3298
3299
3300
3301
3302
3303
3304
3305
3306
3307
3308
3309
3310
3311
3312
3313
3314
3315
3316
3317
3318
3319
3320
3321
3322
3323
3324
3325
3326
3327
3328
3329
3330
3331
3332
3333
3334
3335
3336
3337
3338
3339
3340
3341
3342
3343
3344
3345
3346
3347
3348
3349
3350
3351
3352
3353
3354
3355
3356
3357
3358
3359
3360
3361
3362
3363
3364
3365
3366
3367
3368
3369
3370
3371
3372
3373
3374
3375
3376
3377
3378
3379
3380
3381
3382
3383
3384
3385
3386
3387
3388
3389
3390
3391
3392
3393
3394
3395
3396
3397
3398
3399
3400
3401
3402
3403
3404
3405
3406
3407
3408
3409
3410
3411
3412
3413
3414
3415
3416
3417
3418
3419
3420
3421
3422
3423
3424
3425
3426
3427
3428
3429
3430
3431
3432
3433
3434
3435
3436
3437
3438
3439
3440
3441
3442
3443
3444
3445
3446
3447
3448
3449
3450
3451
3452
3453
3454
3455
3456
3457
3458
3459
3460
3461
3462
3463
3464
3465
3466
3467
3468
3469
3470
3471
3472
3473
3474
3475
3476
3477
3478
3479
3480
3481
3482
3483
3484
3485
3486
3487
3488
3489
3490
3491
3492
3493
3494
3495
3496
3497
3498
3499
3500
3501
3502
3503
3504
3505
3506
3507
3508
3509
3510
3511
3512
3513
3514
3515
3516
3517
3518
3519
3520
3521
3522
3523
3524
3525
3526
3527
3528
3529
3530
3531
3532
3533
3534
3535
3536
3537
3538
3539
3540
3541
3542
3543
3544
3545
3546
3547
3548
3549
3550
3551
3552
3553
3554
3555
3556
3557
3558
3559
3560
3561
3562
3563
3564
3565
3566
3567
3568
3569
3570
3571
3572
3573
3574
3575
3576
3577
3578
3579
3580
3581
3582
3583
3584
3585
3586
3587
3588
3589
3590
3591
3592
3593
3594
3595
3596
3597
3598
3599
3600
3601
3602
3603
3604
3605
3606
3607
3608
3609
3610
3611
3612
3613
3614
3615
3616
3617
3618
3619
3620
3621
3622
3623
3624
3625
3626
3627
3628
3629
3630
3631
3632
3633
3634
3635
3636
3637
3638
3639
3640
3641
3642
3643
3644
3645
3646
3647
3648
3649
3650
3651
3652
3653
3654
3655
3656
3657
3658
3659
3660
3661
3662
3663
3664
3665
3666
3667
3668
3669
3670
3671
3672
3673
3674
3675
3676
3677
3678
3679
3680
3681
3682
3683
3684
3685
3686
3687
3688
3689
3690
3691
3692
3693
3694
3695
3696
3697
3698
3699
3700
3701
3702
3703
3704
3705
3706
3707
3708
3709
3710
3711
3712
3713
3714
3715
3716
3717
3718
3719
3720
3721
3722
3723
3724
3725
3726
3727
3728
3729
3730
3731
3732
3733
3734
3735
3736
3737
3738
3739
3740
3741
3742
3743
3744
3745
3746
3747
3748
3749
3750
3751
3752
3753
3754
3755
3756
3757
3758
3759
3760
3761
3762
3763
3764
3765
3766
3767
3768
3769
3770
3771
3772
3773
3774
3775
3776
3777
3778
3779
3780
3781
3782
3783
3784
3785
3786
3787
3788
3789
3790
3791
3792
3793
3794
3795
3796
3797
3798
3799
3800
3801
3802
3803
3804
3805
3806
3807
3808
3809
3810
3811
3812
3813
3814
3815
3816
3817
3818
3819
3820
3821
3822
3823
3824
3825
3826
3827
3828
3829
3830
3831
3832
3833
3834
3835
3836
3837
3838
3839
3840
3841
3842
3843
3844
3845
3846
3847
3848
3849
3850
3851
3852
3853
3854
3855
3856
3857
3858
3859
3860
3861
3862
3863
3864
3865
3866
3867
3868
3869
3870
3871
3872
3873
3874
3875
3876
3877
3878
3879
3880
3881
3882
3883
3884
3885
3886
3887
3888
3889
3890
3891
3892
3893
3894
3895
3896
3897
3898
3899
3900
3901
3902
3903
3904
3905
3906
3907
3908
3909
3910
3911
3912
3913
3914
3915
3916
3917
3918
3919
3920
3921
3922
3923
3924
3925
3926
3927
3928
3929
3930
3931
3932
3933
3934
3935
3936
3937
3938
3939
3940
3941
3942
3943
3944
3945
3946
3947
3948
3949
3950
3951
3952
3953
3954
3955
3956
3957
3958
3959
3960
3961
3962
3963
3964
3965
3966
3967
3968
3969
3970
3971
3972
3973
3974
3975
3976
3977
3978
3979
3980
3981
3982
3983
3984
3985
3986
3987
3988
3989
3990
3991
3992
3993
3994
3995
3996
3997
3998
3999
4000
4001
4002
4003
4004
4005
4006
4007
4008
4009
4010
4011
4012
4013
4014
4015
4016
4017
4018
4019
4020
4021
4022
4023
4024
4025
4026
4027
4028
4029
4030
4031
4032
4033
4034
4035
4036
4037
4038
4039
4040
4041
4042
4043
4044
4045
4046
4047
4048
4049
4050
4051
4052
4053
4054
4055
4056
4057
4058
4059
4060
4061
4062
4063
4064
4065
4066
4067
4068
4069
4070
4071
4072
4073
4074
4075
4076
4077
4078
4079
4080
4081
4082
4083
4084
4085
4086
4087
4088
4089
4090
4091
4092
4093
4094
4095
4096
4097
4098
4099
4100
4101
4102
4103
4104
4105
4106
4107
4108
4109
4110
4111
4112
4113
4114
4115
4116
4117
4118
4119
4120
4121
4122
4123
4124
4125
4126
4127
4128
4129
4130
4131
4132
4133
4134
4135
4136
4137
4138
4139
4140
4141
4142
4143
4144
4145
4146
4147
4148
4149
4150
4151
4152
4153
4154
4155
4156
4157
4158
4159
4160
4161
4162
4163
4164
4165
4166
4167
4168
4169
4170
4171
4172
4173
4174
4175
4176
4177
4178
4179
4180
4181
4182
4183
4184
4185
4186
4187
4188
4189
4190
4191
4192
4193
4194
4195
4196
4197
4198
4199
4200
4201
4202
4203
4204
4205
4206
4207
4208
4209
4210
4211
4212
4213
4214
4215
4216
4217
4218
4219
4220
4221
4222
4223
4224
4225
4226
4227
4228
4229
4230
4231
4232
4233
4234
4235
4236
4237
4238
4239
4240
4241
4242
4243
4244
4245
4246
4247
4248
4249
4250
4251
4252
4253
4254
4255
4256
4257
4258
4259
4260
4261
4262
4263
4264
4265
4266
4267
4268
4269
4270
4271
4272
4273
4274
4275
4276
4277
4278
4279
4280
4281
4282
4283
4284
4285
4286
4287
4288
4289
4290
4291
4292
4293
4294
4295
4296
4297
4298
4299
4300
4301
4302
4303
4304
4305
4306
4307
4308
4309
4310
4311
4312
4313
4314
4315
4316
4317
4318
4319
4320
4321
4322
4323
4324
4325
4326
4327
4328
4329
4330
4331
4332
4333
4334
4335
4336
4337
4338
4339
4340
4341
4342
4343
4344
4345
4346
4347
4348
4349
4350
4351
4352
4353
4354
4355
4356
4357
4358
4359
4360
4361
4362
4363
4364
4365
4366
4367
4368
4369
4370
4371
4372
4373
4374
4375
4376
4377
4378
4379
4380
4381
4382
4383
4384
4385
4386
4387
4388
4389
4390
4391
4392
4393
4394
4395
4396
4397
4398
4399
4400
4401
4402
4403
4404
4405
4406
4407
4408
4409
4410
4411
4412
4413
4414
4415
4416
4417
4418
4419
4420
4421
4422
4423
4424
4425
4426
4427
4428
4429
4430
4431
4432
4433
4434
4435
4436
4437
4438
4439
4440
4441
4442
4443
4444
4445
4446
4447
4448
4449
4450
4451
4452
4453
4454
4455
4456
4457
4458
4459
4460
4461
4462
4463
4464
4465
4466
4467
4468
4469
4470
4471
4472
4473
4474
4475
4476
4477
4478
4479
4480
4481
4482
4483
4484
4485
4486
4487
4488
4489
4490
4491
4492
4493
4494
4495
4496
4497
4498
4499
4500
4501
4502
4503
4504
4505
4506
4507
4508
4509
4510
4511
4512
4513
4514
4515
4516
4517
4518
4519
4520
4521
4522
4523
4524
4525
4526
4527
4528
4529
4530
4531
4532
4533
4534
4535
4536
4537
4538
4539
4540
4541
4542
4543
4544
4545
4546
4547
4548
4549
4550
4551
4552
4553
4554
4555
4556
4557
4558
4559
4560
4561
4562
4563
4564
4565
4566
4567
4568
4569
4570
4571
4572
4573
4574
4575
4576
4577
4578
4579
4580
4581
4582
4583
4584
4585
4586
4587
4588
4589
4590
4591
4592
4593
4594
4595
4596
4597
4598
4599
4600
4601
4602
4603
4604
4605
4606
4607
4608
4609
4610
4611
4612
4613
4614
4615
4616
4617
4618
4619
4620
4621
4622
4623
4624
4625
4626
4627
4628
4629
4630
4631
4632
4633
4634
4635
4636
4637
4638
4639
4640
4641
4642
4643
4644
4645
4646
4647
4648
4649
4650
4651
4652
4653
4654
4655
4656
4657
4658
4659
4660
4661
4662
4663
4664
4665
4666
4667
4668
4669
4670
4671
4672
4673
4674
4675
4676
4677
4678
4679
4680
4681
4682
4683
4684
4685
4686
4687
4688
4689
4690
4691
4692
4693
4694
4695
4696
4697
4698
4699
4700
4701
4702
4703
4704
4705
4706
4707
4708
4709
4710
4711
4712
4713
4714
4715
4716
4717
4718
4719
4720
4721
4722
4723
4724
4725
4726
4727
4728
4729
4730
4731
4732
4733
4734
4735
4736
4737
4738
4739
4740
4741
4742
4743
4744
4745
4746
4747
4748
4749
4750
4751
4752
4753
4754
4755
4756
4757
4758
4759
4760
4761
4762
4763
4764
4765
4766
4767
4768
4769
4770
4771
4772
4773
4774
4775
4776
4777
4778
4779
4780
4781
4782
4783
4784
4785
4786
4787
4788
4789
4790
4791
4792
4793
4794
4795
4796
4797
4798
4799
4800
4801
4802
4803
4804
4805
4806
4807
4808
4809
4810
4811
4812
4813
4814
4815
4816
4817
4818
4819
4820
4821
4822
4823
4824
4825
4826
4827
4828
4829
4830
4831
4832
4833
4834
4835
4836
4837
4838
4839
4840
4841
4842
4843
4844
4845
4846
4847
4848
4849
4850
4851
4852
4853
4854
4855
4856
4857
4858
4859
4860
4861
4862
4863
4864
4865
4866
4867
4868
4869
4870
4871
4872
4873
4874
4875
4876
4877
4878
4879
4880
4881
4882
4883
4884
4885
4886
4887
4888
4889
4890
4891
4892
4893
4894
4895
4896
4897
4898
4899
4900
4901
4902
4903
4904
4905
4906
4907
4908
4909
4910
4911
4912
4913
4914
4915
4916
4917
4918
4919
4920
4921
4922
4923
4924
4925
4926
4927
4928
4929
4930
4931
4932
4933
4934
4935
4936
4937
4938
4939
4940
4941
4942
4943
4944
4945
4946
4947
4948
4949
4950
4951
4952
4953
4954
4955
4956
4957
4958
4959
4960
4961
4962
4963
4964
4965
4966
4967
4968
4969
4970
4971
4972
4973
4974
4975
4976
4977
4978
4979
4980
4981
4982
4983
4984
4985
4986
4987
4988
4989
4990
4991
4992
4993
4994
4995
4996
4997
4998
4999
5000
5001
5002
5003
5004
5005
5006
5007
5008
5009
5010
5011
5012
5013
5014
5015
5016
5017
5018
5019
5020
5021
5022
5023
5024
5025
5026
5027
5028
5029
5030
5031
5032
5033
5034
5035
5036
5037
5038
5039
5040
5041
5042
5043
5044
5045
5046
5047
5048
5049
5050
5051
5052
5053
5054
5055
5056
5057
5058
5059
5060
5061
5062
5063
5064
5065
5066
5067
5068
5069
5070
5071
5072
5073
5074
5075
5076
5077
5078
5079
5080
5081
5082
5083
5084
5085
5086
5087
5088
5089
5090
5091
5092
5093
5094
5095
5096
5097
5098
5099
5100
5101
5102
5103
5104
5105
5106
5107
5108
5109
5110
5111
5112
5113
5114
5115
5116
5117
5118
5119
5120
5121
5122
5123
5124
5125
5126
5127
5128
5129
5130
5131
5132
5133
5134
5135
5136
5137
5138
5139
5140
5141
5142
5143
5144
5145
5146
5147
5148
5149
5150
5151
5152
5153
5154
5155
5156
5157
5158
5159
5160
5161
5162
5163
5164
5165
5166
5167
5168
5169
5170
5171
5172
5173
5174
5175
5176
5177
5178
5179
5180
5181
5182
5183
5184
5185
5186
5187
5188
5189
5190
5191
5192
5193
5194
5195
5196
5197
5198
5199
5200
5201
5202
5203
5204
5205
5206
5207
5208
5209
5210
5211
5212
5213
5214
5215
5216
5217
5218
5219
5220
5221
5222
5223
5224
5225
5226
5227
5228
5229
5230
5231
5232
5233
5234
5235
5236
5237
5238
5239
5240
5241
5242
5243
5244
5245
5246
5247
0.06097786224314836 3.762548021107803 0
0.1055192685156225 3.76253326773149 0
0.1500606747880943 3.762496613303588 0
0.1946020810605659 3.762440480560125 0
0.2391434873330375 3.762366906527917 0
0.2836848936055092 3.762277644978568 0
0.3282262998779808 3.762174184508596 0
0.3727677664175256 3.762057820859907 0
0.4173091726900218 3.7619296569198 0
0.4618505789625303 3.761790620801083 0
0.5063919852350414 3.76164150802902 0
0.5509333915075524 3.761482981541332 0
0.5954747977800634 3.761315565661487 0
0.6400162040525744 3.761139676232238 0
0.6845576103250857 3.760955620615618 0
0.7290990165975864 3.76076358563953 0
0.7736404228700576 3.760563679784693 0
0.8181818291425003 3.760355884970986 0
0.8627232354149322 3.76014011682452 0
0.9072646416873642 3.75991618249068 0
0.9518060479597961 3.759683786660851 0
0.9963474542322415 3.759442570143321 0
1.040888860504726 3.759192068881684 0
1.085430266777236 3.75893173806167 0
1.130935542084658 3.758931738063262 0
1.176440817392084 3.758931738064853 0
1.221946092699508 3.758931738066445 0
1.267451368006928 3.758931738068035 0
1.312956643314342 3.758931738069627 0
1.358461918621762 3.758931738071219 0
1.403967193929188 3.75893173807281 0
1.449472469236615 3.758931738074401 0
1.49497774454404 3.758931738075992 0
1.540483019851466 3.758931738077583 0
1.585988295158892 3.758931738079174 0
1.631493570466319 3.758931738080765 0
1.676998845773743 3.758931738082358 0
1.722504121081163 3.758931738083948 0
1.768009396388579 3.758931738085541 0
1.813514671695992 3.758931738087132 0
1.859019947003406 3.758931738088723 0
1.90452522231082 3.758931738090314 0
1.950030497618233 3.758931738091905 0
1.995535772925647 3.758931738093496 0
2.04104104823306 3.758931738095088 0
2.08654632354048 3.758931738096679 0
2.132051598847907 3.75893173809827 0
2.177556874155332 3.758931738099861 0
2.223062149462759 3.758931738101453 0
2.268567424770185 3.758931738103045 0
2.314072700077611 3.758931738104636 0
2.359577975385037 3.758931738106226 0
2.405083250692463 3.758931738107819 0
2.450588525999889 3.758931738109409 0
2.496093801307315 3.758931738111001 0
2.541599076614741 3.758931738112592 0
2.587104351922169 3.758931738114184 0
2.632609627229593 3.758931738115774 0
2.67811490253702 3.758931738117367 0
2.723620177844447 3.758931738118957 0
2.769125453151871 3.758931738120548 0
2.814630728459298 3.75893173812214 0
2.860136003766724 3.758931738123731 0
2.905641279074151 3.758931738125322 0
2.951146554381579 3.758931738126915 0
2.996651829689085 3.758931738128505 0
3.042157104996748 3.758931738130097 0
3.087662380304488 3.758931738131688 0
3.133167655612229 3.758931738133279 0
3.178672930919972 3.758931738134871 0
3.224178206227714 3.758931738136462 0
3.269683481535457 3.758931738138052 0
3.315188756843201 3.758931738139644 0
3.360694032150941 3.758931738141236 0
3.406199307458684 3.758931738142827 0
3.451704582766426 3.75893173814442 0
3.497209858074168 3.75893173814601 0
3.542715133381912 3.758931738147601 0
3.588220408689654 3.758931738149193 0
3.633725683997396 3.758931738150783 0
3.679230959305139 3.758931738152375 0
3.724736234612882 3.758931738153966 0
3.770241509920623 3.758931738155558 0
3.815746785228366 3.758931738157149 0
3.861252060536109 3.75893173815874 0
3.906757335843849 3.758931738160332 0
3.952262611151592 3.758931738161922 0
3.997767886459335 3.758931738163515 0
4.043273161767077 3.758931738165106 0
4.08877843707482 3.758931738166697 0
4.134283712382563 3.758931738168288 0
4.179788987690305 3.75893173816988 0
4.225294262998046 3.758931738171471 0
4.27079953830579 3.758931738173062 0
4.316304813613533 3.758931738174654 0
4.361810088921275 3.758931738176245 0
4.407315364229016 3.758931738177836 0
4.452820639536759 3.758931738179427 0
4.4983259148445 3.758931738181019 0
4.543831190152245 3.75893173818261 0
4.589336465459985 3.758931738184201 0
4.634841740767728 3.758931738185793 0
4.680347016075472 3.758931738187385 0
4.725852291383212 3.758931738188975 0
4.771357566690956 3.758931738190566 0
4.816862841998699 3.758931738192158 0
4.862368117306441 3.758931738193749 0
4.907873392614184 3.75893173819534 0
4.953378667921924 3.758931738196932 0
4.998883943229667 3.758931738198523 0
5.044389218537409 3.758931738200115 0
5.089894493845153 3.758931738201706 0
5.135399769152895 3.758931738203297 0
5.180905044460637 3.758931738204888 0
5.226410319768379 3.75893173820648 0
5.271915595076122 3.758931738208071 0
5.317420870383862 3.758931738209662 0
5.362926145691609 3.758931738211254 0
5.408431420999348 3.758931738212844 0
5.453936696307091 3.758931738214437 0
5.499441971614834 3.758931738216027 0
5.544947246922576 3.758931738217619 0
5.590452522230319 3.75893173821921 0
5.63595779753806 3.758931738220802 0
5.681463072845805 3.758931738222393 0
5.726968348153545 3.758931738223984 0
5.772473623461288 3.758931738225576 0
5.817978898769029 3.758931738227166 0
5.863484174076772 3.758931738228759 0
5.908989449384515 3.758931738230349 0
5.954494724692257 3.75893173823194 0
0.07576197350899198 3.536403278717812 0
0.1194337234155032 3.536374474506816 0
0.1631054733220121 3.536302911099802 0
0.2067772232285209 3.536193318600457 0
0.2504489731350298 3.536049674061136 0
0.2941207230415387 3.535875401512121 0
0.3377924729480474 3.535673407260901 0
0.3814643405188342 3.535446221089295 0
0.425136090425366 3.535195996253463 0
0.4688078403319094 3.534924544783176 0
0.5124795902384552 3.534633419846807 0
0.5561513401450013 3.534323915751335 0
0.5998230900515467 3.533997056175919 0
0.6434948399580923 3.533653653004023 0
0.6871665898646383 3.533294306323431 0
0.7308383397711742 3.532919380893384 0
0.7745100896776829 3.532529088509567 0
0.8181818395841642 3.532123393872699 0
0.8618535894906355 3.531702132252801 0
0.9055253393971072 3.531264927124209 0
0.9491970893035786 3.530811201931992 0
0.9928688392100629 3.530340255397098 0
1.036540589116583 3.529851181504642 0
1.080212339023129 3.529342916569615 0
1.125765928476429 3.529342916572645 0
1.171319517929739 3.529342916575673 0
1.216873107383047 3.529342916578703 0
1.262426696836344 3.52934291658173 0
1.307980286289631 3.529342916584761 0
1.35353387574293 3.529342916587789 0
1.39908746519624 3.529342916590818 0
1.444641054649551 3.529342916593848 0
1.490194644102862 3.529342916596875 0
1.535748233556172 3.529342916599905 0
1.581301823009482 3.529342916602934 0
1.626855412462793 3.529342916605964 0
1.672409001916101 3.529342916608992 0
1.717962591369399 3.529342916612022 0
1.763516180822688 3.52934291661505 0
1.809069770275974 3.529342916618079 0
1.85462335972926 3.529342916621107 0
1.900176949182546 3.529342916624137 0
1.945730538635833 3.529342916627165 0
1.991284128089118 3.529342916630195 0
2.036837717542405 3.529342916633224 0
2.082391306995703 3.529342916636252 0
2.127944896449014 3.529342916639282 0
2.173498485902324 3.529342916642311 0
2.219052075355634 3.52934291664534 0
2.264605664808944 3.529342916648369 0
2.310159254262255 3.529342916651398 0
2.355712843715565 3.529342916654426 0
2.401266433168876 3.529342916657455 0
2.446820022622186 3.529342916660484 0
2.492373612075496 3.529342916663515 0
2.537927201528807 3.529342916666543 0
2.583480790982117 3.529342916669571 0
2.629034380435427 3.529342916672601 0
2.674587969888738 3.529342916675629 0
2.720141559342049 3.529342916678659 0
2.76569514879536 3.529342916681688 0
2.81124873824867 3.529342916684717 0
2.85680232770198 3.529342916687745 0
2.902355917155291 3.529342916690775 0
2.947909506608603 3.529342916693804 0
2.993463096061988 3.529342916696833 0
3.039016685515523 3.529342916699862 0
3.084570274969127 3.529342916702891 0
3.130123864422734 3.52934291670592 0
3.17567745387634 3.529342916708949 0
3.221231043329948 3.529342916711978 0
3.266784632783556 3.529342916715006 0
3.312338222237164 3.529342916718035 0
3.357891811690771 3.529342916721065 0
3.403445401144377 3.529342916724094 0
3.448998990597986 3.529342916727123 0
3.494552580051593 3.529342916730151 0
3.540106169505201 3.529342916733182 0
3.585659758958808 3.52934291673621 0
3.631213348412415 3.529342916739239 0
3.676766937866022 3.529342916742269 0
3.72232052731963 3.529342916745296 0
3.767874116773237 3.529342916748326 0
3.813427706226844 3.529342916751355 0
3.858981295680453 3.529342916754383 0
3.904534885134059 3.529342916757412 0
3.950088474587666 3.529342916760442 0
3.995642064041274 3.52934291676347 0
4.041195653494881 3.529342916766499 0
4.08674924294849 3.529342916769528 0
4.132302832402098 3.529342916772557 0
4.177856421855703 3.529342916775586 0
4.22341001130931 3.529342916778615 0
4.268963600762919 3.529342916781644 0
4.314517190216526 3.529342916784673 0
4.360070779670134 3.529342916787702 0
4.405624369123741 3.529342916790732 0
4.451177958577348 3.529342916793761 0
4.496731548030955 3.529342916796788 0
4.542285137484563 3.529342916799819 0
4.587838726938172 3.529342916802847 0
4.633392316391777 3.529342916805875 0
4.678945905845385 3.529342916808905 0
4.724499495298993 3.529342916811934 0
4.770053084752599 3.529342916814963 0
4.815606674206208 3.529342916817992 0
4.861160263659817 3.529342916821022 0
4.906713853113422 3.529342916824051 0
4.952267442567029 3.529342916827079 0
4.997821032020639 3.529342916830108 0
5.043374621474243 3.529342916833137 0
5.088928210927853 3.529342916836166 0
5.134481800381459 3.529342916839195 0
5.180035389835067 3.529342916842224 0
5.225588979288675 3.529342916845252 0
5.271142568742282 3.529342916848282 0
5.316696158195889 3.529342916851311 0
5.362249747649496 3.52934291685434 0
5.407803337103105 3.529342916857369 0
5.453356926556711 3.529342916860398 0
5.498910516010317 3.529342916863427 0
5.544464105463925 3.529342916866456 0
5.590017694917535 3.529342916869484 0
5.635571284371141 3.529342916872515 0
5.681124873824748 3.529342916875543 0
5.726678463278354 3.529342916878572 0
5.772232052731963 3.529342916881601 0
5.817785642185571 3.529342916884629 0
5.863339231639176 3.529342916887659 0
5.908892821092784 3.529342916890688 0
5.954446410546392 3.529342916893717 0
0.08984207942794435 3.321027334326404 0
0.1326855851792366 3.320985148368088 0
0.1755290909305267 3.32088033831437 0
0.2183725966818167 3.320719831761931 0
0.2612161024331067 3.320509453406496 0
0.3040596081843967 3.320254218000885 0
0.3469031139356866 3.319958382053512 0
0.3897467920152592 3.319625650622301 0
0.4325902977665708 3.319259177314703 0
0.475433803517893 3.318861615986163 0
0.5182773092692176 3.318435241369918 0
0.5611208150205422 3.317981949077006 0
0.6039643207718667 3.317503238363421 0
0.6468078265231915 3.317000298294267 0
0.6896513322745159 3.316474007743754 0
0.7324948380258313 3.315924900929531 0
0.7753383437771213 3.3153532880425 0
0.8181818495283852 3.314759117384173 0
0.8610253552796399 3.314142147694966 0
0.903868861030895 3.313501827524399 0
0.9467123667821495 3.312837312463918 0
0.9895558725334166 3.312147575437002 0
1.032399378284717 3.311431289515925 0
1.075242884036042 3.310686896853076 0
1.120842486961452 3.310686896857419 0
1.166442089886877 3.31068689686176 0
1.212041692812299 3.310686896866102 0
1.257641295737704 3.310686896870444 0
1.303240898663096 3.310686896874785 0
1.348840501588505 3.310686896879127 0
1.39444010451393 3.310686896883468 0
1.440039707439355 3.31068689688781 0
1.485639310364781 3.310686896892151 0
1.531238913290206 3.310686896896494 0
1.576838516215631 3.310686896900835 0
1.622438119141057 3.310686896905176 0
1.668037722066479 3.310686896909518 0
1.713637324991886 3.31068689691386 0
1.759236927917279 3.310686896918202 0
1.804836530842669 3.310686896922543 0
1.85043613376806 3.310686896926885 0
1.89603573669345 3.310686896931226 0
1.94163533961884 3.310686896935569 0
1.98723494254423 3.31068689693991 0
2.03283454546962 3.310686896944252 0
2.078434148395027 3.310686896948593 0
2.124033751320453 3.310686896952935 0
2.169633354245877 3.310686896957276 0
2.215232957171303 3.310686896961618 0
2.260832560096729 3.310686896965959 0
2.306432163022154 3.310686896970301 0
2.35203176594758 3.310686896974642 0
2.397631368873005 3.310686896978985 0
2.44323097179843 3.310686896983325 0
2.488830574723855 3.310686896987668 0
2.534430177649282 3.310686896992009 0
2.580029780574707 3.310686896996351 0
2.625629383500133 3.310686897000692 0
2.671228986425558 3.310686897005034 0
2.716828589350983 3.310686897009376 0
2.762428192276408 3.310686897013717 0
2.808027795201834 3.310686897018059 0
2.853627398127259 3.3106868970224 0
2.899227001052685 3.310686897026743 0
2.944826603978112 3.310686897031084 0
2.990426206903607 3.310686897035425 0
3.036025809829242 3.310686897039767 0
3.081625412754944 3.310686897044109 0
3.127225015680647 3.310686897048451 0
3.172824618606351 3.310686897052793 0
3.218424221532056 3.310686897057135 0
3.26402382445776 3.310686897061475 0
3.309623427383464 3.310686897065817 0
3.355223030309168 3.310686897070159 0
3.400822633234871 3.3106868970745 0
3.446422236160575 3.310686897078842 0
3.492021839086279 3.310686897083183 0
3.537621442011984 3.310686897087524 0
3.583221044937688 3.310686897091867 0
3.628820647863391 3.310686897096209 0
3.674420250789095 3.31068689710055 0
3.7200198537148 3.310686897104892 0
3.765619456640503 3.310686897109234 0
3.811219059566208 3.310686897113575 0
3.856818662491912 3.310686897117916 0
3.902418265417615 3.310686897122259 0
3.948017868343319 3.3106868971266 0
3.993617471269023 3.310686897130942 0
4.039217074194728 3.310686897135283 0
4.084816677120432 3.310686897139625 0
4.130416280046136 3.310686897143966 0
4.176015882971839 3.310686897148308 0
4.221615485897544 3.31068689715265 0
4.267215088823249 3.310686897156992 0
4.312814691748953 3.310686897161333 0
4.358414294674654 3.310686897165675 0
4.40401389760036 3.310686897170016 0
4.449613500526065 3.310686897174357 0
4.495213103451769 3.3106868971787 0
4.540812706377472 3.310686897183042 0
4.586412309303176 3.310686897187383 0
4.63201191222888 3.310686897191725 0
4.677611515154583 3.310686897196065 0
4.723211118080287 3.310686897200409 0
4.768810721005992 3.31068689720475 0
4.814410323931696 3.310686897209091 0
4.8600099268574 3.310686897213432 0
4.905609529783103 3.310686897217774 0
4.951209132708807 3.310686897222116 0
4.996808735634513 3.310686897226458 0
5.042408338560215 3.310686897230799 0
5.088007941485921 3.310686897235141 0
5.133607544411625 3.310686897239482 0
5.179207147337328 3.310686897243824 0
5.224806750263033 3.310686897248166 0
5.270406353188736 3.310686897252507 0
5.316005956114441 3.310686897256849 0
5.361605559040144 3.310686897261191 0
5.407205161965848 3.310686897265533 0
5.452804764891552 3.310686897269874 0
5.498404367817256 3.310686897274215 0
5.54400397074296 3.310686897278557 0
5.589603573668663 3.310686897282899 0
5.635203176594368 3.310686897287241 0
5.680802779520072 3.310686897291582 0
5.726402382445777 3.310686897295924 0
5.772001985371481 3.310686897300265 0
5.817601588297182 3.310686897304607 0
5.863201191222887 3.310686897308949 0
5.908800794148592 3.310686897313291 0
5.954400397074297 3.310686897317632 0
0.1032517041157048 3.115907387240135 0
0.1453064059094515 3.115852456760505 0
0.1873611077031962 3.11571598323367 0
0.2294158094969407 3.115506987106792 0
0.2714705112906853 3.115233052735937 0
0.3135252130844299 3.114900709847782 0
0.3555799148781743 3.114515500856378 0
0.3976348410611581 3.114082250130228 0
0.4396895428549228 3.113605063992293 0
0.4817442446486978 3.113087398036761 0
0.5237989464424746 3.112532214201502 0
0.5658536482362516 3.111941980768079 0
0.6079083500300283 3.111318649922818 0
0.6499630518238055 3.110663769951422 0
0.6920177536175822 3.10997848523898 0
0.7340724554113505 3.109263491392117 0
0.7761271572050947 3.108519192311447 0
0.8181818589988152 3.107745520680204 0
0.8602365607925264 3.106942162353462 0
0.9022912625862383 3.106108399285672 0
0.9443459643799497 3.105243131969598 0
0.9864006661736722 3.104345023045409 0
1.028455367967427 3.103412344716016 0
1.070510069761203 3.102443068502752 0
1.116153495041018 3.102443068508276 0
1.161796920320852 3.102443068513803 0
1.20744034560068 3.102443068519329 0
1.253083770880488 3.102443068524854 0
1.298727196160278 3.10244306853038 0
1.344370621440089 3.102443068535907 0
1.390014046719923 3.102443068541432 0
1.435657471999757 3.102443068546959 0
1.481300897279591 3.102443068552485 0
1.526944322559424 3.10244306855801 0
1.572587747839258 3.102443068563536 0
1.618231173119093 3.102443068569062 0
1.663874598398922 3.102443068574588 0
1.709518023678733 3.102443068580114 0
1.755161448958524 3.102443068585641 0
1.800804874238312 3.102443068591166 0
1.8464482995181 3.102443068596692 0
1.892091724797887 3.102443068602218 0
1.937735150077675 3.102443068607744 0
1.983378575357463 3.102443068613271 0
2.029022000637251 3.102443068618796 0
2.074665425917061 3.102443068624322 0
2.120308851196895 3.102443068629848 0
2.165952276476728 3.102443068635375 0
2.211595701756563 3.1024430686409 0
2.257239127036396 3.102443068646426 0
2.30288255231623 3.102443068651953 0
2.348525977596064 3.102443068657478 0
2.394169402875898 3.102443068663004 0
2.439812828155731 3.10244306866853 0
2.485456253435565 3.102443068674057 0
2.531099678715399 3.102443068679582 0
2.576743103995234 3.102443068685108 0
2.622386529275066 3.102443068690635 0
2.668029954554901 3.10244306869616 0
2.713673379834734 3.102443068701686 0
2.759316805114568 3.102443068707213 0
2.804960230394401 3.102443068712738 0
2.850603655674235 3.102443068718265 0
2.89624708095407 3.10244306872379 0
2.941890506233904 3.102443068729317 0
2.987533931513804 3.102443068734843 0
3.033177356793834 3.102443068740369 0
3.078820782073927 3.102443068745894 0
3.124464207354022 3.102443068751421 0
3.170107632634117 3.102443068756947 0
3.215751057914211 3.102443068762472 0
3.261394483194306 3.102443068767998 0
3.307037908474402 3.102443068773525 0
3.352681333754496 3.10244306877905 0
3.398324759034591 3.102443068784576 0
3.443968184314686 3.102443068790103 0
3.48961160959478 3.102443068795629 0
3.535255034874875 3.102443068801154 0
3.58089846015497 3.10244306880668 0
3.626541885435064 3.102443068812207 0
3.67218531071516 3.102443068817732 0
3.717828735995255 3.102443068823259 0
3.76347216127535 3.102443068828785 0
3.809115586555445 3.10244306883431 0
3.85475901183554 3.102443068839837 0
3.900402437115634 3.102443068845362 0
3.94604586239573 3.102443068850888 0
3.991689287675825 3.102443068856415 0
4.037332712955919 3.102443068861941 0
4.082976138236014 3.102443068867466 0
4.12861956351611 3.102443068872993 0
4.174262988796203 3.102443068878519 0
4.2199064140763 3.102443068884044 0
4.265549839356393 3.102443068889571 0
4.311193264636488 3.102443068895096 0
4.356836689916585 3.102443068900623 0
4.402480115196678 3.102443068906148 0
4.448123540476775 3.102443068911675 0
4.493766965756867 3.102443068917201 0
4.539410391036964 3.102443068922727 0
4.585053816317057 3.102443068928252 0
4.630697241597153 3.102443068933779 0
4.676340666877246 3.102443068939305 0
4.721984092157342 3.102443068944831 0
4.767627517437438 3.102443068950357 0
4.813270942717534 3.102443068955882 0
4.858914367997628 3.102443068961408 0
4.904557793277721 3.102443068966934 0
4.950201218557817 3.10244306897246 0
4.995844643837912 3.102443068977987 0
5.041488069118008 3.102443068983513 0
5.087131494398103 3.102443068989039 0
5.132774919678197 3.102443068994564 0
5.17841834495829 3.102443069000091 0
5.224061770238388 3.102443069005616 0
5.269705195518482 3.102443069011144 0
5.315348620798577 3.102443069016669 0
5.360992046078674 3.102443069022194 0
5.406635471358765 3.102443069027721 0
5.452278896638861 3.102443069033247 0
5.497922321918955 3.102443069038772 0
5.543565747199051 3.102443069044299 0
5.589209172479146 3.102443069049825 0
5.63485259775924 3.10244306905535 0
5.680496023039336 3.102443069060877 0
5.726139448319431 3.102443069066402 0
5.771782873599524 3.102443069071928 0
5.817426298879622 3.102443069077455 0
5.863069724159714 3.10244306908298 0
5.90871314943981 3.102443069088506 0
5.954356574719904 3.102443069094033 0
0.1160227753141164 2.920555055653413 0
0.1573262352395652 2.92048798753432 0
0.1986296951650121 2.92032135831859 0
0.2399331550904588 2.920066181644326 0
0.2812366150159055 2.919731717734602 0
0.3225400749413523 2.919325939148343 0
0.3638435348667989 2.918855612971641 0
0.4051472687633486 2.918326629583083 0
0.4464507286888141 2.91774400265374 0
0.4877541886142892 2.917111951338508 0
0.5290576485397662 2.916434092055865 0
0.5703611084652432 2.91571343848788 0
0.6116645683907203 2.914952374183094 0
0.6529680283161972 2.914152789542077 0
0.694271488241674 2.913316081817424 0
0.7355749481671429 2.912443100319534 0
0.7768784080925893 2.911534338196383 0
0.8181818680180134 2.910589713256641 0
0.8594853279434289 2.909608841940773 0
0.9007887878688448 2.908590847541269 0
0.9420922477942603 2.907534387599753 0
0.9833957077196864 2.906437829248488 0
1.024699167645142 2.905299062910029 0
1.066002627570619 2.904115611885655 0
1.111687788426279 2.904115611892243 0
1.157372949281962 2.904115611898832 0
1.203058110137639 2.90411561190542 0
1.248743270993292 2.904115611912007 0
1.294428431848922 2.904115611918594 0
1.340113592704579 2.904115611925183 0
1.385798753560262 2.904115611931769 0
1.431483914415946 2.904115611938357 0
1.47716907527163 2.904115611944945 0
1.522854236127314 2.904115611951533 0
1.568539396982997 2.904115611958121 0
1.614224557838681 2.904115611964707 0
1.65990971869436 2.904115611971296 0
1.705594879550016 2.904115611977883 0
1.751280040405648 2.904115611984472 0
1.796965201261275 2.904115611991058 0
1.842650362116903 2.904115611997647 0
1.88833552297253 2.904115612004234 0
1.934020683828158 2.904115612010822 0
1.979705844683786 2.90411561201741 0
2.025391005539413 2.904115612023998 0
2.071076166395067 2.904115612030585 0
2.116761327250751 2.904115612037173 0
2.162446488106434 2.904115612043761 0
2.208131648962119 2.904115612050348 0
2.253816809817802 2.904115612056936 0
2.299501970673487 2.904115612063523 0
2.34518713152917 2.904115612070111 0
2.390872292384854 2.904115612076699 0
2.436557453240537 2.904115612083287 0
2.482242614096221 2.904115612089875 0
2.527927774951905 2.904115612096462 0
2.573612935807589 2.904115612103049 0
2.619298096663272 2.904115612109638 0
2.664983257518956 2.904115612116225 0
2.710668418374639 2.904115612122813 0
2.756353579230324 2.9041156121294 0
2.802038740086008 2.904115612135988 0
2.847723900941691 2.904115612142576 0
2.893409061797374 2.904115612149163 0
2.93909422265306 2.904115612155751 0
2.984779383508806 2.904115612162339 0
3.030464544364673 2.904115612168927 0
3.076149705220599 2.904115612175514 0
3.121834866076526 2.904115612182102 0
3.167520026932455 2.90411561218869 0
3.213205187788382 2.904115612195277 0
3.258890348644311 2.904115612201865 0
3.304575509500239 2.904115612208453 0
3.350260670356167 2.90411561221504 0
3.395945831212095 2.904115612221627 0
3.441630992068023 2.904115612228215 0
3.487316152923951 2.904115612234803 0
3.533001313779879 2.904115612241391 0
3.578686474635808 2.904115612247979 0
3.624371635491736 2.904115612254567 0
3.670056796347664 2.904115612261153 0
3.715741957203592 2.904115612267742 0
3.761427118059521 2.904115612274329 0
3.807112278915449 2.904115612280918 0
3.852797439771376 2.904115612287504 0
3.898482600627304 2.904115612294093 0
3.944167761483232 2.904115612300679 0
3.989852922339161 2.904115612307268 0
4.035538083195088 2.904115612313856 0
4.081223244051018 2.904115612320444 0
4.126908404906946 2.90411561232703 0
4.172593565762874 2.904115612333618 0
4.218278726618802 2.904115612340206 0
4.263963887474731 2.904115612346794 0
4.309649048330657 2.904115612353381 0
4.355334209186585 2.90411561235997 0
4.401019370042514 2.904115612366557 0
4.446704530898443 2.904115612373145 0
4.492389691754371 2.904115612379732 0
4.538074852610299 2.90411561238632 0
4.583760013466227 2.904115612392907 0
4.629445174322155 2.904115612399496 0
4.675130335178083 2.904115612406083 0
4.720815496034011 2.904115612412671 0
4.76650065688994 2.904115612419258 0
4.812185817745868 2.904115612425846 0
4.857870978601797 2.904115612432434 0
4.903556139457724 2.904115612439021 0
4.949241300313654 2.904115612445609 0
4.99492646116958 2.904115612452197 0
5.040611622025509 2.904115612458784 0
5.086296782881436 2.904115612465372 0
5.131981943737365 2.90411561247196 0
5.177667104593293 2.904115612478547 0
5.22335226544922 2.904115612485136 0
5.269037426305148 2.904115612491723 0
5.314722587161077 2.90411561249831 0
5.360407748017006 2.904115612504899 0
5.406092908872933 2.904115612511486 0
5.451778069728862 2.904115612518074 0
5.49746323058479 2.904115612524661 0
5.543148391440718 2.90411561253125 0
5.588833552296645 2.904115612537836 0
5.634518713152572 2.904115612544424 0
5.680203874008503 2.904115612551012 0
5.725889034864432 2.9041156125576 0
5.77157419572036 2.904115612564187 0
5.817259356576288 2.904115612570775 0
5.862944517432216 2.904115612577363 0
5.908629678288144 2.904115612583951 0
5.954314839144072 2.904115612590538 0
0.1281857002302881 2.734505216577488 0
0.1687736917117653 2.73442658880174 0
0.2093616831932407 2.734231239882332 0
0.2499496746747161 2.733932081734438 0
0.2905376661561914 2.733539970644952 0
0.3311256576376667 2.733064253298738 0
0.371713649119142 2.732512863136218 0
0.4123019617925426 2.731892705783665 0
0.4528899532740357 2.731209659053215 0
0.4934779447555374 2.73046866930043 0
0.5340659362370409 2.729673976258653 0
0.5746539277185445 2.728829113039001 0
0.6152419192000482 2.727936874011179 0
0.6558299106815517 2.726999475399431 0
0.6964179021630551 2.72601855528255 0
0.7370058936445509 2.724995109355487 0
0.7775938851260258 2.723929715763695 0
0.8181818766074798 2.722822278149602 0
0.8587698680889259 2.721672346844518 0
0.8993578595703723 2.720478894034302 0
0.9399458510518185 2.719240345878542 0
0.9805338425332741 2.717954788073403 0
1.021121834014758 2.716619747441097 0
1.061709825496261 2.71523232040667 0
1.107434734519283 2.715232320414206 0
1.153159643542332 2.715232320421742 0
1.198884552565374 2.715232320429279 0
1.244609461588387 2.715232320436813 0
1.290334370611373 2.71523232044435 0
1.336059279634392 2.715232320451886 0
1.381784188657441 2.715232320459422 0
1.427509097680491 2.715232320466959 0
1.473234006703541 2.715232320474494 0
1.51895891572659 2.71523232048203 0
1.564683824749639 2.715232320489566 0
1.610408733772689 2.715232320497102 0
1.656133642795733 2.715232320504636 0
1.701858551818749 2.715232320512172 0
1.747583460841739 2.715232320519708 0
1.793308369864721 2.715232320527245 0
1.839033278887706 2.715232320534781 0
1.884758187910689 2.715232320542316 0
1.930483096933673 2.715232320549852 0
1.976208005956656 2.715232320557387 0
2.021932914979639 2.715232320564923 0
2.067657824002656 2.71523232057246 0
2.113382733025706 2.715232320579995 0
2.159107642048754 2.715232320587531 0
2.204832551071804 2.715232320595066 0
2.250557460094854 2.715232320602602 0
2.296282369117904 2.715232320610139 0
2.342007278140953 2.715232320617674 0
2.387732187164002 2.71523232062521 0
2.433457096187051 2.715232320632746 0
2.479182005210101 2.715232320640282 0
2.52490691423315 2.715232320647818 0
2.570631823256202 2.715232320655354 0
2.61635673227925 2.715232320662889 0
2.662081641302299 2.715232320670426 0
2.707806550325349 2.715232320677961 0
2.753531459348399 2.715232320685497 0
2.799256368371448 2.715232320693032 0
2.844981277394498 2.71523232070057 0
2.890706186417547 2.715232320708104 0
2.936431095440598 2.71523232071564 0
2.982156004463705 2.715232320723175 0
3.027880913486926 2.715232320730713 0
3.073605822510204 2.715232320738248 0
3.119330731533481 2.715232320745783 0
3.165055640556758 2.715232320753319 0
3.210780549580036 2.715232320760856 0
3.256505458603315 2.715232320768391 0
3.302230367626593 2.715232320775927 0
3.347955276649871 2.715232320783463 0
3.39368018567315 2.715232320790999 0
3.439405094696427 2.715232320798535 0
3.485130003719705 2.71523232080607 0
3.530854912742982 2.715232320813606 0
3.576579821766261 2.715232320821142 0
3.622304730789538 2.715232320828678 0
3.668029639812818 2.715232320836213 0
3.713754548836095 2.715232320843748 0
3.759479457859374 2.715232320851285 0
3.805204366882651 2.715232320858821 0
3.85092927590593 2.715232320866357 0
3.896654184929207 2.715232320873893 0
3.942379093952487 2.715232320881428 0
3.988104002975764 2.715232320888965 0
4.033828911999041 2.7152323208965 0
4.079553821022319 2.715232320904036 0
4.125278730045597 2.715232320911572 0
4.171003639068876 2.715232320919108 0
4.216728548092155 2.715232320926643 0
4.262453457115433 2.715232320934179 0
4.308178366138709 2.715232320941716 0
4.353903275161987 2.715232320949251 0
4.399628184185266 2.715232320956787 0
4.445353093208546 2.715232320964323 0
4.491078002231823 2.715232320971859 0
4.536802911255101 2.715232320979394 0
4.582527820278378 2.71523232098693 0
4.628252729301657 2.715232320994466 0
4.673977638324935 2.715232321002003 0
4.719702547348211 2.715232321009538 0
4.765427456371492 2.715232321017073 0
4.81115236539477 2.71523232102461 0
4.856877274418048 2.715232321032146 0
4.902602183441327 2.715232321039681 0
4.948327092464604 2.715232321047217 0
4.994052001487882 2.715232321054753 0
5.039776910511161 2.715232321062288 0
5.085501819534437 2.715232321069824 0
5.131226728557716 2.71523232107736 0
5.176951637580992 2.715232321084896 0
5.222676546604272 2.715232321092432 0
5.268401455627549 2.715232321099968 0
5.314126364650828 2.715232321107503 0
5.359851273674107 2.71523232111504 0
5.405576182697385 2.715232321122576 0
5.451301091720662 2.715232321130111 0
5.497026000743942 2.715232321137647 0
5.542750909767219 2.715232321145183 0
5.588475818790497 2.715232321152719 0
5.634200727813774 2.715232321160255 0
5.679925636837054 2.71523232116779 0
5.725650545860331 2.715232321175326 0
5.771375454883609 2.715232321182862 0
5.817100363906887 2.715232321190398 0
5.862825272930164 2.715232321197933 0
5.908550181953443 2.71523232120547 0
5.954275090976723 2.715232321213006 0
0.1397694381689092 2.557314894822253 0
0.1796760311368208 2.557225257849714 0
0.2195826241047309 2.557002556831693 0
0.2594892170726407 2.556661511566286 0
0.2993958100405506 2.556214498401147 0
0.3393024030084604 2.55567217271251 0
0.3792089959763703 2.55504357875443 0
0.419115955108417 2.554336589055742 0
0.4590225480763431 2.553557904420053 0
0.4989291410442778 2.552713163774996 0
0.5388357340122139 2.55180720048711 0
0.5787423269801502 2.550844042361841 0
0.6186489199480862 2.54982687502714 0
0.6585555129160224 2.548758225015513 0
0.6984621058839584 2.547639959764034 0
0.7383686988518878 2.546473214381509 0
0.7782752918197969 2.545258647963379 0
0.8181818847876867 2.5439961506604 0
0.8580884777555694 2.54268520984279 0
0.8979950707234517 2.541324653785328 0
0.9379016636913342 2.539912688283768 0
0.9778082566592261 2.538447130999884 0
1.017714849627143 2.536925162469862 0
1.057621442595079 2.535343472569951 0
1.103384207015341 2.535343472578329 0
1.149146971435633 2.535343472586707 0
1.194909735855917 2.535343472595085 0
1.240672500276168 2.535343472603463 0
1.28643526469639 2.535343472611841 0
1.332198029116646 2.535343472620219 0
1.377960793536939 2.535343472628597 0
1.423723557957231 2.535343472636976 0
1.469486322377525 2.535343472645355 0
1.515249086797817 2.535343472653732 0
1.56101185121811 2.53534347266211 0
1.606774615638403 2.535343472670489 0
1.65253738005869 2.535343472678866 0
1.698300144478945 2.535343472687244 0
1.744062908899169 2.535343472695621 0
1.789825673319386 2.535343472704 0
1.835588437739604 2.535343472712378 0
1.881351202159822 2.535343472720756 0
1.92711396658004 2.535343472729135 0
1.972876731000257 2.535343472737512 0
2.018639495420475 2.53534347274589 0
2.064402259840729 2.535343472754268 0
2.110165024261022 2.535343472762646 0
2.155927788681315 2.535343472771025 0
2.201690553101607 2.535343472779403 0
2.2474533175219 2.535343472787781 0
2.293216081942195 2.535343472796159 0
2.338978846362486 2.535343472804537 0
2.384741610782779 2.535343472812915 0
2.430504375203072 2.535343472821292 0
2.476267139623364 2.53534347282967 0
2.522029904043657 2.535343472838049 0
2.567792668463951 2.535343472846426 0
2.613555432884243 2.535343472854805 0
2.659318197304537 2.535343472863183 0
2.705080961724829 2.535343472871561 0
2.750843726145122 2.535343472879939 0
2.796606490565416 2.535343472888317 0
2.842369254985708 2.535343472896696 0
2.888132019406001 2.535343472905073 0
2.933894783826295 2.535343472913451 0
2.979657548246641 2.53534347292183 0
3.025420312667095 2.535343472930207 0
3.071183077087599 2.535343472938585 0
3.116945841508104 2.535343472946963 0
3.16270860592861 2.535343472955342 0
3.208471370349117 2.535343472963719 0
3.254234134769624 2.535343472972098 0
3.29999689919013 2.535343472980476 0
3.345759663610636 2.535343472988853 0
3.391522428031142 2.535343472997231 0
3.437285192451648 2.53534347300561 0
3.483047956872154 2.535343473013988 0
3.528810721292661 2.535343473022366 0
3.574573485713167 2.535343473030744 0
3.620336250133673 2.535343473039122 0
3.666099014554179 2.5353434730475 0
3.711861778974686 2.535343473055878 0
3.757624543395193 2.535343473064256 0
3.803387307815698 2.535343473072634 0
3.849150072236204 2.535343473081013 0
3.89491283665671 2.53534347308939 0
3.940675601077216 2.535343473097768 0
3.986438365497724 2.535343473106146 0
4.032201129918228 2.535343473114524 0
4.077963894338735 2.535343473122903 0
4.123726658759244 2.53534347313128 0
4.169489423179749 2.535343473139659 0
4.215252187600255 2.535343473148036 0
4.261014952020762 2.535343473156415 0
4.306777716441268 2.535343473164792 0
4.352540480861773 2.535343473173171 0
4.39830324528228 2.535343473181549 0
4.444066009702787 2.535343473189927 0
4.489828774123293 2.535343473198304 0
4.535591538543798 2.535343473206682 0
4.581354302964305 2.535343473215061 0
4.627117067384812 2.535343473223439 0
4.672879831805318 2.535343473231817 0
4.718642596225823 2.535343473240196 0
4.764405360646331 2.535343473248573 0
4.810168125066836 2.535343473256951 0
4.855930889487343 2.535343473265329 0
4.901693653907849 2.535343473273707 0
4.947456418328355 2.535343473282085 0
4.993219182748861 2.535343473290463 0
5.038981947169368 2.535343473298841 0
5.084744711589876 2.535343473307219 0
5.130507476010381 2.535343473315598 0
5.176270240430886 2.535343473323976 0
5.222033004851392 2.535343473332354 0
5.267795769271899 2.535343473340732 0
5.313558533692406 2.53534347334911 0
5.359321298112911 2.535343473357488 0
5.405084062533417 2.535343473365865 0
5.450846826953926 2.535343473374244 0
5.496609591374432 2.535343473382622 0
5.542372355794937 2.535343473391 0
5.588135120215441 2.535343473399378 0
5.63389788463595 2.535343473407755 0
5.679660649056456 2.535343473416134 0
5.725423413476962 2.535343473424512 0
5.77118617789747 2.53534347343289 0
5.816948942317975 2.535343473441269 0
5.86271170673848 2.535343473449647 0
5.908474471158989 2.535343473458025 0
5.954237235579495 2.535343473466402 0
0.1508015696100366 2.38856220634984 0
0.1900592116084572 2.388462084427863 0
0.2293168536068763 2.3882133337919 0
0.2685744956052952 2.387832396033315 0
0.3078321376037142 2.387333095176692 0
0.347089779602133 2.386727332971005 0
0.3863474216005519 2.386025211588061 0
0.4256054725937857 2.385235524416278 0
0.4648631145922199 2.384365756060682 0
0.5041207565906618 2.383422205041346 0
0.5433783985891051 2.382410270089764 0
0.5826360405875487 2.381334450148848 0
0.621893682585992 2.380198303473446 0
0.6611513245844354 2.379004652127746 0
0.7004089665828789 2.377755581985278 0
0.7396666085813156 2.376452360929957 0
0.778924250579734 2.375095725152441 0
0.8181818925781342 2.373685551954285 0
0.8574395345765273 2.372221268742754 0
0.8966971765749208 2.37070156673446 0
0.9359548185733144 2.36912444185483 0
0.9752124605717158 2.367487456494797 0
1.014470102570142 2.365787461394323 0
1.053727744568585 2.364020759240327 0
1.099526561748356 2.36402075924945 0
1.145325378928164 2.364020759258572 0
1.191124196107961 2.364020759267695 0
1.236923013287721 2.364020759276817 0
1.282721830467448 2.364020759285939 0
1.328520647647215 2.364020759295061 0
1.374319464827022 2.364020759304183 0
1.420118282006829 2.364020759313306 0
1.465917099186636 2.364020759322428 0
1.511715916366443 2.36402075933155 0
1.55751473354625 2.364020759340673 0
1.603313550726058 2.364020759349795 0
1.649112367905857 2.364020759358917 0
1.694911185085622 2.36402075936804 0
1.740710002265352 2.364020759377161 0
1.786508819445075 2.364020759386283 0
1.832307636624799 2.364020759395406 0
1.878106453804522 2.364020759404529 0
1.923905270984245 2.364020759413652 0
1.969704088163968 2.364020759422774 0
2.015502905343691 2.364020759431896 0
2.061301722523455 2.364020759441018 0
2.107100539703262 2.36402075945014 0
2.152899356883069 2.364020759459263 0
2.198698174062876 2.364020759468385 0
2.244496991242684 2.364020759477507 0
2.290295808422492 2.364020759486629 0
2.336094625602298 2.364020759495752 0
2.381893442782105 2.364020759504874 0
2.427692259961912 2.364020759513997 0
2.473491077141718 2.364020759523119 0
2.519289894321526 2.364020759532242 0
2.565088711501333 2.364020759541364 0
2.61088752868114 2.364020759550486 0
2.656686345860948 2.364020759559608 0
2.702485163040755 2.36402075956873 0
2.748283980220562 2.364020759577852 0
2.794082797400368 2.364020759586974 0
2.839881614580176 2.364020759596097 0
2.885680431759983 2.364020759605219 0
2.931479248939791 2.364020759614341 0
2.977278066119649 2.364020759623464 0
3.023076883299606 2.364020759632586 0
3.068875700479609 2.364020759641708 0
3.114674517659615 2.364020759650831 0
3.160473334839621 2.364020759659953 0
3.206272152019628 2.364020759669076 0
3.252070969199633 2.364020759678198 0
3.297869786379639 2.36402075968732 0
3.343668603559646 2.364020759696442 0
3.389467420739651 2.364020759705564 0
3.435266237919658 2.364020759714687 0
3.481065055099664 2.364020759723809 0
3.526863872279669 2.364020759732932 0
3.572662689459675 2.364020759742054 0
3.618461506639681 2.364020759751176 0
3.664260323819688 2.364020759760298 0
3.710059140999693 2.36402075976942 0
3.755857958179701 2.364020759778542 0
3.801656775359706 2.364020759787666 0
3.847455592539712 2.364020759796788 0
3.893254409719717 2.36402075980591 0
3.939053226899724 2.364020759815032 0
3.984852044079731 2.364020759824154 0
4.030650861259737 2.364020759833276 0
4.076449678439744 2.3640207598424 0
4.12224849561975 2.364020759851522 0
4.168047312799755 2.364020759860644 0
4.21384612997976 2.364020759869766 0
4.259644947159767 2.364020759878888 0
4.305443764339774 2.36402075988801 0
4.351242581519778 2.364020759897132 0
4.397041398699785 2.364020759906255 0
4.442840215879792 2.364020759915378 0
4.488639033059798 2.364020759924499 0
4.534437850239804 2.364020759933622 0
4.580236667419809 2.364020759942744 0
4.626035484599816 2.364020759951866 0
4.671834301779821 2.364020759960988 0
4.717633118959828 2.364020759970112 0
4.763431936139835 2.364020759979233 0
4.80923075331984 2.364020759988356 0
4.855029570499847 2.364020759997478 0
4.900828387679853 2.3640207600066 0
4.946627204859858 2.364020760015722 0
4.992426022039863 2.364020760024844 0
5.038224839219872 2.364020760033967 0
5.084023656399878 2.364020760043089 0
5.129822473579882 2.364020760052212 0
5.17562129075989 2.364020760061334 0
5.221420107939896 2.364020760070456 0
5.2672189251199 2.364020760079578 0
5.313017742299907 2.364020760088702 0
5.358816559479916 2.364020760097824 0
5.404615376659921 2.364020760106946 0
5.450414193839928 2.364020760116068 0
5.496213011019932 2.36402076012519 0
5.542011828199939 2.364020760134312 0
5.587810645379945 2.364020760143434 0
5.633609462559951 2.364020760152557 0
5.679408279739957 2.364020760161679 0
5.725207096919965 2.364020760170802 0
5.77100591409997 2.364020760179923 0
5.816804731279975 2.364020760189046 0
5.862603548459981 2.364020760198169 0
5.908402365639986 2.364020760207291 0
5.954201182819994 2.364020760216413 0
0.1613083615440014 2.227845358882058 0
0.1999479549950769 2.227735251294023 0
0.238587548446151 2.22746169149807 0
0.2772271418972249 2.227042760888692 0
0.3158667353482988 2.226493662230412 0
0.3545063287993726 2.22582748429387 0
0.3931459222504465 2.225055336791601 0
0.4317859654874575 2.224186890121156 0
0.4704255589385455 2.223230375365105 0
0.509065152389641 2.222192719226808 0
0.5477047458407375 2.221079858880576 0
0.5863443392918344 2.219896741971669 0
0.624983932742931 2.218647281637701 0
0.6636235261940275 2.217334581401606 0
0.7022631196451239 2.215960935171642 0
0.7409027130962145 2.214527737284197 0
0.7795423065472877 2.213035797353952 0
0.8181818999983441 2.211484980445129 0
0.856821493449394 2.20987465685742 0
0.8954610869004442 2.208203387275841 0
0.934100680351494 2.206468967749323 0
0.9727402738025517 2.204668717553705 0
1.011379867253632 2.20279917333731 0
1.050019460704728 2.200856269035306 0
1.095852613846208 2.200856269045326 0
1.141685766987726 2.200856269055345 0
1.187518920129235 2.200856269065365 0
1.233352073270702 2.200856269075385 0
1.279185226412132 2.200856269085404 0
1.325018379553607 2.200856269095424 0
1.370851532695125 2.200856269105443 0
1.416684685836644 2.200856269115463 0
1.462517838978162 2.200856269125483 0
1.508350992119681 2.200856269135503 0
1.554184145261199 2.200856269145522 0
1.600017298402719 2.200856269155541 0
1.645850451544229 2.200856269165562 0
1.691683604685702 2.200856269175581 0
1.737516757827136 2.2008562691856 0
1.783349910968562 2.200856269195619 0
1.829183064109989 2.20085626920564 0
1.875016217251415 2.200856269215659 0
1.920849370392841 2.200856269225678 0
1.966682523534267 2.200856269235699 0
2.012515676675693 2.200856269245718 0
2.058348829817164 2.200856269255738 0
2.104181982958683 2.200856269265757 0
2.150015136100202 2.200856269275778 0
2.195848289241721 2.200856269285797 0
2.24168144238324 2.200856269295816 0
2.287514595524759 2.200856269305836 0
2.333347748666277 2.200856269315856 0
2.379180901807795 2.200856269325875 0
2.425014054949314 2.200856269335895 0
2.470847208090833 2.200856269345914 0
2.516680361232351 2.200856269355933 0
2.562513514373872 2.200856269365953 0
2.608346667515389 2.200856269375973 0
2.654179820656908 2.200856269385993 0
2.700012973798426 2.200856269396013 0
2.745846126939945 2.200856269406033 0
2.791679280081464 2.200856269416052 0
2.837512433222982 2.200856269426072 0
2.883345586364501 2.200856269436091 0
2.929178739506021 2.200856269446111 0
2.975011892647586 2.20085626945613 0
3.020845045789245 2.20085626946615 0
3.066678198930947 2.20085626947617 0
3.112511352072651 2.200856269486189 0
3.158344505214354 2.200856269496209 0
3.204177658356057 2.200856269506229 0
3.250010811497761 2.200856269516248 0
3.295843964639465 2.200856269526267 0
3.341677117781169 2.200856269536287 0
3.387510270922872 2.200856269546307 0
3.433343424064577 2.200856269556327 0
3.479176577206281 2.200856269566346 0
3.525009730347984 2.200856269576366 0
3.570842883489689 2.200856269586386 0
3.616676036631393 2.200856269596406 0
3.662509189773097 2.200856269606424 0
3.7083423429148 2.200856269616445 0
3.754175496056505 2.200856269626463 0
3.800008649198209 2.200856269636484 0
3.845841802339913 2.200856269646502 0
3.891674955481617 2.200856269656523 0
3.937508108623321 2.200856269666542 0
3.983341261765025 2.200856269676562 0
4.029174414906727 2.200856269686581 0
4.075007568048433 2.200856269696601 0
4.120840721190138 2.200856269706621 0
4.16667387433184 2.200856269716641 0
4.212507027473544 2.20085626972666 0
4.258340180615249 2.20085626973668 0
4.304173333756952 2.2008562697467 0
4.350006486898657 2.200856269756719 0
4.395839640040359 2.200856269766739 0
4.441672793182065 2.200856269776758 0
4.487505946323768 2.200856269786778 0
4.533339099465472 2.200856269796798 0
4.579172252607178 2.200856269806817 0
4.62500540574888 2.200856269816837 0
4.670838558890585 2.200856269826856 0
4.716671712032287 2.200856269836876 0
4.762504865173993 2.200856269846896 0
4.808338018315697 2.200856269856915 0
4.8541711714574 2.200856269866935 0
4.900004324599104 2.200856269876954 0
4.945837477740806 2.200856269886974 0
4.991670630882513 2.200856269896994 0
5.037503784024215 2.200856269907014 0
5.083336937165919 2.200856269917033 0
5.129170090307625 2.200856269927053 0
5.175003243449327 2.200856269937072 0
5.220836396591032 2.200856269947092 0
5.266669549732734 2.200856269957112 0
5.31250270287444 2.200856269967132 0
5.358335856016145 2.200856269977151 0
5.404169009157847 2.200856269987171 0
5.450002162299553 2.20085626999719 0
5.495835315441257 2.200856270007209 0
5.54166846858296 2.200856270017229 0
5.587501621724664 2.200856270027249 0
5.633334774866367 2.200856270037268 0
5.679167928008072 2.200856270047289 0
5.725001081149775 2.200856270057308 0
5.77083423429148 2.200856270067328 0
5.816667387433185 2.200856270077347 0
5.862500540574888 2.200856270087368 0
5.908333693716592 2.200856270097386 0
5.954166846858294 2.200856270107407 0
0.17131483003597 2.074781694878289 0
0.2093658058237604 2.074662077131681 0
0.2474167816115495 2.074364889563908 0
0.2854677573993384 2.073909775286721 0
0.3235187331871274 2.073313250150303 0
0.3615697089749162 2.072589533422115 0
0.3996206847627052 2.071750694377289 0
0.4376721491851189 2.070807238660171 0
0.475723124972921 2.069768108284318 0
0.5137741007607298 2.068640828222892 0
0.5518250765485397 2.067431848452883 0
0.5898760523363499 2.066146543955121 0
0.6279270281241599 2.064789165850808 0
0.6659780039119699 2.063363085718822 0
0.7040289796997798 2.061870795595731 0
0.7420799554875841 2.060313810248861 0
0.7801309312753724 2.058693009220528 0
0.8181819070631449 2.057008245920344 0
0.8562328828509114 2.055258836259843 0
0.8942838586386781 2.053443216608237 0
0.9323348344264446 2.051558992655886 0
0.9703858102142189 2.049603252140449 0
1.008436786002013 2.047572232575348 0
1.046487761789823 2.045461516703612 0
1.092353615847187 2.045461516713957 0
1.138219469904593 2.045461516724303 0
1.184085323961987 2.045461516734647 0
1.229951178019337 2.045461516744993 0
1.275817032076648 2.045461516755338 0
1.321682886134006 2.045461516765683 0
1.367548740191412 2.045461516776029 0
1.413414594248818 2.045461516786375 0
1.459280448306225 2.045461516796719 0
1.505146302363631 2.045461516807064 0
1.551012156421037 2.04546151681741 0
1.596878010478443 2.045461516827755 0
1.642743864535841 2.0454615168381 0
1.688609718593197 2.045461516848445 0
1.734475572650511 2.045461516858791 0
1.780341426707817 2.045461516869136 0
1.826207280765123 2.045461516879481 0
1.872073134822429 2.045461516889826 0
1.917938988879734 2.045461516900172 0
1.96380484293704 2.045461516910517 0
2.009670696994346 2.045461516920862 0
2.055536551051699 2.045461516931206 0
2.101402405109106 2.045461516941552 0
2.147268259166513 2.045461516951898 0
2.19313411322392 2.045461516962243 0
2.238999967281325 2.045461516972588 0
2.284865821338732 2.045461516982933 0
2.330731675396138 2.045461516993278 0
2.376597529453545 2.045461517003623 0
2.422463383510951 2.045461517013969 0
2.468329237568356 2.045461517024314 0
2.514195091625763 2.04546151703466 0
2.56006094568317 2.045461517045005 0
2.605926799740575 2.045461517055349 0
2.651792653797981 2.045461517065696 0
2.697658507855388 2.04546151707604 0
2.743524361912793 2.045461517086386 0
2.7893902159702 2.045461517096731 0
2.835256070027606 2.045461517107076 0
2.881121924085012 2.045461517117421 0
2.92698777814242 2.045461517127766 0
2.972853632199869 2.045461517138111 0
3.018719486257404 2.045461517148457 0
3.064585340314981 2.045461517158802 0
3.11045119437256 2.045461517169147 0
3.156317048430137 2.045461517179493 0
3.202182902487716 2.045461517189838 0
3.248048756545294 2.045461517200184 0
3.293914610602874 2.045461517210528 0
3.339780464660451 2.045461517220874 0
3.385646318718029 2.045461517231218 0
3.431512172775608 2.045461517241564 0
3.477378026833186 2.045461517251909 0
3.523243880890764 2.045461517262254 0
3.569109734948343 2.045461517272599 0
3.614975589005921 2.045461517282945 0
3.660841443063499 2.04546151729329 0
3.706707297121078 2.045461517303635 0
3.752573151178657 2.045461517313981 0
3.798439005236235 2.045461517324326 0
3.844304859293813 2.045461517334672 0
3.890170713351391 2.045461517345016 0
3.93603656740897 2.045461517355362 0
3.981902421466549 2.045461517365707 0
4.027768275524126 2.045461517376052 0
4.073634129581706 2.045461517386397 0
4.119499983639283 2.045461517396742 0
4.165365837696861 2.045461517407087 0
4.21123169175444 2.045461517417433 0
4.257097545812018 2.045461517427777 0
4.302963399869598 2.045461517438123 0
4.348829253927175 2.045461517448468 0
4.394695107984756 2.045461517458814 0
4.440560962042333 2.045461517469159 0
4.486426816099911 2.045461517479504 0
4.53229267015749 2.04546151748985 0
4.578158524215069 2.045461517500194 0
4.624024378272646 2.04546151751054 0
4.669890232330225 2.045461517520885 0
4.715756086387803 2.04546151753123 0
4.761621940445382 2.045461517541576 0
4.807487794502961 2.045461517551921 0
4.853353648560539 2.045461517562266 0
4.899219502618118 2.045461517572611 0
4.945085356675696 2.045461517582956 0
4.990951210733275 2.045461517593302 0
5.036817064790853 2.045461517603647 0
5.082682918848431 2.045461517613992 0
5.128548772906012 2.045461517624338 0
5.174414626963589 2.045461517634682 0
5.220280481021167 2.045461517645028 0
5.266146335078744 2.045461517655373 0
5.312012189136322 2.045461517665718 0
5.357878043193903 2.045461517676064 0
5.403743897251481 2.045461517686409 0
5.449609751309058 2.045461517696754 0
5.495475605366636 2.045461517707099 0
5.541341459424215 2.045461517717445 0
5.587207313481793 2.04546151772779 0
5.633073167539372 2.045461517738135 0
5.678939021596952 2.04546151774848 0
5.724804875654529 2.045461517758826 0
5.770670729712108 2.045461517769171 0
5.816536583769686 2.045461517779516 0
5.862402437827265 2.045461517789862 0
5.908268291884842 2.045461517800206 0
5.954134145942422 2.045461517810551 0
0.1808447999905051 1.929006777358661 0
0.218335187529814 1.92887810231836 0
0.2558255750691216 1.928558412110998 0
0.2933159626084291 1.928068837198094 0
0.3308063501477366 1.927427143987591 0
0.368296737687044 1.926648628410589 0
0.4057871252263515 1.925746273611354 0
0.4432780383990339 1.924731380707366 0
0.4807684259383536 1.923613568789315 0
0.5182588134776793 1.922400932611118 0
0.5557492010170064 1.921100410533272 0
0.5932395885563337 1.91971778452286 0
0.6307299760956604 1.91825762759021 0
0.6682203636349876 1.916723566605584 0
0.7057107511743144 1.915118282299173 0
0.7432011387136359 1.913443404134429 0
0.7806915262529427 1.911699878251419 0
0.8181819137922349 1.909887546960132 0
0.8556723013315219 1.908005674373849 0
0.8931626888708084 1.906052578465782 0
0.930653076410095 1.904025683632413 0
0.9681434639493887 1.901921857098851 0
1.005633851488701 1.899737051488137 0
1.043124239028028 1.897466515074597 0
1.089021236814673 1.897466515085434 0
1.134918234601363 1.89746651509627 0
1.180815232388041 1.897466515107107 0
1.22671223017467 1.897466515117944 0
1.272609227961258 1.897466515128781 0
1.318506225747897 1.897466515139618 0
1.364403223534587 1.897466515150454 0
1.410300221321278 1.897466515161291 0
1.456197219107968 1.897466515172128 0
1.502094216894658 1.897466515182965 0
1.547991214681349 1.897466515193801 0
1.593888212468039 1.897466515204637 0
1.63978521025472 1.897466515215475 0
1.685682208041357 1.897466515226311 0
1.731579205827949 1.897466515237148 0
1.777476203614532 1.897466515247984 0
1.823373201401114 1.897466515258822 0
1.869270199187696 1.897466515269658 0
1.915167196974278 1.897466515280495 0
1.961064194760861 1.897466515291332 0
2.006961192547443 1.897466515302168 0
2.052858190334078 1.897466515313005 0
2.098755188120769 1.897466515323842 0
2.144652185907459 1.897466515334679 0
2.19054918369415 1.897466515345515 0
2.23644618148084 1.897466515356352 0
2.282343179267531 1.897466515367189 0
2.32824017705422 1.897466515378026 0
2.374137174840912 1.897466515388862 0
2.420034172627602 1.897466515399699 0
2.465931170414293 1.897466515410536 0
2.511828168200982 1.897466515421372 0
2.557725165987674 1.897466515432209 0
2.603622163774364 1.897466515443046 0
2.649519161561054 1.897466515453883 0
2.695416159347745 1.89746651546472 0
2.741313157134435 1.897466515475556 0
2.787210154921125 1.897466515486393 0
2.833107152707815 1.89746651549723 0
2.879004150494507 1.897466515508067 0
2.924901148281197 1.897466515518903 0
2.970798146067928 1.89746651552974 0
3.016695143854738 1.897466515540577 0
3.062592141641588 1.897466515551413 0
3.108489139428437 1.89746651556225 0
3.154386137215287 1.897466515573087 0
3.200283135002137 1.897466515583923 0
3.246180132788987 1.89746651559476 0
3.292077130575839 1.897466515605597 0
3.337974128362688 1.897466515616433 0
3.383871126149537 1.89746651562727 0
3.429768123936388 1.897466515638107 0
3.475665121723237 1.897466515648944 0
3.521562119510088 1.897466515659781 0
3.567459117296938 1.897466515670617 0
3.613356115083788 1.897466515681454 0
3.659253112870639 1.897466515692291 0
3.705150110657487 1.897466515703128 0
3.751047108444339 1.897466515713964 0
3.796944106231189 1.897466515724801 0
3.842841104018039 1.897466515735638 0
3.888738101804889 1.897466515746475 0
3.93463509959174 1.897466515757311 0
3.98053209737859 1.897466515768148 0
4.026429095165439 1.897466515778985 0
4.072326092952292 1.897466515789821 0
4.118223090739142 1.897466515800658 0
4.164120088525991 1.897466515811495 0
4.210017086312842 1.897466515822331 0
4.255914084099692 1.897466515833168 0
4.301811081886541 1.897466515844005 0
4.347708079673391 1.897466515854842 0
4.393605077460242 1.897466515865679 0
4.439502075247093 1.897466515876515 0
4.485399073033943 1.897466515887352 0
4.531296070820794 1.897466515898189 0
4.577193068607642 1.897466515909025 0
4.623090066394493 1.897466515919862 0
4.668987064181343 1.897466515930699 0
4.714884061968194 1.897466515941535 0
4.760781059755045 1.897466515952372 0
4.806678057541894 1.897466515963209 0
4.852575055328744 1.897466515974046 0
4.898472053115595 1.897466515984882 0
4.944369050902444 1.897466515995719 0
4.990266048689296 1.897466516006556 0
5.036163046476146 1.897466516017393 0
5.082060044262995 1.89746651602823 0
5.127957042049847 1.897466516039066 0
5.173854039836694 1.897466516049903 0
5.219751037623547 1.89746651606074 0
5.265648035410396 1.897466516071577 0
5.311545033197246 1.897466516082413 0
5.357442030984096 1.89746651609325 0
5.403339028770946 1.897466516104087 0
5.449236026557798 1.897466516114923 0
5.495133024344646 1.89746651612576 0
5.541030022131498 1.897466516136597 0
5.586927019918348 1.897466516147434 0
5.632824017705198 1.89746651615827 0
5.678721015492048 1.897466516169107 0
5.724618013278898 1.897466516179944 0
5.770515011065749 1.897466516190781 0
5.816412008852598 1.897466516201617 0
5.862309006639448 1.897466516212454 0
5.908206004426299 1.897466516223291 0
5.954103002213149 1.897466516234127 0
0.1899209618735709 1.790173522247401 0
0.2268774558416153 1.790036221213046 0
0.2638339498096586 1.789695099920271 0
0.3007904437777017 1.789172705354181 0
0.3377469377457449 1.788487994930121 0
0.3747034317137879 1.78765728997313 0
0.4116599256818312 1.786694443979034 0
0.4486169805201539 1.785611515658776 0
0.4855734744882084 1.784418768938412 0
0.5225299684562685 1.783124841220196 0
0.5594864624243298 1.781737135991779 0
0.596442956392391 1.780261822826198 0
0.6333994503604519 1.778703781294859 0
0.6703559443285134 1.777066881402667 0
0.7073124382965741 1.775353983588033 0
0.7442689322646302 1.773566826548813 0
0.7812254262326728 1.771706419851505 0
0.8181819202007019 1.769772595235025 0
0.8551384141687255 1.767764567480987 0
0.8920949081367494 1.765680541804507 0
0.9290514021047731 1.763517769941231 0
0.9660078960728031 1.761272909104311 0
1.002964390040851 1.758941640592621 0
1.039920884008911 1.756518894138862 0
1.085847542490183 1.756518894150118 0
1.131774200971503 1.756518894161374 0
1.177700859452809 1.75651889417263 0
1.223627517934064 1.756518894183886 0
1.269554176415274 1.756518894195143 0
1.315480834896539 1.756518894206399 0
1.361407493377859 1.756518894217655 0
1.407334151859178 1.75651889422891 0
1.453260810340498 1.756518894240167 0
1.499187468821817 1.756518894251422 0
1.545114127303137 1.756518894262679 0
1.591040785784458 1.756518894273935 0
1.636967444265768 1.756518894285191 0
1.68289410274703 1.756518894296447 0
1.728820761228245 1.756518894307703 0
1.774747419709449 1.756518894318959 0
1.820674078190654 1.756518894330215 0
1.866600736671858 1.756518894341471 0
1.912527395153063 1.756518894352727 0
1.958454053634267 1.756518894363983 0
2.004380712115473 1.756518894375239 0
2.050307370596733 1.756518894386495 0
2.096234029078053 1.756518894397751 0
2.142160687559372 1.756518894409007 0
2.188087346040692 1.756518894420263 0
2.234014004522012 1.756518894431519 0
2.279940663003332 1.756518894442775 0
2.325867321484652 1.756518894454031 0
2.371793979965972 1.756518894465287 0
2.417720638447291 1.756518894476543 0
2.463647296928611 1.7565188944878 0
2.50957395540993 1.756518894499056 0
2.555500613891251 1.756518894510311 0
2.60142727237257 1.756518894521568 0
2.647353930853891 1.756518894532824 0
2.69328058933521 1.756518894544079 0
2.739207247816529 1.756518894555336 0
2.785133906297849 1.756518894566592 0
2.831060564779169 1.756518894577848 0
2.876987223260489 1.756518894589104 0
2.92291388174181 1.75651889460036 0
2.968840540223167 1.756518894611616 0
3.014767198704599 1.756518894622872 0
3.060693857186064 1.756518894634128 0
3.106620515667531 1.756518894645384 0
3.152547174148999 1.75651889465664 0
3.198473832630466 1.756518894667896 0
3.244400491111935 1.756518894679152 0
3.290327149593403 1.756518894690408 0
3.33625380807487 1.756518894701664 0
3.382180466556338 1.75651889471292 0
3.428107125037806 1.756518894724176 0
3.474033783519273 1.756518894735433 0
3.51996044200074 1.756518894746688 0
3.565887100482207 1.756518894757944 0
3.611813758963676 1.7565188947692 0
3.657740417445144 1.756518894780456 0
3.70366707592661 1.756518894791712 0
3.74959373440808 1.756518894802968 0
3.795520392889546 1.756518894814224 0
3.841447051371015 1.756518894825481 0
3.887373709852482 1.756518894836737 0
3.93330036833395 1.756518894847993 0
3.979227026815418 1.756518894859249 0
4.025153685296885 1.756518894870505 0
4.071080343778354 1.756518894881761 0
4.117007002259821 1.756518894893017 0
4.162933660741289 1.756518894904273 0
4.208860319222757 1.756518894915529 0
4.254786977704224 1.756518894926785 0
4.300713636185693 1.756518894938041 0
4.34664029466716 1.756518894949297 0
4.392566953148629 1.756518894960553 0
4.438493611630097 1.756518894971809 0
4.484420270111565 1.756518894983065 0
4.530346928593032 1.756518894994322 0
4.576273587074497 1.756518895005577 0
4.622200245555966 1.756518895016833 0
4.668126904037433 1.756518895028089 0
4.714053562518902 1.756518895039345 0
4.759980221000371 1.756518895050601 0
4.805906879481839 1.756518895061857 0
4.851833537963305 1.756518895073113 0
4.897760196444773 1.756518895084369 0
4.94368685492624 1.756518895095625 0
4.98961351340771 1.756518895106882 0
5.035540171889174 1.756518895118138 0
5.081466830370646 1.756518895129394 0
5.127393488852112 1.75651889514065 0
5.173320147333579 1.756518895151906 0
5.219246805815049 1.756518895163162 0
5.265173464296515 1.756518895174418 0
5.311100122777983 1.756518895185674 0
5.35702678125945 1.75651889519693 0
5.402953439740919 1.756518895208186 0
5.448880098222388 1.756518895219442 0
5.494806756703854 1.756518895230698 0
5.540733415185323 1.756518895241954 0
5.586660073666789 1.75651889525321 0
5.632586732148257 1.756518895264466 0
5.678513390629726 1.756518895275722 0
5.724440049111193 1.756518895286978 0
5.770366707592661 1.756518895298234 0
5.816293366074127 1.75651889530949 0
5.862220024555596 1.756518895320746 0
5.908146683037065 1.756518895332002 0
5.954073341518532 1.756518895343258 0
0.1985649255547083 1.657951374782557 0
0.2350129494558726 1.657805858515748 0
0.2714609733570359 1.657444326665438 0
0.3079089972581991 1.656890675286816 0
0.3443570211593623 1.656164996087981 0
0.3808050450605254 1.655284586959631 0
0.4172530689616883 1.654264130303838 0
0.4537016872920884 1.653116406349125 0
0.490149711193262 1.651852293150468 0
0.5265977350944406 1.650480944918064 0
0.5630457589956203 1.649010208117798 0
0.5994937828968003 1.647446621471238 0
0.63594180679798 1.645795356512719 0
0.6723898306991596 1.644060514803952 0
0.7088378546003393 1.64224512793403 0
0.7452858785015143 1.640351038633575 0
0.7817339024026768 1.638379316875209 0
0.8181819263038266 1.636329784330161 0
0.8546299502049718 1.634201608797505 0
0.8910779741061168 1.631992888103694 0
0.9275259980072621 1.629700709545482 0
0.963974021908413 1.627321530324637 0
1.00042204580958 1.624850773336061 0
1.036870069710759 1.622283064939481 0
1.082824976472574 1.622283064951091 0
1.12877988323444 1.622283064962701 0
1.174734789996291 1.622283064974311 0
1.220689696758088 1.622283064985922 0
1.266644603519839 1.622283064997532 0
1.312599510281645 1.622283065009142 0
1.358554417043511 1.622283065020752 0
1.404509323805377 1.622283065032362 0
1.450464230567243 1.622283065043973 0
1.496419137329109 1.622283065055582 0
1.542374044090975 1.622283065067192 0
1.58832895085284 1.622283065078803 0
1.634283857614696 1.622283065090413 0
1.6802387643765 1.622283065102023 0
1.726193671138255 1.622283065113633 0
1.772148577899999 1.622283065125243 0
1.818103484661742 1.622283065136853 0
1.864058391423486 1.622283065148464 0
1.91001329818523 1.622283065160073 0
1.955968204946974 1.622283065171684 0
2.001923111708717 1.622283065183294 0
2.04787801847052 1.622283065194904 0
2.093832925232385 1.622283065206514 0
2.139787831994252 1.622283065218125 0
2.185742738756118 1.622283065229734 0
2.231697645517984 1.622283065241345 0
2.27765255227985 1.622283065252955 0
2.323607459041716 1.622283065264565 0
2.369562365803582 1.622283065276175 0
2.415517272565447 1.622283065287785 0
2.461472179327312 1.622283065299395 0
2.507427086089178 1.622283065311005 0
2.553381992851045 1.622283065322615 0
2.59933689961291 1.622283065334226 0
2.645291806374777 1.622283065345835 0
2.691246713136642 1.622283065357446 0
2.737201619898508 1.622283065369056 0
2.783156526660374 1.622283065380666 0
2.82911143342224 1.622283065392276 0
2.875066340184105 1.622283065403886 0
2.921021246945973 1.622283065415496 0
2.966976153707872 1.622283065427107 0
3.012931060469841 1.622283065438717 0
3.058885967231841 1.622283065450326 0
3.104840873993844 1.622283065461937 0
3.150795780755846 1.622283065473547 0
3.196750687517848 1.622283065485158 0
3.24270559427985 1.622283065496767 0
3.288660501041853 1.622283065508378 0
3.334615407803856 1.622283065519988 0
3.380570314565857 1.622283065531598 0
3.42652522132786 1.622283065543208 0
3.472480128089863 1.622283065554818 0
3.518435034851865 1.622283065566429 0
3.564389941613867 1.622283065578038 0
3.61034484837587 1.622283065589648 0
3.656299755137872 1.622283065601259 0
3.702254661899875 1.622283065612869 0
3.748209568661878 1.622283065624479 0
3.794164475423879 1.622283065636089 0
3.840119382185883 1.622283065647699 0
3.886074288947884 1.622283065659309 0
3.932029195709887 1.62228306567092 0
3.97798410247189 1.62228306568253 0
4.023939009233891 1.622283065694139 0
4.069893915995896 1.62228306570575 0
4.115848822757897 1.62228306571736 0
4.161803729519899 1.62228306572897 0
4.2077586362819 1.62228306574058 0
4.253713543043905 1.622283065752191 0
4.299668449805908 1.622283065763801 0
4.345623356567909 1.622283065775411 0
4.391578263329912 1.622283065787021 0
4.437533170091914 1.622283065798631 0
4.483488076853917 1.622283065810242 0
4.529442983615921 1.622283065821852 0
4.575397890377921 1.622283065833461 0
4.621352797139926 1.622283065845072 0
4.667307703901928 1.622283065856681 0
4.713262610663929 1.622283065868292 0
4.759217517425934 1.622283065879902 0
4.805172424187936 1.622283065891512 0
4.851127330949938 1.622283065903122 0
4.89708223771194 1.622283065914732 0
4.943037144473942 1.622283065926342 0
4.988992051235945 1.622283065937953 0
5.034946957997947 1.622283065949562 0
5.080901864759951 1.622283065961173 0
5.126856771521952 1.622283065972783 0
5.172811678283956 1.622283065984393 0
5.218766585045957 1.622283065996003 0
5.264721491807959 1.622283066007614 0
5.310676398569963 1.622283066019224 0
5.356631305331964 1.622283066030834 0
5.402586212093967 1.622283066042444 0
5.448541118855969 1.622283066054054 0
5.494496025617972 1.622283066065664 0
5.540450932379975 1.622283066077274 0
5.586405839141976 1.622283066088884 0
5.632360745903981 1.622283066100494 0
5.678315652665981 1.622283066112105 0
5.724270559427985 1.622283066123715 0
5.770225466189986 1.622283066135325 0
5.816180372951989 1.622283066146935 0
5.862135279713991 1.622283066158545 0
5.908090186475995 1.622283066170155 0
5.954045093237998 1.622283066181766 0
0.2067972719229218 1.532025519974022 0
0.2427610386172163 1.531872179676265 0
0.2787248053115098 1.53149120919968 0
0.3146885720058031 1.530907789428115 0
0.3506523387000965 1.530143092348481 0
0.3866161053943897 1.529215345914008 0
0.422579872088683 1.528140021961288 0
0.4585442651731246 1.526930587878447 0
0.4945080318674275 1.525598506605144 0
0.5304717985617353 1.524153424549618 0
0.566435565256044 1.522603610061788 0
0.6023993319503527 1.520955953433254 0
0.6383630986446613 1.519215904258278 0
0.6743268653389698 1.517387784628866 0
0.7102906320332784 1.515474789134759 0
0.7462543987275825 1.513478859585406 0
0.7822181654218752 1.51140112348307 0
0.8181819321161562 1.509241392910707 0
0.8541456988104332 1.506998790922113 0
0.8901094655047099 1.504671313068824 0
0.9260732321989864 1.502255890039127 0
0.9620369988932684 1.499748788547757 0
0.9980007655875658 1.497145185390594 0
1.033964532281873 1.494439418000724 0
1.079946342168034 1.494439418012628 0
1.125928152054249 1.494439418024531 0
1.171909961940448 1.494439418036435 0
1.21789177182659 1.494439418048339 0
1.263873581712683 1.494439418060243 0
1.309855391598836 1.494439418072147 0
1.35583720148505 1.49443941808405 0
1.401819011371265 1.494439418095954 0
1.447800821257479 1.494439418107858 0
1.493782631143694 1.494439418119761 0
1.539764441029908 1.494439418131665 0
1.585746250916123 1.494439418143569 0
1.631728060802326 1.494439418155473 0
1.677709870688476 1.494439418167377 0
1.723691680574574 1.49443941817928 0
1.76967349046066 1.494439418191184 0
1.815655300346746 1.494439418203088 0
1.861637110232831 1.494439418214992 0
1.907618920118917 1.494439418226895 0
1.953600730005003 1.494439418238799 0
1.999582539891089 1.494439418250702 0
2.045564349777238 1.494439418262607 0
2.091546159663452 1.49443941827451 0
2.137527969549666 1.494439418286414 0
2.183509779435882 1.494439418298318 0
2.229491589322096 1.494439418310221 0
2.275473399208311 1.494439418322125 0
2.321455209094526 1.494439418334029 0
2.36743701898074 1.494439418345933 0
2.413418828866954 1.494439418357836 0
2.459400638753168 1.49443941836974 0
2.505382448639383 1.494439418381644 0
2.551364258525598 1.494439418393548 0
2.597346068411812 1.494439418405452 0
2.643327878298027 1.494439418417355 0
2.689309688184242 1.494439418429259 0
2.735291498070456 1.494439418441162 0
2.781273307956671 1.494439418453066 0
2.827255117842885 1.49443941846497 0
2.873236927729099 1.494439418476874 0
2.919218737615316 1.494439418488778 0
2.965200547501561 1.494439418500682 0
3.011182357387871 1.494439418512585 0
3.05716416727421 1.494439418524489 0
3.10314597716055 1.494439418536393 0
3.14912778704689 1.494439418548296 0
3.195109596933231 1.4944394185602 0
3.241091406819571 1.494439418572104 0
3.287073216705911 1.494439418584008 0
3.333055026592252 1.494439418595912 0
3.379036836478591 1.494439418607815 0
3.425018646364932 1.494439418619719 0
3.471000456251272 1.494439418631623 0
3.516982266137612 1.494439418643526 0
3.562964076023954 1.49443941865543 0
3.608945885910293 1.494439418667334 0
3.654927695796635 1.494439418679238 0
3.700909505682975 1.494439418691141 0
3.746891315569315 1.494439418703045 0
3.792873125455656 1.494439418714949 0
3.838854935341996 1.494439418726853 0
3.884836745228336 1.494439418738757 0
3.930818555114677 1.49443941875066 0
3.976800365001017 1.494439418762564 0
4.022782174887357 1.494439418774467 0
4.0687639847737 1.494439418786371 0
4.114745794660038 1.494439418798275 0
4.160727604546379 1.494439418810179 0
4.20670941443272 1.494439418822083 0
4.25269122431906 1.494439418833986 0
4.298673034205401 1.49443941884589 0
4.344654844091743 1.494439418857794 0
4.390636653978082 1.494439418869697 0
4.436618463864423 1.494439418881601 0
4.482600273750762 1.494439418893505 0
4.528582083637103 1.494439418905409 0
4.574563893523444 1.494439418917312 0
4.620545703409785 1.494439418929217 0
4.666527513296125 1.49443941894112 0
4.712509323182465 1.494439418953024 0
4.758491133068808 1.494439418964927 0
4.804472942955146 1.494439418976832 0
4.850454752841486 1.494439418988735 0
4.896436562727828 1.494439419000639 0
4.94241837261417 1.494439419012542 0
4.988400182500509 1.494439419024446 0
5.034381992386848 1.49443941903635 0
5.08036380227319 1.494439419048254 0
5.126345612159531 1.494439419060158 0
5.172327422045871 1.494439419072061 0
5.218309231932213 1.494439419083965 0
5.26429104181855 1.494439419095869 0
5.310272851704892 1.494439419107772 0
5.356254661591233 1.494439419119676 0
5.402236471477573 1.49443941913158 0
5.448218281363914 1.494439419143483 0
5.494200091250255 1.494439419155388 0
5.540181901136597 1.494439419167291 0
5.586163711022934 1.494439419179195 0
5.632145520909276 1.494439419191099 0
5.678127330795616 1.494439419203003 0
5.724109140681957 1.494439419214906 0
5.770090950568298 1.49443941922681 0
5.816072760454638 1.494439419238713 0
5.862054570340977 1.494439419250617 0
5.908036380227321 1.494439419262521 0
5.95401819011366 1.494439419274425 0
0.2146376018202308 1.412096134092852 0
0.2501401711732977 1.411935342336992 0
0.2856427405263636 1.411535858882918 0
0.3211453098794294 1.410924088260813 0
0.3566478792324953 1.41012223129456 0
0.392150448585561 1.409149401711235 0
0.4276530179386266 1.408021823189827 0
0.4631562441208043 1.406753617556181 0
0.4986588134738786 1.405356804782993 0
0.5341613828269576 1.403841500038541 0
0.5696639521800375 1.402216373467063 0
0.6051665215331173 1.40048865018876 0
0.6406690908861972 1.398664044616879 0
0.6761716602392767 1.396747088872273 0
0.7116742295923564 1.394741132783397 0
0.7471767989454322 1.39264821252049 0
0.7826793682984972 1.390469510375948 0
0.8181819376515516 1.388204829301039 0
0.853684507004602 1.385853249735008 0
0.8891870763576528 1.38341266982471 0
0.9246896457107028 1.380879871107507 0
0.9601922150637581 1.378250938881913 0
0.9956947844168271 1.375520815563787 0
1.031197353769906 1.372683563417983 0
1.07720478567933 1.372683563430127 0
1.123212217588811 1.37268356344227 0
1.169219649498275 1.372683563454413 0
1.21522708140768 1.372683563466557 0
1.261234513317032 1.3726835634787 0
1.307241945226447 1.372683563490843 0
1.353249377135928 1.372683563502986 0
1.399256809045408 1.37268356351513 0
1.445264240954888 1.372683563527273 0
1.491271672864369 1.372683563539416 0
1.537279104773849 1.37268356355156 0
1.58328653668333 1.372683563563702 0
1.629293968592799 1.372683563575846 0
1.675301400502212 1.372683563587989 0
1.721308832411569 1.372683563600132 0
1.767316264320914 1.372683563612275 0
1.81332369623026 1.372683563624419 0
1.859331128139605 1.372683563636562 0
1.90533856004895 1.372683563648706 0
1.951345991958296 1.372683563660849 0
1.997353423867642 1.372683563672992 0
2.043360855777053 1.372683563685136 0
2.089368287686533 1.372683563697279 0
2.135375719596013 1.372683563709422 0
2.181383151505494 1.372683563721565 0
2.227390583414975 1.372683563733708 0
2.273398015324455 1.372683563745852 0
2.319405447233935 1.372683563757995 0
2.365412879143416 1.372683563770138 0
2.411420311052895 1.372683563782281 0
2.457427742962376 1.372683563794425 0
2.503435174871856 1.372683563806568 0
2.549442606781337 1.372683563818711 0
2.595450038690817 1.372683563830854 0
2.641457470600297 1.372683563842998 0
2.687464902509777 1.372683563855141 0
2.733472334419258 1.372683563867285 0
2.77947976632874 1.372683563879427 0
2.825487198238219 1.372683563891571 0
2.8714946301477 1.372683563903714 0
2.917502062057181 1.372683563915857 0
2.96350949396669 1.372683563928001 0
3.009516925876257 1.372683563940144 0
3.055524357785852 1.372683563952287 0
3.101531789695448 1.372683563964431 0
3.147539221605044 1.372683563976573 0
3.193546653514639 1.372683563988717 0
3.239554085424236 1.37268356400086 0
3.285561517333832 1.372683564013004 0
3.331568949243427 1.372683564025146 0
3.377576381153022 1.37268356403729 0
3.42358381306262 1.372683564049433 0
3.469591244972215 1.372683564061577 0
3.515598676881811 1.37268356407372 0
3.561606108791408 1.372683564085863 0
3.607613540701003 1.372683564098006 0
3.653620972610599 1.37268356411015 0
3.699628404520195 1.372683564122293 0
3.745635836429793 1.372683564134436 0
3.791643268339389 1.372683564146579 0
3.837650700248983 1.372683564158723 0
3.88365813215858 1.372683564170866 0
3.929665564068176 1.372683564183009 0
3.975672995977771 1.372683564195152 0
4.021680427887369 1.372683564207296 0
4.067687859796965 1.372683564219439 0
4.11369529170656 1.372683564231582 0
4.159702723616157 1.372683564243725 0
4.205710155525752 1.372683564255869 0
4.251717587435349 1.372683564268012 0
4.297725019344945 1.372683564280155 0
4.343732451254541 1.372683564292298 0
4.389739883164137 1.372683564304442 0
4.435747315073733 1.372683564316585 0
4.481754746983329 1.372683564328728 0
4.527762178892925 1.372683564340871 0
4.57376961080252 1.372683564353015 0
4.619777042712117 1.372683564365158 0
4.665784474621712 1.372683564377301 0
4.711791906531309 1.372683564389444 0
4.757799338440905 1.372683564401588 0
4.803806770350502 1.372683564413731 0
4.849814202260099 1.372683564425874 0
4.895821634169694 1.372683564438018 0
4.94182906607929 1.372683564450161 0
4.987836497988885 1.372683564462304 0
5.033843929898482 1.372683564474448 0
5.079851361808078 1.37268356448659 0
5.125858793717673 1.372683564498734 0
5.171866225627272 1.372683564510877 0
5.217873657536867 1.372683564523021 0
5.263881089446462 1.372683564535164 0
5.30988852135606 1.372683564547307 0
5.355895953265655 1.37268356455945 0
5.401903385175251 1.372683564571593 0
5.447910817084847 1.372683564583737 0
5.493918248994444 1.37268356459588 0
5.539925680904039 1.372683564608023 0
5.585933112813635 1.372683564620167 0
5.631940544723232 1.37268356463231 0
5.677947976632828 1.372683564644453 0
5.723955408542423 1.372683564656596 0
5.76996284045202 1.37268356466874 0
5.815970272361618 1.372683564680883 0
5.861977704271212 1.372683564693026 0
5.90798513618081 1.372683564705169 0
5.953992568090403 1.372683564717313 0
0.2221045826821179 1.297877671236955 0
0.2571679164716724 1.297709782854294 0
0.292231250261226 1.297292667993039 0
0.3272945840507797 1.296653896560839 0
0.3623579178403333 1.295816649226313 0
0.3974212516298867 1.294800883310671 0
0.4324845854194403 1.293623538533289 0
0.4675486050275944 1.29229935999403 0
0.5026119388171559 1.290840898173239 0
0.5376752726067214 1.28925871467733 0
0.5727386063962878 1.2875618623118 0
0.6078019401858542 1.285757885081229 0
0.6428652739754204 1.283852749607421 0
0.6779286077649869 1.281851188038705 0
0.7129919415545529 1.279756698049931 0
0.7480552753441154 1.277571405678754 0
0.7831186091336686 1.275296545398652 0
0.8181819429232113 1.272931911464043 0
0.8532452767127511 1.270476543728891 0
0.8883086105022906 1.267928247573682 0
0.9233719442918298 1.265283662487284 0
0.9584352780813732 1.262538700990853 0
0.9934986118709297 1.259688082281182 0
1.028561945660495 1.256725606558144 0
1.074593779496862 1.256725606570478 0
1.120625613333288 1.256725606582812 0
1.166657447169697 1.256725606595146 0
1.212689281006044 1.25672560660748 0
1.258721114842337 1.256725606619814 0
1.304752948678695 1.256725606632148 0
1.35078478251512 1.256725606644482 0
1.396816616351546 1.256725606656816 0
1.442848450187972 1.256725606669151 0
1.488880284024398 1.256725606681485 0
1.534912117860824 1.256725606693819 0
1.58094395169725 1.256725606706154 0
1.626975785533664 1.256725606718487 0
1.673007619370019 1.256725606730821 0
1.719039453206316 1.256725606743156 0
1.765071287042602 1.25672560675549 0
1.811103120878887 1.256725606767824 0
1.857134954715171 1.256725606780158 0
1.903166788551457 1.256725606792492 0
1.949198622387741 1.256725606804826 0
1.995230456224026 1.256725606817161 0
2.041262290060381 1.256725606829495 0
2.087294123896807 1.256725606841829 0
2.133325957733232 1.256725606854163 0
2.179357791569658 1.256725606866497 0
2.225389625406083 1.256725606878832 0
2.27142145924251 1.256725606891166 0
2.317453293078936 1.2567256069035 0
2.363485126915362 1.256725606915834 0
2.409516960751788 1.256725606928168 0
2.455548794588212 1.256725606940503 0
2.501580628424639 1.256725606952836 0
2.547612462261066 1.25672560696517 0
2.593644296097491 1.256725606977505 0
2.639676129933917 1.256725606989839 0
2.685707963770343 1.256725607002173 0
2.731739797606769 1.256725607014507 0
2.777771631443195 1.256725607026842 0
2.823803465279622 1.256725607039176 0
2.869835299116048 1.256725607051509 0
2.915867132952473 1.256725607063844 0
2.961898966788926 1.256725607076178 0
3.007930800625432 1.256725607088512 0
3.053962634461963 1.256725607100846 0
3.099994468298493 1.25672560711318 0
3.146026302135026 1.256725607125515 0
3.192058135971558 1.256725607137849 0
3.238089969808089 1.256725607150183 0
3.284121803644622 1.256725607162517 0
3.330153637481152 1.256725607174851 0
3.376185471317684 1.256725607187185 0
3.422217305154216 1.25672560719952 0
3.468249138990747 1.256725607211854 0
3.514280972827279 1.256725607224188 0
3.560312806663811 1.256725607236522 0
3.606344640500342 1.256725607248856 0
3.652376474336875 1.25672560726119 0
3.698408308173406 1.256725607273525 0
3.744440142009939 1.256725607285859 0
3.79047197584647 1.256725607298193 0
3.836503809683002 1.256725607310527 0
3.882535643519533 1.256725607322861 0
3.928567477356065 1.256725607335195 0
3.974599311192597 1.256725607347529 0
4.02063114502913 1.256725607359864 0
4.066662978865661 1.256725607372198 0
4.112694812702194 1.256725607384532 0
4.158726646538724 1.256725607396866 0
4.204758480375256 1.2567256074092 0
4.250790314211788 1.256725607421534 0
4.296822148048321 1.256725607433869 0
4.342853981884852 1.256725607446203 0
4.388885815721383 1.256725607458537 0
4.434917649557916 1.256725607470871 0
4.480949483394447 1.256725607483205 0
4.52698131723098 1.256725607495539 0
4.573013151067511 1.256725607507873 0
4.619044984904045 1.256725607520208 0
4.665076818740575 1.256725607532542 0
4.711108652577106 1.256725607544876 0
4.757140486413638 1.25672560755721 0
4.803172320250172 1.256725607569544 0
4.849204154086705 1.256725607581878 0
4.895235987923234 1.256725607594213 0
4.941267821759768 1.256725607606547 0
4.987299655596299 1.256725607618881 0
5.033331489432831 1.256725607631215 0
5.079363323269362 1.256725607643549 0
5.125395157105896 1.256725607655883 0
5.171426990942427 1.256725607668218 0
5.217458824778959 1.256725607680552 0
5.263490658615491 1.256725607692886 0
5.309522492452023 1.25672560770522 0
5.355554326288553 1.256725607717554 0
5.401586160125086 1.256725607729888 0
5.447617993961616 1.256725607742222 0
5.493649827798148 1.256725607754557 0
5.539681661634682 1.256725607766891 0
5.585713495471213 1.256725607779225 0
5.631745329307744 1.256725607791559 0
5.677777163144276 1.256725607803893 0
5.72380899698081 1.256725607816227 0
5.769840830817341 1.256725607828562 0
5.815872664653872 1.256725607840896 0
5.861904498490405 1.25672560785323 0
5.907936332326937 1.256725607865564 0
5.953968166163469 1.256725607877898 0
0.229215993044549 1.189098182530693 0
0.2638610072487521 1.188923535455792 0
0.2985060214529544 1.188489628778102 0
0.3331510356571565 1.187825142288573 0
0.3677960498613586 1.18695418984129 0
0.4024410640655608 1.185897532180453 0
0.4370860782697628 1.184672790968661 0
0.4717318059016027 1.18329530490008 0
0.506376820105812 1.181778129700442 0
0.5410218343100253 1.180132252155337 0
0.5756668485142388 1.178367089509554 0
0.6103118627184527 1.176490489467086 0
0.6449568769226662 1.174508658848364 0
0.6796018911268799 1.172426520304072 0
0.7142469053310934 1.170247712315152 0
0.7488919195353039 1.167974446507276 0
0.7835369337395051 1.165608007050186 0
0.8181819479436976 1.163148179915594 0
0.8528269621478869 1.160593966304809 0
0.8874719763520758 1.157943083249396 0
0.9221169905562649 1.155192034953942 0
0.9567620047604579 1.152336569389738 0
0.9914070189646624 1.149371193163991 0
1.026052033168876 1.146289456890873 0
1.072107106935724 1.146289456903353 0
1.118162180702634 1.146289456915832 0
1.164217254469527 1.146289456928312 0
1.210272328236355 1.146289456940792 0
1.256327402003126 1.146289456953271 0
1.302382475769966 1.146289456965751 0
1.348437549536876 1.14628945697823 0
1.394492623303786 1.14628945699071 0
1.440547697070696 1.146289457003189 0
1.486602770837606 1.146289457015669 0
1.532657844604516 1.146289457028148 0
1.578712918371427 1.146289457040628 0
1.624767992138324 1.146289457053107 0
1.67082306590516 1.146289457065587 0
1.716878139671937 1.146289457078067 0
1.7629332134387 1.146289457090546 0
1.808988287205464 1.146289457103026 0
1.855043360972227 1.146289457115505 0
1.901098434738991 1.146289457127985 0
1.947153508505755 1.146289457140464 0
1.993208582272518 1.146289457152944 0
2.039263656039352 1.146289457165424 0
2.085318729806263 1.146289457177903 0
2.131373803573173 1.146289457190383 0
2.177428877340084 1.146289457202862 0
2.223483951106993 1.146289457215342 0
2.269539024873904 1.146289457227821 0
2.315594098640814 1.146289457240301 0
2.361649172407724 1.14628945725278 0
2.407704246174634 1.14628945726526 0
2.453759319941544 1.146289457277739 0
2.499814393708453 1.146289457290219 0
2.545869467475365 1.146289457302699 0
2.591924541242274 1.146289457315178 0
2.637979615009185 1.146289457327658 0
2.684034688776094 1.146289457340138 0
2.730089762543005 1.146289457352617 0
2.776144836309914 1.146289457365096 0
2.822199910076825 1.146289457377576 0
2.868254983843736 1.146289457390055 0
2.914310057610647 1.146289457402535 0
2.96036513137758 1.146289457415015 0
3.006420205144563 1.146289457427494 0
3.052475278911568 1.146289457439974 0
3.098530352678575 1.146289457452454 0
3.144585426445581 1.146289457464933 0
3.190640500212587 1.146289457477413 0
3.236695573979595 1.146289457489892 0
3.282750647746602 1.146289457502372 0
3.328805721513608 1.146289457514851 0
3.374860795280614 1.14628945752733 0
3.42091586904762 1.14628945753981 0
3.466970942814628 1.14628945755229 0
3.513026016581634 1.146289457564769 0
3.559081090348641 1.146289457577249 0
3.605136164115647 1.146289457589728 0
3.651191237882654 1.146289457602208 0
3.697246311649661 1.146289457614688 0
3.743301385416669 1.146289457627167 0
3.789356459183675 1.146289457639647 0
3.835411532950681 1.146289457652126 0
3.881466606717687 1.146289457664606 0
3.927521680484694 1.146289457677085 0
3.973576754251702 1.146289457689565 0
4.019631828018708 1.146289457702044 0
4.065686901785716 1.146289457714524 0
4.111741975552723 1.146289457727003 0
4.157797049319729 1.146289457739483 0
4.203852123086735 1.146289457751962 0
4.249907196853743 1.146289457764442 0
4.295962270620748 1.146289457776922 0
4.342017344387756 1.146289457789401 0
4.388072418154763 1.146289457801881 0
4.434127491921769 1.146289457814361 0
4.480182565688777 1.14628945782684 0
4.526237639455784 1.14628945783932 0
4.57229271322279 1.146289457851799 0
4.618347786989796 1.146289457864279 0
4.664402860756803 1.146289457876758 0
4.71045793452381 1.146289457889238 0
4.756513008290819 1.146289457901717 0
4.802568082057824 1.146289457914197 0
4.848623155824831 1.146289457926676 0
4.894678229591839 1.146289457939156 0
4.940733303358844 1.146289457951635 0
4.986788377125851 1.146289457964115 0
5.032843450892857 1.146289457976595 0
5.078898524659866 1.146289457989074 0
5.124953598426871 1.146289458001553 0
5.171008672193876 1.146289458014033 0
5.217063745960885 1.146289458026513 0
5.26311881972789 1.146289458038992 0
5.309173893494897 1.146289458051472 0
5.355228967261906 1.146289458063951 0
5.401284041028912 1.146289458076431 0
5.447339114795918 1.14628945808891 0
5.493394188562926 1.14628945810139 0
5.539449262329933 1.146289458113869 0
5.585504336096939 1.146289458126349 0
5.631559409863944 1.146289458138829 0
5.677614483630954 1.146289458151309 0
5.723669557397959 1.146289458163788 0
5.769724631164967 1.146289458176267 0
5.815779704931971 1.146289458188747 0
5.861834778698981 1.146289458201227 0
5.907889852465989 1.146289458213706 0
5.953944926232994 1.146289458226186 0
0.2359887648059193 1.085498669666237 0
0.2702353794057453 1.085317585741567 0
0.3044819940055706 1.084867686857745 0
0.3387286086053958 1.084178709837442 0
0.372975223205221 1.083275657282801 0
0.4072218378050459 1.082180055102771 0
0.441468452404871 1.080910174429687 0
0.4757158067266553 1.079481919285624 0
0.5099624213264868 1.077908826582394 0
0.544209035926322 1.076202288038133 0
0.5784556505261574 1.074372067982674 0
0.6127022651259932 1.072426303357542 0
0.6469488797258288 1.070371429743764 0
0.6811954943256644 1.068212551222841 0
0.7154421089254999 1.065953440376755 0
0.7496887235253324 1.063596390343572 0
0.7839353381251566 1.061142732622815 0
0.8181819527249732 1.058592245297896 0
0.8524285673247864 1.055943892758076 0
0.8866751819245995 1.053195307893092 0
0.9209217965244128 1.050342866065356 0
0.9551684111242293 1.047382158532006 0
0.989415025724057 1.044307489433972 0
1.023661640323891 1.041112171684764 0
1.069738847357827 1.041112171697346 0
1.115816054391826 1.041112171709929 0
1.161893261425808 1.041112171722511 0
1.207970468459722 1.041112171735093 0
1.254047675493577 1.041112171747675 0
1.300124882527503 1.041112171760257 0
1.346202089561502 1.04111217177284 0
1.392279296595502 1.041112171785421 0
1.438356503629501 1.041112171798004 0
1.4844337106635 1.041112171810586 0
1.530510917697499 1.041112171823168 0
1.576588124731498 1.041112171835751 0
1.622665331765484 1.041112171848332 0
1.668742538799408 1.041112171860914 0
1.714819745833268 1.041112171873497 0
1.760896952867115 1.041112171886079 0
1.806974159900963 1.041112171898661 0
1.85305136693481 1.041112171911244 0
1.899128573968657 1.041112171923825 0
1.945205781002504 1.041112171936407 0
1.991282988036351 1.04111217194899 0
2.037360195070272 1.041112171961572 0
2.083437402104272 1.041112171974154 0
2.129514609138271 1.041112171986736 0
2.17559181617227 1.041112171999319 0
2.221669023206269 1.041112172011901 0
2.26774623024027 1.041112172024483 0
2.313823437274269 1.041112172037065 0
2.359900644308268 1.041112172049647 0
2.405977851342266 1.041112172062229 0
2.452055058376265 1.041112172074811 0
2.498132265410265 1.041112172087394 0
2.544209472444265 1.041112172099976 0
2.590286679478263 1.041112172112558 0
2.636363886512263 1.04111217212514 0
2.682441093546261 1.041112172137722 0
2.728518300580261 1.041112172150305 0
2.77459550761426 1.041112172162887 0
2.82067271464826 1.041112172175469 0
2.866749921682259 1.041112172188051 0
2.912827128716259 1.041112172200633 0
2.95890433575028 1.041112172213216 0
3.004981542784345 1.041112172225798 0
3.051058749818431 1.04111217223838 0
3.097135956852517 1.041112172250962 0
3.143213163886604 1.041112172263544 0
3.189290370920692 1.041112172276127 0
3.235367577954778 1.041112172288709 0
3.281444784988866 1.041112172301291 0
3.327521992022952 1.041112172313873 0
3.373599199057038 1.041112172326455 0
3.419676406091125 1.041112172339038 0
3.465753613125212 1.041112172351619 0
3.511830820159299 1.041112172364202 0
3.557908027193387 1.041112172376784 0
3.603985234227473 1.041112172389366 0
3.65006244126156 1.041112172401949 0
3.696139648295648 1.041112172414531 0
3.742216855329735 1.041112172427113 0
3.788294062363821 1.041112172439695 0
3.834371269397909 1.041112172452277 0
3.880448476431995 1.04111217246486 0
3.926525683466082 1.041112172477441 0
3.97260289050017 1.041112172490024 0
4.018680097534257 1.041112172502606 0
4.064757304568344 1.041112172515188 0
4.11083451160243 1.04111217252777 0
4.156911718636517 1.041112172540352 0
4.202988925670605 1.041112172552934 0
4.249066132704691 1.041112172565517 0
4.295143339738779 1.041112172578099 0
4.341220546772865 1.041112172590681 0
4.387297753806954 1.041112172603263 0
4.433374960841041 1.041112172615845 0
4.479452167875128 1.041112172628428 0
4.525529374909214 1.04111217264101 0
4.571606581943302 1.041112172653592 0
4.617683788977388 1.041112172666174 0
4.663760996011475 1.041112172678756 0
4.709838203045562 1.041112172691339 0
4.75591541007965 1.04111217270392 0
4.801992617113736 1.041112172716503 0
4.848069824147825 1.041112172729085 0
4.894147031181912 1.041112172741667 0
4.940224238215997 1.041112172754249 0
4.986301445250085 1.041112172766832 0
5.032378652284172 1.041112172779414 0
5.07845585931826 1.041112172791996 0
5.124533066352347 1.041112172804578 0
5.170610273386433 1.04111217281716 0
5.216687480420521 1.041112172829742 0
5.262764687454608 1.041112172842324 0
5.308841894488694 1.041112172854907 0
5.35491910152278 1.041112172867489 0
5.400996308556868 1.041112172880071 0
5.447073515590955 1.041112172892654 0
5.493150722625044 1.041112172905235 0
5.539227929659129 1.041112172917818 0
5.585305136693216 1.0411121729304 0
5.631382343727303 1.041112172942982 0
5.677459550761393 1.041112172955564 0
5.723536757795477 1.041112172968146 0
5.769613964829565 1.041112172980729 0
5.815691171863652 1.041112172993311 0
5.861768378897738 1.041112173005893 0
5.907845585931827 1.041112173018475 0
5.953922792965913 1.041112173031057 0
0.242439023596244 0.9868324673973714 0
0.2763062100031839 0.9866452531395888 0
0.3101733964101233 0.986180123583306 0
0.3440405828170626 0.9854678222480605 0
0.3779077692240018 0.9845341981627166 0
0.4117749556309411 0.9834015059645518 0
0.4456421420378801 0.9820886353285049 0
0.4795100932089889 0.98061202868418 0
0.513377279615934 0.9789856812158431 0
0.5472444660228825 0.9772213702916754 0
0.5811116524298308 0.975329190798689 0
0.6149788388367796 0.9733175551427273 0
0.6488460252437283 0.9711931167720484 0
0.6827132116506769 0.9689611525594088 0
0.7165803980576254 0.9666255628020628 0
0.7504475844645714 0.9641887182689305 0
0.7843147708715099 0.9616519955355129 0
0.8181819572784409 0.9590151651725604 0
0.8520491436853694 0.9562771565102386 0
0.8859163300922978 0.9534355223032107 0
0.9197835164992261 0.950486515207056 0
0.9536507029061581 0.9474255772273358 0
0.9875178893130991 0.9442468196799604 0
1.021385075720047 0.9409433290968545 0
1.067483362055873 0.9409433291095015 0
1.113581648391766 0.9409433291221486 0
1.159679934727639 0.9409433291347959 0
1.205778221063444 0.9409433291474433 0
1.251876507399187 0.9409433291600906 0
1.297974793735003 0.9409433291727376 0
1.344073080070896 0.9409433291853848 0
1.390171366406788 0.9409433291980323 0
1.43626965274268 0.9409433292106792 0
1.482367939078573 0.9409433292233268 0
1.528466225414465 0.9409433292359739 0
1.574564511750358 0.9409433292486209 0
1.620662798086236 0.9409433292612681 0
1.66676108442205 0.9409433292739156 0
1.712859370757799 0.9409433292865628 0
1.758957657093534 0.94094332929921 0
1.805055943429269 0.9409433293118572 0
1.851154229765004 0.9409433293245044 0
1.89725251610074 0.9409433293371516 0
1.943350802436475 0.9409433293497989 0
1.98944908877221 0.9409433293624458 0
2.035547375108021 0.9409433293750933 0
2.081645661443914 0.9409433293877405 0
2.127743947779806 0.9409433294003877 0
2.173842234115699 0.9409433294130349 0
2.219940520451591 0.9409433294256819 0
2.266038806787485 0.9409433294383293 0
2.312137093123376 0.9409433294509766 0
2.358235379459269 0.9409433294636236 0
2.404333665795161 0.940943329476271 0
2.450431952131053 0.9409433294889182 0
2.496530238466945 0.9409433295015655 0
2.542628524802838 0.9409433295142124 0
2.58872681113873 0.9409433295268599 0
2.634825097474622 0.9409433295395069 0
2.680923383810515 0.9409433295521542 0
2.727021670146407 0.9409433295648013 0
2.773119956482299 0.9409433295774489 0
2.819218242818192 0.940943329590096 0
2.865316529154085 0.940943329602743 0
2.911414815489977 0.9409433296153902 0
2.957513101825889 0.9409433296280376 0
3.00361138816184 0.9409433296406846 0
3.049709674497812 0.9409433296533318 0
3.095807960833783 0.940943329665979 0
3.141906247169754 0.9409433296786266 0
3.188004533505726 0.9409433296912738 0
3.234102819841698 0.9409433297039208 0
3.280201106177669 0.9409433297165682 0
3.326299392513641 0.9409433297292152 0
3.372397678849612 0.9409433297418625 0
3.418495965185584 0.9409433297545098 0
3.464594251521555 0.940943329767157 0
3.510692537857526 0.9409433297798042 0
3.556790824193498 0.9409433297924517 0
3.602889110529469 0.9409433298050986 0
3.648987396865441 0.9409433298177456 0
3.695085683201413 0.9409433298303931 0
3.741183969537385 0.9409433298430403 0
3.787282255873357 0.9409433298556875 0
3.833380542209329 0.9409433298683347 0
3.8794788285453 0.9409433298809819 0
3.925577114881271 0.9409433298936289 0
3.971675401217245 0.9409433299062764 0
4.017773687553214 0.9409433299189236 0
4.063871973889189 0.9409433299315708 0
4.10997026022516 0.9409433299442178 0
4.156068546561131 0.9409433299568652 0
4.202166832897102 0.9409433299695124 0
4.248265119233075 0.9409433299821595 0
4.294363405569046 0.9409433299948068 0
4.340461691905017 0.9409433300074542 0
4.386559978240989 0.9409433300201014 0
4.432658264576961 0.9409433300327487 0
4.478756550912935 0.9409433300453957 0
4.524854837248904 0.9409433300580429 0
4.570953123584875 0.9409433300706901 0
4.617051409920848 0.9409433300833373 0
4.66314969625682 0.9409433300959846 0
4.709247982592791 0.9409433301086318 0
4.755346268928761 0.9409433301212791 0
4.801444555264736 0.9409433301339263 0
4.847542841600708 0.9409433301465735 0
4.893641127936679 0.9409433301592209 0
4.93973941427265 0.9409433301718679 0
4.985837700608622 0.9409433301845151 0
5.031935986944593 0.9409433301971624 0
5.078034273280566 0.9409433302098094 0
5.124132559616537 0.9409433302224568 0
5.170230845952509 0.9409433302351038 0
5.21632913228848 0.9409433302477512 0
5.26242741862445 0.9409433302603983 0
5.308525704960424 0.9409433302730458 0
5.354623991296396 0.9409433302856928 0
5.400722277632366 0.9409433302983402 0
5.446820563968339 0.9409433303109872 0
5.492918850304312 0.9409433303236344 0
5.539017136640283 0.9409433303362816 0
5.585115422976255 0.9409433303489289 0
5.631213709312226 0.9409433303615761 0
5.677311995648197 0.9409433303742233 0
5.723410281984169 0.9409433303868705 0
5.769508568320141 0.9409433303995181 0
5.815606854656114 0.940943330412165 0
5.861705140992084 0.9409433304248123 0
5.907803427328058 0.9409433304374595 0
5.953901713664029 0.9409433304501067 0
0.248582127187661 0.892864655994302 0
0.2820879534119759 0.8926716033240224 0
0.3155937796362905 0.8921919683654125 0
0.3490996058606049 0.8914574533969283 0
0.3826054320849192 0.8904947135681177 0
0.4161112583092335 0.8893266975432368 0
0.449617084533548 0.8879728840854163 0
0.4831236993717557 0.8864502283933331 0
0.5166295255960752 0.8847731621012096 0
0.5501353518203979 0.8829538298629819 0
0.5836411780447206 0.8810026413820237 0
0.6171470042690436 0.8789282714111455 0
0.6506528304933661 0.8767375808912086 0
0.6841586567176888 0.8744360112580664 0
0.7176644829420114 0.8720275844425681 0
0.7511703091663315 0.8695147451477784 0
0.7846761353906452 0.8668989128787032 0
0.8181819616149523 0.8641798510511753 0
0.8516877878392567 0.8613564556057457 0
0.8851936140635617 0.85842620297796 0
0.9186994402878657 0.8553852289597487 0
0.952205266512173 0.8522288334123154 0
0.9857110927364889 0.8489509440086924 0
1.019216918960811 0.8455444316792973 0
1.065335280822189 0.8455444316919746 0
1.111453642683635 0.8455444317046518 0
1.157572004545063 0.8455444317173287 0
1.203690366406418 0.8455444317300062 0
1.249808728267711 0.8455444317426835 0
1.295927090129078 0.8455444317553605 0
1.342045451990524 0.8455444317680375 0
1.388163813851971 0.845544431780715 0
1.434282175713417 0.845544431793392 0
1.480400537574863 0.8455444318060692 0
1.526518899436309 0.8455444318187464 0
1.572637261297755 0.8455444318314238 0
1.618755623159188 0.8455444318441009 0
1.664873985020553 0.8455444318567782 0
1.710992346881852 0.8455444318694552 0
1.757110708743135 0.8455444318821322 0
1.803229070604419 0.8455444318948097 0
1.849347432465703 0.8455444319074866 0
1.895465794326988 0.845544431920164 0
1.941584156188272 0.8455444319328411 0
1.987702518049556 0.8455444319455184 0
2.033820879910919 0.8455444319581955 0
2.079939241772365 0.8455444319708725 0
2.126057603633811 0.8455444319835503 0
2.172175965495259 0.8455444319962273 0
2.218294327356705 0.8455444320089044 0
2.26441268921815 0.8455444320215815 0
2.310531051079597 0.8455444320342587 0
2.356649412941043 0.8455444320469361 0
2.402767774802489 0.8455444320596128 0
2.448886136663935 0.8455444320722904 0
2.495004498525381 0.8455444320849674 0
2.541122860386828 0.8455444320976448 0
2.587241222248274 0.845544432110322 0
2.63335958410972 0.845544432122999 0
2.679477945971166 0.8455444321356764 0
2.725596307832612 0.8455444321483534 0
2.771714669694059 0.8455444321610306 0
2.817833031555505 0.845544432173708 0
2.863951393416951 0.8455444321863852 0
2.910069755278397 0.8455444321990622 0
2.956188117139861 0.8455444322117396 0
3.002306479001362 0.8455444322244166 0
3.048424840862878 0.8455444322370939 0
3.094543202724395 0.845544432249771 0
3.140661564585912 0.8455444322624482 0
3.186779926447429 0.8455444322751255 0
3.232898288308947 0.8455444322878027 0
3.279016650170465 0.8455444323004799 0
3.325135012031982 0.8455444323131569 0
3.3712533738935 0.8455444323258341 0
3.417371735755017 0.8455444323385116 0
3.463490097616534 0.8455444323511886 0
3.50960845947805 0.8455444323638659 0
3.555726821339569 0.8455444323765431 0
3.601845183201086 0.8455444323892201 0
3.647963545062604 0.8455444324018973 0
3.694081906924121 0.8455444324145746 0
3.740200268785639 0.8455444324272516 0
3.786318630647157 0.8455444324399289 0
3.832436992508674 0.8455444324526062 0
3.878555354370191 0.8455444324652834 0
3.924673716231709 0.8455444324779606 0
3.970792078093227 0.8455444324906376 0
4.016910439954744 0.845544432503315 0
4.063028801816262 0.8455444325159922 0
4.10914716367778 0.8455444325286694 0
4.155265525539297 0.8455444325413468 0
4.201383887400814 0.8455444325540236 0
4.247502249262332 0.845544432566701 0
4.293620611123849 0.8455444325793782 0
4.339738972985366 0.8455444325920551 0
4.385857334846886 0.8455444326047323 0
4.431975696708403 0.8455444326174096 0
4.478094058569919 0.8455444326300869 0
4.524212420431438 0.845544432642764 0
4.570330782292954 0.8455444326554413 0
4.616449144154472 0.8455444326681185 0
4.662567506015989 0.8455444326807957 0
4.708685867877506 0.845544432693473 0
4.754804229739025 0.8455444327061502 0
4.800922591600542 0.8455444327188272 0
4.847040953462062 0.8455444327315047 0
4.89315931532358 0.8455444327441816 0
4.939277677185094 0.8455444327568586 0
4.985396039046615 0.8455444327695361 0
5.031514400908131 0.845544432782213 0
5.077632762769648 0.8455444327948903 0
5.123751124631166 0.8455444328075675 0
5.169869486492683 0.8455444328202447 0
5.215987848354201 0.845544432832922 0
5.26210621021572 0.8455444328455992 0
5.308224572077236 0.8455444328582764 0
5.354342933938755 0.8455444328709536 0
5.400461295800271 0.8455444328836308 0
5.44657965766179 0.8455444328963081 0
5.492698019523308 0.8455444329089853 0
5.538816381384825 0.8455444329216626 0
5.584934743246342 0.8455444329343395 0
5.63105310510786 0.8455444329470168 0
5.677171466969378 0.8455444329596939 0
5.723289828830894 0.8455444329723709 0
5.769408190692412 0.8455444329850482 0
5.815526552553928 0.8455444329977253 0
5.861644914415446 0.8455444330104026 0
5.907763276276967 0.8455444330230799 0
5.953881638138483 0.845544433035757 0
0.2544327020174006 0.8033715025711072 0
0.2875943756879591 0.8031728895079669 0
0.3207560493585171 0.8026794398804943 0
0.3539177230290749 0.8019237690708753 0
0.3870793966996328 0.8009332999626388 0
0.4202410703701906 0.7997316421981138 0
0.4534027440407483 0.7983388355768019 0
0.4865652290392228 0.7967723236488775 0
0.5197269027097851 0.7950469537151861 0
0.5528885763803502 0.7931752202256194 0
0.5860502500509154 0.791167832708656 0
0.6192119237214809 0.7890337157713621 0
0.652373597392046 0.7867799279665986 0
0.6855352710626114 0.7844120674569792 0
0.7186969447331766 0.7819342720148709 0
0.7518586184037396 0.7793490567568107 0
0.7850202920742965 0.776657882073045 0
0.8181819657448479 0.7738605045652003 0
0.8513436394153969 0.7709557883741948 0
0.884505313085946 0.7679411372507008 0
0.9176669867564946 0.7648125756879348 0
0.9508286604270462 0.7615652681715234 0
0.9839903340976051 0.75819296747652 0
1.017152007768169 0.7546883391985735 0
1.063289489177631 0.7546883392112498 0
1.109426970587162 0.7546883392239261 0
1.155564451996674 0.7546883392366023 0
1.201701933406111 0.7546883392492787 0
1.247839414815485 0.7546883392619547 0
1.293976896224936 0.7546883392746309 0
1.340114377634467 0.7546883392873073 0
1.386251859043999 0.7546883392999835 0
1.43238934045353 0.7546883393126597 0
1.478526821863062 0.7546883393253357 0
1.524664303272593 0.7546883393380119 0
1.570801784682124 0.7546883393506885 0
1.616939266091641 0.7546883393633645 0
1.663076747501089 0.7546883393760407 0
1.709214228910468 0.754688339388717 0
1.755351710319833 0.7546883394013937 0
1.801489191729198 0.7546883394140695 0
1.847626673138562 0.7546883394267458 0
1.893764154547927 0.7546883394394217 0
1.939901635957291 0.7546883394520982 0
1.986039117366655 0.7546883394647744 0
2.032176598776101 0.7546883394774508 0
2.078314080185633 0.7546883394901271 0
2.124451561595164 0.7546883395028032 0
2.170589043004695 0.7546883395154795 0
2.216726524414227 0.7546883395281558 0
2.262864005823759 0.7546883395408321 0
2.30900148723329 0.7546883395535083 0
2.355138968642821 0.7546883395661843 0
2.401276450052353 0.7546883395788607 0
2.447413931461884 0.7546883395915371 0
2.493551412871415 0.7546883396042132 0
2.539688894280947 0.7546883396168895 0
2.585826375690478 0.7546883396295656 0
2.631963857100009 0.7546883396422417 0
2.67810133850954 0.7546883396549182 0
2.724238819919072 0.7546883396675945 0
2.770376301328603 0.7546883396802706 0
2.816513782738135 0.7546883396929468 0
2.862651264147666 0.7546883397056232 0
2.908788745557198 0.7546883397182995 0
2.954926226966744 0.7546883397309756 0
3.001063708376324 0.7546883397436518 0
3.047201189785918 0.7546883397563282 0
3.093338671195513 0.7546883397690042 0
3.139476152605107 0.7546883397816806 0
3.185613634014702 0.7546883397943569 0
3.231751115424297 0.754688339807033 0
3.277888596833892 0.7546883398197092 0
3.324026078243487 0.7546883398323854 0
3.370163559653082 0.7546883398450618 0
3.416301041062676 0.7546883398577382 0
3.462438522472271 0.7546883398704142 0
3.508576003881866 0.7546883398830906 0
3.554713485291461 0.7546883398957668 0
3.600850966701056 0.754688339908443 0
3.64698844811065 0.7546883399211194 0
3.693125929520247 0.7546883399337954 0
3.739263410929842 0.7546883399464718 0
3.785400892339438 0.7546883399591482 0
3.831538373749032 0.7546883399718242 0
3.877675855158627 0.7546883399845004 0
3.923813336568222 0.7546883399971768 0
3.969950817977817 0.754688340009853 0
4.016088299387413 0.7546883400225295 0
4.062225780797009 0.7546883400352054 0
4.108363262206603 0.7546883400478819 0
4.154500743616198 0.7546883400605577 0
4.200638225025791 0.7546883400732342 0
4.246775706435388 0.7546883400859106 0
4.292913187844983 0.7546883400985867 0
4.339050669254577 0.7546883401112631 0
4.385188150664173 0.7546883401239391 0
4.431325632073768 0.7546883401366153 0
4.477463113483362 0.7546883401492918 0
4.523600594892958 0.754688340161968 0
4.569738076302551 0.7546883401746441 0
4.615875557712149 0.7546883401873203 0
4.662013039121744 0.7546883401999965 0
4.708150520531339 0.7546883402126729 0
4.754288001940933 0.7546883402253491 0
4.800425483350529 0.7546883402380253 0
4.846562964760125 0.7546883402507018 0
4.892700446169719 0.7546883402633777 0
4.938837927579313 0.7546883402760542 0
4.984975408988909 0.7546883402887301 0
5.031112890398504 0.7546883403014065 0
5.077250371808097 0.7546883403140827 0
5.123387853217693 0.7546883403267589 0
5.16952533462729 0.7546883403394353 0
5.215662816036883 0.7546883403521115 0
5.261800297446478 0.7546883403647877 0
5.307937778856075 0.7546883403774641 0
5.354075260265669 0.7546883403901401 0
5.400212741675264 0.7546883404028165 0
5.446350223084858 0.7546883404154929 0
5.492487704494453 0.7546883404281689 0
5.538625185904049 0.7546883404408453 0
5.584762667313644 0.7546883404535216 0
5.63090014872324 0.7546883404661977 0
5.677037630132835 0.7546883404788742 0
5.72317511154243 0.7546883404915501 0
5.769312592952026 0.7546883405042265 0
5.815450074361618 0.7546883405169027 0
5.861587555771212 0.7546883405295789 0
5.907725037180811 0.7546883405422553 0
5.953862518590405 0.7546883405549315 0
0.2600046780201838 0.7181399282729048 0
0.2928385873553269 0.7179360195975164 0
0.3256724966904696 0.7174294131425918 0
0.3585064060256122 0.7166535939129119 0
0.3913403153607548 0.7156367159672231 0
0.4241742246958973 0.7144030184507781 0
0.4570081340310397 0.7129730754834295 0
0.4898428763265017 0.7113647957120134 0
0.5226767856616481 0.7095934223103472 0
0.5555106949967969 0.7076717828673275 0
0.588344604331946 0.7056108724591513 0
0.6211785136670954 0.7034198536493156 0
0.6540124230022445 0.7011059731925861 0
0.6868463323373935 0.6986749785151571 0
0.7196802416725421 0.69613111771465 0
0.7525141510076891 0.6934769729680506 0
0.7853480603428311 0.6907140436039306 0
0.8181819696779679 0.6878420797341949 0
0.8510158790131024 0.6848599152143988 0
0.8838497883482372 0.681764884571525 0
0.9166836976833714 0.6785529063000157 0
0.9495176070185085 0.6752190159563762 0
0.9823515163536514 0.6717567997461588 0
1.0151854256888 0.6681587277080893 0
1.061341116191591 0.6681587277207353 0
1.107496806694455 0.6681587277333814 0
1.153652497197299 0.6681587277460275 0
1.199808187700067 0.6681587277586735 0
1.245963878202769 0.6681587277713199 0
1.292119568705549 0.6681587277839659 0
1.338275259208413 0.6681587277966123 0
1.384430949711277 0.6681587278092582 0
1.43058664021414 0.6681587278219046 0
1.476742330717004 0.6681587278345507 0
1.522898021219868 0.6681587278471967 0
1.569053711722732 0.6681587278598429 0
1.615209402225581 0.6681587278724889 0
1.661365092728359 0.6681587278851351 0
1.707520783231066 0.6681587278977812 0
1.753676473733758 0.6681587279104273 0
1.799832164236451 0.6681587279230735 0
1.845987854739144 0.6681587279357198 0
1.892143545241837 0.6681587279483658 0
1.938299235744529 0.6681587279610122 0
1.984454926247222 0.6681587279736583 0
2.030610616749997 0.6681587279863044 0
2.076766307252861 0.6681587279989504 0
2.122921997755724 0.6681587280115966 0
2.169077688258588 0.6681587280242427 0
2.215233378761452 0.6681587280368889 0
2.261389069264315 0.668158728049535 0
2.30754475976718 0.6681587280621814 0
2.353700450270043 0.6681587280748276 0
2.399856140772908 0.6681587280874737 0
2.44601183127577 0.6681587281001199 0
2.492167521778634 0.668158728112766 0
2.538323212281499 0.668158728125412 0
2.584478902784362 0.668158728138058 0
2.630634593287227 0.6681587281507042 0
2.67679028379009 0.6681587281633505 0
2.722945974292953 0.6681587281759966 0
2.769101664795817 0.6681587281886427 0
2.815257355298681 0.6681587282012889 0
2.861413045801545 0.6681587282139352 0
2.907568736304408 0.6681587282265813 0
2.953724426807286 0.6681587282392273 0
2.999880117310191 0.6681587282518736 0
3.046035807813111 0.6681587282645196 0
3.092191498316031 0.6681587282771659 0
3.138347188818952 0.6681587282898118 0
3.184502879321871 0.6681587283024581 0
3.23065856982479 0.6681587283151041 0
3.276814260327711 0.6681587283277506 0
3.322969950830631 0.6681587283403965 0
3.369125641333551 0.6681587283530428 0
3.415281331836471 0.6681587283656887 0
3.461437022339391 0.668158728378335 0
3.50759271284231 0.6681587283909812 0
3.553748403345231 0.6681587284036274 0
3.599904093848151 0.6681587284162736 0
3.64605978435107 0.6681587284289197 0
3.692215474853991 0.6681587284415658 0
3.738371165356911 0.668158728454212 0
3.784526855859832 0.6681587284668581 0
3.830682546362751 0.6681587284795043 0
3.876838236865671 0.6681587284921504 0
3.922993927368592 0.6681587285047965 0
3.969149617871513 0.6681587285174426 0
4.015305308374431 0.6681587285300888 0
4.061460998877354 0.6681587285427349 0
4.107616689380273 0.6681587285553812 0
4.153772379883192 0.6681587285680273 0
4.199928070386115 0.6681587285806734 0
4.246083760889034 0.6681587285933196 0
4.292239451391954 0.6681587286059658 0
4.338395141894872 0.6681587286186119 0
4.384550832397794 0.668158728631258 0
4.430706522900715 0.6681587286439041 0
4.476862213403633 0.6681587286565502 0
4.523017903906554 0.6681587286691967 0
4.569173594409474 0.6681587286818426 0
4.615329284912396 0.6681587286944887 0
4.661484975415315 0.6681587287071349 0
4.707640665918235 0.6681587287197812 0
4.753796356421156 0.6681587287324272 0
4.799952046924075 0.6681587287450735 0
4.846107737426998 0.6681587287577194 0
4.892263427929916 0.6681587287703656 0
4.938419118432837 0.6681587287830117 0
4.984574808935757 0.6681587287956581 0
5.030730499438675 0.6681587288083041 0
5.076886189941597 0.6681587288209504 0
5.123041880444516 0.6681587288335963 0
5.169197570947438 0.6681587288462426 0
5.215353261450355 0.6681587288588886 0
5.261508951953277 0.6681587288715349 0
5.307664642456198 0.6681587288841809 0
5.353820332959119 0.6681587288968273 0
5.399976023462036 0.6681587289094735 0
5.446131713964958 0.6681587289221196 0
5.49228740446788 0.6681587289347655 0
5.5384430949708 0.6681587289474118 0
5.584598785473718 0.668158728960058 0
5.630754475976638 0.6681587289727041 0
5.676910166479558 0.6681587289853502 0
5.723065856982479 0.6681587289979963 0
5.769221547485399 0.6681587290106427 0
5.81537723798832 0.6681587290232888 0
5.861532928491238 0.6681587290359349 0
5.907688618994162 0.668158729048581 0
5.953844309497079 0.6681587290612272 0
0.2653113218156851 0.6369670006247873 0
0.2978330746418834 0.6367580485091558 0
0.3303548274680814 0.636238911742389 0
0.3628765802942793 0.6354439035412602 0
0.3953983331204771 0.6344018743218641 0
0.4279200859466749 0.6331376627560448 0
0.4604418387728727 0.6316723518401778 0
0.4929644451616778 0.6300242931702995 0
0.5254861979878793 0.6282091069421055 0
0.5580079508140827 0.6262399380197335 0
0.5905297036402861 0.6241280534295862 0
0.62305145646649 0.6218828423603336 0
0.6555732092926934 0.6195117308066505 0
0.688094962118897 0.6170206083505209 0
0.7206167149451002 0.6144138281612365 0
0.753138467771302 0.6116940362828772 0
0.7856602205974992 0.6088627691281348 0
0.8181819734236916 0.6059197706282267 0
0.8507037262498824 0.6028638457955047 0
0.883225479076073 0.5996922632296285 0
0.9157472319022639 0.5964008404738271 0
0.9482689847284562 0.5929844902949679 0
0.9807907375546552 0.5894366402609814 0
1.013312490380858 0.5857495741659072 0
1.059485522877244 0.585749574178498 0
1.105658555373705 0.5857495741910888 0
1.151831587870145 0.5857495742036793 0
1.198004620366506 0.5857495742162701 0
1.244177652862801 0.5857495742288608 0
1.290350685359177 0.5857495742414516 0
1.336523717855637 0.5857495742540423 0
1.382696750352097 0.585749574266633 0
1.428869782848558 0.5857495742792236 0
1.475042815345019 0.5857495742918142 0
1.521215847841479 0.585749574304405 0
1.567388880337939 0.5857495743169958 0
1.613561912834385 0.5857495743295865 0
1.659734945330757 0.5857495743421772 0
1.705907977827058 0.585749574354768 0
1.752081010323342 0.5857495743673586 0
1.798254042819627 0.5857495743799493 0
1.844427075315913 0.5857495743925401 0
1.890600107812198 0.5857495744051308 0
1.936773140308483 0.5857495744177215 0
1.982946172804767 0.5857495744303122 0
2.029119205301138 0.585749574442903 0
2.075292237797599 0.5857495744554938 0
2.121465270294058 0.5857495744680844 0
2.16763830279052 0.585749574480675 0
2.213811335286979 0.5857495744932657 0
2.259984367783441 0.5857495745058566 0
2.306157400279901 0.5857495745184471 0
2.352330432776361 0.5857495745310379 0
2.398503465272821 0.5857495745436285 0
2.444676497769281 0.5857495745562193 0
2.490849530265743 0.58574957456881 0
2.537022562762203 0.5857495745814008 0
2.583195595258664 0.5857495745939914 0
2.629368627755124 0.5857495746065822 0
2.675541660251584 0.5857495746191728 0
2.721714692748044 0.5857495746317636 0
2.767887725244504 0.5857495746443544 0
2.814060757740965 0.585749574656945 0
2.860233790237426 0.5857495746695358 0
2.906406822733886 0.5857495746821264 0
2.952579855230359 0.5857495746947172 0
2.998752887726857 0.5857495747073078 0
3.044925920223366 0.5857495747198986 0
3.091098952719875 0.5857495747324895 0
3.137271985216385 0.58574957474508 0
3.183445017712895 0.5857495747576709 0
3.229618050209405 0.5857495747702613 0
3.275791082705914 0.5857495747828523 0
3.321964115202424 0.5857495747954428 0
3.368137147698933 0.5857495748080337 0
3.414310180195443 0.5857495748206243 0
3.460483212691953 0.5857495748332149 0
3.506656245188462 0.5857495748458059 0
3.552829277684973 0.5857495748583964 0
3.599002310181482 0.5857495748709871 0
3.645175342677992 0.5857495748835778 0
3.691348375174502 0.5857495748961685 0
3.737521407671013 0.5857495749087593 0
3.783694440167522 0.58574957492135 0
3.829867472664032 0.5857495749339408 0
3.876040505160541 0.5857495749465315 0
3.922213537657052 0.5857495749591222 0
3.968386570153562 0.5857495749717129 0
4.014559602650072 0.5857495749843036 0
4.060732635146582 0.5857495749968944 0
4.106905667643091 0.5857495750094849 0
4.153078700139602 0.5857495750220758 0
4.19925173263611 0.5857495750346665 0
4.245424765132621 0.585749575047257 0
4.291597797629132 0.585749575059848 0
4.33777083012564 0.5857495750724387 0
4.38394386262215 0.5857495750850292 0
4.430116895118661 0.5857495750976199 0
4.476289927615172 0.5857495751102106 0
4.522462960111681 0.5857495751228017 0
4.568635992608192 0.5857495751353921 0
4.614809025104702 0.5857495751479829 0
4.660982057601212 0.5857495751605736 0
4.707155090097722 0.5857495751731643 0
4.753328122594231 0.585749575185755 0
4.799501155090741 0.5857495751983457 0
4.845674187587251 0.5857495752109364 0
4.891847220083761 0.5857495752235271 0
4.938020252580269 0.5857495752361178 0
4.984193285076781 0.5857495752487085 0
5.03036631757329 0.5857495752612993 0
5.076539350069799 0.58574957527389 0
5.122712382566309 0.5857495752864808 0
5.16888541506282 0.5857495752990716 0
5.215058447559331 0.5857495753116622 0
5.261231480055841 0.585749575324253 0
5.307404512552351 0.5857495753368436 0
5.353577545048861 0.5857495753494342 0
5.399750577545371 0.5857495753620251 0
5.445923610041881 0.5857495753746156 0
5.492096642538391 0.5857495753872066 0
5.538269675034902 0.585749575399797 0
5.584442707531408 0.585749575412388 0
5.63061574002792 0.5857495754249785 0
5.676788772524432 0.5857495754375694 0
5.72296180502094 0.58574957545016 0
5.769134837517449 0.5857495754627506 0
5.815307870013959 0.5857495754753415 0
5.86148090251047 0.5857495754879321 0
5.907653935006979 0.5857495755005229 0
5.95382696750349 0.5857495755131135 0
0.2703652683394119 0.5596594496909316 0
0.3025897292492747 0.5594456942988071 0
0.3348141901591378 0.5589146239015687 0
0.3670386510690002 0.5581013404893262 0
0.3992631119788629 0.557035357675654 0
0.4314875728887254 0.5557420851101089 0
0.463712033798588 0.5542430904333795 0
0.495937367892285 0.5525571470978877 0
0.5281618288021505 0.5507002343677873 0
0.560386289712018 0.5486857992741151 0
0.5926107506218853 0.5465253678434739 0
0.624835211531753 0.5442285450980334 0
0.6570596724416202 0.5418029277371447 0
0.6892841333514879 0.5392545407292604 0
0.7215085942613551 0.5365878373119306 0
0.753733055171221 0.5338055243550399 0
0.7859575160810828 0.5309091735894887 0
0.8181819769909406 0.5278985230601273 0
0.850406437900797 0.524772350309588 0
0.8826308988106535 0.5215278611496046 0
0.9148553597205098 0.5181607769793916 0
0.9470798206303677 0.5146658936233022 0
0.9793042815402309 0.5110364875658182 0
1.011528742450097 0.507264665225084 0
1.057718291131031 0.5072646652375945 0
1.10390783981204 0.5072646652501052 0
1.150097388493028 0.5072646652626157 0
1.196286937173936 0.5072646652751263 0
1.242476485854775 0.5072646652876368 0
1.288666034535697 0.5072646653001474 0
1.334855583216706 0.507264665312658 0
1.381045131897714 0.5072646653251682 0
1.427234680578724 0.5072646653376789 0
1.473424229259733 0.5072646653501894 0
1.519613777940741 0.5072646653626998 0
1.56580332662175 0.5072646653752104 0
1.611992875302745 0.5072646653877211 0
1.658182423983664 0.5072646654002316 0
1.704371972664508 0.507264665412742 0
1.750561521345338 0.5072646654252527 0
1.796751070026168 0.5072646654377632 0
1.842940618706997 0.5072646654502738 0
1.889130167387827 0.5072646654627843 0
1.935319716068655 0.5072646654752947 0
1.981509264749486 0.5072646654878054 0
2.027698813430402 0.5072646655003158 0
2.073888362111411 0.5072646655128265 0
2.120077910792419 0.507264665525337 0
2.166267459473429 0.5072646655378474 0
2.212457008154438 0.5072646655503581 0
2.258646556835448 0.5072646655628685 0
2.304836105516455 0.507264665575379 0
2.351025654197465 0.5072646655878896 0
2.397215202878475 0.5072646656004002 0
2.443404751559482 0.5072646656129106 0
2.489594300240491 0.5072646656254212 0
2.535783848921501 0.5072646656379318 0
2.58197339760251 0.5072646656504423 0
2.628162946283518 0.5072646656629529 0
2.674352494964527 0.5072646656754634 0
2.720542043645536 0.5072646656879739 0
2.766731592326545 0.5072646657004845 0
2.812921141007554 0.507264665712995 0
2.859110689688563 0.5072646657255054 0
2.905300238369573 0.5072646657380162 0
2.951489787050591 0.5072646657505266 0
2.997679335731632 0.5072646657630373 0
3.043868884412684 0.5072646657755479 0
3.090058433093735 0.5072646657880582 0
3.136247981774786 0.5072646658005686 0
3.182437530455839 0.5072646658130793 0
3.22862707913689 0.5072646658255897 0
3.274816627817942 0.5072646658381004 0
3.321006176498993 0.5072646658506109 0
3.367195725180045 0.5072646658631214 0
3.413385273861097 0.507264665875632 0
3.459574822542148 0.5072646658881426 0
3.5057643712232 0.507264665900653 0
3.551953919904251 0.5072646659131634 0
3.598143468585304 0.5072646659256741 0
3.644333017266355 0.5072646659381845 0
3.690522565947407 0.5072646659506951 0
3.736712114628459 0.5072646659632055 0
3.782901663309511 0.5072646659757162 0
3.829091211990562 0.5072646659882267 0
3.875280760671614 0.5072646660007374 0
3.921470309352666 0.5072646660132478 0
3.967659858033718 0.5072646660257583 0
4.01384940671477 0.5072646660382688 0
4.060038955395823 0.5072646660507795 0
4.106228504076873 0.5072646660632899 0
4.152418052757925 0.5072646660758006 0
4.198607601438977 0.5072646660883111 0
4.244797150120029 0.5072646661008215 0
4.29098669880108 0.5072646661133322 0
4.337176247482132 0.5072646661258429 0
4.383365796163185 0.5072646661383532 0
4.429555344844236 0.5072646661508636 0
4.475744893525289 0.5072646661633743 0
4.521934442206343 0.5072646661758846 0
4.568123990887391 0.5072646661883953 0
4.614313539568445 0.5072646662009059 0
4.660503088249497 0.5072646662134164 0
4.706692636930548 0.507264666225927 0
4.7528821856116 0.5072646662384376 0
4.799071734292653 0.507264666250948 0
4.845261282973704 0.5072646662634587 0
4.891450831654756 0.507264666275969 0
4.937640380335804 0.5072646662884797 0
4.983829929016862 0.5072646663009901 0
5.030019477697911 0.5072646663135008 0
5.076209026378962 0.5072646663260112 0
5.122398575060015 0.5072646663385217 0
5.168588123741068 0.5072646663510324 0
5.214777672422118 0.5072646663635427 0
5.260967221103169 0.5072646663760532 0
5.307156769784223 0.5072646663885638 0
5.353346318465274 0.5072646664010745 0
5.399535867146326 0.5072646664135851 0
5.445725415827378 0.5072646664260956 0
5.491914964508431 0.5072646664386061 0
5.538104513189481 0.5072646664511166 0
5.584294061870533 0.5072646664636271 0
5.630483610551586 0.5072646664761378 0
5.67667315923264 0.5072646664886482 0
5.722862707913688 0.5072646665011589 0
5.76905225659474 0.5072646665136693 0
5.815241805275794 0.5072646665261799 0
5.861431353956844 0.5072646665386905 0
5.907620902637897 0.5072646665512008 0
5.953810451318947 0.5072646665637113 0
0.2751785507615455 0.486033210421932 0
0.3071198765118949 0.4858148804807279 0
0.3390612022622443 0.4852724447210716 0
0.3710025280125934 0.4844417563457756 0
0.4029438537629427 0.4833529605850647 0
0.4348851795132918 0.4820320108767958 0
0.4668265052636409 0.4805009364276714 0
0.4987687228847076 0.4787789124581011 0
0.5307100486350593 0.4768822602022005 0
0.5626513743854125 0.4748247144690071 0
0.5945927001357658 0.4726180479519815 0
0.6265340258861192 0.4702720712290075 0
0.6584753516364724 0.4677945435753204 0
0.6904166773868257 0.4651916188988655 0
0.7223580031371788 0.4624678457402981 0
0.7542993288875306 0.45962598889884 0
0.7862406546378792 0.4566676537417815 0
0.8181819803882241 0.4535925727079076 0
0.8501233061385682 0.4503994971782149 0
0.8820646318889118 0.4470855731664099 0
0.9140059576392552 0.4436464305059812 0
0.9459472833896003 0.4400767536474573 0
0.9778886091399499 0.4363696751863196 0
1.009829934890302 0.4325171326112895 0
1.056035213270866 0.4325171326236989 0
1.102240491651507 0.4325171326361084 0
1.148445770032126 0.4325171326485178 0
1.194651048412664 0.4325171326609273 0
1.240856326793132 0.4325171326733367 0
1.287061605173684 0.4325171326857461 0
1.333266883554324 0.4325171326981553 0
1.379472161934966 0.4325171327105649 0
1.425677440315607 0.4325171327229742 0
1.471882718696247 0.4325171327353837 0
1.518087997076888 0.4325171327477931 0
1.56429327545753 0.4325171327602025 0
1.610498553838155 0.4325171327726118 0
1.656703832218703 0.4325171327850214 0
1.702909110599177 0.4325171327974308 0
1.749114388979634 0.4325171328098401 0
1.795319667360092 0.4325171328222496 0
1.841524945740549 0.4325171328346589 0
1.887730224121007 0.4325171328470683 0
1.933935502501465 0.4325171328594777 0
1.980140780881922 0.4325171328718871 0
2.026346059262469 0.4325171328842965 0
2.072551337643111 0.4325171328967058 0
2.118756616023751 0.4325171329091152 0
2.164961894404392 0.4325171329215248 0
2.211167172785033 0.4325171329339341 0
2.257372451165674 0.4325171329463436 0
2.303577729546315 0.432517132958753 0
2.349783007926956 0.4325171329711623 0
2.395988286307597 0.4325171329835718 0
2.442193564688237 0.4325171329959811 0
2.488398843068877 0.4325171330083906 0
2.534604121449519 0.4325171330208 0
2.58080939983016 0.4325171330332094 0
2.627014678210801 0.4325171330456188 0
2.673219956591442 0.4325171330580281 0
2.719425234972082 0.4325171330704376 0
2.765630513352724 0.432517133082847 0
2.811835791733365 0.4325171330952564 0
2.858041070114005 0.4325171331076658 0
2.904246348494647 0.4325171331200751 0
2.950451626875296 0.4325171331324846 0
2.996656905255965 0.4325171331448939 0
3.042862183636641 0.4325171331573033 0
3.089067462017319 0.4325171331697128 0
3.135272740397996 0.4325171331821223 0
3.181478018778673 0.4325171331945316 0
3.22768329715935 0.4325171332069411 0
3.273888575540028 0.4325171332193505 0
3.320093853920705 0.4325171332317598 0
3.366299132301381 0.4325171332441692 0
3.412504410682059 0.4325171332565786 0
3.458709689062736 0.4325171332689881 0
3.504914967443414 0.4325171332813975 0
3.551120245824091 0.4325171332938069 0
3.597325524204768 0.4325171333062162 0
3.643530802585446 0.4325171333186255 0
3.689736080966123 0.432517133331035 0
3.735941359346802 0.4325171333434444 0
3.782146637727479 0.4325171333558538 0
3.828351916108157 0.4325171333682632 0
3.874557194488833 0.4325171333806725 0
3.920762472869511 0.432517133393082 0
3.966967751250189 0.4325171334054915 0
4.013173029630866 0.4325171334179009 0
4.059378308011546 0.4325171334303102 0
4.105583586392221 0.4325171334427196 0
4.151788864772899 0.432517133455129 0
4.197994143153576 0.4325171334675386 0
4.244199421534253 0.4325171334799479 0
4.290404699914933 0.4325171334923573 0
4.336609978295608 0.4325171335047666 0
4.382815256676288 0.4325171335171762 0
4.429020535056964 0.4325171335295855 0
4.475225813437641 0.4325171335419949 0
4.52143109181832 0.4325171335544042 0
4.567636370198995 0.4325171335668137 0
4.613841648579674 0.4325171335792231 0
4.660046926960352 0.4325171335916326 0
4.706252205341029 0.4325171336040419 0
4.752457483721708 0.4325171336164513 0
4.798662762102383 0.4325171336288606 0
4.844868040483062 0.4325171336412703 0
4.89107331886374 0.4325171336536796 0
4.937278597244416 0.4325171336660889 0
4.983483875625094 0.4325171336784984 0
5.029689154005772 0.4325171336909078 0
5.075894432386451 0.4325171337033172 0
5.122099710767126 0.4325171337157266 0
5.168304989147806 0.4325171337281359 0
5.214510267528482 0.4325171337405454 0
5.260715545909157 0.4325171337529548 0
5.306920824289837 0.4325171337653642 0
5.353126102670515 0.4325171337777736 0
5.399331381051192 0.432517133790183 0
5.445536659431871 0.4325171338025924 0
5.491741937812546 0.4325171338150019 0
5.537947216193226 0.4325171338274112 0
5.584152494573901 0.4325171338398206 0
5.63035777295458 0.43251713385223 0
5.676563051335258 0.4325171338646394 0
5.722768329715935 0.4325171338770489 0
5.768973608096613 0.4325171338894582 0
5.815178886477291 0.4325171339018676 0
5.861384164857966 0.432517133914277 0
5.907589443238646 0.4325171339266864 0
5.953794721619324 0.4325171339390959 0
0.2797626292550843 0.4159129826036729 0
0.3114343024727783 0.4156902959490442 0
0.3431059756904721 0.415137036034694 0
0.3747776489081656 0.4142897715041034 0
0.4064493221258593 0.4131792491271639 0
0.4381209953435529 0.4118319402353508 0
0.4697926685612462 0.4102703136220464 0
0.5014652514466887 0.4085139271438388 0
0.5331369246643847 0.4065794277205209 0
0.5648085978820815 0.4044808242354167 0
0.5964802710997781 0.4022301243028029 0
0.6281519443174755 0.3998373342679108 0
0.6598236175351725 0.3973103682401502 0
0.691495290752869 0.3946555029269845 0
0.7231669639705658 0.3918773776339297 0
0.7548386371882616 0.3889788123310051 0
0.7865103104059544 0.3859614444201581 0
0.8181819836236445 0.3828250010010643 0
0.8498536568413335 0.3795682085388762 0
0.8815253300590223 0.3761881560967992 0
0.9131970032767112 0.3726803863028672 0
0.9448686764944014 0.3690394775373006 0
0.9765403497120948 0.3652584253584378 0
1.008212022929791 0.3613290063698348 0
1.054432281976658 0.3613290063821255 0
1.100652541023604 0.361329006394416 0
1.146872800070528 0.3613290064067066 0
1.193093059117369 0.3613290064189973 0
1.239313318164138 0.3613290064312879 0
1.285533577210994 0.3613290064435786 0
1.331753836257939 0.3613290064558691 0
1.377974095304885 0.3613290064681597 0
1.424194354351832 0.3613290064804505 0
1.470414613398777 0.3613290064927411 0
1.516634872445723 0.3613290065050317 0
1.562855131492669 0.3613290065173222 0
1.609075390539599 0.361329006529613 0
1.655295649586451 0.3613290065419036 0
1.701515908633227 0.3613290065541943 0
1.747736167679985 0.3613290065664848 0
1.793956426726744 0.3613290065787755 0
1.840176685773503 0.361329006591066 0
1.886396944820263 0.3613290066033567 0
1.932617203867022 0.3613290066156473 0
1.97883746291378 0.3613290066279379 0
2.02505772196063 0.3613290066402286 0
2.071277981007576 0.3613290066525192 0
2.117498240054523 0.3613290066648098 0
2.163718499101468 0.3613290066771006 0
2.209938758148415 0.3613290066893911 0
2.256159017195361 0.3613290067016816 0
2.302379276242306 0.3613290067139723 0
2.348599535289252 0.3613290067262629 0
2.394819794336199 0.3613290067385536 0
2.441040053383142 0.3613290067508442 0
2.48726031243009 0.3613290067631348 0
2.533480571477036 0.3613290067754256 0
2.579700830523981 0.3613290067877161 0
2.625921089570928 0.3613290068000067 0
2.672141348617873 0.3613290068122973 0
2.71836160766482 0.361329006824588 0
2.764581866711766 0.3613290068368785 0
2.810802125758711 0.3613290068491691 0
2.857022384805658 0.3613290068614598 0
2.903242643852603 0.3613290068737505 0
2.949462902899556 0.361329006886041 0
2.995683161946526 0.3613290068983317 0
3.041903420993501 0.3613290069106223 0
3.088123680040477 0.361329006922913 0
3.134343939087454 0.3613290069352036 0
3.18056419813443 0.3613290069474942 0
3.226784457181406 0.3613290069597849 0
3.273004716228384 0.3613290069720756 0
3.31922497527536 0.3613290069843662 0
3.365445234322336 0.3613290069966567 0
3.411665493369312 0.3613290070089474 0
3.457885752416288 0.3613290070212379 0
3.504106011463263 0.3613290070335287 0
3.550326270510241 0.3613290070458192 0
3.596546529557218 0.3613290070581099 0
3.642766788604193 0.3613290070704005 0
3.688987047651171 0.3613290070826911 0
3.735207306698148 0.3613290070949817 0
3.781427565745124 0.3613290071072724 0
3.8276478247921 0.3613290071195631 0
3.873868083839076 0.3613290071318537 0
3.920088342886054 0.3613290071441442 0
3.96630860193303 0.3613290071564349 0
4.012528860980007 0.3613290071687255 0
4.058749120026983 0.3613290071810161 0
4.104969379073962 0.3613290071933067 0
4.151189638120938 0.3613290072055975 0
4.197409897167914 0.361329007217888 0
4.24363015621489 0.3613290072301786 0
4.289850415261866 0.3613290072424693 0
4.336070674308844 0.3613290072547599 0
4.38229093335582 0.3613290072670506 0
4.428511192402794 0.3613290072793411 0
4.474731451449773 0.3613290072916318 0
4.52095171049675 0.3613290073039224 0
4.567171969543725 0.3613290073162131 0
4.613392228590701 0.3613290073285037 0
4.659612487637679 0.3613290073407943 0
4.705832746684655 0.3613290073530849 0
4.752053005731633 0.3613290073653756 0
4.798273264778607 0.361329007377666 0
4.844493523825586 0.3613290073899567 0
4.890713782872563 0.3613290074022474 0
4.936934041919538 0.361329007414538 0
4.983154300966515 0.3613290074268286 0
5.029374560013491 0.3613290074391193 0
5.075594819060469 0.3613290074514099 0
5.121815078107446 0.3613290074637005 0
5.168035337154422 0.3613290074759912 0
5.214255596201398 0.3613290074882817 0
5.260475855248373 0.3613290075005725 0
5.306696114295349 0.361329007512863 0
5.352916373342328 0.3613290075251537 0
5.399136632389304 0.3613290075374442 0
5.44535689143628 0.3613290075497349 0
5.491577150483257 0.3613290075620255 0
5.537797409530236 0.3613290075743162 0
5.58401766857721 0.3613290075866067 0
5.630237927624186 0.3613290075988974 0
5.676458186671166 0.3613290076111881 0
5.72267844571814 0.3613290076234786 0
5.768898704765117 0.3613290076357693 0
5.815118963812094 0.3613290076480599 0
5.861339222859069 0.3613290076603506 0
5.907559481906048 0.3613290076726412 0
5.953779740953025 0.3613290076849317 0
0.2841284183067876 0.3491318130962603 0
0.3155432795880116 0.3489049771907231 0
0.3469581408692356 0.348341408557574 0
0.3783730021504595 0.3474783572123613 0
0.4097878634316833 0.3463471428198987 0
0.441202724712907 0.3449747299436802 0
0.4726175859941306 0.3433840060310693 0
0.5040333738926573 0.3415948933540635 0
0.5354482351738825 0.3396243490092923 0
0.5668630964551089 0.3374866429032095 0
0.5982779577363355 0.3351940063842037 0
0.6296928190175621 0.332756632242599 0
0.6611076802987884 0.3301825820489244 0
0.6925225415800148 0.3274782494625651 0
0.7239374028612411 0.324648360231762 0
0.7553522641424666 0.3216957868701517 0
0.7867671254236897 0.3186221972888788 0
0.8181819867049105 0.3154273135027521 0
0.8495968479861302 0.3121098382475492 0
0.88101170926735 0.3086668063479027 0
0.9124265705485695 0.3050936773790324 0
0.9438414318297901 0.3013849287018174 0
0.975256293111014 0.2975334253630312 0
1.00667115439224 0.2935307907422623 0
1.052905680740383 0.2935307907544176 0
1.099140207088606 0.2935307907665729 0
1.145374733436807 0.2935307907787282 0
1.191609259784924 0.2935307907908833 0
1.237843786132967 0.2935307908030386 0
1.284078312481098 0.2935307908151939 0
1.330312838829321 0.2935307908273491 0
1.376547365177545 0.2935307908395045 0
1.422781891525768 0.2935307908516597 0
1.469016417873992 0.293530790863815 0
1.515250944222215 0.2935307908759703 0
1.561485470570438 0.2935307908881255 0
1.607719996918646 0.2935307909002808 0
1.653954523266773 0.2935307909124362 0
1.700189049614823 0.2935307909245913 0
1.746423575962856 0.2935307909367467 0
1.792658102310889 0.2935307909489019 0
1.838892628658922 0.2935307909610571 0
1.885127155006955 0.2935307909732125 0
1.931361681354987 0.2935307909853677 0
1.977596207703021 0.293530790997523 0
2.023830734051146 0.2935307910096783 0
2.070065260399369 0.2935307910218335 0
2.116299786747593 0.2935307910339888 0
2.162534313095817 0.293530791046144 0
2.20876883944404 0.2935307910582993 0
2.255003365792264 0.2935307910704547 0
2.301237892140486 0.2935307910826099 0
2.347472418488711 0.2935307910947652 0
2.393706944836933 0.2935307911069204 0
2.439941471185156 0.2935307911190757 0
2.48617599753338 0.293530791131231 0
2.532410523881604 0.2935307911433862 0
2.578645050229828 0.2935307911555415 0
2.62487957657805 0.2935307911676968 0
2.671114102926274 0.2935307911798521 0
2.717348629274497 0.2935307911920073 0
2.76358315562272 0.2935307912041626 0
2.809817681970944 0.2935307912163179 0
2.856052208319167 0.2935307912284731 0
2.902286734667391 0.2935307912406284 0
2.94852126101562 0.2935307912527836 0
2.994755787363862 0.2935307912649389 0
3.04099031371211 0.2935307912770942 0
3.087224840060358 0.2935307912892495 0
3.133459366408605 0.2935307913014047 0
3.179693892756854 0.29353079131356 0
3.225928419105102 0.2935307913257152 0
3.27216294545335 0.2935307913378705 0
3.318397471801597 0.2935307913500257 0
3.364631998149845 0.293530791362181 0
3.410866524498094 0.2935307913743364 0
3.457101050846342 0.2935307913864916 0
3.503335577194589 0.2935307913986469 0
3.549570103542839 0.2935307914108022 0
3.595804629891086 0.2935307914229573 0
3.642039156239334 0.2935307914351127 0
3.688273682587583 0.293530791447268 0
3.734508208935833 0.2935307914594232 0
3.780742735284081 0.2935307914715785 0
3.826977261632328 0.2935307914837337 0
3.873211787980576 0.293530791495889 0
3.919446314328825 0.2935307915080443 0
3.965680840677074 0.2935307915201996 0
4.011915367025321 0.2935307915323548 0
4.05814989337357 0.2935307915445101 0
4.10438441972182 0.2935307915566653 0
4.150618946070066 0.2935307915688206 0
4.196853472418314 0.2935307915809758 0
4.243087998766565 0.2935307915931312 0
4.28932252511481 0.2935307916052865 0
4.33555705146306 0.2935307916174418 0
4.381791577811308 0.2935307916295969 0
4.428026104159556 0.2935307916417522 0
4.474260630507803 0.2935307916539075 0
4.520495156856055 0.2935307916660627 0
4.566729683204303 0.293530791678218 0
4.612964209552549 0.2935307916903734 0
4.659198735900799 0.2935307917025286 0
4.705433262249045 0.2935307917146839 0
4.751667788597295 0.293530791726839 0
4.797902314945543 0.2935307917389943 0
4.844136841293793 0.2935307917511498 0
4.89037136764204 0.2935307917633049 0
4.936605893990287 0.2935307917754603 0
4.982840420338538 0.2935307917876155 0
5.029074946686784 0.2935307917997707 0
5.075309473035032 0.293530791811926 0
5.121543999383281 0.2935307918240813 0
5.167778525731532 0.2935307918362366 0
5.21401305207978 0.2935307918483919 0
5.260247578428027 0.2935307918605471 0
5.306482104776275 0.2935307918727024 0
5.352716631124522 0.2935307918848576 0
5.398951157472769 0.2935307918970129 0
5.445185683821019 0.2935307919091681 0
5.491420210169268 0.2935307919213234 0
5.537654736517518 0.2935307919334787 0
5.583889262865765 0.293530791945634 0
5.630123789214013 0.2935307919577893 0
5.67635831556226 0.2935307919699446 0
5.722592841910512 0.2935307919820999 0
5.768827368258759 0.2935307919942551 0
5.815061894607006 0.2935307920064104 0
5.861296420955254 0.2935307920185655 0
5.907530947303505 0.2935307920307209 0
5.953765473651752 0.2935307920428761 0
0.2882863125878027 0.2855307001046855 0
0.3194565910755566 0.2852999125316494 0
0.3506268695633105 0.2847265260711816 0
0.3817971480510644 0.2838484396646005 0
0.4129674265388183 0.2826975185909244 0
0.4441377050265721 0.2813011971584204 0
0.4753079835143259 0.2796827615325252 0
0.5064792047618141 0.2778624810475256 0
0.5376494832495692 0.2758576082065585 0
0.5688197617373251 0.2736826615095314 0
0.5999900402250811 0.2713500853849369 0
0.6311603187128368 0.2688702501898521 0
0.6623305972005925 0.2662513579339647 0
0.6935008756883482 0.2634999136594413 0
0.7246711541761038 0.2606207254409266 0
0.7558414326638591 0.2576167158335972 0
0.7870117111516118 0.2544895818049744 0
0.8181819896393632 0.2512390405271382 0
0.8493522681271138 0.2478637721364606 0
0.8805225466148643 0.2443607598017921 0
0.9116928251026146 0.2407253840004351 0
0.9428631035903656 0.2369520258843736 0
0.9740333820781195 0.2330334262036537 0
1.005203660565874 0.2289610624102781 0
1.051451774819819 0.2289610624222824 0
1.097699889073846 0.2289610624342868 0
1.14394800332785 0.2289610624462911 0
1.190196117581768 0.2289610624582954 0
1.236444231835611 0.2289610624702997 0
1.282692346089544 0.228961062482304 0
1.328940460343571 0.2289610624943083 0
1.375188574597597 0.2289610625063126 0
1.421436688851624 0.2289610625183169 0
1.467684803105651 0.2289610625303212 0
1.513932917359678 0.2289610625423255 0
1.560181031613705 0.2289610625543298 0
1.606429145867714 0.2289610625663341 0
1.652677260121644 0.2289610625783385 0
1.698925374375494 0.2289610625903428 0
1.745173488629327 0.2289610626023471 0
1.79142160288316 0.2289610626143515 0
1.837669717136993 0.2289610626263557 0
1.883917831390826 0.22896106263836 0
1.930165945644659 0.2289610626503644 0
1.976414059898493 0.2289610626623686 0
2.022662174152419 0.2289610626743729 0
2.068910288406445 0.2289610626863773 0
2.115158402660472 0.2289610626983815 0
2.1614065169145 0.2289610627103859 0
2.207654631168527 0.2289610627223903 0
2.253902745422553 0.2289610627343945 0
2.300150859676579 0.2289610627463988 0
2.346398973930607 0.2289610627584031 0
2.392647088184633 0.2289610627704074 0
2.438895202438658 0.2289610627824117 0
2.485143316692685 0.228961062794416 0
2.531391430946714 0.2289610628064203 0
2.57763954520074 0.2289610628184247 0
2.623887659454766 0.2289610628304289 0
2.670135773708793 0.2289610628424332 0
2.716383887962819 0.2289610628544376 0
2.762632002216846 0.2289610628664418 0
2.808880116470872 0.2289610628784462 0
2.855128230724899 0.2289610628904504 0
2.901376344978925 0.2289610629024548 0
2.947624459232958 0.2289610629144591 0
2.993872573486999 0.2289610629264634 0
3.040120687741044 0.2289610629384677 0
3.08636880199509 0.228961062950472 0
3.132616916249137 0.2289610629624763 0
3.178865030503182 0.2289610629744807 0
3.225113144757229 0.2289610629864849 0
3.271361259011274 0.2289610629984892 0
3.317609373265321 0.2289610630104935 0
3.363857487519366 0.2289610630224979 0
3.410105601773412 0.2289610630345023 0
3.456353716027458 0.2289610630465065 0
3.502601830281504 0.2289610630585108 0
3.54884994453555 0.2289610630705151 0
3.595098058789596 0.2289610630825194 0
3.641346173043642 0.2289610630945237 0
3.687594287297689 0.228961063106528 0
3.733842401551736 0.2289610631185323 0
3.780090515805781 0.2289610631305367 0
3.826338630059827 0.2289610631425409 0
3.872586744313873 0.2289610631545452 0
3.91883485856792 0.2289610631665495 0
3.965082972821967 0.2289610631785538 0
4.011331087076012 0.2289610631905581 0
4.05757920133006 0.2289610632025624 0
4.103827315584105 0.2289610632145668 0
4.150075429838152 0.2289610632265711 0
4.196323544092197 0.2289610632385754 0
4.242571658346245 0.2289610632505798 0
4.28881977260029 0.2289610632625839 0
4.335067886854335 0.2289610632745883 0
4.381316001108382 0.2289610632865927 0
4.427564115362429 0.2289610632985969 0
4.473812229616473 0.2289610633106012 0
4.520060343870522 0.2289610633226056 0
4.566308458124565 0.2289610633346099 0
4.612556572378613 0.2289610633466142 0
4.65880468663266 0.2289610633586185 0
4.705052800886706 0.2289610633706228 0
4.751300915140753 0.2289610633826271 0
4.797549029394799 0.2289610633946314 0
4.843797143648844 0.2289610634066357 0
4.890045257902892 0.22896106341864 0
4.936293372156936 0.2289610634306444 0
4.982541486410984 0.2289610634426486 0
5.028789600665029 0.2289610634546529 0
5.075037714919076 0.2289610634666573 0
5.121285829173122 0.2289610634786615 0
5.167533943427169 0.2289610634906659 0
5.213782057681214 0.2289610635026702 0
5.260030171935259 0.2289610635146745 0
5.306278286189306 0.2289610635266788 0
5.352526400443353 0.2289610635386831 0
5.398774514697399 0.2289610635506874 0
5.445022628951446 0.2289610635626917 0
5.49127074320549 0.228961063574696 0
5.537518857459538 0.2289610635867003 0
5.583766971713584 0.2289610635987046 0
5.630015085967631 0.2289610636107089 0
5.676263200221676 0.2289610636227132 0
5.722511314475723 0.2289610636347175 0
5.768759428729769 0.2289610636467219 0
5.815007542983815 0.2289610636587262 0
5.86125565723786 0.2289610636707305 0
5.907503771491909 0.2289610636827348 0
5.953751885745953 0.2289610636947391 0
0.2922462119185591 0.2249582113040386 0
0.3231835544116156 0.2247236602381149 0
0.354120896904672 0.224140923465862 0
0.3850582393977283 0.223248517953143 0
0.4159955818907847 0.222078828611554 0
0.4469329243838408 0.2206597371253389 0
0.4778702668768972 0.2190149093914334 0
0.5088085675034327 0.2171649452796395 0
0.5397459099964897 0.2151273786326262 0
0.5706832524895477 0.2129169647059725 0
0.6016205949826051 0.2105463508616036 0
0.6325579374756629 0.2080260765677902 0
0.6634952799687203 0.2053644775858012 0
0.6944326224617778 0.2025681650366428 0
0.7253699649548354 0.1996420254010588 0
0.7563073074478925 0.1965890288928346 0
0.7872446499409477 0.1934109001522328 0
0.8181819924340024 0.1901073517392098 0
0.8491193349270558 0.1866770422668948 0
0.8800566774201095 0.1831169057081544 0
0.9109940199131632 0.1794222472089411 0
0.9419313624062171 0.1755873562937192 0
0.9728687048992726 0.1716048553346992 0
1.00380604739233 0.1674660828052297 0
1.050067102508995 0.1674660828170703 0
1.096328157625743 0.1674660828289109 0
1.142589212742468 0.1674660828407515 0
1.188850267859106 0.167466082852592 0
1.235111322975668 0.1674660828644326 0
1.28137237809232 0.1674660828762733 0
1.327633433209069 0.1674660828881138 0
1.373894488325817 0.1674660828999544 0
1.420155543442565 0.167466082911795 0
1.466416598559314 0.1674660829236356 0
1.512677653676061 0.1674660829354762 0
1.55893870879281 0.1674660829473167 0
1.605199763909541 0.1674660829591574 0
1.651460819026191 0.167466082970998 0
1.697721874142759 0.1674660829828385 0
1.74398292925931 0.1674660829946792 0
1.790243984375862 0.1674660830065197 0
1.836505039492413 0.1674660830183603 0
1.882766094608964 0.1674660830302009 0
1.929027149725515 0.1674660830420415 0
1.975288204842066 0.167466083053882 0
2.021549259958713 0.1674660830657227 0
2.067810315075462 0.1674660830775633 0
2.11407137019221 0.1674660830894038 0
2.160332425308958 0.1674660831012444 0
2.206593480425707 0.167466083113085 0
2.252854535542455 0.1674660831249256 0
2.299115590659203 0.1674660831367662 0
2.345376645775952 0.1674660831486068 0
2.391637700892699 0.1674660831604474 0
2.437898756009447 0.1674660831722879 0
2.484159811126195 0.1674660831841285 0
2.530420866242943 0.1674660831959691 0
2.576681921359692 0.1674660832078096 0
2.62294297647644 0.1674660832196503 0
2.669204031593187 0.1674660832314909 0
2.715465086709937 0.1674660832433315 0
2.761726141826684 0.1674660832551721 0
2.807987196943433 0.1674660832670127 0
2.85424825206018 0.1674660832788533 0
2.900509307176929 0.1674660832906938 0
2.946770362293679 0.1674660833025344 0
2.99303141741044 0.167466083314375 0
3.039292472527201 0.1674660833262156 0
3.085553527643963 0.1674660833380562 0
3.131814582760725 0.1674660833498968 0
3.178075637877488 0.1674660833617374 0
3.22433669299425 0.167466083373578 0
3.270597748111012 0.1674660833854185 0
3.316858803227775 0.1674660833972592 0
3.363119858344537 0.1674660834090997 0
3.409380913461299 0.1674660834209403 0
3.455641968578062 0.1674660834327809 0
3.501903023694823 0.1674660834446215 0
3.548164078811586 0.1674660834564621 0
3.594425133928347 0.1674660834683027 0
3.640686189045111 0.1674660834801432 0
3.686947244161874 0.1674660834919838 0
3.733208299278636 0.1674660835038244 0
3.779469354395398 0.1674660835156649 0
3.825730409512161 0.1674660835275056 0
3.871991464628924 0.1674660835393462 0
3.918252519745686 0.1674660835511867 0
3.964513574862449 0.1674660835630274 0
4.010774629979211 0.1674660835748679 0
4.057035685095975 0.1674660835867085 0
4.103296740212737 0.1674660835985491 0
4.149557795329499 0.1674660836103897 0
4.195818850446261 0.1674660836222303 0
4.242079905563024 0.1674660836340708 0
4.288340960679788 0.1674660836459115 0
4.334602015796547 0.1674660836577521 0
4.380863070913312 0.1674660836695926 0
4.427124126030073 0.1674660836814332 0
4.473385181146837 0.1674660836932738 0
4.519646236263601 0.1674660837051144 0
4.565907291380361 0.167466083716955 0
4.612168346497125 0.1674660837287956 0
4.658429401613885 0.1674660837406362 0
4.704690456730649 0.1674660837524767 0
4.750951511847412 0.1674660837643173 0
4.797212566964174 0.1674660837761579 0
4.843473622080937 0.1674660837879985 0
4.8897346771977 0.1674660837998391 0
4.935995732314461 0.1674660838116797 0
4.982256787431226 0.1674660838235203 0
5.028517842547986 0.1674660838353609 0
5.074778897664749 0.1674660838472015 0
5.121039952781513 0.167466083859042 0
5.167301007898273 0.1674660838708826 0
5.213562063015037 0.1674660838827233 0
5.259823118131798 0.1674660838945637 0
5.306084173248562 0.1674660839064044 0
5.352345228365325 0.167466083918245 0
5.398606283482087 0.1674660839300856 0
5.444867338598848 0.1674660839419261 0
5.491128393715613 0.1674660839537668 0
5.537389448832374 0.1674660839656073 0
5.583650503949136 0.1674660839774479 0
5.629911559065899 0.1674660839892885 0
5.676172614182663 0.167466084001129 0
5.722433669299424 0.1674660840129697 0
5.768694724416187 0.1674660840248103 0
5.81495577953295 0.1674660840366509 0
5.861216834649712 0.1674660840484914 0
5.907477889766476 0.1674660840603321 0
5.953738944883238 0.1674660840721726 0
0.2960175446260949 0.1672701265548211 0
0.3267330433139919 0.1670319912099298 0
0.3574485420018891 0.1664403493787902 0
0.388164040689786 0.1655343066220721 0
0.4188795393776831 0.1643467427395421 0
0.4495950380655799 0.1629059654878048 0
0.4803105367534767 0.161236002412843 0
0.5110270082165149 0.1593577681801893 0
0.5417425069044122 0.1572890645749244 0
0.5724580055923099 0.1550448723342199 0
0.6031735042802076 0.1526380320899376 0
0.6338890029681057 0.1500792443686285 0
0.6646045016560032 0.1473769723140198 0
0.6953200003439007 0.1445379280745846 0
0.7260354990317981 0.1415670728035419 0
0.7567509977196955 0.1384674221038291 0
0.7874664964075915 0.1352407269707001 0
0.8181819950954868 0.1318866955716126 0
0.8488974937833818 0.1284039660213692 0
0.879612992471277 0.1247894254395189 0
0.9103284911591716 0.1210383072278707 0
0.9410439898470666 0.1171448136465843 0
0.971759488534963 0.1131014543270741 0
1.00247498722286 0.1088994353820653 0
1.048748366970726 0.1088994353937305 0
1.095021746718676 0.1088994354053956 0
1.141295126466603 0.1088994354170607 0
1.187568506214441 0.1088994354287258 0
1.233841885962202 0.108899435440391 0
1.280115265710056 0.1088994354520562 0
1.326388645458006 0.1088994354637213 0
1.372662025205956 0.1088994354753864 0
1.418935404953907 0.1088994354870516 0
1.465208784701857 0.1088994354987168 0
1.511482164449807 0.1088994355103819 0
1.557755544197758 0.108899435522047 0
1.604028923945691 0.1088994355337121 0
1.650302303693541 0.1088994355453773 0
1.696575683441308 0.1088994355570424 0
1.742849063189059 0.1088994355687075 0
1.789122442936809 0.1088994355803727 0
1.83539582268456 0.1088994355920378 0
1.881669202432311 0.108899435603703 0
1.92794258218006 0.1088994356153681 0
1.97421596192781 0.1088994356270332 0
2.020489341675658 0.1088994356386984 0
2.066762721423609 0.1088994356503636 0
2.113036101171559 0.1088994356620287 0
2.159309480919509 0.1088994356736938 0
2.205582860667459 0.108899435685359 0
2.25185624041541 0.1088994356970241 0
2.298129620163361 0.1088994357086892 0
2.34440299991131 0.1088994357203544 0
2.39067637965926 0.1088994357320195 0
2.436949759407211 0.1088994357436847 0
2.483223139155161 0.1088994357553498 0
2.529496518903111 0.1088994357670149 0
2.575769898651061 0.1088994357786801 0
2.622043278399012 0.1088994357903452 0
2.668316658146961 0.1088994358020103 0
2.714590037894912 0.1088994358136755 0
2.760863417642863 0.1088994358253406 0
2.807136797390813 0.1088994358370058 0
2.853410177138764 0.1088994358486709 0
2.899683556886714 0.108899435860336 0
2.945956936634665 0.1088994358720012 0
2.992230316382623 0.1088994358836664 0
3.038503696130582 0.1088994358953315 0
3.084777075878541 0.1088994359069966 0
3.1310504556265 0.1088994359186617 0
3.177323835374459 0.1088994359303269 0
3.22359721512242 0.108899435941992 0
3.26987059487038 0.1088994359536572 0
3.316143974618338 0.1088994359653223 0
3.362417354366297 0.1088994359769875 0
3.408690734114257 0.1088994359886526 0
3.454964113862217 0.1088994360003177 0
3.501237493610176 0.1088994360119829 0
3.547510873358136 0.108899436023648 0
3.593784253106095 0.1088994360353132 0
3.640057632854056 0.1088994360469783 0
3.686331012602015 0.1088994360586435 0
3.732604392349975 0.1088994360703086 0
3.778877772097934 0.1088994360819737 0
3.825151151845894 0.1088994360936388 0
3.871424531593852 0.108899436105304 0
3.917697911341814 0.1088994361169692 0
3.963971291089773 0.1088994361286343 0
4.010244670837733 0.1088994361402994 0
4.056518050585693 0.1088994361519646 0
4.102791430333652 0.1088994361636297 0
4.149064810081613 0.1088994361752949 0
4.195338189829572 0.10889943618696 0
4.241611569577532 0.1088994361986252 0
4.287884949325492 0.1088994362102903 0
4.334158329073451 0.1088994362219555 0
4.380431708821411 0.1088994362336206 0
4.426705088569369 0.1088994362452857 0
4.472978468317329 0.1088994362569508 0
4.51925184806529 0.108899436268616 0
4.565525227813248 0.1088994362802811 0
4.611798607561209 0.1088994362919463 0
4.658071987309168 0.1088994363036114 0
4.704345367057129 0.1088994363152766 0
4.750618746805088 0.1088994363269417 0
4.796892126553048 0.1088994363386068 0
4.843165506301008 0.108899436350272 0
4.889438886048969 0.1088994363619371 0
4.935712265796926 0.1088994363736022 0
4.981985645544887 0.1088994363852674 0
5.028259025292847 0.1088994363969326 0
5.074532405040806 0.1088994364085977 0
5.120805784788764 0.1088994364202628 0
5.167079164536726 0.108899436431928 0
5.213352544284685 0.1088994364435931 0
5.259625924032645 0.1088994364552583 0
5.305899303780603 0.1088994364669234 0
5.352172683528564 0.1088994364785885 0
5.398446063276523 0.1088994364902537 0
5.444719443024483 0.1088994365019188 0
5.490992822772442 0.108899436513584 0
5.537266202520403 0.1088994365252491 0
5.583539582268362 0.1088994365369142 0
5.629812962016321 0.1088994365485794 0
5.676086341764283 0.1088994365602445 0
5.722359721512243 0.1088994365719096 0
5.768633101260202 0.1088994365835748 0
5.814906481008162 0.1088994365952399 0
5.86117986075612 0.1088994366069051 0
5.907453240504082 0.1088994366185702 0
5.953726620252041 0.1088994366302354 0
0.2996092900805127 0.1123290931746777 0
0.3301135089528698 0.1120875442307366 0
0.360617727825227 0.1114874213910739 0
0.391121946697584 0.1105683907828449 0
0.4216261655699411 0.1093638035278864 0
0.452130384442298 0.1079023731660045 0
0.4826346033146552 0.1062084716708492 0
0.5131398089065931 0.1043033135134113 0
0.5436440277789503 0.1022049556620223 0
0.5741482466513075 0.09992859359822912 0
0.6046524655236648 0.0974872520205005 0
0.6351566843960218 0.09489178484422707 0
0.6656609032683792 0.09215077652976313 0
0.6961651221407362 0.08927103544221737 0
0.7266693410130931 0.08625759385145274 0
0.75717355988545 0.08311351058817025 0
0.7876777787578064 0.07984056174761564 0
0.8181819976301623 0.07643845131391477 0
0.8486862165025179 0.0729057978796543 0
0.8791904353748738 0.06923944394217535 0
0.9096946542472293 0.0654345545755313 0
0.9401988731195847 0.06148524893101978 0
0.9707030919919408 0.05738392926786763 0
1.001207310864297 0.0531216756410631 0
1.047492428356226 0.05312167565254274 0
1.09377754584824 0.05312167566402233 0
1.140062663340231 0.05312167567550194 0
1.186347780832131 0.05312167568698153 0
1.232632898323953 0.05312167569846116 0
1.278918015815869 0.05312167570994079 0
1.325203133307883 0.0531216757214204 0
1.371488250799898 0.0531216757329 0
1.417773368291912 0.05312167574437961 0
1.464058485783926 0.05312167575585922 0
1.510343603275941 0.05312167576733881 0
1.556628720767955 0.05312167577881843 0
1.602913838259951 0.05312167579029807 0
1.649198955751864 0.05312167580177767 0
1.695484073243693 0.05312167581325726 0
1.741769190735505 0.05312167582473688 0
1.788054308227315 0.05312167583621649 0
1.834339425719128 0.05312167584769609 0
1.880624543210939 0.05312167585917571 0
1.92690966070275 0.0531216758706553 0
1.973194778194561 0.05312167588213494 0
2.01947989568647 0.05312167589361455 0
2.065765013178487 0.05312167590509415 0
2.1120501306705 0.05312167591657377 0
2.158335248162514 0.05312167592805338 0
2.204620365654528 0.053121675939533 0
2.250905483146543 0.05312167595101261 0
2.297190600638556 0.05312167596249223 0
2.343475718130572 0.05312167597397183 0
2.389760835622585 0.05312167598545145 0
2.436045953114599 0.05312167599693104 0
2.482331070606613 0.05312167600841065 0
2.528616188098628 0.05312167601989029 0
2.574901305590641 0.05312167603136986 0
2.621186423082656 0.05312167604284949 0
2.66747154057467 0.0531216760543291 0
2.713756658066684 0.05312167606580873 0
2.760041775558698 0.05312167607728835 0
2.806326893050711 0.05312167608876793 0
2.852612010542728 0.05312167610024755 0
2.898897128034741 0.05312167611172716 0
2.945182245526756 0.05312167612320677 0
2.991467363018773 0.05312167613468641 0
3.037752480510792 0.053121676146166 0
3.08403759800281 0.0531216761576456 0
3.130322715494829 0.05312167616912522 0
3.176607832986848 0.05312167618060483 0
3.222892950478865 0.05312167619208445 0
3.269178067970885 0.05312167620356406 0
3.315463185462904 0.05312167621504366 0
3.361748302954922 0.05312167622652328 0
3.408033420446941 0.05312167623800287 0
3.454318537938959 0.0531216762494825 0
3.500603655430978 0.05312167626096211 0
3.546888772922997 0.05312167627244171 0
3.593173890415016 0.05312167628392134 0
3.639459007907034 0.05312167629540093 0
3.685744125399053 0.05312167630688056 0
3.732029242891072 0.05312167631836015 0
3.778314360383091 0.0531216763298398 0
3.824599477875111 0.0531216763413194 0
3.870884595367129 0.05312167635279899 0
3.917169712859148 0.05312167636427861 0
3.963454830351166 0.05312167637575822 0
4.009739947843186 0.05312167638723783 0
4.056025065335205 0.05312167639871743 0
4.102310182827224 0.05312167641019704 0
4.148595300319243 0.05312167642167667 0
4.194880417811261 0.05312167643315628 0
4.24116553530328 0.05312167644463586 0
4.2874506527953 0.05312167645611551 0
4.333735770287319 0.05312167646759511 0
4.380020887779339 0.05312167647907473 0
4.426306005271357 0.05312167649055433 0
4.472591122763376 0.05312167650203395 0
4.518876240255397 0.05312167651351356 0
4.565161357747414 0.05312167652499317 0
4.611446475239434 0.05312167653647276 0
4.657731592731451 0.05312167654795238 0
4.70401671022347 0.05312167655943199 0
4.750301827715488 0.05312167657091162 0
4.796586945207508 0.05312167658239123 0
4.842872062699525 0.05312167659387083 0
4.889157180191546 0.05312167660535044 0
4.935442297683562 0.05312167661683007 0
4.981727415175583 0.05312167662830966 0
5.028012532667604 0.05312167663978928 0
5.074297650159621 0.05312167665126889 0
5.12058276765164 0.05312167666274851 0
5.16686788514366 0.05312167667422812 0
5.213153002635678 0.05312167668570773 0
5.259438120127697 0.05312167669718733 0
5.305723237619717 0.05312167670866695 0
5.352008355111734 0.05312167672014655 0
5.398293472603753 0.05312167673162616 0
5.444578590095774 0.05312167674310578 0
5.490863707587795 0.05312167675458539 0
5.537148825079813 0.053121676766065 0
5.583433942571831 0.05312167677754461 0
5.62971906006385 0.05312167678902423 0
5.676004177555869 0.05312167680050384 0
5.722289295047887 0.05312167681198344 0
5.768574412539906 0.05312167682346305 0
5.814859530031923 0.05312167683494267 0
5.861144647523943 0.05312167684642229 0
5.907429765015963 0.05312167685790189 0
5.953714882507981 0.0531216768693815 0
2 6 0 4061
5248
5249
5250
5251
5252
5253
5254
5255
5256
5257
5258
5259
5260
5261
5262
5263
5264
5265
5266
5267
5268
5269
5270
5271
5272
5273
5274
5275
5276
5277
5278
5279
5280
5281
5282
5283
5284
5285
5286
5287
5288
5289
5290
5291
5292
5293
5294
5295
5296
5297
5298
5299
5300
5301
5302
5303
5304
5305
5306
5307
5308
5309
5310
5311
5312
5313
5314
5315
5316
5317
5318
5319
5320
5321
5322
5323
5324
5325
5326
5327
5328
5329
5330
5331
5332
5333
5334
5335
5336
5337
5338
5339
5340
5341
5342
5343
5344
5345
5346
5347
5348
5349
5350
5351
5352
5353
5354
5355
5356
5357
5358
5359
5360
5361
5362
5363
5364
5365
5366
5367
5368
5369
5370
5371
5372
5373
5374
5375
5376
5377
5378
5379
5380
5381
5382
5383
5384
5385
5386
5387
5388
5389
5390
5391
5392
5393
5394
5395
5396
5397
5398
5399
5400
5401
5402
5403
5404
5405
5406
5407
5408
5409
5410
5411
5412
5413
5414
5415
5416
5417
5418
5419
5420
5421
5422
5423
5424
5425
5426
5427
5428
5429
5430
5431
5432
5433
5434
5435
5436
5437
5438
5439
5440
5441
5442
5443
5444
5445
5446
5447
5448
5449
5450
5451
5452
5453
5454
5455
5456
5457
5458
5459
5460
5461
5462
5463
5464
5465
5466
5467
5468
5469
5470
5471
5472
5473
5474
5475
5476
5477
5478
5479
5480
5481
5482
5483
5484
5485
5486
5487
5488
5489
5490
5491
5492
5493
5494
5495
5496
5497
5498
5499
5500
5501
5502
5503
5504
5505
5506
5507
5508
5509
5510
5511
5512
5513
5514
5515
5516
5517
5518
5519
5520
5521
5522
5523
5524
5525
5526
5527
5528
5529
5530
5531
5532
5533
5534
5535
5536
5537
5538
5539
5540
5541
5542
5543
5544
5545
5546
5547
5548
5549
5550
5551
5552
5553
5554
5555
5556
5557
5558
5559
5560
5561
5562
5563
5564
5565
5566
5567
5568
5569
5570
5571
5572
5573
5574
5575
5576
5577
5578
5579
5580
5581
5582
5583
5584
5585
5586
5587
5588
5589
5590
5591
5592
5593
5594
5595
5596
5597
5598
5599
5600
5601
5602
5603
5604
5605
5606
5607
5608
5609
5610
5611
5612
5613
5614
5615
5616
5617
5618
5619
5620
5621
5622
5623
5624
5625
5626
5627
5628
5629
5630
5631
5632
5633
5634
5635
5636
5637
5638
5639
5640
5641
5642
5643
5644
5645
5646
5647
5648
5649
5650
5651
5652
5653
5654
5655
5656
5657
5658
5659
5660
5661
5662
5663
5664
5665
5666
5667
5668
5669
5670
5671
5672
5673
5674
5675
5676
5677
5678
5679
5680
5681
5682
5683
5684
5685
5686
5687
5688
5689
5690
5691
5692
5693
5694
5695
5696
5697
5698
5699
5700
5701
5702
5703
5704
5705
5706
5707
5708
5709
5710
5711
5712
5713
5714
5715
5716
5717
5718
5719
5720
5721
5722
5723
5724
5725
5726
5727
5728
5729
5730
5731
5732
5733
5734
5735
5736
5737
5738
5739
5740
5741
5742
5743
5744
5745
5746
5747
5748
5749
5750
5751
5752
5753
5754
5755
5756
5757
5758
5759
5760
5761
5762
5763
5764
5765
5766
5767
5768
5769
5770
5771
5772
5773
5774
5775
5776
5777
5778
5779
5780
5781
5782
5783
5784
5785
5786
5787
5788
5789
5790
5791
5792
5793
5794
5795
5796
5797
5798
5799
5800
5801
5802
5803
5804
5805
5806
5807
5808
5809
5810
5811
5812
5813
5814
5815
5816
5817
5818
5819
5820
5821
5822
5823
5824
5825
5826
5827
5828
5829
5830
5831
5832
5833
5834
5835
5836
5837
5838
5839
5840
5841
5842
5843
5844
5845
5846
5847
5848
5849
5850
5851
5852
5853
5854
5855
5856
5857
5858
5859
5860
5861
5862
5863
5864
5865
5866
5867
5868
5869
5870
5871
5872
5873
5874
5875
5876
5877
5878
5879
5880
5881
5882
5883
5884
5885
5886
5887
5888
5889
5890
5891
5892
5893
5894
5895
5896
5897
5898
5899
5900
5901
5902
5903
5904
5905
5906
5907
5908
5909
5910
5911
5912
5913
5914
5915
5916
5917
5918
5919
5920
5921
5922
5923
5924
5925
5926
5927
5928
5929
5930
5931
5932
5933
5934
5935
5936
5937
5938
5939
5940
5941
5942
5943
5944
5945
5946
5947
5948
5949
5950
5951
5952
5953
5954
5955
5956
5957
5958
5959
5960
5961
5962
5963
5964
5965
5966
5967
5968
5969
5970
5971
5972
5973
5974
5975
5976
5977
5978
5979
5980
5981
5982
5983
5984
5985
5986
5987
5988
5989
5990
5991
5992
5993
5994
5995
5996
5997
5998
5999
6000
6001
6002
6003
6004
6005
6006
6007
6008
6009
6010
6011
6012
6013
6014
6015
6016
6017
6018
6019
6020
6021
6022
6023
6024
6025
6026
6027
6028
6029
6030
6031
6032
6033
6034
6035
6036
6037
6038
6039
6040
6041
6042
6043
6044
6045
6046
6047
6048
6049
6050
6051
6052
6053
6054
6055
6056
6057
6058
6059
6060
6061
6062
6063
6064
6065
6066
6067
6068
6069
6070
6071
6072
6073
6074
6075
6076
6077
6078
6079
6080
6081
6082
6083
6084
6085
6086
6087
6088
6089
6090
6091
6092
6093
6094
6095
6096
6097
6098
6099
6100
6101
6102
6103
6104
6105
6106
6107
6108
6109
6110
6111
6112
6113
6114
6115
6116
6117
6118
6119
6120
6121
6122
6123
6124
6125
6126
6127
6128
6129
6130
6131
6132
6133
6134
6135
6136
6137
6138
6139
6140
6141
6142
6143
6144
6145
6146
6147
6148
6149
6150
6151
6152
6153
6154
6155
6156
6157
6158
6159
6160
6161
6162
6163
6164
6165
6166
6167
6168
6169
6170
6171
6172
6173
6174
6175
6176
6177
6178
6179
6180
6181
6182
6183
6184
6185
6186
6187
6188
6189
6190
6191
6192
6193
6194
6195
6196
6197
6198
6199
6200
6201
6202
6203
6204
6205
6206
6207
6208
6209
6210
6211
6212
6213
6214
6215
6216
6217
6218
6219
6220
6221
6222
6223
6224
6225
6226
6227
6228
6229
6230
6231
6232
6233
6234
6235
6236
6237
6238
6239
6240
6241
6242
6243
6244
6245
6246
6247
6248
6249
6250
6251
6252
6253
6254
6255
6256
6257
6258
6259
6260
6261
6262
6263
6264
6265
6266
6267
6268
6269
6270
6271
6272
6273
6274
6275
6276
6277
6278
6279
6280
6281
6282
6283
6284
6285
6286
6287
6288
6289
6290
6291
6292
6293
6294
6295
6296
6297
6298
6299
6300
6301
6302
6303
6304
6305
6306
6307
6308
6309
6310
6311
6312
6313
6314
6315
6316
6317
6318
6319
6320
6321
6322
6323
6324
6325
6326
6327
6328
6329
6330
6331
6332
6333
6334
6335
6336
6337
6338
6339
6340
6341
6342
6343
6344
6345
6346
6347
6348
6349
6350
6351
6352
6353
6354
6355
6356
6357
6358
6359
6360
6361
6362
6363
6364
6365
6366
6367
6368
6369
6370
6371
6372
6373
6374
6375
6376
6377
6378
6379
6380
6381
6382
6383
6384
6385
6386
6387
6388
6389
6390
6391
6392
6393
6394
6395
6396
6397
6398
6399
6400
6401
6402
6403
6404
6405
6406
6407
6408
6409
6410
6411
6412
6413
6414
6415
6416
6417
6418
6419
6420
6421
6422
6423
6424
6425
6426
6427
6428
6429
6430
6431
6432
6433
6434
6435
6436
6437
6438
6439
6440
6441
6442
6443
6444
6445
6446
6447
6448
6449
6450
6451
6452
6453
6454
6455
6456
6457
6458
6459
6460
6461
6462
6463
6464
6465
6466
6467
6468
6469
6470
6471
6472
6473
6474
6475
6476
6477
6478
6479
6480
6481
6482
6483
6484
6485
6486
6487
6488
6489
6490
6491
6492
6493
6494
6495
6496
6497
6498
6499
6500
6501
6502
6503
6504
6505
6506
6507
6508
6509
6510
6511
6512
6513
6514
6515
6516
6517
6518
6519
6520
6521
6522
6523
6524
6525
6526
6527
6528
6529
6530
6531
6532
6533
6534
6535
6536
6537
6538
6539
6540
6541
6542
6543
6544
6545
6546
6547
6548
6549
6550
6551
6552
6553
6554
6555
6556
6557
6558
6559
6560
6561
6562
6563
6564
6565
6566
6567
6568
6569
6570
6571
6572
6573
6574
6575
6576
6577
6578
6579
6580
6581
6582
6583
6584
6585
6586
6587
6588
6589
6590
6591
6592
6593
6594
6595
6596
6597
6598
6599
6600
6601
6602
6603
6604
6605
6606
6607
6608
6609
6610
6611
6612
6613
6614
6615
6616
6617
6618
6619
6620
6621
6622
6623
6624
6625
6626
6627
6628
6629
6630
6631
6632
6633
6634
6635
6636
6637
6638
6639
6640
6641
6642
6643
6644
6645
6646
6647
6648
6649
6650
6651
6652
6653
6654
6655
6656
6657
6658
6659
6660
6661
6662
6663
6664
6665
6666
6667
6668
6669
6670
6671
6672
6673
6674
6675
6676
6677
6678
6679
6680
6681
6682
6683
6684
6685
6686
6687
6688
6689
6690
6691
6692
6693
6694
6695
6696
6697
6698
6699
6700
6701
6702
6703
6704
6705
6706
6707
6708
6709
6710
6711
6712
6713
6714
6715
6716
6717
6718
6719
6720
6721
6722
6723
6724
6725
6726
6727
6728
6729
6730
6731
6732
6733
6734
6735
6736
6737
6738
6739
6740
6741
6742
6743
6744
6745
6746
6747
6748
6749
6750
6751
6752
6753
6754
6755
6756
6757
6758
6759
6760
6761
6762
6763
6764
6765
6766
6767
6768
6769
6770
6771
6772
6773
6774
6775
6776
6777
6778
6779
6780
6781
6782
6783
6784
6785
6786
6787
6788
6789
6790
6791
6792
6793
6794
6795
6796
6797
6798
6799
6800
6801
6802
6803
6804
6805
6806
6807
6808
6809
6810
6811
6812
6813
6814
6815
6816
6817
6818
6819
6820
6821
6822
6823
6824
6825
6826
6827
6828
6829
6830
6831
6832
6833
6834
6835
6836
6837
6838
6839
6840
6841
6842
6843
6844
6845
6846
6847
6848
6849
6850
6851
6852
6853
6854
6855
6856
6857
6858
6859
6860
6861
6862
6863
6864
6865
6866
6867
6868
6869
6870
6871
6872
6873
6874
6875
6876
6877
6878
6879
6880
6881
6882
6883
6884
6885
6886
6887
6888
6889
6890
6891
6892
6893
6894
6895
6896
6897
6898
6899
6900
6901
6902
6903
6904
6905
6906
6907
6908
6909
6910
6911
6912
6913
6914
6915
6916
6917
6918
6919
6920
6921
6922
6923
6924
6925
6926
6927
6928
6929
6930
6931
6932
6933
6934
6935
6936
6937
6938
6939
6940
6941
6942
6943
6944
6945
6946
6947
6948
6949
6950
6951
6952
6953
6954
6955
6956
6957
6958
6959
6960
6961
6962
6963
6964
6965
6966
6967
6968
6969
6970
6971
6972
6973
6974
6975
6976
6977
6978
6979
6980
6981
6982
6983
6984
6985
6986
6987
6988
6989
6990
6991
6992
6993
6994
6995
6996
6997
6998
6999
7000
7001
7002
7003
7004
7005
7006
7007
7008
7009
7010
7011
7012
7013
7014
7015
7016
7017
7018
7019
7020
7021
7022
7023
7024
7025
7026
7027
7028
7029
7030
7031
7032
7033
7034
7035
7036
7037
7038
7039
7040
7041
7042
7043
7044
7045
7046
7047
7048
7049
7050
7051
7052
7053
7054
7055
7056
7057
7058
7059
7060
7061
7062
7063
7064
7065
7066
7067
7068
7069
7070
7071
7072
7073
7074
7075
7076
7077
7078
7079
7080
7081
7082
7083
7084
7085
7086
7087
7088
7089
7090
7091
7092
7093
7094
7095
7096
7097
7098
7099
7100
7101
7102
7103
7104
7105
7106
7107
7108
7109
7110
7111
7112
7113
7114
7115
7116
7117
7118
7119
7120
7121
7122
7123
7124
7125
7126
7127
7128
7129
7130
7131
7132
7133
7134
7135
7136
7137
7138
7139
7140
7141
7142
7143
7144
7145
7146
7147
7148
7149
7150
7151
7152
7153
7154
7155
7156
7157
7158
7159
7160
7161
7162
7163
7164
7165
7166
7167
7168
7169
7170
7171
7172
7173
7174
7175
7176
7177
7178
7179
7180
7181
7182
7183
7184
7185
7186
7187
7188
7189
7190
7191
7192
7193
7194
7195
7196
7197
7198
7199
7200
7201
7202
7203
7204
7205
7206
7207
7208
7209
7210
7211
7212
7213
7214
7215
7216
7217
7218
7219
7220
7221
7222
7223
7224
7225
7226
7227
7228
7229
7230
7231
7232
7233
7234
7235
7236
7237
7238
7239
7240
7241
7242
7243
7244
7245
7246
7247
7248
7249
7250
7251
7252
7253
7254
7255
7256
7257
7258
7259
7260
7261
7262
7263
7264
7265
7266
7267
7268
7269
7270
7271
7272
7273
7274
7275
7276
7277
7278
7279
7280
7281
7282
7283
7284
7285
7286
7287
7288
7289
7290
7291
7292
7293
7294
7295
7296
7297
7298
7299
7300
7301
7302
7303
7304
7305
7306
7307
7308
7309
7310
7311
7312
7313
7314
7315
7316
7317
7318
7319
7320
7321
7322
7323
7324
7325
7326
7327
7328
7329
7330
7331
7332
7333
7334
7335
7336
7337
7338
7339
7340
7341
7342
7343
7344
7345
7346
7347
7348
7349
7350
7351
7352
7353
7354
7355
7356
7357
7358
7359
7360
7361
7362
7363
7364
7365
7366
7367
7368
7369
7370
7371
7372
7373
7374
7375
7376
7377
7378
7379
7380
7381
7382
7383
7384
7385
7386
7387
7388
7389
7390
7391
7392
7393
7394
7395
7396
7397
7398
7399
7400
7401
7402
7403
7404
7405
7406
7407
7408
7409
7410
7411
7412
7413
7414
7415
7416
7417
7418
7419
7420
7421
7422
7423
7424
7425
7426
7427
7428
7429
7430
7431
7432
7433
7434
7435
7436
7437
7438
7439
7440
7441
7442
7443
7444
7445
7446
7447
7448
7449
7450
7451
7452
7453
7454
7455
7456
7457
7458
7459
7460
7461
7462
7463
7464
7465
7466
7467
7468
7469
7470
7471
7472
7473
7474
7475
7476
7477
7478
7479
7480
7481
7482
7483
7484
7485
7486
7487
7488
7489
7490
7491
7492
7493
7494
7495
7496
7497
7498
7499
7500
7501
7502
7503
7504
7505
7506
7507
7508
7509
7510
7511
7512
7513
7514
7515
7516
7517
7518
7519
7520
7521
7522
7523
7524
7525
7526
7527
7528
7529
7530
7531
7532
7533
7534
7535
7536
7537
7538
7539
7540
7541
7542
7543
7544
7545
7546
7547
7548
7549
7550
7551
7552
7553
7554
7555
7556
7557
7558
7559
7560
7561
7562
7563
7564
7565
7566
7567
7568
7569
7570
7571
7572
7573
7574
7575
7576
7577
7578
7579
7580
7581
7582
7583
7584
7585
7586
7587
7588
7589
7590
7591
7592
7593
7594
7595
7596
7597
7598
7599
7600
7601
7602
7603
7604
7605
7606
7607
7608
7609
7610
7611
7612
7613
7614
7615
7616
7617
7618
7619
7620
7621
7622
7623
7624
7625
7626
7627
7628
7629
7630
7631
7632
7633
7634
7635
7636
7637
7638
7639
7640
7641
7642
7643
7644
7645
7646
7647
7648
7649
7650
7651
7652
7653
7654
7655
7656
7657
7658
7659
7660
7661
7662
7663
7664
7665
7666
7667
7668
7669
7670
7671
7672
7673
7674
7675
7676
7677
7678
7679
7680
7681
7682
7683
7684
7685
7686
7687
7688
7689
7690
7691
7692
7693
7694
7695
7696
7697
7698
7699
7700
7701
7702
7703
7704
7705
7706
7707
7708
7709
7710
7711
7712
7713
7714
7715
7716
7717
7718
7719
7720
7721
7722
7723
7724
7725
7726
7727
7728
7729
7730
7731
7732
7733
7734
7735
7736
7737
7738
7739
7740
7741
7742
7743
7744
7745
7746
7747
7748
7749
7750
7751
7752
7753
7754
7755
7756
7757
7758
7759
7760
7761
7762
7763
7764
7765
7766
7767
7768
7769
7770
7771
7772
7773
7774
7775
7776
7777
7778
7779
7780
7781
7782
7783
7784
7785
7786
7787
7788
7789
7790
7791
7792
7793
7794
7795
7796
7797
7798
7799
7800
7801
7802
7803
7804
7805
7806
7807
7808
7809
7810
7811
7812
7813
7814
7815
7816
7817
7818
7819
7820
7821
7822
7823
7824
7825
7826
7827
7828
7829
7830
7831
7832
7833
7834
7835
7836
7837
7838
7839
7840
7841
7842
7843
7844
7845
7846
7847
7848
7849
7850
7851
7852
7853
7854
7855
7856
7857
7858
7859
7860
7861
7862
7863
7864
7865
7866
7867
7868
7869
7870
7871
7872
7873
7874
7875
7876
7877
7878
7879
7880
7881
7882
7883
7884
7885
7886
7887
7888
7889
7890
7891
7892
7893
7894
7895
7896
7897
7898
7899
7900
7901
7902
7903
7904
7905
7906
7907
7908
7909
7910
7911
7912
7913
7914
7915
7916
7917
7918
7919
7920
7921
7922
7923
7924
7925
7926
7927
7928
7929
7930
7931
7932
7933
7934
7935
7936
7937
7938
7939
7940
7941
7942
7943
7944
7945
7946
7947
7948
7949
7950
7951
7952
7953
7954
7955
7956
7957
7958
7959
7960
7961
7962
7963
7964
7965
7966
7967
7968
7969
7970
7971
7972
7973
7974
7975
7976
7977
7978
7979
7980
7981
7982
7983
7984
7985
7986
7987
7988
7989
7990
7991
7992
7993
7994
7995
7996
7997
7998
7999
8000
8001
8002
8003
8004
8005
8006
8007
8008
8009
8010
8011
8012
8013
8014
8015
8016
8017
8018
8019
8020
8021
8022
8023
8024
8025
8026
8027
8028
8029
8030
8031
8032
8033
8034
8035
8036
8037
8038
8039
8040
8041
8042
8043
8044
8045
8046
8047
8048
8049
8050
8051
8052
8053
8054
8055
8056
8057
8058
8059
8060
8061
8062
8063
8064
8065
8066
8067
8068
8069
8070
8071
8072
8073
8074
8075
8076
8077
8078
8079
8080
8081
8082
8083
8084
8085
8086
8087
8088
8089
8090
8091
8092
8093
8094
8095
8096
8097
8098
8099
8100
8101
8102
8103
8104
8105
8106
8107
8108
8109
8110
8111
8112
8113
8114
8115
8116
8117
8118
8119
8120
8121
8122
8123
8124
8125
8126
8127
8128
8129
8130
8131
8132
8133
8134
8135
8136
8137
8138
8139
8140
8141
8142
8143
8144
8145
8146
8147
8148
8149
8150
8151
8152
8153
8154
8155
8156
8157
8158
8159
8160
8161
8162
8163
8164
8165
8166
8167
8168
8169
8170
8171
8172
8173
8174
8175
8176
8177
8178
8179
8180
8181
8182
8183
8184
8185
8186
8187
8188
8189
8190
8191
8192
8193
8194
8195
8196
8197
8198
8199
8200
8201
8202
8203
8204
8205
8206
8207
8208
8209
8210
8211
8212
8213
8214
8215
8216
8217
8218
8219
8220
8221
8222
8223
8224
8225
8226
8227
8228
8229
8230
8231
8232
8233
8234
8235
8236
8237
8238
8239
8240
8241
8242
8243
8244
8245
8246
8247
8248
8249
8250
8251
8252
8253
8254
8255
8256
8257
8258
8259
8260
8261
8262
8263
8264
8265
8266
8267
8268
8269
8270
8271
8272
8273
8274
8275
8276
8277
8278
8279
8280
8281
8282
8283
8284
8285
8286
8287
8288
8289
8290
8291
8292
8293
8294
8295
8296
8297
8298
8299
8300
8301
8302
8303
8304
8305
8306
8307
8308
8309
8310
8311
8312
8313
8314
8315
8316
8317
8318
8319
8320
8321
8322
8323
8324
8325
8326
8327
8328
8329
8330
8331
8332
8333
8334
8335
8336
8337
8338
8339
8340
8341
8342
8343
8344
8345
8346
8347
8348
8349
8350
8351
8352
8353
8354
8355
8356
8357
8358
8359
8360
8361
8362
8363
8364
8365
8366
8367
8368
8369
8370
8371
8372
8373
8374
8375
8376
8377
8378
8379
8380
8381
8382
8383
8384
8385
8386
8387
8388
8389
8390
8391
8392
8393
8394
8395
8396
8397
8398
8399
8400
8401
8402
8403
8404
8405
8406
8407
8408
8409
8410
8411
8412
8413
8414
8415
8416
8417
8418
8419
8420
8421
8422
8423
8424
8425
8426
8427
8428
8429
8430
8431
8432
8433
8434
8435
8436
8437
8438
8439
8440
8441
8442
8443
8444
8445
8446
8447
8448
8449
8450
8451
8452
8453
8454
8455
8456
8457
8458
8459
8460
8461
8462
8463
8464
8465
8466
8467
8468
8469
8470
8471
8472
8473
8474
8475
8476
8477
8478
8479
8480
8481
8482
8483
8484
8485
8486
8487
8488
8489
8490
8491
8492
8493
8494
8495
8496
8497
8498
8499
8500
8501
8502
8503
8504
8505
8506
8507
8508
8509
8510
8511
8512
8513
8514
8515
8516
8517
8518
8519
8520
8521
8522
8523
8524
8525
8526
8527
8528
8529
8530
8531
8532
8533
8534
8535
8536
8537
8538
8539
8540
8541
8542
8543
8544
8545
8546
8547
8548
8549
8550
8551
8552
8553
8554
8555
8556
8557
8558
8559
8560
8561
8562
8563
8564
8565
8566
8567
8568
8569
8570
8571
8572
8573
8574
8575
8576
8577
8578
8579
8580
8581
8582
8583
8584
8585
8586
8587
8588
8589
8590
8591
8592
8593
8594
8595
8596
8597
8598
8599
8600
8601
8602
8603
8604
8605
8606
8607
8608
8609
8610
8611
8612
8613
8614
8615
8616
8617
8618
8619
8620
8621
8622
8623
8624
8625
8626
8627
8628
8629
8630
8631
8632
8633
8634
8635
8636
8637
8638
8639
8640
8641
8642
8643
8644
8645
8646
8647
8648
8649
8650
8651
8652
8653
8654
8655
8656
8657
8658
8659
8660
8661
8662
8663
8664
8665
8666
8667
8668
8669
8670
8671
8672
8673
8674
8675
8676
8677
8678
8679
8680
8681
8682
8683
8684
8685
8686
8687
8688
8689
8690
8691
8692
8693
8694
8695
8696
8697
8698
8699
8700
8701
8702
8703
8704
8705
8706
8707
8708
8709
8710
8711
8712
8713
8714
8715
8716
8717
8718
8719
8720
8721
8722
8723
8724
8725
8726
8727
8728
8729
8730
8731
8732
8733
8734
8735
8736
8737
8738
8739
8740
8741
8742
8743
8744
8745
8746
8747
8748
8749
8750
8751
8752
8753
8754
8755
8756
8757
8758
8759
8760
8761
8762
8763
8764
8765
8766
8767
8768
8769
8770
8771
8772
8773
8774
8775
8776
8777
8778
8779
8780
8781
8782
8783
8784
8785
8786
8787
8788
8789
8790
8791
8792
8793
8794
8795
8796
8797
8798
8799
8800
8801
8802
8803
8804
8805
8806
8807
8808
8809
8810
8811
8812
8813
8814
8815
8816
8817
8818
8819
8820
8821
8822
8823
8824
8825
8826
8827
8828
8829
8830
8831
8832
8833
8834
8835
8836
8837
8838
8839
8840
8841
8842
8843
8844
8845
8846
8847
8848
8849
8850
8851
8852
8853
8854
8855
8856
8857
8858
8859
8860
8861
8862
8863
8864
8865
8866
8867
8868
8869
8870
8871
8872
8873
8874
8875
8876
8877
8878
8879
8880
8881
8882
8883
8884
8885
8886
8887
8888
8889
8890
8891
8892
8893
8894
8895
8896
8897
8898
8899
8900
8901
8902
8903
8904
8905
8906
8907
8908
8909
8910
8911
8912
8913
8914
8915
8916
8917
8918
8919
8920
8921
8922
8923
8924
8925
8926
8927
8928
8929
8930
8931
8932
8933
8934
8935
8936
8937
8938
8939
8940
8941
8942
8943
8944
8945
8946
8947
8948
8949
8950
8951
8952
8953
8954
8955
8956
8957
8958
8959
8960
8961
8962
8963
8964
8965
8966
8967
8968
8969
8970
8971
8972
8973
8974
8975
8976
8977
8978
8979
8980
8981
8982
8983
8984
8985
8986
8987
8988
8989
8990
8991
8992
8993
8994
8995
8996
8997
8998
8999
9000
9001
9002
9003
9004
9005
9006
9007
9008
9009
9010
9011
9012
9013
9014
9015
9016
9017
9018
9019
9020
9021
9022
9023
9024
9025
9026
9027
9028
9029
9030
9031
9032
9033
9034
9035
9036
9037
9038
9039
9040
9041
9042
9043
9044
9045
9046
9047
9048
9049
9050
9051
9052
9053
9054
9055
9056
9057
9058
9059
9060
9061
9062
9063
9064
9065
9066
9067
9068
9069
9070
9071
9072
9073
9074
9075
9076
9077
9078
9079
9080
9081
9082
9083
9084
9085
9086
9087
9088
9089
9090
9091
9092
9093
9094
9095
9096
9097
9098
9099
9100
9101
9102
9103
9104
9105
9106
9107
9108
9109
9110
9111
9112
9113
9114
9115
9116
9117
9118
9119
9120
9121
9122
9123
9124
9125
9126
9127
9128
9129
9130
9131
9132
9133
9134
9135
9136
9137
9138
9139
9140
9141
9142
9143
9144
9145
9146
9147
9148
9149
9150
9151
9152
9153
9154
9155
9156
9157
9158
9159
9160
9161
9162
9163
9164
9165
9166
9167
9168
9169
9170
9171
9172
9173
9174
9175
9176
9177
9178
9179
9180
9181
9182
9183
9184
9185
9186
9187
9188
9189
9190
9191
9192
9193
9194
9195
9196
9197
9198
9199
9200
9201
9202
9203
9204
9205
9206
9207
9208
9209
9210
9211
9212
9213
9214
9215
9216
9217
9218
9219
9220
9221
9222
9223
9224
9225
9226
9227
9228
9229
9230
9231
9232
9233
9234
9235
9236
9237
9238
9239
9240
9241
9242
9243
9244
9245
9246
9247
9248
9249
9250
9251
9252
9253
9254
9255
9256
9257
9258
9259
9260
9261
9262
9263
9264
9265
9266
9267
9268
9269
9270
9271
9272
9273
9274
9275
9276
9277
9278
9279
9280
9281
9282
9283
9284
9285
9286
9287
9288
9289
9290
9291
9292
9293
9294
9295
9296
9297
9298
9299
9300
9301
9302
9303
9304
9305
9306
9307
9308
0.2996092900805127 -0.1123290931746777 0
0.3301135089528698 -0.1120875442307365 0
0.3606177278252269 -0.1114874213910739 0
0.3911219466975842 -0.1105683907828449 0
0.4216261655699411 -0.1093638035278863 0
0.452130384442298 -0.1079023731660044 0
0.4826346033146552 -0.1062084716708492 0
0.5131398089065931 -0.1043033135134113 0
0.5436440277789503 -0.1022049556620223 0
0.5741482466513075 -0.09992859359822914 0
0.6046524655236647 -0.09748725202050054 0
0.6351566843960219 -0.09489178484422706 0
0.6656609032683792 -0.09215077652976315 0
0.6961651221407362 -0.0892710354422174 0
0.7266693410130931 -0.08625759385145272 0
0.75717355988545 -0.08311351058817025 0
0.7876777787578064 -0.07984056174761567 0
0.8181819976301623 -0.07643845131391477 0
0.8486862165025182 -0.07290579787965434 0
0.8791904353748738 -0.06923944394217535 0
0.9096946542472291 -0.06543455457553128 0
0.9401988731195847 -0.06148524893101975 0
0.9707030919919408 -0.05738392926786759 0
1.001207310864297 -0.05312167564106313 0
1.047492428356226 -0.05312167565254276 0
1.09377754584824 -0.05312167566402234 0
1.140062663340231 -0.05312167567550197 0
1.186347780832131 -0.05312167568698156 0
1.232632898323953 -0.05312167569846118 0
1.278918015815869 -0.05312167570994082 0
1.325203133307883 -0.05312167572142043 0
1.371488250799898 -0.05312167573290003 0
1.417773368291912 -0.05312167574437963 0
1.464058485783926 -0.05312167575585923 0
1.51034360327594 -0.05312167576733884 0
1.556628720767955 -0.05312167577881846 0
1.602913838259951 -0.05312167579029808 0
1.649198955751864 -0.05312167580177771 0
1.695484073243693 -0.05312167581325729 0
1.741769190735505 -0.05312167582473691 0
1.788054308227315 -0.05312167583621652 0
1.834339425719128 -0.05312167584769613 0
1.880624543210939 -0.05312167585917575 0
1.92690966070275 -0.05312167587065533 0
1.973194778194561 -0.05312167588213498 0
2.01947989568647 -0.05312167589361459 0
2.065765013178487 -0.05312167590509417 0
2.1120501306705 -0.0531216759165738 0
2.158335248162514 -0.05312167592805341 0
2.204620365654529 -0.05312167593953304 0
2.250905483146544 -0.05312167595101262 0
2.297190600638556 -0.05312167596249226 0
2.343475718130572 -0.05312167597397185 0
2.389760835622585 -0.05312167598545148 0
2.436045953114599 -0.05312167599693107 0
2.482331070606613 -0.05312167600841068 0
2.528616188098628 -0.0531216760198903 0
2.574901305590641 -0.05312167603136989 0
2.621186423082656 -0.05312167604284951 0
2.66747154057467 -0.05312167605432912 0
2.713756658066684 -0.05312167606580875 0
2.760041775558698 -0.05312167607728838 0
2.806326893050711 -0.05312167608876797 0
2.852612010542728 -0.05312167610024757 0
2.898897128034741 -0.05312167611172718 0
2.945182245526755 -0.0531216761232068 0
2.991467363018774 -0.05312167613468638 0
3.037752480510793 -0.053121676146166 0
3.084037598002811 -0.05312167615764563 0
3.13032271549483 -0.05312167616912525 0
3.176607832986847 -0.05312167618060486 0
3.222892950478865 -0.05312167619208445 0
3.269178067970886 -0.05312167620356406 0
3.315463185462904 -0.05312167621504368 0
3.361748302954922 -0.05312167622652328 0
3.408033420446941 -0.0531216762380029 0
3.454318537938959 -0.05312167624948251 0
3.500603655430978 -0.05312167626096212 0
3.546888772922998 -0.05312167627244174 0
3.593173890415016 -0.05312167628392134 0
3.639459007907034 -0.05312167629540096 0
3.685744125399053 -0.05312167630688056 0
3.732029242891073 -0.05312167631836019 0
3.778314360383092 -0.05312167632983977 0
3.82459947787511 -0.0531216763413194 0
3.870884595367129 -0.05312167635279902 0
3.917169712859149 -0.05312167636427863 0
3.963454830351168 -0.05312167637575824 0
4.009739947843186 -0.05312167638723783 0
4.056025065335205 -0.05312167639871747 0
4.102310182827224 -0.05312167641019706 0
4.148595300319243 -0.05312167642167669 0
4.194880417811261 -0.0531216764331563 0
4.24116553530328 -0.05312167644463589 0
4.2874506527953 -0.05312167645611551 0
4.333735770287318 -0.05312167646759512 0
4.380020887779339 -0.05312167647907473 0
4.426306005271356 -0.05312167649055435 0
4.472591122763375 -0.05312167650203395 0
4.518876240255397 -0.05312167651351356 0
4.565161357747413 -0.05312167652499318 0
4.611446475239434 -0.05312167653647279 0
4.657731592731451 -0.0531216765479524 0
4.70401671022347 -0.05312167655943201 0
4.750301827715488 -0.05312167657091162 0
4.796586945207509 -0.05312167658239124 0
4.842872062699525 -0.05312167659387085 0
4.889157180191546 -0.05312167660535046 0
4.935442297683562 -0.05312167661683007 0
4.981727415175583 -0.05312167662830966 0
5.028012532667604 -0.05312167663978928 0
5.074297650159621 -0.05312167665126889 0
5.12058276765164 -0.05312167666274851 0
5.16686788514366 -0.05312167667422812 0
5.213153002635678 -0.05312167668570773 0
5.259438120127697 -0.05312167669718733 0
5.305723237619716 -0.05312167670866694 0
5.352008355111734 -0.05312167672014655 0
5.398293472603753 -0.05312167673162616 0
5.444578590095773 -0.05312167674310578 0
5.490863707587794 -0.05312167675458539 0
5.537148825079813 -0.053121676766065 0
5.58343394257183 -0.05312167677754462 0
5.62971906006385 -0.05312167678902423 0
5.676004177555869 -0.05312167680050384 0
5.722289295047887 -0.05312167681198344 0
5.768574412539906 -0.05312167682346305 0
5.814859530031923 -0.05312167683494267 0
5.861144647523943 -0.05312167684642228 0
5.907429765015963 -0.05312167685790189 0
5.953714882507981 -0.0531216768693815 0
0.2960175446260949 -0.167270126554821 0
0.326733043313992 -0.1670319912099298 0
0.3574485420018891 -0.1664403493787902 0
0.388164040689786 -0.165534306622072 0
0.4188795393776831 -0.1643467427395421 0
0.4495950380655799 -0.1629059654878047 0
0.4803105367534768 -0.161236002412843 0
0.5110270082165149 -0.1593577681801894 0
0.5417425069044122 -0.1572890645749243 0
0.5724580055923099 -0.1550448723342198 0
0.6031735042802076 -0.1526380320899375 0
0.6338890029681057 -0.1500792443686285 0
0.6646045016560032 -0.1473769723140199 0
0.6953200003439006 -0.1445379280745846 0
0.7260354990317981 -0.1415670728035419 0
0.7567509977196955 -0.1384674221038291 0
0.7874664964075915 -0.1352407269707001 0
0.8181819950954869 -0.1318866955716126 0
0.8488974937833818 -0.1284039660213692 0
0.879612992471277 -0.1247894254395189 0
0.9103284911591716 -0.1210383072278707 0
0.9410439898470666 -0.1171448136465844 0
0.9717594885349632 -0.1131014543270741 0
1.00247498722286 -0.1088994353820653 0
1.048748366970726 -0.1088994353937305 0
1.095021746718676 -0.1088994354053956 0
1.141295126466603 -0.1088994354170608 0
1.187568506214441 -0.1088994354287259 0
1.233841885962202 -0.108899435440391 0
1.280115265710056 -0.1088994354520561 0
1.326388645458006 -0.1088994354637213 0
1.372662025205956 -0.1088994354753865 0
1.418935404953907 -0.1088994354870516 0
1.465208784701857 -0.1088994354987167 0
1.511482164449807 -0.1088994355103819 0
1.557755544197758 -0.108899435522047 0
1.604028923945691 -0.1088994355337122 0
1.650302303693541 -0.1088994355453773 0
1.696575683441308 -0.1088994355570424 0
1.742849063189059 -0.1088994355687076 0
1.789122442936809 -0.1088994355803727 0
1.83539582268456 -0.1088994355920378 0
1.881669202432311 -0.108899435603703 0
1.92794258218006 -0.1088994356153681 0
1.974215961927811 -0.1088994356270333 0
2.020489341675658 -0.1088994356386984 0
2.066762721423609 -0.1088994356503636 0
2.113036101171559 -0.1088994356620287 0
2.159309480919509 -0.1088994356736938 0
2.205582860667459 -0.108899435685359 0
2.25185624041541 -0.1088994356970241 0
2.298129620163361 -0.1088994357086892 0
2.34440299991131 -0.1088994357203544 0
2.39067637965926 -0.1088994357320196 0
2.43694975940721 -0.1088994357436847 0
2.48322313915516 -0.1088994357553498 0
2.529496518903111 -0.108899435767015 0
2.575769898651061 -0.1088994357786801 0
2.622043278399012 -0.1088994357903453 0
2.66831665814696 -0.1088994358020104 0
2.714590037894912 -0.1088994358136755 0
2.760863417642863 -0.1088994358253407 0
2.807136797390813 -0.1088994358370058 0
2.853410177138763 -0.108899435848671 0
2.899683556886713 -0.1088994358603361 0
2.945956936634665 -0.1088994358720012 0
2.992230316382622 -0.1088994358836664 0
3.038503696130582 -0.1088994358953315 0
3.084777075878541 -0.1088994359069966 0
3.1310504556265 -0.1088994359186618 0
3.17732383537446 -0.108899435930327 0
3.22359721512242 -0.1088994359419921 0
3.269870594870379 -0.1088994359536572 0
3.316143974618338 -0.1088994359653223 0
3.362417354366297 -0.1088994359769875 0
3.408690734114258 -0.1088994359886526 0
3.454964113862217 -0.1088994360003178 0
3.501237493610176 -0.1088994360119829 0
3.547510873358136 -0.1088994360236481 0
3.593784253106096 -0.1088994360353132 0
3.640057632854056 -0.1088994360469783 0
3.686331012602015 -0.1088994360586435 0
3.732604392349975 -0.1088994360703086 0
3.778877772097935 -0.1088994360819737 0
3.825151151845894 -0.1088994360936389 0
3.871424531593852 -0.108899436105304 0
3.917697911341814 -0.1088994361169692 0
3.963971291089773 -0.1088994361286343 0
4.010244670837733 -0.1088994361402994 0
4.056518050585693 -0.1088994361519646 0
4.102791430333652 -0.1088994361636297 0
4.149064810081613 -0.1088994361752949 0
4.195338189829572 -0.10889943618696 0
4.241611569577533 -0.1088994361986252 0
4.287884949325492 -0.1088994362102903 0
4.33415832907345 -0.1088994362219554 0
4.380431708821411 -0.1088994362336205 0
4.426705088569368 -0.1088994362452857 0
4.472978468317329 -0.1088994362569508 0
4.51925184806529 -0.108899436268616 0
4.565525227813248 -0.1088994362802811 0
4.611798607561209 -0.1088994362919463 0
4.658071987309168 -0.1088994363036114 0
4.704345367057129 -0.1088994363152766 0
4.75061874680509 -0.1088994363269417 0
4.796892126553049 -0.1088994363386068 0
4.843165506301007 -0.108899436350272 0
4.889438886048969 -0.1088994363619371 0
4.935712265796926 -0.1088994363736022 0
4.981985645544887 -0.1088994363852674 0
5.028259025292847 -0.1088994363969325 0
5.074532405040806 -0.1088994364085977 0
5.120805784788766 -0.1088994364202628 0
5.167079164536726 -0.1088994364319279 0
5.213352544284686 -0.1088994364435931 0
5.259625924032644 -0.1088994364552582 0
5.305899303780603 -0.1088994364669234 0
5.352172683528564 -0.1088994364785885 0
5.398446063276523 -0.1088994364902537 0
5.444719443024483 -0.1088994365019188 0
5.490992822772442 -0.1088994365135839 0
5.537266202520403 -0.1088994365252491 0
5.583539582268362 -0.1088994365369142 0
5.629812962016322 -0.1088994365485793 0
5.676086341764283 -0.1088994365602445 0
5.722359721512243 -0.1088994365719096 0
5.768633101260202 -0.1088994365835748 0
5.814906481008161 -0.10889943659524 0
5.86117986075612 -0.1088994366069051 0
5.907453240504082 -0.1088994366185702 0
5.953726620252041 -0.1088994366302354 0
0.2922462119185591 -0.2249582113040385 0
0.3231835544116156 -0.2247236602381149 0
0.354120896904672 -0.224140923465862 0
0.3850582393977282 -0.223248517953143 0
0.4159955818907847 -0.2220788286115539 0
0.4469329243838408 -0.2206597371253389 0
0.477870266876897 -0.2190149093914333 0
0.5088085675034327 -0.2171649452796395 0
0.5397459099964899 -0.2151273786326262 0
0.5706832524895475 -0.2129169647059725 0
0.601620594982605 -0.2105463508616036 0
0.6325579374756629 -0.2080260765677902 0
0.6634952799687204 -0.2053644775858011 0
0.6944326224617779 -0.2025681650366428 0
0.7253699649548355 -0.1996420254010587 0
0.7563073074478925 -0.1965890288928346 0
0.7872446499409478 -0.1934109001522329 0
0.8181819924340022 -0.1901073517392098 0
0.8491193349270558 -0.1866770422668947 0
0.8800566774201095 -0.1831169057081545 0
0.910994019913163 -0.1794222472089411 0
0.9419313624062171 -0.1755873562937192 0
0.9728687048992726 -0.1716048553346992 0
1.00380604739233 -0.1674660828052298 0
1.050067102508995 -0.1674660828170703 0
1.096328157625743 -0.167466082828911 0
1.142589212742468 -0.1674660828407515 0
1.188850267859106 -0.1674660828525922 0
1.235111322975668 -0.1674660828644327 0
1.28137237809232 -0.1674660828762733 0
1.327633433209069 -0.1674660828881138 0
1.373894488325817 -0.1674660828999545 0
1.420155543442565 -0.167466082911795 0
1.466416598559313 -0.1674660829236357 0
1.512677653676061 -0.1674660829354762 0
1.55893870879281 -0.1674660829473167 0
1.605199763909541 -0.1674660829591575 0
1.651460819026191 -0.167466082970998 0
1.697721874142759 -0.1674660829828386 0
1.74398292925931 -0.1674660829946792 0
1.790243984375862 -0.1674660830065198 0
1.836505039492413 -0.1674660830183604 0
1.882766094608964 -0.1674660830302009 0
1.929027149725515 -0.1674660830420415 0
1.975288204842066 -0.1674660830538821 0
2.021549259958713 -0.1674660830657227 0
2.067810315075462 -0.1674660830775633 0
2.11407137019221 -0.1674660830894038 0
2.160332425308958 -0.1674660831012444 0
2.206593480425707 -0.167466083113085 0
2.252854535542455 -0.1674660831249256 0
2.299115590659203 -0.1674660831367662 0
2.345376645775951 -0.1674660831486068 0
2.391637700892699 -0.1674660831604473 0
2.437898756009447 -0.1674660831722879 0
2.484159811126195 -0.1674660831841286 0
2.530420866242943 -0.1674660831959691 0
2.576681921359692 -0.1674660832078097 0
2.62294297647644 -0.1674660832196503 0
2.669204031593187 -0.1674660832314909 0
2.715465086709937 -0.1674660832433315 0
2.761726141826684 -0.1674660832551721 0
2.807987196943433 -0.1674660832670127 0
2.85424825206018 -0.1674660832788532 0
2.900509307176929 -0.1674660832906939 0
2.94677036229368 -0.1674660833025344 0
2.99303141741044 -0.167466083314375 0
3.039292472527201 -0.1674660833262156 0
3.085553527643963 -0.1674660833380562 0
3.131814582760725 -0.1674660833498968 0
3.178075637877488 -0.1674660833617373 0
3.22433669299425 -0.1674660833735779 0
3.270597748111013 -0.1674660833854185 0
3.316858803227775 -0.1674660833972591 0
3.363119858344536 -0.1674660834090997 0
3.4093809134613 -0.1674660834209403 0
3.455641968578062 -0.1674660834327808 0
3.501903023694823 -0.1674660834446215 0
3.548164078811586 -0.1674660834564621 0
3.594425133928348 -0.1674660834683027 0
3.640686189045111 -0.1674660834801432 0
3.686947244161873 -0.1674660834919838 0
3.733208299278636 -0.1674660835038244 0
3.779469354395398 -0.167466083515665 0
3.825730409512161 -0.1674660835275056 0
3.871991464628924 -0.1674660835393462 0
3.918252519745686 -0.1674660835511868 0
3.964513574862449 -0.1674660835630273 0
4.010774629979211 -0.167466083574868 0
4.057035685095975 -0.1674660835867085 0
4.103296740212737 -0.1674660835985491 0
4.149557795329499 -0.1674660836103897 0
4.195818850446261 -0.1674660836222303 0
4.242079905563023 -0.1674660836340709 0
4.288340960679789 -0.1674660836459115 0
4.334602015796548 -0.1674660836577521 0
4.380863070913312 -0.1674660836695926 0
4.427124126030073 -0.1674660836814332 0
4.473385181146837 -0.1674660836932738 0
4.519646236263601 -0.1674660837051144 0
4.565907291380361 -0.167466083716955 0
4.612168346497125 -0.1674660837287956 0
4.658429401613885 -0.1674660837406362 0
4.704690456730649 -0.1674660837524767 0
4.750951511847412 -0.1674660837643174 0
4.797212566964174 -0.1674660837761579 0
4.843473622080936 -0.1674660837879985 0
4.8897346771977 -0.1674660837998391 0
4.935995732314462 -0.1674660838116797 0
4.982256787431226 -0.1674660838235202 0
5.028517842547986 -0.1674660838353609 0
5.074778897664749 -0.1674660838472015 0
5.121039952781512 -0.167466083859042 0
5.167301007898274 -0.1674660838708826 0
5.213562063015037 -0.1674660838827232 0
5.259823118131798 -0.1674660838945638 0
5.306084173248562 -0.1674660839064044 0
5.352345228365325 -0.167466083918245 0
5.398606283482087 -0.1674660839300856 0
5.444867338598849 -0.1674660839419262 0
5.491128393715613 -0.1674660839537667 0
5.537389448832374 -0.1674660839656073 0
5.583650503949136 -0.1674660839774479 0
5.629911559065899 -0.1674660839892884 0
5.676172614182663 -0.1674660840011291 0
5.722433669299424 -0.1674660840129697 0
5.768694724416187 -0.1674660840248103 0
5.814955779532951 -0.1674660840366508 0
5.861216834649712 -0.1674660840484915 0
5.907477889766476 -0.167466084060332 0
5.953738944883237 -0.1674660840721726 0
0.2882863125878027 -0.2855307001046855 0
0.3194565910755566 -0.2852999125316492 0
0.3506268695633105 -0.2847265260711817 0
0.3817971480510644 -0.2838484396646004 0
0.4129674265388183 -0.2826975185909244 0
0.444137705026572 -0.2813011971584204 0
0.4753079835143259 -0.2796827615325253 0
0.5064792047618141 -0.2778624810475256 0
0.5376494832495692 -0.2758576082065585 0
0.5688197617373251 -0.2736826615095315 0
0.5999900402250811 -0.271350085384937 0
0.6311603187128366 -0.2688702501898521 0
0.6623305972005925 -0.2662513579339646 0
0.6935008756883482 -0.2634999136594414 0
0.7246711541761038 -0.2606207254409266 0
0.7558414326638589 -0.2576167158335971 0
0.7870117111516119 -0.2544895818049744 0
0.8181819896393632 -0.2512390405271381 0
0.8493522681271138 -0.2478637721364605 0
0.8805225466148643 -0.2443607598017922 0
0.9116928251026146 -0.2407253840004351 0
0.9428631035903656 -0.2369520258843736 0
0.9740333820781193 -0.2330334262036538 0
1.005203660565874 -0.2289610624102782 0
1.05145177481982 -0.2289610624222825 0
1.097699889073846 -0.2289610624342869 0
1.14394800332785 -0.2289610624462912 0
1.190196117581768 -0.2289610624582954 0
1.236444231835611 -0.2289610624702997 0
1.282692346089544 -0.228961062482304 0
1.328940460343571 -0.2289610624943084 0
1.375188574597597 -0.2289610625063127 0
1.421436688851624 -0.2289610625183169 0
1.467684803105651 -0.2289610625303213 0
1.513932917359678 -0.2289610625423255 0
1.560181031613705 -0.2289610625543299 0
1.606429145867715 -0.2289610625663342 0
1.652677260121644 -0.2289610625783385 0
1.698925374375494 -0.2289610625903428 0
1.745173488629328 -0.2289610626023472 0
1.79142160288316 -0.2289610626143514 0
1.837669717136993 -0.2289610626263557 0
1.883917831390826 -0.22896106263836 0
1.930165945644659 -0.2289610626503643 0
1.976414059898493 -0.2289610626623687 0
2.022662174152419 -0.2289610626743729 0
2.068910288406446 -0.2289610626863772 0
2.115158402660472 -0.2289610626983816 0
2.1614065169145 -0.2289610627103859 0
2.207654631168526 -0.2289610627223901 0
2.253902745422554 -0.2289610627343945 0
2.300150859676579 -0.2289610627463988 0
2.346398973930607 -0.2289610627584031 0
2.392647088184633 -0.2289610627704074 0
2.438895202438658 -0.2289610627824117 0
2.485143316692686 -0.228961062794416 0
2.531391430946714 -0.2289610628064203 0
2.57763954520074 -0.2289610628184246 0
2.623887659454766 -0.2289610628304289 0
2.670135773708793 -0.2289610628424332 0
2.716383887962819 -0.2289610628544376 0
2.762632002216846 -0.2289610628664419 0
2.808880116470872 -0.2289610628784462 0
2.855128230724899 -0.2289610628904505 0
2.901376344978925 -0.2289610629024548 0
2.947624459232958 -0.2289610629144591 0
2.993872573486999 -0.2289610629264634 0
3.040120687741044 -0.2289610629384677 0
3.08636880199509 -0.228961062950472 0
3.132616916249137 -0.2289610629624763 0
3.178865030503182 -0.2289610629744806 0
3.225113144757229 -0.2289610629864849 0
3.271361259011274 -0.2289610629984893 0
3.317609373265321 -0.2289610630104936 0
3.363857487519366 -0.2289610630224979 0
3.410105601773412 -0.2289610630345021 0
3.456353716027458 -0.2289610630465065 0
3.502601830281504 -0.2289610630585108 0
3.54884994453555 -0.2289610630705151 0
3.595098058789596 -0.2289610630825193 0
3.641346173043642 -0.2289610630945236 0
3.687594287297689 -0.228961063106528 0
3.733842401551736 -0.2289610631185323 0
3.780090515805782 -0.2289610631305366 0
3.826338630059827 -0.2289610631425409 0
3.872586744313873 -0.2289610631545453 0
3.91883485856792 -0.2289610631665495 0
3.965082972821967 -0.2289610631785539 0
4.011331087076012 -0.2289610631905582 0
4.05757920133006 -0.2289610632025625 0
4.103827315584105 -0.2289610632145668 0
4.150075429838152 -0.2289610632265711 0
4.196323544092197 -0.2289610632385754 0
4.242571658346244 -0.2289610632505797 0
4.28881977260029 -0.228961063262584 0
4.335067886854335 -0.2289610632745883 0
4.381316001108382 -0.2289610632865926 0
4.427564115362429 -0.2289610632985969 0
4.473812229616474 -0.2289610633106013 0
4.520060343870523 -0.2289610633226056 0
4.566308458124566 -0.2289610633346099 0
4.612556572378613 -0.2289610633466142 0
4.65880468663266 -0.2289610633586185 0
4.705052800886706 -0.2289610633706228 0
4.751300915140753 -0.2289610633826271 0
4.797549029394799 -0.2289610633946314 0
4.843797143648845 -0.2289610634066357 0
4.890045257902893 -0.22896106341864 0
4.936293372156936 -0.2289610634306443 0
4.982541486410984 -0.2289610634426486 0
5.028789600665029 -0.2289610634546529 0
5.075037714919076 -0.2289610634666572 0
5.121285829173122 -0.2289610634786615 0
5.16753394342717 -0.2289610634906658 0
5.213782057681215 -0.2289610635026702 0
5.260030171935259 -0.2289610635146745 0
5.306278286189306 -0.2289610635266788 0
5.352526400443352 -0.2289610635386831 0
5.398774514697399 -0.2289610635506874 0
5.445022628951445 -0.2289610635626917 0
5.49127074320549 -0.2289610635746961 0
5.537518857459538 -0.2289610635867003 0
5.583766971713584 -0.2289610635987047 0
5.630015085967631 -0.2289610636107089 0
5.676263200221676 -0.2289610636227132 0
5.722511314475722 -0.2289610636347175 0
5.768759428729768 -0.2289610636467218 0
5.815007542983814 -0.2289610636587261 0
5.861255657237859 -0.2289610636707305 0
5.907503771491909 -0.2289610636827348 0
5.953751885745953 -0.2289610636947391 0
0.2841284183067877 -0.3491318130962603 0
0.3155432795880115 -0.3489049771907231 0
0.3469581408692356 -0.3483414085575739 0
0.3783730021504594 -0.3474783572123613 0
0.4097878634316834 -0.3463471428198987 0
0.441202724712907 -0.3449747299436801 0
0.4726175859941306 -0.3433840060310694 0
0.5040333738926575 -0.3415948933540635 0
0.5354482351738825 -0.3396243490092922 0
0.5668630964551089 -0.3374866429032095 0
0.5982779577363356 -0.3351940063842038 0
0.6296928190175619 -0.332756632242599 0
0.6611076802987882 -0.3301825820489245 0
0.6925225415800148 -0.327478249462565 0
0.7239374028612412 -0.3246483602317619 0
0.7553522641424666 -0.3216957868701517 0
0.7867671254236897 -0.3186221972888787 0
0.8181819867049104 -0.3154273135027522 0
0.8495968479861304 -0.3121098382475491 0
0.88101170926735 -0.3086668063479028 0
0.9124265705485697 -0.3050936773790324 0
0.9438414318297901 -0.3013849287018174 0
0.975256293111014 -0.2975334253630313 0
1.00667115439224 -0.2935307907422622 0
1.052905680740383 -0.2935307907544177 0
1.099140207088606 -0.293530790766573 0
1.145374733436807 -0.2935307907787282 0
1.191609259784923 -0.2935307907908833 0
1.237843786132967 -0.2935307908030386 0
1.284078312481098 -0.293530790815194 0
1.330312838829322 -0.2935307908273492 0
1.376547365177545 -0.2935307908395046 0
1.422781891525768 -0.2935307908516598 0
1.469016417873992 -0.2935307908638149 0
1.515250944222215 -0.2935307908759702 0
1.561485470570438 -0.2935307908881254 0
1.607719996918646 -0.2935307909002809 0
1.653954523266774 -0.2935307909124361 0
1.700189049614823 -0.2935307909245914 0
1.746423575962856 -0.2935307909367467 0
1.792658102310889 -0.293530790948902 0
1.838892628658922 -0.2935307909610573 0
1.885127155006955 -0.2935307909732124 0
1.931361681354988 -0.2935307909853677 0
1.977596207703022 -0.2935307909975229 0
2.023830734051146 -0.2935307910096783 0
2.070065260399369 -0.2935307910218335 0
2.116299786747593 -0.2935307910339888 0
2.162534313095818 -0.293530791046144 0
2.20876883944404 -0.2935307910582992 0
2.255003365792264 -0.2935307910704547 0
2.301237892140487 -0.2935307910826099 0
2.347472418488711 -0.2935307910947651 0
2.393706944836933 -0.2935307911069204 0
2.439941471185156 -0.2935307911190756 0
2.486175997533379 -0.2935307911312309 0
2.532410523881605 -0.2935307911433863 0
2.578645050229827 -0.2935307911555415 0
2.62487957657805 -0.2935307911676968 0
2.671114102926273 -0.293530791179852 0
2.717348629274496 -0.2935307911920073 0
2.763583155622721 -0.2935307912041625 0
2.809817681970944 -0.2935307912163179 0
2.856052208319167 -0.293530791228473 0
2.902286734667391 -0.2935307912406283 0
2.94852126101562 -0.2935307912527837 0
2.994755787363863 -0.2935307912649389 0
3.04099031371211 -0.2935307912770941 0
3.087224840060357 -0.2935307912892494 0
3.133459366408605 -0.2935307913014047 0
3.179693892756854 -0.29353079131356 0
3.225928419105102 -0.2935307913257152 0
3.27216294545335 -0.2935307913378705 0
3.318397471801599 -0.2935307913500258 0
3.364631998149845 -0.2935307913621811 0
3.410866524498095 -0.2935307913743362 0
3.457101050846343 -0.2935307913864916 0
3.50333557719459 -0.2935307913986469 0
3.549570103542839 -0.2935307914108021 0
3.595804629891087 -0.2935307914229575 0
3.642039156239334 -0.2935307914351127 0
3.688273682587583 -0.293530791447268 0
3.734508208935832 -0.2935307914594232 0
3.780742735284079 -0.2935307914715785 0
3.826977261632328 -0.2935307914837337 0
3.873211787980576 -0.293530791495889 0
3.919446314328825 -0.2935307915080443 0
3.965680840677074 -0.2935307915201996 0
4.011915367025321 -0.2935307915323549 0
4.058149893373571 -0.2935307915445102 0
4.10438441972182 -0.2935307915566654 0
4.150618946070067 -0.2935307915688207 0
4.196853472418315 -0.2935307915809759 0
4.243087998766566 -0.2935307915931311 0
4.289322525114811 -0.2935307916052864 0
4.33555705146306 -0.2935307916174417 0
4.381791577811308 -0.293530791629597 0
4.428026104159556 -0.2935307916417523 0
4.474260630507805 -0.2935307916539075 0
4.520495156856055 -0.2935307916660628 0
4.566729683204302 -0.2935307916782181 0
4.612964209552549 -0.2935307916903733 0
4.659198735900797 -0.2935307917025286 0
4.705433262249045 -0.2935307917146839 0
4.751667788597295 -0.2935307917268392 0
4.797902314945543 -0.2935307917389944 0
4.844136841293792 -0.2935307917511497 0
4.89037136764204 -0.293530791763305 0
4.936605893990287 -0.2935307917754602 0
4.982840420338539 -0.2935307917876155 0
5.029074946686785 -0.2935307917997708 0
5.075309473035033 -0.293530791811926 0
5.121543999383283 -0.2935307918240813 0
5.16777852573153 -0.2935307918362365 0
5.214013052079778 -0.2935307918483918 0
5.260247578428028 -0.2935307918605471 0
5.306482104776276 -0.2935307918727024 0
5.352716631124522 -0.2935307918848577 0
5.39895115747277 -0.2935307918970129 0
5.445185683821022 -0.2935307919091682 0
5.491420210169268 -0.2935307919213235 0
5.537654736517517 -0.2935307919334786 0
5.583889262865765 -0.2935307919456339 0
5.630123789214012 -0.2935307919577892 0
5.676358315562263 -0.2935307919699445 0
5.722592841910511 -0.2935307919820998 0
5.768827368258759 -0.2935307919942551 0
5.815061894607006 -0.2935307920064104 0
5.861296420955254 -0.2935307920185656 0
5.907530947303505 -0.2935307920307209 0
5.953765473651752 -0.293530792042876 0
0.2797626292550843 -0.415912982603673 0
0.3114343024727783 -0.4156902959490442 0
0.343105975690472 -0.415137036034694 0
0.3747776489081656 -0.4142897715041034 0
0.4064493221258593 -0.413179249127164 0
0.4381209953435529 -0.4118319402353509 0
0.4697926685612462 -0.4102703136220463 0
0.5014652514466889 -0.4085139271438388 0
0.5331369246643846 -0.406579427720521 0
0.5648085978820814 -0.4044808242354167 0
0.5964802710997781 -0.402230124302803 0
0.6281519443174753 -0.3998373342679108 0
0.6598236175351724 -0.3973103682401503 0
0.691495290752869 -0.3946555029269844 0
0.723166963970566 -0.3918773776339296 0
0.7548386371882616 -0.3889788123310051 0
0.7865103104059544 -0.3859614444201581 0
0.8181819836236446 -0.3828250010010644 0
0.8498536568413335 -0.3795682085388762 0
0.8815253300590222 -0.3761881560967992 0
0.9131970032767112 -0.3726803863028672 0
0.9448686764944014 -0.3690394775373005 0
0.9765403497120948 -0.3652584253584378 0
1.008212022929791 -0.3613290063698348 0
1.054432281976658 -0.3613290063821254 0
1.100652541023604 -0.3613290063944161 0
1.146872800070528 -0.3613290064067067 0
1.193093059117369 -0.3613290064189973 0
1.239313318164138 -0.3613290064312878 0
1.285533577210994 -0.3613290064435785 0
1.331753836257939 -0.3613290064558692 0
1.377974095304885 -0.3613290064681598 0
1.424194354351832 -0.3613290064804504 0
1.470414613398777 -0.3613290064927411 0
1.516634872445723 -0.3613290065050317 0
1.562855131492669 -0.3613290065173222 0
1.609075390539599 -0.3613290065296129 0
1.655295649586451 -0.3613290065419036 0
1.701515908633226 -0.3613290065541943 0
1.747736167679985 -0.3613290065664849 0
1.793956426726744 -0.3613290065787754 0
1.840176685773504 -0.3613290065910661 0
1.886396944820262 -0.3613290066033567 0
1.932617203867022 -0.3613290066156473 0
1.97883746291378 -0.3613290066279379 0
2.02505772196063 -0.3613290066402287 0
2.071277981007576 -0.3613290066525192 0
2.117498240054522 -0.3613290066648098 0
2.163718499101468 -0.3613290066771004 0
2.209938758148414 -0.3613290066893911 0
2.256159017195361 -0.3613290067016817 0
2.302379276242306 -0.3613290067139723 0
2.348599535289252 -0.3613290067262629 0
2.394819794336199 -0.3613290067385536 0
2.441040053383143 -0.3613290067508442 0
2.48726031243009 -0.3613290067631348 0
2.533480571477036 -0.3613290067754255 0
2.579700830523982 -0.3613290067877161 0
2.625921089570928 -0.3613290068000067 0
2.672141348617873 -0.3613290068122973 0
2.71836160766482 -0.361329006824588 0
2.764581866711766 -0.3613290068368786 0
2.810802125758711 -0.3613290068491692 0
2.857022384805658 -0.3613290068614597 0
2.903242643852603 -0.3613290068737505 0
2.949462902899556 -0.3613290068860412 0
2.995683161946526 -0.3613290068983318 0
3.041903420993501 -0.3613290069106223 0
3.088123680040477 -0.361329006922913 0
3.134343939087454 -0.3613290069352036 0
3.18056419813443 -0.3613290069474943 0
3.226784457181406 -0.3613290069597849 0
3.273004716228384 -0.3613290069720755 0
3.319224975275359 -0.3613290069843661 0
3.365445234322336 -0.3613290069966567 0
3.411665493369312 -0.3613290070089473 0
3.457885752416288 -0.3613290070212379 0
3.504106011463263 -0.3613290070335285 0
3.550326270510241 -0.3613290070458192 0
3.596546529557218 -0.3613290070581098 0
3.642766788604193 -0.3613290070704004 0
3.688987047651171 -0.3613290070826911 0
3.735207306698148 -0.3613290070949817 0
3.781427565745124 -0.3613290071072723 0
3.8276478247921 -0.3613290071195631 0
3.873868083839076 -0.3613290071318536 0
3.920088342886054 -0.3613290071441443 0
3.96630860193303 -0.3613290071564348 0
4.012528860980007 -0.3613290071687255 0
4.058749120026983 -0.3613290071810162 0
4.104969379073962 -0.3613290071933068 0
4.151189638120938 -0.3613290072055974 0
4.197409897167914 -0.361329007217888 0
4.24363015621489 -0.3613290072301786 0
4.289850415261865 -0.3613290072424692 0
4.336070674308844 -0.3613290072547598 0
4.38229093335582 -0.3613290072670505 0
4.428511192402794 -0.3613290072793413 0
4.474731451449773 -0.3613290072916316 0
4.52095171049675 -0.3613290073039224 0
4.567171969543725 -0.3613290073162131 0
4.613392228590702 -0.3613290073285037 0
4.659612487637678 -0.3613290073407942 0
4.705832746684655 -0.3613290073530848 0
4.752053005731634 -0.3613290073653756 0
4.798273264778607 -0.3613290073776662 0
4.844493523825586 -0.3613290073899567 0
4.890713782872562 -0.3613290074022474 0
4.936934041919538 -0.3613290074145381 0
4.983154300966516 -0.3613290074268287 0
5.02937456001349 -0.3613290074391193 0
5.075594819060469 -0.3613290074514099 0
5.121815078107446 -0.3613290074637006 0
5.168035337154421 -0.3613290074759912 0
5.214255596201398 -0.3613290074882818 0
5.260475855248373 -0.3613290075005724 0
5.306696114295349 -0.361329007512863 0
5.352916373342328 -0.3613290075251537 0
5.399136632389304 -0.3613290075374443 0
5.44535689143628 -0.3613290075497348 0
5.491577150483257 -0.3613290075620256 0
5.537797409530236 -0.3613290075743161 0
5.584017668577209 -0.3613290075866068 0
5.630237927624186 -0.3613290075988974 0
5.676458186671166 -0.3613290076111881 0
5.722678445718139 -0.3613290076234787 0
5.768898704765117 -0.3613290076357693 0
5.815118963812094 -0.3613290076480599 0
5.861339222859069 -0.3613290076603505 0
5.907559481906048 -0.3613290076726413 0
5.953779740953024 -0.3613290076849318 0
0.2751785507615455 -0.486033210421932 0
0.3071198765118949 -0.4858148804807279 0
0.3390612022622443 -0.4852724447210716 0
0.3710025280125934 -0.4844417563457756 0
0.4029438537629427 -0.4833529605850647 0
0.4348851795132918 -0.4820320108767958 0
0.4668265052636409 -0.4805009364276714 0
0.4987687228847077 -0.4787789124581011 0
0.5307100486350593 -0.4768822602022005 0
0.5626513743854125 -0.4748247144690071 0
0.5945927001357658 -0.4726180479519815 0
0.6265340258861192 -0.4702720712290075 0
0.6584753516364725 -0.4677945435753204 0
0.6904166773868257 -0.4651916188988655 0
0.7223580031371787 -0.4624678457402981 0
0.7542993288875307 -0.45962598889884 0
0.7862406546378791 -0.4566676537417815 0
0.8181819803882241 -0.4535925727079076 0
0.8501233061385682 -0.4503994971782149 0
0.8820646318889118 -0.4470855731664099 0
0.9140059576392552 -0.4436464305059812 0
0.9459472833896003 -0.4400767536474573 0
0.9778886091399497 -0.4363696751863196 0
1.009829934890302 -0.4325171326112895 0
1.056035213270866 -0.4325171326236989 0
1.102240491651507 -0.4325171326361084 0
1.148445770032126 -0.4325171326485178 0
1.194651048412664 -0.4325171326609273 0
1.240856326793132 -0.4325171326733367 0
1.287061605173684 -0.4325171326857461 0
1.333266883554325 -0.4325171326981553 0
1.379472161934966 -0.4325171327105649 0
1.425677440315607 -0.4325171327229742 0
1.471882718696247 -0.4325171327353837 0
1.518087997076888 -0.4325171327477931 0
1.56429327545753 -0.4325171327602025 0
1.610498553838155 -0.4325171327726118 0
1.656703832218703 -0.4325171327850214 0
1.702909110599177 -0.4325171327974308 0
1.749114388979634 -0.4325171328098401 0
1.795319667360092 -0.4325171328222496 0
1.841524945740549 -0.4325171328346589 0
1.887730224121008 -0.4325171328470683 0
1.933935502501465 -0.4325171328594777 0
1.980140780881922 -0.4325171328718871 0
2.026346059262469 -0.4325171328842965 0
2.072551337643111 -0.4325171328967058 0
2.118756616023751 -0.4325171329091152 0
2.164961894404393 -0.4325171329215248 0
2.211167172785033 -0.4325171329339341 0
2.257372451165675 -0.4325171329463436 0
2.303577729546315 -0.432517132958753 0
2.349783007926956 -0.4325171329711623 0
2.395988286307597 -0.4325171329835718 0
2.442193564688238 -0.4325171329959811 0
2.488398843068877 -0.4325171330083906 0
2.534604121449519 -0.4325171330208 0
2.58080939983016 -0.4325171330332094 0
2.627014678210801 -0.4325171330456188 0
2.673219956591442 -0.4325171330580281 0
2.719425234972082 -0.4325171330704376 0
2.765630513352724 -0.432517133082847 0
2.811835791733365 -0.4325171330952564 0
2.858041070114005 -0.4325171331076658 0
2.904246348494647 -0.4325171331200751 0
2.950451626875296 -0.4325171331324846 0
2.996656905255965 -0.4325171331448939 0
3.042862183636641 -0.4325171331573033 0
3.089067462017319 -0.4325171331697128 0
3.135272740397996 -0.4325171331821223 0
3.181478018778673 -0.4325171331945316 0
3.22768329715935 -0.4325171332069411 0
3.273888575540028 -0.4325171332193505 0
3.320093853920705 -0.4325171332317598 0
3.366299132301381 -0.4325171332441692 0
3.412504410682059 -0.4325171332565786 0
3.458709689062736 -0.4325171332689881 0
3.504914967443414 -0.4325171332813975 0
3.551120245824091 -0.4325171332938069 0
3.597325524204768 -0.4325171333062162 0
3.643530802585446 -0.4325171333186255 0
3.689736080966123 -0.432517133331035 0
3.735941359346802 -0.4325171333434444 0
3.782146637727479 -0.4325171333558538 0
3.828351916108157 -0.4325171333682632 0
3.874557194488833 -0.4325171333806725 0
3.920762472869511 -0.432517133393082 0
3.966967751250189 -0.4325171334054915 0
4.013173029630866 -0.4325171334179009 0
4.059378308011546 -0.4325171334303102 0
4.105583586392221 -0.4325171334427196 0
4.151788864772899 -0.432517133455129 0
4.197994143153576 -0.4325171334675386 0
4.244199421534253 -0.4325171334799479 0
4.290404699914933 -0.4325171334923573 0
4.336609978295608 -0.4325171335047666 0
4.382815256676288 -0.4325171335171762 0
4.429020535056964 -0.4325171335295855 0
4.475225813437641 -0.4325171335419949 0
4.52143109181832 -0.4325171335544042 0
4.567636370198995 -0.4325171335668137 0
4.613841648579675 -0.4325171335792231 0
4.660046926960352 -0.4325171335916326 0
4.706252205341029 -0.4325171336040419 0
4.752457483721708 -0.4325171336164513 0
4.798662762102383 -0.4325171336288606 0
4.844868040483062 -0.4325171336412703 0
4.89107331886374 -0.4325171336536796 0
4.937278597244415 -0.4325171336660889 0
4.983483875625095 -0.4325171336784984 0
5.029689154005772 -0.4325171336909078 0
5.075894432386451 -0.4325171337033172 0
5.122099710767126 -0.4325171337157266 0
5.168304989147806 -0.4325171337281359 0
5.214510267528482 -0.4325171337405454 0
5.260715545909157 -0.4325171337529548 0
5.306920824289837 -0.4325171337653642 0
5.353126102670515 -0.4325171337777736 0
5.399331381051192 -0.432517133790183 0
5.445536659431871 -0.4325171338025924 0
5.491741937812546 -0.4325171338150019 0
5.537947216193226 -0.4325171338274112 0
5.584152494573901 -0.4325171338398206 0
5.63035777295458 -0.43251713385223 0
5.676563051335258 -0.4325171338646394 0
5.722768329715935 -0.4325171338770489 0
5.768973608096613 -0.4325171338894582 0
5.81517888647729 -0.4325171339018676 0
5.861384164857967 -0.432517133914277 0
5.907589443238646 -0.4325171339266864 0
5.953794721619324 -0.4325171339390959 0
0.2703652683394119 -0.5596594496909315 0
0.3025897292492747 -0.559445694298807 0
0.3348141901591377 -0.5589146239015685 0
0.3670386510690002 -0.5581013404893264 0
0.3992631119788629 -0.5570353576756543 0
0.4314875728887254 -0.555742085110109 0
0.4637120337985879 -0.5542430904333794 0
0.4959373678922849 -0.5525571470978878 0
0.5281618288021506 -0.5507002343677874 0
0.560386289712018 -0.548685799274115 0
0.5926107506218853 -0.5465253678434741 0
0.624835211531753 -0.5442285450980333 0
0.6570596724416202 -0.5418029277371448 0
0.6892841333514879 -0.5392545407292604 0
0.7215085942613551 -0.5365878373119306 0
0.753733055171221 -0.5338055243550399 0
0.7859575160810828 -0.5309091735894889 0
0.8181819769909406 -0.5278985230601272 0
0.8504064379007974 -0.5247723503095881 0
0.8826308988106535 -0.5215278611496045 0
0.9148553597205098 -0.5181607769793919 0
0.9470798206303677 -0.5146658936233023 0
0.9793042815402306 -0.511036487565818 0
1.011528742450097 -0.5072646652250841 0
1.057718291131031 -0.5072646652375947 0
1.10390783981204 -0.5072646652501051 0
1.150097388493028 -0.5072646652626158 0
1.196286937173936 -0.5072646652751261 0
1.242476485854775 -0.5072646652876367 0
1.288666034535697 -0.5072646653001474 0
1.334855583216706 -0.5072646653126578 0
1.381045131897714 -0.5072646653251683 0
1.427234680578723 -0.5072646653376788 0
1.473424229259733 -0.5072646653501894 0
1.519613777940741 -0.5072646653627 0
1.565803326621751 -0.5072646653752105 0
1.611992875302745 -0.507264665387721 0
1.658182423983664 -0.5072646654002315 0
1.704371972664508 -0.5072646654127422 0
1.750561521345338 -0.5072646654252526 0
1.796751070026168 -0.5072646654377633 0
1.842940618706997 -0.5072646654502737 0
1.889130167387827 -0.5072646654627844 0
1.935319716068655 -0.5072646654752948 0
1.981509264749485 -0.5072646654878052 0
2.027698813430402 -0.5072646655003159 0
2.07388836211141 -0.5072646655128263 0
2.120077910792419 -0.5072646655253369 0
2.166267459473429 -0.5072646655378473 0
2.212457008154438 -0.507264665550358 0
2.258646556835447 -0.5072646655628684 0
2.304836105516456 -0.5072646655753792 0
2.351025654197465 -0.5072646655878895 0
2.397215202878474 -0.5072646656004003 0
2.443404751559483 -0.5072646656129105 0
2.489594300240491 -0.5072646656254213 0
2.535783848921501 -0.5072646656379318 0
2.58197339760251 -0.5072646656504424 0
2.628162946283518 -0.5072646656629528 0
2.674352494964527 -0.5072646656754632 0
2.720542043645536 -0.507264665687974 0
2.766731592326545 -0.5072646657004843 0
2.812921141007554 -0.5072646657129949 0
2.859110689688563 -0.5072646657255055 0
2.905300238369572 -0.507264665738016 0
2.951489787050592 -0.5072646657505264 0
2.997679335731632 -0.5072646657630371 0
3.043868884412684 -0.5072646657755477 0
3.090058433093736 -0.5072646657880582 0
3.136247981774786 -0.5072646658005688 0
3.182437530455839 -0.5072646658130792 0
3.22862707913689 -0.5072646658255898 0
3.274816627817942 -0.5072646658381004 0
3.321006176498993 -0.5072646658506108 0
3.367195725180045 -0.5072646658631212 0
3.413385273861097 -0.5072646658756319 0
3.459574822542148 -0.5072646658881426 0
3.5057643712232 -0.5072646659006529 0
3.551953919904251 -0.5072646659131635 0
3.598143468585303 -0.5072646659256739 0
3.644333017266355 -0.5072646659381845 0
3.690522565947407 -0.5072646659506952 0
3.736712114628459 -0.5072646659632059 0
3.782901663309511 -0.5072646659757163 0
3.829091211990562 -0.5072646659882267 0
3.875280760671614 -0.5072646660007374 0
3.921470309352666 -0.5072646660132479 0
3.967659858033718 -0.5072646660257583 0
4.01384940671477 -0.5072646660382689 0
4.060038955395822 -0.5072646660507794 0
4.106228504076874 -0.50726466606329 0
4.152418052757925 -0.5072646660758005 0
4.198607601438979 -0.5072646660883111 0
4.244797150120029 -0.5072646661008214 0
4.290986698801082 -0.5072646661133321 0
4.337176247482132 -0.5072646661258428 0
4.383365796163185 -0.5072646661383531 0
4.429555344844236 -0.5072646661508637 0
4.475744893525289 -0.5072646661633744 0
4.521934442206342 -0.5072646661758848 0
4.568123990887391 -0.5072646661883954 0
4.614313539568444 -0.5072646662009058 0
4.660503088249497 -0.5072646662134163 0
4.70669263693055 -0.5072646662259268 0
4.7528821856116 -0.5072646662384375 0
4.799071734292653 -0.5072646662509479 0
4.845261282973704 -0.5072646662634586 0
4.891450831654756 -0.5072646662759691 0
4.937640380335806 -0.5072646662884795 0
4.983829929016862 -0.5072646663009902 0
5.030019477697911 -0.5072646663135006 0
5.076209026378963 -0.5072646663260112 0
5.122398575060015 -0.5072646663385216 0
5.168588123741068 -0.5072646663510323 0
5.214777672422118 -0.5072646663635428 0
5.260967221103169 -0.5072646663760533 0
5.307156769784222 -0.5072646663885639 0
5.353346318465274 -0.5072646664010746 0
5.399535867146325 -0.507264666413585 0
5.445725415827378 -0.5072646664260956 0
5.491914964508431 -0.507264666438606 0
5.538104513189481 -0.5072646664511167 0
5.584294061870533 -0.507264666463627 0
5.630483610551586 -0.5072646664761377 0
5.676673159232639 -0.5072646664886481 0
5.722862707913688 -0.5072646665011588 0
5.769052256594741 -0.5072646665136693 0
5.815241805275794 -0.5072646665261797 0
5.861431353956844 -0.5072646665386904 0
5.907620902637897 -0.5072646665512007 0
5.953810451318947 -0.5072646665637114 0
0.2653113218156851 -0.6369670006247873 0
0.2978330746418834 -0.6367580485091558 0
0.3303548274680814 -0.636238911742389 0
0.3628765802942793 -0.6354439035412602 0
0.3953983331204771 -0.6344018743218641 0
0.4279200859466749 -0.6331376627560448 0
0.4604418387728727 -0.6316723518401778 0
0.4929644451616778 -0.6300242931702995 0
0.5254861979878793 -0.6282091069421055 0
0.5580079508140828 -0.6262399380197335 0
0.5905297036402861 -0.6241280534295862 0
0.62305145646649 -0.6218828423603336 0
0.6555732092926934 -0.6195117308066505 0
0.688094962118897 -0.6170206083505209 0
0.7206167149451003 -0.6144138281612365 0
0.753138467771302 -0.6116940362828772 0
0.7856602205974992 -0.6088627691281348 0
0.8181819734236915 -0.6059197706282267 0
0.8507037262498824 -0.6028638457955047 0
0.883225479076073 -0.5996922632296285 0
0.9157472319022639 -0.5964008404738271 0
0.9482689847284562 -0.5929844902949679 0
0.9807907375546552 -0.5894366402609814 0
1.013312490380858 -0.5857495741659072 0
1.059485522877244 -0.585749574178498 0
1.105658555373705 -0.5857495741910888 0
1.151831587870145 -0.5857495742036793 0
1.198004620366506 -0.5857495742162701 0
1.244177652862801 -0.5857495742288608 0
1.290350685359177 -0.5857495742414516 0
1.336523717855637 -0.5857495742540423 0
1.382696750352097 -0.585749574266633 0
1.428869782848558 -0.5857495742792236 0
1.475042815345019 -0.5857495742918142 0
1.521215847841479 -0.585749574304405 0
1.567388880337939 -0.5857495743169958 0
1.613561912834385 -0.5857495743295865 0
1.659734945330757 -0.5857495743421772 0
1.705907977827058 -0.585749574354768 0
1.752081010323343 -0.5857495743673586 0
1.798254042819628 -0.5857495743799493 0
1.844427075315912 -0.5857495743925401 0
1.890600107812198 -0.5857495744051308 0
1.936773140308483 -0.5857495744177215 0
1.982946172804767 -0.5857495744303122 0
2.029119205301138 -0.585749574442903 0
2.075292237797599 -0.5857495744554938 0
2.121465270294058 -0.5857495744680844 0
2.16763830279052 -0.585749574480675 0
2.21381133528698 -0.5857495744932657 0
2.259984367783441 -0.5857495745058566 0
2.306157400279901 -0.5857495745184471 0
2.352330432776361 -0.5857495745310379 0
2.398503465272821 -0.5857495745436285 0
2.444676497769282 -0.5857495745562193 0
2.490849530265742 -0.58574957456881 0
2.537022562762203 -0.5857495745814008 0
2.583195595258664 -0.5857495745939914 0
2.629368627755124 -0.5857495746065822 0
2.675541660251584 -0.5857495746191728 0
2.721714692748044 -0.5857495746317636 0
2.767887725244504 -0.5857495746443544 0
2.814060757740965 -0.585749574656945 0
2.860233790237426 -0.5857495746695358 0
2.906406822733886 -0.5857495746821264 0
2.952579855230359 -0.5857495746947172 0
2.998752887726857 -0.5857495747073078 0
3.044925920223366 -0.5857495747198986 0
3.091098952719875 -0.5857495747324895 0
3.137271985216385 -0.58574957474508 0
3.183445017712895 -0.5857495747576709 0
3.229618050209405 -0.5857495747702613 0
3.275791082705914 -0.5857495747828523 0
3.321964115202424 -0.5857495747954428 0
3.368137147698933 -0.5857495748080337 0
3.414310180195443 -0.5857495748206243 0
3.460483212691954 -0.5857495748332149 0
3.506656245188462 -0.5857495748458059 0
3.552829277684973 -0.5857495748583964 0
3.599002310181482 -0.5857495748709871 0
3.645175342677992 -0.5857495748835778 0
3.691348375174502 -0.5857495748961685 0
3.737521407671013 -0.5857495749087593 0
3.783694440167522 -0.58574957492135 0
3.829867472664032 -0.5857495749339408 0
3.876040505160541 -0.5857495749465315 0
3.922213537657052 -0.5857495749591222 0
3.968386570153562 -0.5857495749717129 0
4.014559602650072 -0.5857495749843036 0
4.060732635146582 -0.5857495749968944 0
4.106905667643091 -0.5857495750094849 0
4.153078700139602 -0.5857495750220758 0
4.19925173263611 -0.5857495750346665 0
4.245424765132621 -0.585749575047257 0
4.291597797629132 -0.585749575059848 0
4.33777083012564 -0.5857495750724387 0
4.38394386262215 -0.5857495750850292 0
4.430116895118661 -0.5857495750976199 0
4.476289927615172 -0.5857495751102106 0
4.522462960111681 -0.5857495751228017 0
4.568635992608192 -0.5857495751353921 0
4.614809025104702 -0.5857495751479829 0
4.660982057601212 -0.5857495751605736 0
4.707155090097722 -0.5857495751731643 0
4.753328122594231 -0.585749575185755 0
4.799501155090741 -0.5857495751983457 0
4.845674187587251 -0.5857495752109364 0
4.891847220083762 -0.5857495752235271 0
4.938020252580269 -0.5857495752361178 0
4.984193285076781 -0.5857495752487085 0
5.03036631757329 -0.5857495752612993 0
5.076539350069799 -0.58574957527389 0
5.122712382566309 -0.5857495752864808 0
5.16888541506282 -0.5857495752990716 0
5.215058447559331 -0.5857495753116622 0
5.261231480055841 -0.585749575324253 0
5.307404512552351 -0.5857495753368436 0
5.353577545048861 -0.5857495753494342 0
5.399750577545371 -0.5857495753620251 0
5.445923610041881 -0.5857495753746156 0
5.492096642538391 -0.5857495753872066 0
5.538269675034901 -0.585749575399797 0
5.584442707531408 -0.585749575412388 0
5.63061574002792 -0.5857495754249785 0
5.676788772524432 -0.5857495754375694 0
5.72296180502094 -0.58574957545016 0
5.769134837517449 -0.5857495754627506 0
5.815307870013959 -0.5857495754753415 0
5.86148090251047 -0.5857495754879321 0
5.907653935006979 -0.5857495755005229 0
5.95382696750349 -0.5857495755131135 0
0.2600046780201838 -0.7181399282729047 0
0.2928385873553269 -0.7179360195975165 0
0.3256724966904695 -0.7174294131425917 0
0.3585064060256122 -0.7166535939129121 0
0.3913403153607547 -0.7156367159672232 0
0.4241742246958973 -0.7144030184507784 0
0.4570081340310397 -0.7129730754834295 0
0.4898428763265015 -0.7113647957120133 0
0.5226767856616481 -0.7095934223103469 0
0.5555106949967969 -0.7076717828673273 0
0.588344604331946 -0.7056108724591512 0
0.6211785136670953 -0.7034198536493156 0
0.6540124230022442 -0.7011059731925862 0
0.6868463323373935 -0.6986749785151573 0
0.7196802416725421 -0.6961311177146499 0
0.7525141510076894 -0.6934769729680504 0
0.7853480603428311 -0.6907140436039305 0
0.8181819696779676 -0.687842079734195 0
0.8510158790131021 -0.684859915214399 0
0.8838497883482372 -0.6817648845715252 0
0.9166836976833714 -0.6785529063000159 0
0.9495176070185085 -0.6752190159563761 0
0.9823515163536516 -0.6717567997461589 0
1.0151854256888 -0.668158727708089 0
1.061341116191591 -0.6681587277207353 0
1.107496806694455 -0.6681587277333815 0
1.153652497197299 -0.6681587277460274 0
1.199808187700067 -0.6681587277586736 0
1.245963878202769 -0.6681587277713199 0
1.292119568705549 -0.668158727783966 0
1.338275259208413 -0.6681587277966123 0
1.384430949711277 -0.6681587278092582 0
1.430586640214141 -0.6681587278219044 0
1.476742330717005 -0.6681587278345504 0
1.522898021219868 -0.6681587278471968 0
1.569053711722732 -0.668158727859843 0
1.615209402225581 -0.668158727872489 0
1.661365092728359 -0.6681587278851353 0
1.707520783231066 -0.6681587278977813 0
1.753676473733758 -0.6681587279104275 0
1.799832164236451 -0.6681587279230736 0
1.845987854739144 -0.6681587279357197 0
1.892143545241836 -0.6681587279483661 0
1.938299235744529 -0.6681587279610121 0
1.984454926247222 -0.6681587279736582 0
2.030610616749997 -0.6681587279863045 0
2.076766307252861 -0.6681587279989505 0
2.122921997755724 -0.6681587280115968 0
2.169077688258588 -0.6681587280242429 0
2.215233378761452 -0.6681587280368888 0
2.261389069264316 -0.6681587280495351 0
2.30754475976718 -0.6681587280621815 0
2.353700450270044 -0.6681587280748277 0
2.399856140772908 -0.6681587280874735 0
2.44601183127577 -0.6681587281001198 0
2.492167521778635 -0.6681587281127659 0
2.538323212281499 -0.6681587281254121 0
2.584478902784363 -0.6681587281380581 0
2.630634593287226 -0.6681587281507043 0
2.67679028379009 -0.6681587281633504 0
2.722945974292952 -0.6681587281759964 0
2.769101664795817 -0.6681587281886427 0
2.815257355298681 -0.6681587282012891 0
2.861413045801545 -0.6681587282139353 0
2.907568736304408 -0.6681587282265813 0
2.953724426807285 -0.6681587282392274 0
2.999880117310192 -0.6681587282518735 0
3.046035807813111 -0.6681587282645196 0
3.092191498316031 -0.668158728277166 0
3.138347188818951 -0.668158728289812 0
3.184502879321871 -0.6681587283024581 0
3.23065856982479 -0.6681587283151043 0
3.276814260327711 -0.6681587283277504 0
3.322969950830631 -0.6681587283403965 0
3.36912564133355 -0.6681587283530429 0
3.415281331836471 -0.6681587283656889 0
3.461437022339391 -0.668158728378335 0
3.50759271284231 -0.6681587283909811 0
3.553748403345231 -0.6681587284036272 0
3.59990409384815 -0.6681587284162734 0
3.646059784351071 -0.6681587284289198 0
3.692215474853991 -0.668158728441566 0
3.738371165356911 -0.6681587284542119 0
3.784526855859832 -0.668158728466858 0
3.830682546362752 -0.6681587284795043 0
3.876838236865671 -0.6681587284921505 0
3.922993927368592 -0.6681587285047965 0
3.969149617871513 -0.6681587285174426 0
4.015305308374431 -0.6681587285300887 0
4.061460998877353 -0.6681587285427348 0
4.107616689380274 -0.6681587285553813 0
4.153772379883193 -0.6681587285680272 0
4.199928070386114 -0.6681587285806736 0
4.246083760889034 -0.6681587285933195 0
4.292239451391953 -0.6681587286059658 0
4.338395141894873 -0.6681587286186119 0
4.384550832397794 -0.668158728631258 0
4.430706522900715 -0.6681587286439042 0
4.476862213403632 -0.6681587286565503 0
4.523017903906554 -0.6681587286691963 0
4.569173594409475 -0.6681587286818427 0
4.615329284912396 -0.6681587286944886 0
4.661484975415314 -0.668158728707135 0
4.707640665918235 -0.6681587287197811 0
4.753796356421156 -0.6681587287324273 0
4.799952046924076 -0.6681587287450734 0
4.846107737426998 -0.6681587287577196 0
4.892263427929917 -0.6681587287703658 0
4.938419118432834 -0.6681587287830117 0
4.984574808935758 -0.668158728795658 0
5.030730499438675 -0.6681587288083041 0
5.076886189941596 -0.6681587288209503 0
5.123041880444517 -0.6681587288335964 0
5.169197570947436 -0.6681587288462426 0
5.215353261450358 -0.6681587288588887 0
5.261508951953278 -0.6681587288715349 0
5.307664642456198 -0.668158728884181 0
5.353820332959119 -0.6681587288968271 0
5.399976023462036 -0.6681587289094733 0
5.446131713964958 -0.6681587289221197 0
5.492287404467879 -0.6681587289347656 0
5.5384430949708 -0.6681587289474117 0
5.584598785473718 -0.6681587289600579 0
5.630754475976638 -0.6681587289727041 0
5.67691016647956 -0.6681587289853502 0
5.723065856982477 -0.6681587289979966 0
5.769221547485398 -0.6681587290106425 0
5.81537723798832 -0.6681587290232887 0
5.861532928491239 -0.6681587290359348 0
5.907688618994162 -0.6681587290485811 0
5.953844309497079 -0.6681587290612271 0
0.2544327020174005 -0.8033715025711071 0
0.287594375687959 -0.8031728895079669 0
0.320756049358517 -0.8026794398804945 0
0.3539177230290748 -0.8019237690708753 0
0.3870793966996329 -0.8009332999626388 0
0.4202410703701905 -0.7997316421981138 0
0.4534027440407483 -0.7983388355768019 0
0.4865652290392226 -0.7967723236488777 0
0.5197269027097851 -0.7950469537151861 0
0.5528885763803499 -0.7931752202256191 0
0.5860502500509154 -0.791167832708656 0
0.6192119237214807 -0.7890337157713619 0
0.652373597392046 -0.7867799279665988 0
0.6855352710626115 -0.7844120674569792 0
0.7186969447331766 -0.7819342720148711 0
0.7518586184037397 -0.7793490567568105 0
0.7850202920742965 -0.776657882073045 0
0.8181819657448479 -0.7738605045652001 0
0.851343639415397 -0.7709557883741948 0
0.884505313085946 -0.7679411372507011 0
0.9176669867564948 -0.764812575687935 0
0.9508286604270462 -0.761565268171523 0
0.9839903340976055 -0.7581929674765198 0
1.01715200776817 -0.7546883391985735 0
1.063289489177631 -0.7546883392112498 0
1.109426970587162 -0.7546883392239259 0
1.155564451996674 -0.7546883392366022 0
1.201701933406112 -0.7546883392492784 0
1.247839414815485 -0.7546883392619544 0
1.293976896224936 -0.7546883392746311 0
1.340114377634468 -0.7546883392873069 0
1.386251859043998 -0.7546883392999834 0
1.43238934045353 -0.7546883393126597 0
1.478526821863062 -0.754688339325336 0
1.524664303272593 -0.7546883393380122 0
1.570801784682124 -0.7546883393506882 0
1.616939266091642 -0.7546883393633645 0
1.663076747501089 -0.7546883393760409 0
1.709214228910469 -0.7546883393887169 0
1.755351710319833 -0.7546883394013933 0
1.801489191729198 -0.7546883394140694 0
1.847626673138562 -0.7546883394267458 0
1.893764154547927 -0.754688339439422 0
1.939901635957292 -0.7546883394520985 0
1.986039117366656 -0.7546883394647744 0
2.032176598776101 -0.7546883394774507 0
2.078314080185633 -0.7546883394901269 0
2.124451561595164 -0.7546883395028035 0
2.170589043004696 -0.7546883395154798 0
2.216726524414227 -0.7546883395281558 0
2.262864005823759 -0.7546883395408319 0
2.30900148723329 -0.7546883395535081 0
2.355138968642821 -0.7546883395661845 0
2.401276450052353 -0.7546883395788607 0
2.447413931461884 -0.7546883395915369 0
2.493551412871415 -0.7546883396042132 0
2.539688894280947 -0.7546883396168893 0
2.585826375690477 -0.7546883396295656 0
2.63196385710001 -0.7546883396422419 0
2.67810133850954 -0.754688339654918 0
2.724238819919072 -0.7546883396675945 0
2.770376301328603 -0.7546883396802708 0
2.816513782738134 -0.7546883396929469 0
2.862651264147666 -0.7546883397056232 0
2.908788745557197 -0.7546883397182993 0
2.954926226966744 -0.7546883397309756 0
3.001063708376324 -0.754688339743652 0
3.047201189785918 -0.754688339756328 0
3.093338671195513 -0.7546883397690045 0
3.139476152605107 -0.7546883397816806 0
3.185613634014702 -0.7546883397943569 0
3.231751115424296 -0.7546883398070332 0
3.277888596833892 -0.7546883398197094 0
3.324026078243487 -0.7546883398323856 0
3.370163559653082 -0.7546883398450618 0
3.416301041062676 -0.7546883398577382 0
3.462438522472272 -0.7546883398704142 0
3.508576003881866 -0.7546883398830906 0
3.554713485291461 -0.7546883398957668 0
3.600850966701056 -0.754688339908443 0
3.646988448110651 -0.7546883399211194 0
3.693125929520248 -0.7546883399337956 0
3.739263410929842 -0.7546883399464718 0
3.785400892339437 -0.754688339959148 0
3.831538373749031 -0.7546883399718244 0
3.877675855158625 -0.7546883399845006 0
3.923813336568221 -0.7546883399971768 0
3.969950817977818 -0.7546883400098527 0
4.016088299387413 -0.7546883400225292 0
4.062225780797007 -0.7546883400352056 0
4.108363262206603 -0.7546883400478818 0
4.154500743616198 -0.754688340060558 0
4.200638225025792 -0.7546883400732342 0
4.246775706435388 -0.7546883400859103 0
4.292913187844981 -0.7546883400985868 0
4.339050669254577 -0.754688340111263 0
4.385188150664173 -0.7546883401239391 0
4.431325632073769 -0.7546883401366156 0
4.477463113483363 -0.7546883401492916 0
4.523600594892959 -0.754688340161968 0
4.569738076302551 -0.7546883401746443 0
4.615875557712148 -0.7546883401873204 0
4.662013039121742 -0.7546883401999968 0
4.708150520531339 -0.7546883402126727 0
4.754288001940932 -0.7546883402253493 0
4.800425483350529 -0.7546883402380254 0
4.846562964760123 -0.7546883402507015 0
4.89270044616972 -0.7546883402633779 0
4.938837927579312 -0.7546883402760539 0
4.984975408988909 -0.7546883402887303 0
5.031112890398504 -0.7546883403014066 0
5.077250371808098 -0.7546883403140827 0
5.123387853217693 -0.7546883403267592 0
5.169525334627288 -0.7546883403394352 0
5.215662816036884 -0.7546883403521115 0
5.261800297446477 -0.7546883403647879 0
5.307937778856074 -0.7546883403774641 0
5.354075260265669 -0.7546883403901403 0
5.400212741675264 -0.7546883404028167 0
5.446350223084858 -0.7546883404154927 0
5.492487704494454 -0.7546883404281691 0
5.53862518590405 -0.7546883404408453 0
5.584762667313644 -0.7546883404535215 0
5.63090014872324 -0.7546883404661979 0
5.677037630132835 -0.7546883404788739 0
5.72317511154243 -0.7546883404915504 0
5.769312592952025 -0.7546883405042265 0
5.815450074361618 -0.7546883405169027 0
5.861587555771214 -0.7546883405295791 0
5.907725037180811 -0.7546883405422551 0
5.953862518590406 -0.7546883405549315 0
0.248582127187661 -0.8928646559943022 0
0.282087953411976 -0.8926716033240226 0
0.3155937796362905 -0.8921919683654123 0
0.3490996058606048 -0.8914574533969283 0
0.3826054320849193 -0.8904947135681177 0
0.4161112583092336 -0.8893266975432366 0
0.4496170845335478 -0.8879728840854162 0
0.4831236993717557 -0.8864502283933331 0
0.5166295255960753 -0.8847731621012097 0
0.5501353518203979 -0.8829538298629817 0
0.5836411780447206 -0.8810026413820234 0
0.6171470042690436 -0.8789282714111457 0
0.6506528304933661 -0.8767375808912082 0
0.6841586567176887 -0.8744360112580664 0
0.7176644829420115 -0.8720275844425679 0
0.7511703091663318 -0.8695147451477786 0
0.7846761353906452 -0.8668989128787036 0
0.8181819616149523 -0.8641798510511756 0
0.8516877878392568 -0.8613564556057457 0
0.8851936140635617 -0.8584262029779604 0
0.9186994402878659 -0.8553852289597487 0
0.952205266512173 -0.8522288334123155 0
0.9857110927364889 -0.8489509440086926 0
1.019216918960811 -0.8455444316792975 0
1.065335280822189 -0.8455444316919745 0
1.111453642683636 -0.8455444317046519 0
1.157572004545062 -0.8455444317173288 0
1.203690366406418 -0.845544431730006 0
1.24980872826771 -0.8455444317426833 0
1.295927090129078 -0.8455444317553605 0
1.342045451990525 -0.8455444317680378 0
1.388163813851971 -0.8455444317807148 0
1.434282175713417 -0.8455444317933922 0
1.480400537574863 -0.8455444318060693 0
1.526518899436309 -0.8455444318187465 0
1.572637261297756 -0.8455444318314237 0
1.618755623159188 -0.8455444318441008 0
1.664873985020553 -0.845544431856778 0
1.710992346881851 -0.8455444318694553 0
1.757110708743136 -0.8455444318821324 0
1.80322907060442 -0.8455444318948095 0
1.849347432465704 -0.845544431907487 0
1.895465794326988 -0.8455444319201639 0
1.941584156188272 -0.8455444319328411 0
1.987702518049557 -0.8455444319455188 0
2.033820879910919 -0.8455444319581957 0
2.079939241772365 -0.8455444319708728 0
2.126057603633811 -0.8455444319835499 0
2.172175965495258 -0.8455444319962273 0
2.218294327356705 -0.8455444320089044 0
2.26441268921815 -0.8455444320215814 0
2.310531051079597 -0.8455444320342588 0
2.356649412941043 -0.8455444320469359 0
2.402767774802489 -0.8455444320596132 0
2.448886136663935 -0.8455444320722902 0
2.495004498525381 -0.8455444320849674 0
2.541122860386829 -0.8455444320976448 0
2.587241222248274 -0.845544432110322 0
2.63335958410972 -0.8455444321229992 0
2.679477945971165 -0.8455444321356762 0
2.725596307832612 -0.8455444321483536 0
2.771714669694058 -0.8455444321610308 0
2.817833031555505 -0.8455444321737078 0
2.863951393416951 -0.8455444321863852 0
2.910069755278398 -0.8455444321990624 0
2.956188117139861 -0.8455444322117396 0
3.00230647900136 -0.8455444322244166 0
3.048424840862879 -0.8455444322370941 0
3.094543202724395 -0.845544432249771 0
3.140661564585911 -0.8455444322624484 0
3.18677992644743 -0.8455444322751255 0
3.232898288308947 -0.8455444322878025 0
3.279016650170465 -0.8455444323004797 0
3.325135012031981 -0.8455444323131571 0
3.371253373893499 -0.8455444323258341 0
3.417371735755017 -0.8455444323385114 0
3.463490097616534 -0.8455444323511886 0
3.50960845947805 -0.8455444323638659 0
3.555726821339568 -0.8455444323765431 0
3.601845183201086 -0.8455444323892203 0
3.647963545062604 -0.8455444324018975 0
3.694081906924121 -0.8455444324145747 0
3.74020026878564 -0.8455444324272515 0
3.786318630647156 -0.8455444324399291 0
3.832436992508673 -0.8455444324526061 0
3.878555354370191 -0.8455444324652834 0
3.924673716231709 -0.8455444324779606 0
3.970792078093227 -0.8455444324906376 0
4.016910439954745 -0.8455444325033148 0
4.063028801816263 -0.8455444325159921 0
4.10914716367778 -0.8455444325286692 0
4.155265525539298 -0.8455444325413466 0
4.201383887400815 -0.8455444325540237 0
4.247502249262333 -0.845544432566701 0
4.29362061112385 -0.8455444325793779 0
4.339738972985366 -0.8455444325920554 0
4.385857334846886 -0.8455444326047327 0
4.431975696708403 -0.8455444326174097 0
4.478094058569918 -0.8455444326300871 0
4.524212420431438 -0.8455444326427644 0
4.570330782292954 -0.845544432655441 0
4.616449144154473 -0.8455444326681185 0
4.662567506015991 -0.8455444326807956 0
4.708685867877507 -0.8455444326934727 0
4.754804229739025 -0.84554443270615 0
4.800922591600542 -0.8455444327188273 0
4.847040953462062 -0.8455444327315044 0
4.893159315323578 -0.8455444327441817 0
4.939277677185094 -0.8455444327568589 0
4.985396039046615 -0.8455444327695361 0
5.031514400908131 -0.8455444327822133 0
5.077632762769647 -0.8455444327948906 0
5.123751124631167 -0.8455444328075677 0
5.169869486492684 -0.8455444328202449 0
5.215987848354201 -0.845544432832922 0
5.26210621021572 -0.8455444328455991 0
5.308224572077237 -0.8455444328582764 0
5.354342933938754 -0.8455444328709535 0
5.400461295800271 -0.8455444328836308 0
5.446579657661787 -0.8455444328963079 0
5.492698019523307 -0.8455444329089851 0
5.538816381384824 -0.8455444329216623 0
5.584934743246341 -0.8455444329343396 0
5.63105310510786 -0.8455444329470168 0
5.677171466969376 -0.8455444329596939 0
5.723289828830897 -0.8455444329723711 0
5.769408190692412 -0.8455444329850484 0
5.815526552553928 -0.8455444329977256 0
5.861644914415447 -0.8455444330104028 0
5.907763276276966 -0.8455444330230801 0
5.953881638138482 -0.845544433035757 0
0.2424390235962439 -0.9868324673973714 0
0.2763062100031839 -0.9866452531395888 0
0.3101733964101234 -0.9861801235833061 0
0.3440405828170626 -0.9854678222480605 0
0.3779077692240019 -0.9845341981627166 0
0.411774955630941 -0.9834015059645519 0
0.4456421420378801 -0.9820886353285049 0
0.4795100932089887 -0.9806120286841801 0
0.5133772796159342 -0.9789856812158431 0
0.547244466022882 -0.9772213702916754 0
0.5811116524298308 -0.975329190798689 0
0.6149788388367796 -0.9733175551427273 0
0.6488460252437283 -0.9711931167720484 0
0.6827132116506772 -0.9689611525594088 0
0.7165803980576255 -0.9666255628020628 0
0.7504475844645714 -0.9641887182689305 0
0.7843147708715097 -0.9616519955355128 0
0.8181819572784408 -0.9590151651725604 0
0.8520491436853697 -0.9562771565102386 0
0.8859163300922978 -0.9534355223032106 0
0.9197835164992263 -0.950486515207056 0
0.9536507029061581 -0.9474255772273357 0
0.9875178893130991 -0.9442468196799605 0
1.021385075720047 -0.9409433290968545 0
1.067483362055873 -0.9409433291095016 0
1.113581648391766 -0.9409433291221485 0
1.159679934727639 -0.9409433291347961 0
1.205778221063444 -0.9409433291474432 0
1.251876507399187 -0.9409433291600907 0
1.297974793735003 -0.9409433291727377 0
1.344073080070895 -0.9409433291853849 0
1.390171366406788 -0.9409433291980324 0
1.43626965274268 -0.9409433292106792 0
1.482367939078572 -0.9409433292233267 0
1.528466225414465 -0.9409433292359739 0
1.574564511750358 -0.9409433292486209 0
1.620662798086236 -0.9409433292612681 0
1.66676108442205 -0.9409433292739156 0
1.712859370757799 -0.9409433292865628 0
1.758957657093535 -0.94094332929921 0
1.80505594342927 -0.9409433293118572 0
1.851154229765004 -0.9409433293245044 0
1.89725251610074 -0.9409433293371516 0
1.943350802436475 -0.9409433293497989 0
1.98944908877221 -0.9409433293624461 0
2.035547375108021 -0.9409433293750934 0
2.081645661443914 -0.9409433293877405 0
2.127743947779806 -0.9409433294003877 0
2.173842234115699 -0.940943329413035 0
2.219940520451591 -0.940943329425682 0
2.266038806787485 -0.9409433294383293 0
2.312137093123376 -0.9409433294509766 0
2.358235379459269 -0.9409433294636236 0
2.404333665795161 -0.940943329476271 0
2.450431952131053 -0.9409433294889182 0
2.496530238466945 -0.9409433295015655 0
2.542628524802839 -0.9409433295142124 0
2.58872681113873 -0.9409433295268599 0
2.634825097474622 -0.940943329539507 0
2.680923383810514 -0.9409433295521542 0
2.727021670146407 -0.9409433295648014 0
2.773119956482299 -0.940943329577449 0
2.819218242818192 -0.940943329590096 0
2.865316529154084 -0.940943329602743 0
2.911414815489976 -0.9409433296153902 0
2.957513101825889 -0.9409433296280376 0
3.003611388161842 -0.9409433296406846 0
3.049709674497812 -0.9409433296533318 0
3.095807960833783 -0.9409433296659792 0
3.141906247169754 -0.9409433296786266 0
3.188004533505726 -0.9409433296912738 0
3.234102819841697 -0.9409433297039208 0
3.28020110617767 -0.9409433297165682 0
3.326299392513641 -0.9409433297292152 0
3.372397678849612 -0.9409433297418625 0
3.418495965185584 -0.9409433297545098 0
3.464594251521555 -0.940943329767157 0
3.510692537857526 -0.9409433297798042 0
3.556790824193498 -0.9409433297924517 0
3.602889110529469 -0.9409433298050986 0
3.648987396865441 -0.9409433298177456 0
3.695085683201413 -0.9409433298303931 0
3.741183969537385 -0.9409433298430403 0
3.787282255873357 -0.9409433298556875 0
3.833380542209328 -0.9409433298683347 0
3.879478828545299 -0.9409433298809819 0
3.925577114881272 -0.9409433298936291 0
3.971675401217244 -0.9409433299062764 0
4.017773687553215 -0.9409433299189236 0
4.06387197388919 -0.9409433299315708 0
4.109970260225159 -0.9409433299442178 0
4.156068546561131 -0.9409433299568652 0
4.202166832897102 -0.9409433299695122 0
4.248265119233076 -0.9409433299821595 0
4.294363405569046 -0.9409433299948067 0
4.340461691905017 -0.9409433300074541 0
4.386559978240988 -0.9409433300201013 0
4.432658264576961 -0.9409433300327487 0
4.478756550912934 -0.9409433300453957 0
4.524854837248904 -0.9409433300580429 0
4.570953123584876 -0.9409433300706901 0
4.617051409920848 -0.9409433300833374 0
4.663149696256819 -0.9409433300959846 0
4.70924798259279 -0.9409433301086318 0
4.755346268928761 -0.9409433301212791 0
4.801444555264735 -0.9409433301339263 0
4.847542841600708 -0.9409433301465735 0
4.893641127936679 -0.9409433301592209 0
4.939739414272651 -0.9409433301718679 0
4.985837700608622 -0.9409433301845151 0
5.031935986944593 -0.9409433301971624 0
5.078034273280567 -0.9409433302098095 0
5.124132559616537 -0.9409433302224569 0
5.170230845952509 -0.9409433302351039 0
5.21632913228848 -0.9409433302477513 0
5.262427418624451 -0.9409433302603983 0
5.308525704960425 -0.9409433302730458 0
5.354623991296396 -0.9409433302856928 0
5.400722277632367 -0.9409433302983401 0
5.446820563968338 -0.9409433303109871 0
5.492918850304313 -0.9409433303236344 0
5.539017136640283 -0.9409433303362816 0
5.585115422976255 -0.9409433303489289 0
5.631213709312225 -0.9409433303615761 0
5.677311995648198 -0.9409433303742233 0
5.723410281984169 -0.9409433303868705 0
5.769508568320142 -0.9409433303995179 0
5.815606854656113 -0.940943330412165 0
5.861705140992084 -0.9409433304248123 0
5.907803427328058 -0.9409433304374595 0
5.953901713664028 -0.9409433304501067 0
0.2359887648059193 -1.085498669666237 0
0.2702353794057453 -1.085317585741567 0
0.3044819940055705 -1.084867686857745 0
0.3387286086053957 -1.084178709837442 0
0.372975223205221 -1.083275657282801 0
0.4072218378050459 -1.082180055102771 0
0.441468452404871 -1.080910174429687 0
0.4757158067266551 -1.079481919285624 0
0.5099624213264868 -1.077908826582393 0
0.544209035926322 -1.076202288038133 0
0.5784556505261574 -1.074372067982674 0
0.6127022651259932 -1.072426303357542 0
0.6469488797258287 -1.070371429743764 0
0.6811954943256643 -1.068212551222841 0
0.7154421089254999 -1.065953440376755 0
0.7496887235253324 -1.063596390343573 0
0.7839353381251567 -1.061142732622815 0
0.8181819527249731 -1.058592245297896 0
0.8524285673247866 -1.055943892758076 0
0.8866751819245996 -1.053195307893092 0
0.9209217965244128 -1.050342866065356 0
0.9551684111242296 -1.047382158532006 0
0.9894150257240573 -1.044307489433972 0
1.023661640323891 -1.041112171684764 0
1.069738847357827 -1.041112171697346 0
1.115816054391826 -1.041112171709929 0
1.161893261425808 -1.041112171722511 0
1.207970468459722 -1.041112171735093 0
1.254047675493577 -1.041112171747675 0
1.300124882527502 -1.041112171760257 0
1.346202089561501 -1.04111217177284 0
1.392279296595501 -1.041112171785421 0
1.438356503629501 -1.041112171798004 0
1.4844337106635 -1.041112171810586 0
1.530510917697498 -1.041112171823168 0
1.576588124731499 -1.04111217183575 0
1.622665331765484 -1.041112171848332 0
1.668742538799408 -1.041112171860914 0
1.714819745833269 -1.041112171873497 0
1.760896952867115 -1.041112171886079 0
1.806974159900963 -1.041112171898661 0
1.853051366934809 -1.041112171911243 0
1.899128573968657 -1.041112171923825 0
1.945205781002504 -1.041112171936407 0
1.991282988036351 -1.04111217194899 0
2.037360195070272 -1.041112171961572 0
2.083437402104272 -1.041112171974154 0
2.129514609138271 -1.041112171986736 0
2.17559181617227 -1.041112171999318 0
2.221669023206269 -1.041112172011901 0
2.26774623024027 -1.041112172024483 0
2.313823437274268 -1.041112172037065 0
2.359900644308269 -1.041112172049647 0
2.405977851342267 -1.041112172062229 0
2.452055058376265 -1.041112172074811 0
2.498132265410265 -1.041112172087394 0
2.544209472444265 -1.041112172099976 0
2.590286679478264 -1.041112172112558 0
2.636363886512263 -1.04111217212514 0
2.682441093546262 -1.041112172137723 0
2.728518300580262 -1.041112172150305 0
2.774595507614261 -1.041112172162887 0
2.82067271464826 -1.041112172175469 0
2.866749921682259 -1.041112172188051 0
2.91282712871626 -1.041112172200633 0
2.95890433575028 -1.041112172213215 0
3.004981542784345 -1.041112172225798 0
3.051058749818431 -1.04111217223838 0
3.097135956852517 -1.041112172250962 0
3.143213163886604 -1.041112172263544 0
3.189290370920691 -1.041112172276126 0
3.235367577954778 -1.041112172288709 0
3.281444784988866 -1.041112172301291 0
3.327521992022952 -1.041112172313873 0
3.373599199057038 -1.041112172326455 0
3.419676406091125 -1.041112172339038 0
3.465753613125212 -1.04111217235162 0
3.511830820159299 -1.041112172364202 0
3.557908027193386 -1.041112172376784 0
3.603985234227474 -1.041112172389366 0
3.65006244126156 -1.041112172401948 0
3.696139648295648 -1.04111217241453 0
3.742216855329735 -1.041112172427113 0
3.788294062363821 -1.041112172439695 0
3.834371269397908 -1.041112172452277 0
3.880448476431995 -1.041112172464859 0
3.926525683466083 -1.041112172477441 0
3.972602890500169 -1.041112172490023 0
4.018680097534257 -1.041112172502606 0
4.064757304568344 -1.041112172515188 0
4.11083451160243 -1.04111217252777 0
4.156911718636517 -1.041112172540352 0
4.202988925670605 -1.041112172552934 0
4.249066132704692 -1.041112172565517 0
4.295143339738779 -1.041112172578099 0
4.341220546772865 -1.041112172590681 0
4.387297753806954 -1.041112172603263 0
4.433374960841041 -1.041112172615845 0
4.479452167875128 -1.041112172628428 0
4.525529374909214 -1.04111217264101 0
4.571606581943302 -1.041112172653592 0
4.617683788977389 -1.041112172666174 0
4.663760996011476 -1.041112172678756 0
4.709838203045563 -1.041112172691339 0
4.755915410079649 -1.04111217270392 0
4.801992617113736 -1.041112172716503 0
4.848069824147824 -1.041112172729085 0
4.894147031181912 -1.041112172741667 0
4.940224238215996 -1.04111217275425 0
4.986301445250087 -1.041112172766832 0
5.032378652284172 -1.041112172779413 0
5.07845585931826 -1.041112172791996 0
5.124533066352347 -1.041112172804578 0
5.170610273386433 -1.04111217281716 0
5.216687480420521 -1.041112172829743 0
5.262764687454608 -1.041112172842325 0
5.308841894488694 -1.041112172854907 0
5.35491910152278 -1.041112172867489 0
5.400996308556868 -1.041112172880071 0
5.447073515590955 -1.041112172892653 0
5.493150722625044 -1.041112172905235 0
5.53922792965913 -1.041112172917818 0
5.585305136693216 -1.0411121729304 0
5.631382343727303 -1.041112172942982 0
5.677459550761393 -1.041112172955564 0
5.723536757795476 -1.041112172968146 0
5.769613964829565 -1.041112172980729 0
5.815691171863653 -1.041112172993311 0
5.861768378897738 -1.041112173005893 0
5.907845585931826 -1.041112173018475 0
5.953922792965913 -1.041112173031057 0
0.2292159930445491 -1.189098182530693 0
0.2638610072487521 -1.188923535455793 0
0.2985060214529544 -1.188489628778101 0
0.3331510356571565 -1.187825142288572 0
0.3677960498613587 -1.186954189841291 0
0.4024410640655607 -1.185897532180453 0
0.4370860782697628 -1.184672790968661 0
0.4717318059016027 -1.18329530490008 0
0.506376820105812 -1.181778129700442 0
0.5410218343100253 -1.180132252155336 0
0.5756668485142389 -1.178367089509554 0
0.6103118627184527 -1.176490489467086 0
0.6449568769226662 -1.174508658848364 0
0.67960189112688 -1.172426520304072 0
0.7142469053310934 -1.170247712315152 0
0.7488919195353039 -1.167974446507275 0
0.7835369337395052 -1.165608007050186 0
0.8181819479436978 -1.163148179915594 0
0.852826962147887 -1.160593966304809 0
0.8874719763520758 -1.157943083249396 0
0.9221169905562649 -1.155192034953942 0
0.9567620047604579 -1.152336569389739 0
0.9914070189646624 -1.149371193163991 0
1.026052033168876 -1.146289456890873 0
1.072107106935724 -1.146289456903353 0
1.118162180702634 -1.146289456915833 0
1.164217254469527 -1.146289456928312 0
1.210272328236355 -1.146289456940792 0
1.256327402003127 -1.146289456953271 0
1.302382475769966 -1.14628945696575 0
1.348437549536876 -1.14628945697823 0
1.394492623303786 -1.14628945699071 0
1.440547697070696 -1.146289457003189 0
1.486602770837606 -1.146289457015669 0
1.532657844604516 -1.146289457028149 0
1.578712918371426 -1.146289457040628 0
1.624767992138324 -1.146289457053107 0
1.67082306590516 -1.146289457065587 0
1.716878139671937 -1.146289457078067 0
1.7629332134387 -1.146289457090546 0
1.808988287205464 -1.146289457103026 0
1.855043360972227 -1.146289457115505 0
1.901098434738991 -1.146289457127985 0
1.947153508505755 -1.146289457140464 0
1.993208582272518 -1.146289457152944 0
2.039263656039352 -1.146289457165424 0
2.085318729806263 -1.146289457177903 0
2.131373803573173 -1.146289457190383 0
2.177428877340083 -1.146289457202862 0
2.223483951106993 -1.146289457215342 0
2.269539024873905 -1.146289457227821 0
2.315594098640814 -1.146289457240301 0
2.361649172407725 -1.14628945725278 0
2.407704246174634 -1.14628945726526 0
2.453759319941544 -1.14628945727774 0
2.499814393708453 -1.146289457290219 0
2.545869467475365 -1.146289457302699 0
2.591924541242274 -1.146289457315178 0
2.637979615009185 -1.146289457327657 0
2.684034688776095 -1.146289457340138 0
2.730089762543005 -1.146289457352617 0
2.776144836309914 -1.146289457365096 0
2.822199910076825 -1.146289457377576 0
2.868254983843735 -1.146289457390056 0
2.914310057610647 -1.146289457402535 0
2.96036513137758 -1.146289457415015 0
3.006420205144563 -1.146289457427494 0
3.052475278911569 -1.146289457439974 0
3.098530352678575 -1.146289457452454 0
3.144585426445581 -1.146289457464933 0
3.190640500212588 -1.146289457477412 0
3.236695573979595 -1.146289457489892 0
3.282750647746602 -1.146289457502371 0
3.328805721513608 -1.146289457514851 0
3.374860795280614 -1.14628945752733 0
3.420915869047621 -1.14628945753981 0
3.466970942814628 -1.14628945755229 0
3.513026016581635 -1.146289457564769 0
3.559081090348641 -1.146289457577248 0
3.605136164115647 -1.146289457589728 0
3.651191237882655 -1.146289457602208 0
3.697246311649662 -1.146289457614688 0
3.743301385416669 -1.146289457627167 0
3.789356459183675 -1.146289457639647 0
3.835411532950681 -1.146289457652126 0
3.881466606717688 -1.146289457664606 0
3.927521680484694 -1.146289457677085 0
3.973576754251702 -1.146289457689565 0
4.019631828018708 -1.146289457702044 0
4.065686901785716 -1.146289457714524 0
4.111741975552723 -1.146289457727003 0
4.157797049319729 -1.146289457739483 0
4.203852123086734 -1.146289457751963 0
4.249907196853743 -1.146289457764442 0
4.295962270620748 -1.146289457776922 0
4.342017344387756 -1.146289457789401 0
4.388072418154763 -1.146289457801881 0
4.434127491921769 -1.146289457814361 0
4.480182565688777 -1.14628945782684 0
4.526237639455784 -1.146289457839319 0
4.572292713222789 -1.146289457851799 0
4.618347786989797 -1.146289457864278 0
4.664402860756803 -1.146289457876758 0
4.71045793452381 -1.146289457889238 0
4.756513008290819 -1.146289457901717 0
4.802568082057824 -1.146289457914197 0
4.848623155824831 -1.146289457926676 0
4.894678229591839 -1.146289457939156 0
4.940733303358844 -1.146289457951635 0
4.986788377125851 -1.146289457964115 0
5.032843450892857 -1.146289457976595 0
5.078898524659865 -1.146289457989074 0
5.12495359842687 -1.146289458001553 0
5.171008672193876 -1.146289458014033 0
5.217063745960885 -1.146289458026513 0
5.263118819727891 -1.146289458038993 0
5.309173893494897 -1.146289458051472 0
5.355228967261906 -1.146289458063952 0
5.401284041028912 -1.146289458076431 0
5.447339114795918 -1.146289458088911 0
5.493394188562926 -1.14628945810139 0
5.539449262329933 -1.14628945811387 0
5.585504336096939 -1.146289458126349 0
5.631559409863946 -1.146289458138829 0
5.677614483630954 -1.146289458151308 0
5.723669557397959 -1.146289458163788 0
5.769724631164967 -1.146289458176267 0
5.815779704931974 -1.146289458188747 0
5.86183477869898 -1.146289458201227 0
5.907889852465987 -1.146289458213706 0
5.953944926232993 -1.146289458226186 0
0.2221045826821179 -1.297877671236955 0
0.2571679164716724 -1.297709782854294 0
0.2922312502612261 -1.297292667993039 0
0.3272945840507796 -1.296653896560838 0
0.3623579178403333 -1.295816649226313 0
0.3974212516298867 -1.294800883310671 0
0.4324845854194401 -1.293623538533289 0
0.4675486050275944 -1.29229935999403 0
0.5026119388171559 -1.290840898173239 0
0.5376752726067215 -1.28925871467733 0
0.5727386063962877 -1.2875618623118 0
0.6078019401858543 -1.285757885081229 0
0.6428652739754205 -1.283852749607422 0
0.6779286077649866 -1.281851188038705 0
0.7129919415545529 -1.279756698049932 0
0.7480552753441156 -1.277571405678755 0
0.7831186091336684 -1.275296545398652 0
0.8181819429232114 -1.272931911464043 0
0.8532452767127511 -1.270476543728891 0
0.8883086105022902 -1.267928247573682 0
0.9233719442918296 -1.265283662487284 0
0.9584352780813732 -1.262538700990853 0
0.9934986118709299 -1.259688082281182 0
1.028561945660496 -1.256725606558143 0
1.074593779496862 -1.256725606570478 0
1.120625613333288 -1.256725606582811 0
1.166657447169697 -1.256725606595146 0
1.212689281006044 -1.25672560660748 0
1.258721114842337 -1.256725606619814 0
1.304752948678694 -1.256725606632148 0
1.35078478251512 -1.256725606644483 0
1.396816616351546 -1.256725606656817 0
1.442848450187972 -1.256725606669151 0
1.488880284024398 -1.256725606681485 0
1.534912117860824 -1.256725606693819 0
1.580943951697251 -1.256725606706153 0
1.626975785533664 -1.256725606718488 0
1.673007619370019 -1.256725606730822 0
1.719039453206317 -1.256725606743156 0
1.765071287042602 -1.25672560675549 0
1.811103120878887 -1.256725606767824 0
1.857134954715172 -1.256725606780158 0
1.903166788551457 -1.256725606792493 0
1.949198622387742 -1.256725606804827 0
1.995230456224026 -1.25672560681716 0
2.041262290060381 -1.256725606829495 0
2.087294123896807 -1.256725606841829 0
2.133325957733232 -1.256725606854163 0
2.179357791569658 -1.256725606866498 0
2.225389625406084 -1.256725606878832 0
2.27142145924251 -1.256725606891166 0
2.317453293078936 -1.2567256069035 0
2.363485126915362 -1.256725606915834 0
2.409516960751788 -1.256725606928168 0
2.455548794588213 -1.256725606940502 0
2.501580628424639 -1.256725606952837 0
2.547612462261066 -1.25672560696517 0
2.593644296097492 -1.256725606977505 0
2.639676129933917 -1.256725606989839 0
2.685707963770343 -1.256725607002173 0
2.73173979760677 -1.256725607014507 0
2.777771631443196 -1.256725607026841 0
2.823803465279622 -1.256725607039175 0
2.869835299116047 -1.25672560705151 0
2.915867132952473 -1.256725607063844 0
2.961898966788926 -1.256725607076178 0
3.007930800625433 -1.256725607088512 0
3.053962634461963 -1.256725607100846 0
3.099994468298493 -1.25672560711318 0
3.146026302135025 -1.256725607125515 0
3.192058135971557 -1.256725607137849 0
3.238089969808089 -1.256725607150183 0
3.284121803644621 -1.256725607162517 0
3.330153637481152 -1.256725607174852 0
3.376185471317683 -1.256725607187185 0
3.422217305154216 -1.256725607199519 0
3.468249138990747 -1.256725607211854 0
3.514280972827279 -1.256725607224188 0
3.560312806663811 -1.256725607236522 0
3.606344640500343 -1.256725607248857 0
3.652376474336875 -1.256725607261191 0
3.698408308173406 -1.256725607273524 0
3.744440142009938 -1.256725607285859 0
3.79047197584647 -1.256725607298193 0
3.836503809683002 -1.256725607310527 0
3.882535643519533 -1.256725607322861 0
3.928567477356065 -1.256725607335195 0
3.974599311192597 -1.256725607347529 0
4.02063114502913 -1.256725607359864 0
4.066662978865661 -1.256725607372198 0
4.112694812702194 -1.256725607384532 0
4.158726646538724 -1.256725607396866 0
4.204758480375256 -1.2567256074092 0
4.250790314211788 -1.256725607421534 0
4.296822148048321 -1.256725607433868 0
4.342853981884851 -1.256725607446203 0
4.388885815721384 -1.256725607458537 0
4.434917649557917 -1.256725607470871 0
4.480949483394448 -1.256725607483205 0
4.52698131723098 -1.25672560749554 0
4.573013151067511 -1.256725607507873 0
4.619044984904044 -1.256725607520208 0
4.665076818740576 -1.256725607532542 0
4.711108652577106 -1.256725607544876 0
4.757140486413638 -1.25672560755721 0
4.803172320250171 -1.256725607569544 0
4.849204154086705 -1.256725607581878 0
4.895235987923234 -1.256725607594213 0
4.941267821759769 -1.256725607606547 0
4.987299655596299 -1.256725607618881 0
5.033331489432831 -1.256725607631215 0
5.079363323269362 -1.256725607643549 0
5.125395157105896 -1.256725607655883 0
5.171426990942425 -1.256725607668217 0
5.217458824778959 -1.256725607680552 0
5.26349065861549 -1.256725607692886 0
5.309522492452021 -1.25672560770522 0
5.355554326288554 -1.256725607717554 0
5.401586160125087 -1.256725607729888 0
5.447617993961618 -1.256725607742222 0
5.49364982779815 -1.256725607754557 0
5.539681661634682 -1.256725607766891 0
5.585713495471213 -1.256725607779225 0
5.631745329307744 -1.256725607791559 0
5.677777163144277 -1.256725607803893 0
5.72380899698081 -1.256725607816227 0
5.769840830817341 -1.256725607828561 0
5.815872664653872 -1.256725607840896 0
5.861904498490405 -1.25672560785323 0
5.907936332326935 -1.256725607865564 0
5.953968166163467 -1.256725607877898 0
0.2146376018202309 -1.412096134092851 0
0.2501401711732977 -1.411935342336992 0
0.2856427405263636 -1.411535858882918 0
0.3211453098794294 -1.410924088260813 0
0.3566478792324953 -1.410122231294561 0
0.392150448585561 -1.409149401711235 0
0.4276530179386269 -1.408021823189827 0
0.4631562441208043 -1.406753617556181 0
0.4986588134738786 -1.405356804782994 0
0.5341613828269576 -1.403841500038541 0
0.5696639521800375 -1.402216373467064 0
0.6051665215331172 -1.40048865018876 0
0.6406690908861972 -1.398664044616879 0
0.6761716602392767 -1.396747088872273 0
0.7116742295923564 -1.394741132783397 0
0.7471767989454321 -1.39264821252049 0
0.7826793682984972 -1.390469510375948 0
0.8181819376515516 -1.388204829301039 0
0.853684507004602 -1.385853249735008 0
0.8891870763576528 -1.383412669824709 0
0.9246896457107028 -1.380879871107507 0
0.9601922150637585 -1.378250938881912 0
0.9956947844168271 -1.375520815563786 0
1.031197353769906 -1.372683563417984 0
1.07720478567933 -1.372683563430127 0
1.12321221758881 -1.37268356344227 0
1.169219649498275 -1.372683563454413 0
1.21522708140768 -1.372683563466556 0
1.261234513317032 -1.3726835634787 0
1.307241945226447 -1.372683563490843 0
1.353249377135928 -1.372683563502986 0
1.399256809045408 -1.37268356351513 0
1.445264240954889 -1.372683563527273 0
1.491271672864369 -1.372683563539416 0
1.537279104773849 -1.37268356355156 0
1.58328653668333 -1.372683563563703 0
1.629293968592799 -1.372683563575846 0
1.675301400502212 -1.372683563587989 0
1.721308832411569 -1.372683563600133 0
1.767316264320914 -1.372683563612276 0
1.81332369623026 -1.372683563624419 0
1.859331128139605 -1.372683563636563 0
1.90533856004895 -1.372683563648706 0
1.951345991958296 -1.372683563660849 0
1.997353423867642 -1.372683563672992 0
2.043360855777052 -1.372683563685135 0
2.089368287686533 -1.372683563697279 0
2.135375719596013 -1.372683563709422 0
2.181383151505494 -1.372683563721565 0
2.227390583414975 -1.372683563733708 0
2.273398015324455 -1.372683563745852 0
2.319405447233935 -1.372683563757995 0
2.365412879143416 -1.372683563770138 0
2.411420311052895 -1.372683563782282 0
2.457427742962376 -1.372683563794425 0
2.503435174871856 -1.372683563806568 0
2.549442606781337 -1.372683563818711 0
2.595450038690817 -1.372683563830855 0
2.641457470600297 -1.372683563842998 0
2.687464902509778 -1.372683563855141 0
2.733472334419258 -1.372683563867284 0
2.779479766328739 -1.372683563879428 0
2.825487198238219 -1.372683563891571 0
2.8714946301477 -1.372683563903714 0
2.917502062057181 -1.372683563915858 0
2.96350949396669 -1.372683563928 0
3.009516925876257 -1.372683563940144 0
3.055524357785852 -1.372683563952287 0
3.101531789695448 -1.372683563964431 0
3.147539221605044 -1.372683563976574 0
3.19354665351464 -1.372683563988717 0
3.239554085424236 -1.37268356400086 0
3.285561517333832 -1.372683564013003 0
3.331568949243427 -1.372683564025147 0
3.377576381153022 -1.37268356403729 0
3.42358381306262 -1.372683564049433 0
3.469591244972215 -1.372683564061576 0
3.515598676881811 -1.37268356407372 0
3.561606108791408 -1.372683564085863 0
3.607613540701003 -1.372683564098006 0
3.653620972610599 -1.37268356411015 0
3.699628404520196 -1.372683564122293 0
3.745635836429792 -1.372683564134436 0
3.791643268339388 -1.372683564146579 0
3.837650700248984 -1.372683564158723 0
3.88365813215858 -1.372683564170866 0
3.929665564068175 -1.372683564183009 0
3.975672995977773 -1.372683564195152 0
4.021680427887369 -1.372683564207295 0
4.067687859796964 -1.372683564219439 0
4.11369529170656 -1.372683564231582 0
4.159702723616157 -1.372683564243725 0
4.205710155525752 -1.372683564255869 0
4.251717587435349 -1.372683564268012 0
4.297725019344945 -1.372683564280156 0
4.34373245125454 -1.372683564292299 0
4.389739883164136 -1.372683564304442 0
4.435747315073733 -1.372683564316585 0
4.481754746983329 -1.372683564328729 0
4.527762178892925 -1.372683564340872 0
4.57376961080252 -1.372683564353015 0
4.619777042712117 -1.372683564365158 0
4.665784474621712 -1.372683564377302 0
4.711791906531309 -1.372683564389445 0
4.757799338440905 -1.372683564401588 0
4.803806770350501 -1.372683564413731 0
4.849814202260099 -1.372683564425875 0
4.895821634169694 -1.372683564438018 0
4.94182906607929 -1.372683564450161 0
4.987836497988887 -1.372683564462304 0
5.033843929898484 -1.372683564474448 0
5.079851361808078 -1.372683564486591 0
5.125858793717673 -1.372683564498734 0
5.171866225627271 -1.372683564510877 0
5.217873657536867 -1.372683564523021 0
5.263881089446462 -1.372683564535164 0
5.309888521356059 -1.372683564547307 0
5.355895953265654 -1.37268356455945 0
5.40190338517525 -1.372683564571594 0
5.447910817084849 -1.372683564583737 0
5.493918248994444 -1.37268356459588 0
5.539925680904038 -1.372683564608023 0
5.585933112813634 -1.372683564620166 0
5.631940544723231 -1.37268356463231 0
5.677947976632828 -1.372683564644453 0
5.723955408542422 -1.372683564656596 0
5.76996284045202 -1.37268356466874 0
5.815970272361617 -1.372683564680883 0
5.861977704271212 -1.372683564693026 0
5.907985136180809 -1.372683564705169 0
5.953992568090404 -1.372683564717313 0
0.2067972719229218 -1.532025519974022 0
0.2427610386172163 -1.531872179676265 0
0.2787248053115098 -1.531491209199681 0
0.3146885720058031 -1.530907789428115 0
0.3506523387000966 -1.530143092348481 0
0.3866161053943898 -1.529215345914009 0
0.4225798720886831 -1.528140021961288 0
0.4585442651731248 -1.526930587878447 0
0.4945080318674278 -1.525598506605144 0
0.5304717985617353 -1.524153424549619 0
0.5664355652560439 -1.522603610061788 0
0.6023993319503528 -1.520955953433254 0
0.6383630986446611 -1.519215904258279 0
0.6743268653389698 -1.517387784628867 0
0.7102906320332784 -1.515474789134759 0
0.7462543987275826 -1.513478859585405 0
0.7822181654218751 -1.51140112348307 0
0.8181819321161563 -1.509241392910706 0
0.8541456988104328 -1.506998790922113 0
0.8901094655047099 -1.504671313068824 0
0.9260732321989864 -1.502255890039127 0
0.9620369988932687 -1.499748788547757 0
0.9980007655875656 -1.497145185390594 0
1.033964532281873 -1.494439418000725 0
1.079946342168034 -1.494439418012628 0
1.125928152054248 -1.494439418024532 0
1.171909961940448 -1.494439418036435 0
1.21789177182659 -1.494439418048339 0
1.263873581712683 -1.494439418060242 0
1.309855391598836 -1.494439418072147 0
1.35583720148505 -1.494439418084051 0
1.401819011371265 -1.494439418095954 0
1.447800821257479 -1.494439418107858 0
1.493782631143694 -1.494439418119762 0
1.539764441029908 -1.494439418131665 0
1.585746250916123 -1.494439418143569 0
1.631728060802326 -1.494439418155473 0
1.677709870688476 -1.494439418167377 0
1.723691680574574 -1.49443941817928 0
1.76967349046066 -1.494439418191184 0
1.815655300346745 -1.494439418203088 0
1.861637110232831 -1.494439418214992 0
1.907618920118917 -1.494439418226895 0
1.953600730005004 -1.494439418238799 0
1.999582539891089 -1.494439418250703 0
2.045564349777238 -1.494439418262607 0
2.091546159663451 -1.49443941827451 0
2.137527969549666 -1.494439418286414 0
2.183509779435882 -1.494439418298318 0
2.229491589322095 -1.494439418310221 0
2.275473399208311 -1.494439418322125 0
2.321455209094525 -1.494439418334029 0
2.367437018980739 -1.494439418345933 0
2.413418828866954 -1.494439418357836 0
2.459400638753168 -1.49443941836974 0
2.505382448639383 -1.494439418381644 0
2.551364258525599 -1.494439418393547 0
2.597346068411812 -1.494439418405451 0
2.643327878298027 -1.494439418417355 0
2.689309688184241 -1.494439418429259 0
2.735291498070456 -1.494439418441163 0
2.781273307956671 -1.494439418453067 0
2.827255117842885 -1.49443941846497 0
2.8732369277291 -1.494439418476874 0
2.919218737615316 -1.494439418488778 0
2.965200547501561 -1.494439418500682 0
3.011182357387871 -1.494439418512585 0
3.05716416727421 -1.494439418524489 0
3.103145977160549 -1.494439418536393 0
3.14912778704689 -1.494439418548296 0
3.19510959693323 -1.4944394185602 0
3.24109140681957 -1.494439418572104 0
3.287073216705911 -1.494439418584008 0
3.333055026592252 -1.494439418595912 0
3.379036836478591 -1.494439418607815 0
3.425018646364932 -1.494439418619719 0
3.471000456251272 -1.494439418631623 0
3.516982266137613 -1.494439418643527 0
3.562964076023952 -1.49443941865543 0
3.608945885910294 -1.494439418667334 0
3.654927695796635 -1.494439418679238 0
3.700909505682974 -1.494439418691141 0
3.746891315569316 -1.494439418703045 0
3.792873125455656 -1.494439418714949 0
3.838854935341996 -1.494439418726853 0
3.884836745228335 -1.494439418738756 0
3.930818555114677 -1.49443941875066 0
3.976800365001017 -1.494439418762564 0
4.022782174887358 -1.494439418774467 0
4.0687639847737 -1.494439418786371 0
4.114745794660038 -1.494439418798275 0
4.16072760454638 -1.494439418810179 0
4.20670941443272 -1.494439418822083 0
4.25269122431906 -1.494439418833986 0
4.298673034205402 -1.49443941884589 0
4.344654844091741 -1.494439418857794 0
4.390636653978082 -1.494439418869698 0
4.436618463864423 -1.494439418881601 0
4.482600273750762 -1.494439418893505 0
4.528582083637104 -1.494439418905409 0
4.574563893523444 -1.494439418917312 0
4.620545703409785 -1.494439418929216 0
4.666527513296125 -1.49443941894112 0
4.712509323182465 -1.494439418953024 0
4.758491133068806 -1.494439418964927 0
4.804472942955146 -1.494439418976831 0
4.850454752841486 -1.494439418988735 0
4.896436562727828 -1.494439419000639 0
4.942418372614168 -1.494439419012542 0
4.988400182500509 -1.494439419024446 0
5.034381992386848 -1.49443941903635 0
5.08036380227319 -1.494439419048254 0
5.126345612159531 -1.494439419060157 0
5.172327422045871 -1.494439419072061 0
5.218309231932214 -1.494439419083965 0
5.26429104181855 -1.494439419095869 0
5.310272851704892 -1.494439419107772 0
5.356254661591234 -1.494439419119676 0
5.402236471477573 -1.49443941913158 0
5.448218281363914 -1.494439419143484 0
5.494200091250256 -1.494439419155387 0
5.540181901136595 -1.494439419167291 0
5.586163711022935 -1.494439419179195 0
5.632145520909274 -1.494439419191099 0
5.678127330795617 -1.494439419203003 0
5.724109140681957 -1.494439419214906 0
5.770090950568298 -1.49443941922681 0
5.816072760454636 -1.494439419238713 0
5.862054570340978 -1.494439419250617 0
5.90803638022732 -1.494439419262521 0
5.95401819011366 -1.494439419274425 0
0.1985649255547083 -1.657951374782557 0
0.2350129494558727 -1.657805858515749 0
0.271460973357036 -1.657444326665438 0
0.3079089972581991 -1.656890675286816 0
0.3443570211593623 -1.65616499608798 0
0.3808050450605254 -1.655284586959631 0
0.4172530689616884 -1.654264130303838 0
0.4537016872920884 -1.653116406349125 0
0.4901497111932618 -1.651852293150468 0
0.5265977350944406 -1.650480944918064 0
0.5630457589956204 -1.649010208117798 0
0.5994937828968004 -1.647446621471238 0
0.6359418067979801 -1.645795356512719 0
0.6723898306991597 -1.644060514803952 0
0.7088378546003393 -1.64224512793403 0
0.7452858785015144 -1.640351038633575 0
0.7817339024026768 -1.638379316875208 0
0.8181819263038266 -1.636329784330161 0
0.8546299502049719 -1.634201608797506 0
0.8910779741061169 -1.631992888103694 0
0.9275259980072621 -1.629700709545482 0
0.9639740219084131 -1.627321530324637 0
1.000422045809581 -1.624850773336061 0
1.036870069710759 -1.622283064939481 0
1.082824976472574 -1.622283064951092 0
1.12877988323444 -1.622283064962701 0
1.174734789996291 -1.622283064974311 0
1.220689696758089 -1.622283064985922 0
1.266644603519839 -1.622283064997532 0
1.312599510281645 -1.622283065009142 0
1.358554417043511 -1.622283065020752 0
1.404509323805377 -1.622283065032363 0
1.450464230567243 -1.622283065043972 0
1.496419137329109 -1.622283065055582 0
1.542374044090975 -1.622283065067192 0
1.58832895085284 -1.622283065078802 0
1.634283857614696 -1.622283065090413 0
1.6802387643765 -1.622283065102023 0
1.726193671138255 -1.622283065113633 0
1.772148577899999 -1.622283065125244 0
1.818103484661743 -1.622283065136853 0
1.864058391423486 -1.622283065148464 0
1.91001329818523 -1.622283065160074 0
1.955968204946974 -1.622283065171684 0
2.001923111708717 -1.622283065183294 0
2.04787801847052 -1.622283065194905 0
2.093832925232386 -1.622283065206514 0
2.139787831994252 -1.622283065218124 0
2.185742738756118 -1.622283065229734 0
2.231697645517984 -1.622283065241344 0
2.277652552279851 -1.622283065252955 0
2.323607459041716 -1.622283065264565 0
2.369562365803582 -1.622283065276175 0
2.415517272565447 -1.622283065287785 0
2.461472179327313 -1.622283065299396 0
2.507427086089178 -1.622283065311005 0
2.553381992851045 -1.622283065322615 0
2.59933689961291 -1.622283065334226 0
2.645291806374776 -1.622283065345836 0
2.691246713136642 -1.622283065357446 0
2.737201619898508 -1.622283065369056 0
2.783156526660374 -1.622283065380666 0
2.82911143342224 -1.622283065392277 0
2.875066340184106 -1.622283065403886 0
2.921021246945973 -1.622283065415496 0
2.966976153707872 -1.622283065427107 0
3.012931060469841 -1.622283065438717 0
3.058885967231842 -1.622283065450327 0
3.104840873993844 -1.622283065461937 0
3.150795780755846 -1.622283065473547 0
3.196750687517849 -1.622283065485157 0
3.242705594279851 -1.622283065496768 0
3.288660501041853 -1.622283065508377 0
3.334615407803856 -1.622283065519988 0
3.380570314565858 -1.622283065531598 0
3.42652522132786 -1.622283065543208 0
3.472480128089864 -1.622283065554818 0
3.518435034851864 -1.622283065566429 0
3.564389941613868 -1.622283065578038 0
3.61034484837587 -1.622283065589649 0
3.656299755137872 -1.622283065601259 0
3.702254661899875 -1.622283065612869 0
3.748209568661878 -1.622283065624479 0
3.79416447542388 -1.622283065636089 0
3.840119382185883 -1.622283065647699 0
3.886074288947885 -1.622283065659309 0
3.932029195709887 -1.62228306567092 0
3.97798410247189 -1.62228306568253 0
4.023939009233891 -1.62228306569414 0
4.069893915995896 -1.62228306570575 0
4.115848822757897 -1.62228306571736 0
4.1618037295199 -1.62228306572897 0
4.207758636281902 -1.62228306574058 0
4.253713543043905 -1.62228306575219 0
4.299668449805908 -1.6222830657638 0
4.34562335656791 -1.622283065775411 0
4.391578263329912 -1.622283065787021 0
4.437533170091914 -1.622283065798631 0
4.483488076853916 -1.622283065810241 0
4.529442983615921 -1.622283065821851 0
4.575397890377921 -1.622283065833462 0
4.621352797139926 -1.622283065845072 0
4.667307703901928 -1.622283065856682 0
4.71326261066393 -1.622283065868292 0
4.759217517425935 -1.622283065879902 0
4.805172424187934 -1.622283065891512 0
4.851127330949939 -1.622283065903122 0
4.89708223771194 -1.622283065914732 0
4.943037144473942 -1.622283065926343 0
4.988992051235946 -1.622283065937953 0
5.034946957997947 -1.622283065949563 0
5.08090186475995 -1.622283065961173 0
5.12685677152195 -1.622283065972783 0
5.172811678283953 -1.622283065984393 0
5.218766585045957 -1.622283065996003 0
5.264721491807959 -1.622283066007613 0
5.310676398569964 -1.622283066019224 0
5.356631305331964 -1.622283066030834 0
5.402586212093967 -1.622283066042444 0
5.448541118855968 -1.622283066054054 0
5.494496025617973 -1.622283066065664 0
5.540450932379975 -1.622283066077275 0
5.586405839141977 -1.622283066088884 0
5.632360745903981 -1.622283066100495 0
5.678315652665983 -1.622283066112104 0
5.724270559427985 -1.622283066123714 0
5.770225466189988 -1.622283066135325 0
5.816180372951989 -1.622283066146935 0
5.862135279713991 -1.622283066158545 0
5.908090186475995 -1.622283066170155 0
5.954045093237998 -1.622283066181766 0
0.1899209618735709 -1.790173522247401 0
0.2268774558416153 -1.790036221213046 0
0.2638339498096587 -1.789695099920271 0
0.3007904437777017 -1.789172705354181 0
0.3377469377457449 -1.788487994930121 0
0.3747034317137881 -1.78765728997313 0
0.4116599256818312 -1.786694443979034 0
0.4486169805201541 -1.785611515658776 0
0.4855734744882084 -1.784418768938411 0
0.5225299684562685 -1.783124841220196 0
0.5594864624243298 -1.781737135991779 0
0.596442956392391 -1.780261822826198 0
0.6333994503604519 -1.778703781294859 0
0.6703559443285134 -1.777066881402667 0
0.7073124382965741 -1.775353983588033 0
0.7442689322646303 -1.773566826548813 0
0.7812254262326728 -1.771706419851505 0
0.8181819202007019 -1.769772595235025 0
0.8551384141687255 -1.767764567480987 0
0.8920949081367494 -1.765680541804507 0
0.9290514021047731 -1.763517769941231 0
0.9660078960728031 -1.761272909104311 0
1.002964390040851 -1.758941640592621 0
1.039920884008911 -1.756518894138862 0
1.085847542490183 -1.756518894150118 0
1.131774200971503 -1.756518894161374 0
1.177700859452809 -1.75651889417263 0
1.223627517934064 -1.756518894183886 0
1.269554176415275 -1.756518894195143 0
1.315480834896539 -1.756518894206399 0
1.361407493377859 -1.756518894217655 0
1.407334151859178 -1.756518894228911 0
1.453260810340499 -1.756518894240167 0
1.499187468821818 -1.756518894251422 0
1.545114127303138 -1.756518894262679 0
1.591040785784458 -1.756518894273934 0
1.636967444265768 -1.756518894285191 0
1.68289410274703 -1.756518894296446 0
1.728820761228245 -1.756518894307703 0
1.774747419709449 -1.756518894318959 0
1.820674078190653 -1.756518894330215 0
1.866600736671858 -1.756518894341471 0
1.912527395153063 -1.756518894352727 0
1.958454053634267 -1.756518894363983 0
2.004380712115473 -1.756518894375239 0
2.050307370596733 -1.756518894386495 0
2.096234029078053 -1.756518894397751 0
2.142160687559372 -1.756518894409007 0
2.188087346040692 -1.756518894420263 0
2.234014004522012 -1.756518894431519 0
2.279940663003333 -1.756518894442776 0
2.325867321484652 -1.756518894454032 0
2.371793979965973 -1.756518894465287 0
2.417720638447291 -1.756518894476544 0
2.463647296928611 -1.756518894487799 0
2.50957395540993 -1.756518894499055 0
2.555500613891251 -1.756518894510312 0
2.60142727237257 -1.756518894521567 0
2.64735393085389 -1.756518894532824 0
2.69328058933521 -1.75651889454408 0
2.739207247816529 -1.756518894555336 0
2.785133906297849 -1.756518894566592 0
2.83106056477917 -1.756518894577848 0
2.87698722326049 -1.756518894589104 0
2.922913881741811 -1.75651889460036 0
2.968840540223167 -1.756518894611616 0
3.014767198704599 -1.756518894622872 0
3.060693857186064 -1.756518894634128 0
3.106620515667531 -1.756518894645384 0
3.152547174148999 -1.75651889465664 0
3.198473832630467 -1.756518894667896 0
3.244400491111935 -1.756518894679152 0
3.290327149593403 -1.756518894690408 0
3.336253808074869 -1.756518894701664 0
3.382180466556337 -1.75651889471292 0
3.428107125037806 -1.756518894724177 0
3.474033783519273 -1.756518894735432 0
3.51996044200074 -1.756518894746688 0
3.565887100482207 -1.756518894757944 0
3.611813758963676 -1.756518894769201 0
3.657740417445145 -1.756518894780456 0
3.703667075926611 -1.756518894791713 0
3.74959373440808 -1.756518894802968 0
3.795520392889546 -1.756518894814225 0
3.841447051371015 -1.756518894825481 0
3.887373709852482 -1.756518894836736 0
3.93330036833395 -1.756518894847992 0
3.979227026815417 -1.756518894859249 0
4.025153685296885 -1.756518894870505 0
4.071080343778354 -1.756518894881761 0
4.117007002259821 -1.756518894893016 0
4.162933660741289 -1.756518894904273 0
4.208860319222757 -1.756518894915529 0
4.254786977704224 -1.756518894926785 0
4.300713636185693 -1.756518894938041 0
4.346640294667161 -1.756518894949297 0
4.392566953148628 -1.756518894960553 0
4.438493611630097 -1.756518894971809 0
4.484420270111565 -1.756518894983065 0
4.530346928593032 -1.756518894994321 0
4.576273587074496 -1.756518895005577 0
4.622200245555968 -1.756518895016833 0
4.668126904037433 -1.756518895028089 0
4.714053562518902 -1.756518895039346 0
4.759980221000371 -1.756518895050602 0
4.805906879481839 -1.756518895061858 0
4.851833537963304 -1.756518895073114 0
4.897760196444773 -1.75651889508437 0
4.943686854926241 -1.756518895095626 0
4.98961351340771 -1.756518895106882 0
5.035540171889176 -1.756518895118137 0
5.081466830370646 -1.756518895129393 0
5.127393488852112 -1.756518895140649 0
5.173320147333579 -1.756518895151905 0
5.219246805815049 -1.756518895163161 0
5.265173464296515 -1.756518895174418 0
5.311100122777983 -1.756518895185674 0
5.35702678125945 -1.75651889519693 0
5.402953439740919 -1.756518895208186 0
5.448880098222387 -1.756518895219442 0
5.494806756703855 -1.756518895230698 0
5.540733415185324 -1.756518895241954 0
5.586660073666787 -1.75651889525321 0
5.632586732148257 -1.756518895264466 0
5.678513390629725 -1.756518895275722 0
5.724440049111193 -1.756518895286978 0
5.770366707592661 -1.756518895298234 0
5.816293366074127 -1.75651889530949 0
5.862220024555596 -1.756518895320746 0
5.908146683037064 -1.756518895332003 0
5.954073341518532 -1.756518895343258 0
0.1808447999905051 -1.929006777358661 0
0.218335187529814 -1.92887810231836 0
0.2558255750691216 -1.928558412110998 0
0.2933159626084292 -1.928068837198094 0
0.3308063501477367 -1.927427143987592 0
0.368296737687044 -1.926648628410589 0
0.4057871252263515 -1.925746273611354 0
0.4432780383990339 -1.924731380707366 0
0.4807684259383536 -1.923613568789315 0
0.5182588134776793 -1.922400932611118 0
0.5557492010170064 -1.921100410533272 0
0.5932395885563336 -1.91971778452286 0
0.6307299760956604 -1.91825762759021 0
0.6682203636349874 -1.916723566605584 0
0.7057107511743144 -1.915118282299172 0
0.7432011387136359 -1.913443404134429 0
0.7806915262529428 -1.911699878251418 0
0.818181913792235 -1.909887546960132 0
0.8556723013315219 -1.908005674373849 0
0.8931626888708084 -1.906052578465782 0
0.930653076410095 -1.904025683632413 0
0.9681434639493887 -1.901921857098851 0
1.005633851488701 -1.899737051488136 0
1.043124239028028 -1.897466515074597 0
1.089021236814673 -1.897466515085434 0
1.134918234601363 -1.89746651509627 0
1.180815232388041 -1.897466515107108 0
1.22671223017467 -1.897466515117944 0
1.272609227961259 -1.89746651512878 0
1.318506225747897 -1.897466515139617 0
1.364403223534588 -1.897466515150455 0
1.410300221321278 -1.897466515161291 0
1.456197219107968 -1.897466515172128 0
1.502094216894658 -1.897466515182965 0
1.547991214681349 -1.897466515193801 0
1.593888212468039 -1.897466515204638 0
1.639785210254721 -1.897466515215474 0
1.685682208041357 -1.897466515226311 0
1.731579205827949 -1.897466515237148 0
1.777476203614532 -1.897466515247985 0
1.823373201401114 -1.897466515258821 0
1.869270199187696 -1.897466515269659 0
1.915167196974279 -1.897466515280495 0
1.961064194760861 -1.897466515291331 0
2.006961192547443 -1.897466515302169 0
2.052858190334078 -1.897466515313006 0
2.098755188120769 -1.897466515323842 0
2.14465218590746 -1.897466515334678 0
2.19054918369415 -1.897466515345515 0
2.23644618148084 -1.897466515356352 0
2.282343179267531 -1.897466515367189 0
2.328240177054221 -1.897466515378026 0
2.374137174840912 -1.897466515388863 0
2.420034172627602 -1.897466515399699 0
2.465931170414292 -1.897466515410535 0
2.511828168200982 -1.897466515421373 0
2.557725165987674 -1.897466515432209 0
2.603622163774364 -1.897466515443046 0
2.649519161561054 -1.897466515453882 0
2.695416159347744 -1.89746651546472 0
2.741313157134435 -1.897466515475556 0
2.787210154921125 -1.897466515486393 0
2.833107152707815 -1.89746651549723 0
2.879004150494507 -1.897466515508066 0
2.924901148281198 -1.897466515518903 0
2.970798146067928 -1.89746651552974 0
3.016695143854738 -1.897466515540577 0
3.062592141641588 -1.897466515551413 0
3.108489139428436 -1.89746651556225 0
3.154386137215286 -1.897466515573087 0
3.200283135002137 -1.897466515583924 0
3.246180132788987 -1.89746651559476 0
3.292077130575838 -1.897466515605597 0
3.337974128362688 -1.897466515616434 0
3.383871126149537 -1.897466515627271 0
3.429768123936388 -1.897466515638107 0
3.475665121723237 -1.897466515648944 0
3.521562119510088 -1.897466515659781 0
3.567459117296938 -1.897466515670617 0
3.613356115083788 -1.897466515681454 0
3.659253112870639 -1.897466515692291 0
3.705150110657488 -1.897466515703127 0
3.75104710844434 -1.897466515713964 0
3.796944106231188 -1.897466515724801 0
3.842841104018039 -1.897466515735638 0
3.888738101804889 -1.897466515746475 0
3.934635099591739 -1.897466515757311 0
3.980532097378589 -1.897466515768148 0
4.026429095165439 -1.897466515778985 0
4.072326092952292 -1.897466515789821 0
4.118223090739142 -1.897466515800659 0
4.164120088525991 -1.897466515811495 0
4.210017086312841 -1.897466515822332 0
4.255914084099692 -1.897466515833169 0
4.301811081886541 -1.897466515844005 0
4.347708079673392 -1.897466515854842 0
4.393605077460242 -1.897466515865679 0
4.439502075247093 -1.897466515876515 0
4.485399073033943 -1.897466515887352 0
4.531296070820794 -1.897466515898189 0
4.577193068607642 -1.897466515909025 0
4.623090066394493 -1.897466515919862 0
4.668987064181343 -1.897466515930699 0
4.714884061968194 -1.897466515941536 0
4.760781059755045 -1.897466515952373 0
4.806678057541894 -1.897466515963209 0
4.852575055328744 -1.897466515974046 0
4.898472053115595 -1.897466515984883 0
4.944369050902444 -1.89746651599572 0
4.990266048689296 -1.897466516006556 0
5.036163046476146 -1.897466516017393 0
5.082060044262995 -1.89746651602823 0
5.127957042049847 -1.897466516039066 0
5.173854039836695 -1.897466516049903 0
5.219751037623547 -1.89746651606074 0
5.265648035410395 -1.897466516071576 0
5.311545033197246 -1.897466516082413 0
5.357442030984096 -1.89746651609325 0
5.403339028770946 -1.897466516104086 0
5.449236026557797 -1.897466516114923 0
5.495133024344646 -1.89746651612576 0
5.541030022131499 -1.897466516136597 0
5.586927019918347 -1.897466516147433 0
5.632824017705198 -1.89746651615827 0
5.678721015492048 -1.897466516169107 0
5.724618013278898 -1.897466516179944 0
5.77051501106575 -1.897466516190781 0
5.816412008852598 -1.897466516201617 0
5.862309006639449 -1.897466516212454 0
5.908206004426299 -1.897466516223291 0
5.95410300221315 -1.897466516234128 0
0.17131483003597 -2.074781694878288 0
0.2093658058237604 -2.074662077131681 0
0.2474167816115496 -2.074364889563908 0
0.2854677573993384 -2.073909775286721 0
0.3235187331871274 -2.073313250150303 0
0.3615697089749163 -2.072589533422116 0
0.3996206847627053 -2.07175069437729 0
0.4376721491851189 -2.070807238660171 0
0.475723124972921 -2.069768108284318 0
0.5137741007607299 -2.068640828222891 0
0.5518250765485397 -2.067431848452883 0
0.5898760523363498 -2.066146543955122 0
0.62792702812416 -2.064789165850807 0
0.66597800391197 -2.063363085718822 0
0.70402897969978 -2.061870795595731 0
0.7420799554875841 -2.060313810248861 0
0.7801309312753724 -2.058693009220527 0
0.818181907063145 -2.057008245920344 0
0.8562328828509115 -2.055258836259843 0
0.8942838586386781 -2.053443216608237 0
0.9323348344264447 -2.051558992655886 0
0.9703858102142189 -2.049603252140449 0
1.008436786002014 -2.047572232575348 0
1.046487761789823 -2.045461516703612 0
1.092353615847187 -2.045461516713958 0
1.138219469904593 -2.045461516724303 0
1.184085323961988 -2.045461516734648 0
1.229951178019338 -2.045461516744993 0
1.275817032076648 -2.045461516755338 0
1.321682886134006 -2.045461516765683 0
1.367548740191412 -2.045461516776028 0
1.413414594248818 -2.045461516786374 0
1.459280448306225 -2.045461516796719 0
1.505146302363631 -2.045461516807065 0
1.551012156421037 -2.045461516817409 0
1.596878010478443 -2.045461516827755 0
1.642743864535841 -2.045461516838101 0
1.688609718593197 -2.045461516848445 0
1.734475572650511 -2.04546151685879 0
1.780341426707817 -2.045461516869135 0
1.826207280765123 -2.045461516879481 0
1.872073134822429 -2.045461516889826 0
1.917938988879734 -2.045461516900171 0
1.96380484293704 -2.045461516910517 0
2.009670696994346 -2.045461516920861 0
2.0555365510517 -2.045461516931207 0
2.101402405109106 -2.045461516941552 0
2.147268259166513 -2.045461516951897 0
2.19313411322392 -2.045461516962243 0
2.238999967281325 -2.045461516972588 0
2.284865821338732 -2.045461516982933 0
2.330731675396138 -2.045461516993278 0
2.376597529453544 -2.045461517003624 0
2.422463383510951 -2.045461517013969 0
2.468329237568356 -2.045461517024314 0
2.514195091625763 -2.045461517034659 0
2.56006094568317 -2.045461517045005 0
2.605926799740575 -2.04546151705535 0
2.651792653797981 -2.045461517065695 0
2.697658507855388 -2.04546151707604 0
2.743524361912793 -2.045461517086386 0
2.7893902159702 -2.04546151709673 0
2.835256070027606 -2.045461517107076 0
2.881121924085013 -2.045461517117421 0
2.926987778142419 -2.045461517127766 0
2.972853632199869 -2.045461517138111 0
3.018719486257404 -2.045461517148457 0
3.064585340314982 -2.045461517158802 0
3.11045119437256 -2.045461517169148 0
3.156317048430138 -2.045461517179493 0
3.202182902487717 -2.045461517189837 0
3.248048756545294 -2.045461517200184 0
3.293914610602874 -2.045461517210528 0
3.339780464660452 -2.045461517220873 0
3.385646318718029 -2.045461517231218 0
3.431512172775609 -2.045461517241565 0
3.477378026833186 -2.045461517251909 0
3.523243880890764 -2.045461517262254 0
3.569109734948343 -2.045461517272599 0
3.614975589005921 -2.045461517282944 0
3.660841443063499 -2.04546151729329 0
3.706707297121078 -2.045461517303635 0
3.752573151178656 -2.045461517313981 0
3.798439005236235 -2.045461517324326 0
3.844304859293813 -2.045461517334671 0
3.890170713351391 -2.045461517345017 0
3.93603656740897 -2.045461517355361 0
3.981902421466549 -2.045461517365707 0
4.027768275524126 -2.045461517376052 0
4.073634129581706 -2.045461517386397 0
4.119499983639283 -2.045461517396743 0
4.165365837696861 -2.045461517407088 0
4.21123169175444 -2.045461517417433 0
4.257097545812018 -2.045461517427778 0
4.302963399869598 -2.045461517438124 0
4.348829253927176 -2.045461517448468 0
4.394695107984755 -2.045461517458814 0
4.440560962042333 -2.045461517469159 0
4.48642681609991 -2.045461517479504 0
4.532292670157491 -2.045461517489849 0
4.578158524215068 -2.045461517500195 0
4.624024378272647 -2.045461517510541 0
4.669890232330225 -2.045461517520885 0
4.715756086387803 -2.04546151753123 0
4.761621940445382 -2.045461517541575 0
4.807487794502959 -2.045461517551921 0
4.85335364856054 -2.045461517562266 0
4.899219502618119 -2.045461517572612 0
4.945085356675696 -2.045461517582956 0
4.990951210733274 -2.045461517593302 0
5.036817064790853 -2.045461517603647 0
5.082682918848432 -2.045461517613993 0
5.128548772906012 -2.045461517624337 0
5.174414626963589 -2.045461517634683 0
5.220280481021167 -2.045461517645028 0
5.266146335078744 -2.045461517655373 0
5.312012189136322 -2.045461517665718 0
5.357878043193903 -2.045461517676064 0
5.403743897251481 -2.045461517686408 0
5.449609751309058 -2.045461517696754 0
5.495475605366636 -2.0454615177071 0
5.541341459424215 -2.045461517717444 0
5.587207313481795 -2.045461517727789 0
5.633073167539372 -2.045461517738135 0
5.67893902159695 -2.045461517748481 0
5.724804875654529 -2.045461517758825 0
5.770670729712108 -2.045461517769171 0
5.816536583769686 -2.045461517779516 0
5.862402437827264 -2.045461517789861 0
5.908268291884843 -2.045461517800206 0
5.954134145942422 -2.045461517810552 0
0.1613083615440014 -2.227845358882058 0
0.1999479549950769 -2.227735251294023 0
0.238587548446151 -2.227461691498071 0
0.2772271418972249 -2.227042760888693 0
0.3158667353482989 -2.226493662230411 0
0.3545063287993727 -2.225827484293871 0
0.3931459222504466 -2.225055336791602 0
0.4317859654874576 -2.224186890121157 0
0.4704255589385456 -2.223230375365105 0
0.509065152389641 -2.222192719226808 0
0.5477047458407374 -2.221079858880576 0
0.5863443392918344 -2.219896741971669 0
0.6249839327429308 -2.218647281637701 0
0.6636235261940278 -2.217334581401606 0
0.7022631196451241 -2.215960935171641 0
0.7409027130962145 -2.214527737284197 0
0.7795423065472878 -2.213035797353952 0
0.818181899998344 -2.211484980445129 0
0.8568214934493943 -2.20987465685742 0
0.8954610869004441 -2.208203387275841 0
0.9341006803514942 -2.206468967749323 0
0.9727402738025521 -2.204668717553707 0
1.011379867253632 -2.202799173337311 0
1.050019460704728 -2.200856269035306 0
1.095852613846208 -2.200856269045325 0
1.141685766987727 -2.200856269055346 0
1.187518920129235 -2.200856269065365 0
1.233352073270701 -2.200856269075385 0
1.279185226412132 -2.200856269085404 0
1.325018379553607 -2.200856269095424 0
1.370851532695125 -2.200856269105443 0
1.416684685836644 -2.200856269115463 0
1.462517838978163 -2.200856269125483 0
1.508350992119681 -2.200856269135503 0
1.5541841452612 -2.200856269145522 0
1.600017298402718 -2.200856269155542 0
1.645850451544229 -2.200856269165562 0
1.691683604685702 -2.200856269175581 0
1.737516757827136 -2.2008562691856 0
1.783349910968562 -2.200856269195619 0
1.829183064109989 -2.20085626920564 0
1.875016217251414 -2.200856269215659 0
1.920849370392841 -2.200856269225679 0
1.966682523534267 -2.200856269235699 0
2.012515676675693 -2.200856269245718 0
2.058348829817165 -2.200856269255739 0
2.104181982958684 -2.200856269265757 0
2.150015136100202 -2.200856269275777 0
2.19584828924172 -2.200856269285797 0
2.24168144238324 -2.200856269295816 0
2.287514595524759 -2.200856269305836 0
2.333347748666277 -2.200856269315856 0
2.379180901807796 -2.200856269325875 0
2.425014054949314 -2.200856269335895 0
2.470847208090833 -2.200856269345915 0
2.516680361232351 -2.200856269355934 0
2.562513514373871 -2.200856269365953 0
2.608346667515389 -2.200856269375973 0
2.654179820656908 -2.200856269385993 0
2.700012973798426 -2.200856269396013 0
2.745846126939945 -2.200856269406032 0
2.791679280081464 -2.200856269416052 0
2.837512433222982 -2.200856269426071 0
2.883345586364501 -2.200856269436091 0
2.929178739506021 -2.20085626944611 0
2.975011892647586 -2.20085626945613 0
3.020845045789245 -2.20085626946615 0
3.066678198930947 -2.200856269476169 0
3.11251135207265 -2.200856269486189 0
3.158344505214354 -2.200856269496209 0
3.204177658356057 -2.200856269506229 0
3.250010811497761 -2.200856269516248 0
3.295843964639467 -2.200856269526268 0
3.34167711778117 -2.200856269536287 0
3.387510270922872 -2.200856269546307 0
3.433343424064576 -2.200856269556326 0
3.479176577206281 -2.200856269566347 0
3.525009730347985 -2.200856269576366 0
3.570842883489688 -2.200856269586386 0
3.616676036631392 -2.200856269596406 0
3.662509189773096 -2.200856269606425 0
3.708342342914801 -2.200856269616444 0
3.754175496056505 -2.200856269626464 0
3.800008649198209 -2.200856269636483 0
3.845841802339913 -2.200856269646503 0
3.891674955481617 -2.200856269656523 0
3.93750810862332 -2.200856269666542 0
3.983341261765024 -2.200856269676562 0
4.029174414906729 -2.200856269686582 0
4.075007568048433 -2.200856269696601 0
4.120840721190138 -2.200856269706621 0
4.16667387433184 -2.200856269716641 0
4.212507027473544 -2.20085626972666 0
4.258340180615249 -2.200856269736679 0
4.304173333756951 -2.2008562697467 0
4.350006486898657 -2.200856269756719 0
4.395839640040359 -2.200856269766739 0
4.441672793182065 -2.200856269776758 0
4.487505946323768 -2.200856269786778 0
4.533339099465472 -2.200856269796798 0
4.579172252607178 -2.200856269806817 0
4.62500540574888 -2.200856269816837 0
4.670838558890585 -2.200856269826857 0
4.716671712032287 -2.200856269836876 0
4.762504865173993 -2.200856269846896 0
4.808338018315697 -2.200856269856915 0
4.8541711714574 -2.200856269866935 0
4.900004324599104 -2.200856269876954 0
4.945837477740806 -2.200856269886974 0
4.991670630882513 -2.200856269896994 0
5.037503784024215 -2.200856269907014 0
5.083336937165919 -2.200856269917033 0
5.129170090307625 -2.200856269927053 0
5.175003243449327 -2.200856269937072 0
5.220836396591032 -2.200856269947092 0
5.266669549732734 -2.200856269957111 0
5.31250270287444 -2.200856269967131 0
5.358335856016145 -2.200856269977151 0
5.404169009157846 -2.20085626998717 0
5.450002162299553 -2.20085626999719 0
5.495835315441255 -2.200856270007209 0
5.54166846858296 -2.20085627001723 0
5.587501621724664 -2.200856270027248 0
5.633334774866367 -2.200856270037269 0
5.679167928008072 -2.200856270047288 0
5.725001081149774 -2.200856270057308 0
5.770834234291479 -2.200856270067327 0
5.816667387433185 -2.200856270077348 0
5.862500540574887 -2.200856270087367 0
5.908333693716592 -2.200856270097387 0
5.954166846858296 -2.200856270107406 0
0.1508015696100366 -2.38856220634984 0
0.1900592116084573 -2.388462084427863 0
0.2293168536068763 -2.388213333791899 0
0.2685744956052952 -2.387832396033315 0
0.3078321376037142 -2.387333095176693 0
0.3470897796021331 -2.386727332971005 0
0.386347421600552 -2.386025211588061 0
0.4256054725937858 -2.385235524416278 0
0.4648631145922199 -2.384365756060681 0
0.5041207565906619 -2.383422205041346 0
0.5433783985891053 -2.382410270089764 0
0.5826360405875488 -2.381334450148848 0
0.621893682585992 -2.380198303473445 0
0.6611513245844354 -2.379004652127745 0
0.7004089665828789 -2.377755581985279 0
0.7396666085813157 -2.376452360929958 0
0.7789242505797339 -2.375095725152441 0
0.8181818925781341 -2.373685551954284 0
0.8574395345765273 -2.372221268742756 0
0.896697176574921 -2.37070156673446 0
0.9359548185733144 -2.36912444185483 0
0.975212460571716 -2.367487456494798 0
1.014470102570142 -2.365787461394323 0
1.053727744568585 -2.364020759240328 0
1.099526561748357 -2.36402075924945 0
1.145325378928164 -2.364020759258572 0
1.191124196107961 -2.364020759267695 0
1.236923013287721 -2.364020759276817 0
1.282721830467448 -2.364020759285939 0
1.328520647647215 -2.364020759295061 0
1.374319464827022 -2.364020759304183 0
1.420118282006829 -2.364020759313306 0
1.465917099186636 -2.364020759322428 0
1.511715916366443 -2.36402075933155 0
1.55751473354625 -2.364020759340673 0
1.603313550726058 -2.364020759349795 0
1.649112367905857 -2.364020759358917 0
1.694911185085622 -2.36402075936804 0
1.740710002265353 -2.364020759377162 0
1.786508819445076 -2.364020759386284 0
1.832307636624799 -2.364020759395407 0
1.878106453804522 -2.364020759404529 0
1.923905270984245 -2.364020759413652 0
1.969704088163968 -2.364020759422774 0
2.015502905343691 -2.364020759431896 0
2.061301722523455 -2.364020759441018 0
2.107100539703262 -2.36402075945014 0
2.152899356883069 -2.364020759459262 0
2.198698174062876 -2.364020759468385 0
2.244496991242684 -2.364020759477507 0
2.290295808422492 -2.364020759486629 0
2.336094625602298 -2.364020759495752 0
2.381893442782105 -2.364020759504874 0
2.427692259961912 -2.364020759513997 0
2.473491077141719 -2.364020759523119 0
2.519289894321526 -2.364020759532241 0
2.565088711501333 -2.364020759541364 0
2.61088752868114 -2.364020759550486 0
2.656686345860948 -2.364020759559607 0
2.702485163040755 -2.364020759568731 0
2.748283980220561 -2.364020759577852 0
2.794082797400369 -2.364020759586976 0
2.839881614580176 -2.364020759596097 0
2.885680431759983 -2.364020759605219 0
2.931479248939791 -2.364020759614341 0
2.977278066119649 -2.364020759623463 0
3.023076883299606 -2.364020759632586 0
3.068875700479611 -2.364020759641709 0
3.114674517659615 -2.364020759650831 0
3.160473334839621 -2.364020759659954 0
3.206272152019627 -2.364020759669076 0
3.252070969199633 -2.364020759678198 0
3.297869786379639 -2.36402075968732 0
3.343668603559646 -2.364020759696442 0
3.389467420739651 -2.364020759705564 0
3.435266237919657 -2.364020759714687 0
3.481065055099664 -2.364020759723808 0
3.526863872279669 -2.364020759732932 0
3.572662689459676 -2.364020759742054 0
3.618461506639682 -2.364020759751176 0
3.664260323819688 -2.364020759760298 0
3.710059140999694 -2.364020759769421 0
3.755857958179699 -2.364020759778543 0
3.801656775359706 -2.364020759787666 0
3.847455592539712 -2.364020759796788 0
3.893254409719717 -2.36402075980591 0
3.939053226899724 -2.364020759815032 0
3.984852044079731 -2.364020759824154 0
4.030650861259737 -2.364020759833276 0
4.076449678439744 -2.364020759842399 0
4.12224849561975 -2.364020759851521 0
4.168047312799755 -2.364020759860644 0
4.213846129979759 -2.364020759869766 0
4.259644947159769 -2.364020759878888 0
4.305443764339773 -2.36402075988801 0
4.351242581519778 -2.364020759897132 0
4.397041398699785 -2.364020759906255 0
4.442840215879792 -2.364020759915378 0
4.488639033059798 -2.3640207599245 0
4.534437850239804 -2.364020759933622 0
4.580236667419811 -2.364020759942744 0
4.626035484599818 -2.364020759951866 0
4.671834301779821 -2.364020759960988 0
4.717633118959828 -2.364020759970111 0
4.763431936139835 -2.364020759979233 0
4.80923075331984 -2.364020759988356 0
4.855029570499848 -2.364020759997478 0
4.900828387679853 -2.3640207600066 0
4.94662720485986 -2.364020760015722 0
4.992426022039867 -2.364020760024846 0
5.038224839219872 -2.364020760033967 0
5.084023656399877 -2.36402076004309 0
5.129822473579882 -2.364020760052212 0
5.17562129075989 -2.364020760061334 0
5.221420107939895 -2.364020760070456 0
5.267218925119903 -2.364020760079579 0
5.313017742299909 -2.3640207600887 0
5.358816559479916 -2.364020760097823 0
5.404615376659919 -2.364020760106945 0
5.450414193839927 -2.364020760116067 0
5.496213011019931 -2.36402076012519 0
5.542011828199938 -2.364020760134312 0
5.587810645379943 -2.364020760143434 0
5.633609462559951 -2.364020760152557 0
5.679408279739958 -2.364020760161679 0
5.725207096919965 -2.364020760170802 0
5.771005914099971 -2.364020760179924 0
5.816804731279976 -2.364020760189046 0
5.86260354845998 -2.364020760198168 0
5.908402365639987 -2.36402076020729 0
5.954201182819993 -2.364020760216413 0
0.1397694381689092 -2.557314894822253 0
0.1796760311368208 -2.557225257849715 0
0.2195826241047308 -2.557002556831693 0
0.2594892170726407 -2.556661511566286 0
0.2993958100405506 -2.556214498401147 0
0.3393024030084604 -2.55567217271251 0
0.3792089959763703 -2.55504357875443 0
0.419115955108417 -2.554336589055741 0
0.4590225480763432 -2.553557904420053 0
0.4989291410442778 -2.552713163774996 0
0.5388357340122139 -2.551807200487109 0
0.5787423269801503 -2.550844042361842 0
0.6186489199480861 -2.54982687502714 0
0.6585555129160225 -2.548758225015513 0
0.6984621058839585 -2.547639959764033 0
0.7383686988518876 -2.54647321438151 0
0.7782752918197969 -2.545258647963378 0
0.8181818847876869 -2.5439961506604 0
0.8580884777555694 -2.54268520984279 0
0.8979950707234519 -2.541324653785328 0
0.9379016636913343 -2.539912688283767 0
0.9778082566592261 -2.538447130999884 0
1.017714849627144 -2.536925162469862 0
1.057621442595079 -2.535343472569952 0
1.103384207015341 -2.535343472578329 0
1.149146971435633 -2.535343472586708 0
1.194909735855918 -2.535343472595085 0
1.240672500276168 -2.535343472603463 0
1.286435264696389 -2.535343472611841 0
1.332198029116646 -2.53534347262022 0
1.377960793536939 -2.535343472628597 0
1.423723557957232 -2.535343472636976 0
1.469486322377525 -2.535343472645354 0
1.515249086797817 -2.535343472653732 0
1.56101185121811 -2.53534347266211 0
1.606774615638403 -2.535343472670488 0
1.65253738005869 -2.535343472678866 0
1.698300144478945 -2.535343472687244 0
1.74406290889917 -2.535343472695621 0
1.789825673319386 -2.535343472704 0
1.835588437739604 -2.535343472712379 0
1.881351202159822 -2.535343472720756 0
1.927113966580039 -2.535343472729134 0
1.972876731000257 -2.535343472737512 0
2.018639495420475 -2.535343472745891 0
2.064402259840729 -2.535343472754268 0
2.110165024261022 -2.535343472762646 0
2.155927788681314 -2.535343472771024 0
2.201690553101607 -2.535343472779402 0
2.2474533175219 -2.535343472787781 0
2.293216081942195 -2.535343472796159 0
2.338978846362486 -2.535343472804536 0
2.38474161078278 -2.535343472812915 0
2.430504375203071 -2.535343472821293 0
2.476267139623364 -2.535343472829671 0
2.522029904043658 -2.535343472838049 0
2.567792668463951 -2.535343472846427 0
2.613555432884244 -2.535343472854805 0
2.659318197304537 -2.535343472863183 0
2.705080961724829 -2.535343472871562 0
2.750843726145121 -2.535343472879939 0
2.796606490565414 -2.535343472888318 0
2.842369254985708 -2.535343472896695 0
2.888132019406001 -2.535343472905073 0
2.933894783826295 -2.535343472913451 0
2.979657548246641 -2.535343472921829 0
3.025420312667094 -2.535343472930208 0
3.071183077087599 -2.535343472938585 0
3.116945841508104 -2.535343472946963 0
3.162708605928611 -2.535343472955342 0
3.208471370349117 -2.53534347296372 0
3.254234134769624 -2.535343472972097 0
3.299996899190131 -2.535343472980475 0
3.345759663610637 -2.535343472988854 0
3.391522428031142 -2.535343472997232 0
3.437285192451647 -2.53534347300561 0
3.483047956872154 -2.535343473013988 0
3.528810721292661 -2.535343473022365 0
3.574573485713167 -2.535343473030744 0
3.620336250133672 -2.535343473039122 0
3.666099014554179 -2.535343473047499 0
3.711861778974685 -2.535343473055879 0
3.757624543395193 -2.535343473064256 0
3.803387307815698 -2.535343473072634 0
3.849150072236205 -2.535343473081012 0
3.89491283665671 -2.53534347308939 0
3.940675601077217 -2.535343473097769 0
3.986438365497724 -2.535343473106146 0
4.032201129918229 -2.535343473114525 0
4.077963894338736 -2.535343473122903 0
4.123726658759244 -2.535343473131281 0
4.169489423179749 -2.535343473139658 0
4.215252187600255 -2.535343473148036 0
4.26101495202076 -2.535343473156415 0
4.306777716441268 -2.535343473164793 0
4.352540480861773 -2.535343473173171 0
4.398303245282279 -2.535343473181549 0
4.444066009702787 -2.535343473189926 0
4.489828774123294 -2.535343473198305 0
4.535591538543798 -2.535343473206683 0
4.581354302964305 -2.535343473215061 0
4.627117067384811 -2.53534347322344 0
4.672879831805318 -2.535343473231817 0
4.718642596225823 -2.535343473240195 0
4.764405360646331 -2.535343473248573 0
4.810168125066836 -2.535343473256951 0
4.855930889487343 -2.53534347326533 0
4.901693653907849 -2.535343473273707 0
4.947456418328353 -2.535343473282085 0
4.993219182748862 -2.535343473290463 0
5.038981947169367 -2.535343473298841 0
5.084744711589876 -2.53534347330722 0
5.130507476010381 -2.535343473315597 0
5.176270240430886 -2.535343473323975 0
5.222033004851393 -2.535343473332354 0
5.267795769271899 -2.535343473340731 0
5.313558533692406 -2.53534347334911 0
5.359321298112912 -2.535343473357488 0
5.405084062533417 -2.535343473365866 0
5.450846826953926 -2.535343473374244 0
5.496609591374432 -2.535343473382622 0
5.542372355794936 -2.535343473391 0
5.588135120215442 -2.535343473399378 0
5.633897884635949 -2.535343473407756 0
5.679660649056455 -2.535343473416134 0
5.725423413476962 -2.535343473424512 0
5.771186177897471 -2.535343473432891 0
5.816948942317976 -2.535343473441268 0
5.862711706738482 -2.535343473449647 0
5.908474471158989 -2.535343473458024 0
5.954237235579493 -2.535343473466402 0
0.1281857002302881 -2.734505216577489 0
0.1687736917117653 -2.734426588801741 0
0.2093616831932408 -2.734231239882332 0
0.2499496746747161 -2.733932081734439 0
0.2905376661561915 -2.733539970644951 0
0.3311256576376667 -2.733064253298739 0
0.371713649119142 -2.732512863136218 0
0.4123019617925426 -2.731892705783665 0
0.4528899532740355 -2.731209659053214 0
0.4934779447555374 -2.73046866930043 0
0.534065936237041 -2.729673976258653 0
0.5746539277185444 -2.728829113039001 0
0.6152419192000482 -2.727936874011179 0
0.6558299106815515 -2.726999475399432 0
0.6964179021630552 -2.72601855528255 0
0.737005893644551 -2.724995109355486 0
0.777593885126026 -2.723929715763696 0
0.8181818766074799 -2.722822278149603 0
0.858769868088926 -2.721672346844519 0
0.8993578595703724 -2.720478894034301 0
0.9399458510518184 -2.719240345878543 0
0.9805338425332742 -2.717954788073403 0
1.021121834014758 -2.716619747441096 0
1.061709825496261 -2.71523232040667 0
1.107434734519283 -2.715232320414207 0
1.153159643542333 -2.715232320421742 0
1.198884552565374 -2.715232320429279 0
1.244609461588387 -2.715232320436815 0
1.290334370611373 -2.71523232044435 0
1.336059279634392 -2.715232320451885 0
1.381784188657441 -2.715232320459421 0
1.427509097680491 -2.715232320466958 0
1.47323400670354 -2.715232320474493 0
1.51895891572659 -2.715232320482029 0
1.564683824749639 -2.715232320489565 0
1.610408733772688 -2.715232320497101 0
1.656133642795733 -2.715232320504636 0
1.701858551818749 -2.715232320512173 0
1.747583460841739 -2.715232320519708 0
1.793308369864722 -2.715232320527244 0
1.839033278887705 -2.71523232053478 0
1.884758187910689 -2.715232320542316 0
1.930483096933673 -2.715232320549852 0
1.976208005956656 -2.715232320557388 0
2.02193291497964 -2.715232320564923 0
2.067657824002656 -2.71523232057246 0
2.113382733025706 -2.715232320579995 0
2.159107642048755 -2.715232320587531 0
2.204832551071804 -2.715232320595066 0
2.250557460094854 -2.715232320602603 0
2.296282369117904 -2.715232320610138 0
2.342007278140953 -2.715232320617674 0
2.387732187164002 -2.715232320625209 0
2.433457096187051 -2.715232320632746 0
2.479182005210101 -2.715232320640281 0
2.52490691423315 -2.715232320647818 0
2.570631823256202 -2.715232320655353 0
2.61635673227925 -2.715232320662889 0
2.662081641302299 -2.715232320670426 0
2.707806550325349 -2.715232320677961 0
2.753531459348399 -2.715232320685497 0
2.799256368371447 -2.715232320693032 0
2.844981277394498 -2.715232320700569 0
2.890706186417548 -2.715232320708105 0
2.936431095440598 -2.71523232071564 0
2.982156004463705 -2.715232320723175 0
3.027880913486927 -2.715232320730712 0
3.073605822510202 -2.715232320738247 0
3.119330731533481 -2.715232320745783 0
3.165055640556758 -2.715232320753319 0
3.210780549580036 -2.715232320760856 0
3.256505458603315 -2.715232320768391 0
3.302230367626593 -2.715232320775927 0
3.347955276649871 -2.715232320783462 0
3.393680185673147 -2.715232320790999 0
3.439405094696427 -2.715232320798534 0
3.485130003719704 -2.71523232080607 0
3.530854912742983 -2.715232320813606 0
3.576579821766261 -2.715232320821142 0
3.622304730789538 -2.715232320828678 0
3.668029639812818 -2.715232320836214 0
3.713754548836095 -2.71523232084375 0
3.759479457859374 -2.715232320851285 0
3.805204366882651 -2.715232320858821 0
3.85092927590593 -2.715232320866357 0
3.896654184929207 -2.715232320873893 0
3.942379093952486 -2.715232320881428 0
3.988104002975764 -2.715232320888964 0
4.033828911999041 -2.7152323208965 0
4.079553821022321 -2.715232320904037 0
4.125278730045598 -2.715232320911572 0
4.171003639068877 -2.715232320919108 0
4.216728548092155 -2.715232320926644 0
4.262453457115433 -2.71523232093418 0
4.308178366138709 -2.715232320941715 0
4.353903275161987 -2.715232320949251 0
4.399628184185266 -2.715232320956787 0
4.445353093208544 -2.715232320964323 0
4.491078002231824 -2.715232320971859 0
4.5368029112551 -2.715232320979394 0
4.582527820278378 -2.71523232098693 0
4.628252729301656 -2.715232320994466 0
4.673977638324935 -2.715232321002002 0
4.719702547348212 -2.715232321009537 0
4.765427456371491 -2.715232321017073 0
4.81115236539477 -2.715232321024609 0
4.856877274418046 -2.715232321032146 0
4.902602183441325 -2.715232321039681 0
4.948327092464604 -2.715232321047217 0
4.99405200148788 -2.715232321054753 0
5.03977691051116 -2.715232321062289 0
5.085501819534438 -2.715232321069824 0
5.131226728557717 -2.715232321077361 0
5.176951637580993 -2.715232321084896 0
5.222676546604273 -2.715232321092432 0
5.26840145562755 -2.715232321099967 0
5.314126364650827 -2.715232321107504 0
5.359851273674107 -2.71523232111504 0
5.405576182697386 -2.715232321122576 0
5.451301091720662 -2.715232321130111 0
5.497026000743942 -2.715232321137647 0
5.54275090976722 -2.715232321145184 0
5.588475818790497 -2.715232321152719 0
5.634200727813774 -2.715232321160254 0
5.679925636837054 -2.71523232116779 0
5.725650545860331 -2.715232321175327 0
5.77137545488361 -2.715232321182862 0
5.817100363906888 -2.715232321190397 0
5.862825272930164 -2.715232321197934 0
5.908550181953443 -2.715232321205469 0
5.954275090976721 -2.715232321213005 0
0.1160227753141164 -2.920555055653413 0
0.1573262352395652 -2.92048798753432 0
0.1986296951650121 -2.92032135831859 0
0.2399331550904588 -2.920066181644326 0
0.2812366150159055 -2.919731717734602 0
0.3225400749413523 -2.919325939148343 0
0.363843534866799 -2.918855612971641 0
0.4051472687633486 -2.918326629583083 0
0.4464507286888141 -2.91774400265374 0
0.4877541886142892 -2.917111951338508 0
0.5290576485397661 -2.916434092055865 0
0.5703611084652433 -2.91571343848788 0
0.6116645683907203 -2.914952374183094 0
0.6529680283161972 -2.914152789542077 0
0.694271488241674 -2.913316081817424 0
0.735574948167143 -2.912443100319534 0
0.7768784080925892 -2.911534338196383 0
0.8181818680180134 -2.910589713256641 0
0.8594853279434289 -2.909608841940773 0
0.9007887878688448 -2.908590847541269 0
0.9420922477942602 -2.907534387599753 0
0.9833957077196864 -2.906437829248488 0
1.024699167645142 -2.905299062910029 0
1.066002627570619 -2.904115611885655 0
1.111687788426279 -2.904115611892243 0
1.157372949281962 -2.904115611898832 0
1.203058110137639 -2.90411561190542 0
1.248743270993292 -2.904115611912007 0
1.294428431848922 -2.904115611918594 0
1.340113592704579 -2.904115611925183 0
1.385798753560262 -2.904115611931769 0
1.431483914415946 -2.904115611938357 0
1.47716907527163 -2.904115611944945 0
1.522854236127314 -2.904115611951533 0
1.568539396982997 -2.904115611958121 0
1.614224557838681 -2.904115611964707 0
1.65990971869436 -2.904115611971296 0
1.705594879550016 -2.904115611977883 0
1.751280040405648 -2.904115611984472 0
1.796965201261276 -2.904115611991058 0
1.842650362116903 -2.904115611997647 0
1.88833552297253 -2.904115612004234 0
1.934020683828158 -2.904115612010822 0
1.979705844683786 -2.90411561201741 0
2.025391005539413 -2.904115612023998 0
2.071076166395067 -2.904115612030585 0
2.116761327250751 -2.904115612037173 0
2.162446488106434 -2.904115612043761 0
2.208131648962119 -2.904115612050348 0
2.253816809817802 -2.904115612056936 0
2.299501970673487 -2.904115612063523 0
2.34518713152917 -2.904115612070111 0
2.390872292384854 -2.904115612076699 0
2.436557453240537 -2.904115612083287 0
2.482242614096221 -2.904115612089875 0
2.527927774951905 -2.904115612096462 0
2.573612935807589 -2.904115612103049 0
2.619298096663272 -2.904115612109638 0
2.664983257518956 -2.904115612116225 0
2.710668418374639 -2.904115612122813 0
2.756353579230324 -2.9041156121294 0
2.802038740086008 -2.904115612135988 0
2.84772390094169 -2.904115612142576 0
2.893409061797374 -2.904115612149163 0
2.93909422265306 -2.904115612155751 0
2.984779383508806 -2.904115612162339 0
3.030464544364673 -2.904115612168927 0
3.076149705220599 -2.904115612175514 0
3.121834866076526 -2.904115612182102 0
3.167520026932455 -2.90411561218869 0
3.213205187788382 -2.904115612195277 0
3.258890348644311 -2.904115612201865 0
3.304575509500239 -2.904115612208453 0
3.350260670356167 -2.90411561221504 0
3.395945831212095 -2.904115612221627 0
3.441630992068023 -2.904115612228215 0
3.487316152923952 -2.904115612234803 0
3.53300131377988 -2.904115612241391 0
3.578686474635809 -2.904115612247979 0
3.624371635491736 -2.904115612254567 0
3.670056796347664 -2.904115612261153 0
3.715741957203592 -2.904115612267742 0
3.76142711805952 -2.904115612274329 0
3.807112278915448 -2.904115612280918 0
3.852797439771376 -2.904115612287504 0
3.898482600627304 -2.904115612294093 0
3.944167761483232 -2.904115612300679 0
3.989852922339161 -2.904115612307268 0
4.035538083195088 -2.904115612313856 0
4.081223244051018 -2.904115612320444 0
4.126908404906946 -2.90411561232703 0
4.172593565762874 -2.904115612333618 0
4.218278726618802 -2.904115612340206 0
4.263963887474731 -2.904115612346794 0
4.309649048330657 -2.904115612353381 0
4.355334209186585 -2.90411561235997 0
4.401019370042514 -2.904115612366557 0
4.446704530898443 -2.904115612373145 0
4.49238969175437 -2.904115612379732 0
4.538074852610298 -2.90411561238632 0
4.583760013466227 -2.904115612392907 0
4.629445174322155 -2.904115612399496 0
4.675130335178083 -2.904115612406083 0
4.720815496034011 -2.904115612412671 0
4.76650065688994 -2.904115612419258 0
4.812185817745867 -2.904115612425846 0
4.857870978601797 -2.904115612432434 0
4.903556139457724 -2.904115612439021 0
4.949241300313654 -2.904115612445609 0
4.99492646116958 -2.904115612452197 0
5.040611622025509 -2.904115612458784 0
5.086296782881436 -2.904115612465372 0
5.131981943737365 -2.90411561247196 0
5.177667104593293 -2.904115612478547 0
5.22335226544922 -2.904115612485136 0
5.269037426305148 -2.904115612491723 0
5.314722587161077 -2.90411561249831 0
5.360407748017006 -2.904115612504899 0
5.406092908872933 -2.904115612511486 0
5.451778069728862 -2.904115612518074 0
5.49746323058479 -2.904115612524661 0
5.543148391440718 -2.90411561253125 0
5.588833552296645 -2.904115612537836 0
5.634518713152572 -2.904115612544424 0
5.680203874008503 -2.904115612551012 0
5.725889034864432 -2.9041156125576 0
5.77157419572036 -2.904115612564187 0
5.817259356576288 -2.904115612570775 0
5.862944517432216 -2.904115612577363 0
5.908629678288144 -2.904115612583951 0
5.954314839144072 -2.904115612590538 0
0.1032517041157048 -3.115907387240135 0
0.1453064059094515 -3.115852456760505 0
0.1873611077031962 -3.11571598323367 0
0.2294158094969407 -3.115506987106792 0
0.2714705112906853 -3.115233052735937 0
0.3135252130844298 -3.114900709847782 0
0.3555799148781743 -3.114515500856378 0
0.3976348410611581 -3.114082250130228 0
0.4396895428549228 -3.113605063992293 0
0.4817442446486977 -3.113087398036761 0
0.5237989464424746 -3.112532214201502 0
0.5658536482362516 -3.111941980768079 0
0.6079083500300284 -3.111318649922818 0
0.6499630518238054 -3.110663769951422 0
0.6920177536175822 -3.10997848523898 0
0.7340724554113505 -3.109263491392117 0
0.7761271572050947 -3.108519192311447 0
0.8181818589988152 -3.107745520680204 0
0.8602365607925264 -3.106942162353462 0
0.9022912625862383 -3.106108399285672 0
0.9443459643799494 -3.105243131969598 0
0.9864006661736722 -3.104345023045409 0
1.028455367967426 -3.103412344716016 0
1.070510069761203 -3.102443068502752 0
1.116153495041017 -3.102443068508276 0
1.161796920320852 -3.102443068513803 0
1.20744034560068 -3.102443068519329 0
1.253083770880488 -3.102443068524854 0
1.298727196160278 -3.10244306853038 0
1.344370621440089 -3.102443068535907 0
1.390014046719923 -3.102443068541432 0
1.435657471999757 -3.102443068546959 0
1.481300897279591 -3.102443068552485 0
1.526944322559424 -3.10244306855801 0
1.572587747839258 -3.102443068563536 0
1.618231173119093 -3.102443068569062 0
1.663874598398922 -3.102443068574588 0
1.709518023678733 -3.102443068580114 0
1.755161448958524 -3.102443068585641 0
1.800804874238312 -3.102443068591166 0
1.8464482995181 -3.102443068596692 0
1.892091724797887 -3.102443068602218 0
1.937735150077676 -3.102443068607744 0
1.983378575357464 -3.102443068613271 0
2.029022000637251 -3.102443068618796 0
2.074665425917061 -3.102443068624322 0
2.120308851196895 -3.102443068629848 0
2.165952276476728 -3.102443068635375 0
2.211595701756563 -3.1024430686409 0
2.257239127036396 -3.102443068646426 0
2.30288255231623 -3.102443068651953 0
2.348525977596064 -3.102443068657478 0
2.394169402875898 -3.102443068663004 0
2.439812828155731 -3.10244306866853 0
2.485456253435564 -3.102443068674057 0
2.531099678715399 -3.102443068679582 0
2.576743103995233 -3.102443068685109 0
2.622386529275066 -3.102443068690635 0
2.668029954554901 -3.10244306869616 0
2.713673379834734 -3.102443068701686 0
2.759316805114568 -3.102443068707213 0
2.804960230394401 -3.102443068712738 0
2.850603655674235 -3.102443068718265 0
2.896247080954071 -3.10244306872379 0
2.941890506233904 -3.102443068729317 0
2.987533931513804 -3.102443068734843 0
3.033177356793834 -3.102443068740369 0
3.078820782073927 -3.102443068745894 0
3.124464207354021 -3.102443068751421 0
3.170107632634116 -3.102443068756947 0
3.215751057914211 -3.102443068762472 0
3.261394483194306 -3.102443068767998 0
3.307037908474401 -3.102443068773525 0
3.352681333754496 -3.10244306877905 0
3.398324759034591 -3.102443068784576 0
3.443968184314686 -3.102443068790103 0
3.489611609594781 -3.102443068795629 0
3.535255034874875 -3.102443068801154 0
3.58089846015497 -3.10244306880668 0
3.626541885435065 -3.102443068812207 0
3.672185310715159 -3.102443068817732 0
3.717828735995255 -3.102443068823259 0
3.763472161275351 -3.102443068828785 0
3.809115586555445 -3.10244306883431 0
3.854759011835539 -3.102443068839837 0
3.900402437115634 -3.102443068845362 0
3.946045862395729 -3.102443068850888 0
3.991689287675825 -3.102443068856415 0
4.037332712955919 -3.102443068861941 0
4.082976138236014 -3.102443068867466 0
4.128619563516111 -3.102443068872993 0
4.174262988796204 -3.102443068878519 0
4.219906414076299 -3.102443068884044 0
4.265549839356393 -3.102443068889571 0
4.311193264636488 -3.102443068895096 0
4.356836689916585 -3.102443068900623 0
4.402480115196678 -3.102443068906148 0
4.448123540476775 -3.102443068911675 0
4.493766965756868 -3.102443068917201 0
4.539410391036964 -3.102443068922727 0
4.585053816317057 -3.102443068928252 0
4.630697241597153 -3.102443068933779 0
4.676340666877246 -3.102443068939305 0
4.721984092157342 -3.102443068944831 0
4.767627517437439 -3.102443068950357 0
4.813270942717532 -3.102443068955882 0
4.858914367997628 -3.102443068961408 0
4.904557793277721 -3.102443068966934 0
4.950201218557815 -3.10244306897246 0
4.995844643837913 -3.102443068977987 0
5.041488069118008 -3.102443068983513 0
5.087131494398101 -3.102443068989039 0
5.132774919678197 -3.102443068994564 0
5.17841834495829 -3.102443069000091 0
5.224061770238388 -3.102443069005616 0
5.269705195518483 -3.102443069011144 0
5.315348620798577 -3.102443069016669 0
5.360992046078674 -3.102443069022194 0
5.406635471358766 -3.102443069027721 0
5.452278896638861 -3.102443069033247 0
5.497922321918955 -3.102443069038772 0
5.543565747199052 -3.102443069044299 0
5.589209172479146 -3.102443069049825 0
5.63485259775924 -3.10244306905535 0
5.680496023039337 -3.102443069060877 0
5.726139448319431 -3.102443069066402 0
5.771782873599524 -3.102443069071928 0
5.817426298879622 -3.102443069077455 0
5.863069724159715 -3.10244306908298 0
5.90871314943981 -3.102443069088506 0
5.954356574719903 -3.102443069094033 0
0.08984207942794432 -3.321027334326404 0
0.1326855851792366 -3.320985148368088 0
0.1755290909305267 -3.32088033831437 0
0.2183725966818166 -3.320719831761931 0
0.2612161024331067 -3.320509453406496 0
0.3040596081843966 -3.320254218000885 0
0.3469031139356867 -3.319958382053512 0
0.3897467920152591 -3.319625650622301 0
0.4325902977665708 -3.319259177314703 0
0.4754338035178931 -3.318861615986163 0
0.5182773092692176 -3.318435241369918 0
0.5611208150205423 -3.317981949077006 0
0.6039643207718666 -3.317503238363421 0
0.6468078265231914 -3.317000298294267 0
0.6896513322745159 -3.316474007743754 0
0.7324948380258315 -3.315924900929531 0
0.7753383437771212 -3.3153532880425 0
0.8181818495283852 -3.314759117384173 0
0.8610253552796397 -3.314142147694966 0
0.903868861030895 -3.313501827524399 0
0.9467123667821498 -3.312837312463918 0
0.9895558725334166 -3.312147575437002 0
1.032399378284717 -3.311431289515925 0
1.075242884036042 -3.310686896853076 0
1.120842486961452 -3.310686896857419 0
1.166442089886877 -3.31068689686176 0
1.212041692812299 -3.310686896866102 0
1.257641295737704 -3.310686896870444 0
1.303240898663096 -3.310686896874785 0
1.348840501588504 -3.310686896879127 0
1.39444010451393 -3.310686896883468 0
1.440039707439355 -3.31068689688781 0
1.485639310364781 -3.310686896892151 0
1.531238913290206 -3.310686896896494 0
1.576838516215631 -3.310686896900835 0
1.622438119141057 -3.310686896905176 0
1.668037722066479 -3.310686896909518 0
1.713637324991887 -3.31068689691386 0
1.75923692791728 -3.310686896918202 0
1.80483653084267 -3.310686896922543 0
1.85043613376806 -3.310686896926885 0
1.896035736693449 -3.310686896931226 0
1.94163533961884 -3.310686896935569 0
1.98723494254423 -3.31068689693991 0
2.03283454546962 -3.310686896944252 0
2.078434148395027 -3.310686896948593 0
2.124033751320453 -3.310686896952935 0
2.169633354245878 -3.310686896957276 0
2.215232957171303 -3.310686896961618 0
2.260832560096729 -3.310686896965959 0
2.306432163022154 -3.310686896970301 0
2.35203176594758 -3.310686896974642 0
2.397631368873005 -3.310686896978985 0
2.44323097179843 -3.310686896983325 0
2.488830574723854 -3.310686896987668 0
2.534430177649282 -3.310686896992009 0
2.580029780574707 -3.310686896996351 0
2.625629383500133 -3.310686897000692 0
2.671228986425559 -3.310686897005034 0
2.716828589350983 -3.310686897009376 0
2.762428192276408 -3.310686897013717 0
2.808027795201834 -3.310686897018059 0
2.853627398127259 -3.3106868970224 0
2.899227001052684 -3.310686897026743 0
2.944826603978112 -3.310686897031084 0
2.990426206903607 -3.310686897035425 0
3.036025809829241 -3.310686897039767 0
3.081625412754944 -3.310686897044109 0
3.127225015680648 -3.310686897048451 0
3.172824618606352 -3.310686897052793 0
3.218424221532056 -3.310686897057135 0
3.26402382445776 -3.310686897061475 0
3.309623427383464 -3.310686897065817 0
3.355223030309167 -3.310686897070159 0
3.400822633234871 -3.3106868970745 0
3.446422236160575 -3.310686897078842 0
3.49202183908628 -3.310686897083183 0
3.537621442011983 -3.310686897087524 0
3.583221044937688 -3.310686897091867 0
3.628820647863391 -3.310686897096209 0
3.674420250789096 -3.31068689710055 0
3.7200198537148 -3.310686897104892 0
3.765619456640503 -3.310686897109234 0
3.811219059566208 -3.310686897113575 0
3.856818662491912 -3.310686897117916 0
3.902418265417615 -3.310686897122259 0
3.94801786834332 -3.3106868971266 0
3.993617471269025 -3.310686897130942 0
4.039217074194728 -3.310686897135283 0
4.084816677120432 -3.310686897139625 0
4.130416280046137 -3.310686897143966 0
4.176015882971841 -3.310686897148308 0
4.221615485897543 -3.31068689715265 0
4.267215088823249 -3.310686897156992 0
4.312814691748952 -3.310686897161333 0
4.358414294674656 -3.310686897165675 0
4.40401389760036 -3.310686897170016 0
4.449613500526064 -3.310686897174357 0
4.495213103451769 -3.3106868971787 0
4.540812706377472 -3.310686897183042 0
4.586412309303176 -3.310686897187383 0
4.63201191222888 -3.310686897191725 0
4.677611515154583 -3.310686897196065 0
4.723211118080287 -3.310686897200409 0
4.768810721005991 -3.31068689720475 0
4.814410323931695 -3.310686897209091 0
4.8600099268574 -3.310686897213432 0
4.905609529783104 -3.310686897217774 0
4.951209132708809 -3.310686897222116 0
4.996808735634513 -3.310686897226458 0
5.042408338560215 -3.310686897230799 0
5.08800794148592 -3.310686897235141 0
5.133607544411624 -3.310686897239482 0
5.179207147337328 -3.310686897243824 0
5.224806750263033 -3.310686897248166 0
5.270406353188736 -3.310686897252507 0
5.316005956114441 -3.310686897256849 0
5.361605559040144 -3.310686897261191 0
5.407205161965848 -3.310686897265533 0
5.452804764891552 -3.310686897269874 0
5.498404367817255 -3.310686897274215 0
5.54400397074296 -3.310686897278557 0
5.589603573668665 -3.310686897282899 0
5.635203176594368 -3.310686897287241 0
5.680802779520072 -3.310686897291582 0
5.726402382445777 -3.310686897295924 0
5.77200198537148 -3.310686897300265 0
5.817601588297183 -3.310686897304607 0
5.863201191222887 -3.310686897308949 0
5.908800794148592 -3.310686897313291 0
5.954400397074297 -3.310686897317632 0
0.07576197350899196 -3.536403278717812 0
0.1194337234155032 -3.536374474506816 0
0.1631054733220121 -3.536302911099802 0
0.2067772232285209 -3.536193318600457 0
0.2504489731350297 -3.536049674061136 0
0.2941207230415386 -3.535875401512121 0
0.3377924729480474 -3.535673407260901 0
0.3814643405188343 -3.535446221089295 0
0.425136090425366 -3.535195996253463 0
0.4688078403319094 -3.534924544783176 0
0.5124795902384552 -3.534633419846807 0
0.5561513401450012 -3.534323915751335 0
0.5998230900515467 -3.533997056175919 0
0.6434948399580924 -3.533653653004023 0
0.6871665898646383 -3.533294306323431 0
0.7308383397711741 -3.532919380893384 0
0.7745100896776828 -3.532529088509567 0
0.8181818395841642 -3.532123393872699 0
0.8618535894906354 -3.531702132252801 0
0.9055253393971073 -3.531264927124209 0
0.9491970893035786 -3.530811201931992 0
0.9928688392100627 -3.530340255397098 0
1.036540589116583 -3.529851181504642 0
1.080212339023129 -3.529342916569615 0
1.125765928476429 -3.529342916572645 0
1.171319517929739 -3.529342916575673 0
1.216873107383047 -3.529342916578703 0
1.262426696836344 -3.52934291658173 0
1.307980286289631 -3.529342916584761 0
1.35353387574293 -3.529342916587789 0
1.39908746519624 -3.529342916590818 0
1.444641054649551 -3.529342916593848 0
1.490194644102862 -3.529342916596875 0
1.535748233556172 -3.529342916599905 0
1.581301823009482 -3.529342916602934 0
1.626855412462793 -3.529342916605964 0
1.672409001916101 -3.529342916608992 0
1.717962591369399 -3.529342916612022 0
1.763516180822688 -3.52934291661505 0
1.809069770275974 -3.529342916618079 0
1.854623359729261 -3.529342916621107 0
1.900176949182546 -3.529342916624137 0
1.945730538635833 -3.529342916627165 0
1.991284128089119 -3.529342916630195 0
2.036837717542405 -3.529342916633224 0
2.082391306995703 -3.529342916636252 0
2.127944896449014 -3.529342916639282 0
2.173498485902324 -3.529342916642311 0
2.219052075355635 -3.52934291664534 0
2.264605664808944 -3.529342916648369 0
2.310159254262255 -3.529342916651398 0
2.355712843715565 -3.529342916654426 0
2.401266433168876 -3.529342916657455 0
2.446820022622186 -3.529342916660484 0
2.492373612075497 -3.529342916663515 0
2.537927201528806 -3.529342916666543 0
2.583480790982117 -3.529342916669571 0
2.629034380435427 -3.529342916672601 0
2.674587969888738 -3.529342916675629 0
2.720141559342049 -3.529342916678659 0
2.76569514879536 -3.529342916681688 0
2.81124873824867 -3.529342916684717 0
2.85680232770198 -3.529342916687745 0
2.902355917155291 -3.529342916690775 0
2.947909506608604 -3.529342916693804 0
2.993463096061988 -3.529342916696833 0
3.039016685515523 -3.529342916699862 0
3.084570274969127 -3.529342916702891 0
3.130123864422734 -3.52934291670592 0
3.175677453876341 -3.529342916708949 0
3.221231043329948 -3.529342916711978 0
3.266784632783556 -3.529342916715006 0
3.312338222237164 -3.529342916718035 0
3.357891811690771 -3.529342916721065 0
3.403445401144378 -3.529342916724094 0
3.448998990597986 -3.529342916727123 0
3.494552580051593 -3.529342916730151 0
3.540106169505201 -3.529342916733182 0
3.585659758958808 -3.52934291673621 0
3.631213348412415 -3.529342916739239 0
3.676766937866022 -3.529342916742269 0
3.72232052731963 -3.529342916745296 0
3.767874116773237 -3.529342916748326 0
3.813427706226845 -3.529342916751355 0
3.858981295680453 -3.529342916754383 0
3.904534885134059 -3.529342916757412 0
3.950088474587667 -3.529342916760442 0
3.995642064041274 -3.52934291676347 0
4.041195653494881 -3.529342916766499 0
4.08674924294849 -3.529342916769528 0
4.132302832402097 -3.529342916772557 0
4.177856421855703 -3.529342916775586 0
4.22341001130931 -3.529342916778615 0
4.268963600762919 -3.529342916781644 0
4.314517190216526 -3.529342916784673 0
4.360070779670134 -3.529342916787702 0
4.40562436912374 -3.529342916790732 0
4.451177958577349 -3.529342916793761 0
4.496731548030955 -3.529342916796788 0
4.542285137484563 -3.529342916799819 0
4.587838726938172 -3.529342916802847 0
4.633392316391777 -3.529342916805875 0
4.678945905845385 -3.529342916808905 0
4.724499495298993 -3.529342916811934 0
4.770053084752601 -3.529342916814963 0
4.815606674206208 -3.529342916817992 0
4.861160263659817 -3.529342916821022 0
4.906713853113422 -3.529342916824051 0
4.952267442567029 -3.529342916827079 0
4.997821032020639 -3.529342916830108 0
5.043374621474245 -3.529342916833137 0
5.088928210927853 -3.529342916836166 0
5.134481800381459 -3.529342916839195 0
5.180035389835068 -3.529342916842224 0
5.225588979288676 -3.529342916845252 0
5.271142568742281 -3.529342916848282 0
5.316696158195888 -3.529342916851311 0
5.362249747649495 -3.52934291685434 0
5.407803337103104 -3.529342916857369 0
5.45335692655671 -3.529342916860398 0
5.498910516010317 -3.529342916863427 0
5.544464105463925 -3.529342916866456 0
5.590017694917534 -3.529342916869484 0
5.63557128437114 -3.529342916872515 0
5.681124873824747 -3.529342916875543 0
5.726678463278354 -3.529342916878572 0
5.772232052731963 -3.529342916881601 0
5.81778564218557 -3.529342916884629 0
5.863339231639177 -3.529342916887659 0
5.908892821092785 -3.529342916890688 0
5.954446410546392 -3.529342916893717 0
0.06097786224314835 -3.762548021107803 0
0.1055192685156225 -3.76253326773149 0
0.1500606747880943 -3.762496613303588 0
0.1946020810605659 -3.762440480560125 0
0.2391434873330375 -3.762366906527917 0
0.2836848936055092 -3.762277644978568 0
0.3282262998779808 -3.762174184508596 0
0.3727677664175256 -3.762057820859907 0
0.4173091726900218 -3.7619296569198 0
0.4618505789625303 -3.761790620801083 0
0.5063919852350414 -3.76164150802902 0
0.5509333915075525 -3.761482981541332 0
0.5954747977800634 -3.761315565661487 0
0.6400162040525744 -3.761139676232238 0
0.6845576103250856 -3.760955620615618 0
0.7290990165975862 -3.76076358563953 0
0.7736404228700576 -3.760563679784693 0
0.8181818291425003 -3.760355884970986 0
0.8627232354149321 -3.76014011682452 0
0.9072646416873642 -3.75991618249068 0
0.9518060479597961 -3.759683786660851 0
0.9963474542322415 -3.759442570143321 0
1.040888860504726 -3.759192068881684 0
1.085430266777237 -3.75893173806167 0
1.130935542084658 -3.758931738063262 0
1.176440817392084 -3.758931738064853 0
1.221946092699508 -3.758931738066445 0
1.267451368006928 -3.758931738068035 0
1.312956643314342 -3.758931738069627 0
1.358461918621762 -3.758931738071219 0
1.403967193929188 -3.75893173807281 0
1.449472469236615 -3.758931738074401 0
1.49497774454404 -3.758931738075992 0
1.540483019851466 -3.758931738077583 0
1.585988295158892 -3.758931738079174 0
1.631493570466319 -3.758931738080765 0
1.676998845773743 -3.758931738082358 0
1.722504121081163 -3.758931738083948 0
1.768009396388579 -3.758931738085541 0
1.813514671695992 -3.758931738087132 0
1.859019947003406 -3.758931738088723 0
1.90452522231082 -3.758931738090314 0
1.950030497618233 -3.758931738091905 0
1.995535772925647 -3.758931738093496 0
2.041041048233061 -3.758931738095088 0
2.08654632354048 -3.758931738096679 0
2.132051598847907 -3.75893173809827 0
2.177556874155332 -3.758931738099861 0
2.223062149462759 -3.758931738101453 0
2.268567424770185 -3.758931738103045 0
2.314072700077611 -3.758931738104636 0
2.359577975385037 -3.758931738106226 0
2.405083250692463 -3.758931738107819 0
2.450588525999889 -3.758931738109409 0
2.496093801307315 -3.758931738111001 0
2.541599076614741 -3.758931738112592 0
2.587104351922169 -3.758931738114184 0
2.632609627229593 -3.758931738115774 0
2.678114902537021 -3.758931738117367 0
2.723620177844446 -3.758931738118957 0
2.769125453151871 -3.758931738120548 0
2.814630728459298 -3.75893173812214 0
2.860136003766724 -3.758931738123731 0
2.905641279074151 -3.758931738125322 0
2.951146554381579 -3.758931738126915 0
2.996651829689084 -3.758931738128505 0
3.042157104996748 -3.758931738130097 0
3.087662380304488 -3.758931738131688 0
3.133167655612229 -3.758931738133279 0
3.178672930919972 -3.758931738134871 0
3.224178206227714 -3.758931738136462 0
3.269683481535457 -3.758931738138052 0
3.315188756843201 -3.758931738139644 0
3.360694032150942 -3.758931738141236 0
3.406199307458684 -3.758931738142827 0
3.451704582766427 -3.75893173814442 0
3.497209858074168 -3.75893173814601 0
3.542715133381912 -3.758931738147601 0
3.588220408689654 -3.758931738149193 0
3.633725683997396 -3.758931738150783 0
3.679230959305139 -3.758931738152375 0
3.724736234612882 -3.758931738153966 0
3.770241509920623 -3.758931738155558 0
3.815746785228366 -3.758931738157149 0
3.861252060536109 -3.75893173815874 0
3.906757335843849 -3.758931738160332 0
3.952262611151593 -3.758931738161922 0
3.997767886459335 -3.758931738163515 0
4.043273161767077 -3.758931738165106 0
4.08877843707482 -3.758931738166697 0
4.134283712382563 -3.758931738168288 0
4.179788987690305 -3.75893173816988 0
4.225294262998048 -3.758931738171471 0
4.27079953830579 -3.758931738173062 0
4.316304813613533 -3.758931738174654 0
4.361810088921275 -3.758931738176245 0
4.407315364229017 -3.758931738177836 0
4.452820639536759 -3.758931738179427 0
4.4983259148445 -3.758931738181019 0
4.543831190152244 -3.75893173818261 0
4.589336465459985 -3.758931738184201 0
4.634841740767728 -3.758931738185793 0
4.680347016075472 -3.758931738187385 0
4.725852291383212 -3.758931738188975 0
4.771357566690956 -3.758931738190566 0
4.816862841998699 -3.758931738192158 0
4.862368117306442 -3.758931738193749 0
4.907873392614183 -3.75893173819534 0
4.953378667921924 -3.758931738196932 0
4.998883943229666 -3.758931738198523 0
5.044389218537409 -3.758931738200115 0
5.089894493845153 -3.758931738201706 0
5.135399769152895 -3.758931738203297 0
5.180905044460637 -3.758931738204888 0
5.226410319768381 -3.75893173820648 0
5.271915595076122 -3.758931738208071 0
5.317420870383863 -3.758931738209662 0
5.362926145691608 -3.758931738211254 0
5.408431420999349 -3.758931738212844 0
5.45393669630709 -3.758931738214437 0
5.499441971614834 -3.758931738216027 0
5.544947246922576 -3.758931738217619 0
5.590452522230319 -3.75893173821921 0
5.63595779753806 -3.758931738220802 0
5.681463072845805 -3.758931738222393 0
5.726968348153545 -3.758931738223984 0
5.772473623461289 -3.758931738225576 0
5.817978898769028 -3.758931738227166 0
5.863484174076772 -3.758931738228759 0
5.908989449384514 -3.758931738230349 0
5.954494724692257 -3.75893173823194 0
2 7 0 836
9309
9310
9311
9312
9313
9314
9315
9316
9317
9318
9319
9320
9321
9322
9323
9324
9325
9326
9327
9328
9329
9330
9331
9332
9333
9334
9335
9336
9337
9338
9339
9340
9341
9342
9343
9344
9345
9346
9347
9348
9349
9350
9351
9352
9353
9354
9355
9356
9357
9358
9359
9360
9361
9362
9363
9364
9365
9366
9367
9368
9369
9370
9371
9372
9373
9374
9375
9376
9377
9378
9379
9380
9381
9382
9383
9384
9385
9386
9387
9388
9389
9390
9391
9392
9393
9394
9395
9396
9397
9398
9399
9400
9401
9402
9403
9404
9405
9406
9407
9408
9409
9410
9411
9412
9413
9414
9415
9416
9417
9418
9419
9420
9421
9422
9423
9424
9425
9426
9427
9428
9429
9430
9431
9432
9433
9434
9435
9436
9437
9438
9439
9440
9441
9442
9443
9444
9445
9446
9447
9448
9449
9450
9451
9452
9453
9454
9455
9456
9457
9458
9459
9460
9461
9462
9463
9464
9465
9466
9467
9468
9469
9470
9471
9472
9473
9474
9475
9476
9477
9478
9479
9480
9481
9482
9483
9484
9485
9486
9487
9488
9489
9490
9491
9492
9493
9494
9495
9496
9497
9498
9499
9500
9501
9502
9503
9504
9505
9506
9507
9508
9509
9510
9511
9512
9513
9514
9515
9516
9517
9518
9519
9520
9521
9522
9523
9524
9525
9526
9527
9528
9529
9530
9531
9532
9533
9534
9535
9536
9537
9538
9539
9540
9541
9542
9543
9544
9545
9546
9547
9548
9549
9550
9551
9552
9553
9554
9555
9556
9557
9558
9559
9560
9561
9562
9563
9564
9565
9566
9567
9568
9569
9570
9571
9572
9573
9574
9575
9576
9577
9578
9579
9580
9581
9582
9583
9584
9585
9586
9587
9588
9589
9590
9591
9592
9593
9594
9595
9596
9597
9598
9599
9600
9601
9602
9603
9604
9605
9606
9607
9608
9609
9610
9611
9612
9613
9614
9615
9616
9617
9618
9619
9620
9621
9622
9623
9624
9625
9626
9627
9628
9629
9630
9631
9632
9633
9634
9635
9636
9637
9638
9639
9640
9641
9642
9643
9644
9645
9646
9647
9648
9649
9650
9651
9652
9653
9654
9655
9656
9657
9658
9659
9660
9661
9662
9663
9664
9665
9666
9667
9668
9669
9670
9671
9672
9673
9674
9675
9676
9677
9678
9679
9680
9681
9682
9683
9684
9685
9686
9687
9688
9689
9690
9691
9692
9693
9694
9695
9696
9697
9698
9699
9700
9701
9702
9703
9704
9705
9706
9707
9708
9709
9710
9711
9712
9713
9714
9715
9716
9717
9718
9719
9720
9721
9722
9723
9724
9725
9726
9727
9728
9729
9730
9731
9732
9733
9734
9735
9736
9737
9738
9739
9740
9741
9742
9743
9744
9745
9746
9747
9748
9749
9750
9751
9752
9753
9754
9755
9756
9757
9758
9759
9760
9761
9762
9763
9764
9765
9766
9767
9768
9769
9770
9771
9772
9773
9774
9775
9776
9777
9778
9779
9780
9781
9782
9783
9784
9785
9786
9787
9788
9789
9790
9791
9792
9793
9794
9795
9796
9797
9798
9799
9800
9801
9802
9803
9804
9805
9806
9807
9808
9809
9810
9811
9812
9813
9814
9815
9816
9817
9818
9819
9820
9821
9822
9823
9824
9825
9826
9827
9828
9829
9830
9831
9832
9833
9834
9835
9836
9837
9838
9839
9840
9841
9842
9843
9844
9845
9846
9847
9848
9849
9850
9851
9852
9853
9854
9855
9856
9857
9858
9859
9860
9861
9862
9863
9864
9865
9866
9867
9868
9869
9870
9871
9872
9873
9874
9875
9876
9877
9878
9879
9880
9881
9882
9883
9884
9885
9886
9887
9888
9889
9890
9891
9892
9893
9894
9895
9896
9897
9898
9899
9900
9901
9902
9903
9904
9905
9906
9907
9908
9909
9910
9911
9912
9913
9914
9915
9916
9917
9918
9919
9920
9921
9922
9923
9924
9925
9926
9927
9928
9929
9930
9931
9932
9933
9934
9935
9936
9937
9938
9939
9940
9941
9942
9943
9944
9945
9946
9947
9948
9949
9950
9951
9952
9953
9954
9955
9956
9957
9958
9959
9960
9961
9962
9963
9964
9965
9966
9967
9968
9969
9970
9971
9972
9973
9974
9975
9976
9977
9978
9979
9980
9981
9982
9983
9984
9985
9986
9987
9988
9989
9990
9991
9992
9993
9994
9995
9996
9997
9998
9999
10000
10001
10002
10003
10004
10005
10006
10007
10008
10009
10010
10011
10012
10013
10014
10015
10016
10017
10018
10019
10020
10021
10022
10023
10024
10025
10026
10027
10028
10029
10030
10031
10032
10033
10034
10035
10036
10037
10038
10039
10040
10041
10042
10043
10044
10045
10046
10047
10048
10049
10050
10051
10052
10053
10054
10055
10056
10057
10058
10059
10060
10061
10062
10063
10064
10065
10066
10067
10068
10069
10070
10071
10072
10073
10074
10075
10076
10077
10078
10079
10080
10081
10082
10083
10084
10085
10086
10087
10088
10089
10090
10091
10092
10093
10094
10095
10096
10097
10098
10099
10100
10101
10102
10103
10104
10105
10106
10107
10108
10109
10110
10111
10112
10113
10114
10115
10116
10117
10118
10119
10120
10121
10122
10123
10124
10125
10126
10127
10128
10129
10130
10131
10132
10133
10134
10135
10136
10137
10138
10139
10140
10141
10142
10143
10144
4.022360178687387 4.039318427542429 0
3.667065060782601 4.045975838173546 0
3.340909082880698 4.039364784989544 0
3.039226957595543 4.042710275399297 0
2.684193840679089 4.044405126353293 0
4.349713009339447 4.046731047671847 0
4.678022924768173 4.040801232814496 0
2.427823690511438 4.047379992600847 0
2.157866880164373 4.042467087345092 0
4.957160159478361 4.036166858811926 0
1.92892128925665 4.04417693885514 0
1.697240176621606 4.03988875350862 0
1.472180148242578 4.038748850122558 0
5.173411406713592 4.048850278679001 0
1.287777478626054 4.042299909413027 0
1.099380318318942 4.046034740864239 0
0.914644062663574 4.047615605633674 0
3.836734208635971 4.040729667459182 0
5.335761718188667 4.040544419358333 0
5.542208488842153 4.047233072474548 0
2.739061422305332 7.005861375732621 0
5.648257005943352 5.705791045851675 0
1.919246105121235 6.048132100489044 0
3.226099967521384 4.044740906083186 0
3.478213446735582 4.039179601761723 0
2.868462271295956 4.025937047547602 0
2.56001388597817 4.027752529127063 0
2.274354956871359 4.048090577082599 0
4.164842128097561 4.041738750870366 0
0.7682891828363213 4.039158837060267 0
0.6616057111762005 4.044276828753184 0
4.494721897103736 4.04937008082435 0
4.809022063863712 4.040658021699397 0
0.5205554330829211 4.042996816469877 0
5.657557932541341 4.040571630156927 0
1.230243036843137 5.274493369624002 0
5.835297312793966 4.673701372363632 0
0.9870073419258262 4.926318801224429 0
5.543904923159812 6.562784463251146 0
0.6787944732612807 4.614895095135387 0
3.383780490732211 7.749223686185083 0
5.806371827500019 4.045277317685538 0
0.3914896275965217 4.047142260750386 0
3.5696408611038 4.044191105630829 0
3.128818471885003 4.043547860770326 0
3.771431433961416 4.050883667268236 0
2.780790520733482 4.042419663871275 0
2.063829569135641 4.038745161599788 0
1.834183482313666 4.042974318400075 0
1.604386032037684 4.040799644701066 0
1.384696397669176 4.042240709813882 0
1.189407282824527 4.040510285927367 0
3.936414173703918 4.04649987432321 0
1.008753287766551 4.046069494453262 0
4.252059189618064 4.044310175928784 0
4.590473178936757 4.042897608361153 0
5.871984741824708 4.355449047343742 0
5.018004927425697 4.043782471936707 0
5.268649130772888 4.041856359140064 0
5.436541812546069 4.048795349151223 0
0.2900744092254491 4.049748760531252 0
0.419979249211997 4.363513562607926 0
5.350294933844761 8.143001836329066 0
5.908474921239253 4.054418440955745 0
0.1973903491421397 4.045584393654774 0
4.282485593101526 8.767417750840419 0
5.895461764868776 4.226457991462016 0
5.759631061828406 4.30544897415443 0
5.669907147671926 4.263637084905839 0
5.615789612591304 4.34023661280166 0
5.55875711274274 4.266746760752767 0
5.529653880508229 4.401208264624018 0
5.474239049282878 4.306248713202911 0
5.420295202712909 4.453533584171984 0
5.353496512657324 4.327874794088667 0
5.297131157223053 4.51097520816543 0
5.228275382797062 4.39633571719676 0
5.147355090216369 4.587885789295309 0
5.277032757393674 4.704675860708056 0
5.098161737905556 4.701616211121924 0
4.977680369647659 4.576739098872511 0
4.985740190715521 4.709741101958488 0
4.842345426562538 4.55157228588715 0
4.795227068726227 4.706553410903591 0
4.653136035345577 4.583816749064177 0
4.6262587339696 4.794696161312944 0
4.535352284628548 4.662667356902344 0
4.500996940611097 4.8900166490782 0
4.339406076227634 4.73525550659913 0
4.260132770386486 4.956428905680183 0
4.417562506687737 5.035613440776114 0
4.199993967229974 5.130822664509292 0
4.076283112128026 4.883046615694177 0
4.043929563928566 5.079676206490644 0
3.92622876038195 4.912884654230708 0
3.882259037168235 5.03627201320341 0
3.69678698619715 4.959832937270068 0
3.671798634015432 5.12158778623316 0
3.503540426849073 5.002835421512231 0
4.040583775391437 5.24322577639561 0
3.532139177611565 5.160731963472685 0
3.343142668295502 5.028617265937648 0
3.339915437790936 5.194327417019191 0
3.17684975361489 5.020403266138243 0
3.345270642486422 5.392266483775294 0
3.240115407126308 4.853912431941175 0
3.070888541705707 4.828359573056428 0
3.011014459605741 4.971761321493262 0
2.868176993150386 4.895151520489643 0
3.593303007312748 4.807907613270473 0
2.931071118244977 4.741905762017911 0
2.746776423195721 4.825192348899914 0
2.704732891159957 4.920982449095316 0
2.634525506486431 4.761033975717722 0
2.567953237957842 4.913637760996381 0
2.435847374544098 4.751485516986105 0
2.405534453580424 5.015524027660982 0
2.280546773240089 4.836806640773311 0
2.212550305535535 4.957750670987798 0
2.104785585221864 4.811116659028854 0
3.992381171631336 4.7393521374528 0
2.685813068158135 4.661080927837358 0
4.865315346102921 4.895130079138086 0
2.082464600576662 4.955985016613672 0
1.973936465310047 4.782851779264861 0
2.008986075099075 4.688028465166334 0
1.864876673137653 4.725263291695745 0
1.933901136194325 4.602169071631504 0
1.823708596482431 4.582190267438815 0
1.766837321892571 4.657209199467599 0
1.661952052612263 4.567708485184535 0
1.606227006797414 4.673052598196262 0
1.521972501259272 4.556833074296931 0
4.375194522444795 4.58042955554088 0
1.782094829764366 4.501305666987813 0
3.107336668608886 5.412196856646632 0
3.347044762843159 5.618147005484515 0
3.085657436364245 5.648033803447124 0
3.354706687958902 5.864814350994365 0
5.16936152948108 4.790264033094572 0
4.354130313365839 5.211489229187006 0
4.729087551676395 4.49188480681044 0
3.562149664924575 5.828204002961142 0
3.410089954793657 6.194737829310911 0
3.701106008539488 5.993145614861599 0
1.501094575832261 4.671916195807031 0
1.406852275521553 4.543030223600169 0
1.428186739066943 4.447301331821371 0
1.357451142523644 4.442321833654624 0
1.885635691239191 4.964625812047247 0
1.311253716169611 4.503365449215505 0
1.242837158435424 4.435845595712361 0
1.422294162335224 4.358959076724847 0
3.698212240742904 6.465441497049728 0
3.923259047850228 6.222084918444139 0
3.074825677058967 5.908269298982368 0
1.160799007402347 4.489133214347572 0
1.131552123700037 4.421305257080778 0
1.176103169527869 4.351932992029477 0
1.073095841388253 4.327810691801835 0
1.06305447674235 4.417011978301883 0
0.981812204306528 4.317230309612317 0
1.21197211288382 4.60875641548162 0
3.956981696730752 6.711422553232978 0
4.18457561945279 6.459699918382817 0
4.40422067607533 6.178820429047802 0
4.151572252606682 6.897738283666492 0
2.820341867583823 5.674655348008328 0
2.783335892608905 5.945477484908366 0
2.541191878966942 5.68854039032974 0
1.51258868326162 4.353837522779447 0
1.489773589894027 4.270480774970388 0
1.570472208883708 4.259340300057037 0
2.066046437664874 4.561282959215943 0
2.035567831199197 4.450738091032084 0
2.145550367657964 4.439055173939484 0
2.124330012331521 4.350115640816441 0
2.216379494277219 4.337044932129362 0
2.114263158319146 4.269230557116917 0
2.032422616912883 4.271733709158976 0
2.19554513442819 4.255941551871881 0
2.304062430653459 4.321119027281643 0
2.285432545446268 4.224956297065026 0
2.385372306308769 4.307296677036168 0
2.37493693679426 4.233524267875103 0
2.442800240242327 4.295326894303244 0
2.45385809129655 4.224885404040114 0
2.529564918913005 4.259802950695764 0
2.551239917211381 4.188263796262864 0
2.603194528562777 4.275171916760251 0
2.501216547440076 4.346253711702036 0
2.614101719776309 4.203211631732599 0
2.678663203733618 4.27534076830839 0
2.680020068584408 4.205746762682372 0
2.753568797576221 4.266582391965156 0
2.767228418959641 4.341506179761693 0
2.848933116597898 4.324234957982695 0
2.829402643775801 4.251817962438277 0
2.925066873845054 4.301753316851197 0
2.883947103411786 4.400923172783997 0
2.970584359446623 4.374059159901971 0
2.987136789104572 4.266596785520189 0
3.062731373617527 4.330529759943659 0
3.081228966479778 4.264147051685994 0
3.16652543951337 4.32151774179667 0
3.119942454051452 4.425494725199234 0
3.21401357879903 4.397673191018227 0
3.243903625966491 4.296185160509479 0
3.29927984467357 4.364945291689065 0
3.305123385742637 4.261361679978215 0
3.367265177079613 4.318421786222426 0
3.368301215119558 4.438131301182886 0
3.462539610050383 4.394522439771031 0
3.487221517649627 4.289908175311708 0
3.553409475959664 4.370606795104619 0
3.565410593907175 4.305486628614045 0
3.647868225162094 4.31143608769095 0
3.649651551707154 4.227498989103487 0
3.738102865989874 4.302113058447032 0
3.762558039450048 4.391701875937777 0
3.823285086601949 4.273998336953976 0
3.887240202741131 4.365036231194027 0
3.881514474774428 4.229147283048857 0
3.96796677980175 4.27659149626291 0
4.003449170508786 4.428908370009638 0
4.063574631972617 4.357326889358808 0
4.050406968530739 4.228309327260042 0
4.121587971161891 4.288499700521774 0
4.16452237393701 4.422453317960565 0
0.9711229094554914 4.408935201145378 0
0.8928757314385152 4.307234811936266 0
1.175832766569789 4.254568074060381 0
1.252282104121062 4.263905448974588 0
1.862039852843702 5.125350722488997 0
0.9618766973674968 4.508034581753313 0
3.804232533777571 4.479252091912305 0
4.206216233195185 4.341920122388212 0
4.243011413288271 4.273208731187813 0
4.294266210052367 4.305327437330574 0
3.268405081588993 4.218833826856686 0
3.180120196922914 4.508884028468294 0
3.510226266986488 4.215442862874581 0
3.352656187062421 4.217051678504511 0
5.176100083845474 4.297322253679461 0
5.070133104210216 4.327577725866903 0
1.858038920126674 5.305123118964593 0
3.441733096350368 4.513527227612872 0
4.293535438734359 4.20551436565737 0
4.343493629452829 4.276230332217786 0
3.043452219834843 4.208518135403142 0
3.116721291512351 4.194726722361239 0
0.9077639678221421 4.228475055067956 0
0.8300137124757877 4.218370262750998 0
0.805633708206127 4.294283958084606 0
0.7549594975489934 4.203985699572081 0
0.7195592534761136 4.277791957925547 0
3.68229590678168 4.54141120033949 0
5.506143920111231 4.56988091346775 0
2.070400442568465 5.286161795409182 0
1.546003704551231 4.177773462985028 0
1.614980827047086 4.191118446572575 0
1.463640837876893 4.196370020665111 0
1.642768215270959 4.238486604294903 0
1.712245502989264 4.196657021040028 0
1.752276617777267 4.275886300063006 0
1.776112496049837 4.194798141544337 0
1.807577846751303 4.237138007984705 0
1.85111720130864 4.195806927309674 0
3.839947356739853 4.193931958015682 0
2.032568327630998 4.202020131964665 0
2.333553794922016 4.397934867230441 0
4.499435386787094 6.773576587240156 0
4.454432112726765 7.280032693512741 0
4.568323705118738 5.092852420509633 0
4.525080311009437 5.274746598876018 0
4.72317539541773 5.293304884707977 0
4.685680666504513 5.52952910498206 0
4.934780687870377 5.514446635878882 0
4.945926009742569 5.753363299444706 0
4.373986945962392 4.161239195249808 0
4.410631829982723 4.234873698044196 0
4.452423998491128 4.310120782302874 0
4.52640334223159 4.263829318600062 0
2.778600696311098 6.21181039126593 0
2.930515093115017 4.484024260473968 0
5.137078554998664 4.218481993307512 0
5.049057182352538 4.235885841538777 0
1.603501825756173 5.338522930215707 0
0.7855722750624919 4.381985440615676 0
2.497634439244031 4.15714792183321 0
4.577257395677117 4.339899460583144 0
4.644081601304994 4.288435240629498 0
4.599814435551695 4.223439185346421 0
4.692268298946241 4.252619170834335 0
3.486020463092793 6.743400999321437 0
3.290494879316893 4.166014018548715 0
4.218279157833903 4.172325599953454 0
0.6831030340871226 4.181802143009926 0
0.633658759791614 4.25086358659113 0
5.444663008143479 4.223181622310243 0
3.787060486439974 4.626333522256878 0
4.963125203057812 4.342944611001436 0
4.942799627778668 4.23683324813646 0
2.429871159617651 6.017989925450884 0
0.6120073813454083 4.146865678779236 0
1.182961693325667 4.184587152028201 0
1.251922442265203 4.194159386685842 0
1.130047136793945 4.174200484665343 0
5.218934783275892 4.18727235993116 0
3.915340072747154 4.166048736939888 0
1.965564437481643 4.201411416782286 0
2.075392428400175 5.471737402208646 0
2.183087546207394 4.539385362536257 0
1.642280769653052 5.122391195316121 0
4.866811472198382 4.347894008682946 0
2.682280284895685 4.144885902220193 0
2.741427479383953 4.140545189742159 0
4.202999252342794 4.592174753657146 0
4.682833007571885 4.186444482427538 0
4.769128836447305 4.198014511443663 0
4.9677305236326 4.154160220401375 0
1.957131568565405 4.261821828373568 0
0.8645855029538283 4.493587942881152 0
0.8465191789080432 4.598091426937797 0
1.48408643983739 4.802403093682185 0
3.866517223080489 4.55719858803579 0
0.5598626984161981 4.206169742333718 0
3.907920992016734 5.799766126983108 0
4.450850871024477 5.492566861670275 0
2.677368256001363 5.384113231842265 0
0.9155593575734199 4.159760747773443 0
0.9820632137722509 4.160367772645257 0
2.020776795229823 4.141172031181159 0
2.090804614036704 4.127831604404295 0
1.95934894434844 4.145480407497344 0
3.056878117259163 4.133897432625304 0
2.968916494198987 4.177402692165492 0
3.35453931712529 4.143079755425879 0
0.5127667643071008 4.149395262247155 0
0.5784251313020364 4.355689606480326 0
4.430834420853186 4.14622383306383 0
3.222566323795554 4.152900596226665 0
1.583940804556359 4.122489234182037 0
5.690299990342782 4.179239660585641 0
1.327598387910808 4.272603621863839 0
4.761874442593057 4.283123018689729 0
4.945826061270731 5.281369399524811 0
2.835745355342206 4.512044137959566 0
4.890910285334826 4.190224496844186 0
5.160196360585065 5.523417529796609 0
3.082340418425435 4.541561039111383 0
3.141988017549232 4.629336139249927 0
4.923041555546425 7.391260702640003 0
3.347264258909669 4.554803082221522 0
3.424162589084506 4.632730604638356 0
5.38250761884286 4.242913650062427 0
5.426539327307826 4.156356978449532 0
1.060983379039442 4.622783646077951 0
1.167871996819941 4.769762773340199 0
0.232728431938368 4.156390874320604 0
3.113659007798964 4.140726262327618 0
0.4445263320836731 4.172717464310905 0
0.3710924596660659 4.179635014232488 0
0.7246950070204818 4.126704503448991 0
4.724994648678386 4.122010011018671 0
3.392631677246387 4.168986814258487 0
3.426554065015532 4.121716337935402 0
1.803143192214036 4.146751355293712 0
4.629076156863361 4.129966655653963 0
5.477862032515403 4.124507376930855 0
1.249529542750288 4.13487960574052 0
1.311921280476827 4.139117650760277 0
1.187319141695382 4.128383190861321 0
5.223725268538696 5.264250038437349 0
4.293138528996789 4.36659049539443 0
4.502645114846737 4.394001239325595 0
4.566146690862495 4.484442343909226 0
2.428262022879283 5.462258293867635 0
5.82019793641927 4.485631860399036 0
5.526031116075266 4.17678444394793 0
3.530638193442655 4.589432399631706 0
5.393988015043096 4.812820282591013 0
3.843110165335307 4.799411636871386 0
1.849097627535846 4.126474885839026 0
3.850867173349652 4.149140808203013 0
3.782411519611752 4.134071464830793 0
1.682861151086056 4.311752937937193 0
0.7852491437058983 4.142975222087012 0
1.631093955996752 4.435385031966149 0
5.162937187775547 4.143825542500058 0
5.115403270898996 4.15419291595064 0
4.567400242490743 4.158065358830684 0
0.8614114060102919 4.096627280670919 0
1.998664175863244 4.089418521065523 0
0.5551778346692574 4.525902136759981 0
4.289459284421219 4.138013093904281 0
2.88369254824709 4.607959434560212 0
2.569161943899824 4.126472623207041 0
5.788401033083164 4.182317083627782 0
1.899216601529993 4.444023982514724 0
2.633773863386878 4.088782023604666 0
2.543191789541154 4.674235290040696 0
2.608377923882457 4.546540797771313 0
2.481012620714183 4.551404222175764 0
4.173972499907163 4.225192755012506 0
4.106659112336667 4.161368182147102 0
4.175891495721499 4.129612317008717 0
4.108216564059821 4.090747536175374 0
4.032955069516974 4.13103633552642 0
4.229473620207778 4.095772117092294 0
3.312050873477119 4.681690841468878 0
3.385812669229657 4.773638270930532 0
1.489405849926636 4.119771737220661 0
1.434668076915523 4.135644566586101 0
4.387414197614527 4.097991008596478 0
1.807417952456056 4.350468247664131 0
3.578434484491333 4.225209240264213 0
3.530250152980765 4.149966873740274 0
3.723176333291874 4.220660518078323 0
3.58975316748815 4.155389250563283 0
2.519202049875791 4.102576383950857 0
2.456580409841711 4.107682383021148 0
5.646046399413247 5.331006476837194 0
5.754389532583834 5.033295567865471 0
5.732304566201933 4.598154236904374 0
5.606571107997459 4.725756374912064 0
4.074914950162459 7.169091465971878 0
4.357351896911196 7.724851490341937 0
1.53213954706089 4.08495636091859 0
0.3584464918999086 4.10898284176765 0
0.9873794388911754 4.233615512406517 0
3.227688333981736 4.095418534130252 0
3.299803805186443 4.08525060819291 0
3.962440346138996 4.205144356344539 0
2.319947513934806 4.149732023165948 0
2.270407761615859 4.117584984070455 0
2.227435856260012 4.155937270171939 0
1.734109636862062 4.12800717175393 0
1.641784569144373 4.152972425371462 0
1.745298959409335 4.080640852934231 0
3.651602963531647 4.156753717095113 0
4.901533676544712 4.145090090918604 0
4.842182602913809 4.14032030007498 0
2.426527313950481 4.165871282732938 0
1.108278652239153 5.125924512399282 0
1.313779477698104 5.107877769742014 0
5.508590620735264 6.944342370617365 0
2.876949815110419 5.420727239163971 0
2.73748782855629 5.225902058847454 0
1.112117240786893 4.109995265559446 0
5.510283430386212 6.032503507296754 0
5.179259344881682 6.372775699113368 0
3.13669811494428 4.252501267773643 0
2.103055881502397 4.197584314775324 0
1.663538129522026 5.725173862006955 0
1.440654277201267 5.532255358422678 0
5.126576058976656 8.746486116584995 0
4.850422823855198 4.088649321015657 0
4.980110882868228 4.083494111130525 0
2.395163232974673 6.568092312962715 0
2.232298177393747 4.076376903094063 0
0.8287490531447252 4.758293993716177 0
5.252165084697022 5.82830237334923 0
2.159151801250349 6.310958852737064 0
2.951442259183834 4.225475893617306 0
2.892054289050433 4.159148129563863 0
2.928692204111377 4.094605173700416 0
2.847412637023695 4.107560429855163 0
2.814769789445403 4.18542878883074 0
2.997090493385787 4.106123914605161 0
0.6744069076462731 4.102814886999867 0
0.6063927186300557 4.08618823958678 0
1.391644056686461 4.202089184244413 0
3.041600229406899 7.375746302011498 0
4.167042371587518 4.760617620968458 0
4.102898941989082 4.672442184127933 0
5.223537621632208 4.103401918846392 0
5.284202139819646 4.153388002758591 0
3.922195764854369 4.098530064500757 0
1.920063974452074 4.198072771899763 0
5.112759316205078 4.098841526110812 0
5.756340814009808 4.095063016334314 0
2.798704403308252 4.12993384526456 0
1.470570037939684 4.952496995250992 0
1.661727333357756 4.955680438354953 0
0.971306083334211 4.099895968848955 0
2.275891621826247 5.690364394930211 0
3.81713793281474 4.079449752178629 0
3.751333121811444 4.092526490326845 0
3.880038599816757 8.160616630134957 0
0.6810031640953315 4.4679966497303 0
2.228399416756449 4.661809223456162 0
2.484418996931842 4.082690849683948 0
2.384105789782185 4.103461871697516 0
3.072454593866923 4.084069523435076 0
2.832552594151166 6.477565868466955 0
3.007890699191116 6.757128809733457 0
3.414533809194141 4.258068689269952 0
5.542969801405063 4.10039134986033 0
3.549892240135407 4.09367730951196 0
4.549275909523585 4.098796768960312 0
1.319471098248039 4.366955229604882 0
5.088613313320162 9.651043450603426 0
1.407073950289054 4.276379916217334 0
0.1117354259108749 4.040303777570977 0
1.02546813056438 4.755294934978915 0
2.945322170230993 4.04447939658326 0
2.029667815867914 4.352622268046062 0
5.547637323782139 4.924693267847744 0
0.706082513402321 4.066048773021433 0
2.377732402502658 4.049547791852988 0
4.864884668387978 4.439856755698745 0
4.142727240727832 5.983133355020768 0
3.604264300077432 4.642504697599303 0
3.856141212654551 4.6805045403859 0
1.805899846725699 4.814407827417616 0
3.662606558033744 5.610526602177825 0
4.679500134284824 4.094760993637733 0
4.718410832829711 4.069046223635404 0
3.103273307982049 4.740414790052024 0
5.613118276302563 4.174168416034124 0
3.529967876163928 4.472887557092247 0
4.10006542116037 5.606346635425054 0
1.139833291515668 4.887115809435414 0
3.136130128754506 5.200870168951636 0
4.853126957894675 4.267337716010931 0
4.718037421494278 6.337432199693136 0
5.112732362893113 5.021583662123826 0
5.05208587032604 4.097371076591934 0
5.103456628697662 4.437740183335457 0
4.731011074471145 5.100138039488108 0
4.437919449080255 4.102096452019871 0
3.309528815392591 4.02723470049054 0
3.387945984286277 4.041320900479223 0
3.523273625763507 4.042453026460351 0
3.177224219116416 4.04536447512308 0
3.275755034136358 4.037886100312393 0
3.618351241600525 4.045886388376514 0
3.083296472256104 4.041890033887688 0
2.835118858990809 4.044553045834875 0
2.732091400723601 4.043791280055926 0
2.63895172963319 4.043050936851472 0
2.684103215543515 4.091920238686313 0
2.595484359426662 4.037190852426655 0
3.431586736371639 4.038288453820233 0
2.203854423976198 4.036899250978916 0
1.045807398132981 4.147613109009814 0
2.020764204471869 4.040661703937566 0
2.108430447536583 4.040876786122498 0
2.11190196009624 4.081004433734764 0
3.716916718508581 4.04714871175833 0
1.880937146542454 4.04418530127683 0
1.651347905813612 4.041942372659523 0
1.558669042874517 4.038676736083513 0
3.811399012776238 4.029235804860333 0
1.336874904841503 4.042727558591146 0
1.355211117729025 4.088456256370931 0
1.429322461146001 4.040387338895714 0
5.293943214899848 4.092010310920458 0
3.887834796952912 4.044844573768772 0
3.973515693148023 4.094400551555151 0
3.983218119504778 4.044159144774895 0
0.2980733955671233 4.235577927135265 0
1.237476776918207 4.041614532842701 0
1.144151210786094 4.042681900137295 0
1.053832276016069 4.046011768298056 0
2.795167665945473 4.424471935670021 0
2.701249938293976 4.441986162145491 0
4.072395667462841 4.041231243470947 0
4.119864900073122 4.042948599165161 0
0.9623976323067337 4.048054225226388 0
0.8649263464121859 4.046658898895558 0
0.8152873924209985 4.043870669362567 0
2.354366737901481 4.620545144638369 0
4.752612617475552 9.277279818343569 0
4.301399677597649 4.046212537997485 0
4.208959455042375 4.041553884347163 0
5.618184668804503 4.092873052868597 0
2.747270043827153 4.199674891067425 0
1.454545453695161 4.084043731012942 0
4.397829598482053 4.048256578760712 0
4.290902607057355 4.092235167849472 0
4.544598332342092 4.047378082652518 0
3.166938949608752 4.145068193996391 0
4.634870602686992 4.040975162620857 0
4.775208492830827 4.404655219125501 0
4.643304959651884 4.416654471226733 0
0.6008986318135277 4.042931878686161 0
0.5525675662276642 4.043178029448088 0
4.991871830934143 4.027072355797973 0
5.069891502857511 4.046360725220246 0
5.224288219907569 4.048369706825226 0
0.4869455766537158 4.083898747913403 0
0.4691097908849516 4.027361201488128 0
5.307434542824392 4.028805806005241 0
5.364020230896201 4.103265702421899 0
3.229368562294868 6.520948004282081 0
5.38528166723491 4.047774292476614 0
5.424296069360834 4.100466618608604 0
1.948954838784899 5.674952490120635 0
4.339937367691634 4.094134377430319 0
2.045454554833728 4.083553606014585 0
5.029532675081023 6.887835586141279 0
3.377203808123291 4.093682689818076 0
4.603264225492593 8.352822329414483 0
3.475851716276518 4.139320225740068 0
2.551696715312523 6.257747833310192 0
0.5543728795521534 4.088645842826981 0
3.59306889216785 7.342762268735815 0
3.045554046040344 4.672064832861951 0
0.4391054774562952 4.038380383308025 0
4.808836812750924 6.078123068537558 0
5.488932295587637 4.058173302072004 0
5.593067863322772 4.040142625640238 0
4.270730424461388 5.41448760995811 0
4.376099094511622 4.351315703873301 0
5.628781231173457 4.028340498883456 0
5.696724416188657 4.105363211088115 0
5.708988508700621 4.047466701513795 0
0.3397764421250753 4.051121583533292 0
3.878562936010699 4.448880430391987 0
3.931443780292065 5.454369778482021 0
2.500687075530976 5.25392676886919 0
3.276772397429167 4.475174984178324 0
1.604250487983769 4.081110600279985 0
3.121338917146211 4.090347588003604 0
3.025652243787635 4.455351418402492 0
3.630751614035575 4.42039986906854 0
2.60142188011836 4.356680853675126 0
2.537975655158516 4.453101999263009 0
2.730113252785891 4.556839088769264 0
1.363307817579888 4.655413846519395 0
1.669143360753691 4.095225546537467 0
1.786690965502235 4.041843733703603 0
1.063484628479136 4.511317070637319 0
2.414892216736816 4.376826824497093 0
2.246077073460069 4.420422636839105 0
2.686470583119748 4.353701702659082 0
3.930554794211889 4.639609532423208 0
0.8783100061858533 4.397609044146812 0
0.7731481440288603 4.566157247136847 0
1.975778719454039 4.043460914135214 0
1.893254458311454 4.091880889615768 0
2.655494998228782 5.109969653189683 0
2.270570927751181 5.265776675127392 0
1.600092265329445 4.339535611851204 0
5.760054994050043 4.046585571894465 0
5.855369062956445 4.05060000106595 0
5.838202928900377 4.107189699744634 0
3.503781526059043 4.712864400111818 0
2.070568177156997 5.111592546695431 0
3.582504917810906 5.34851352064071 0
1.365554045932032 5.231423497710365 0
4.165182608060231 5.248855464225015 0
2.129776484541306 5.850184580252634 0
2.777911198743958 5.011955788874649 0
1.881527169081193 5.490471744318695 0
3.066710805753428 6.180139549757394 0
0.2418332976856643 4.046962184616123 0
0.2452648007141831 4.095922279568611 0
3.815930182070339 5.239318228967162 0
4.590852386982785 4.973390433709071 0
5.031023829829713 4.85280777496972 0
4.701523404145727 4.939652025035981 0
4.809204064344144 7.900180256421615 0
2.331213397298323 4.096262816388499 0
3.603123940473491 4.09720948283456 0
0.7223025180118592 4.032183240917557 0
4.161002128716126 4.084361069247147 0
0.8047291604900941 4.090746267157285 0
0.1671171334651742 4.106638055482763 0
1.897607142863866 4.235482168489134 0
1.937677910115215 4.334462255953683 0
1.266340775972807 4.9718110647552 0
0.1523558791983574 4.045510250439764 0
4.44617310148544 4.049747179713093 0
4.492795799236142 4.104731421008972 0
5.122870402254796 4.048442376834419 0
4.639373827078908 5.859325048133957 0
2.736384831899764 4.089940280214134 0
0.6945234412346613 4.368216256941832 0
0.4683819095255275 4.2744383243932 0
5.3862100543003 4.630351342208644 0
5.275709773916153 4.92964083377275 0
2.385844762355763 4.47121607985155 0
3.172855672591567 4.094186221182939 0
5.949199667088575 4.050180332771546 0
5.416791767005414 5.405433691512599 0
0.3698888528014652 4.269127069944725 0
2.175228945346379 4.099340805685543 0
2.07431212640754 4.068452733060178 0
4.977759863324061 4.451122476749968 0
1.515110371879136 4.03855406467139 0
4.840933463907753 4.198958645309466 0
3.96564323903847 4.145746696253561 0
3.160807738372193 4.185371348721935 0
5.267609008721854 4.250180758116676 0
3.769497833134476 6.990761130913439 0
0.4189766252343841 4.103293190223455 0
0.751486484603814 4.080563504934836 0
1.407365592011876 4.08667469128661 0
2.148318413923294 4.139221696491687 0
3.714325707055485 4.152369579166697 0
4.634929765961453 4.07270203049548 0
1.669558268900877 4.77896559288132 0
1.300267687943109 4.088228477726851 0
2.788373391030122 4.709133759941032 0
5.168542614917458 4.101867562300524 0
3.456901894594069 4.876488345298725 0
3.868532123980063 4.094144600951983 0
4.750030423502778 4.077793909350697 0
1.794571236179411 4.087171553878743 0
4.465448728528839 4.544755121721067 0
5.505053666090056 4.097441524595202 0
4.293676460464374 4.485792096650424 0
1.322597604928802 4.792673974037207 0
3.048861910675051 6.388320832612703 0
4.797505973737155 4.085155438960276 0
4.602064154637474 4.085646886790272 0
4.857483549266489 4.042514541416325 0
0.9499930947919516 4.616957537256279 0
2.235309546633374 4.027176675270945 0
2.528715652270664 4.04864436318042 0
0.6079247136699671 4.454928050415448 0
2.274163950914614 5.468514656938399 0
5.029879454686443 5.998083527794008 0
1.740022952385449 4.040083251785132 0
0.2993505253474316 4.174298719488192 0
1.244584523581195 4.086171847819151 0
3.940093034478644 4.498687978321474 0
4.326573153031255 5.734817362264415 0
4.908758105178767 4.041970024134732 0
1.084252733855873 4.226448208286501 0
5.906689171670558 4.126341780020693 0
4.10010579309316 4.503517652876948 0
1.373466586872708 4.14100937390532 0
5.613124732016212 4.234086839886021 0
4.703473798260531 4.350998606858933 0
5.423818263401197 5.095324069019783 0
4.055797628444354 4.08399712959886 0
2.786628175465925 4.084803405591193 0
2.822631666905928 4.079864074914953 0
3.998715070303091 4.176803772683193 0
3.711579565781876 4.096302747743972 0
3.244845821600093 4.593365361639484 0
1.843267680969073 4.089548858581645 0
2.904492455435729 5.166602315353499 0
2.442926007899311 4.433394882423386 0
1.058431578944309 4.082258919432408 0
2.249131021601527 5.080067454326283 0
2.984499763000644 4.578168108014984 0
0.7745408216980861 4.482008642703573 0
5.617594867326504 4.498928018451751 0
3.195026954432228 4.722901956969404 0
4.721272532691099 4.038994006009188 0
5.448245832880252 7.512513221998175 0
5.044366903402595 4.159765658801853 0
3.448227656991861 4.195842917093897 0
2.169075033128662 4.184802878314118 0
1.152126895257541 4.075536530836041 0
5.463333807469788 4.09579996297262 0
0.4736752093859576 4.433680494408467 0
3.455003308324104 4.078821499756131 0
2.327307756943038 4.047983941713023 0
2.583423709837486 4.076587727682868 0
0.91616682146668 4.100695933945974 0
4.331110772764259 4.131421143301743 0
2.293424513941052 4.088615788684701 0
4.763860326393404 4.038930594115266 0
4.413849905986265 4.441296408207378 0
3.500748201892691 4.08830407584818 0
1.249719201824893 4.324987104804815 0
2.993926473076251 4.04634571220793 0
0.07151430471378464 4.035830301408882 0
0.6894701393661573 4.02441349176175 0
1.944986868536304 4.093047818826577 0
4.068615113677378 5.369142499860894 0
3.278973954843308 7.054475793559225 0
0.2985833884043583 4.107087707920211 0
2.293153143373397 4.511773264699722 0
1.566520182298124 4.068060377997138 0
1.706404857389608 4.071145017509808 0
5.372963704770244 5.599945807423483 0
1.724240086671126 5.512675276309395 0
2.100100140671983 4.68202047886679 0
0.1157975237160327 4.078941505575284 0
1.321003519446669 4.20161529806092 0
3.42285982857176 4.068913051657553 0
3.350435004359577 4.922365866582718 0
5.118125552527578 5.699330766781518 0
3.70097103245767 4.719687024083626 0
1.190826830827489 4.082110793494486 0
4.197779641951779 4.073238942057175 0
0.9438098929815486 4.712083346614111 0
1.727723033404838 4.401396034587248 0
3.792971665573579 4.206614349006415 0
3.658092436863344 4.098512365630722 0
1.893834211044564 4.15183201844925 0
5.703161487405069 4.408150452897064 0
4.484248421347234 4.18045295892901 0
5.536121173043547 10.52173422527359 0
1.524863549163572 4.449373467932648 0
4.018882140123948 4.577510499081798 0
2.899571461452275 4.035613714440984 0
2.378468440918724 4.163727731188612 0
4.9173484070013 5.077078958693145 0
2.879673841229058 4.072935631037879 0
3.206920491055454 4.220362010998705 0
0.8482637378044942 4.154294583379612 0
2.095299909875023 5.610201867821637 0
0.206132932787018 4.082608096418141 0
1.44510150031206 5.096134809233775 0
1.020856769698273 4.094334747339469 0
5.806464186841429 4.811833612477584 0
4.908395795747104 4.090475560013803 0
1.483639707118812 4.068304055680755 0
3.574298070192901 4.531834238811252 0
3.966744557448175 7.574059657518498 0
4.013633024870972 4.071962818690971 0
4.782442307750999 4.136477027980916 0
2.607206267770631 4.449938569199839 0
4.802766393022832 4.347595465510641 0
5.793767430823025 4.081273996797108 0
5.45618916866685 4.724955211305076 0
0.6450451968637403 4.080265586713963 0
4.247654948207033 4.137684749336279 0
2.900601748153031 4.235799231432347 0
0.5568041182678285 4.127413463701613 0
1.862511158397292 4.29135047553234 0
2.476033968418863 4.039237194846627 0
5.345155878526914 4.182972299341598 0
2.80630210823879 4.627637661149751 0
4.297131467416081 8.078628574803435 0
2.624607423278694 4.141094723993545 0
2.61287698889624 4.625064008235649 0
3.0386395766261 4.076216678306396 0
2 8 0 824
10145
10146
10147
10148
10149
10150
10151
10152
10153
10154
10155
10156
10157
10158
10159
10160
10161
10162
10163
10164
10165
10166
10167
10168
10169
10170
10171
10172
10173
10174
10175
10176
10177
10178
10179
10180
10181
10182
10183
10184
10185
10186
10187
10188
10189
10190
10191
10192
10193
10194
10195
10196
10197
10198
10199
10200
10201
10202
10203
10204
10205
10206
10207
10208
10209
10210
10211
10212
10213
10214
10215
10216
10217
10218
10219
10220
10221
10222
10223
10224
10225
10226
10227
10228
10229
10230
10231
10232
10233
10234
10235
10236
10237
10238
10239
10240
10241
10242
10243
10244
10245
10246
10247
10248
10249
10250
10251
10252
10253
10254
10255
10256
10257
10258
10259
10260
10261
10262
10263
10264
10265
10266
10267
10268
10269
10270
10271
10272
10273
10274
10275
10276
10277
10278
10279
10280
10281
10282
10283
10284
10285
10286
10287
10288
10289
10290
10291
10292
10293
10294
10295
10296
10297
10298
10299
10300
10301
10302
10303
10304
10305
10306
10307
10308
10309
10310
10311
10312
10313
10314
10315
10316
10317
10318
10319
10320
10321
10322
10323
10324
10325
10326
10327
10328
10329
10330
10331
10332
10333
10334
10335
10336
10337
10338
10339
10340
10341
10342
10343
10344
10345
10346
10347
10348
10349
10350
10351
10352
10353
10354
10355
10356
10357
10358
10359
10360
10361
10362
10363
10364
10365
10366
10367
10368
10369
10370
10371
10372
10373
10374
10375
10376
10377
10378
10379
10380
10381
10382
10383
10384
10385
10386
10387
10388
10389
10390
10391
10392
10393
10394
10395
10396
10397
10398
10399
10400
10401
10402
10403
10404
10405
10406
10407
10408
10409
10410
10411
10412
10413
10414
10415
10416
10417
10418
10419
10420
10421
10422
10423
10424
10425
10426
10427
10428
10429
10430
10431
10432
10433
10434
10435
10436
10437
10438
10439
10440
10441
10442
10443
10444
10445
10446
10447
10448
10449
10450
10451
10452
10453
10454
10455
10456
10457
10458
10459
10460
10461
10462
10463
10464
10465
10466
10467
10468
10469
10470
10471
10472
10473
10474
10475
10476
10477
10478
10479
10480
10481
10482
10483
10484
10485
10486
10487
10488
10489
10490
10491
10492
10493
10494
10495
10496
10497
10498
10499
10500
10501
10502
10503
10504
10505
10506
10507
10508
10509
10510
10511
10512
10513
10514
10515
10516
10517
10518
10519
10520
10521
10522
10523
10524
10525
10526
10527
10528
10529
10530
10531
10532
10533
10534
10535
10536
10537
10538
10539
10540
10541
10542
10543
10544
10545
10546
10547
10548
10549
10550
10551
10552
10553
10554
10555
10556
10557
10558
10559
10560
10561
10562
10563
10564
10565
10566
10567
10568
10569
10570
10571
10572
10573
10574
10575
10576
10577
10578
10579
10580
10581
10582
10583
10584
10585
10586
10587
10588
10589
10590
10591
10592
10593
10594
10595
10596
10597
10598
10599
10600
10601
10602
10603
10604
10605
10606
10607
10608
10609
10610
10611
10612
10613
10614
10615
10616
10617
10618
10619
10620
10621
10622
10623
10624
10625
10626
10627
10628
10629
10630
10631
10632
10633
10634
10635
10636
10637
10638
10639
10640
10641
10642
10643
10644
10645
10646
10647
10648
10649
10650
10651
10652
10653
10654
10655
10656
10657
10658
10659
10660
10661
10662
10663
10664
10665
10666
10667
10668
10669
10670
10671
10672
10673
10674
10675
10676
10677
10678
10679
10680
10681
10682
10683
10684
10685
10686
10687
10688
10689
10690
10691
10692
10693
10694
10695
10696
10697
10698
10699
10700
10701
10702
10703
10704
10705
10706
10707
10708
10709
10710
10711
10712
10713
10714
10715
10716
10717
10718
10719
10720
10721
10722
10723
10724
10725
10726
10727
10728
10729
10730
10731
10732
10733
10734
10735
10736
10737
10738
10739
10740
10741
10742
10743
10744
10745
10746
10747
10748
10749
10750
10751
10752
10753
10754
10755
10756
10757
10758
10759
10760
10761
10762
10763
10764
10765
10766
10767
10768
10769
10770
10771
10772
10773
10774
10775
10776
10777
10778
10779
10780
10781
10782
10783
10784
10785
10786
10787
10788
10789
10790
10791
10792
10793
10794
10795
10796
10797
10798
10799
10800
10801
10802
10803
10804
10805
10806
10807
10808
10809
10810
10811
10812
10813
10814
10815
10816
10817
10818
10819
10820
10821
10822
10823
10824
10825
10826
10827
10828
10829
10830
10831
10832
10833
10834
10835
10836
10837
10838
10839
10840
10841
10842
10843
10844
10845
10846
10847
10848
10849
10850
10851
10852
10853
10854
10855
10856
10857
10858
10859
10860
10861
10862
10863
10864
10865
10866
10867
10868
10869
10870
10871
10872
10873
10874
10875
10876
10877
10878
10879
10880
10881
10882
10883
10884
10885
10886
10887
10888
10889
10890
10891
10892
10893
10894
10895
10896
10897
10898
10899
10900
10901
10902
10903
10904
10905
10906
10907
10908
10909
10910
10911
10912
10913
10914
10915
10916
10917
10918
10919
10920
10921
10922
10923
10924
10925
10926
10927
10928
10929
10930
10931
10932
10933
10934
10935
10936
10937
10938
10939
10940
10941
10942
10943
10944
10945
10946
10947
10948
10949
10950
10951
10952
10953
10954
10955
10956
10957
10958
10959
10960
10961
10962
10963
10964
10965
10966
10967
10968
4.039273587576059 -4.026855391304487 0
3.655881994232196 -4.037560714232367 0
3.340909082901256 -4.039364784818546 0
3.029891324784602 -4.038899553204041 0
2.706299009517477 -4.039906382441875 0
4.346394753501968 -4.049318717790118 0
4.678173988723746 -4.041004026406673 0
2.429668507643763 -4.040754700571862 0
2.158862939951313 -4.041158087684019 0
4.95752763145452 -4.036156099788899 0
1.928513530005633 -4.043919518801609 0
1.698840681412819 -4.038663945125745 0
1.470421915126834 -4.037845599416992 0
5.172410533815039 -4.049769924942138 0
1.284678731401562 -4.042336770079968 0
1.100281651079291 -4.04484031858241 0
0.9293768483299781 -4.042303591914294 0
3.856410556395413 -4.047390771641703 0
5.335641287879985 -4.041058689838857 0
5.539012109337678 -4.062228069180065 0
2.69064418020182 -6.939458552761801 0
5.669169094410258 -5.702169592136648 0
1.905930427402381 -6.054181418184531 0
3.225924040703978 -4.044935312114846 0
3.479369822213217 -4.040483274475579 0
2.868092541284446 -4.029132130451336 0
2.557578939782891 -4.044499471541529 0
2.281037057073596 -4.04615855774162 0
4.160736064362083 -4.042284101786863 0
0.7865135629415638 -4.043228054847595 0
0.653283717185391 -4.0409373131844 0
4.494953017588504 -4.050838398619647 0
4.81139654262166 -4.04133083377024 0
0.5118794965861533 -4.044564387721238 0
5.654562050966188 -4.039130377609623 0
1.259055020519108 -5.281187689161613 0
5.789014051846519 -4.836676954036214 0
0.9819550928940501 -4.926020516202026 0
5.546561562901895 -6.565516668970853 0
0.6484741427282937 -4.636747672605031 0
3.339387631683771 -7.722952180952435 0
5.809645837274865 -4.048168155516411 0
0.3665317439582524 -4.046677579270027 0
3.585165761254265 -4.049685760744984 0
3.126691875226163 -4.045085455663827 0
3.756327915353712 -4.045575018531117 0
2.769910811725483 -4.03774092417239 0
2.064408568631682 -4.039935441060992 0
1.833985719902515 -4.042505158259619 0
1.606831043839911 -4.042951326976953 0
1.382736726860966 -4.041938855640326 0
1.187203137159291 -4.04000192151357 0
3.958057356310162 -4.044516470681111 0
1.013837848258169 -4.043636965981185 0
4.248879150955621 -4.04648001984895 0
4.590317466750666 -4.042844381096723 0
5.8386188080616 -4.294501634557886 0
5.01785797371967 -4.044078756385157 0
5.273101461545214 -4.041327371878974 0
5.435155924679221 -4.048423956125636 0
0.2713241207337749 -4.039260820264042 0
0.4076515290739229 -4.361732394282823 0
5.381086604305131 -8.15159814731987 0
5.910230543358938 -4.054115887738861 0
0.2120895658484555 -4.046940379557374 0
4.315937778393851 -8.543612826137288 0
5.894977039541558 -4.206443234076571 0
5.757695253830165 -4.223727452364697 0
5.730857050453408 -4.358098180845025 0
5.679082092328335 -4.26896738491741 0
5.608646639723982 -4.395361672302268 0
5.56510278281079 -4.285877609697136 0
5.524175178522872 -4.41480506174781 0
5.468251489778854 -4.353326013275278 0
5.395168879789329 -4.428839107994408 0
5.292814918196493 -4.314278816518644 0
5.329021266424824 -4.535184942645909 0
5.209702801971933 -4.434553666877867 0
5.099420459696044 -4.55891600592514 0
5.260490685574774 -4.67490493435136 0
5.047374416453897 -4.745577962067816 0
4.942916259820876 -4.537305256141118 0
4.868472989664816 -4.697878942571203 0
4.757994238089543 -4.571064771316878 0
4.684400048761263 -4.768748492688809 0
4.639626127365654 -4.6362551245343 0
4.51095830826101 -4.653010283893628 0
4.502089197183141 -4.831435056364587 0
4.294958103614626 -4.748226488270187 0
4.245889751070735 -4.956221681204237 0
4.409688804215366 -5.026313643277788 0
4.176047335764546 -5.144084604919842 0
4.065751391692401 -4.88643102595247 0
4.018659810577925 -5.086056075740139 0
3.919829415263639 -4.914609409574584 0
3.867015570863189 -5.037126878212625 0
3.692207270163674 -4.960412474650632 0
3.660701245302517 -5.122732864376967 0
3.501098945421068 -5.004373411700647 0
3.966939924755192 -5.22537982935329 0
3.524848105902691 -5.161899622481938 0
3.340390485867779 -5.033964210688876 0
3.341582367521386 -5.200052393138444 0
3.175341674103614 -5.025409202792118 0
3.349617962891172 -5.379841871228241 0
3.23940219607837 -4.855186625511024 0
3.070895050222683 -4.828691511547804 0
3.013899276207363 -4.971827911970538 0
2.872526912275065 -4.896158076248934 0
3.593477018116189 -4.807084920691809 0
2.931621367731188 -4.741642330855651 0
2.749103449395108 -4.827632550837977 0
2.710996569109915 -4.928817877618048 0
2.635072057800544 -4.761945131458415 0
2.574742947690244 -4.919730808430714 0
2.284518203419835 -4.840322587286728 0
2.408457841687208 -5.022738729333319 0
2.207364195856825 -4.963446649512022 0
2.112905818941104 -4.807749677109426 0
3.989632852787008 -4.740336490426731 0
2.43704642808376 -4.756964527179482 0
2.68297521273032 -4.657359048140598 0
4.884995281029312 -4.88504622927352 0
2.080949147090755 -4.958026267595205 0
1.978693878186919 -4.775078142281889 0
2.01560107720427 -4.669969437979468 0
1.866842881410167 -4.718246804762331 0
1.933845121783674 -4.587400094620692 0
1.827242001138148 -4.577739761270906 0
1.770294000047803 -4.652584400752832 0
1.674502954232922 -4.563694355346589 0
1.612394948594443 -4.666002723028218 0
1.544242115547706 -4.542718563651896 0
4.396760671241962 -4.611152523923668 0
1.796844832960014 -4.501706038126762 0
3.201905434445712 -5.394874831689499 0
3.330827796290632 -5.579475855872403 0
3.136011663179549 -5.539273425169616 0
3.283211268181142 -5.815711280797701 0
5.183425798385271 -4.836316829626607 0
4.342088428566123 -5.219396872796487 0
4.682805393573068 -4.479148426835598 0
3.533718030574634 -5.833368608771101 0
3.482505440890895 -6.099216337370001 0
3.719956759266053 -6.1643858149923 0
1.511351846825573 -4.65349941898175 0
1.447395753319363 -4.507333431491198 0
1.489476804542624 -4.440456416290829 0
1.370376575160655 -4.443933371459591 0
1.885635694840307 -4.964625809139585 0
1.267715244621535 -4.531851869701185 0
1.225026752871152 -4.407361916339046 0
1.864872513041257 -5.126025008010776 0
1.456460862356903 -4.365453375422268 0
3.609932219838288 -6.425854647928187 0
3.986616953820745 -6.275542513552551 0
3.054204426624822 -5.766239325113528 0
1.485715843788503 -4.787063385008172 0
1.13540644409094 -4.527456465139259 0
1.126094570804354 -4.420490927974641 0
1.199925447117081 -4.32027789758371 0
1.11593912342773 -4.324185100399683 0
1.02564961422486 -4.414981226933886 0
1.023283883098438 -4.317701014162851 0
1.228626956593998 -4.63967761763111 0
3.870485141193863 -6.592694528493276 0
4.300545927069769 -6.371255413004556 0
4.370180420499721 -6.03760459224437 0
4.198913994133843 -6.733690545434553 0
2.846482209537458 -5.652077845274711 0
2.723708662541493 -5.930280456805258 0
2.478211305121877 -5.707468876455179 0
1.476687108936734 -4.272183506919601 0
1.560075853395225 -4.273035188468192 0
2.053809098631242 -4.517445006479177 0
2.146898742173042 -4.463038366802937 0
2.096110144702967 -4.373945162252332 0
2.183456562218407 -4.346974557034243 0
2.148927846158284 -4.267765724384824 0
2.063516064529792 -4.284429051576468 0
2.223313984545887 -4.25230670341577 0
2.260878436999311 -4.321153749807381 0
2.280666432276003 -4.226211753061436 0
2.327086107769643 -4.286718988685299 0
2.37993592684514 -4.238317049738558 0
2.46145671997348 -4.304616963718821 0
2.480359167521298 -4.209972912643564 0
2.560788350248421 -4.298520539167389 0
2.553852865688334 -4.219508332939578 0
2.639985804017464 -4.287241030396247 0
2.627620928487834 -4.217032053641788 0
2.717280302775404 -4.272756558788086 0
2.699234671323187 -4.208067795678716 0
2.746236366864935 -4.343069639313224 0
2.827992616162371 -4.31707414629318 0
2.791142803038232 -4.25048894486106 0
2.900241452966994 -4.276433312926075 0
2.87613725067669 -4.393250820882312 0
2.97235351588157 -4.3525939408267 0
3.001632567110237 -4.281479906413302 0
3.08388936105582 -4.347328097483378 0
3.061745233888319 -4.274477620425176 0
3.169265158666777 -4.326575267915068 0
3.125018158082522 -4.426636654233932 0
3.216323100795122 -4.400241503196339 0
3.243957932486641 -4.298520430802095 0
3.295356154265691 -4.365930940933142 0
3.303902874800339 -4.263512310212388 0
3.358882017190884 -4.32122731031891 0
3.35820666571007 -4.43386009649677 0
3.423715419424427 -4.378924348853822 0
3.471397584274036 -4.312859585885292 0
3.543483602364094 -4.353458483421224 0
3.572061273763086 -4.27057543195579 0
3.624747095507975 -4.383081812164507 0
3.643896839431049 -4.290429175541622 0
3.719693925791301 -4.29609754877191 0
3.715005376371721 -4.390939400071949 0
3.809625778100378 -4.374271189662772 0
3.798845483200386 -4.283362513570585 0
3.922290756722797 -4.356722466121969 0
3.884000169042939 -4.240338858011362 0
4.012209941258935 -4.291842345694026 0
4.075738305756241 -4.358730198229556 0
4.086023971128662 -4.227584817144054 0
4.142132666516393 -4.305672337452184 0
4.130873294472281 -4.402393679918911 0
0.9283920435614759 -4.401456838707634 0
0.9299908927675755 -4.308929683850887 0
1.196196807858314 -4.249435107181438 0
1.248762168374962 -4.250512731980654 0
0.923557059599437 -4.500933179855278 0
3.831386212429894 -4.468585101432473 0
4.190493551530517 -4.372371958071223 0
4.213086811085837 -4.260413893936855 0
4.263843432726983 -4.325617790241684 0
3.268329274098236 -4.220035245660339 0
3.181160927752899 -4.508965427999959 0
3.505234048659291 -4.241411555884599 0
3.351350926588095 -4.220122366779246 0
5.10643993863578 -4.32964300819644 0
1.862984306748487 -5.306467908095362 0
3.431830514478544 -4.500583270498512 0
4.273481393278032 -4.211905909732777 0
4.345602849181218 -4.268161047224104 0
3.050688070623825 -4.208010390828944 0
3.115443289015431 -4.198383487554306 0
0.9271171076588458 -4.224054113658465 0
0.8465183148065442 -4.219404918476331 0
0.8418871332180075 -4.298141739426807 0
0.7703909970870704 -4.207619400694401 0
0.758644075460878 -4.283774837131931 0
3.710082610451058 -4.520056007045825 0
5.502489381768909 -4.488124271124998 0
2.070434318229795 -5.288792298556205 0
1.558637498067462 -4.200866108453444 0
1.632519606664599 -4.196348125479995 0
1.481669178722463 -4.201322534504435 0
1.644795960436265 -4.26446305525796 0
1.707753400688857 -4.176020657476853 0
1.722977505118393 -4.249771320350213 0
1.768742316282929 -4.184136861676739 0
1.789491290790591 -4.226877813424199 0
1.843089696146944 -4.19389314258629 0
2.249592585059921 -4.185885154113613 0
3.835130477234464 -4.198935349688572 0
2.042344569060683 -4.203867768560215 0
2.303009406208373 -4.394265576469014 0
4.594945075699636 -6.830720076271198 0
4.479598582889557 -7.291260724671856 0
4.569498217390538 -5.080642599748654 0
4.526804767145507 -5.271828090400955 0
4.727234551330287 -5.28341550518473 0
4.705684900980382 -5.50899708647351 0
4.939993922351766 -5.489543830124131 0
4.945912588765745 -5.726913321256554 0
4.369688894259482 -4.175684248309037 0
4.443517585546457 -4.263873076781266 0
4.523850778990068 -4.245481906332175 0
2.982730354027154 -6.060628951995168 0
2.928974039862837 -4.4798592888199 0
5.174040545737045 -4.248821365023207 0
5.024524014360226 -4.240200479878438 0
1.615572902601989 -5.340634130020595 0
0.7561866491067887 -4.369084035290771 0
2.488009267473804 -4.133532010791853 0
4.561356085928971 -4.322802341211625 0
4.637080329415475 -4.277330190043593 0
4.595596726249469 -4.213869457394987 0
4.70011916744771 -4.231132494225598 0
3.44158626598688 -6.671362936645967 0
3.297150892432001 -4.166090352909545 0
4.234207597756265 -4.162891646882373 0
0.6940352428291929 -4.188034481624444 0
0.6743339159230528 -4.264340004430084 0
5.480819266822841 -4.214609053170399 0
3.796876096710873 -4.620395592199663 0
4.932087701395518 -4.293911124954287 0
2.321772946950919 -6.044611528725846 0
0.6057678630981187 -4.153261610378193 0
1.210916938679025 -4.187856370304687 0
1.285729891869949 -4.201696646347914 0
1.14222897930602 -4.17477583864492 0
5.210755292285343 -4.171855709298301 0
3.900613483413933 -4.157654984705526 0
1.969227093023715 -4.208945466331681 0
2.072177019701689 -5.473242570575805 0
2.221237326359126 -4.539335905530042 0
1.650695850239418 -5.124182241750604 0
4.889894269041826 -4.39159649987678 0
2.687155272417691 -4.147804894915179 0
2.749417744277902 -4.140581569924428 0
4.206323345572025 -4.603551527836404 0
4.659494650880321 -4.178650851208233 0
4.742707949563825 -4.197190809203864 0
4.958362500095956 -4.172138256671639 0
1.955814121894089 -4.301541471372285 0
0.8281073218869389 -4.472079008887222 0
0.9166578273740834 -4.611879127345554 0
3.87875797093442 -4.551737916714258 0
0.580135971675799 -4.240707153723497 0
3.800054794108603 -5.880849944571563 0
4.476277896581092 -5.490524219716622 0
2.674202960098036 -5.480569286695847 0
0.9162881199854034 -4.152243864016283 0
0.9769660533693358 -4.137156508145418 0
2.020644276481907 -4.139851109100325 0
2.075212484870062 -4.123784683447665 0
1.960185429469482 -4.146656980518565 0
3.052575219584018 -4.145635569861569 0
2.991351171166932 -4.136612652181793 0
3.355691715556371 -4.143805572913891 0
0.5064539502630445 -4.15034678350533 0
0.480848153066361 -4.217287781589379 0
0.559243601784945 -4.347809654923636 0
4.437262758323717 -4.1806866179549 0
3.223186018222039 -4.153749091248235 0
1.559846145605677 -4.138639741225293 0
5.696325436554234 -4.174133971935475 0
1.331183646059046 -4.257028248662336 0
4.751288736903875 -4.284163469538664 0
4.941176582905639 -5.25657107952787 0
2.832485910563932 -4.509463381668951 0
4.891954006508809 -4.201083080245763 0
5.164020738891233 -5.492946299473775 0
3.083243699181976 -4.540666216136901 0
3.142042646432086 -4.629218409836367 0
4.949052500339309 -7.415310779886849 0
3.343963572025827 -4.551852371489026 0
3.421861725786438 -4.628855719950936 0
5.406777217488276 -4.26562353674002 0
5.439443159642404 -4.152702906986246 0
1.138517523317769 -4.640399257702463 0
1.138673485995617 -4.766494624561253 0
0.2609757423874265 -4.20122668326615 0
3.11199415875607 -4.14482929061423 0
0.4312441484805338 -4.13417339048033 0
0.3920243562056621 -4.188815636483837 0
0.7223886794934097 -4.127360708311786 0
4.728664591393311 -4.140986188454201 0
3.39285716687479 -4.172836584255937 0
3.427306189276379 -4.12533904299818 0
1.799877695876699 -4.141808942302285 0
4.624938497142089 -4.128986880324568 0
5.492253513012494 -4.115712977296413 0
1.227356222390974 -4.132810563546778 0
1.28794549507047 -4.136933676460284 0
1.167168172127317 -4.122780291480035 0
5.19984117917874 -5.192058769775769 0
4.318001968243867 -4.390902244857951 0
4.457568792681698 -4.368132842350869 0
4.535471998486411 -4.455887592793237 0
2.414205321399758 -5.462411694166161 0
5.782017554276518 -4.476084111887328 0
5.600296999669114 -4.196604212347698 0
3.516697263551822 -4.562645797509281 0
5.414092304642852 -4.760436679491511 0
3.841752606323586 -4.799120720196982 0
1.8471737441025 -4.124864040621421 0
3.843181668658039 -4.153799708271094 0
3.78842757521079 -4.15209590840533 0
1.65501808413996 -4.342180316419283 0
0.7847236068872737 -4.143875401750508 0
1.664271930460054 -4.43471396468614 0
5.160473270779123 -4.14920080220243 0
5.098037146311235 -4.175205626904443 0
4.567074805512426 -4.153582085504979 0
0.846126631051114 -4.09468160580694 0
1.997085055857742 -4.088787136717772 0
0.5482803969575754 -4.528613438565313 0
4.311023386545807 -4.157093682581241 0
2.88275130368035 -4.606363358106961 0
2.557633195847139 -4.150450722803508 0
5.813021370485078 -4.163049600801365 0
1.898522710167929 -4.458558500404572 0
2.615929539134874 -4.095944469914654 0
2.540438430024526 -4.673215060950112 0
2.587648454724842 -4.516911320998625 0
2.474674847157346 -4.562086264319626 0
4.173125131715217 -4.195551689671316 0
4.089632533609928 -4.147263099918918 0
4.153455879116889 -4.135007705920662 0
4.096401088987606 -4.090295071191247 0
4.0268714969595 -4.149644180742562 0
4.219072716276762 -4.102928748083123 0
3.311198564382076 -4.681207196100193 0
3.385227847557088 -4.773540703669346 0
1.48349820343902 -4.127642871098042 0
1.407070574290703 -4.137759899085034 0
1.395282328223105 -4.207705056946117 0
1.512009275978456 -4.078334154572976 0
4.383445391741661 -4.108226533454034 0
1.859804623466706 -4.36478999451173 0
3.593228935846595 -4.195139153099153 0
3.532645828468028 -4.174007213016495 0
3.613889960736985 -4.130511294880122 0
3.658125662407295 -4.211428347205393 0
2.512644489372494 -4.082552555774856 0
2.452484125483139 -4.081693277400097 0
5.729226189079351 -5.377254766390209 0
3.672236305506513 -4.145107008235628 0
4.072486266203054 -7.136004412604817 0
4.377072310704067 -7.813482753557386 0
0.368945585589347 -4.109432910007543 0
1.024700879562456 -4.213218977268827 0
3.227934776843039 -4.09589904653808 0
3.300455314375366 -4.085273612644515 0
3.974259084174929 -4.22152291142977 0
2.324661368284593 -4.185818401740855 0
2.26422989951315 -4.13602132361117 0
2.364164503867422 -4.141918771313037 0
2.194582703480811 -4.13513763768118 0
2.416791175056675 -4.181701763105735 0
2.202547069794817 -4.189556939973477 0
1.735897360231749 -4.120238432635185 0
1.667514983202889 -4.13484114404134 0
1.746560244471289 -4.077750226840034 0
5.584623743550435 -4.108303125673293 0
3.724484643298544 -4.217360386435458 0
4.910190848668032 -4.128391524905936 0
4.866854278988895 -4.13904618064292 0
1.11512821966314 -5.125773667574869 0
1.33117311024869 -5.110051509281884 0
5.514705585709114 -6.949965166928417 0
2.970514889138975 -5.436331049646505 0
2.813656871282123 -5.295836161822271 0
5.764676367156432 -5.086500188244694 0
1.111476892552322 -4.105001272360667 0
5.514876072719392 -6.030024186344702 0
5.175174424260653 -6.384679896101646 0
3.136092164934698 -4.257446482080307 0
1.668751289739004 -5.726114619403469 0
1.45169016864105 -5.533995800285234 0
5.172307099794303 -8.730177183761533 0
4.859237546922595 -4.087676786054904 0
4.978674613220932 -4.083882671062677 0
2.403763639292228 -6.609069825194823 0
2.142373145041142 -6.323826003249176 0
0.8037728138244145 -4.754522706471619 0
5.25577692029502 -5.818102433164068 0
2.97033795571642 -4.216861184137229 0
2.902490955979902 -4.168256564882988 0
2.934552912172903 -4.112720285829944 0
2.854492892380363 -4.129698063036766 0
3.011997888144618 -4.080905159929832 0
2.76469651013426 -4.192712333923545 0
0.6690354854326074 -4.094410229413056 0
0.5885553223608633 -4.088028265775399 0
3.003016441521191 -7.323680977367149 0
4.152655234799489 -4.765830680857835 0
4.098765833174671 -4.675096297255852 0
5.222621524111145 -4.105156913592416 0
5.290659487007762 -4.18757668207371 0
3.904767666139626 -4.09886404053627 0
1.918074538532523 -4.205064891023225 0
5.590531093677625 -4.815981825258848 0
5.107102870323173 -4.102348946521817 0
5.749972422843861 -4.111863116183423 0
1.474069512780021 -4.947435149640906 0
1.665259106305293 -4.954119953395325 0
0.9492330284247247 -4.085904777718055 0
1.023389323426001 -4.097492463777713 0
2.217884804716627 -5.666768377241936 0
3.796143251923068 -4.097651313980268 0
3.742334946744398 -4.095588940584136 0
5.53903658638995 -5.03590352295387 0
3.74910495177929 -8.125609207755865 0
4.792757382468603 -8.397665635335589 0
0.6936458417953981 -4.485277332931774 0
2.255111362845508 -4.695643162081105 0
2.479688207104977 -4.068982772575854 0
3.064534374942716 -4.090627920078631 0
3.407015836385041 -4.266111834297721 0
2.944977957128827 -6.520070577610078 0
2.791826346972613 -4.135845040773296 0
4.783012911590395 -9.239038400902956 0
2.407349950315706 -4.093145290187876 0
2.351467927846207 -4.07671279646628 0
4.550481329225418 -4.09812779335515 0
2.231975081219309 -4.0757346150501 0
1.311830761170221 -4.366206399552746 0
3.230274795104743 -6.963596375237046 0
1.418358057872074 -4.266449588183903 0
5.095863906236581 -9.636466582775087 0
0.1092184472007676 -4.044777282305826 0
2.960928408033836 -4.052690261662923 0
1.024745834575294 -4.755719859566164 0
2.00056558891074 -4.415098128832373 0
3.558053605124399 -4.112890554654864 0
3.477345429530505 -4.150772353438672 0
0.7040804204958133 -4.07060494558613 0
3.548216192205177 -7.304667101393128 0
2.742117188336165 -4.081557242488173 0
4.837281557788531 -4.480405678007078 0
4.07775480436881 -5.962711720982361 0
3.609108405754707 -4.630203015646154 0
3.281507285431975 -6.390667422695527 0
2.587630321097203 -6.268398813501904 0
3.859936786846828 -4.678339064598122 0
1.807910667433469 -4.810704538107777 0
3.568648113427852 -5.574335817918162 0
4.67949902789928 -4.094760980396294 0
4.71946630513247 -4.069986583543 0
3.103183807323667 -4.740580378708899 0
4.23856280803448 -4.445655079067611 0
3.496925193630568 -4.429941784709738 0
3.636930098406976 -4.077996640051332 0
4.164657594193454 -5.67401858408807 0
1.132591128492184 -4.880976519897208 0
3.124379526880085 -5.24066262761982 0
4.848603244638739 -4.284087600302225 0
4.676756802866979 -6.4148414401557 0
5.072350791243821 -4.975488579705522 0
5.046419139789748 -4.098900452411162 0
5.022369224171655 -4.402280402375332 0
4.736473550359238 -5.086398373433655 0
4.439420132130209 -4.111181633893376 0
4.018178413658234 -4.424065992207074 0
3.309585037916348 -4.027239171279211 0
3.387818382370215 -4.041098107524911 0
3.527442543611434 -4.046452873332556 0
3.176511008533319 -4.046103235433509 0
3.275835000563721 -4.037949432648794 0
3.077699304878679 -4.043484793933962 0
2.82953109689752 -4.050149776719179 0
2.656744346199058 -4.044260750286742 0
2.674165525998659 -4.092957314840165 0
2.605295983245062 -4.046125073419438 0
3.43181818827731 -4.037881090366567 0
2.207892148755161 -4.037908954770277 0
1.07744626930788 -4.147170380954484 0
2.020578292114171 -4.040903229070197 0
2.110028542560658 -4.041567272378352 0
2.124391276342804 -4.090846283932009 0
3.707037202032254 -4.042901658491003 0
1.880652237262994 -4.043874402825548 0
5.47262054362919 -5.296275440513353 0
1.654288035062831 -4.041653839152554 0
1.557494536600877 -4.041755508355691 0
3.806692396601968 -4.047494618131841 0
1.333641198434812 -4.042666165727118 0
1.343549089897595 -4.088053875171345 0
1.428100026861416 -4.039760461562228 0
5.296989689464151 -4.095878859696417 0
3.907029867411082 -4.047493444437581 0
3.962503702132637 -4.095691865627741 0
4.006727669000086 -4.037127680367166 0
0.3456298620386836 -4.259296880959583 0
1.234340464754987 -4.041438902749888 0
1.142950427514943 -4.041581955579605 0
5.048694556089241 -6.910272116329889 0
1.056356285788373 -4.045274670375889 0
2.785377194326812 -4.422348750120039 0
2.694444138913634 -4.440665089748659 0
4.066255433224403 -4.042499401477009 0
4.113778495528024 -4.043101481983339 0
0.9718592227233387 -4.04140514441605 0
0.8828020860603311 -4.04495497193547 0
0.8341092975193347 -4.04548119178329 0
2.340836386352542 -4.60856520516722 0
4.29728618243656 -4.048716567220648 0
4.28103303631859 -4.09923568209355 0
4.205188083319955 -4.043092713527034 0
4.395955489671481 -4.05181692214965 0
4.544840685591512 -4.047713201163163 0
3.166204993703897 -4.147064854800434 0
2.090183586495289 -5.858873188690484 0
2.816127662053787 -4.167715214575399 0
4.634750180735561 -4.040974141838141 0
4.756930002798019 -4.409870331007125 0
4.616478996741415 -4.399506033132287 0
0.6145133802515201 -4.040024310208477 0
0.5631593298754398 -4.042677073248412 0
4.991774743434403 -4.027187688895779 0
5.068146887517745 -4.047148995499618 0
5.224968798343239 -4.049068728390513 0
0.4555917042112663 -4.087507829257476 0
0.4603730961885538 -4.043824734420604 0
5.309083783755582 -4.029061991067843 0
5.369514506972175 -4.106008372049541 0
5.386024843112443 -4.048578381500376 0
5.427632745342425 -4.09843957672834 0
2.045454546477168 -4.083553606003202 0
3.375645524341958 -4.092573862195348 0
5.67622933873408 -4.091595330899421 0
5.626842627504931 -4.06901372121372 0
0.5159354488601058 -4.092966932218853 0
3.045604687141026 -4.671709541261208 0
4.693153080394703 -6.056083075827503 0
0.412871369398616 -4.044689269785094 0
5.620363815549005 -4.639551514301449 0
5.482636101980356 -4.05061073084011 0
5.598766072369737 -4.03844975563271 0
4.259736653640098 -5.426996989326453 0
4.370671043399662 -4.344934060930395 0
5.70509099302163 -4.044747204902088 0
0.3178217599094126 -4.045082457676882 0
3.901787014242982 -4.441502587255471 0
3.87927347896006 -5.54422527663128 0
2.53527444622042 -5.252419228992955 0
1.93471380566411 -5.681795597321114 0
3.274698392255725 -4.473921543323246 0
3.11834070584756 -4.093869737326131 0
3.02804285912757 -4.451849858795571 0
2.590707772151069 -4.381429071680225 0
2.514602930472289 -4.41436250133988 0
2.725988287204248 -4.55100792810956 0
1.389055438444257 -4.609243391041336 0
1.02749524907531 -4.518574030132299 0
2.734144222530019 -4.026310733161341 0
2.378725063803803 -4.360755691921469 0
2.226394006181085 -4.422985258656074 0
2.667583897278873 -4.361494683876695 0
3.934631043962115 -4.637836018496412 0
0.839459764343416 -4.384168904602213 0
0.809746757581386 -4.577800933515172 0
1.975356737223506 -4.043302495902996 0
1.89268076988186 -4.091526384116861 0
1.615977784089176 -4.089119685105252 0
2.678276691350743 -5.131650424433388 0
2.269560158288175 -5.269696221125226 0
1.562285603835604 -4.354045973166556 0
5.758453839793106 -4.048669277503603 0
3.503394704954727 -4.708401627850456 0
2.06585521553308 -5.116172349318747 0
3.556492000427328 -5.346402608464819 0
1.400916438066631 -5.231969017422649 0
4.073836723430122 -5.324988645537072 0
2.791334914462288 -5.039807216120423 0
1.881872226217085 -5.49340254800924 0
3.249090039894298 -6.094691859183728 0
0.2373863937309798 -4.029823410776316 0
0.2587702875503851 -4.095597418769711 0
3.783579640522442 -5.243743007801246 0
4.601345277571955 -4.949273769682181 0
5.00056798842038 -4.865257727007433 0
4.723094206052988 -4.91967518728751 0
4.861814417283111 -7.963914253915777 0
0.7387068927734514 -4.04034326530981 0
4.150668464198504 -4.085231675535351 0
5.639122863023982 -4.140922470757324 0
1.786770721559388 -4.04103841449054 0
0.7898781056550822 -4.090409982885966 0
0.1836400229399064 -4.119205220907001 0
1.883484956764334 -4.244149113545682 0
1.267395084972122 -4.96516636951705 0
2.805510747859866 -4.101833779807762 0
5.845627036707656 -4.104523186098421 0
0.1610475969044697 -4.049306776808192 0
4.445911337877731 -4.052983226716501 0
4.496549841166383 -4.108039907918911 0
5.120859109937948 -4.049581339251546 0
4.69216172422619 -5.75957948219308 0
0.6720093576254421 -4.360073642610665 0
0.4423581344379528 -4.298634780899533 0
3.731683540696899 -4.152065611509306 0
2.332791427219997 -4.479012711590659 0
1.454545444771505 -4.082065086926391 0
5.339395959797435 -4.950030584184717 0
3.171887369962423 -4.095762469259084 0
4.331326065599232 -4.102953837255781 0
5.628293624790446 -4.501502119761746 0
5.94995401980723 -4.049818586996965 0
5.858626655758282 -4.051324278561619 0
2.179749933657352 -4.086110034038653 0
2.149721969217208 -4.134830593441554 0
1.511173637060891 -4.039109772517265 0
2.075220555667854 -4.070518284363796 0
3.629144145340987 -4.027946287711728 0
4.954583829442518 -4.44251754657446 0
4.807653689967385 -4.222629735811309 0
3.96391547117722 -4.155405689071559 0
3.160202568587556 -4.187941252803087 0
1.677527221093902 -4.091918421277206 0
0.4152846875207002 -4.0787274809079 0
1.560521812730782 -4.086731295441744 0
0.7381991047841191 -4.081299388905238 0
4.593324891161097 -4.534976255169651 0
1.398035148541867 -4.086891300064663 0
4.634348355731617 -4.072574560676596 0
1.234483426159158 -4.084828022837907 0
1.673193898006213 -4.772945002304769 0
1.288205964298074 -4.08769882577758 0
2.788146045945369 -4.708157835442291 0
2.318910901625704 -4.099350159184992 0
5.164787805378011 -4.104320385534152 0
3.455728519940614 -4.877106393764688 0
3.850221423404147 -4.099405209799055 0
4.754050107353608 -4.082213050681889 0
1.794216834106726 -4.084823178181807 0
2.237354611240654 -4.026599325555065 0
4.522898852428559 -4.568210443202974 0
1.740678738406061 -4.038918885626487 0
1.742013514764087 -4.322069835110137 0
4.304555024648888 -4.530708111950007 0
1.301800979000348 -4.746398679970631 0
3.729441075906192 -6.927284091042385 0
4.805967118869496 -4.088351908683573 0
4.601404956375263 -4.085071879064852 0
4.860388774857744 -4.042512381179876 0
1.026967067421609 -4.62988417862647 0
5.630603517060099 -4.025027130525654 0
3.456291899883642 -4.081774581615721 0
2.511822857874409 -4.040907448965092 0
0.5994788400343511 -4.457407918168595 0
2.260745562768828 -5.467440109477331 0
5.012604350745026 -5.987900576076802 0
0.3192741087883777 -4.148564229504115 0
0.1190491389371002 -4.082746367244694 0
3.955435490916401 -4.493125326936293 0
4.426363823201693 -5.741923977579932 0
4.910479906867291 -4.041664704102753 0
4.124650949613073 -4.488203434410414 0
4.690599888310754 -4.342436136641024 0
4.031765125287694 -4.083045770212395 0
3.445640517008457 -4.208179337737216 0
4.025820639692281 -4.198998123297352 0
3.244119152745171 -4.592613953397694 0
2.435871346515067 -4.139288759305576 0
4.274596767655542 -4.139417198802501 0
1.842434549224311 -4.0883477333307 0
2.930739649124492 -5.132780518344556 0
2.425459458621962 -4.454185369058443 0
1.063940647079867 -4.081352193190908 0
5.800108078401582 -4.63571117360827 0
2.242016159001463 -5.088298907616698 0
2.984293679182781 -4.576584323781149 0
2.124378634575426 -4.182548331786867 0
0.7633599922736521 -4.441118575527369 0
5.910483879806127 -4.121330404072626 0
1.709389138342469 -4.068511848590575 0
3.194669188706645 -4.723023810913377 0
4.721987989626868 -4.039697881649271 0
5.463341855896108 -7.524475516387813 0
5.029457246801071 -4.143306284238393 0
1.148120930152986 -4.073164237516428 0
5.467778002123925 -4.087941852617697 0
0.4649914397996743 -4.433371403202474 0
2.560065612699554 -4.093321715079664 0
0.8992093541566453 -4.094119887213704 0
1.47825171727672 -4.067054112003358 0
4.765687347574901 -4.040168673016928 0
4.385485779657568 -4.456118970433007 0
5.656469490865005 -4.214276074472751 0
1.271914440434873 -4.296525453657857 0
0.07124983387217977 -4.037178933863151 0
0.6943644841718969 -4.039834716980518 0
2.384279814884869 -4.042316413902588 0
1.944497095085256 -4.092839014668423 0
0.3165999927821185 -4.081668765960254 0
2.85342761423418 -4.215586532708538 0
2.262051100412174 -4.48244346355149 0
2.336389809968208 -4.043149263639044 0
5.804835056671024 -4.087530433918248 0
2.133813926509741 -4.647612350636847 0
5.392088584265815 -5.572890786615691 0
2.998879784661801 -4.029591957947277 0
3.424069128614943 -4.069829117325051 0
3.34900395397308 -4.924516103929268 0
5.12063170057473 -5.67971709472386 0
2.902403147887155 -4.04110939873777 0
3.705412891381791 -4.714781829539917 0
1.182900843461874 -4.079993008726013 0
4.189502445328401 -4.076228058684181 0
0.9216050841339549 -4.708886580264372 0
3.689075593974077 -4.090307275909971 0
1.765131045923443 -4.407725015529487 0
1.344914566388075 -4.138198349107701 0
1.342226239786217 -4.180111205910347 0
2.076015101114145 -5.608976032886543 0
1.891599329727284 -4.152866300082977 0
5.466202380790572 -4.606411497742948 0
4.505562001159341 -4.172083677603325 0
3.789089490375171 -4.211822981172451 0
2.882066097852466 -4.084769245015682 0
1.562845329988501 -4.443073066513408 0
4.027043720360077 -4.574638880004801 0
1.621651664692924 -4.139167360186565 0
5.537725777791421 -10.51851138001008 0
4.462312709617444 -4.521826125234708 0
3.938656230400681 -7.602317354615605 0
4.912013626578295 -5.0549322582899 0
3.207186869060933 -4.222628920302477 0
0.8484925766886537 -4.152606163821517 0
1.37883085869899 -4.310619356076471 0
1.121731130154559 -4.241425698630301 0
3.458391518361206 -6.304214805178281 0
1.457876638194968 -5.109156841497208 0
0.9795232155897216 -4.074776582157186 0
3.504905220080341 -4.097087798984026 0
4.912805068536279 -4.088927194999928 0
1.728442721536396 -5.515242093697418 0
4.805128867321702 -4.144981613488752 0
2.627208328756655 -4.444496214142506 0
4.813699290041002 -4.338746961363688 0
0.625517224634715 -4.073745895231982 0
3.584325518209683 -4.474945588492385 0
1.820574450364913 -4.289141296270214 0
5.53998484498993 -4.159110097238418 0
2.469560705459874 -4.038734558390226 0
5.374143269874336 -4.179159794768473 0
2.804660604647447 -4.625259762918547 0
2.621805390361822 -4.152937605406914 0
2.606330593111456 -4.618376241240517 0
$EndNodes
$Elements
80 11082 1 11082
1 1 1 1
1 1 2 
1 2 1 1
2 2 3 
1 3 1 1
3 3 4 
1 4 1 1
4 4 5 
1 5 1 1
5 5 6 
1 6 1 1
6 6 7 
1 7 1 1
7 7 8 
1 8 1 1
8 8 9 
1 9 1 1
9 9 10 
1 10 1 1
10 10 11 
1 11 1 1
11 11 12 
1 12 1 1
12 12 13 
1 13 1 1
13 13 14 
1 14 1 1
14 14 15 
1 15 1 1
15 15 16 
1 16 1 1
16 16 17 
1 17 1 1
17 17 18 
1 18 1 1
18 18 19 
1 19 1 1
19 19 20 
1 20 1 1
20 20 21 
1 21 1 1
21 21 22 
1 22 1 1
22 22 23 
1 23 1 1
23 23 24 
1 24 1 1
24 24 25 
1 25 1 1
25 25 26 
1 26 1 1
26 26 27 
1 27 1 1
27 27 28 
1 28 1 1
28 28 29 
1 29 1 1
29 29 30 
1 30 1 1
30 30 31 
1 31 1 1
31 31 32 
1 32 1 1
32 32 33 
1 33 1 1
33 33 34 
1 34 1 1
34 34 35 
1 35 1 1
35 35 36 
1 36 1 1
36 36 37 
1 37 1 1
37 37 38 
1 38 1 1
38 38 39 
1 39 1 1
39 39 40 
1 40 1 1
40 40 41 
1 41 1 1
41 41 42 
1 42 1 1
42 42 43 
1 43 1 1
43 43 44 
1 44 1 1
44 44 45 
1 45 1 1
45 45 46 
1 46 1 1
46 46 47 
1 47 1 1
47 47 48 
1 48 1 1
48 48 49 
1 49 1 1
49 49 50 
1 50 1 1
50 50 51 
1 51 1 1
51 51 52 
1 52 1 1
52 52 53 
1 53 1 1
53 53 54 
1 54 1 1
54 54 55 
1 55 1 1
55 55 56 
1 56 1 1
56 56 57 
1 57 1 1
57 57 58 
1 58 1 1
58 58 59 
1 59 1 1
59 59 60 
1 60 1 1
60 60 61 
1 61 1 1
61 61 62 
1 62 1 1
62 62 63 
1 63 1 1
63 63 64 
1 64 1 1
64 64 65 
1 65 1 1
65 65 66 
1 66 1 1
66 66 1 
1 203 1 9
67 67 168 
68 168 169 
69 169 170 
70 170 171 
71 171 172 
72 172 173 
73 173 174 
74 174 175 
75 175 69 
1 204 1 9
76 68 176 
77 176 177 
78 177 178 
79 178 179 
80 179 180 
81 180 181 
82 181 182 
83 182 183 
84 183 69 
1 211 1 32
85 70 291 
86 291 292 
87 292 293 
88 293 294 
89 294 295 
90 295 296 
91 296 297 
92 297 298 
93 298 299 
94 299 300 
95 300 301 
96 301 302 
97 302 303 
98 303 304 
99 304 305 
100 305 306 
101 306 307 
102 307 308 
103 308 309 
104 309 310 
105 310 311 
106 311 312 
107 312 313 
108 313 314 
109 314 315 
110 315 316 
111 316 317 
112 317 318 
113 318 319 
114 319 320 
115 320 321 
116 321 72 
1 212 1 32
117 71 322 
118 322 323 
119 323 324 
120 324 325 
121 325 326 
122 326 327 
123 327 328 
124 328 329 
125 329 330 
126 330 331 
127 331 332 
128 332 333 
129 333 334 
130 334 335 
131 335 336 
132 336 337 
133 337 338 
134 338 339 
135 339 340 
136 340 341 
137 341 342 
138 342 343 
139 343 344 
140 344 345 
141 345 346 
142 346 347 
143 347 348 
144 348 349 
145 349 350 
146 350 351 
147 351 352 
148 352 72 
1 230 1 15
149 70 615 
150 615 616 
151 616 617 
152 617 618 
153 618 619 
154 619 620 
155 620 621 
156 621 622 
157 622 623 
158 623 624 
159 624 625 
160 625 626 
161 626 627 
162 627 628 
163 628 73 
1 231 1 15
164 71 629 
165 629 630 
166 630 631 
167 631 632 
168 632 633 
169 633 634 
170 634 635 
171 635 636 
172 636 637 
173 637 638 
174 638 639 
175 639 640 
176 640 641 
177 641 642 
178 642 74 
1 232 1 25
179 67 643 
180 643 644 
181 644 645 
182 645 646 
183 646 647 
184 647 648 
185 648 649 
186 649 650 
187 650 651 
188 651 652 
189 652 653 
190 653 654 
191 654 655 
192 655 656 
193 656 657 
194 657 658 
195 658 659 
196 659 660 
197 660 661 
198 661 662 
199 662 663 
200 663 664 
201 664 665 
202 665 666 
203 666 73 
1 233 1 25
204 68 667 
205 667 668 
206 668 669 
207 669 670 
208 670 671 
209 671 672 
210 672 673 
211 673 674 
212 674 675 
213 675 676 
214 676 677 
215 677 678 
216 678 679 
217 679 680 
218 680 681 
219 681 682 
220 682 683 
221 683 684 
222 684 685 
223 685 686 
224 686 687 
225 687 688 
226 688 689 
227 689 690 
228 690 74 
2 1 3 288
229 69 175 691 105 
230 175 174 692 691 
231 174 173 693 692 
232 173 172 694 693 
233 172 171 695 694 
234 171 170 696 695 
235 170 169 697 696 
236 169 168 698 697 
237 168 67 106 698 
238 105 691 699 104 
239 691 692 700 699 
240 692 693 701 700 
241 693 694 702 701 
242 694 695 703 702 
243 695 696 704 703 
244 696 697 705 704 
245 697 698 706 705 
246 698 106 107 706 
247 104 699 707 103 
248 699 700 708 707 
249 700 701 709 708 
250 701 702 710 709 
251 702 703 711 710 
252 703 704 712 711 
253 704 705 713 712 
254 705 706 714 713 
255 706 107 108 714 
256 103 707 715 102 
257 707 708 716 715 
258 708 709 717 716 
259 709 710 718 717 
260 710 711 719 718 
261 711 712 720 719 
262 712 713 721 720 
263 713 714 722 721 
264 714 108 109 722 
265 102 715 723 101 
266 715 716 724 723 
267 716 717 725 724 
268 717 718 726 725 
269 718 719 727 726 
270 719 720 728 727 
271 720 721 729 728 
272 721 722 730 729 
273 722 109 110 730 
274 101 723 731 100 
275 723 724 732 731 
276 724 725 733 732 
277 725 726 734 733 
278 726 727 735 734 
279 727 728 736 735 
280 728 729 737 736 
281 729 730 738 737 
282 730 110 111 738 
283 100 731 739 99 
284 731 732 740 739 
285 732 733 741 740 
286 733 734 742 741 
287 734 735 743 742 
288 735 736 744 743 
289 736 737 745 744 
290 737 738 746 745 
291 738 111 112 746 
292 99 739 747 98 
293 739 740 748 747 
294 740 741 749 748 
295 741 742 750 749 
296 742 743 751 750 
297 743 744 752 751 
298 744 745 753 752 
299 745 746 754 753 
300 746 112 113 754 
301 98 747 755 97 
302 747 748 756 755 
303 748 749 757 756 
304 749 750 758 757 
305 750 751 759 758 
306 751 752 760 759 
307 752 753 761 760 
308 753 754 762 761 
309 754 113 114 762 
310 97 755 763 96 
311 755 756 764 763 
312 756 757 765 764 
313 757 758 766 765 
314 758 759 767 766 
315 759 760 768 767 
316 760 761 769 768 
317 761 762 770 769 
318 762 114 115 770 
319 96 763 771 95 
320 763 764 772 771 
321 764 765 773 772 
322 765 766 774 773 
323 766 767 775 774 
324 767 768 776 775 
325 768 769 777 776 
326 769 770 778 777 
327 770 115 116 778 
328 95 771 779 94 
329 771 772 780 779 
330 772 773 781 780 
331 773 774 782 781 
332 774 775 783 782 
333 775 776 784 783 
334 776 777 785 784 
335 777 778 786 785 
336 778 116 117 786 
337 94 779 787 93 
338 779 780 788 787 
339 780 781 789 788 
340 781 782 790 789 
341 782 783 791 790 
342 783 784 792 791 
343 784 785 793 792 
344 785 786 794 793 
345 786 117 118 794 
346 93 787 795 92 
347 787 788 796 795 
348 788 789 797 796 
349 789 790 798 797 
350 790 791 799 798 
351 791 792 800 799 
352 792 793 801 800 
353 793 794 802 801 
354 794 118 119 802 
355 92 795 803 91 
356 795 796 804 803 
357 796 797 805 804 
358 797 798 806 805 
359 798 799 807 806 
360 799 800 808 807 
361 800 801 809 808 
362 801 802 810 809 
363 802 119 120 810 
364 91 803 811 90 
365 803 804 812 811 
366 804 805 813 812 
367 805 806 814 813 
368 806 807 815 814 
369 807 808 816 815 
370 808 809 817 816 
371 809 810 818 817 
372 810 120 121 818 
373 90 811 819 89 
374 811 812 820 819 
375 812 813 821 820 
376 813 814 822 821 
377 814 815 823 822 
378 815 816 824 823 
379 816 817 825 824 
380 817 818 826 825 
381 818 121 122 826 
382 89 819 827 88 
383 819 820 828 827 
384 820 821 829 828 
385 821 822 830 829 
386 822 823 831 830 
387 823 824 832 831 
388 824 825 833 832 
389 825 826 834 833 
390 826 122 123 834 
391 88 827 835 87 
392 827 828 836 835 
393 828 829 837 836 
394 829 830 838 837 
395 830 831 839 838 
396 831 832 840 839 
397 832 833 841 840 
398 833 834 842 841 
399 834 123 124 842 
400 87 835 843 86 
401 835 836 844 843 
402 836 837 845 844 
403 837 838 846 845 
404 838 839 847 846 
405 839 840 848 847 
406 840 841 849 848 
407 841 842 850 849 
408 842 124 125 850 
409 86 843 851 85 
410 843 844 852 851 
411 844 845 853 852 
412 845 846 854 853 
413 846 847 855 854 
414 847 848 856 855 
415 848 849 857 856 
416 849 850 858 857 
417 850 125 126 858 
418 85 851 859 84 
419 851 852 860 859 
420 852 853 861 860 
421 853 854 862 861 
422 854 855 863 862 
423 855 856 864 863 
424 856 857 865 864 
425 857 858 866 865 
426 858 126 127 866 
427 84 859 867 83 
428 859 860 868 867 
429 860 861 869 868 
430 861 862 870 869 
431 862 863 871 870 
432 863 864 872 871 
433 864 865 873 872 
434 865 866 874 873 
435 866 127 128 874 
436 83 867 875 82 
437 867 868 876 875 
438 868 869 877 876 
439 869 870 878 877 
440 870 871 879 878 
441 871 872 880 879 
442 872 873 881 880 
443 873 874 882 881 
444 874 128 129 882 
445 82 875 883 81 
446 875 876 884 883 
447 876 877 885 884 
448 877 878 886 885 
449 878 879 887 886 
450 879 880 888 887 
451 880 881 889 888 
452 881 882 890 889 
453 882 129 130 890 
454 81 883 891 80 
455 883 884 892 891 
456 884 885 893 892 
457 885 886 894 893 
458 886 887 895 894 
459 887 888 896 895 
460 888 889 897 896 
461 889 890 898 897 
462 890 130 131 898 
463 80 891 899 79 
464 891 892 900 899 
465 892 893 901 900 
466 893 894 902 901 
467 894 895 903 902 
468 895 896 904 903 
469 896 897 905 904 
470 897 898 906 905 
471 898 131 132 906 
472 79 899 907 78 
473 899 900 908 907 
474 900 901 909 908 
475 901 902 910 909 
476 902 903 911 910 
477 903 904 912 911 
478 904 905 913 912 
479 905 906 914 913 
480 906 132 133 914 
481 78 907 915 77 
482 907 908 916 915 
483 908 909 917 916 
484 909 910 918 917 
485 910 911 919 918 
486 911 912 920 919 
487 912 913 921 920 
488 913 914 922 921 
489 914 133 134 922 
490 77 915 923 76 
491 915 916 924 923 
492 916 917 925 924 
493 917 918 926 925 
494 918 919 927 926 
495 919 920 928 927 
496 920 921 929 928 
497 921 922 930 929 
498 922 134 135 930 
499 76 923 931 75 
500 923 924 932 931 
501 924 925 933 932 
502 925 926 934 933 
503 926 927 935 934 
504 927 928 936 935 
505 928 929 937 936 
506 929 930 938 937 
507 930 135 136 938 
508 75 931 33 34 
509 931 932 32 33 
510 932 933 31 32 
511 933 934 30 31 
512 934 935 29 30 
513 935 936 28 29 
514 936 937 27 28 
515 937 938 26 27 
516 938 136 25 26 
2 2 3 288
517 69 105 939 183 
518 105 104 940 939 
519 104 103 941 940 
520 103 102 942 941 
521 102 101 943 942 
522 101 100 944 943 
523 100 99 945 944 
524 99 98 946 945 
525 98 97 947 946 
526 97 96 948 947 
527 96 95 949 948 
528 95 94 950 949 
529 94 93 951 950 
530 93 92 952 951 
531 92 91 953 952 
532 91 90 954 953 
533 90 89 955 954 
534 89 88 956 955 
535 88 87 957 956 
536 87 86 958 957 
537 86 85 959 958 
538 85 84 960 959 
539 84 83 961 960 
540 83 82 962 961 
541 82 81 963 962 
542 81 80 964 963 
543 80 79 965 964 
544 79 78 966 965 
545 78 77 967 966 
546 77 76 968 967 
547 76 75 969 968 
548 75 34 35 969 
549 183 939 970 182 
550 939 940 971 970 
551 940 941 972 971 
552 941 942 973 972 
553 942 943 974 973 
554 943 944 975 974 
555 944 945 976 975 
556 945 946 977 976 
557 946 947 978 977 
558 947 948 979 978 
559 948 949 980 979 
560 949 950 981 980 
561 950 951 982 981 
562 951 952 983 982 
563 952 953 984 983 
564 953 954 985 984 
565 954 955 986 985 
566 955 956 987 986 
567 956 957 988 987 
568 957 958 989 988 
569 958 959 990 989 
570 959 960 991 990 
571 960 961 992 991 
572 961 962 993 992 
573 962 963 994 993 
574 963 964 995 994 
575 964 965 996 995 
576 965 966 997 996 
577 966 967 998 997 
578 967 968 999 998 
579 968 969 1000 999 
580 969 35 36 1000 
581 182 970 1001 181 
582 970 971 1002 1001 
583 971 972 1003 1002 
584 972 973 1004 1003 
585 973 974 1005 1004 
586 974 975 1006 1005 
587 975 976 1007 1006 
588 976 977 1008 1007 
589 977 978 1009 1008 
590 978 979 1010 1009 
591 979 980 1011 1010 
592 980 981 1012 1011 
593 981 982 1013 1012 
594 982 983 1014 1013 
595 983 984 1015 1014 
596 984 985 1016 1015 
597 985 986 1017 1016 
598 986 987 1018 1017 
599 987 988 1019 1018 
600 988 989 1020 1019 
601 989 990 1021 1020 
602 990 991 1022 1021 
603 991 992 1023 1022 
604 992 993 1024 1023 
605 993 994 1025 1024 
606 994 995 1026 1025 
607 995 996 1027 1026 
608 996 997 1028 1027 
609 997 998 1029 1028 
610 998 999 1030 1029 
611 999 1000 1031 1030 
612 1000 36 37 1031 
613 181 1001 1032 180 
614 1001 1002 1033 1032 
615 1002 1003 1034 1033 
616 1003 1004 1035 1034 
617 1004 1005 1036 1035 
618 1005 1006 1037 1036 
619 1006 1007 1038 1037 
620 1007 1008 1039 1038 
621 1008 1009 1040 1039 
622 1009 1010 1041 1040 
623 1010 1011 1042 1041 
624 1011 1012 1043 1042 
625 1012 1013 1044 1043 
626 1013 1014 1045 1044 
627 1014 1015 1046 1045 
628 1015 1016 1047 1046 
629 1016 1017 1048 1047 
630 1017 1018 1049 1048 
631 1018 1019 1050 1049 
632 1019 1020 1051 1050 
633 1020 1021 1052 1051 
634 1021 1022 1053 1052 
635 1022 1023 1054 1053 
636 1023 1024 1055 1054 
637 1024 1025 1056 1055 
638 1025 1026 1057 1056 
639 1026 1027 1058 1057 
640 1027 1028 1059 1058 
641 1028 1029 1060 1059 
642 1029 1030 1061 1060 
643 1030 1031 1062 1061 
644 1031 37 38 1062 
645 180 1032 1063 179 
646 1032 1033 1064 1063 
647 1033 1034 1065 1064 
648 1034 1035 1066 1065 
649 1035 1036 1067 1066 
650 1036 1037 1068 1067 
651 1037 1038 1069 1068 
652 1038 1039 1070 1069 
653 1039 1040 1071 1070 
654 1040 1041 1072 1071 
655 1041 1042 1073 1072 
656 1042 1043 1074 1073 
657 1043 1044 1075 1074 
658 1044 1045 1076 1075 
659 1045 1046 1077 1076 
660 1046 1047 1078 1077 
661 1047 1048 1079 1078 
662 1048 1049 1080 1079 
663 1049 1050 1081 1080 
664 1050 1051 1082 1081 
665 1051 1052 1083 1082 
666 1052 1053 1084 1083 
667 1053 1054 1085 1084 
668 1054 1055 1086 1085 
669 1055 1056 1087 1086 
670 1056 1057 1088 1087 
671 1057 1058 1089 1088 
672 1058 1059 1090 1089 
673 1059 1060 1091 1090 
674 1060 1061 1092 1091 
675 1061 1062 1093 1092 
676 1062 38 39 1093 
677 179 1063 1094 178 
678 1063 1064 1095 1094 
679 1064 1065 1096 1095 
680 1065 1066 1097 1096 
681 1066 1067 1098 1097 
682 1067 1068 1099 1098 
683 1068 1069 1100 1099 
684 1069 1070 1101 1100 
685 1070 1071 1102 1101 
686 1071 1072 1103 1102 
687 1072 1073 1104 1103 
688 1073 1074 1105 1104 
689 1074 1075 1106 1105 
690 1075 1076 1107 1106 
691 1076 1077 1108 1107 
692 1077 1078 1109 1108 
693 1078 1079 1110 1109 
694 1079 1080 1111 1110 
695 1080 1081 1112 1111 
696 1081 1082 1113 1112 
697 1082 1083 1114 1113 
698 1083 1084 1115 1114 
699 1084 1085 1116 1115 
700 1085 1086 1117 1116 
701 1086 1087 1118 1117 
702 1087 1088 1119 1118 
703 1088 1089 1120 1119 
704 1089 1090 1121 1120 
705 1090 1091 1122 1121 
706 1091 1092 1123 1122 
707 1092 1093 1124 1123 
708 1093 39 40 1124 
709 178 1094 1125 177 
710 1094 1095 1126 1125 
711 1095 1096 1127 1126 
712 1096 1097 1128 1127 
713 1097 1098 1129 1128 
714 1098 1099 1130 1129 
715 1099 1100 1131 1130 
716 1100 1101 1132 1131 
717 1101 1102 1133 1132 
718 1102 1103 1134 1133 
719 1103 1104 1135 1134 
720 1104 1105 1136 1135 
721 1105 1106 1137 1136 
722 1106 1107 1138 1137 
723 1107 1108 1139 1138 
724 1108 1109 1140 1139 
725 1109 1110 1141 1140 
726 1110 1111 1142 1141 
727 1111 1112 1143 1142 
728 1112 1113 1144 1143 
729 1113 1114 1145 1144 
730 1114 1115 1146 1145 
731 1115 1116 1147 1146 
732 1116 1117 1148 1147 
733 1117 1118 1149 1148 
734 1118 1119 1150 1149 
735 1119 1120 1151 1150 
736 1120 1121 1152 1151 
737 1121 1122 1153 1152 
738 1122 1123 1154 1153 
739 1123 1124 1155 1154 
740 1124 40 41 1155 
741 177 1125 1156 176 
742 1125 1126 1157 1156 
743 1126 1127 1158 1157 
744 1127 1128 1159 1158 
745 1128 1129 1160 1159 
746 1129 1130 1161 1160 
747 1130 1131 1162 1161 
748 1131 1132 1163 1162 
749 1132 1133 1164 1163 
750 1133 1134 1165 1164 
751 1134 1135 1166 1165 
752 1135 1136 1167 1166 
753 1136 1137 1168 1167 
754 1137 1138 1169 1168 
755 1138 1139 1170 1169 
756 1139 1140 1171 1170 
757 1140 1141 1172 1171 
758 1141 1142 1173 1172 
759 1142 1143 1174 1173 
760 1143 1144 1175 1174 
761 1144 1145 1176 1175 
762 1145 1146 1177 1176 
763 1146 1147 1178 1177 
764 1147 1148 1179 1178 
765 1148 1149 1180 1179 
766 1149 1150 1181 1180 
767 1150 1151 1182 1181 
768 1151 1152 1183 1182 
769 1152 1153 1184 1183 
770 1153 1154 1185 1184 
771 1154 1155 1186 1185 
772 1155 41 42 1186 
773 176 1156 137 68 
774 1156 1157 138 137 
775 1157 1158 139 138 
776 1158 1159 140 139 
777 1159 1160 141 140 
778 1160 1161 142 141 
779 1161 1162 143 142 
780 1162 1163 144 143 
781 1163 1164 145 144 
782 1164 1165 146 145 
783 1165 1166 147 146 
784 1166 1167 148 147 
785 1167 1168 149 148 
786 1168 1169 150 149 
787 1169 1170 151 150 
788 1170 1171 152 151 
789 1171 1172 153 152 
790 1172 1173 154 153 
791 1173 1174 155 154 
792 1174 1175 156 155 
793 1175 1176 157 156 
794 1176 1177 158 157 
795 1177 1178 159 158 
796 1178 1179 160 159 
797 1179 1180 161 160 
798 1180 1181 162 161 
799 1181 1182 163 162 
800 1182 1183 164 163 
801 1183 1184 165 164 
802 1184 1185 166 165 
803 1185 1186 167 166 
804 1186 42 43 167 
2 5 3 4224
805 67 353 1187 106 
806 353 354 1188 1187 
807 354 355 1189 1188 
808 355 356 1190 1189 
809 356 357 1191 1190 
810 357 358 1192 1191 
811 358 359 1193 1192 
812 359 360 1194 1193 
813 360 361 1195 1194 
814 361 362 1196 1195 
815 362 363 1197 1196 
816 363 364 1198 1197 
817 364 365 1199 1198 
818 365 366 1200 1199 
819 366 367 1201 1200 
820 367 368 1202 1201 
821 368 369 1203 1202 
822 369 370 1204 1203 
823 370 371 1205 1204 
824 371 372 1206 1205 
825 372 373 1207 1206 
826 373 374 1208 1207 
827 374 375 1209 1208 
828 375 376 1210 1209 
829 376 377 1211 1210 
830 377 378 1212 1211 
831 378 379 1213 1212 
832 379 380 1214 1213 
833 380 381 1215 1214 
834 381 382 1216 1215 
835 382 383 1217 1216 
836 383 384 1218 1217 
837 384 385 1219 1218 
838 385 386 1220 1219 
839 386 387 1221 1220 
840 387 388 1222 1221 
841 388 389 1223 1222 
842 389 390 1224 1223 
843 390 391 1225 1224 
844 391 392 1226 1225 
845 392 393 1227 1226 
846 393 394 1228 1227 
847 394 395 1229 1228 
848 395 396 1230 1229 
849 396 397 1231 1230 
850 397 398 1232 1231 
851 398 399 1233 1232 
852 399 400 1234 1233 
853 400 401 1235 1234 
854 401 402 1236 1235 
855 402 403 1237 1236 
856 403 404 1238 1237 
857 404 405 1239 1238 
858 405 406 1240 1239 
859 406 407 1241 1240 
860 407 408 1242 1241 
861 408 409 1243 1242 
862 409 410 1244 1243 
863 410 411 1245 1244 
864 411 412 1246 1245 
865 412 413 1247 1246 
866 413 414 1248 1247 
867 414 415 1249 1248 
868 415 416 1250 1249 
869 416 417 1251 1250 
870 417 418 1252 1251 
871 418 419 1253 1252 
872 419 420 1254 1253 
873 420 421 1255 1254 
874 421 422 1256 1255 
875 422 423 1257 1256 
876 423 424 1258 1257 
877 424 425 1259 1258 
878 425 426 1260 1259 
879 426 427 1261 1260 
880 427 428 1262 1261 
881 428 429 1263 1262 
882 429 430 1264 1263 
883 430 431 1265 1264 
884 431 432 1266 1265 
885 432 433 1267 1266 
886 433 434 1268 1267 
887 434 435 1269 1268 
888 435 436 1270 1269 
889 436 437 1271 1270 
890 437 438 1272 1271 
891 438 439 1273 1272 
892 439 440 1274 1273 
893 440 441 1275 1274 
894 441 442 1276 1275 
895 442 443 1277 1276 
896 443 444 1278 1277 
897 444 445 1279 1278 
898 445 446 1280 1279 
899 446 447 1281 1280 
900 447 448 1282 1281 
901 448 449 1283 1282 
902 449 450 1284 1283 
903 450 451 1285 1284 
904 451 452 1286 1285 
905 452 453 1287 1286 
906 453 454 1288 1287 
907 454 455 1289 1288 
908 455 456 1290 1289 
909 456 457 1291 1290 
910 457 458 1292 1291 
911 458 459 1293 1292 
912 459 460 1294 1293 
913 460 461 1295 1294 
914 461 462 1296 1295 
915 462 463 1297 1296 
916 463 464 1298 1297 
917 464 465 1299 1298 
918 465 466 1300 1299 
919 466 467 1301 1300 
920 467 468 1302 1301 
921 468 469 1303 1302 
922 469 470 1304 1303 
923 470 471 1305 1304 
924 471 472 1306 1305 
925 472 473 1307 1306 
926 473 474 1308 1307 
927 474 475 1309 1308 
928 475 476 1310 1309 
929 476 477 1311 1310 
930 477 478 1312 1311 
931 478 479 1313 1312 
932 479 480 1314 1313 
933 480 481 1315 1314 
934 481 482 1316 1315 
935 482 483 1317 1316 
936 483 70 291 1317 
937 106 1187 1318 107 
938 1187 1188 1319 1318 
939 1188 1189 1320 1319 
940 1189 1190 1321 1320 
941 1190 1191 1322 1321 
942 1191 1192 1323 1322 
943 1192 1193 1324 1323 
944 1193 1194 1325 1324 
945 1194 1195 1326 1325 
946 1195 1196 1327 1326 
947 1196 1197 1328 1327 
948 1197 1198 1329 1328 
949 1198 1199 1330 1329 
950 1199 1200 1331 1330 
951 1200 1201 1332 1331 
952 1201 1202 1333 1332 
953 1202 1203 1334 1333 
954 1203 1204 1335 1334 
955 1204 1205 1336 1335 
956 1205 1206 1337 1336 
957 1206 1207 1338 1337 
958 1207 1208 1339 1338 
959 1208 1209 1340 1339 
960 1209 1210 1341 1340 
961 1210 1211 1342 1341 
962 1211 1212 1343 1342 
963 1212 1213 1344 1343 
964 1213 1214 1345 1344 
965 1214 1215 1346 1345 
966 1215 1216 1347 1346 
967 1216 1217 1348 1347 
968 1217 1218 1349 1348 
969 1218 1219 1350 1349 
970 1219 1220 1351 1350 
971 1220 1221 1352 1351 
972 1221 1222 1353 1352 
973 1222 1223 1354 1353 
974 1223 1224 1355 1354 
975 1224 1225 1356 1355 
976 1225 1226 1357 1356 
977 1226 1227 1358 1357 
978 1227 1228 1359 1358 
979 1228 1229 1360 1359 
980 1229 1230 1361 1360 
981 1230 1231 1362 1361 
982 1231 1232 1363 1362 
983 1232 1233 1364 1363 
984 1233 1234 1365 1364 
985 1234 1235 1366 1365 
986 1235 1236 1367 1366 
987 1236 1237 1368 1367 
988 1237 1238 1369 1368 
989 1238 1239 1370 1369 
990 1239 1240 1371 1370 
991 1240 1241 1372 1371 
992 1241 1242 1373 1372 
993 1242 1243 1374 1373 
994 1243 1244 1375 1374 
995 1244 1245 1376 1375 
996 1245 1246 1377 1376 
997 1246 1247 1378 1377 
998 1247 1248 1379 1378 
999 1248 1249 1380 1379 
1000 1249 1250 1381 1380 
1001 1250 1251 1382 1381 
1002 1251 1252 1383 1382 
1003 1252 1253 1384 1383 
1004 1253 1254 1385 1384 
1005 1254 1255 1386 1385 
1006 1255 1256 1387 1386 
1007 1256 1257 1388 1387 
1008 1257 1258 1389 1388 
1009 1258 1259 1390 1389 
1010 1259 1260 1391 1390 
1011 1260 1261 1392 1391 
1012 1261 1262 1393 1392 
1013 1262 1263 1394 1393 
1014 1263 1264 1395 1394 
1015 1264 1265 1396 1395 
1016 1265 1266 1397 1396 
1017 1266 1267 1398 1397 
1018 1267 1268 1399 1398 
1019 1268 1269 1400 1399 
1020 1269 1270 1401 1400 
1021 1270 1271 1402 1401 
1022 1271 1272 1403 1402 
1023 1272 1273 1404 1403 
1024 1273 1274 1405 1404 
1025 1274 1275 1406 1405 
1026 1275 1276 1407 1406 
1027 1276 1277 1408 1407 
1028 1277 1278 1409 1408 
1029 1278 1279 1410 1409 
1030 1279 1280 1411 1410 
1031 1280 1281 1412 1411 
1032 1281 1282 1413 1412 
1033 1282 1283 1414 1413 
1034 1283 1284 1415 1414 
1035 1284 1285 1416 1415 
1036 1285 1286 1417 1416 
1037 1286 1287 1418 1417 
1038 1287 1288 1419 1418 
1039 1288 1289 1420 1419 
1040 1289 1290 1421 1420 
1041 1290 1291 1422 1421 
1042 1291 1292 1423 1422 
1043 1292 1293 1424 1423 
1044 1293 1294 1425 1424 
1045 1294 1295 1426 1425 
1046 1295 1296 1427 1426 
1047 1296 1297 1428 1427 
1048 1297 1298 1429 1428 
1049 1298 1299 1430 1429 
1050 1299 1300 1431 1430 
1051 1300 1301 1432 1431 
1052 1301 1302 1433 1432 
1053 1302 1303 1434 1433 
1054 1303 1304 1435 1434 
1055 1304 1305 1436 1435 
1056 1305 1306 1437 1436 
1057 1306 1307 1438 1437 
1058 1307 1308 1439 1438 
1059 1308 1309 1440 1439 
1060 1309 1310 1441 1440 
1061 1310 1311 1442 1441 
1062 1311 1312 1443 1442 
1063 1312 1313 1444 1443 
1064 1313 1314 1445 1444 
1065 1314 1315 1446 1445 
1066 1315 1316 1447 1446 
1067 1316 1317 1448 1447 
1068 1317 291 292 1448 
1069 107 1318 1449 108 
1070 1318 1319 1450 1449 
1071 1319 1320 1451 1450 
1072 1320 1321 1452 1451 
1073 1321 1322 1453 1452 
1074 1322 1323 1454 1453 
1075 1323 1324 1455 1454 
1076 1324 1325 1456 1455 
1077 1325 1326 1457 1456 
1078 1326 1327 1458 1457 
1079 1327 1328 1459 1458 
1080 1328 1329 1460 1459 
1081 1329 1330 1461 1460 
1082 1330 1331 1462 1461 
1083 1331 1332 1463 1462 
1084 1332 1333 1464 1463 
1085 1333 1334 1465 1464 
1086 1334 1335 1466 1465 
1087 1335 1336 1467 1466 
1088 1336 1337 1468 1467 
1089 1337 1338 1469 1468 
1090 1338 1339 1470 1469 
1091 1339 1340 1471 1470 
1092 1340 1341 1472 1471 
1093 1341 1342 1473 1472 
1094 1342 1343 1474 1473 
1095 1343 1344 1475 1474 
1096 1344 1345 1476 1475 
1097 1345 1346 1477 1476 
1098 1346 1347 1478 1477 
1099 1347 1348 1479 1478 
1100 1348 1349 1480 1479 
1101 1349 1350 1481 1480 
1102 1350 1351 1482 1481 
1103 1351 1352 1483 1482 
1104 1352 1353 1484 1483 
1105 1353 1354 1485 1484 
1106 1354 1355 1486 1485 
1107 1355 1356 1487 1486 
1108 1356 1357 1488 1487 
1109 1357 1358 1489 1488 
1110 1358 1359 1490 1489 
1111 1359 1360 1491 1490 
1112 1360 1361 1492 1491 
1113 1361 1362 1493 1492 
1114 1362 1363 1494 1493 
1115 1363 1364 1495 1494 
1116 1364 1365 1496 1495 
1117 1365 1366 1497 1496 
1118 1366 1367 1498 1497 
1119 1367 1368 1499 1498 
1120 1368 1369 1500 1499 
1121 1369 1370 1501 1500 
1122 1370 1371 1502 1501 
1123 1371 1372 1503 1502 
1124 1372 1373 1504 1503 
1125 1373 1374 1505 1504 
1126 1374 1375 1506 1505 
1127 1375 1376 1507 1506 
1128 1376 1377 1508 1507 
1129 1377 1378 1509 1508 
1130 1378 1379 1510 1509 
1131 1379 1380 1511 1510 
1132 1380 1381 1512 1511 
1133 1381 1382 1513 1512 
1134 1382 1383 1514 1513 
1135 1383 1384 1515 1514 
1136 1384 1385 1516 1515 
1137 1385 1386 1517 1516 
1138 1386 1387 1518 1517 
1139 1387 1388 1519 1518 
1140 1388 1389 1520 1519 
1141 1389 1390 1521 1520 
1142 1390 1391 1522 1521 
1143 1391 1392 1523 1522 
1144 1392 1393 1524 1523 
1145 1393 1394 1525 1524 
1146 1394 1395 1526 1525 
1147 1395 1396 1527 1526 
1148 1396 1397 1528 1527 
1149 1397 1398 1529 1528 
1150 1398 1399 1530 1529 
1151 1399 1400 1531 1530 
1152 1400 1401 1532 1531 
1153 1401 1402 1533 1532 
1154 1402 1403 1534 1533 
1155 1403 1404 1535 1534 
1156 1404 1405 1536 1535 
1157 1405 1406 1537 1536 
1158 1406 1407 1538 1537 
1159 1407 1408 1539 1538 
1160 1408 1409 1540 1539 
1161 1409 1410 1541 1540 
1162 1410 1411 1542 1541 
1163 1411 1412 1543 1542 
1164 1412 1413 1544 1543 
1165 1413 1414 1545 1544 
1166 1414 1415 1546 1545 
1167 1415 1416 1547 1546 
1168 1416 1417 1548 1547 
1169 1417 1418 1549 1548 
1170 1418 1419 1550 1549 
1171 1419 1420 1551 1550 
1172 1420 1421 1552 1551 
1173 1421 1422 1553 1552 
1174 1422 1423 1554 1553 
1175 1423 1424 1555 1554 
1176 1424 1425 1556 1555 
1177 1425 1426 1557 1556 
1178 1426 1427 1558 1557 
1179 1427 1428 1559 1558 
1180 1428 1429 1560 1559 
1181 1429 1430 1561 1560 
1182 1430 1431 1562 1561 
1183 1431 1432 1563 1562 
1184 1432 1433 1564 1563 
1185 1433 1434 1565 1564 
1186 1434 1435 1566 1565 
1187 1435 1436 1567 1566 
1188 1436 1437 1568 1567 
1189 1437 1438 1569 1568 
1190 1438 1439 1570 1569 
1191 1439 1440 1571 1570 
1192 1440 1441 1572 1571 
1193 1441 1442 1573 1572 
1194 1442 1443 1574 1573 
1195 1443 1444 1575 1574 
1196 1444 1445 1576 1575 
1197 1445 1446 1577 1576 
1198 1446 1447 1578 1577 
1199 1447 1448 1579 1578 
1200 1448 292 293 1579 
1201 108 1449 1580 109 
1202 1449 1450 1581 1580 
1203 1450 1451 1582 1581 
1204 1451 1452 1583 1582 
1205 1452 1453 1584 1583 
1206 1453 1454 1585 1584 
1207 1454 1455 1586 1585 
1208 1455 1456 1587 1586 
1209 1456 1457 1588 1587 
1210 1457 1458 1589 1588 
1211 1458 1459 1590 1589 
1212 1459 1460 1591 1590 
1213 1460 1461 1592 1591 
1214 1461 1462 1593 1592 
1215 1462 1463 1594 1593 
1216 1463 1464 1595 1594 
1217 1464 1465 1596 1595 
1218 1465 1466 1597 1596 
1219 1466 1467 1598 1597 
1220 1467 1468 1599 1598 
1221 1468 1469 1600 1599 
1222 1469 1470 1601 1600 
1223 1470 1471 1602 1601 
1224 1471 1472 1603 1602 
1225 1472 1473 1604 1603 
1226 1473 1474 1605 1604 
1227 1474 1475 1606 1605 
1228 1475 1476 1607 1606 
1229 1476 1477 1608 1607 
1230 1477 1478 1609 1608 
1231 1478 1479 1610 1609 
1232 1479 1480 1611 1610 
1233 1480 1481 1612 1611 
1234 1481 1482 1613 1612 
1235 1482 1483 1614 1613 
1236 1483 1484 1615 1614 
1237 1484 1485 1616 1615 
1238 1485 1486 1617 1616 
1239 1486 1487 1618 1617 
1240 1487 1488 1619 1618 
1241 1488 1489 1620 1619 
1242 1489 1490 1621 1620 
1243 1490 1491 1622 1621 
1244 1491 1492 1623 1622 
1245 1492 1493 1624 1623 
1246 1493 1494 1625 1624 
1247 1494 1495 1626 1625 
1248 1495 1496 1627 1626 
1249 1496 1497 1628 1627 
1250 1497 1498 1629 1628 
1251 1498 1499 1630 1629 
1252 1499 1500 1631 1630 
1253 1500 1501 1632 1631 
1254 1501 1502 1633 1632 
1255 1502 1503 1634 1633 
1256 1503 1504 1635 1634 
1257 1504 1505 1636 1635 
1258 1505 1506 1637 1636 
1259 1506 1507 1638 1637 
1260 1507 1508 1639 1638 
1261 1508 1509 1640 1639 
1262 1509 1510 1641 1640 
1263 1510 1511 1642 1641 
1264 1511 1512 1643 1642 
1265 1512 1513 1644 1643 
1266 1513 1514 1645 1644 
1267 1514 1515 1646 1645 
1268 1515 1516 1647 1646 
1269 1516 1517 1648 1647 
1270 1517 1518 1649 1648 
1271 1518 1519 1650 1649 
1272 1519 1520 1651 1650 
1273 1520 1521 1652 1651 
1274 1521 1522 1653 1652 
1275 1522 1523 1654 1653 
1276 1523 1524 1655 1654 
1277 1524 1525 1656 1655 
1278 1525 1526 1657 1656 
1279 1526 1527 1658 1657 
1280 1527 1528 1659 1658 
1281 1528 1529 1660 1659 
1282 1529 1530 1661 1660 
1283 1530 1531 1662 1661 
1284 1531 1532 1663 1662 
1285 1532 1533 1664 1663 
1286 1533 1534 1665 1664 
1287 1534 1535 1666 1665 
1288 1535 1536 1667 1666 
1289 1536 1537 1668 1667 
1290 1537 1538 1669 1668 
1291 1538 1539 1670 1669 
1292 1539 1540 1671 1670 
1293 1540 1541 1672 1671 
1294 1541 1542 1673 1672 
1295 1542 1543 1674 1673 
1296 1543 1544 1675 1674 
1297 1544 1545 1676 1675 
1298 1545 1546 1677 1676 
1299 1546 1547 1678 1677 
1300 1547 1548 1679 1678 
1301 1548 1549 1680 1679 
1302 1549 1550 1681 1680 
1303 1550 1551 1682 1681 
1304 1551 1552 1683 1682 
1305 1552 1553 1684 1683 
1306 1553 1554 1685 1684 
1307 1554 1555 1686 1685 
1308 1555 1556 1687 1686 
1309 1556 1557 1688 1687 
1310 1557 1558 1689 1688 
1311 1558 1559 1690 1689 
1312 1559 1560 1691 1690 
1313 1560 1561 1692 1691 
1314 1561 1562 1693 1692 
1315 1562 1563 1694 1693 
1316 1563 1564 1695 1694 
1317 1564 1565 1696 1695 
1318 1565 1566 1697 1696 
1319 1566 1567 1698 1697 
1320 1567 1568 1699 1698 
1321 1568 1569 1700 1699 
1322 1569 1570 1701 1700 
1323 1570 1571 1702 1701 
1324 1571 1572 1703 1702 
1325 1572 1573 1704 1703 
1326 1573 1574 1705 1704 
1327 1574 1575 1706 1705 
1328 1575 1576 1707 1706 
1329 1576 1577 1708 1707 
1330 1577 1578 1709 1708 
1331 1578 1579 1710 1709 
1332 1579 293 294 1710 
1333 109 1580 1711 110 
1334 1580 1581 1712 1711 
1335 1581 1582 1713 1712 
1336 1582 1583 1714 1713 
1337 1583 1584 1715 1714 
1338 1584 1585 1716 1715 
1339 1585 1586 1717 1716 
1340 1586 1587 1718 1717 
1341 1587 1588 1719 1718 
1342 1588 1589 1720 1719 
1343 1589 1590 1721 1720 
1344 1590 1591 1722 1721 
1345 1591 1592 1723 1722 
1346 1592 1593 1724 1723 
1347 1593 1594 1725 1724 
1348 1594 1595 1726 1725 
1349 1595 1596 1727 1726 
1350 1596 1597 1728 1727 
1351 1597 1598 1729 1728 
1352 1598 1599 1730 1729 
1353 1599 1600 1731 1730 
1354 1600 1601 1732 1731 
1355 1601 1602 1733 1732 
1356 1602 1603 1734 1733 
1357 1603 1604 1735 1734 
1358 1604 1605 1736 1735 
1359 1605 1606 1737 1736 
1360 1606 1607 1738 1737 
1361 1607 1608 1739 1738 
1362 1608 1609 1740 1739 
1363 1609 1610 1741 1740 
1364 1610 1611 1742 1741 
1365 1611 1612 1743 1742 
1366 1612 1613 1744 1743 
1367 1613 1614 1745 1744 
1368 1614 1615 1746 1745 
1369 1615 1616 1747 1746 
1370 1616 1617 1748 1747 
1371 1617 1618 1749 1748 
1372 1618 1619 1750 1749 
1373 1619 1620 1751 1750 
1374 1620 1621 1752 1751 
1375 1621 1622 1753 1752 
1376 1622 1623 1754 1753 
1377 1623 1624 1755 1754 
1378 1624 1625 1756 1755 
1379 1625 1626 1757 1756 
1380 1626 1627 1758 1757 
1381 1627 1628 1759 1758 
1382 1628 1629 1760 1759 
1383 1629 1630 1761 1760 
1384 1630 1631 1762 1761 
1385 1631 1632 1763 1762 
1386 1632 1633 1764 1763 
1387 1633 1634 1765 1764 
1388 1634 1635 1766 1765 
1389 1635 1636 1767 1766 
1390 1636 1637 1768 1767 
1391 1637 1638 1769 1768 
1392 1638 1639 1770 1769 
1393 1639 1640 1771 1770 
1394 1640 1641 1772 1771 
1395 1641 1642 1773 1772 
1396 1642 1643 1774 1773 
1397 1643 1644 1775 1774 
1398 1644 1645 1776 1775 
1399 1645 1646 1777 1776 
1400 1646 1647 1778 1777 
1401 1647 1648 1779 1778 
1402 1648 1649 1780 1779 
1403 1649 1650 1781 1780 
1404 1650 1651 1782 1781 
1405 1651 1652 1783 1782 
1406 1652 1653 1784 1783 
1407 1653 1654 1785 1784 
1408 1654 1655 1786 1785 
1409 1655 1656 1787 1786 
1410 1656 1657 1788 1787 
1411 1657 1658 1789 1788 
1412 1658 1659 1790 1789 
1413 1659 1660 1791 1790 
1414 1660 1661 1792 1791 
1415 1661 1662 1793 1792 
1416 1662 1663 1794 1793 
1417 1663 1664 1795 1794 
1418 1664 1665 1796 1795 
1419 1665 1666 1797 1796 
1420 1666 1667 1798 1797 
1421 1667 1668 1799 1798 
1422 1668 1669 1800 1799 
1423 1669 1670 1801 1800 
1424 1670 1671 1802 1801 
1425 1671 1672 1803 1802 
1426 1672 1673 1804 1803 
1427 1673 1674 1805 1804 
1428 1674 1675 1806 1805 
1429 1675 1676 1807 1806 
1430 1676 1677 1808 1807 
1431 1677 1678 1809 1808 
1432 1678 1679 1810 1809 
1433 1679 1680 1811 1810 
1434 1680 1681 1812 1811 
1435 1681 1682 1813 1812 
1436 1682 1683 1814 1813 
1437 1683 1684 1815 1814 
1438 1684 1685 1816 1815 
1439 1685 1686 1817 1816 
1440 1686 1687 1818 1817 
1441 1687 1688 1819 1818 
1442 1688 1689 1820 1819 
1443 1689 1690 1821 1820 
1444 1690 1691 1822 1821 
1445 1691 1692 1823 1822 
1446 1692 1693 1824 1823 
1447 1693 1694 1825 1824 
1448 1694 1695 1826 1825 
1449 1695 1696 1827 1826 
1450 1696 1697 1828 1827 
1451 1697 1698 1829 1828 
1452 1698 1699 1830 1829 
1453 1699 1700 1831 1830 
1454 1700 1701 1832 1831 
1455 1701 1702 1833 1832 
1456 1702 1703 1834 1833 
1457 1703 1704 1835 1834 
1458 1704 1705 1836 1835 
1459 1705 1706 1837 1836 
1460 1706 1707 1838 1837 
1461 1707 1708 1839 1838 
1462 1708 1709 1840 1839 
1463 1709 1710 1841 1840 
1464 1710 294 295 1841 
1465 110 1711 1842 111 
1466 1711 1712 1843 1842 
1467 1712 1713 1844 1843 
1468 1713 1714 1845 1844 
1469 1714 1715 1846 1845 
1470 1715 1716 1847 1846 
1471 1716 1717 1848 1847 
1472 1717 1718 1849 1848 
1473 1718 1719 1850 1849 
1474 1719 1720 1851 1850 
1475 1720 1721 1852 1851 
1476 1721 1722 1853 1852 
1477 1722 1723 1854 1853 
1478 1723 1724 1855 1854 
1479 1724 1725 1856 1855 
1480 1725 1726 1857 1856 
1481 1726 1727 1858 1857 
1482 1727 1728 1859 1858 
1483 1728 1729 1860 1859 
1484 1729 1730 1861 1860 
1485 1730 1731 1862 1861 
1486 1731 1732 1863 1862 
1487 1732 1733 1864 1863 
1488 1733 1734 1865 1864 
1489 1734 1735 1866 1865 
1490 1735 1736 1867 1866 
1491 1736 1737 1868 1867 
1492 1737 1738 1869 1868 
1493 1738 1739 1870 1869 
1494 1739 1740 1871 1870 
1495 1740 1741 1872 1871 
1496 1741 1742 1873 1872 
1497 1742 1743 1874 1873 
1498 1743 1744 1875 1874 
1499 1744 1745 1876 1875 
1500 1745 1746 1877 1876 
1501 1746 1747 1878 1877 
1502 1747 1748 1879 1878 
1503 1748 1749 1880 1879 
1504 1749 1750 1881 1880 
1505 1750 1751 1882 1881 
1506 1751 1752 1883 1882 
1507 1752 1753 1884 1883 
1508 1753 1754 1885 1884 
1509 1754 1755 1886 1885 
1510 1755 1756 1887 1886 
1511 1756 1757 1888 1887 
1512 1757 1758 1889 1888 
1513 1758 1759 1890 1889 
1514 1759 1760 1891 1890 
1515 1760 1761 1892 1891 
1516 1761 1762 1893 1892 
1517 1762 1763 1894 1893 
1518 1763 1764 1895 1894 
1519 1764 1765 1896 1895 
1520 1765 1766 1897 1896 
1521 1766 1767 1898 1897 
1522 1767 1768 1899 1898 
1523 1768 1769 1900 1899 
1524 1769 1770 1901 1900 
1525 1770 1771 1902 1901 
1526 1771 1772 1903 1902 
1527 1772 1773 1904 1903 
1528 1773 1774 1905 1904 
1529 1774 1775 1906 1905 
1530 1775 1776 1907 1906 
1531 1776 1777 1908 1907 
1532 1777 1778 1909 1908 
1533 1778 1779 1910 1909 
1534 1779 1780 1911 1910 
1535 1780 1781 1912 1911 
1536 1781 1782 1913 1912 
1537 1782 1783 1914 1913 
1538 1783 1784 1915 1914 
1539 1784 1785 1916 1915 
1540 1785 1786 1917 1916 
1541 1786 1787 1918 1917 
1542 1787 1788 1919 1918 
1543 1788 1789 1920 1919 
1544 1789 1790 1921 1920 
1545 1790 1791 1922 1921 
1546 1791 1792 1923 1922 
1547 1792 1793 1924 1923 
1548 1793 1794 1925 1924 
1549 1794 1795 1926 1925 
1550 1795 1796 1927 1926 
1551 1796 1797 1928 1927 
1552 1797 1798 1929 1928 
1553 1798 1799 1930 1929 
1554 1799 1800 1931 1930 
1555 1800 1801 1932 1931 
1556 1801 1802 1933 1932 
1557 1802 1803 1934 1933 
1558 1803 1804 1935 1934 
1559 1804 1805 1936 1935 
1560 1805 1806 1937 1936 
1561 1806 1807 1938 1937 
1562 1807 1808 1939 1938 
1563 1808 1809 1940 1939 
1564 1809 1810 1941 1940 
1565 1810 1811 1942 1941 
1566 1811 1812 1943 1942 
1567 1812 1813 1944 1943 
1568 1813 1814 1945 1944 
1569 1814 1815 1946 1945 
1570 1815 1816 1947 1946 
1571 1816 1817 1948 1947 
1572 1817 1818 1949 1948 
1573 1818 1819 1950 1949 
1574 1819 1820 1951 1950 
1575 1820 1821 1952 1951 
1576 1821 1822 1953 1952 
1577 1822 1823 1954 1953 
1578 1823 1824 1955 1954 
1579 1824 1825 1956 1955 
1580 1825 1826 1957 1956 
1581 1826 1827 1958 1957 
1582 1827 1828 1959 1958 
1583 1828 1829 1960 1959 
1584 1829 1830 1961 1960 
1585 1830 1831 1962 1961 
1586 1831 1832 1963 1962 
1587 1832 1833 1964 1963 
1588 1833 1834 1965 1964 
1589 1834 1835 1966 1965 
1590 1835 1836 1967 1966 
1591 1836 1837 1968 1967 
1592 1837 1838 1969 1968 
1593 1838 1839 1970 1969 
1594 1839 1840 1971 1970 
1595 1840 1841 1972 1971 
1596 1841 295 296 1972 
1597 111 1842 1973 112 
1598 1842 1843 1974 1973 
1599 1843 1844 1975 1974 
1600 1844 1845 1976 1975 
1601 1845 1846 1977 1976 
1602 1846 1847 1978 1977 
1603 1847 1848 1979 1978 
1604 1848 1849 1980 1979 
1605 1849 1850 1981 1980 
1606 1850 1851 1982 1981 
1607 1851 1852 1983 1982 
1608 1852 1853 1984 1983 
1609 1853 1854 1985 1984 
1610 1854 1855 1986 1985 
1611 1855 1856 1987 1986 
1612 1856 1857 1988 1987 
1613 1857 1858 1989 1988 
1614 1858 1859 1990 1989 
1615 1859 1860 1991 1990 
1616 1860 1861 1992 1991 
1617 1861 1862 1993 1992 
1618 1862 1863 1994 1993 
1619 1863 1864 1995 1994 
1620 1864 1865 1996 1995 
1621 1865 1866 1997 1996 
1622 1866 1867 1998 1997 
1623 1867 1868 1999 1998 
1624 1868 1869 2000 1999 
1625 1869 1870 2001 2000 
1626 1870 1871 2002 2001 
1627 1871 1872 2003 2002 
1628 1872 1873 2004 2003 
1629 1873 1874 2005 2004 
1630 1874 1875 2006 2005 
1631 1875 1876 2007 2006 
1632 1876 1877 2008 2007 
1633 1877 1878 2009 2008 
1634 1878 1879 2010 2009 
1635 1879 1880 2011 2010 
1636 1880 1881 2012 2011 
1637 1881 1882 2013 2012 
1638 1882 1883 2014 2013 
1639 1883 1884 2015 2014 
1640 1884 1885 2016 2015 
1641 1885 1886 2017 2016 
1642 1886 1887 2018 2017 
1643 1887 1888 2019 2018 
1644 1888 1889 2020 2019 
1645 1889 1890 2021 2020 
1646 1890 1891 2022 2021 
1647 1891 1892 2023 2022 
1648 1892 1893 2024 2023 
1649 1893 1894 2025 2024 
1650 1894 1895 2026 2025 
1651 1895 1896 2027 2026 
1652 1896 1897 2028 2027 
1653 1897 1898 2029 2028 
1654 1898 1899 2030 2029 
1655 1899 1900 2031 2030 
1656 1900 1901 2032 2031 
1657 1901 1902 2033 2032 
1658 1902 1903 2034 2033 
1659 1903 1904 2035 2034 
1660 1904 1905 2036 2035 
1661 1905 1906 2037 2036 
1662 1906 1907 2038 2037 
1663 1907 1908 2039 2038 
1664 1908 1909 2040 2039 
1665 1909 1910 2041 2040 
1666 1910 1911 2042 2041 
1667 1911 1912 2043 2042 
1668 1912 1913 2044 2043 
1669 1913 1914 2045 2044 
1670 1914 1915 2046 2045 
1671 1915 1916 2047 2046 
1672 1916 1917 2048 2047 
1673 1917 1918 2049 2048 
1674 1918 1919 2050 2049 
1675 1919 1920 2051 2050 
1676 1920 1921 2052 2051 
1677 1921 1922 2053 2052 
1678 1922 1923 2054 2053 
1679 1923 1924 2055 2054 
1680 1924 1925 2056 2055 
1681 1925 1926 2057 2056 
1682 1926 1927 2058 2057 
1683 1927 1928 2059 2058 
1684 1928 1929 2060 2059 
1685 1929 1930 2061 2060 
1686 1930 1931 2062 2061 
1687 1931 1932 2063 2062 
1688 1932 1933 2064 2063 
1689 1933 1934 2065 2064 
1690 1934 1935 2066 2065 
1691 1935 1936 2067 2066 
1692 1936 1937 2068 2067 
1693 1937 1938 2069 2068 
1694 1938 1939 2070 2069 
1695 1939 1940 2071 2070 
1696 1940 1941 2072 2071 
1697 1941 1942 2073 2072 
1698 1942 1943 2074 2073 
1699 1943 1944 2075 2074 
1700 1944 1945 2076 2075 
1701 1945 1946 2077 2076 
1702 1946 1947 2078 2077 
1703 1947 1948 2079 2078 
1704 1948 1949 2080 2079 
1705 1949 1950 2081 2080 
1706 1950 1951 2082 2081 
1707 1951 1952 2083 2082 
1708 1952 1953 2084 2083 
1709 1953 1954 2085 2084 
1710 1954 1955 2086 2085 
1711 1955 1956 2087 2086 
1712 1956 1957 2088 2087 
1713 1957 1958 2089 2088 
1714 1958 1959 2090 2089 
1715 1959 1960 2091 2090 
1716 1960 1961 2092 2091 
1717 1961 1962 2093 2092 
1718 1962 1963 2094 2093 
1719 1963 1964 2095 2094 
1720 1964 1965 2096 2095 
1721 1965 1966 2097 2096 
1722 1966 1967 2098 2097 
1723 1967 1968 2099 2098 
1724 1968 1969 2100 2099 
1725 1969 1970 2101 2100 
1726 1970 1971 2102 2101 
1727 1971 1972 2103 2102 
1728 1972 296 297 2103 
1729 112 1973 2104 113 
1730 1973 1974 2105 2104 
1731 1974 1975 2106 2105 
1732 1975 1976 2107 2106 
1733 1976 1977 2108 2107 
1734 1977 1978 2109 2108 
1735 1978 1979 2110 2109 
1736 1979 1980 2111 2110 
1737 1980 1981 2112 2111 
1738 1981 1982 2113 2112 
1739 1982 1983 2114 2113 
1740 1983 1984 2115 2114 
1741 1984 1985 2116 2115 
1742 1985 1986 2117 2116 
1743 1986 1987 2118 2117 
1744 1987 1988 2119 2118 
1745 1988 1989 2120 2119 
1746 1989 1990 2121 2120 
1747 1990 1991 2122 2121 
1748 1991 1992 2123 2122 
1749 1992 1993 2124 2123 
1750 1993 1994 2125 2124 
1751 1994 1995 2126 2125 
1752 1995 1996 2127 2126 
1753 1996 1997 2128 2127 
1754 1997 1998 2129 2128 
1755 1998 1999 2130 2129 
1756 1999 2000 2131 2130 
1757 2000 2001 2132 2131 
1758 2001 2002 2133 2132 
1759 2002 2003 2134 2133 
1760 2003 2004 2135 2134 
1761 2004 2005 2136 2135 
1762 2005 2006 2137 2136 
1763 2006 2007 2138 2137 
1764 2007 2008 2139 2138 
1765 2008 2009 2140 2139 
1766 2009 2010 2141 2140 
1767 2010 2011 2142 2141 
1768 2011 2012 2143 2142 
1769 2012 2013 2144 2143 
1770 2013 2014 2145 2144 
1771 2014 2015 2146 2145 
1772 2015 2016 2147 2146 
1773 2016 2017 2148 2147 
1774 2017 2018 2149 2148 
1775 2018 2019 2150 2149 
1776 2019 2020 2151 2150 
1777 2020 2021 2152 2151 
1778 2021 2022 2153 2152 
1779 2022 2023 2154 2153 
1780 2023 2024 2155 2154 
1781 2024 2025 2156 2155 
1782 2025 2026 2157 2156 
1783 2026 2027 2158 2157 
1784 2027 2028 2159 2158 
1785 2028 2029 2160 2159 
1786 2029 2030 2161 2160 
1787 2030 2031 2162 2161 
1788 2031 2032 2163 2162 
1789 2032 2033 2164 2163 
1790 2033 2034 2165 2164 
1791 2034 2035 2166 2165 
1792 2035 2036 2167 2166 
1793 2036 2037 2168 2167 
1794 2037 2038 2169 2168 
1795 2038 2039 2170 2169 
1796 2039 2040 2171 2170 
1797 2040 2041 2172 2171 
1798 2041 2042 2173 2172 
1799 2042 2043 2174 2173 
1800 2043 2044 2175 2174 
1801 2044 2045 2176 2175 
1802 2045 2046 2177 2176 
1803 2046 2047 2178 2177 
1804 2047 2048 2179 2178 
1805 2048 2049 2180 2179 
1806 2049 2050 2181 2180 
1807 2050 2051 2182 2181 
1808 2051 2052 2183 2182 
1809 2052 2053 2184 2183 
1810 2053 2054 2185 2184 
1811 2054 2055 2186 2185 
1812 2055 2056 2187 2186 
1813 2056 2057 2188 2187 
1814 2057 2058 2189 2188 
1815 2058 2059 2190 2189 
1816 2059 2060 2191 2190 
1817 2060 2061 2192 2191 
1818 2061 2062 2193 2192 
1819 2062 2063 2194 2193 
1820 2063 2064 2195 2194 
1821 2064 2065 2196 2195 
1822 2065 2066 2197 2196 
1823 2066 2067 2198 2197 
1824 2067 2068 2199 2198 
1825 2068 2069 2200 2199 
1826 2069 2070 2201 2200 
1827 2070 2071 2202 2201 
1828 2071 2072 2203 2202 
1829 2072 2073 2204 2203 
1830 2073 2074 2205 2204 
1831 2074 2075 2206 2205 
1832 2075 2076 2207 2206 
1833 2076 2077 2208 2207 
1834 2077 2078 2209 2208 
1835 2078 2079 2210 2209 
1836 2079 2080 2211 2210 
1837 2080 2081 2212 2211 
1838 2081 2082 2213 2212 
1839 2082 2083 2214 2213 
1840 2083 2084 2215 2214 
1841 2084 2085 2216 2215 
1842 2085 2086 2217 2216 
1843 2086 2087 2218 2217 
1844 2087 2088 2219 2218 
1845 2088 2089 2220 2219 
1846 2089 2090 2221 2220 
1847 2090 2091 2222 2221 
1848 2091 2092 2223 2222 
1849 2092 2093 2224 2223 
1850 2093 2094 2225 2224 
1851 2094 2095 2226 2225 
1852 2095 2096 2227 2226 
1853 2096 2097 2228 2227 
1854 2097 2098 2229 2228 
1855 2098 2099 2230 2229 
1856 2099 2100 2231 2230 
1857 2100 2101 2232 2231 
1858 2101 2102 2233 2232 
1859 2102 2103 2234 2233 
1860 2103 297 298 2234 
1861 113 2104 2235 114 
1862 2104 2105 2236 2235 
1863 2105 2106 2237 2236 
1864 2106 2107 2238 2237 
1865 2107 2108 2239 2238 
1866 2108 2109 2240 2239 
1867 2109 2110 2241 2240 
1868 2110 2111 2242 2241 
1869 2111 2112 2243 2242 
1870 2112 2113 2244 2243 
1871 2113 2114 2245 2244 
1872 2114 2115 2246 2245 
1873 2115 2116 2247 2246 
1874 2116 2117 2248 2247 
1875 2117 2118 2249 2248 
1876 2118 2119 2250 2249 
1877 2119 2120 2251 2250 
1878 2120 2121 2252 2251 
1879 2121 2122 2253 2252 
1880 2122 2123 2254 2253 
1881 2123 2124 2255 2254 
1882 2124 2125 2256 2255 
1883 2125 2126 2257 2256 
1884 2126 2127 2258 2257 
1885 2127 2128 2259 2258 
1886 2128 2129 2260 2259 
1887 2129 2130 2261 2260 
1888 2130 2131 2262 2261 
1889 2131 2132 2263 2262 
1890 2132 2133 2264 2263 
1891 2133 2134 2265 2264 
1892 2134 2135 2266 2265 
1893 2135 2136 2267 2266 
1894 2136 2137 2268 2267 
1895 2137 2138 2269 2268 
1896 2138 2139 2270 2269 
1897 2139 2140 2271 2270 
1898 2140 2141 2272 2271 
1899 2141 2142 2273 2272 
1900 2142 2143 2274 2273 
1901 2143 2144 2275 2274 
1902 2144 2145 2276 2275 
1903 2145 2146 2277 2276 
1904 2146 2147 2278 2277 
1905 2147 2148 2279 2278 
1906 2148 2149 2280 2279 
1907 2149 2150 2281 2280 
1908 2150 2151 2282 2281 
1909 2151 2152 2283 2282 
1910 2152 2153 2284 2283 
1911 2153 2154 2285 2284 
1912 2154 2155 2286 2285 
1913 2155 2156 2287 2286 
1914 2156 2157 2288 2287 
1915 2157 2158 2289 2288 
1916 2158 2159 2290 2289 
1917 2159 2160 2291 2290 
1918 2160 2161 2292 2291 
1919 2161 2162 2293 2292 
1920 2162 2163 2294 2293 
1921 2163 2164 2295 2294 
1922 2164 2165 2296 2295 
1923 2165 2166 2297 2296 
1924 2166 2167 2298 2297 
1925 2167 2168 2299 2298 
1926 2168 2169 2300 2299 
1927 2169 2170 2301 2300 
1928 2170 2171 2302 2301 
1929 2171 2172 2303 2302 
1930 2172 2173 2304 2303 
1931 2173 2174 2305 2304 
1932 2174 2175 2306 2305 
1933 2175 2176 2307 2306 
1934 2176 2177 2308 2307 
1935 2177 2178 2309 2308 
1936 2178 2179 2310 2309 
1937 2179 2180 2311 2310 
1938 2180 2181 2312 2311 
1939 2181 2182 2313 2312 
1940 2182 2183 2314 2313 
1941 2183 2184 2315 2314 
1942 2184 2185 2316 2315 
1943 2185 2186 2317 2316 
1944 2186 2187 2318 2317 
1945 2187 2188 2319 2318 
1946 2188 2189 2320 2319 
1947 2189 2190 2321 2320 
1948 2190 2191 2322 2321 
1949 2191 2192 2323 2322 
1950 2192 2193 2324 2323 
1951 2193 2194 2325 2324 
1952 2194 2195 2326 2325 
1953 2195 2196 2327 2326 
1954 2196 2197 2328 2327 
1955 2197 2198 2329 2328 
1956 2198 2199 2330 2329 
1957 2199 2200 2331 2330 
1958 2200 2201 2332 2331 
1959 2201 2202 2333 2332 
1960 2202 2203 2334 2333 
1961 2203 2204 2335 2334 
1962 2204 2205 2336 2335 
1963 2205 2206 2337 2336 
1964 2206 2207 2338 2337 
1965 2207 2208 2339 2338 
1966 2208 2209 2340 2339 
1967 2209 2210 2341 2340 
1968 2210 2211 2342 2341 
1969 2211 2212 2343 2342 
1970 2212 2213 2344 2343 
1971 2213 2214 2345 2344 
1972 2214 2215 2346 2345 
1973 2215 2216 2347 2346 
1974 2216 2217 2348 2347 
1975 2217 2218 2349 2348 
1976 2218 2219 2350 2349 
1977 2219 2220 2351 2350 
1978 2220 2221 2352 2351 
1979 2221 2222 2353 2352 
1980 2222 2223 2354 2353 
1981 2223 2224 2355 2354 
1982 2224 2225 2356 2355 
1983 2225 2226 2357 2356 
1984 2226 2227 2358 2357 
1985 2227 2228 2359 2358 
1986 2228 2229 2360 2359 
1987 2229 2230 2361 2360 
1988 2230 2231 2362 2361 
1989 2231 2232 2363 2362 
1990 2232 2233 2364 2363 
1991 2233 2234 2365 2364 
1992 2234 298 299 2365 
1993 114 2235 2366 115 
1994 2235 2236 2367 2366 
1995 2236 2237 2368 2367 
1996 2237 2238 2369 2368 
1997 2238 2239 2370 2369 
1998 2239 2240 2371 2370 
1999 2240 2241 2372 2371 
2000 2241 2242 2373 2372 
2001 2242 2243 2374 2373 
2002 2243 2244 2375 2374 
2003 2244 2245 2376 2375 
2004 2245 2246 2377 2376 
2005 2246 2247 2378 2377 
2006 2247 2248 2379 2378 
2007 2248 2249 2380 2379 
2008 2249 2250 2381 2380 
2009 2250 2251 2382 2381 
2010 2251 2252 2383 2382 
2011 2252 2253 2384 2383 
2012 2253 2254 2385 2384 
2013 2254 2255 2386 2385 
2014 2255 2256 2387 2386 
2015 2256 2257 2388 2387 
2016 2257 2258 2389 2388 
2017 2258 2259 2390 2389 
2018 2259 2260 2391 2390 
2019 2260 2261 2392 2391 
2020 2261 2262 2393 2392 
2021 2262 2263 2394 2393 
2022 2263 2264 2395 2394 
2023 2264 2265 2396 2395 
2024 2265 2266 2397 2396 
2025 2266 2267 2398 2397 
2026 2267 2268 2399 2398 
2027 2268 2269 2400 2399 
2028 2269 2270 2401 2400 
2029 2270 2271 2402 2401 
2030 2271 2272 2403 2402 
2031 2272 2273 2404 2403 
2032 2273 2274 2405 2404 
2033 2274 2275 2406 2405 
2034 2275 2276 2407 2406 
2035 2276 2277 2408 2407 
2036 2277 2278 2409 2408 
2037 2278 2279 2410 2409 
2038 2279 2280 2411 2410 
2039 2280 2281 2412 2411 
2040 2281 2282 2413 2412 
2041 2282 2283 2414 2413 
2042 2283 2284 2415 2414 
2043 2284 2285 2416 2415 
2044 2285 2286 2417 2416 
2045 2286 2287 2418 2417 
2046 2287 2288 2419 2418 
2047 2288 2289 2420 2419 
2048 2289 2290 2421 2420 
2049 2290 2291 2422 2421 
2050 2291 2292 2423 2422 
2051 2292 2293 2424 2423 
2052 2293 2294 2425 2424 
2053 2294 2295 2426 2425 
2054 2295 2296 2427 2426 
2055 2296 2297 2428 2427 
2056 2297 2298 2429 2428 
2057 2298 2299 2430 2429 
2058 2299 2300 2431 2430 
2059 2300 2301 2432 2431 
2060 2301 2302 2433 2432 
2061 2302 2303 2434 2433 
2062 2303 2304 2435 2434 
2063 2304 2305 2436 2435 
2064 2305 2306 2437 2436 
2065 2306 2307 2438 2437 
2066 2307 2308 2439 2438 
2067 2308 2309 2440 2439 
2068 2309 2310 2441 2440 
2069 2310 2311 2442 2441 
2070 2311 2312 2443 2442 
2071 2312 2313 2444 2443 
2072 2313 2314 2445 2444 
2073 2314 2315 2446 2445 
2074 2315 2316 2447 2446 
2075 2316 2317 2448 2447 
2076 2317 2318 2449 2448 
2077 2318 2319 2450 2449 
2078 2319 2320 2451 2450 
2079 2320 2321 2452 2451 
2080 2321 2322 2453 2452 
2081 2322 2323 2454 2453 
2082 2323 2324 2455 2454 
2083 2324 2325 2456 2455 
2084 2325 2326 2457 2456 
2085 2326 2327 2458 2457 
2086 2327 2328 2459 2458 
2087 2328 2329 2460 2459 
2088 2329 2330 2461 2460 
2089 2330 2331 2462 2461 
2090 2331 2332 2463 2462 
2091 2332 2333 2464 2463 
2092 2333 2334 2465 2464 
2093 2334 2335 2466 2465 
2094 2335 2336 2467 2466 
2095 2336 2337 2468 2467 
2096 2337 2338 2469 2468 
2097 2338 2339 2470 2469 
2098 2339 2340 2471 2470 
2099 2340 2341 2472 2471 
2100 2341 2342 2473 2472 
2101 2342 2343 2474 2473 
2102 2343 2344 2475 2474 
2103 2344 2345 2476 2475 
2104 2345 2346 2477 2476 
2105 2346 2347 2478 2477 
2106 2347 2348 2479 2478 
2107 2348 2349 2480 2479 
2108 2349 2350 2481 2480 
2109 2350 2351 2482 2481 
2110 2351 2352 2483 2482 
2111 2352 2353 2484 2483 
2112 2353 2354 2485 2484 
2113 2354 2355 2486 2485 
2114 2355 2356 2487 2486 
2115 2356 2357 2488 2487 
2116 2357 2358 2489 2488 
2117 2358 2359 2490 2489 
2118 2359 2360 2491 2490 
2119 2360 2361 2492 2491 
2120 2361 2362 2493 2492 
2121 2362 2363 2494 2493 
2122 2363 2364 2495 2494 
2123 2364 2365 2496 2495 
2124 2365 299 300 2496 
2125 115 2366 2497 116 
2126 2366 2367 2498 2497 
2127 2367 2368 2499 2498 
2128 2368 2369 2500 2499 
2129 2369 2370 2501 2500 
2130 2370 2371 2502 2501 
2131 2371 2372 2503 2502 
2132 2372 2373 2504 2503 
2133 2373 2374 2505 2504 
2134 2374 2375 2506 2505 
2135 2375 2376 2507 2506 
2136 2376 2377 2508 2507 
2137 2377 2378 2509 2508 
2138 2378 2379 2510 2509 
2139 2379 2380 2511 2510 
2140 2380 2381 2512 2511 
2141 2381 2382 2513 2512 
2142 2382 2383 2514 2513 
2143 2383 2384 2515 2514 
2144 2384 2385 2516 2515 
2145 2385 2386 2517 2516 
2146 2386 2387 2518 2517 
2147 2387 2388 2519 2518 
2148 2388 2389 2520 2519 
2149 2389 2390 2521 2520 
2150 2390 2391 2522 2521 
2151 2391 2392 2523 2522 
2152 2392 2393 2524 2523 
2153 2393 2394 2525 2524 
2154 2394 2395 2526 2525 
2155 2395 2396 2527 2526 
2156 2396 2397 2528 2527 
2157 2397 2398 2529 2528 
2158 2398 2399 2530 2529 
2159 2399 2400 2531 2530 
2160 2400 2401 2532 2531 
2161 2401 2402 2533 2532 
2162 2402 2403 2534 2533 
2163 2403 2404 2535 2534 
2164 2404 2405 2536 2535 
2165 2405 2406 2537 2536 
2166 2406 2407 2538 2537 
2167 2407 2408 2539 2538 
2168 2408 2409 2540 2539 
2169 2409 2410 2541 2540 
2170 2410 2411 2542 2541 
2171 2411 2412 2543 2542 
2172 2412 2413 2544 2543 
2173 2413 2414 2545 2544 
2174 2414 2415 2546 2545 
2175 2415 2416 2547 2546 
2176 2416 2417 2548 2547 
2177 2417 2418 2549 2548 
2178 2418 2419 2550 2549 
2179 2419 2420 2551 2550 
2180 2420 2421 2552 2551 
2181 2421 2422 2553 2552 
2182 2422 2423 2554 2553 
2183 2423 2424 2555 2554 
2184 2424 2425 2556 2555 
2185 2425 2426 2557 2556 
2186 2426 2427 2558 2557 
2187 2427 2428 2559 2558 
2188 2428 2429 2560 2559 
2189 2429 2430 2561 2560 
2190 2430 2431 2562 2561 
2191 2431 2432 2563 2562 
2192 2432 2433 2564 2563 
2193 2433 2434 2565 2564 
2194 2434 2435 2566 2565 
2195 2435 2436 2567 2566 
2196 2436 2437 2568 2567 
2197 2437 2438 2569 2568 
2198 2438 2439 2570 2569 
2199 2439 2440 2571 2570 
2200 2440 2441 2572 2571 
2201 2441 2442 2573 2572 
2202 2442 2443 2574 2573 
2203 2443 2444 2575 2574 
2204 2444 2445 2576 2575 
2205 2445 2446 2577 2576 
2206 2446 2447 2578 2577 
2207 2447 2448 2579 2578 
2208 2448 2449 2580 2579 
2209 2449 2450 2581 2580 
2210 2450 2451 2582 2581 
2211 2451 2452 2583 2582 
2212 2452 2453 2584 2583 
2213 2453 2454 2585 2584 
2214 2454 2455 2586 2585 
2215 2455 2456 2587 2586 
2216 2456 2457 2588 2587 
2217 2457 2458 2589 2588 
2218 2458 2459 2590 2589 
2219 2459 2460 2591 2590 
2220 2460 2461 2592 2591 
2221 2461 2462 2593 2592 
2222 2462 2463 2594 2593 
2223 2463 2464 2595 2594 
2224 2464 2465 2596 2595 
2225 2465 2466 2597 2596 
2226 2466 2467 2598 2597 
2227 2467 2468 2599 2598 
2228 2468 2469 2600 2599 
2229 2469 2470 2601 2600 
2230 2470 2471 2602 2601 
2231 2471 2472 2603 2602 
2232 2472 2473 2604 2603 
2233 2473 2474 2605 2604 
2234 2474 2475 2606 2605 
2235 2475 2476 2607 2606 
2236 2476 2477 2608 2607 
2237 2477 2478 2609 2608 
2238 2478 2479 2610 2609 
2239 2479 2480 2611 2610 
2240 2480 2481 2612 2611 
2241 2481 2482 2613 2612 
2242 2482 2483 2614 2613 
2243 2483 2484 2615 2614 
2244 2484 2485 2616 2615 
2245 2485 2486 2617 2616 
2246 2486 2487 2618 2617 
2247 2487 2488 2619 2618 
2248 2488 2489 2620 2619 
2249 2489 2490 2621 2620 
2250 2490 2491 2622 2621 
2251 2491 2492 2623 2622 
2252 2492 2493 2624 2623 
2253 2493 2494 2625 2624 
2254 2494 2495 2626 2625 
2255 2495 2496 2627 2626 
2256 2496 300 301 2627 
2257 116 2497 2628 117 
2258 2497 2498 2629 2628 
2259 2498 2499 2630 2629 
2260 2499 2500 2631 2630 
2261 2500 2501 2632 2631 
2262 2501 2502 2633 2632 
2263 2502 2503 2634 2633 
2264 2503 2504 2635 2634 
2265 2504 2505 2636 2635 
2266 2505 2506 2637 2636 
2267 2506 2507 2638 2637 
2268 2507 2508 2639 2638 
2269 2508 2509 2640 2639 
2270 2509 2510 2641 2640 
2271 2510 2511 2642 2641 
2272 2511 2512 2643 2642 
2273 2512 2513 2644 2643 
2274 2513 2514 2645 2644 
2275 2514 2515 2646 2645 
2276 2515 2516 2647 2646 
2277 2516 2517 2648 2647 
2278 2517 2518 2649 2648 
2279 2518 2519 2650 2649 
2280 2519 2520 2651 2650 
2281 2520 2521 2652 2651 
2282 2521 2522 2653 2652 
2283 2522 2523 2654 2653 
2284 2523 2524 2655 2654 
2285 2524 2525 2656 2655 
2286 2525 2526 2657 2656 
2287 2526 2527 2658 2657 
2288 2527 2528 2659 2658 
2289 2528 2529 2660 2659 
2290 2529 2530 2661 2660 
2291 2530 2531 2662 2661 
2292 2531 2532 2663 2662 
2293 2532 2533 2664 2663 
2294 2533 2534 2665 2664 
2295 2534 2535 2666 2665 
2296 2535 2536 2667 2666 
2297 2536 2537 2668 2667 
2298 2537 2538 2669 2668 
2299 2538 2539 2670 2669 
2300 2539 2540 2671 2670 
2301 2540 2541 2672 2671 
2302 2541 2542 2673 2672 
2303 2542 2543 2674 2673 
2304 2543 2544 2675 2674 
2305 2544 2545 2676 2675 
2306 2545 2546 2677 2676 
2307 2546 2547 2678 2677 
2308 2547 2548 2679 2678 
2309 2548 2549 2680 2679 
2310 2549 2550 2681 2680 
2311 2550 2551 2682 2681 
2312 2551 2552 2683 2682 
2313 2552 2553 2684 2683 
2314 2553 2554 2685 2684 
2315 2554 2555 2686 2685 
2316 2555 2556 2687 2686 
2317 2556 2557 2688 2687 
2318 2557 2558 2689 2688 
2319 2558 2559 2690 2689 
2320 2559 2560 2691 2690 
2321 2560 2561 2692 2691 
2322 2561 2562 2693 2692 
2323 2562 2563 2694 2693 
2324 2563 2564 2695 2694 
2325 2564 2565 2696 2695 
2326 2565 2566 2697 2696 
2327 2566 2567 2698 2697 
2328 2567 2568 2699 2698 
2329 2568 2569 2700 2699 
2330 2569 2570 2701 2700 
2331 2570 2571 2702 2701 
2332 2571 2572 2703 2702 
2333 2572 2573 2704 2703 
2334 2573 2574 2705 2704 
2335 2574 2575 2706 2705 
2336 2575 2576 2707 2706 
2337 2576 2577 2708 2707 
2338 2577 2578 2709 2708 
2339 2578 2579 2710 2709 
2340 2579 2580 2711 2710 
2341 2580 2581 2712 2711 
2342 2581 2582 2713 2712 
2343 2582 2583 2714 2713 
2344 2583 2584 2715 2714 
2345 2584 2585 2716 2715 
2346 2585 2586 2717 2716 
2347 2586 2587 2718 2717 
2348 2587 2588 2719 2718 
2349 2588 2589 2720 2719 
2350 2589 2590 2721 2720 
2351 2590 2591 2722 2721 
2352 2591 2592 2723 2722 
2353 2592 2593 2724 2723 
2354 2593 2594 2725 2724 
2355 2594 2595 2726 2725 
2356 2595 2596 2727 2726 
2357 2596 2597 2728 2727 
2358 2597 2598 2729 2728 
2359 2598 2599 2730 2729 
2360 2599 2600 2731 2730 
2361 2600 2601 2732 2731 
2362 2601 2602 2733 2732 
2363 2602 2603 2734 2733 
2364 2603 2604 2735 2734 
2365 2604 2605 2736 2735 
2366 2605 2606 2737 2736 
2367 2606 2607 2738 2737 
2368 2607 2608 2739 2738 
2369 2608 2609 2740 2739 
2370 2609 2610 2741 2740 
2371 2610 2611 2742 2741 
2372 2611 2612 2743 2742 
2373 2612 2613 2744 2743 
2374 2613 2614 2745 2744 
2375 2614 2615 2746 2745 
2376 2615 2616 2747 2746 
2377 2616 2617 2748 2747 
2378 2617 2618 2749 2748 
2379 2618 2619 2750 2749 
2380 2619 2620 2751 2750 
2381 2620 2621 2752 2751 
2382 2621 2622 2753 2752 
2383 2622 2623 2754 2753 
2384 2623 2624 2755 2754 
2385 2624 2625 2756 2755 
2386 2625 2626 2757 2756 
2387 2626 2627 2758 2757 
2388 2627 301 302 2758 
2389 117 2628 2759 118 
2390 2628 2629 2760 2759 
2391 2629 2630 2761 2760 
2392 2630 2631 2762 2761 
2393 2631 2632 2763 2762 
2394 2632 2633 2764 2763 
2395 2633 2634 2765 2764 
2396 2634 2635 2766 2765 
2397 2635 2636 2767 2766 
2398 2636 2637 2768 2767 
2399 2637 2638 2769 2768 
2400 2638 2639 2770 2769 
2401 2639 2640 2771 2770 
2402 2640 2641 2772 2771 
2403 2641 2642 2773 2772 
2404 2642 2643 2774 2773 
2405 2643 2644 2775 2774 
2406 2644 2645 2776 2775 
2407 2645 2646 2777 2776 
2408 2646 2647 2778 2777 
2409 2647 2648 2779 2778 
2410 2648 2649 2780 2779 
2411 2649 2650 2781 2780 
2412 2650 2651 2782 2781 
2413 2651 2652 2783 2782 
2414 2652 2653 2784 2783 
2415 2653 2654 2785 2784 
2416 2654 2655 2786 2785 
2417 2655 2656 2787 2786 
2418 2656 2657 2788 2787 
2419 2657 2658 2789 2788 
2420 2658 2659 2790 2789 
2421 2659 2660 2791 2790 
2422 2660 2661 2792 2791 
2423 2661 2662 2793 2792 
2424 2662 2663 2794 2793 
2425 2663 2664 2795 2794 
2426 2664 2665 2796 2795 
2427 2665 2666 2797 2796 
2428 2666 2667 2798 2797 
2429 2667 2668 2799 2798 
2430 2668 2669 2800 2799 
2431 2669 2670 2801 2800 
2432 2670 2671 2802 2801 
2433 2671 2672 2803 2802 
2434 2672 2673 2804 2803 
2435 2673 2674 2805 2804 
2436 2674 2675 2806 2805 
2437 2675 2676 2807 2806 
2438 2676 2677 2808 2807 
2439 2677 2678 2809 2808 
2440 2678 2679 2810 2809 
2441 2679 2680 2811 2810 
2442 2680 2681 2812 2811 
2443 2681 2682 2813 2812 
2444 2682 2683 2814 2813 
2445 2683 2684 2815 2814 
2446 2684 2685 2816 2815 
2447 2685 2686 2817 2816 
2448 2686 2687 2818 2817 
2449 2687 2688 2819 2818 
2450 2688 2689 2820 2819 
2451 2689 2690 2821 2820 
2452 2690 2691 2822 2821 
2453 2691 2692 2823 2822 
2454 2692 2693 2824 2823 
2455 2693 2694 2825 2824 
2456 2694 2695 2826 2825 
2457 2695 2696 2827 2826 
2458 2696 2697 2828 2827 
2459 2697 2698 2829 2828 
2460 2698 2699 2830 2829 
2461 2699 2700 2831 2830 
2462 2700 2701 2832 2831 
2463 2701 2702 2833 2832 
2464 2702 2703 2834 2833 
2465 2703 2704 2835 2834 
2466 2704 2705 2836 2835 
2467 2705 2706 2837 2836 
2468 2706 2707 2838 2837 
2469 2707 2708 2839 2838 
2470 2708 2709 2840 2839 
2471 2709 2710 2841 2840 
2472 2710 2711 2842 2841 
2473 2711 2712 2843 2842 
2474 2712 2713 2844 2843 
2475 2713 2714 2845 2844 
2476 2714 2715 2846 2845 
2477 2715 2716 2847 2846 
2478 2716 2717 2848 2847 
2479 2717 2718 2849 2848 
2480 2718 2719 2850 2849 
2481 2719 2720 2851 2850 
2482 2720 2721 2852 2851 
2483 2721 2722 2853 2852 
2484 2722 2723 2854 2853 
2485 2723 2724 2855 2854 
2486 2724 2725 2856 2855 
2487 2725 2726 2857 2856 
2488 2726 2727 2858 2857 
2489 2727 2728 2859 2858 
2490 2728 2729 2860 2859 
2491 2729 2730 2861 2860 
2492 2730 2731 2862 2861 
2493 2731 2732 2863 2862 
2494 2732 2733 2864 2863 
2495 2733 2734 2865 2864 
2496 2734 2735 2866 2865 
2497 2735 2736 2867 2866 
2498 2736 2737 2868 2867 
2499 2737 2738 2869 2868 
2500 2738 2739 2870 2869 
2501 2739 2740 2871 2870 
2502 2740 2741 2872 2871 
2503 2741 2742 2873 2872 
2504 2742 2743 2874 2873 
2505 2743 2744 2875 2874 
2506 2744 2745 2876 2875 
2507 2745 2746 2877 2876 
2508 2746 2747 2878 2877 
2509 2747 2748 2879 2878 
2510 2748 2749 2880 2879 
2511 2749 2750 2881 2880 
2512 2750 2751 2882 2881 
2513 2751 2752 2883 2882 
2514 2752 2753 2884 2883 
2515 2753 2754 2885 2884 
2516 2754 2755 2886 2885 
2517 2755 2756 2887 2886 
2518 2756 2757 2888 2887 
2519 2757 2758 2889 2888 
2520 2758 302 303 2889 
2521 118 2759 2890 119 
2522 2759 2760 2891 2890 
2523 2760 2761 2892 2891 
2524 2761 2762 2893 2892 
2525 2762 2763 2894 2893 
2526 2763 2764 2895 2894 
2527 2764 2765 2896 2895 
2528 2765 2766 2897 2896 
2529 2766 2767 2898 2897 
2530 2767 2768 2899 2898 
2531 2768 2769 2900 2899 
2532 2769 2770 2901 2900 
2533 2770 2771 2902 2901 
2534 2771 2772 2903 2902 
2535 2772 2773 2904 2903 
2536 2773 2774 2905 2904 
2537 2774 2775 2906 2905 
2538 2775 2776 2907 2906 
2539 2776 2777 2908 2907 
2540 2777 2778 2909 2908 
2541 2778 2779 2910 2909 
2542 2779 2780 2911 2910 
2543 2780 2781 2912 2911 
2544 2781 2782 2913 2912 
2545 2782 2783 2914 2913 
2546 2783 2784 2915 2914 
2547 2784 2785 2916 2915 
2548 2785 2786 2917 2916 
2549 2786 2787 2918 2917 
2550 2787 2788 2919 2918 
2551 2788 2789 2920 2919 
2552 2789 2790 2921 2920 
2553 2790 2791 2922 2921 
2554 2791 2792 2923 2922 
2555 2792 2793 2924 2923 
2556 2793 2794 2925 2924 
2557 2794 2795 2926 2925 
2558 2795 2796 2927 2926 
2559 2796 2797 2928 2927 
2560 2797 2798 2929 2928 
2561 2798 2799 2930 2929 
2562 2799 2800 2931 2930 
2563 2800 2801 2932 2931 
2564 2801 2802 2933 2932 
2565 2802 2803 2934 2933 
2566 2803 2804 2935 2934 
2567 2804 2805 2936 2935 
2568 2805 2806 2937 2936 
2569 2806 2807 2938 2937 
2570 2807 2808 2939 2938 
2571 2808 2809 2940 2939 
2572 2809 2810 2941 2940 
2573 2810 2811 2942 2941 
2574 2811 2812 2943 2942 
2575 2812 2813 2944 2943 
2576 2813 2814 2945 2944 
2577 2814 2815 2946 2945 
2578 2815 2816 2947 2946 
2579 2816 2817 2948 2947 
2580 2817 2818 2949 2948 
2581 2818 2819 2950 2949 
2582 2819 2820 2951 2950 
2583 2820 2821 2952 2951 
2584 2821 2822 2953 2952 
2585 2822 2823 2954 2953 
2586 2823 2824 2955 2954 
2587 2824 2825 2956 2955 
2588 2825 2826 2957 2956 
2589 2826 2827 2958 2957 
2590 2827 2828 2959 2958 
2591 2828 2829 2960 2959 
2592 2829 2830 2961 2960 
2593 2830 2831 2962 2961 
2594 2831 2832 2963 2962 
2595 2832 2833 2964 2963 
2596 2833 2834 2965 2964 
2597 2834 2835 2966 2965 
2598 2835 2836 2967 2966 
2599 2836 2837 2968 2967 
2600 2837 2838 2969 2968 
2601 2838 2839 2970 2969 
2602 2839 2840 2971 2970 
2603 2840 2841 2972 2971 
2604 2841 2842 2973 2972 
2605 2842 2843 2974 2973 
2606 2843 2844 2975 2974 
2607 2844 2845 2976 2975 
2608 2845 2846 2977 2976 
2609 2846 2847 2978 2977 
2610 2847 2848 2979 2978 
2611 2848 2849 2980 2979 
2612 2849 2850 2981 2980 
2613 2850 2851 2982 2981 
2614 2851 2852 2983 2982 
2615 2852 2853 2984 2983 
2616 2853 2854 2985 2984 
2617 2854 2855 2986 2985 
2618 2855 2856 2987 2986 
2619 2856 2857 2988 2987 
2620 2857 2858 2989 2988 
2621 2858 2859 2990 2989 
2622 2859 2860 2991 2990 
2623 2860 2861 2992 2991 
2624 2861 2862 2993 2992 
2625 2862 2863 2994 2993 
2626 2863 2864 2995 2994 
2627 2864 2865 2996 2995 
2628 2865 2866 2997 2996 
2629 2866 2867 2998 2997 
2630 2867 2868 2999 2998 
2631 2868 2869 3000 2999 
2632 2869 2870 3001 3000 
2633 2870 2871 3002 3001 
2634 2871 2872 3003 3002 
2635 2872 2873 3004 3003 
2636 2873 2874 3005 3004 
2637 2874 2875 3006 3005 
2638 2875 2876 3007 3006 
2639 2876 2877 3008 3007 
2640 2877 2878 3009 3008 
2641 2878 2879 3010 3009 
2642 2879 2880 3011 3010 
2643 2880 2881 3012 3011 
2644 2881 2882 3013 3012 
2645 2882 2883 3014 3013 
2646 2883 2884 3015 3014 
2647 2884 2885 3016 3015 
2648 2885 2886 3017 3016 
2649 2886 2887 3018 3017 
2650 2887 2888 3019 3018 
2651 2888 2889 3020 3019 
2652 2889 303 304 3020 
2653 119 2890 3021 120 
2654 2890 2891 3022 3021 
2655 2891 2892 3023 3022 
2656 2892 2893 3024 3023 
2657 2893 2894 3025 3024 
2658 2894 2895 3026 3025 
2659 2895 2896 3027 3026 
2660 2896 2897 3028 3027 
2661 2897 2898 3029 3028 
2662 2898 2899 3030 3029 
2663 2899 2900 3031 3030 
2664 2900 2901 3032 3031 
2665 2901 2902 3033 3032 
2666 2902 2903 3034 3033 
2667 2903 2904 3035 3034 
2668 2904 2905 3036 3035 
2669 2905 2906 3037 3036 
2670 2906 2907 3038 3037 
2671 2907 2908 3039 3038 
2672 2908 2909 3040 3039 
2673 2909 2910 3041 3040 
2674 2910 2911 3042 3041 
2675 2911 2912 3043 3042 
2676 2912 2913 3044 3043 
2677 2913 2914 3045 3044 
2678 2914 2915 3046 3045 
2679 2915 2916 3047 3046 
2680 2916 2917 3048 3047 
2681 2917 2918 3049 3048 
2682 2918 2919 3050 3049 
2683 2919 2920 3051 3050 
2684 2920 2921 3052 3051 
2685 2921 2922 3053 3052 
2686 2922 2923 3054 3053 
2687 2923 2924 3055 3054 
2688 2924 2925 3056 3055 
2689 2925 2926 3057 3056 
2690 2926 2927 3058 3057 
2691 2927 2928 3059 3058 
2692 2928 2929 3060 3059 
2693 2929 2930 3061 3060 
2694 2930 2931 3062 3061 
2695 2931 2932 3063 3062 
2696 2932 2933 3064 3063 
2697 2933 2934 3065 3064 
2698 2934 2935 3066 3065 
2699 2935 2936 3067 3066 
2700 2936 2937 3068 3067 
2701 2937 2938 3069 3068 
2702 2938 2939 3070 3069 
2703 2939 2940 3071 3070 
2704 2940 2941 3072 3071 
2705 2941 2942 3073 3072 
2706 2942 2943 3074 3073 
2707 2943 2944 3075 3074 
2708 2944 2945 3076 3075 
2709 2945 2946 3077 3076 
2710 2946 2947 3078 3077 
2711 2947 2948 3079 3078 
2712 2948 2949 3080 3079 
2713 2949 2950 3081 3080 
2714 2950 2951 3082 3081 
2715 2951 2952 3083 3082 
2716 2952 2953 3084 3083 
2717 2953 2954 3085 3084 
2718 2954 2955 3086 3085 
2719 2955 2956 3087 3086 
2720 2956 2957 3088 3087 
2721 2957 2958 3089 3088 
2722 2958 2959 3090 3089 
2723 2959 2960 3091 3090 
2724 2960 2961 3092 3091 
2725 2961 2962 3093 3092 
2726 2962 2963 3094 3093 
2727 2963 2964 3095 3094 
2728 2964 2965 3096 3095 
2729 2965 2966 3097 3096 
2730 2966 2967 3098 3097 
2731 2967 2968 3099 3098 
2732 2968 2969 3100 3099 
2733 2969 2970 3101 3100 
2734 2970 2971 3102 3101 
2735 2971 2972 3103 3102 
2736 2972 2973 3104 3103 
2737 2973 2974 3105 3104 
2738 2974 2975 3106 3105 
2739 2975 2976 3107 3106 
2740 2976 2977 3108 3107 
2741 2977 2978 3109 3108 
2742 2978 2979 3110 3109 
2743 2979 2980 3111 3110 
2744 2980 2981 3112 3111 
2745 2981 2982 3113 3112 
2746 2982 2983 3114 3113 
2747 2983 2984 3115 3114 
2748 2984 2985 3116 3115 
2749 2985 2986 3117 3116 
2750 2986 2987 3118 3117 
2751 2987 2988 3119 3118 
2752 2988 2989 3120 3119 
2753 2989 2990 3121 3120 
2754 2990 2991 3122 3121 
2755 2991 2992 3123 3122 
2756 2992 2993 3124 3123 
2757 2993 2994 3125 3124 
2758 2994 2995 3126 3125 
2759 2995 2996 3127 3126 
2760 2996 2997 3128 3127 
2761 2997 2998 3129 3128 
2762 2998 2999 3130 3129 
2763 2999 3000 3131 3130 
2764 3000 3001 3132 3131 
2765 3001 3002 3133 3132 
2766 3002 3003 3134 3133 
2767 3003 3004 3135 3134 
2768 3004 3005 3136 3135 
2769 3005 3006 3137 3136 
2770 3006 3007 3138 3137 
2771 3007 3008 3139 3138 
2772 3008 3009 3140 3139 
2773 3009 3010 3141 3140 
2774 3010 3011 3142 3141 
2775 3011 3012 3143 3142 
2776 3012 3013 3144 3143 
2777 3013 3014 3145 3144 
2778 3014 3015 3146 3145 
2779 3015 3016 3147 3146 
2780 3016 3017 3148 3147 
2781 3017 3018 3149 3148 
2782 3018 3019 3150 3149 
2783 3019 3020 3151 3150 
2784 3020 304 305 3151 
2785 120 3021 3152 121 
2786 3021 3022 3153 3152 
2787 3022 3023 3154 3153 
2788 3023 3024 3155 3154 
2789 3024 3025 3156 3155 
2790 3025 3026 3157 3156 
2791 3026 3027 3158 3157 
2792 3027 3028 3159 3158 
2793 3028 3029 3160 3159 
2794 3029 3030 3161 3160 
2795 3030 3031 3162 3161 
2796 3031 3032 3163 3162 
2797 3032 3033 3164 3163 
2798 3033 3034 3165 3164 
2799 3034 3035 3166 3165 
2800 3035 3036 3167 3166 
2801 3036 3037 3168 3167 
2802 3037 3038 3169 3168 
2803 3038 3039 3170 3169 
2804 3039 3040 3171 3170 
2805 3040 3041 3172 3171 
2806 3041 3042 3173 3172 
2807 3042 3043 3174 3173 
2808 3043 3044 3175 3174 
2809 3044 3045 3176 3175 
2810 3045 3046 3177 3176 
2811 3046 3047 3178 3177 
2812 3047 3048 3179 3178 
2813 3048 3049 3180 3179 
2814 3049 3050 3181 3180 
2815 3050 3051 3182 3181 
2816 3051 3052 3183 3182 
2817 3052 3053 3184 3183 
2818 3053 3054 3185 3184 
2819 3054 3055 3186 3185 
2820 3055 3056 3187 3186 
2821 3056 3057 3188 3187 
2822 3057 3058 3189 3188 
2823 3058 3059 3190 3189 
2824 3059 3060 3191 3190 
2825 3060 3061 3192 3191 
2826 3061 3062 3193 3192 
2827 3062 3063 3194 3193 
2828 3063 3064 3195 3194 
2829 3064 3065 3196 3195 
2830 3065 3066 3197 3196 
2831 3066 3067 3198 3197 
2832 3067 3068 3199 3198 
2833 3068 3069 3200 3199 
2834 3069 3070 3201 3200 
2835 3070 3071 3202 3201 
2836 3071 3072 3203 3202 
2837 3072 3073 3204 3203 
2838 3073 3074 3205 3204 
2839 3074 3075 3206 3205 
2840 3075 3076 3207 3206 
2841 3076 3077 3208 3207 
2842 3077 3078 3209 3208 
2843 3078 3079 3210 3209 
2844 3079 3080 3211 3210 
2845 3080 3081 3212 3211 
2846 3081 3082 3213 3212 
2847 3082 3083 3214 3213 
2848 3083 3084 3215 3214 
2849 3084 3085 3216 3215 
2850 3085 3086 3217 3216 
2851 3086 3087 3218 3217 
2852 3087 3088 3219 3218 
2853 3088 3089 3220 3219 
2854 3089 3090 3221 3220 
2855 3090 3091 3222 3221 
2856 3091 3092 3223 3222 
2857 3092 3093 3224 3223 
2858 3093 3094 3225 3224 
2859 3094 3095 3226 3225 
2860 3095 3096 3227 3226 
2861 3096 3097 3228 3227 
2862 3097 3098 3229 3228 
2863 3098 3099 3230 3229 
2864 3099 3100 3231 3230 
2865 3100 3101 3232 3231 
2866 3101 3102 3233 3232 
2867 3102 3103 3234 3233 
2868 3103 3104 3235 3234 
2869 3104 3105 3236 3235 
2870 3105 3106 3237 3236 
2871 3106 3107 3238 3237 
2872 3107 3108 3239 3238 
2873 3108 3109 3240 3239 
2874 3109 3110 3241 3240 
2875 3110 3111 3242 3241 
2876 3111 3112 3243 3242 
2877 3112 3113 3244 3243 
2878 3113 3114 3245 3244 
2879 3114 3115 3246 3245 
2880 3115 3116 3247 3246 
2881 3116 3117 3248 3247 
2882 3117 3118 3249 3248 
2883 3118 3119 3250 3249 
2884 3119 3120 3251 3250 
2885 3120 3121 3252 3251 
2886 3121 3122 3253 3252 
2887 3122 3123 3254 3253 
2888 3123 3124 3255 3254 
2889 3124 3125 3256 3255 
2890 3125 3126 3257 3256 
2891 3126 3127 3258 3257 
2892 3127 3128 3259 3258 
2893 3128 3129 3260 3259 
2894 3129 3130 3261 3260 
2895 3130 3131 3262 3261 
2896 3131 3132 3263 3262 
2897 3132 3133 3264 3263 
2898 3133 3134 3265 3264 
2899 3134 3135 3266 3265 
2900 3135 3136 3267 3266 
2901 3136 3137 3268 3267 
2902 3137 3138 3269 3268 
2903 3138 3139 3270 3269 
2904 3139 3140 3271 3270 
2905 3140 3141 3272 3271 
2906 3141 3142 3273 3272 
2907 3142 3143 3274 3273 
2908 3143 3144 3275 3274 
2909 3144 3145 3276 3275 
2910 3145 3146 3277 3276 
2911 3146 3147 3278 3277 
2912 3147 3148 3279 3278 
2913 3148 3149 3280 3279 
2914 3149 3150 3281 3280 
2915 3150 3151 3282 3281 
2916 3151 305 306 3282 
2917 121 3152 3283 122 
2918 3152 3153 3284 3283 
2919 3153 3154 3285 3284 
2920 3154 3155 3286 3285 
2921 3155 3156 3287 3286 
2922 3156 3157 3288 3287 
2923 3157 3158 3289 3288 
2924 3158 3159 3290 3289 
2925 3159 3160 3291 3290 
2926 3160 3161 3292 3291 
2927 3161 3162 3293 3292 
2928 3162 3163 3294 3293 
2929 3163 3164 3295 3294 
2930 3164 3165 3296 3295 
2931 3165 3166 3297 3296 
2932 3166 3167 3298 3297 
2933 3167 3168 3299 3298 
2934 3168 3169 3300 3299 
2935 3169 3170 3301 3300 
2936 3170 3171 3302 3301 
2937 3171 3172 3303 3302 
2938 3172 3173 3304 3303 
2939 3173 3174 3305 3304 
2940 3174 3175 3306 3305 
2941 3175 3176 3307 3306 
2942 3176 3177 3308 3307 
2943 3177 3178 3309 3308 
2944 3178 3179 3310 3309 
2945 3179 3180 3311 3310 
2946 3180 3181 3312 3311 
2947 3181 3182 3313 3312 
2948 3182 3183 3314 3313 
2949 3183 3184 3315 3314 
2950 3184 3185 3316 3315 
2951 3185 3186 3317 3316 
2952 3186 3187 3318 3317 
2953 3187 3188 3319 3318 
2954 3188 3189 3320 3319 
2955 3189 3190 3321 3320 
2956 3190 3191 3322 3321 
2957 3191 3192 3323 3322 
2958 3192 3193 3324 3323 
2959 3193 3194 3325 3324 
2960 3194 3195 3326 3325 
2961 3195 3196 3327 3326 
2962 3196 3197 3328 3327 
2963 3197 3198 3329 3328 
2964 3198 3199 3330 3329 
2965 3199 3200 3331 3330 
2966 3200 3201 3332 3331 
2967 3201 3202 3333 3332 
2968 3202 3203 3334 3333 
2969 3203 3204 3335 3334 
2970 3204 3205 3336 3335 
2971 3205 3206 3337 3336 
2972 3206 3207 3338 3337 
2973 3207 3208 3339 3338 
2974 3208 3209 3340 3339 
2975 3209 3210 3341 3340 
2976 3210 3211 3342 3341 
2977 3211 3212 3343 3342 
2978 3212 3213 3344 3343 
2979 3213 3214 3345 3344 
2980 3214 3215 3346 3345 
2981 3215 3216 3347 3346 
2982 3216 3217 3348 3347 
2983 3217 3218 3349 3348 
2984 3218 3219 3350 3349 
2985 3219 3220 3351 3350 
2986 3220 3221 3352 3351 
2987 3221 3222 3353 3352 
2988 3222 3223 3354 3353 
2989 3223 3224 3355 3354 
2990 3224 3225 3356 3355 
2991 3225 3226 3357 3356 
2992 3226 3227 3358 3357 
2993 3227 3228 3359 3358 
2994 3228 3229 3360 3359 
2995 3229 3230 3361 3360 
2996 3230 3231 3362 3361 
2997 3231 3232 3363 3362 
2998 3232 3233 3364 3363 
2999 3233 3234 3365 3364 
3000 3234 3235 3366 3365 
3001 3235 3236 3367 3366 
3002 3236 3237 3368 3367 
3003 3237 3238 3369 3368 
3004 3238 3239 3370 3369 
3005 3239 3240 3371 3370 
3006 3240 3241 3372 3371 
3007 3241 3242 3373 3372 
3008 3242 3243 3374 3373 
3009 3243 3244 3375 3374 
3010 3244 3245 3376 3375 
3011 3245 3246 3377 3376 
3012 3246 3247 3378 3377 
3013 3247 3248 3379 3378 
3014 3248 3249 3380 3379 
3015 3249 3250 3381 3380 
3016 3250 3251 3382 3381 
3017 3251 3252 3383 3382 
3018 3252 3253 3384 3383 
3019 3253 3254 3385 3384 
3020 3254 3255 3386 3385 
3021 3255 3256 3387 3386 
3022 3256 3257 3388 3387 
3023 3257 3258 3389 3388 
3024 3258 3259 3390 3389 
3025 3259 3260 3391 3390 
3026 3260 3261 3392 3391 
3027 3261 3262 3393 3392 
3028 3262 3263 3394 3393 
3029 3263 3264 3395 3394 
3030 3264 3265 3396 3395 
3031 3265 3266 3397 3396 
3032 3266 3267 3398 3397 
3033 3267 3268 3399 3398 
3034 3268 3269 3400 3399 
3035 3269 3270 3401 3400 
3036 3270 3271 3402 3401 
3037 3271 3272 3403 3402 
3038 3272 3273 3404 3403 
3039 3273 3274 3405 3404 
3040 3274 3275 3406 3405 
3041 3275 3276 3407 3406 
3042 3276 3277 3408 3407 
3043 3277 3278 3409 3408 
3044 3278 3279 3410 3409 
3045 3279 3280 3411 3410 
3046 3280 3281 3412 3411 
3047 3281 3282 3413 3412 
3048 3282 306 307 3413 
3049 122 3283 3414 123 
3050 3283 3284 3415 3414 
3051 3284 3285 3416 3415 
3052 3285 3286 3417 3416 
3053 3286 3287 3418 3417 
3054 3287 3288 3419 3418 
3055 3288 3289 3420 3419 
3056 3289 3290 3421 3420 
3057 3290 3291 3422 3421 
3058 3291 3292 3423 3422 
3059 3292 3293 3424 3423 
3060 3293 3294 3425 3424 
3061 3294 3295 3426 3425 
3062 3295 3296 3427 3426 
3063 3296 3297 3428 3427 
3064 3297 3298 3429 3428 
3065 3298 3299 3430 3429 
3066 3299 3300 3431 3430 
3067 3300 3301 3432 3431 
3068 3301 3302 3433 3432 
3069 3302 3303 3434 3433 
3070 3303 3304 3435 3434 
3071 3304 3305 3436 3435 
3072 3305 3306 3437 3436 
3073 3306 3307 3438 3437 
3074 3307 3308 3439 3438 
3075 3308 3309 3440 3439 
3076 3309 3310 3441 3440 
3077 3310 3311 3442 3441 
3078 3311 3312 3443 3442 
3079 3312 3313 3444 3443 
3080 3313 3314 3445 3444 
3081 3314 3315 3446 3445 
3082 3315 3316 3447 3446 
3083 3316 3317 3448 3447 
3084 3317 3318 3449 3448 
3085 3318 3319 3450 3449 
3086 3319 3320 3451 3450 
3087 3320 3321 3452 3451 
3088 3321 3322 3453 3452 
3089 3322 3323 3454 3453 
3090 3323 3324 3455 3454 
3091 3324 3325 3456 3455 
3092 3325 3326 3457 3456 
3093 3326 3327 3458 3457 
3094 3327 3328 3459 3458 
3095 3328 3329 3460 3459 
3096 3329 3330 3461 3460 
3097 3330 3331 3462 3461 
3098 3331 3332 3463 3462 
3099 3332 3333 3464 3463 
3100 3333 3334 3465 3464 
3101 3334 3335 3466 3465 
3102 3335 3336 3467 3466 
3103 3336 3337 3468 3467 
3104 3337 3338 3469 3468 
3105 3338 3339 3470 3469 
3106 3339 3340 3471 3470 
3107 3340 3341 3472 3471 
3108 3341 3342 3473 3472 
3109 3342 3343 3474 3473 
3110 3343 3344 3475 3474 
3111 3344 3345 3476 3475 
3112 3345 3346 3477 3476 
3113 3346 3347 3478 3477 
3114 3347 3348 3479 3478 
3115 3348 3349 3480 3479 
3116 3349 3350 3481 3480 
3117 3350 3351 3482 3481 
3118 3351 3352 3483 3482 
3119 3352 3353 3484 3483 
3120 3353 3354 3485 3484 
3121 3354 3355 3486 3485 
3122 3355 3356 3487 3486 
3123 3356 3357 3488 3487 
3124 3357 3358 3489 3488 
3125 3358 3359 3490 3489 
3126 3359 3360 3491 3490 
3127 3360 3361 3492 3491 
3128 3361 3362 3493 3492 
3129 3362 3363 3494 3493 
3130 3363 3364 3495 3494 
3131 3364 3365 3496 3495 
3132 3365 3366 3497 3496 
3133 3366 3367 3498 3497 
3134 3367 3368 3499 3498 
3135 3368 3369 3500 3499 
3136 3369 3370 3501 3500 
3137 3370 3371 3502 3501 
3138 3371 3372 3503 3502 
3139 3372 3373 3504 3503 
3140 3373 3374 3505 3504 
3141 3374 3375 3506 3505 
3142 3375 3376 3507 3506 
3143 3376 3377 3508 3507 
3144 3377 3378 3509 3508 
3145 3378 3379 3510 3509 
3146 3379 3380 3511 3510 
3147 3380 3381 3512 3511 
3148 3381 3382 3513 3512 
3149 3382 3383 3514 3513 
3150 3383 3384 3515 3514 
3151 3384 3385 3516 3515 
3152 3385 3386 3517 3516 
3153 3386 3387 3518 3517 
3154 3387 3388 3519 3518 
3155 3388 3389 3520 3519 
3156 3389 3390 3521 3520 
3157 3390 3391 3522 3521 
3158 3391 3392 3523 3522 
3159 3392 3393 3524 3523 
3160 3393 3394 3525 3524 
3161 3394 3395 3526 3525 
3162 3395 3396 3527 3526 
3163 3396 3397 3528 3527 
3164 3397 3398 3529 3528 
3165 3398 3399 3530 3529 
3166 3399 3400 3531 3530 
3167 3400 3401 3532 3531 
3168 3401 3402 3533 3532 
3169 3402 3403 3534 3533 
3170 3403 3404 3535 3534 
3171 3404 3405 3536 3535 
3172 3405 3406 3537 3536 
3173 3406 3407 3538 3537 
3174 3407 3408 3539 3538 
3175 3408 3409 3540 3539 
3176 3409 3410 3541 3540 
3177 3410 3411 3542 3541 
3178 3411 3412 3543 3542 
3179 3412 3413 3544 3543 
3180 3413 307 308 3544 
3181 123 3414 3545 124 
3182 3414 3415 3546 3545 
3183 3415 3416 3547 3546 
3184 3416 3417 3548 3547 
3185 3417 3418 3549 3548 
3186 3418 3419 3550 3549 
3187 3419 3420 3551 3550 
3188 3420 3421 3552 3551 
3189 3421 3422 3553 3552 
3190 3422 3423 3554 3553 
3191 3423 3424 3555 3554 
3192 3424 3425 3556 3555 
3193 3425 3426 3557 3556 
3194 3426 3427 3558 3557 
3195 3427 3428 3559 3558 
3196 3428 3429 3560 3559 
3197 3429 3430 3561 3560 
3198 3430 3431 3562 3561 
3199 3431 3432 3563 3562 
3200 3432 3433 3564 3563 
3201 3433 3434 3565 3564 
3202 3434 3435 3566 3565 
3203 3435 3436 3567 3566 
3204 3436 3437 3568 3567 
3205 3437 3438 3569 3568 
3206 3438 3439 3570 3569 
3207 3439 3440 3571 3570 
3208 3440 3441 3572 3571 
3209 3441 3442 3573 3572 
3210 3442 3443 3574 3573 
3211 3443 3444 3575 3574 
3212 3444 3445 3576 3575 
3213 3445 3446 3577 3576 
3214 3446 3447 3578 3577 
3215 3447 3448 3579 3578 
3216 3448 3449 3580 3579 
3217 3449 3450 3581 3580 
3218 3450 3451 3582 3581 
3219 3451 3452 3583 3582 
3220 3452 3453 3584 3583 
3221 3453 3454 3585 3584 
3222 3454 3455 3586 3585 
3223 3455 3456 3587 3586 
3224 3456 3457 3588 3587 
3225 3457 3458 3589 3588 
3226 3458 3459 3590 3589 
3227 3459 3460 3591 3590 
3228 3460 3461 3592 3591 
3229 3461 3462 3593 3592 
3230 3462 3463 3594 3593 
3231 3463 3464 3595 3594 
3232 3464 3465 3596 3595 
3233 3465 3466 3597 3596 
3234 3466 3467 3598 3597 
3235 3467 3468 3599 3598 
3236 3468 3469 3600 3599 
3237 3469 3470 3601 3600 
3238 3470 3471 3602 3601 
3239 3471 3472 3603 3602 
3240 3472 3473 3604 3603 
3241 3473 3474 3605 3604 
3242 3474 3475 3606 3605 
3243 3475 3476 3607 3606 
3244 3476 3477 3608 3607 
3245 3477 3478 3609 3608 
3246 3478 3479 3610 3609 
3247 3479 3480 3611 3610 
3248 3480 3481 3612 3611 
3249 3481 3482 3613 3612 
3250 3482 3483 3614 3613 
3251 3483 3484 3615 3614 
3252 3484 3485 3616 3615 
3253 3485 3486 3617 3616 
3254 3486 3487 3618 3617 
3255 3487 3488 3619 3618 
3256 3488 3489 3620 3619 
3257 3489 3490 3621 3620 
3258 3490 3491 3622 3621 
3259 3491 3492 3623 3622 
3260 3492 3493 3624 3623 
3261 3493 3494 3625 3624 
3262 3494 3495 3626 3625 
3263 3495 3496 3627 3626 
3264 3496 3497 3628 3627 
3265 3497 3498 3629 3628 
3266 3498 3499 3630 3629 
3267 3499 3500 3631 3630 
3268 3500 3501 3632 3631 
3269 3501 3502 3633 3632 
3270 3502 3503 3634 3633 
3271 3503 3504 3635 3634 
3272 3504 3505 3636 3635 
3273 3505 3506 3637 3636 
3274 3506 3507 3638 3637 
3275 3507 3508 3639 3638 
3276 3508 3509 3640 3639 
3277 3509 3510 3641 3640 
3278 3510 3511 3642 3641 
3279 3511 3512 3643 3642 
3280 3512 3513 3644 3643 
3281 3513 3514 3645 3644 
3282 3514 3515 3646 3645 
3283 3515 3516 3647 3646 
3284 3516 3517 3648 3647 
3285 3517 3518 3649 3648 
3286 3518 3519 3650 3649 
3287 3519 3520 3651 3650 
3288 3520 3521 3652 3651 
3289 3521 3522 3653 3652 
3290 3522 3523 3654 3653 
3291 3523 3524 3655 3654 
3292 3524 3525 3656 3655 
3293 3525 3526 3657 3656 
3294 3526 3527 3658 3657 
3295 3527 3528 3659 3658 
3296 3528 3529 3660 3659 
3297 3529 3530 3661 3660 
3298 3530 3531 3662 3661 
3299 3531 3532 3663 3662 
3300 3532 3533 3664 3663 
3301 3533 3534 3665 3664 
3302 3534 3535 3666 3665 
3303 3535 3536 3667 3666 
3304 3536 3537 3668 3667 
3305 3537 3538 3669 3668 
3306 3538 3539 3670 3669 
3307 3539 3540 3671 3670 
3308 3540 3541 3672 3671 
3309 3541 3542 3673 3672 
3310 3542 3543 3674 3673 
3311 3543 3544 3675 3674 
3312 3544 308 309 3675 
3313 124 3545 3676 125 
3314 3545 3546 3677 3676 
3315 3546 3547 3678 3677 
3316 3547 3548 3679 3678 
3317 3548 3549 3680 3679 
3318 3549 3550 3681 3680 
3319 3550 3551 3682 3681 
3320 3551 3552 3683 3682 
3321 3552 3553 3684 3683 
3322 3553 3554 3685 3684 
3323 3554 3555 3686 3685 
3324 3555 3556 3687 3686 
3325 3556 3557 3688 3687 
3326 3557 3558 3689 3688 
3327 3558 3559 3690 3689 
3328 3559 3560 3691 3690 
3329 3560 3561 3692 3691 
3330 3561 3562 3693 3692 
3331 3562 3563 3694 3693 
3332 3563 3564 3695 3694 
3333 3564 3565 3696 3695 
3334 3565 3566 3697 3696 
3335 3566 3567 3698 3697 
3336 3567 3568 3699 3698 
3337 3568 3569 3700 3699 
3338 3569 3570 3701 3700 
3339 3570 3571 3702 3701 
3340 3571 3572 3703 3702 
3341 3572 3573 3704 3703 
3342 3573 3574 3705 3704 
3343 3574 3575 3706 3705 
3344 3575 3576 3707 3706 
3345 3576 3577 3708 3707 
3346 3577 3578 3709 3708 
3347 3578 3579 3710 3709 
3348 3579 3580 3711 3710 
3349 3580 3581 3712 3711 
3350 3581 3582 3713 3712 
3351 3582 3583 3714 3713 
3352 3583 3584 3715 3714 
3353 3584 3585 3716 3715 
3354 3585 3586 3717 3716 
3355 3586 3587 3718 3717 
3356 3587 3588 3719 3718 
3357 3588 3589 3720 3719 
3358 3589 3590 3721 3720 
3359 3590 3591 3722 3721 
3360 3591 3592 3723 3722 
3361 3592 3593 3724 3723 
3362 3593 3594 3725 3724 
3363 3594 3595 3726 3725 
3364 3595 3596 3727 3726 
3365 3596 3597 3728 3727 
3366 3597 3598 3729 3728 
3367 3598 3599 3730 3729 
3368 3599 3600 3731 3730 
3369 3600 3601 3732 3731 
3370 3601 3602 3733 3732 
3371 3602 3603 3734 3733 
3372 3603 3604 3735 3734 
3373 3604 3605 3736 3735 
3374 3605 3606 3737 3736 
3375 3606 3607 3738 3737 
3376 3607 3608 3739 3738 
3377 3608 3609 3740 3739 
3378 3609 3610 3741 3740 
3379 3610 3611 3742 3741 
3380 3611 3612 3743 3742 
3381 3612 3613 3744 3743 
3382 3613 3614 3745 3744 
3383 3614 3615 3746 3745 
3384 3615 3616 3747 3746 
3385 3616 3617 3748 3747 
3386 3617 3618 3749 3748 
3387 3618 3619 3750 3749 
3388 3619 3620 3751 3750 
3389 3620 3621 3752 3751 
3390 3621 3622 3753 3752 
3391 3622 3623 3754 3753 
3392 3623 3624 3755 3754 
3393 3624 3625 3756 3755 
3394 3625 3626 3757 3756 
3395 3626 3627 3758 3757 
3396 3627 3628 3759 3758 
3397 3628 3629 3760 3759 
3398 3629 3630 3761 3760 
3399 3630 3631 3762 3761 
3400 3631 3632 3763 3762 
3401 3632 3633 3764 3763 
3402 3633 3634 3765 3764 
3403 3634 3635 3766 3765 
3404 3635 3636 3767 3766 
3405 3636 3637 3768 3767 
3406 3637 3638 3769 3768 
3407 3638 3639 3770 3769 
3408 3639 3640 3771 3770 
3409 3640 3641 3772 3771 
3410 3641 3642 3773 3772 
3411 3642 3643 3774 3773 
3412 3643 3644 3775 3774 
3413 3644 3645 3776 3775 
3414 3645 3646 3777 3776 
3415 3646 3647 3778 3777 
3416 3647 3648 3779 3778 
3417 3648 3649 3780 3779 
3418 3649 3650 3781 3780 
3419 3650 3651 3782 3781 
3420 3651 3652 3783 3782 
3421 3652 3653 3784 3783 
3422 3653 3654 3785 3784 
3423 3654 3655 3786 3785 
3424 3655 3656 3787 3786 
3425 3656 3657 3788 3787 
3426 3657 3658 3789 3788 
3427 3658 3659 3790 3789 
3428 3659 3660 3791 3790 
3429 3660 3661 3792 3791 
3430 3661 3662 3793 3792 
3431 3662 3663 3794 3793 
3432 3663 3664 3795 3794 
3433 3664 3665 3796 3795 
3434 3665 3666 3797 3796 
3435 3666 3667 3798 3797 
3436 3667 3668 3799 3798 
3437 3668 3669 3800 3799 
3438 3669 3670 3801 3800 
3439 3670 3671 3802 3801 
3440 3671 3672 3803 3802 
3441 3672 3673 3804 3803 
3442 3673 3674 3805 3804 
3443 3674 3675 3806 3805 
3444 3675 309 310 3806 
3445 125 3676 3807 126 
3446 3676 3677 3808 3807 
3447 3677 3678 3809 3808 
3448 3678 3679 3810 3809 
3449 3679 3680 3811 3810 
3450 3680 3681 3812 3811 
3451 3681 3682 3813 3812 
3452 3682 3683 3814 3813 
3453 3683 3684 3815 3814 
3454 3684 3685 3816 3815 
3455 3685 3686 3817 3816 
3456 3686 3687 3818 3817 
3457 3687 3688 3819 3818 
3458 3688 3689 3820 3819 
3459 3689 3690 3821 3820 
3460 3690 3691 3822 3821 
3461 3691 3692 3823 3822 
3462 3692 3693 3824 3823 
3463 3693 3694 3825 3824 
3464 3694 3695 3826 3825 
3465 3695 3696 3827 3826 
3466 3696 3697 3828 3827 
3467 3697 3698 3829 3828 
3468 3698 3699 3830 3829 
3469 3699 3700 3831 3830 
3470 3700 3701 3832 3831 
3471 3701 3702 3833 3832 
3472 3702 3703 3834 3833 
3473 3703 3704 3835 3834 
3474 3704 3705 3836 3835 
3475 3705 3706 3837 3836 
3476 3706 3707 3838 3837 
3477 3707 3708 3839 3838 
3478 3708 3709 3840 3839 
3479 3709 3710 3841 3840 
3480 3710 3711 3842 3841 
3481 3711 3712 3843 3842 
3482 3712 3713 3844 3843 
3483 3713 3714 3845 3844 
3484 3714 3715 3846 3845 
3485 3715 3716 3847 3846 
3486 3716 3717 3848 3847 
3487 3717 3718 3849 3848 
3488 3718 3719 3850 3849 
3489 3719 3720 3851 3850 
3490 3720 3721 3852 3851 
3491 3721 3722 3853 3852 
3492 3722 3723 3854 3853 
3493 3723 3724 3855 3854 
3494 3724 3725 3856 3855 
3495 3725 3726 3857 3856 
3496 3726 3727 3858 3857 
3497 3727 3728 3859 3858 
3498 3728 3729 3860 3859 
3499 3729 3730 3861 3860 
3500 3730 3731 3862 3861 
3501 3731 3732 3863 3862 
3502 3732 3733 3864 3863 
3503 3733 3734 3865 3864 
3504 3734 3735 3866 3865 
3505 3735 3736 3867 3866 
3506 3736 3737 3868 3867 
3507 3737 3738 3869 3868 
3508 3738 3739 3870 3869 
3509 3739 3740 3871 3870 
3510 3740 3741 3872 3871 
3511 3741 3742 3873 3872 
3512 3742 3743 3874 3873 
3513 3743 3744 3875 3874 
3514 3744 3745 3876 3875 
3515 3745 3746 3877 3876 
3516 3746 3747 3878 3877 
3517 3747 3748 3879 3878 
3518 3748 3749 3880 3879 
3519 3749 3750 3881 3880 
3520 3750 3751 3882 3881 
3521 3751 3752 3883 3882 
3522 3752 3753 3884 3883 
3523 3753 3754 3885 3884 
3524 3754 3755 3886 3885 
3525 3755 3756 3887 3886 
3526 3756 3757 3888 3887 
3527 3757 3758 3889 3888 
3528 3758 3759 3890 3889 
3529 3759 3760 3891 3890 
3530 3760 3761 3892 3891 
3531 3761 3762 3893 3892 
3532 3762 3763 3894 3893 
3533 3763 3764 3895 3894 
3534 3764 3765 3896 3895 
3535 3765 3766 3897 3896 
3536 3766 3767 3898 3897 
3537 3767 3768 3899 3898 
3538 3768 3769 3900 3899 
3539 3769 3770 3901 3900 
3540 3770 3771 3902 3901 
3541 3771 3772 3903 3902 
3542 3772 3773 3904 3903 
3543 3773 3774 3905 3904 
3544 3774 3775 3906 3905 
3545 3775 3776 3907 3906 
3546 3776 3777 3908 3907 
3547 3777 3778 3909 3908 
3548 3778 3779 3910 3909 
3549 3779 3780 3911 3910 
3550 3780 3781 3912 3911 
3551 3781 3782 3913 3912 
3552 3782 3783 3914 3913 
3553 3783 3784 3915 3914 
3554 3784 3785 3916 3915 
3555 3785 3786 3917 3916 
3556 3786 3787 3918 3917 
3557 3787 3788 3919 3918 
3558 3788 3789 3920 3919 
3559 3789 3790 3921 3920 
3560 3790 3791 3922 3921 
3561 3791 3792 3923 3922 
3562 3792 3793 3924 3923 
3563 3793 3794 3925 3924 
3564 3794 3795 3926 3925 
3565 3795 3796 3927 3926 
3566 3796 3797 3928 3927 
3567 3797 3798 3929 3928 
3568 3798 3799 3930 3929 
3569 3799 3800 3931 3930 
3570 3800 3801 3932 3931 
3571 3801 3802 3933 3932 
3572 3802 3803 3934 3933 
3573 3803 3804 3935 3934 
3574 3804 3805 3936 3935 
3575 3805 3806 3937 3936 
3576 3806 310 311 3937 
3577 126 3807 3938 127 
3578 3807 3808 3939 3938 
3579 3808 3809 3940 3939 
3580 3809 3810 3941 3940 
3581 3810 3811 3942 3941 
3582 3811 3812 3943 3942 
3583 3812 3813 3944 3943 
3584 3813 3814 3945 3944 
3585 3814 3815 3946 3945 
3586 3815 3816 3947 3946 
3587 3816 3817 3948 3947 
3588 3817 3818 3949 3948 
3589 3818 3819 3950 3949 
3590 3819 3820 3951 3950 
3591 3820 3821 3952 3951 
3592 3821 3822 3953 3952 
3593 3822 3823 3954 3953 
3594 3823 3824 3955 3954 
3595 3824 3825 3956 3955 
3596 3825 3826 3957 3956 
3597 3826 3827 3958 3957 
3598 3827 3828 3959 3958 
3599 3828 3829 3960 3959 
3600 3829 3830 3961 3960 
3601 3830 3831 3962 3961 
3602 3831 3832 3963 3962 
3603 3832 3833 3964 3963 
3604 3833 3834 3965 3964 
3605 3834 3835 3966 3965 
3606 3835 3836 3967 3966 
3607 3836 3837 3968 3967 
3608 3837 3838 3969 3968 
3609 3838 3839 3970 3969 
3610 3839 3840 3971 3970 
3611 3840 3841 3972 3971 
3612 3841 3842 3973 3972 
3613 3842 3843 3974 3973 
3614 3843 3844 3975 3974 
3615 3844 3845 3976 3975 
3616 3845 3846 3977 3976 
3617 3846 3847 3978 3977 
3618 3847 3848 3979 3978 
3619 3848 3849 3980 3979 
3620 3849 3850 3981 3980 
3621 3850 3851 3982 3981 
3622 3851 3852 3983 3982 
3623 3852 3853 3984 3983 
3624 3853 3854 3985 3984 
3625 3854 3855 3986 3985 
3626 3855 3856 3987 3986 
3627 3856 3857 3988 3987 
3628 3857 3858 3989 3988 
3629 3858 3859 3990 3989 
3630 3859 3860 3991 3990 
3631 3860 3861 3992 3991 
3632 3861 3862 3993 3992 
3633 3862 3863 3994 3993 
3634 3863 3864 3995 3994 
3635 3864 3865 3996 3995 
3636 3865 3866 3997 3996 
3637 3866 3867 3998 3997 
3638 3867 3868 3999 3998 
3639 3868 3869 4000 3999 
3640 3869 3870 4001 4000 
3641 3870 3871 4002 4001 
3642 3871 3872 4003 4002 
3643 3872 3873 4004 4003 
3644 3873 3874 4005 4004 
3645 3874 3875 4006 4005 
3646 3875 3876 4007 4006 
3647 3876 3877 4008 4007 
3648 3877 3878 4009 4008 
3649 3878 3879 4010 4009 
3650 3879 3880 4011 4010 
3651 3880 3881 4012 4011 
3652 3881 3882 4013 4012 
3653 3882 3883 4014 4013 
3654 3883 3884 4015 4014 
3655 3884 3885 4016 4015 
3656 3885 3886 4017 4016 
3657 3886 3887 4018 4017 
3658 3887 3888 4019 4018 
3659 3888 3889 4020 4019 
3660 3889 3890 4021 4020 
3661 3890 3891 4022 4021 
3662 3891 3892 4023 4022 
3663 3892 3893 4024 4023 
3664 3893 3894 4025 4024 
3665 3894 3895 4026 4025 
3666 3895 3896 4027 4026 
3667 3896 3897 4028 4027 
3668 3897 3898 4029 4028 
3669 3898 3899 4030 4029 
3670 3899 3900 4031 4030 
3671 3900 3901 4032 4031 
3672 3901 3902 4033 4032 
3673 3902 3903 4034 4033 
3674 3903 3904 4035 4034 
3675 3904 3905 4036 4035 
3676 3905 3906 4037 4036 
3677 3906 3907 4038 4037 
3678 3907 3908 4039 4038 
3679 3908 3909 4040 4039 
3680 3909 3910 4041 4040 
3681 3910 3911 4042 4041 
3682 3911 3912 4043 4042 
3683 3912 3913 4044 4043 
3684 3913 3914 4045 4044 
3685 3914 3915 4046 4045 
3686 3915 3916 4047 4046 
3687 3916 3917 4048 4047 
3688 3917 3918 4049 4048 
3689 3918 3919 4050 4049 
3690 3919 3920 4051 4050 
3691 3920 3921 4052 4051 
3692 3921 3922 4053 4052 
3693 3922 3923 4054 4053 
3694 3923 3924 4055 4054 
3695 3924 3925 4056 4055 
3696 3925 3926 4057 4056 
3697 3926 3927 4058 4057 
3698 3927 3928 4059 4058 
3699 3928 3929 4060 4059 
3700 3929 3930 4061 4060 
3701 3930 3931 4062 4061 
3702 3931 3932 4063 4062 
3703 3932 3933 4064 4063 
3704 3933 3934 4065 4064 
3705 3934 3935 4066 4065 
3706 3935 3936 4067 4066 
3707 3936 3937 4068 4067 
3708 3937 311 312 4068 
3709 127 3938 4069 128 
3710 3938 3939 4070 4069 
3711 3939 3940 4071 4070 
3712 3940 3941 4072 4071 
3713 3941 3942 4073 4072 
3714 3942 3943 4074 4073 
3715 3943 3944 4075 4074 
3716 3944 3945 4076 4075 
3717 3945 3946 4077 4076 
3718 3946 3947 4078 4077 
3719 3947 3948 4079 4078 
3720 3948 3949 4080 4079 
3721 3949 3950 4081 4080 
3722 3950 3951 4082 4081 
3723 3951 3952 4083 4082 
3724 3952 3953 4084 4083 
3725 3953 3954 4085 4084 
3726 3954 3955 4086 4085 
3727 3955 3956 4087 4086 
3728 3956 3957 4088 4087 
3729 3957 3958 4089 4088 
3730 3958 3959 4090 4089 
3731 3959 3960 4091 4090 
3732 3960 3961 4092 4091 
3733 3961 3962 4093 4092 
3734 3962 3963 4094 4093 
3735 3963 3964 4095 4094 
3736 3964 3965 4096 4095 
3737 3965 3966 4097 4096 
3738 3966 3967 4098 4097 
3739 3967 3968 4099 4098 
3740 3968 3969 4100 4099 
3741 3969 3970 4101 4100 
3742 3970 3971 4102 4101 
3743 3971 3972 4103 4102 
3744 3972 3973 4104 4103 
3745 3973 3974 4105 4104 
3746 3974 3975 4106 4105 
3747 3975 3976 4107 4106 
3748 3976 3977 4108 4107 
3749 3977 3978 4109 4108 
3750 3978 3979 4110 4109 
3751 3979 3980 4111 4110 
3752 3980 3981 4112 4111 
3753 3981 3982 4113 4112 
3754 3982 3983 4114 4113 
3755 3983 3984 4115 4114 
3756 3984 3985 4116 4115 
3757 3985 3986 4117 4116 
3758 3986 3987 4118 4117 
3759 3987 3988 4119 4118 
3760 3988 3989 4120 4119 
3761 3989 3990 4121 4120 
3762 3990 3991 4122 4121 
3763 3991 3992 4123 4122 
3764 3992 3993 4124 4123 
3765 3993 3994 4125 4124 
3766 3994 3995 4126 4125 
3767 3995 3996 4127 4126 
3768 3996 3997 4128 4127 
3769 3997 3998 4129 4128 
3770 3998 3999 4130 4129 
3771 3999 4000 4131 4130 
3772 4000 4001 4132 4131 
3773 4001 4002 4133 4132 
3774 4002 4003 4134 4133 
3775 4003 4004 4135 4134 
3776 4004 4005 4136 4135 
3777 4005 4006 4137 4136 
3778 4006 4007 4138 4137 
3779 4007 4008 4139 4138 
3780 4008 4009 4140 4139 
3781 4009 4010 4141 4140 
3782 4010 4011 4142 4141 
3783 4011 4012 4143 4142 
3784 4012 4013 4144 4143 
3785 4013 4014 4145 4144 
3786 4014 4015 4146 4145 
3787 4015 4016 4147 4146 
3788 4016 4017 4148 4147 
3789 4017 4018 4149 4148 
3790 4018 4019 4150 4149 
3791 4019 4020 4151 4150 
3792 4020 4021 4152 4151 
3793 4021 4022 4153 4152 
3794 4022 4023 4154 4153 
3795 4023 4024 4155 4154 
3796 4024 4025 4156 4155 
3797 4025 4026 4157 4156 
3798 4026 4027 4158 4157 
3799 4027 4028 4159 4158 
3800 4028 4029 4160 4159 
3801 4029 4030 4161 4160 
3802 4030 4031 4162 4161 
3803 4031 4032 4163 4162 
3804 4032 4033 4164 4163 
3805 4033 4034 4165 4164 
3806 4034 4035 4166 4165 
3807 4035 4036 4167 4166 
3808 4036 4037 4168 4167 
3809 4037 4038 4169 4168 
3810 4038 4039 4170 4169 
3811 4039 4040 4171 4170 
3812 4040 4041 4172 4171 
3813 4041 4042 4173 4172 
3814 4042 4043 4174 4173 
3815 4043 4044 4175 4174 
3816 4044 4045 4176 4175 
3817 4045 4046 4177 4176 
3818 4046 4047 4178 4177 
3819 4047 4048 4179 4178 
3820 4048 4049 4180 4179 
3821 4049 4050 4181 4180 
3822 4050 4051 4182 4181 
3823 4051 4052 4183 4182 
3824 4052 4053 4184 4183 
3825 4053 4054 4185 4184 
3826 4054 4055 4186 4185 
3827 4055 4056 4187 4186 
3828 4056 4057 4188 4187 
3829 4057 4058 4189 4188 
3830 4058 4059 4190 4189 
3831 4059 4060 4191 4190 
3832 4060 4061 4192 4191 
3833 4061 4062 4193 4192 
3834 4062 4063 4194 4193 
3835 4063 4064 4195 4194 
3836 4064 4065 4196 4195 
3837 4065 4066 4197 4196 
3838 4066 4067 4198 4197 
3839 4067 4068 4199 4198 
3840 4068 312 313 4199 
3841 128 4069 4200 129 
3842 4069 4070 4201 4200 
3843 4070 4071 4202 4201 
3844 4071 4072 4203 4202 
3845 4072 4073 4204 4203 
3846 4073 4074 4205 4204 
3847 4074 4075 4206 4205 
3848 4075 4076 4207 4206 
3849 4076 4077 4208 4207 
3850 4077 4078 4209 4208 
3851 4078 4079 4210 4209 
3852 4079 4080 4211 4210 
3853 4080 4081 4212 4211 
3854 4081 4082 4213 4212 
3855 4082 4083 4214 4213 
3856 4083 4084 4215 4214 
3857 4084 4085 4216 4215 
3858 4085 4086 4217 4216 
3859 4086 4087 4218 4217 
3860 4087 4088 4219 4218 
3861 4088 4089 4220 4219 
3862 4089 4090 4221 4220 
3863 4090 4091 4222 4221 
3864 4091 4092 4223 4222 
3865 4092 4093 4224 4223 
3866 4093 4094 4225 4224 
3867 4094 4095 4226 4225 
3868 4095 4096 4227 4226 
3869 4096 4097 4228 4227 
3870 4097 4098 4229 4228 
3871 4098 4099 4230 4229 
3872 4099 4100 4231 4230 
3873 4100 4101 4232 4231 
3874 4101 4102 4233 4232 
3875 4102 4103 4234 4233 
3876 4103 4104 4235 4234 
3877 4104 4105 4236 4235 
3878 4105 4106 4237 4236 
3879 4106 4107 4238 4237 
3880 4107 4108 4239 4238 
3881 4108 4109 4240 4239 
3882 4109 4110 4241 4240 
3883 4110 4111 4242 4241 
3884 4111 4112 4243 4242 
3885 4112 4113 4244 4243 
3886 4113 4114 4245 4244 
3887 4114 4115 4246 4245 
3888 4115 4116 4247 4246 
3889 4116 4117 4248 4247 
3890 4117 4118 4249 4248 
3891 4118 4119 4250 4249 
3892 4119 4120 4251 4250 
3893 4120 4121 4252 4251 
3894 4121 4122 4253 4252 
3895 4122 4123 4254 4253 
3896 4123 4124 4255 4254 
3897 4124 4125 4256 4255 
3898 4125 4126 4257 4256 
3899 4126 4127 4258 4257 
3900 4127 4128 4259 4258 
3901 4128 4129 4260 4259 
3902 4129 4130 4261 4260 
3903 4130 4131 4262 4261 
3904 4131 4132 4263 4262 
3905 4132 4133 4264 4263 
3906 4133 4134 4265 4264 
3907 4134 4135 4266 4265 
3908 4135 4136 4267 4266 
3909 4136 4137 4268 4267 
3910 4137 4138 4269 4268 
3911 4138 4139 4270 4269 
3912 4139 4140 4271 4270 
3913 4140 4141 4272 4271 
3914 4141 4142 4273 4272 
3915 4142 4143 4274 4273 
3916 4143 4144 4275 4274 
3917 4144 4145 4276 4275 
3918 4145 4146 4277 4276 
3919 4146 4147 4278 4277 
3920 4147 4148 4279 4278 
3921 4148 4149 4280 4279 
3922 4149 4150 4281 4280 
3923 4150 4151 4282 4281 
3924 4151 4152 4283 4282 
3925 4152 4153 4284 4283 
3926 4153 4154 4285 4284 
3927 4154 4155 4286 4285 
3928 4155 4156 4287 4286 
3929 4156 4157 4288 4287 
3930 4157 4158 4289 4288 
3931 4158 4159 4290 4289 
3932 4159 4160 4291 4290 
3933 4160 4161 4292 4291 
3934 4161 4162 4293 4292 
3935 4162 4163 4294 4293 
3936 4163 4164 4295 4294 
3937 4164 4165 4296 4295 
3938 4165 4166 4297 4296 
3939 4166 4167 4298 4297 
3940 4167 4168 4299 4298 
3941 4168 4169 4300 4299 
3942 4169 4170 4301 4300 
3943 4170 4171 4302 4301 
3944 4171 4172 4303 4302 
3945 4172 4173 4304 4303 
3946 4173 4174 4305 4304 
3947 4174 4175 4306 4305 
3948 4175 4176 4307 4306 
3949 4176 4177 4308 4307 
3950 4177 4178 4309 4308 
3951 4178 4179 4310 4309 
3952 4179 4180 4311 4310 
3953 4180 4181 4312 4311 
3954 4181 4182 4313 4312 
3955 4182 4183 4314 4313 
3956 4183 4184 4315 4314 
3957 4184 4185 4316 4315 
3958 4185 4186 4317 4316 
3959 4186 4187 4318 4317 
3960 4187 4188 4319 4318 
3961 4188 4189 4320 4319 
3962 4189 4190 4321 4320 
3963 4190 4191 4322 4321 
3964 4191 4192 4323 4322 
3965 4192 4193 4324 4323 
3966 4193 4194 4325 4324 
3967 4194 4195 4326 4325 
3968 4195 4196 4327 4326 
3969 4196 4197 4328 4327 
3970 4197 4198 4329 4328 
3971 4198 4199 4330 4329 
3972 4199 313 314 4330 
3973 129 4200 4331 130 
3974 4200 4201 4332 4331 
3975 4201 4202 4333 4332 
3976 4202 4203 4334 4333 
3977 4203 4204 4335 4334 
3978 4204 4205 4336 4335 
3979 4205 4206 4337 4336 
3980 4206 4207 4338 4337 
3981 4207 4208 4339 4338 
3982 4208 4209 4340 4339 
3983 4209 4210 4341 4340 
3984 4210 4211 4342 4341 
3985 4211 4212 4343 4342 
3986 4212 4213 4344 4343 
3987 4213 4214 4345 4344 
3988 4214 4215 4346 4345 
3989 4215 4216 4347 4346 
3990 4216 4217 4348 4347 
3991 4217 4218 4349 4348 
3992 4218 4219 4350 4349 
3993 4219 4220 4351 4350 
3994 4220 4221 4352 4351 
3995 4221 4222 4353 4352 
3996 4222 4223 4354 4353 
3997 4223 4224 4355 4354 
3998 4224 4225 4356 4355 
3999 4225 4226 4357 4356 
4000 4226 4227 4358 4357 
4001 4227 4228 4359 4358 
4002 4228 4229 4360 4359 
4003 4229 4230 4361 4360 
4004 4230 4231 4362 4361 
4005 4231 4232 4363 4362 
4006 4232 4233 4364 4363 
4007 4233 4234 4365 4364 
4008 4234 4235 4366 4365 
4009 4235 4236 4367 4366 
4010 4236 4237 4368 4367 
4011 4237 4238 4369 4368 
4012 4238 4239 4370 4369 
4013 4239 4240 4371 4370 
4014 4240 4241 4372 4371 
4015 4241 4242 4373 4372 
4016 4242 4243 4374 4373 
4017 4243 4244 4375 4374 
4018 4244 4245 4376 4375 
4019 4245 4246 4377 4376 
4020 4246 4247 4378 4377 
4021 4247 4248 4379 4378 
4022 4248 4249 4380 4379 
4023 4249 4250 4381 4380 
4024 4250 4251 4382 4381 
4025 4251 4252 4383 4382 
4026 4252 4253 4384 4383 
4027 4253 4254 4385 4384 
4028 4254 4255 4386 4385 
4029 4255 4256 4387 4386 
4030 4256 4257 4388 4387 
4031 4257 4258 4389 4388 
4032 4258 4259 4390 4389 
4033 4259 4260 4391 4390 
4034 4260 4261 4392 4391 
4035 4261 4262 4393 4392 
4036 4262 4263 4394 4393 
4037 4263 4264 4395 4394 
4038 4264 4265 4396 4395 
4039 4265 4266 4397 4396 
4040 4266 4267 4398 4397 
4041 4267 4268 4399 4398 
4042 4268 4269 4400 4399 
4043 4269 4270 4401 4400 
4044 4270 4271 4402 4401 
4045 4271 4272 4403 4402 
4046 4272 4273 4404 4403 
4047 4273 4274 4405 4404 
4048 4274 4275 4406 4405 
4049 4275 4276 4407 4406 
4050 4276 4277 4408 4407 
4051 4277 4278 4409 4408 
4052 4278 4279 4410 4409 
4053 4279 4280 4411 4410 
4054 4280 4281 4412 4411 
4055 4281 4282 4413 4412 
4056 4282 4283 4414 4413 
4057 4283 4284 4415 4414 
4058 4284 4285 4416 4415 
4059 4285 4286 4417 4416 
4060 4286 4287 4418 4417 
4061 4287 4288 4419 4418 
4062 4288 4289 4420 4419 
4063 4289 4290 4421 4420 
4064 4290 4291 4422 4421 
4065 4291 4292 4423 4422 
4066 4292 4293 4424 4423 
4067 4293 4294 4425 4424 
4068 4294 4295 4426 4425 
4069 4295 4296 4427 4426 
4070 4296 4297 4428 4427 
4071 4297 4298 4429 4428 
4072 4298 4299 4430 4429 
4073 4299 4300 4431 4430 
4074 4300 4301 4432 4431 
4075 4301 4302 4433 4432 
4076 4302 4303 4434 4433 
4077 4303 4304 4435 4434 
4078 4304 4305 4436 4435 
4079 4305 4306 4437 4436 
4080 4306 4307 4438 4437 
4081 4307 4308 4439 4438 
4082 4308 4309 4440 4439 
4083 4309 4310 4441 4440 
4084 4310 4311 4442 4441 
4085 4311 4312 4443 4442 
4086 4312 4313 4444 4443 
4087 4313 4314 4445 4444 
4088 4314 4315 4446 4445 
4089 4315 4316 4447 4446 
4090 4316 4317 4448 4447 
4091 4317 4318 4449 4448 
4092 4318 4319 4450 4449 
4093 4319 4320 4451 4450 
4094 4320 4321 4452 4451 
4095 4321 4322 4453 4452 
4096 4322 4323 4454 4453 
4097 4323 4324 4455 4454 
4098 4324 4325 4456 4455 
4099 4325 4326 4457 4456 
4100 4326 4327 4458 4457 
4101 4327 4328 4459 4458 
4102 4328 4329 4460 4459 
4103 4329 4330 4461 4460 
4104 4330 314 315 4461 
4105 130 4331 4462 131 
4106 4331 4332 4463 4462 
4107 4332 4333 4464 4463 
4108 4333 4334 4465 4464 
4109 4334 4335 4466 4465 
4110 4335 4336 4467 4466 
4111 4336 4337 4468 4467 
4112 4337 4338 4469 4468 
4113 4338 4339 4470 4469 
4114 4339 4340 4471 4470 
4115 4340 4341 4472 4471 
4116 4341 4342 4473 4472 
4117 4342 4343 4474 4473 
4118 4343 4344 4475 4474 
4119 4344 4345 4476 4475 
4120 4345 4346 4477 4476 
4121 4346 4347 4478 4477 
4122 4347 4348 4479 4478 
4123 4348 4349 4480 4479 
4124 4349 4350 4481 4480 
4125 4350 4351 4482 4481 
4126 4351 4352 4483 4482 
4127 4352 4353 4484 4483 
4128 4353 4354 4485 4484 
4129 4354 4355 4486 4485 
4130 4355 4356 4487 4486 
4131 4356 4357 4488 4487 
4132 4357 4358 4489 4488 
4133 4358 4359 4490 4489 
4134 4359 4360 4491 4490 
4135 4360 4361 4492 4491 
4136 4361 4362 4493 4492 
4137 4362 4363 4494 4493 
4138 4363 4364 4495 4494 
4139 4364 4365 4496 4495 
4140 4365 4366 4497 4496 
4141 4366 4367 4498 4497 
4142 4367 4368 4499 4498 
4143 4368 4369 4500 4499 
4144 4369 4370 4501 4500 
4145 4370 4371 4502 4501 
4146 4371 4372 4503 4502 
4147 4372 4373 4504 4503 
4148 4373 4374 4505 4504 
4149 4374 4375 4506 4505 
4150 4375 4376 4507 4506 
4151 4376 4377 4508 4507 
4152 4377 4378 4509 4508 
4153 4378 4379 4510 4509 
4154 4379 4380 4511 4510 
4155 4380 4381 4512 4511 
4156 4381 4382 4513 4512 
4157 4382 4383 4514 4513 
4158 4383 4384 4515 4514 
4159 4384 4385 4516 4515 
4160 4385 4386 4517 4516 
4161 4386 4387 4518 4517 
4162 4387 4388 4519 4518 
4163 4388 4389 4520 4519 
4164 4389 4390 4521 4520 
4165 4390 4391 4522 4521 
4166 4391 4392 4523 4522 
4167 4392 4393 4524 4523 
4168 4393 4394 4525 4524 
4169 4394 4395 4526 4525 
4170 4395 4396 4527 4526 
4171 4396 4397 4528 4527 
4172 4397 4398 4529 4528 
4173 4398 4399 4530 4529 
4174 4399 4400 4531 4530 
4175 4400 4401 4532 4531 
4176 4401 4402 4533 4532 
4177 4402 4403 4534 4533 
4178 4403 4404 4535 4534 
4179 4404 4405 4536 4535 
4180 4405 4406 4537 4536 
4181 4406 4407 4538 4537 
4182 4407 4408 4539 4538 
4183 4408 4409 4540 4539 
4184 4409 4410 4541 4540 
4185 4410 4411 4542 4541 
4186 4411 4412 4543 4542 
4187 4412 4413 4544 4543 
4188 4413 4414 4545 4544 
4189 4414 4415 4546 4545 
4190 4415 4416 4547 4546 
4191 4416 4417 4548 4547 
4192 4417 4418 4549 4548 
4193 4418 4419 4550 4549 
4194 4419 4420 4551 4550 
4195 4420 4421 4552 4551 
4196 4421 4422 4553 4552 
4197 4422 4423 4554 4553 
4198 4423 4424 4555 4554 
4199 4424 4425 4556 4555 
4200 4425 4426 4557 4556 
4201 4426 4427 4558 4557 
4202 4427 4428 4559 4558 
4203 4428 4429 4560 4559 
4204 4429 4430 4561 4560 
4205 4430 4431 4562 4561 
4206 4431 4432 4563 4562 
4207 4432 4433 4564 4563 
4208 4433 4434 4565 4564 
4209 4434 4435 4566 4565 
4210 4435 4436 4567 4566 
4211 4436 4437 4568 4567 
4212 4437 4438 4569 4568 
4213 4438 4439 4570 4569 
4214 4439 4440 4571 4570 
4215 4440 4441 4572 4571 
4216 4441 4442 4573 4572 
4217 4442 4443 4574 4573 
4218 4443 4444 4575 4574 
4219 4444 4445 4576 4575 
4220 4445 4446 4577 4576 
4221 4446 4447 4578 4577 
4222 4447 4448 4579 4578 
4223 4448 4449 4580 4579 
4224 4449 4450 4581 4580 
4225 4450 4451 4582 4581 
4226 4451 4452 4583 4582 
4227 4452 4453 4584 4583 
4228 4453 4454 4585 4584 
4229 4454 4455 4586 4585 
4230 4455 4456 4587 4586 
4231 4456 4457 4588 4587 
4232 4457 4458 4589 4588 
4233 4458 4459 4590 4589 
4234 4459 4460 4591 4590 
4235 4460 4461 4592 4591 
4236 4461 315 316 4592 
4237 131 4462 4593 132 
4238 4462 4463 4594 4593 
4239 4463 4464 4595 4594 
4240 4464 4465 4596 4595 
4241 4465 4466 4597 4596 
4242 4466 4467 4598 4597 
4243 4467 4468 4599 4598 
4244 4468 4469 4600 4599 
4245 4469 4470 4601 4600 
4246 4470 4471 4602 4601 
4247 4471 4472 4603 4602 
4248 4472 4473 4604 4603 
4249 4473 4474 4605 4604 
4250 4474 4475 4606 4605 
4251 4475 4476 4607 4606 
4252 4476 4477 4608 4607 
4253 4477 4478 4609 4608 
4254 4478 4479 4610 4609 
4255 4479 4480 4611 4610 
4256 4480 4481 4612 4611 
4257 4481 4482 4613 4612 
4258 4482 4483 4614 4613 
4259 4483 4484 4615 4614 
4260 4484 4485 4616 4615 
4261 4485 4486 4617 4616 
4262 4486 4487 4618 4617 
4263 4487 4488 4619 4618 
4264 4488 4489 4620 4619 
4265 4489 4490 4621 4620 
4266 4490 4491 4622 4621 
4267 4491 4492 4623 4622 
4268 4492 4493 4624 4623 
4269 4493 4494 4625 4624 
4270 4494 4495 4626 4625 
4271 4495 4496 4627 4626 
4272 4496 4497 4628 4627 
4273 4497 4498 4629 4628 
4274 4498 4499 4630 4629 
4275 4499 4500 4631 4630 
4276 4500 4501 4632 4631 
4277 4501 4502 4633 4632 
4278 4502 4503 4634 4633 
4279 4503 4504 4635 4634 
4280 4504 4505 4636 4635 
4281 4505 4506 4637 4636 
4282 4506 4507 4638 4637 
4283 4507 4508 4639 4638 
4284 4508 4509 4640 4639 
4285 4509 4510 4641 4640 
4286 4510 4511 4642 4641 
4287 4511 4512 4643 4642 
4288 4512 4513 4644 4643 
4289 4513 4514 4645 4644 
4290 4514 4515 4646 4645 
4291 4515 4516 4647 4646 
4292 4516 4517 4648 4647 
4293 4517 4518 4649 4648 
4294 4518 4519 4650 4649 
4295 4519 4520 4651 4650 
4296 4520 4521 4652 4651 
4297 4521 4522 4653 4652 
4298 4522 4523 4654 4653 
4299 4523 4524 4655 4654 
4300 4524 4525 4656 4655 
4301 4525 4526 4657 4656 
4302 4526 4527 4658 4657 
4303 4527 4528 4659 4658 
4304 4528 4529 4660 4659 
4305 4529 4530 4661 4660 
4306 4530 4531 4662 4661 
4307 4531 4532 4663 4662 
4308 4532 4533 4664 4663 
4309 4533 4534 4665 4664 
4310 4534 4535 4666 4665 
4311 4535 4536 4667 4666 
4312 4536 4537 4668 4667 
4313 4537 4538 4669 4668 
4314 4538 4539 4670 4669 
4315 4539 4540 4671 4670 
4316 4540 4541 4672 4671 
4317 4541 4542 4673 4672 
4318 4542 4543 4674 4673 
4319 4543 4544 4675 4674 
4320 4544 4545 4676 4675 
4321 4545 4546 4677 4676 
4322 4546 4547 4678 4677 
4323 4547 4548 4679 4678 
4324 4548 4549 4680 4679 
4325 4549 4550 4681 4680 
4326 4550 4551 4682 4681 
4327 4551 4552 4683 4682 
4328 4552 4553 4684 4683 
4329 4553 4554 4685 4684 
4330 4554 4555 4686 4685 
4331 4555 4556 4687 4686 
4332 4556 4557 4688 4687 
4333 4557 4558 4689 4688 
4334 4558 4559 4690 4689 
4335 4559 4560 4691 4690 
4336 4560 4561 4692 4691 
4337 4561 4562 4693 4692 
4338 4562 4563 4694 4693 
4339 4563 4564 4695 4694 
4340 4564 4565 4696 4695 
4341 4565 4566 4697 4696 
4342 4566 4567 4698 4697 
4343 4567 4568 4699 4698 
4344 4568 4569 4700 4699 
4345 4569 4570 4701 4700 
4346 4570 4571 4702 4701 
4347 4571 4572 4703 4702 
4348 4572 4573 4704 4703 
4349 4573 4574 4705 4704 
4350 4574 4575 4706 4705 
4351 4575 4576 4707 4706 
4352 4576 4577 4708 4707 
4353 4577 4578 4709 4708 
4354 4578 4579 4710 4709 
4355 4579 4580 4711 4710 
4356 4580 4581 4712 4711 
4357 4581 4582 4713 4712 
4358 4582 4583 4714 4713 
4359 4583 4584 4715 4714 
4360 4584 4585 4716 4715 
4361 4585 4586 4717 4716 
4362 4586 4587 4718 4717 
4363 4587 4588 4719 4718 
4364 4588 4589 4720 4719 
4365 4589 4590 4721 4720 
4366 4590 4591 4722 4721 
4367 4591 4592 4723 4722 
4368 4592 316 317 4723 
4369 132 4593 4724 133 
4370 4593 4594 4725 4724 
4371 4594 4595 4726 4725 
4372 4595 4596 4727 4726 
4373 4596 4597 4728 4727 
4374 4597 4598 4729 4728 
4375 4598 4599 4730 4729 
4376 4599 4600 4731 4730 
4377 4600 4601 4732 4731 
4378 4601 4602 4733 4732 
4379 4602 4603 4734 4733 
4380 4603 4604 4735 4734 
4381 4604 4605 4736 4735 
4382 4605 4606 4737 4736 
4383 4606 4607 4738 4737 
4384 4607 4608 4739 4738 
4385 4608 4609 4740 4739 
4386 4609 4610 4741 4740 
4387 4610 4611 4742 4741 
4388 4611 4612 4743 4742 
4389 4612 4613 4744 4743 
4390 4613 4614 4745 4744 
4391 4614 4615 4746 4745 
4392 4615 4616 4747 4746 
4393 4616 4617 4748 4747 
4394 4617 4618 4749 4748 
4395 4618 4619 4750 4749 
4396 4619 4620 4751 4750 
4397 4620 4621 4752 4751 
4398 4621 4622 4753 4752 
4399 4622 4623 4754 4753 
4400 4623 4624 4755 4754 
4401 4624 4625 4756 4755 
4402 4625 4626 4757 4756 
4403 4626 4627 4758 4757 
4404 4627 4628 4759 4758 
4405 4628 4629 4760 4759 
4406 4629 4630 4761 4760 
4407 4630 4631 4762 4761 
4408 4631 4632 4763 4762 
4409 4632 4633 4764 4763 
4410 4633 4634 4765 4764 
4411 4634 4635 4766 4765 
4412 4635 4636 4767 4766 
4413 4636 4637 4768 4767 
4414 4637 4638 4769 4768 
4415 4638 4639 4770 4769 
4416 4639 4640 4771 4770 
4417 4640 4641 4772 4771 
4418 4641 4642 4773 4772 
4419 4642 4643 4774 4773 
4420 4643 4644 4775 4774 
4421 4644 4645 4776 4775 
4422 4645 4646 4777 4776 
4423 4646 4647 4778 4777 
4424 4647 4648 4779 4778 
4425 4648 4649 4780 4779 
4426 4649 4650 4781 4780 
4427 4650 4651 4782 4781 
4428 4651 4652 4783 4782 
4429 4652 4653 4784 4783 
4430 4653 4654 4785 4784 
4431 4654 4655 4786 4785 
4432 4655 4656 4787 4786 
4433 4656 4657 4788 4787 
4434 4657 4658 4789 4788 
4435 4658 4659 4790 4789 
4436 4659 4660 4791 4790 
4437 4660 4661 4792 4791 
4438 4661 4662 4793 4792 
4439 4662 4663 4794 4793 
4440 4663 4664 4795 4794 
4441 4664 4665 4796 4795 
4442 4665 4666 4797 4796 
4443 4666 4667 4798 4797 
4444 4667 4668 4799 4798 
4445 4668 4669 4800 4799 
4446 4669 4670 4801 4800 
4447 4670 4671 4802 4801 
4448 4671 4672 4803 4802 
4449 4672 4673 4804 4803 
4450 4673 4674 4805 4804 
4451 4674 4675 4806 4805 
4452 4675 4676 4807 4806 
4453 4676 4677 4808 4807 
4454 4677 4678 4809 4808 
4455 4678 4679 4810 4809 
4456 4679 4680 4811 4810 
4457 4680 4681 4812 4811 
4458 4681 4682 4813 4812 
4459 4682 4683 4814 4813 
4460 4683 4684 4815 4814 
4461 4684 4685 4816 4815 
4462 4685 4686 4817 4816 
4463 4686 4687 4818 4817 
4464 4687 4688 4819 4818 
4465 4688 4689 4820 4819 
4466 4689 4690 4821 4820 
4467 4690 4691 4822 4821 
4468 4691 4692 4823 4822 
4469 4692 4693 4824 4823 
4470 4693 4694 4825 4824 
4471 4694 4695 4826 4825 
4472 4695 4696 4827 4826 
4473 4696 4697 4828 4827 
4474 4697 4698 4829 4828 
4475 4698 4699 4830 4829 
4476 4699 4700 4831 4830 
4477 4700 4701 4832 4831 
4478 4701 4702 4833 4832 
4479 4702 4703 4834 4833 
4480 4703 4704 4835 4834 
4481 4704 4705 4836 4835 
4482 4705 4706 4837 4836 
4483 4706 4707 4838 4837 
4484 4707 4708 4839 4838 
4485 4708 4709 4840 4839 
4486 4709 4710 4841 4840 
4487 4710 4711 4842 4841 
4488 4711 4712 4843 4842 
4489 4712 4713 4844 4843 
4490 4713 4714 4845 4844 
4491 4714 4715 4846 4845 
4492 4715 4716 4847 4846 
4493 4716 4717 4848 4847 
4494 4717 4718 4849 4848 
4495 4718 4719 4850 4849 
4496 4719 4720 4851 4850 
4497 4720 4721 4852 4851 
4498 4721 4722 4853 4852 
4499 4722 4723 4854 4853 
4500 4723 317 318 4854 
4501 133 4724 4855 134 
4502 4724 4725 4856 4855 
4503 4725 4726 4857 4856 
4504 4726 4727 4858 4857 
4505 4727 4728 4859 4858 
4506 4728 4729 4860 4859 
4507 4729 4730 4861 4860 
4508 4730 4731 4862 4861 
4509 4731 4732 4863 4862 
4510 4732 4733 4864 4863 
4511 4733 4734 4865 4864 
4512 4734 4735 4866 4865 
4513 4735 4736 4867 4866 
4514 4736 4737 4868 4867 
4515 4737 4738 4869 4868 
4516 4738 4739 4870 4869 
4517 4739 4740 4871 4870 
4518 4740 4741 4872 4871 
4519 4741 4742 4873 4872 
4520 4742 4743 4874 4873 
4521 4743 4744 4875 4874 
4522 4744 4745 4876 4875 
4523 4745 4746 4877 4876 
4524 4746 4747 4878 4877 
4525 4747 4748 4879 4878 
4526 4748 4749 4880 4879 
4527 4749 4750 4881 4880 
4528 4750 4751 4882 4881 
4529 4751 4752 4883 4882 
4530 4752 4753 4884 4883 
4531 4753 4754 4885 4884 
4532 4754 4755 4886 4885 
4533 4755 4756 4887 4886 
4534 4756 4757 4888 4887 
4535 4757 4758 4889 4888 
4536 4758 4759 4890 4889 
4537 4759 4760 4891 4890 
4538 4760 4761 4892 4891 
4539 4761 4762 4893 4892 
4540 4762 4763 4894 4893 
4541 4763 4764 4895 4894 
4542 4764 4765 4896 4895 
4543 4765 4766 4897 4896 
4544 4766 4767 4898 4897 
4545 4767 4768 4899 4898 
4546 4768 4769 4900 4899 
4547 4769 4770 4901 4900 
4548 4770 4771 4902 4901 
4549 4771 4772 4903 4902 
4550 4772 4773 4904 4903 
4551 4773 4774 4905 4904 
4552 4774 4775 4906 4905 
4553 4775 4776 4907 4906 
4554 4776 4777 4908 4907 
4555 4777 4778 4909 4908 
4556 4778 4779 4910 4909 
4557 4779 4780 4911 4910 
4558 4780 4781 4912 4911 
4559 4781 4782 4913 4912 
4560 4782 4783 4914 4913 
4561 4783 4784 4915 4914 
4562 4784 4785 4916 4915 
4563 4785 4786 4917 4916 
4564 4786 4787 4918 4917 
4565 4787 4788 4919 4918 
4566 4788 4789 4920 4919 
4567 4789 4790 4921 4920 
4568 4790 4791 4922 4921 
4569 4791 4792 4923 4922 
4570 4792 4793 4924 4923 
4571 4793 4794 4925 4924 
4572 4794 4795 4926 4925 
4573 4795 4796 4927 4926 
4574 4796 4797 4928 4927 
4575 4797 4798 4929 4928 
4576 4798 4799 4930 4929 
4577 4799 4800 4931 4930 
4578 4800 4801 4932 4931 
4579 4801 4802 4933 4932 
4580 4802 4803 4934 4933 
4581 4803 4804 4935 4934 
4582 4804 4805 4936 4935 
4583 4805 4806 4937 4936 
4584 4806 4807 4938 4937 
4585 4807 4808 4939 4938 
4586 4808 4809 4940 4939 
4587 4809 4810 4941 4940 
4588 4810 4811 4942 4941 
4589 4811 4812 4943 4942 
4590 4812 4813 4944 4943 
4591 4813 4814 4945 4944 
4592 4814 4815 4946 4945 
4593 4815 4816 4947 4946 
4594 4816 4817 4948 4947 
4595 4817 4818 4949 4948 
4596 4818 4819 4950 4949 
4597 4819 4820 4951 4950 
4598 4820 4821 4952 4951 
4599 4821 4822 4953 4952 
4600 4822 4823 4954 4953 
4601 4823 4824 4955 4954 
4602 4824 4825 4956 4955 
4603 4825 4826 4957 4956 
4604 4826 4827 4958 4957 
4605 4827 4828 4959 4958 
4606 4828 4829 4960 4959 
4607 4829 4830 4961 4960 
4608 4830 4831 4962 4961 
4609 4831 4832 4963 4962 
4610 4832 4833 4964 4963 
4611 4833 4834 4965 4964 
4612 4834 4835 4966 4965 
4613 4835 4836 4967 4966 
4614 4836 4837 4968 4967 
4615 4837 4838 4969 4968 
4616 4838 4839 4970 4969 
4617 4839 4840 4971 4970 
4618 4840 4841 4972 4971 
4619 4841 4842 4973 4972 
4620 4842 4843 4974 4973 
4621 4843 4844 4975 4974 
4622 4844 4845 4976 4975 
4623 4845 4846 4977 4976 
4624 4846 4847 4978 4977 
4625 4847 4848 4979 4978 
4626 4848 4849 4980 4979 
4627 4849 4850 4981 4980 
4628 4850 4851 4982 4981 
4629 4851 4852 4983 4982 
4630 4852 4853 4984 4983 
4631 4853 4854 4985 4984 
4632 4854 318 319 4985 
4633 134 4855 4986 135 
4634 4855 4856 4987 4986 
4635 4856 4857 4988 4987 
4636 4857 4858 4989 4988 
4637 4858 4859 4990 4989 
4638 4859 4860 4991 4990 
4639 4860 4861 4992 4991 
4640 4861 4862 4993 4992 
4641 4862 4863 4994 4993 
4642 4863 4864 4995 4994 
4643 4864 4865 4996 4995 
4644 4865 4866 4997 4996 
4645 4866 4867 4998 4997 
4646 4867 4868 4999 4998 
4647 4868 4869 5000 4999 
4648 4869 4870 5001 5000 
4649 4870 4871 5002 5001 
4650 4871 4872 5003 5002 
4651 4872 4873 5004 5003 
4652 4873 4874 5005 5004 
4653 4874 4875 5006 5005 
4654 4875 4876 5007 5006 
4655 4876 4877 5008 5007 
4656 4877 4878 5009 5008 
4657 4878 4879 5010 5009 
4658 4879 4880 5011 5010 
4659 4880 4881 5012 5011 
4660 4881 4882 5013 5012 
4661 4882 4883 5014 5013 
4662 4883 4884 5015 5014 
4663 4884 4885 5016 5015 
4664 4885 4886 5017 5016 
4665 4886 4887 5018 5017 
4666 4887 4888 5019 5018 
4667 4888 4889 5020 5019 
4668 4889 4890 5021 5020 
4669 4890 4891 5022 5021 
4670 4891 4892 5023 5022 
4671 4892 4893 5024 5023 
4672 4893 4894 5025 5024 
4673 4894 4895 5026 5025 
4674 4895 4896 5027 5026 
4675 4896 4897 5028 5027 
4676 4897 4898 5029 5028 
4677 4898 4899 5030 5029 
4678 4899 4900 5031 5030 
4679 4900 4901 5032 5031 
4680 4901 4902 5033 5032 
4681 4902 4903 5034 5033 
4682 4903 4904 5035 5034 
4683 4904 4905 5036 5035 
4684 4905 4906 5037 5036 
4685 4906 4907 5038 5037 
4686 4907 4908 5039 5038 
4687 4908 4909 5040 5039 
4688 4909 4910 5041 5040 
4689 4910 4911 5042 5041 
4690 4911 4912 5043 5042 
4691 4912 4913 5044 5043 
4692 4913 4914 5045 5044 
4693 4914 4915 5046 5045 
4694 4915 4916 5047 5046 
4695 4916 4917 5048 5047 
4696 4917 4918 5049 5048 
4697 4918 4919 5050 5049 
4698 4919 4920 5051 5050 
4699 4920 4921 5052 5051 
4700 4921 4922 5053 5052 
4701 4922 4923 5054 5053 
4702 4923 4924 5055 5054 
4703 4924 4925 5056 5055 
4704 4925 4926 5057 5056 
4705 4926 4927 5058 5057 
4706 4927 4928 5059 5058 
4707 4928 4929 5060 5059 
4708 4929 4930 5061 5060 
4709 4930 4931 5062 5061 
4710 4931 4932 5063 5062 
4711 4932 4933 5064 5063 
4712 4933 4934 5065 5064 
4713 4934 4935 5066 5065 
4714 4935 4936 5067 5066 
4715 4936 4937 5068 5067 
4716 4937 4938 5069 5068 
4717 4938 4939 5070 5069 
4718 4939 4940 5071 5070 
4719 4940 4941 5072 5071 
4720 4941 4942 5073 5072 
4721 4942 4943 5074 5073 
4722 4943 4944 5075 5074 
4723 4944 4945 5076 5075 
4724 4945 4946 5077 5076 
4725 4946 4947 5078 5077 
4726 4947 4948 5079 5078 
4727 4948 4949 5080 5079 
4728 4949 4950 5081 5080 
4729 4950 4951 5082 5081 
4730 4951 4952 5083 5082 
4731 4952 4953 5084 5083 
4732 4953 4954 5085 5084 
4733 4954 4955 5086 5085 
4734 4955 4956 5087 5086 
4735 4956 4957 5088 5087 
4736 4957 4958 5089 5088 
4737 4958 4959 5090 5089 
4738 4959 4960 5091 5090 
4739 4960 4961 5092 5091 
4740 4961 4962 5093 5092 
4741 4962 4963 5094 5093 
4742 4963 4964 5095 5094 
4743 4964 4965 5096 5095 
4744 4965 4966 5097 5096 
4745 4966 4967 5098 5097 
4746 4967 4968 5099 5098 
4747 4968 4969 5100 5099 
4748 4969 4970 5101 5100 
4749 4970 4971 5102 5101 
4750 4971 4972 5103 5102 
4751 4972 4973 5104 5103 
4752 4973 4974 5105 5104 
4753 4974 4975 5106 5105 
4754 4975 4976 5107 5106 
4755 4976 4977 5108 5107 
4756 4977 4978 5109 5108 
4757 4978 4979 5110 5109 
4758 4979 4980 5111 5110 
4759 4980 4981 5112 5111 
4760 4981 4982 5113 5112 
4761 4982 4983 5114 5113 
4762 4983 4984 5115 5114 
4763 4984 4985 5116 5115 
4764 4985 319 320 5116 
4765 135 4986 5117 136 
4766 4986 4987 5118 5117 
4767 4987 4988 5119 5118 
4768 4988 4989 5120 5119 
4769 4989 4990 5121 5120 
4770 4990 4991 5122 5121 
4771 4991 4992 5123 5122 
4772 4992 4993 5124 5123 
4773 4993 4994 5125 5124 
4774 4994 4995 5126 5125 
4775 4995 4996 5127 5126 
4776 4996 4997 5128 5127 
4777 4997 4998 5129 5128 
4778 4998 4999 5130 5129 
4779 4999 5000 5131 5130 
4780 5000 5001 5132 5131 
4781 5001 5002 5133 5132 
4782 5002 5003 5134 5133 
4783 5003 5004 5135 5134 
4784 5004 5005 5136 5135 
4785 5005 5006 5137 5136 
4786 5006 5007 5138 5137 
4787 5007 5008 5139 5138 
4788 5008 5009 5140 5139 
4789 5009 5010 5141 5140 
4790 5010 5011 5142 5141 
4791 5011 5012 5143 5142 
4792 5012 5013 5144 5143 
4793 5013 5014 5145 5144 
4794 5014 5015 5146 5145 
4795 5015 5016 5147 5146 
4796 5016 5017 5148 5147 
4797 5017 5018 5149 5148 
4798 5018 5019 5150 5149 
4799 5019 5020 5151 5150 
4800 5020 5021 5152 5151 
4801 5021 5022 5153 5152 
4802 5022 5023 5154 5153 
4803 5023 5024 5155 5154 
4804 5024 5025 5156 5155 
4805 5025 5026 5157 5156 
4806 5026 5027 5158 5157 
4807 5027 5028 5159 5158 
4808 5028 5029 5160 5159 
4809 5029 5030 5161 5160 
4810 5030 5031 5162 5161 
4811 5031 5032 5163 5162 
4812 5032 5033 5164 5163 
4813 5033 5034 5165 5164 
4814 5034 5035 5166 5165 
4815 5035 5036 5167 5166 
4816 5036 5037 5168 5167 
4817 5037 5038 5169 5168 
4818 5038 5039 5170 5169 
4819 5039 5040 5171 5170 
4820 5040 5041 5172 5171 
4821 5041 5042 5173 5172 
4822 5042 5043 5174 5173 
4823 5043 5044 5175 5174 
4824 5044 5045 5176 5175 
4825 5045 5046 5177 5176 
4826 5046 5047 5178 5177 
4827 5047 5048 5179 5178 
4828 5048 5049 5180 5179 
4829 5049 5050 5181 5180 
4830 5050 5051 5182 5181 
4831 5051 5052 5183 5182 
4832 5052 5053 5184 5183 
4833 5053 5054 5185 5184 
4834 5054 5055 5186 5185 
4835 5055 5056 5187 5186 
4836 5056 5057 5188 5187 
4837 5057 5058 5189 5188 
4838 5058 5059 5190 5189 
4839 5059 5060 5191 5190 
4840 5060 5061 5192 5191 
4841 5061 5062 5193 5192 
4842 5062 5063 5194 5193 
4843 5063 5064 5195 5194 
4844 5064 5065 5196 5195 
4845 5065 5066 5197 5196 
4846 5066 5067 5198 5197 
4847 5067 5068 5199 5198 
4848 5068 5069 5200 5199 
4849 5069 5070 5201 5200 
4850 5070 5071 5202 5201 
4851 5071 5072 5203 5202 
4852 5072 5073 5204 5203 
4853 5073 5074 5205 5204 
4854 5074 5075 5206 5205 
4855 5075 5076 5207 5206 
4856 5076 5077 5208 5207 
4857 5077 5078 5209 5208 
4858 5078 5079 5210 5209 
4859 5079 5080 5211 5210 
4860 5080 5081 5212 5211 
4861 5081 5082 5213 5212 
4862 5082 5083 5214 5213 
4863 5083 5084 5215 5214 
4864 5084 5085 5216 5215 
4865 5085 5086 5217 5216 
4866 5086 5087 5218 5217 
4867 5087 5088 5219 5218 
4868 5088 5089 5220 5219 
4869 5089 5090 5221 5220 
4870 5090 5091 5222 5221 
4871 5091 5092 5223 5222 
4872 5092 5093 5224 5223 
4873 5093 5094 5225 5224 
4874 5094 5095 5226 5225 
4875 5095 5096 5227 5226 
4876 5096 5097 5228 5227 
4877 5097 5098 5229 5228 
4878 5098 5099 5230 5229 
4879 5099 5100 5231 5230 
4880 5100 5101 5232 5231 
4881 5101 5102 5233 5232 
4882 5102 5103 5234 5233 
4883 5103 5104 5235 5234 
4884 5104 5105 5236 5235 
4885 5105 5106 5237 5236 
4886 5106 5107 5238 5237 
4887 5107 5108 5239 5238 
4888 5108 5109 5240 5239 
4889 5109 5110 5241 5240 
4890 5110 5111 5242 5241 
4891 5111 5112 5243 5242 
4892 5112 5113 5244 5243 
4893 5113 5114 5245 5244 
4894 5114 5115 5246 5245 
4895 5115 5116 5247 5246 
4896 5116 320 321 5247 
4897 136 5117 24 25 
4898 5117 5118 23 24 
4899 5118 5119 22 23 
4900 5119 5120 21 22 
4901 5120 5121 20 21 
4902 5121 5122 19 20 
4903 5122 5123 18 19 
4904 5123 5124 17 18 
4905 5124 5125 16 17 
4906 5125 5126 15 16 
4907 5126 5127 14 15 
4908 5127 5128 13 14 
4909 5128 5129 12 13 
4910 5129 5130 11 12 
4911 5130 5131 10 11 
4912 5131 5132 9 10 
4913 5132 5133 8 9 
4914 5133 5134 7 8 
4915 5134 5135 6 7 
4916 5135 5136 5 6 
4917 5136 5137 4 5 
4918 5137 5138 3 4 
4919 5138 5139 2 3 
4920 5139 5140 1 2 
4921 5140 5141 184 1 
4922 5141 5142 185 184 
4923 5142 5143 186 185 
4924 5143 5144 187 186 
4925 5144 5145 188 187 
4926 5145 5146 189 188 
4927 5146 5147 190 189 
4928 5147 5148 191 190 
4929 5148 5149 192 191 
4930 5149 5150 193 192 
4931 5150 5151 194 193 
4932 5151 5152 195 194 
4933 5152 5153 196 195 
4934 5153 5154 197 196 
4935 5154 5155 198 197 
4936 5155 5156 199 198 
4937 5156 5157 200 199 
4938 5157 5158 201 200 
4939 5158 5159 202 201 
4940 5159 5160 203 202 
4941 5160 5161 204 203 
4942 5161 5162 205 204 
4943 5162 5163 206 205 
4944 5163 5164 207 206 
4945 5164 5165 208 207 
4946 5165 5166 209 208 
4947 5166 5167 210 209 
4948 5167 5168 211 210 
4949 5168 5169 212 211 
4950 5169 5170 213 212 
4951 5170 5171 214 213 
4952 5171 5172 215 214 
4953 5172 5173 216 215 
4954 5173 5174 217 216 
4955 5174 5175 218 217 
4956 5175 5176 219 218 
4957 5176 5177 220 219 
4958 5177 5178 221 220 
4959 5178 5179 222 221 
4960 5179 5180 223 222 
4961 5180 5181 224 223 
4962 5181 5182 225 224 
4963 5182 5183 226 225 
4964 5183 5184 227 226 
4965 5184 5185 228 227 
4966 5185 5186 229 228 
4967 5186 5187 230 229 
4968 5187 5188 231 230 
4969 5188 5189 232 231 
4970 5189 5190 233 232 
4971 5190 5191 234 233 
4972 5191 5192 235 234 
4973 5192 5193 236 235 
4974 5193 5194 237 236 
4975 5194 5195 238 237 
4976 5195 5196 239 238 
4977 5196 5197 240 239 
4978 5197 5198 241 240 
4979 5198 5199 242 241 
4980 5199 5200 243 242 
4981 5200 5201 244 243 
4982 5201 5202 245 244 
4983 5202 5203 246 245 
4984 5203 5204 247 246 
4985 5204 5205 248 247 
4986 5205 5206 249 248 
4987 5206 5207 250 249 
4988 5207 5208 251 250 
4989 5208 5209 252 251 
4990 5209 5210 253 252 
4991 5210 5211 254 253 
4992 5211 5212 255 254 
4993 5212 5213 256 255 
4994 5213 5214 257 256 
4995 5214 5215 258 257 
4996 5215 5216 259 258 
4997 5216 5217 260 259 
4998 5217 5218 261 260 
4999 5218 5219 262 261 
5000 5219 5220 263 262 
5001 5220 5221 264 263 
5002 5221 5222 265 264 
5003 5222 5223 266 265 
5004 5223 5224 267 266 
5005 5224 5225 268 267 
5006 5225 5226 269 268 
5007 5226 5227 270 269 
5008 5227 5228 271 270 
5009 5228 5229 272 271 
5010 5229 5230 273 272 
5011 5230 5231 274 273 
5012 5231 5232 275 274 
5013 5232 5233 276 275 
5014 5233 5234 277 276 
5015 5234 5235 278 277 
5016 5235 5236 279 278 
5017 5236 5237 280 279 
5018 5237 5238 281 280 
5019 5238 5239 282 281 
5020 5239 5240 283 282 
5021 5240 5241 284 283 
5022 5241 5242 285 284 
5023 5242 5243 286 285 
5024 5243 5244 287 286 
5025 5244 5245 288 287 
5026 5245 5246 289 288 
5027 5246 5247 290 289 
5028 5247 321 72 290 
2 6 3 4224
5029 43 44 5248 167 
5030 44 45 5249 5248 
5031 45 46 5250 5249 
5032 46 47 5251 5250 
5033 47 48 5252 5251 
5034 48 49 5253 5252 
5035 49 50 5254 5253 
5036 50 51 5255 5254 
5037 51 52 5256 5255 
5038 52 53 5257 5256 
5039 53 54 5258 5257 
5040 54 55 5259 5258 
5041 55 56 5260 5259 
5042 56 57 5261 5260 
5043 57 58 5262 5261 
5044 58 59 5263 5262 
5045 59 60 5264 5263 
5046 60 61 5265 5264 
5047 61 62 5266 5265 
5048 62 63 5267 5266 
5049 63 64 5268 5267 
5050 64 65 5269 5268 
5051 65 66 5270 5269 
5052 66 1 5271 5270 
5053 1 184 5272 5271 
5054 184 185 5273 5272 
5055 185 186 5274 5273 
5056 186 187 5275 5274 
5057 187 188 5276 5275 
5058 188 189 5277 5276 
5059 189 190 5278 5277 
5060 190 191 5279 5278 
5061 191 192 5280 5279 
5062 192 193 5281 5280 
5063 193 194 5282 5281 
5064 194 195 5283 5282 
5065 195 196 5284 5283 
5066 196 197 5285 5284 
5067 197 198 5286 5285 
5068 198 199 5287 5286 
5069 199 200 5288 5287 
5070 200 201 5289 5288 
5071 201 202 5290 5289 
5072 202 203 5291 5290 
5073 203 204 5292 5291 
5074 204 205 5293 5292 
5075 205 206 5294 5293 
5076 206 207 5295 5294 
5077 207 208 5296 5295 
5078 208 209 5297 5296 
5079 209 210 5298 5297 
5080 210 211 5299 5298 
5081 211 212 5300 5299 
5082 212 213 5301 5300 
5083 213 214 5302 5301 
5084 214 215 5303 5302 
5085 215 216 5304 5303 
5086 216 217 5305 5304 
5087 217 218 5306 5305 
5088 218 219 5307 5306 
5089 219 220 5308 5307 
5090 220 221 5309 5308 
5091 221 222 5310 5309 
5092 222 223 5311 5310 
5093 223 224 5312 5311 
5094 224 225 5313 5312 
5095 225 226 5314 5313 
5096 226 227 5315 5314 
5097 227 228 5316 5315 
5098 228 229 5317 5316 
5099 229 230 5318 5317 
5100 230 231 5319 5318 
5101 231 232 5320 5319 
5102 232 233 5321 5320 
5103 233 234 5322 5321 
5104 234 235 5323 5322 
5105 235 236 5324 5323 
5106 236 237 5325 5324 
5107 237 238 5326 5325 
5108 238 239 5327 5326 
5109 239 240 5328 5327 
5110 240 241 5329 5328 
5111 241 242 5330 5329 
5112 242 243 5331 5330 
5113 243 244 5332 5331 
5114 244 245 5333 5332 
5115 245 246 5334 5333 
5116 246 247 5335 5334 
5117 247 248 5336 5335 
5118 248 249 5337 5336 
5119 249 250 5338 5337 
5120 250 251 5339 5338 
5121 251 252 5340 5339 
5122 252 253 5341 5340 
5123 253 254 5342 5341 
5124 254 255 5343 5342 
5125 255 256 5344 5343 
5126 256 257 5345 5344 
5127 257 258 5346 5345 
5128 258 259 5347 5346 
5129 259 260 5348 5347 
5130 260 261 5349 5348 
5131 261 262 5350 5349 
5132 262 263 5351 5350 
5133 263 264 5352 5351 
5134 264 265 5353 5352 
5135 265 266 5354 5353 
5136 266 267 5355 5354 
5137 267 268 5356 5355 
5138 268 269 5357 5356 
5139 269 270 5358 5357 
5140 270 271 5359 5358 
5141 271 272 5360 5359 
5142 272 273 5361 5360 
5143 273 274 5362 5361 
5144 274 275 5363 5362 
5145 275 276 5364 5363 
5146 276 277 5365 5364 
5147 277 278 5366 5365 
5148 278 279 5367 5366 
5149 279 280 5368 5367 
5150 280 281 5369 5368 
5151 281 282 5370 5369 
5152 282 283 5371 5370 
5153 283 284 5372 5371 
5154 284 285 5373 5372 
5155 285 286 5374 5373 
5156 286 287 5375 5374 
5157 287 288 5376 5375 
5158 288 289 5377 5376 
5159 289 290 5378 5377 
5160 290 72 352 5378 
5161 167 5248 5379 166 
5162 5248 5249 5380 5379 
5163 5249 5250 5381 5380 
5164 5250 5251 5382 5381 
5165 5251 5252 5383 5382 
5166 5252 5253 5384 5383 
5167 5253 5254 5385 5384 
5168 5254 5255 5386 5385 
5169 5255 5256 5387 5386 
5170 5256 5257 5388 5387 
5171 5257 5258 5389 5388 
5172 5258 5259 5390 5389 
5173 5259 5260 5391 5390 
5174 5260 5261 5392 5391 
5175 5261 5262 5393 5392 
5176 5262 5263 5394 5393 
5177 5263 5264 5395 5394 
5178 5264 5265 5396 5395 
5179 5265 5266 5397 5396 
5180 5266 5267 5398 5397 
5181 5267 5268 5399 5398 
5182 5268 5269 5400 5399 
5183 5269 5270 5401 5400 
5184 5270 5271 5402 5401 
5185 5271 5272 5403 5402 
5186 5272 5273 5404 5403 
5187 5273 5274 5405 5404 
5188 5274 5275 5406 5405 
5189 5275 5276 5407 5406 
5190 5276 5277 5408 5407 
5191 5277 5278 5409 5408 
5192 5278 5279 5410 5409 
5193 5279 5280 5411 5410 
5194 5280 5281 5412 5411 
5195 5281 5282 5413 5412 
5196 5282 5283 5414 5413 
5197 5283 5284 5415 5414 
5198 5284 5285 5416 5415 
5199 5285 5286 5417 5416 
5200 5286 5287 5418 5417 
5201 5287 5288 5419 5418 
5202 5288 5289 5420 5419 
5203 5289 5290 5421 5420 
5204 5290 5291 5422 5421 
5205 5291 5292 5423 5422 
5206 5292 5293 5424 5423 
5207 5293 5294 5425 5424 
5208 5294 5295 5426 5425 
5209 5295 5296 5427 5426 
5210 5296 5297 5428 5427 
5211 5297 5298 5429 5428 
5212 5298 5299 5430 5429 
5213 5299 5300 5431 5430 
5214 5300 5301 5432 5431 
5215 5301 5302 5433 5432 
5216 5302 5303 5434 5433 
5217 5303 5304 5435 5434 
5218 5304 5305 5436 5435 
5219 5305 5306 5437 5436 
5220 5306 5307 5438 5437 
5221 5307 5308 5439 5438 
5222 5308 5309 5440 5439 
5223 5309 5310 5441 5440 
5224 5310 5311 5442 5441 
5225 5311 5312 5443 5442 
5226 5312 5313 5444 5443 
5227 5313 5314 5445 5444 
5228 5314 5315 5446 5445 
5229 5315 5316 5447 5446 
5230 5316 5317 5448 5447 
5231 5317 5318 5449 5448 
5232 5318 5319 5450 5449 
5233 5319 5320 5451 5450 
5234 5320 5321 5452 5451 
5235 5321 5322 5453 5452 
5236 5322 5323 5454 5453 
5237 5323 5324 5455 5454 
5238 5324 5325 5456 5455 
5239 5325 5326 5457 5456 
5240 5326 5327 5458 5457 
5241 5327 5328 5459 5458 
5242 5328 5329 5460 5459 
5243 5329 5330 5461 5460 
5244 5330 5331 5462 5461 
5245 5331 5332 5463 5462 
5246 5332 5333 5464 5463 
5247 5333 5334 5465 5464 
5248 5334 5335 5466 5465 
5249 5335 5336 5467 5466 
5250 5336 5337 5468 5467 
5251 5337 5338 5469 5468 
5252 5338 5339 5470 5469 
5253 5339 5340 5471 5470 
5254 5340 5341 5472 5471 
5255 5341 5342 5473 5472 
5256 5342 5343 5474 5473 
5257 5343 5344 5475 5474 
5258 5344 5345 5476 5475 
5259 5345 5346 5477 5476 
5260 5346 5347 5478 5477 
5261 5347 5348 5479 5478 
5262 5348 5349 5480 5479 
5263 5349 5350 5481 5480 
5264 5350 5351 5482 5481 
5265 5351 5352 5483 5482 
5266 5352 5353 5484 5483 
5267 5353 5354 5485 5484 
5268 5354 5355 5486 5485 
5269 5355 5356 5487 5486 
5270 5356 5357 5488 5487 
5271 5357 5358 5489 5488 
5272 5358 5359 5490 5489 
5273 5359 5360 5491 5490 
5274 5360 5361 5492 5491 
5275 5361 5362 5493 5492 
5276 5362 5363 5494 5493 
5277 5363 5364 5495 5494 
5278 5364 5365 5496 5495 
5279 5365 5366 5497 5496 
5280 5366 5367 5498 5497 
5281 5367 5368 5499 5498 
5282 5368 5369 5500 5499 
5283 5369 5370 5501 5500 
5284 5370 5371 5502 5501 
5285 5371 5372 5503 5502 
5286 5372 5373 5504 5503 
5287 5373 5374 5505 5504 
5288 5374 5375 5506 5505 
5289 5375 5376 5507 5506 
5290 5376 5377 5508 5507 
5291 5377 5378 5509 5508 
5292 5378 352 351 5509 
5293 166 5379 5510 165 
5294 5379 5380 5511 5510 
5295 5380 5381 5512 5511 
5296 5381 5382 5513 5512 
5297 5382 5383 5514 5513 
5298 5383 5384 5515 5514 
5299 5384 5385 5516 5515 
5300 5385 5386 5517 5516 
5301 5386 5387 5518 5517 
5302 5387 5388 5519 5518 
5303 5388 5389 5520 5519 
5304 5389 5390 5521 5520 
5305 5390 5391 5522 5521 
5306 5391 5392 5523 5522 
5307 5392 5393 5524 5523 
5308 5393 5394 5525 5524 
5309 5394 5395 5526 5525 
5310 5395 5396 5527 5526 
5311 5396 5397 5528 5527 
5312 5397 5398 5529 5528 
5313 5398 5399 5530 5529 
5314 5399 5400 5531 5530 
5315 5400 5401 5532 5531 
5316 5401 5402 5533 5532 
5317 5402 5403 5534 5533 
5318 5403 5404 5535 5534 
5319 5404 5405 5536 5535 
5320 5405 5406 5537 5536 
5321 5406 5407 5538 5537 
5322 5407 5408 5539 5538 
5323 5408 5409 5540 5539 
5324 5409 5410 5541 5540 
5325 5410 5411 5542 5541 
5326 5411 5412 5543 5542 
5327 5412 5413 5544 5543 
5328 5413 5414 5545 5544 
5329 5414 5415 5546 5545 
5330 5415 5416 5547 5546 
5331 5416 5417 5548 5547 
5332 5417 5418 5549 5548 
5333 5418 5419 5550 5549 
5334 5419 5420 5551 5550 
5335 5420 5421 5552 5551 
5336 5421 5422 5553 5552 
5337 5422 5423 5554 5553 
5338 5423 5424 5555 5554 
5339 5424 5425 5556 5555 
5340 5425 5426 5557 5556 
5341 5426 5427 5558 5557 
5342 5427 5428 5559 5558 
5343 5428 5429 5560 5559 
5344 5429 5430 5561 5560 
5345 5430 5431 5562 5561 
5346 5431 5432 5563 5562 
5347 5432 5433 5564 5563 
5348 5433 5434 5565 5564 
5349 5434 5435 5566 5565 
5350 5435 5436 5567 5566 
5351 5436 5437 5568 5567 
5352 5437 5438 5569 5568 
5353 5438 5439 5570 5569 
5354 5439 5440 5571 5570 
5355 5440 5441 5572 5571 
5356 5441 5442 5573 5572 
5357 5442 5443 5574 5573 
5358 5443 5444 5575 5574 
5359 5444 5445 5576 5575 
5360 5445 5446 5577 5576 
5361 5446 5447 5578 5577 
5362 5447 5448 5579 5578 
5363 5448 5449 5580 5579 
5364 5449 5450 5581 5580 
5365 5450 5451 5582 5581 
5366 5451 5452 5583 5582 
5367 5452 5453 5584 5583 
5368 5453 5454 5585 5584 
5369 5454 5455 5586 5585 
5370 5455 5456 5587 5586 
5371 5456 5457 5588 5587 
5372 5457 5458 5589 5588 
5373 5458 5459 5590 5589 
5374 5459 5460 5591 5590 
5375 5460 5461 5592 5591 
5376 5461 5462 5593 5592 
5377 5462 5463 5594 5593 
5378 5463 5464 5595 5594 
5379 5464 5465 5596 5595 
5380 5465 5466 5597 5596 
5381 5466 5467 5598 5597 
5382 5467 5468 5599 5598 
5383 5468 5469 5600 5599 
5384 5469 5470 5601 5600 
5385 5470 5471 5602 5601 
5386 5471 5472 5603 5602 
5387 5472 5473 5604 5603 
5388 5473 5474 5605 5604 
5389 5474 5475 5606 5605 
5390 5475 5476 5607 5606 
5391 5476 5477 5608 5607 
5392 5477 5478 5609 5608 
5393 5478 5479 5610 5609 
5394 5479 5480 5611 5610 
5395 5480 5481 5612 5611 
5396 5481 5482 5613 5612 
5397 5482 5483 5614 5613 
5398 5483 5484 5615 5614 
5399 5484 5485 5616 5615 
5400 5485 5486 5617 5616 
5401 5486 5487 5618 5617 
5402 5487 5488 5619 5618 
5403 5488 5489 5620 5619 
5404 5489 5490 5621 5620 
5405 5490 5491 5622 5621 
5406 5491 5492 5623 5622 
5407 5492 5493 5624 5623 
5408 5493 5494 5625 5624 
5409 5494 5495 5626 5625 
5410 5495 5496 5627 5626 
5411 5496 5497 5628 5627 
5412 5497 5498 5629 5628 
5413 5498 5499 5630 5629 
5414 5499 5500 5631 5630 
5415 5500 5501 5632 5631 
5416 5501 5502 5633 5632 
5417 5502 5503 5634 5633 
5418 5503 5504 5635 5634 
5419 5504 5505 5636 5635 
5420 5505 5506 5637 5636 
5421 5506 5507 5638 5637 
5422 5507 5508 5639 5638 
5423 5508 5509 5640 5639 
5424 5509 351 350 5640 
5425 165 5510 5641 164 
5426 5510 5511 5642 5641 
5427 5511 5512 5643 5642 
5428 5512 5513 5644 5643 
5429 5513 5514 5645 5644 
5430 5514 5515 5646 5645 
5431 5515 5516 5647 5646 
5432 5516 5517 5648 5647 
5433 5517 5518 5649 5648 
5434 5518 5519 5650 5649 
5435 5519 5520 5651 5650 
5436 5520 5521 5652 5651 
5437 5521 5522 5653 5652 
5438 5522 5523 5654 5653 
5439 5523 5524 5655 5654 
5440 5524 5525 5656 5655 
5441 5525 5526 5657 5656 
5442 5526 5527 5658 5657 
5443 5527 5528 5659 5658 
5444 5528 5529 5660 5659 
5445 5529 5530 5661 5660 
5446 5530 5531 5662 5661 
5447 5531 5532 5663 5662 
5448 5532 5533 5664 5663 
5449 5533 5534 5665 5664 
5450 5534 5535 5666 5665 
5451 5535 5536 5667 5666 
5452 5536 5537 5668 5667 
5453 5537 5538 5669 5668 
5454 5538 5539 5670 5669 
5455 5539 5540 5671 5670 
5456 5540 5541 5672 5671 
5457 5541 5542 5673 5672 
5458 5542 5543 5674 5673 
5459 5543 5544 5675 5674 
5460 5544 5545 5676 5675 
5461 5545 5546 5677 5676 
5462 5546 5547 5678 5677 
5463 5547 5548 5679 5678 
5464 5548 5549 5680 5679 
5465 5549 5550 5681 5680 
5466 5550 5551 5682 5681 
5467 5551 5552 5683 5682 
5468 5552 5553 5684 5683 
5469 5553 5554 5685 5684 
5470 5554 5555 5686 5685 
5471 5555 5556 5687 5686 
5472 5556 5557 5688 5687 
5473 5557 5558 5689 5688 
5474 5558 5559 5690 5689 
5475 5559 5560 5691 5690 
5476 5560 5561 5692 5691 
5477 5561 5562 5693 5692 
5478 5562 5563 5694 5693 
5479 5563 5564 5695 5694 
5480 5564 5565 5696 5695 
5481 5565 5566 5697 5696 
5482 5566 5567 5698 5697 
5483 5567 5568 5699 5698 
5484 5568 5569 5700 5699 
5485 5569 5570 5701 5700 
5486 5570 5571 5702 5701 
5487 5571 5572 5703 5702 
5488 5572 5573 5704 5703 
5489 5573 5574 5705 5704 
5490 5574 5575 5706 5705 
5491 5575 5576 5707 5706 
5492 5576 5577 5708 5707 
5493 5577 5578 5709 5708 
5494 5578 5579 5710 5709 
5495 5579 5580 5711 5710 
5496 5580 5581 5712 5711 
5497 5581 5582 5713 5712 
5498 5582 5583 5714 5713 
5499 5583 5584 5715 5714 
5500 5584 5585 5716 5715 
5501 5585 5586 5717 5716 
5502 5586 5587 5718 5717 
5503 5587 5588 5719 5718 
5504 5588 5589 5720 5719 
5505 5589 5590 5721 5720 
5506 5590 5591 5722 5721 
5507 5591 5592 5723 5722 
5508 5592 5593 5724 5723 
5509 5593 5594 5725 5724 
5510 5594 5595 5726 5725 
5511 5595 5596 5727 5726 
5512 5596 5597 5728 5727 
5513 5597 5598 5729 5728 
5514 5598 5599 5730 5729 
5515 5599 5600 5731 5730 
5516 5600 5601 5732 5731 
5517 5601 5602 5733 5732 
5518 5602 5603 5734 5733 
5519 5603 5604 5735 5734 
5520 5604 5605 5736 5735 
5521 5605 5606 5737 5736 
5522 5606 5607 5738 5737 
5523 5607 5608 5739 5738 
5524 5608 5609 5740 5739 
5525 5609 5610 5741 5740 
5526 5610 5611 5742 5741 
5527 5611 5612 5743 5742 
5528 5612 5613 5744 5743 
5529 5613 5614 5745 5744 
5530 5614 5615 5746 5745 
5531 5615 5616 5747 5746 
5532 5616 5617 5748 5747 
5533 5617 5618 5749 5748 
5534 5618 5619 5750 5749 
5535 5619 5620 5751 5750 
5536 5620 5621 5752 5751 
5537 5621 5622 5753 5752 
5538 5622 5623 5754 5753 
5539 5623 5624 5755 5754 
5540 5624 5625 5756 5755 
5541 5625 5626 5757 5756 
5542 5626 5627 5758 5757 
5543 5627 5628 5759 5758 
5544 5628 5629 5760 5759 
5545 5629 5630 5761 5760 
5546 5630 5631 5762 5761 
5547 5631 5632 5763 5762 
5548 5632 5633 5764 5763 
5549 5633 5634 5765 5764 
5550 5634 5635 5766 5765 
5551 5635 5636 5767 5766 
5552 5636 5637 5768 5767 
5553 5637 5638 5769 5768 
5554 5638 5639 5770 5769 
5555 5639 5640 5771 5770 
5556 5640 350 349 5771 
5557 164 5641 5772 163 
5558 5641 5642 5773 5772 
5559 5642 5643 5774 5773 
5560 5643 5644 5775 5774 
5561 5644 5645 5776 5775 
5562 5645 5646 5777 5776 
5563 5646 5647 5778 5777 
5564 5647 5648 5779 5778 
5565 5648 5649 5780 5779 
5566 5649 5650 5781 5780 
5567 5650 5651 5782 5781 
5568 5651 5652 5783 5782 
5569 5652 5653 5784 5783 
5570 5653 5654 5785 5784 
5571 5654 5655 5786 5785 
5572 5655 5656 5787 5786 
5573 5656 5657 5788 5787 
5574 5657 5658 5789 5788 
5575 5658 5659 5790 5789 
5576 5659 5660 5791 5790 
5577 5660 5661 5792 5791 
5578 5661 5662 5793 5792 
5579 5662 5663 5794 5793 
5580 5663 5664 5795 5794 
5581 5664 5665 5796 5795 
5582 5665 5666 5797 5796 
5583 5666 5667 5798 5797 
5584 5667 5668 5799 5798 
5585 5668 5669 5800 5799 
5586 5669 5670 5801 5800 
5587 5670 5671 5802 5801 
5588 5671 5672 5803 5802 
5589 5672 5673 5804 5803 
5590 5673 5674 5805 5804 
5591 5674 5675 5806 5805 
5592 5675 5676 5807 5806 
5593 5676 5677 5808 5807 
5594 5677 5678 5809 5808 
5595 5678 5679 5810 5809 
5596 5679 5680 5811 5810 
5597 5680 5681 5812 5811 
5598 5681 5682 5813 5812 
5599 5682 5683 5814 5813 
5600 5683 5684 5815 5814 
5601 5684 5685 5816 5815 
5602 5685 5686 5817 5816 
5603 5686 5687 5818 5817 
5604 5687 5688 5819 5818 
5605 5688 5689 5820 5819 
5606 5689 5690 5821 5820 
5607 5690 5691 5822 5821 
5608 5691 5692 5823 5822 
5609 5692 5693 5824 5823 
5610 5693 5694 5825 5824 
5611 5694 5695 5826 5825 
5612 5695 5696 5827 5826 
5613 5696 5697 5828 5827 
5614 5697 5698 5829 5828 
5615 5698 5699 5830 5829 
5616 5699 5700 5831 5830 
5617 5700 5701 5832 5831 
5618 5701 5702 5833 5832 
5619 5702 5703 5834 5833 
5620 5703 5704 5835 5834 
5621 5704 5705 5836 5835 
5622 5705 5706 5837 5836 
5623 5706 5707 5838 5837 
5624 5707 5708 5839 5838 
5625 5708 5709 5840 5839 
5626 5709 5710 5841 5840 
5627 5710 5711 5842 5841 
5628 5711 5712 5843 5842 
5629 5712 5713 5844 5843 
5630 5713 5714 5845 5844 
5631 5714 5715 5846 5845 
5632 5715 5716 5847 5846 
5633 5716 5717 5848 5847 
5634 5717 5718 5849 5848 
5635 5718 5719 5850 5849 
5636 5719 5720 5851 5850 
5637 5720 5721 5852 5851 
5638 5721 5722 5853 5852 
5639 5722 5723 5854 5853 
5640 5723 5724 5855 5854 
5641 5724 5725 5856 5855 
5642 5725 5726 5857 5856 
5643 5726 5727 5858 5857 
5644 5727 5728 5859 5858 
5645 5728 5729 5860 5859 
5646 5729 5730 5861 5860 
5647 5730 5731 5862 5861 
5648 5731 5732 5863 5862 
5649 5732 5733 5864 5863 
5650 5733 5734 5865 5864 
5651 5734 5735 5866 5865 
5652 5735 5736 5867 5866 
5653 5736 5737 5868 5867 
5654 5737 5738 5869 5868 
5655 5738 5739 5870 5869 
5656 5739 5740 5871 5870 
5657 5740 5741 5872 5871 
5658 5741 5742 5873 5872 
5659 5742 5743 5874 5873 
5660 5743 5744 5875 5874 
5661 5744 5745 5876 5875 
5662 5745 5746 5877 5876 
5663 5746 5747 5878 5877 
5664 5747 5748 5879 5878 
5665 5748 5749 5880 5879 
5666 5749 5750 5881 5880 
5667 5750 5751 5882 5881 
5668 5751 5752 5883 5882 
5669 5752 5753 5884 5883 
5670 5753 5754 5885 5884 
5671 5754 5755 5886 5885 
5672 5755 5756 5887 5886 
5673 5756 5757 5888 5887 
5674 5757 5758 5889 5888 
5675 5758 5759 5890 5889 
5676 5759 5760 5891 5890 
5677 5760 5761 5892 5891 
5678 5761 5762 5893 5892 
5679 5762 5763 5894 5893 
5680 5763 5764 5895 5894 
5681 5764 5765 5896 5895 
5682 5765 5766 5897 5896 
5683 5766 5767 5898 5897 
5684 5767 5768 5899 5898 
5685 5768 5769 5900 5899 
5686 5769 5770 5901 5900 
5687 5770 5771 5902 5901 
5688 5771 349 348 5902 
5689 163 5772 5903 162 
5690 5772 5773 5904 5903 
5691 5773 5774 5905 5904 
5692 5774 5775 5906 5905 
5693 5775 5776 5907 5906 
5694 5776 5777 5908 5907 
5695 5777 5778 5909 5908 
5696 5778 5779 5910 5909 
5697 5779 5780 5911 5910 
5698 5780 5781 5912 5911 
5699 5781 5782 5913 5912 
5700 5782 5783 5914 5913 
5701 5783 5784 5915 5914 
5702 5784 5785 5916 5915 
5703 5785 5786 5917 5916 
5704 5786 5787 5918 5917 
5705 5787 5788 5919 5918 
5706 5788 5789 5920 5919 
5707 5789 5790 5921 5920 
5708 5790 5791 5922 5921 
5709 5791 5792 5923 5922 
5710 5792 5793 5924 5923 
5711 5793 5794 5925 5924 
5712 5794 5795 5926 5925 
5713 5795 5796 5927 5926 
5714 5796 5797 5928 5927 
5715 5797 5798 5929 5928 
5716 5798 5799 5930 5929 
5717 5799 5800 5931 5930 
5718 5800 5801 5932 5931 
5719 5801 5802 5933 5932 
5720 5802 5803 5934 5933 
5721 5803 5804 5935 5934 
5722 5804 5805 5936 5935 
5723 5805 5806 5937 5936 
5724 5806 5807 5938 5937 
5725 5807 5808 5939 5938 
5726 5808 5809 5940 5939 
5727 5809 5810 5941 5940 
5728 5810 5811 5942 5941 
5729 5811 5812 5943 5942 
5730 5812 5813 5944 5943 
5731 5813 5814 5945 5944 
5732 5814 5815 5946 5945 
5733 5815 5816 5947 5946 
5734 5816 5817 5948 5947 
5735 5817 5818 5949 5948 
5736 5818 5819 5950 5949 
5737 5819 5820 5951 5950 
5738 5820 5821 5952 5951 
5739 5821 5822 5953 5952 
5740 5822 5823 5954 5953 
5741 5823 5824 5955 5954 
5742 5824 5825 5956 5955 
5743 5825 5826 5957 5956 
5744 5826 5827 5958 5957 
5745 5827 5828 5959 5958 
5746 5828 5829 5960 5959 
5747 5829 5830 5961 5960 
5748 5830 5831 5962 5961 
5749 5831 5832 5963 5962 
5750 5832 5833 5964 5963 
5751 5833 5834 5965 5964 
5752 5834 5835 5966 5965 
5753 5835 5836 5967 5966 
5754 5836 5837 5968 5967 
5755 5837 5838 5969 5968 
5756 5838 5839 5970 5969 
5757 5839 5840 5971 5970 
5758 5840 5841 5972 5971 
5759 5841 5842 5973 5972 
5760 5842 5843 5974 5973 
5761 5843 5844 5975 5974 
5762 5844 5845 5976 5975 
5763 5845 5846 5977 5976 
5764 5846 5847 5978 5977 
5765 5847 5848 5979 5978 
5766 5848 5849 5980 5979 
5767 5849 5850 5981 5980 
5768 5850 5851 5982 5981 
5769 5851 5852 5983 5982 
5770 5852 5853 5984 5983 
5771 5853 5854 5985 5984 
5772 5854 5855 5986 5985 
5773 5855 5856 5987 5986 
5774 5856 5857 5988 5987 
5775 5857 5858 5989 5988 
5776 5858 5859 5990 5989 
5777 5859 5860 5991 5990 
5778 5860 5861 5992 5991 
5779 5861 5862 5993 5992 
5780 5862 5863 5994 5993 
5781 5863 5864 5995 5994 
5782 5864 5865 5996 5995 
5783 5865 5866 5997 5996 
5784 5866 5867 5998 5997 
5785 5867 5868 5999 5998 
5786 5868 5869 6000 5999 
5787 5869 5870 6001 6000 
5788 5870 5871 6002 6001 
5789 5871 5872 6003 6002 
5790 5872 5873 6004 6003 
5791 5873 5874 6005 6004 
5792 5874 5875 6006 6005 
5793 5875 5876 6007 6006 
5794 5876 5877 6008 6007 
5795 5877 5878 6009 6008 
5796 5878 5879 6010 6009 
5797 5879 5880 6011 6010 
5798 5880 5881 6012 6011 
5799 5881 5882 6013 6012 
5800 5882 5883 6014 6013 
5801 5883 5884 6015 6014 
5802 5884 5885 6016 6015 
5803 5885 5886 6017 6016 
5804 5886 5887 6018 6017 
5805 5887 5888 6019 6018 
5806 5888 5889 6020 6019 
5807 5889 5890 6021 6020 
5808 5890 5891 6022 6021 
5809 5891 5892 6023 6022 
5810 5892 5893 6024 6023 
5811 5893 5894 6025 6024 
5812 5894 5895 6026 6025 
5813 5895 5896 6027 6026 
5814 5896 5897 6028 6027 
5815 5897 5898 6029 6028 
5816 5898 5899 6030 6029 
5817 5899 5900 6031 6030 
5818 5900 5901 6032 6031 
5819 5901 5902 6033 6032 
5820 5902 348 347 6033 
5821 162 5903 6034 161 
5822 5903 5904 6035 6034 
5823 5904 5905 6036 6035 
5824 5905 5906 6037 6036 
5825 5906 5907 6038 6037 
5826 5907 5908 6039 6038 
5827 5908 5909 6040 6039 
5828 5909 5910 6041 6040 
5829 5910 5911 6042 6041 
5830 5911 5912 6043 6042 
5831 5912 5913 6044 6043 
5832 5913 5914 6045 6044 
5833 5914 5915 6046 6045 
5834 5915 5916 6047 6046 
5835 5916 5917 6048 6047 
5836 5917 5918 6049 6048 
5837 5918 5919 6050 6049 
5838 5919 5920 6051 6050 
5839 5920 5921 6052 6051 
5840 5921 5922 6053 6052 
5841 5922 5923 6054 6053 
5842 5923 5924 6055 6054 
5843 5924 5925 6056 6055 
5844 5925 5926 6057 6056 
5845 5926 5927 6058 6057 
5846 5927 5928 6059 6058 
5847 5928 5929 6060 6059 
5848 5929 5930 6061 6060 
5849 5930 5931 6062 6061 
5850 5931 5932 6063 6062 
5851 5932 5933 6064 6063 
5852 5933 5934 6065 6064 
5853 5934 5935 6066 6065 
5854 5935 5936 6067 6066 
5855 5936 5937 6068 6067 
5856 5937 5938 6069 6068 
5857 5938 5939 6070 6069 
5858 5939 5940 6071 6070 
5859 5940 5941 6072 6071 
5860 5941 5942 6073 6072 
5861 5942 5943 6074 6073 
5862 5943 5944 6075 6074 
5863 5944 5945 6076 6075 
5864 5945 5946 6077 6076 
5865 5946 5947 6078 6077 
5866 5947 5948 6079 6078 
5867 5948 5949 6080 6079 
5868 5949 5950 6081 6080 
5869 5950 5951 6082 6081 
5870 5951 5952 6083 6082 
5871 5952 5953 6084 6083 
5872 5953 5954 6085 6084 
5873 5954 5955 6086 6085 
5874 5955 5956 6087 6086 
5875 5956 5957 6088 6087 
5876 5957 5958 6089 6088 
5877 5958 5959 6090 6089 
5878 5959 5960 6091 6090 
5879 5960 5961 6092 6091 
5880 5961 5962 6093 6092 
5881 5962 5963 6094 6093 
5882 5963 5964 6095 6094 
5883 5964 5965 6096 6095 
5884 5965 5966 6097 6096 
5885 5966 5967 6098 6097 
5886 5967 5968 6099 6098 
5887 5968 5969 6100 6099 
5888 5969 5970 6101 6100 
5889 5970 5971 6102 6101 
5890 5971 5972 6103 6102 
5891 5972 5973 6104 6103 
5892 5973 5974 6105 6104 
5893 5974 5975 6106 6105 
5894 5975 5976 6107 6106 
5895 5976 5977 6108 6107 
5896 5977 5978 6109 6108 
5897 5978 5979 6110 6109 
5898 5979 5980 6111 6110 
5899 5980 5981 6112 6111 
5900 5981 5982 6113 6112 
5901 5982 5983 6114 6113 
5902 5983 5984 6115 6114 
5903 5984 5985 6116 6115 
5904 5985 5986 6117 6116 
5905 5986 5987 6118 6117 
5906 5987 5988 6119 6118 
5907 5988 5989 6120 6119 
5908 5989 5990 6121 6120 
5909 5990 5991 6122 6121 
5910 5991 5992 6123 6122 
5911 5992 5993 6124 6123 
5912 5993 5994 6125 6124 
5913 5994 5995 6126 6125 
5914 5995 5996 6127 6126 
5915 5996 5997 6128 6127 
5916 5997 5998 6129 6128 
5917 5998 5999 6130 6129 
5918 5999 6000 6131 6130 
5919 6000 6001 6132 6131 
5920 6001 6002 6133 6132 
5921 6002 6003 6134 6133 
5922 6003 6004 6135 6134 
5923 6004 6005 6136 6135 
5924 6005 6006 6137 6136 
5925 6006 6007 6138 6137 
5926 6007 6008 6139 6138 
5927 6008 6009 6140 6139 
5928 6009 6010 6141 6140 
5929 6010 6011 6142 6141 
5930 6011 6012 6143 6142 
5931 6012 6013 6144 6143 
5932 6013 6014 6145 6144 
5933 6014 6015 6146 6145 
5934 6015 6016 6147 6146 
5935 6016 6017 6148 6147 
5936 6017 6018 6149 6148 
5937 6018 6019 6150 6149 
5938 6019 6020 6151 6150 
5939 6020 6021 6152 6151 
5940 6021 6022 6153 6152 
5941 6022 6023 6154 6153 
5942 6023 6024 6155 6154 
5943 6024 6025 6156 6155 
5944 6025 6026 6157 6156 
5945 6026 6027 6158 6157 
5946 6027 6028 6159 6158 
5947 6028 6029 6160 6159 
5948 6029 6030 6161 6160 
5949 6030 6031 6162 6161 
5950 6031 6032 6163 6162 
5951 6032 6033 6164 6163 
5952 6033 347 346 6164 
5953 161 6034 6165 160 
5954 6034 6035 6166 6165 
5955 6035 6036 6167 6166 
5956 6036 6037 6168 6167 
5957 6037 6038 6169 6168 
5958 6038 6039 6170 6169 
5959 6039 6040 6171 6170 
5960 6040 6041 6172 6171 
5961 6041 6042 6173 6172 
5962 6042 6043 6174 6173 
5963 6043 6044 6175 6174 
5964 6044 6045 6176 6175 
5965 6045 6046 6177 6176 
5966 6046 6047 6178 6177 
5967 6047 6048 6179 6178 
5968 6048 6049 6180 6179 
5969 6049 6050 6181 6180 
5970 6050 6051 6182 6181 
5971 6051 6052 6183 6182 
5972 6052 6053 6184 6183 
5973 6053 6054 6185 6184 
5974 6054 6055 6186 6185 
5975 6055 6056 6187 6186 
5976 6056 6057 6188 6187 
5977 6057 6058 6189 6188 
5978 6058 6059 6190 6189 
5979 6059 6060 6191 6190 
5980 6060 6061 6192 6191 
5981 6061 6062 6193 6192 
5982 6062 6063 6194 6193 
5983 6063 6064 6195 6194 
5984 6064 6065 6196 6195 
5985 6065 6066 6197 6196 
5986 6066 6067 6198 6197 
5987 6067 6068 6199 6198 
5988 6068 6069 6200 6199 
5989 6069 6070 6201 6200 
5990 6070 6071 6202 6201 
5991 6071 6072 6203 6202 
5992 6072 6073 6204 6203 
5993 6073 6074 6205 6204 
5994 6074 6075 6206 6205 
5995 6075 6076 6207 6206 
5996 6076 6077 6208 6207 
5997 6077 6078 6209 6208 
5998 6078 6079 6210 6209 
5999 6079 6080 6211 6210 
6000 6080 6081 6212 6211 
6001 6081 6082 6213 6212 
6002 6082 6083 6214 6213 
6003 6083 6084 6215 6214 
6004 6084 6085 6216 6215 
6005 6085 6086 6217 6216 
6006 6086 6087 6218 6217 
6007 6087 6088 6219 6218 
6008 6088 6089 6220 6219 
6009 6089 6090 6221 6220 
6010 6090 6091 6222 6221 
6011 6091 6092 6223 6222 
6012 6092 6093 6224 6223 
6013 6093 6094 6225 6224 
6014 6094 6095 6226 6225 
6015 6095 6096 6227 6226 
6016 6096 6097 6228 6227 
6017 6097 6098 6229 6228 
6018 6098 6099 6230 6229 
6019 6099 6100 6231 6230 
6020 6100 6101 6232 6231 
6021 6101 6102 6233 6232 
6022 6102 6103 6234 6233 
6023 6103 6104 6235 6234 
6024 6104 6105 6236 6235 
6025 6105 6106 6237 6236 
6026 6106 6107 6238 6237 
6027 6107 6108 6239 6238 
6028 6108 6109 6240 6239 
6029 6109 6110 6241 6240 
6030 6110 6111 6242 6241 
6031 6111 6112 6243 6242 
6032 6112 6113 6244 6243 
6033 6113 6114 6245 6244 
6034 6114 6115 6246 6245 
6035 6115 6116 6247 6246 
6036 6116 6117 6248 6247 
6037 6117 6118 6249 6248 
6038 6118 6119 6250 6249 
6039 6119 6120 6251 6250 
6040 6120 6121 6252 6251 
6041 6121 6122 6253 6252 
6042 6122 6123 6254 6253 
6043 6123 6124 6255 6254 
6044 6124 6125 6256 6255 
6045 6125 6126 6257 6256 
6046 6126 6127 6258 6257 
6047 6127 6128 6259 6258 
6048 6128 6129 6260 6259 
6049 6129 6130 6261 6260 
6050 6130 6131 6262 6261 
6051 6131 6132 6263 6262 
6052 6132 6133 6264 6263 
6053 6133 6134 6265 6264 
6054 6134 6135 6266 6265 
6055 6135 6136 6267 6266 
6056 6136 6137 6268 6267 
6057 6137 6138 6269 6268 
6058 6138 6139 6270 6269 
6059 6139 6140 6271 6270 
6060 6140 6141 6272 6271 
6061 6141 6142 6273 6272 
6062 6142 6143 6274 6273 
6063 6143 6144 6275 6274 
6064 6144 6145 6276 6275 
6065 6145 6146 6277 6276 
6066 6146 6147 6278 6277 
6067 6147 6148 6279 6278 
6068 6148 6149 6280 6279 
6069 6149 6150 6281 6280 
6070 6150 6151 6282 6281 
6071 6151 6152 6283 6282 
6072 6152 6153 6284 6283 
6073 6153 6154 6285 6284 
6074 6154 6155 6286 6285 
6075 6155 6156 6287 6286 
6076 6156 6157 6288 6287 
6077 6157 6158 6289 6288 
6078 6158 6159 6290 6289 
6079 6159 6160 6291 6290 
6080 6160 6161 6292 6291 
6081 6161 6162 6293 6292 
6082 6162 6163 6294 6293 
6083 6163 6164 6295 6294 
6084 6164 346 345 6295 
6085 160 6165 6296 159 
6086 6165 6166 6297 6296 
6087 6166 6167 6298 6297 
6088 6167 6168 6299 6298 
6089 6168 6169 6300 6299 
6090 6169 6170 6301 6300 
6091 6170 6171 6302 6301 
6092 6171 6172 6303 6302 
6093 6172 6173 6304 6303 
6094 6173 6174 6305 6304 
6095 6174 6175 6306 6305 
6096 6175 6176 6307 6306 
6097 6176 6177 6308 6307 
6098 6177 6178 6309 6308 
6099 6178 6179 6310 6309 
6100 6179 6180 6311 6310 
6101 6180 6181 6312 6311 
6102 6181 6182 6313 6312 
6103 6182 6183 6314 6313 
6104 6183 6184 6315 6314 
6105 6184 6185 6316 6315 
6106 6185 6186 6317 6316 
6107 6186 6187 6318 6317 
6108 6187 6188 6319 6318 
6109 6188 6189 6320 6319 
6110 6189 6190 6321 6320 
6111 6190 6191 6322 6321 
6112 6191 6192 6323 6322 
6113 6192 6193 6324 6323 
6114 6193 6194 6325 6324 
6115 6194 6195 6326 6325 
6116 6195 6196 6327 6326 
6117 6196 6197 6328 6327 
6118 6197 6198 6329 6328 
6119 6198 6199 6330 6329 
6120 6199 6200 6331 6330 
6121 6200 6201 6332 6331 
6122 6201 6202 6333 6332 
6123 6202 6203 6334 6333 
6124 6203 6204 6335 6334 
6125 6204 6205 6336 6335 
6126 6205 6206 6337 6336 
6127 6206 6207 6338 6337 
6128 6207 6208 6339 6338 
6129 6208 6209 6340 6339 
6130 6209 6210 6341 6340 
6131 6210 6211 6342 6341 
6132 6211 6212 6343 6342 
6133 6212 6213 6344 6343 
6134 6213 6214 6345 6344 
6135 6214 6215 6346 6345 
6136 6215 6216 6347 6346 
6137 6216 6217 6348 6347 
6138 6217 6218 6349 6348 
6139 6218 6219 6350 6349 
6140 6219 6220 6351 6350 
6141 6220 6221 6352 6351 
6142 6221 6222 6353 6352 
6143 6222 6223 6354 6353 
6144 6223 6224 6355 6354 
6145 6224 6225 6356 6355 
6146 6225 6226 6357 6356 
6147 6226 6227 6358 6357 
6148 6227 6228 6359 6358 
6149 6228 6229 6360 6359 
6150 6229 6230 6361 6360 
6151 6230 6231 6362 6361 
6152 6231 6232 6363 6362 
6153 6232 6233 6364 6363 
6154 6233 6234 6365 6364 
6155 6234 6235 6366 6365 
6156 6235 6236 6367 6366 
6157 6236 6237 6368 6367 
6158 6237 6238 6369 6368 
6159 6238 6239 6370 6369 
6160 6239 6240 6371 6370 
6161 6240 6241 6372 6371 
6162 6241 6242 6373 6372 
6163 6242 6243 6374 6373 
6164 6243 6244 6375 6374 
6165 6244 6245 6376 6375 
6166 6245 6246 6377 6376 
6167 6246 6247 6378 6377 
6168 6247 6248 6379 6378 
6169 6248 6249 6380 6379 
6170 6249 6250 6381 6380 
6171 6250 6251 6382 6381 
6172 6251 6252 6383 6382 
6173 6252 6253 6384 6383 
6174 6253 6254 6385 6384 
6175 6254 6255 6386 6385 
6176 6255 6256 6387 6386 
6177 6256 6257 6388 6387 
6178 6257 6258 6389 6388 
6179 6258 6259 6390 6389 
6180 6259 6260 6391 6390 
6181 6260 6261 6392 6391 
6182 6261 6262 6393 6392 
6183 6262 6263 6394 6393 
6184 6263 6264 6395 6394 
6185 6264 6265 6396 6395 
6186 6265 6266 6397 6396 
6187 6266 6267 6398 6397 
6188 6267 6268 6399 6398 
6189 6268 6269 6400 6399 
6190 6269 6270 6401 6400 
6191 6270 6271 6402 6401 
6192 6271 6272 6403 6402 
6193 6272 6273 6404 6403 
6194 6273 6274 6405 6404 
6195 6274 6275 6406 6405 
6196 6275 6276 6407 6406 
6197 6276 6277 6408 6407 
6198 6277 6278 6409 6408 
6199 6278 6279 6410 6409 
6200 6279 6280 6411 6410 
6201 6280 6281 6412 6411 
6202 6281 6282 6413 6412 
6203 6282 6283 6414 6413 
6204 6283 6284 6415 6414 
6205 6284 6285 6416 6415 
6206 6285 6286 6417 6416 
6207 6286 6287 6418 6417 
6208 6287 6288 6419 6418 
6209 6288 6289 6420 6419 
6210 6289 6290 6421 6420 
6211 6290 6291 6422 6421 
6212 6291 6292 6423 6422 
6213 6292 6293 6424 6423 
6214 6293 6294 6425 6424 
6215 6294 6295 6426 6425 
6216 6295 345 344 6426 
6217 159 6296 6427 158 
6218 6296 6297 6428 6427 
6219 6297 6298 6429 6428 
6220 6298 6299 6430 6429 
6221 6299 6300 6431 6430 
6222 6300 6301 6432 6431 
6223 6301 6302 6433 6432 
6224 6302 6303 6434 6433 
6225 6303 6304 6435 6434 
6226 6304 6305 6436 6435 
6227 6305 6306 6437 6436 
6228 6306 6307 6438 6437 
6229 6307 6308 6439 6438 
6230 6308 6309 6440 6439 
6231 6309 6310 6441 6440 
6232 6310 6311 6442 6441 
6233 6311 6312 6443 6442 
6234 6312 6313 6444 6443 
6235 6313 6314 6445 6444 
6236 6314 6315 6446 6445 
6237 6315 6316 6447 6446 
6238 6316 6317 6448 6447 
6239 6317 6318 6449 6448 
6240 6318 6319 6450 6449 
6241 6319 6320 6451 6450 
6242 6320 6321 6452 6451 
6243 6321 6322 6453 6452 
6244 6322 6323 6454 6453 
6245 6323 6324 6455 6454 
6246 6324 6325 6456 6455 
6247 6325 6326 6457 6456 
6248 6326 6327 6458 6457 
6249 6327 6328 6459 6458 
6250 6328 6329 6460 6459 
6251 6329 6330 6461 6460 
6252 6330 6331 6462 6461 
6253 6331 6332 6463 6462 
6254 6332 6333 6464 6463 
6255 6333 6334 6465 6464 
6256 6334 6335 6466 6465 
6257 6335 6336 6467 6466 
6258 6336 6337 6468 6467 
6259 6337 6338 6469 6468 
6260 6338 6339 6470 6469 
6261 6339 6340 6471 6470 
6262 6340 6341 6472 6471 
6263 6341 6342 6473 6472 
6264 6342 6343 6474 6473 
6265 6343 6344 6475 6474 
6266 6344 6345 6476 6475 
6267 6345 6346 6477 6476 
6268 6346 6347 6478 6477 
6269 6347 6348 6479 6478 
6270 6348 6349 6480 6479 
6271 6349 6350 6481 6480 
6272 6350 6351 6482 6481 
6273 6351 6352 6483 6482 
6274 6352 6353 6484 6483 
6275 6353 6354 6485 6484 
6276 6354 6355 6486 6485 
6277 6355 6356 6487 6486 
6278 6356 6357 6488 6487 
6279 6357 6358 6489 6488 
6280 6358 6359 6490 6489 
6281 6359 6360 6491 6490 
6282 6360 6361 6492 6491 
6283 6361 6362 6493 6492 
6284 6362 6363 6494 6493 
6285 6363 6364 6495 6494 
6286 6364 6365 6496 6495 
6287 6365 6366 6497 6496 
6288 6366 6367 6498 6497 
6289 6367 6368 6499 6498 
6290 6368 6369 6500 6499 
6291 6369 6370 6501 6500 
6292 6370 6371 6502 6501 
6293 6371 6372 6503 6502 
6294 6372 6373 6504 6503 
6295 6373 6374 6505 6504 
6296 6374 6375 6506 6505 
6297 6375 6376 6507 6506 
6298 6376 6377 6508 6507 
6299 6377 6378 6509 6508 
6300 6378 6379 6510 6509 
6301 6379 6380 6511 6510 
6302 6380 6381 6512 6511 
6303 6381 6382 6513 6512 
6304 6382 6383 6514 6513 
6305 6383 6384 6515 6514 
6306 6384 6385 6516 6515 
6307 6385 6386 6517 6516 
6308 6386 6387 6518 6517 
6309 6387 6388 6519 6518 
6310 6388 6389 6520 6519 
6311 6389 6390 6521 6520 
6312 6390 6391 6522 6521 
6313 6391 6392 6523 6522 
6314 6392 6393 6524 6523 
6315 6393 6394 6525 6524 
6316 6394 6395 6526 6525 
6317 6395 6396 6527 6526 
6318 6396 6397 6528 6527 
6319 6397 6398 6529 6528 
6320 6398 6399 6530 6529 
6321 6399 6400 6531 6530 
6322 6400 6401 6532 6531 
6323 6401 6402 6533 6532 
6324 6402 6403 6534 6533 
6325 6403 6404 6535 6534 
6326 6404 6405 6536 6535 
6327 6405 6406 6537 6536 
6328 6406 6407 6538 6537 
6329 6407 6408 6539 6538 
6330 6408 6409 6540 6539 
6331 6409 6410 6541 6540 
6332 6410 6411 6542 6541 
6333 6411 6412 6543 6542 
6334 6412 6413 6544 6543 
6335 6413 6414 6545 6544 
6336 6414 6415 6546 6545 
6337 6415 6416 6547 6546 
6338 6416 6417 6548 6547 
6339 6417 6418 6549 6548 
6340 6418 6419 6550 6549 
6341 6419 6420 6551 6550 
6342 6420 6421 6552 6551 
6343 6421 6422 6553 6552 
6344 6422 6423 6554 6553 
6345 6423 6424 6555 6554 
6346 6424 6425 6556 6555 
6347 6425 6426 6557 6556 
6348 6426 344 343 6557 
6349 158 6427 6558 157 
6350 6427 6428 6559 6558 
6351 6428 6429 6560 6559 
6352 6429 6430 6561 6560 
6353 6430 6431 6562 6561 
6354 6431 6432 6563 6562 
6355 6432 6433 6564 6563 
6356 6433 6434 6565 6564 
6357 6434 6435 6566 6565 
6358 6435 6436 6567 6566 
6359 6436 6437 6568 6567 
6360 6437 6438 6569 6568 
6361 6438 6439 6570 6569 
6362 6439 6440 6571 6570 
6363 6440 6441 6572 6571 
6364 6441 6442 6573 6572 
6365 6442 6443 6574 6573 
6366 6443 6444 6575 6574 
6367 6444 6445 6576 6575 
6368 6445 6446 6577 6576 
6369 6446 6447 6578 6577 
6370 6447 6448 6579 6578 
6371 6448 6449 6580 6579 
6372 6449 6450 6581 6580 
6373 6450 6451 6582 6581 
6374 6451 6452 6583 6582 
6375 6452 6453 6584 6583 
6376 6453 6454 6585 6584 
6377 6454 6455 6586 6585 
6378 6455 6456 6587 6586 
6379 6456 6457 6588 6587 
6380 6457 6458 6589 6588 
6381 6458 6459 6590 6589 
6382 6459 6460 6591 6590 
6383 6460 6461 6592 6591 
6384 6461 6462 6593 6592 
6385 6462 6463 6594 6593 
6386 6463 6464 6595 6594 
6387 6464 6465 6596 6595 
6388 6465 6466 6597 6596 
6389 6466 6467 6598 6597 
6390 6467 6468 6599 6598 
6391 6468 6469 6600 6599 
6392 6469 6470 6601 6600 
6393 6470 6471 6602 6601 
6394 6471 6472 6603 6602 
6395 6472 6473 6604 6603 
6396 6473 6474 6605 6604 
6397 6474 6475 6606 6605 
6398 6475 6476 6607 6606 
6399 6476 6477 6608 6607 
6400 6477 6478 6609 6608 
6401 6478 6479 6610 6609 
6402 6479 6480 6611 6610 
6403 6480 6481 6612 6611 
6404 6481 6482 6613 6612 
6405 6482 6483 6614 6613 
6406 6483 6484 6615 6614 
6407 6484 6485 6616 6615 
6408 6485 6486 6617 6616 
6409 6486 6487 6618 6617 
6410 6487 6488 6619 6618 
6411 6488 6489 6620 6619 
6412 6489 6490 6621 6620 
6413 6490 6491 6622 6621 
6414 6491 6492 6623 6622 
6415 6492 6493 6624 6623 
6416 6493 6494 6625 6624 
6417 6494 6495 6626 6625 
6418 6495 6496 6627 6626 
6419 6496 6497 6628 6627 
6420 6497 6498 6629 6628 
6421 6498 6499 6630 6629 
6422 6499 6500 6631 6630 
6423 6500 6501 6632 6631 
6424 6501 6502 6633 6632 
6425 6502 6503 6634 6633 
6426 6503 6504 6635 6634 
6427 6504 6505 6636 6635 
6428 6505 6506 6637 6636 
6429 6506 6507 6638 6637 
6430 6507 6508 6639 6638 
6431 6508 6509 6640 6639 
6432 6509 6510 6641 6640 
6433 6510 6511 6642 6641 
6434 6511 6512 6643 6642 
6435 6512 6513 6644 6643 
6436 6513 6514 6645 6644 
6437 6514 6515 6646 6645 
6438 6515 6516 6647 6646 
6439 6516 6517 6648 6647 
6440 6517 6518 6649 6648 
6441 6518 6519 6650 6649 
6442 6519 6520 6651 6650 
6443 6520 6521 6652 6651 
6444 6521 6522 6653 6652 
6445 6522 6523 6654 6653 
6446 6523 6524 6655 6654 
6447 6524 6525 6656 6655 
6448 6525 6526 6657 6656 
6449 6526 6527 6658 6657 
6450 6527 6528 6659 6658 
6451 6528 6529 6660 6659 
6452 6529 6530 6661 6660 
6453 6530 6531 6662 6661 
6454 6531 6532 6663 6662 
6455 6532 6533 6664 6663 
6456 6533 6534 6665 6664 
6457 6534 6535 6666 6665 
6458 6535 6536 6667 6666 
6459 6536 6537 6668 6667 
6460 6537 6538 6669 6668 
6461 6538 6539 6670 6669 
6462 6539 6540 6671 6670 
6463 6540 6541 6672 6671 
6464 6541 6542 6673 6672 
6465 6542 6543 6674 6673 
6466 6543 6544 6675 6674 
6467 6544 6545 6676 6675 
6468 6545 6546 6677 6676 
6469 6546 6547 6678 6677 
6470 6547 6548 6679 6678 
6471 6548 6549 6680 6679 
6472 6549 6550 6681 6680 
6473 6550 6551 6682 6681 
6474 6551 6552 6683 6682 
6475 6552 6553 6684 6683 
6476 6553 6554 6685 6684 
6477 6554 6555 6686 6685 
6478 6555 6556 6687 6686 
6479 6556 6557 6688 6687 
6480 6557 343 342 6688 
6481 157 6558 6689 156 
6482 6558 6559 6690 6689 
6483 6559 6560 6691 6690 
6484 6560 6561 6692 6691 
6485 6561 6562 6693 6692 
6486 6562 6563 6694 6693 
6487 6563 6564 6695 6694 
6488 6564 6565 6696 6695 
6489 6565 6566 6697 6696 
6490 6566 6567 6698 6697 
6491 6567 6568 6699 6698 
6492 6568 6569 6700 6699 
6493 6569 6570 6701 6700 
6494 6570 6571 6702 6701 
6495 6571 6572 6703 6702 
6496 6572 6573 6704 6703 
6497 6573 6574 6705 6704 
6498 6574 6575 6706 6705 
6499 6575 6576 6707 6706 
6500 6576 6577 6708 6707 
6501 6577 6578 6709 6708 
6502 6578 6579 6710 6709 
6503 6579 6580 6711 6710 
6504 6580 6581 6712 6711 
6505 6581 6582 6713 6712 
6506 6582 6583 6714 6713 
6507 6583 6584 6715 6714 
6508 6584 6585 6716 6715 
6509 6585 6586 6717 6716 
6510 6586 6587 6718 6717 
6511 6587 6588 6719 6718 
6512 6588 6589 6720 6719 
6513 6589 6590 6721 6720 
6514 6590 6591 6722 6721 
6515 6591 6592 6723 6722 
6516 6592 6593 6724 6723 
6517 6593 6594 6725 6724 
6518 6594 6595 6726 6725 
6519 6595 6596 6727 6726 
6520 6596 6597 6728 6727 
6521 6597 6598 6729 6728 
6522 6598 6599 6730 6729 
6523 6599 6600 6731 6730 
6524 6600 6601 6732 6731 
6525 6601 6602 6733 6732 
6526 6602 6603 6734 6733 
6527 6603 6604 6735 6734 
6528 6604 6605 6736 6735 
6529 6605 6606 6737 6736 
6530 6606 6607 6738 6737 
6531 6607 6608 6739 6738 
6532 6608 6609 6740 6739 
6533 6609 6610 6741 6740 
6534 6610 6611 6742 6741 
6535 6611 6612 6743 6742 
6536 6612 6613 6744 6743 
6537 6613 6614 6745 6744 
6538 6614 6615 6746 6745 
6539 6615 6616 6747 6746 
6540 6616 6617 6748 6747 
6541 6617 6618 6749 6748 
6542 6618 6619 6750 6749 
6543 6619 6620 6751 6750 
6544 6620 6621 6752 6751 
6545 6621 6622 6753 6752 
6546 6622 6623 6754 6753 
6547 6623 6624 6755 6754 
6548 6624 6625 6756 6755 
6549 6625 6626 6757 6756 
6550 6626 6627 6758 6757 
6551 6627 6628 6759 6758 
6552 6628 6629 6760 6759 
6553 6629 6630 6761 6760 
6554 6630 6631 6762 6761 
6555 6631 6632 6763 6762 
6556 6632 6633 6764 6763 
6557 6633 6634 6765 6764 
6558 6634 6635 6766 6765 
6559 6635 6636 6767 6766 
6560 6636 6637 6768 6767 
6561 6637 6638 6769 6768 
6562 6638 6639 6770 6769 
6563 6639 6640 6771 6770 
6564 6640 6641 6772 6771 
6565 6641 6642 6773 6772 
6566 6642 6643 6774 6773 
6567 6643 6644 6775 6774 
6568 6644 6645 6776 6775 
6569 6645 6646 6777 6776 
6570 6646 6647 6778 6777 
6571 6647 6648 6779 6778 
6572 6648 6649 6780 6779 
6573 6649 6650 6781 6780 
6574 6650 6651 6782 6781 
6575 6651 6652 6783 6782 
6576 6652 6653 6784 6783 
6577 6653 6654 6785 6784 
6578 6654 6655 6786 6785 
6579 6655 6656 6787 6786 
6580 6656 6657 6788 6787 
6581 6657 6658 6789 6788 
6582 6658 6659 6790 6789 
6583 6659 6660 6791 6790 
6584 6660 6661 6792 6791 
6585 6661 6662 6793 6792 
6586 6662 6663 6794 6793 
6587 6663 6664 6795 6794 
6588 6664 6665 6796 6795 
6589 6665 6666 6797 6796 
6590 6666 6667 6798 6797 
6591 6667 6668 6799 6798 
6592 6668 6669 6800 6799 
6593 6669 6670 6801 6800 
6594 6670 6671 6802 6801 
6595 6671 6672 6803 6802 
6596 6672 6673 6804 6803 
6597 6673 6674 6805 6804 
6598 6674 6675 6806 6805 
6599 6675 6676 6807 6806 
6600 6676 6677 6808 6807 
6601 6677 6678 6809 6808 
6602 6678 6679 6810 6809 
6603 6679 6680 6811 6810 
6604 6680 6681 6812 6811 
6605 6681 6682 6813 6812 
6606 6682 6683 6814 6813 
6607 6683 6684 6815 6814 
6608 6684 6685 6816 6815 
6609 6685 6686 6817 6816 
6610 6686 6687 6818 6817 
6611 6687 6688 6819 6818 
6612 6688 342 341 6819 
6613 156 6689 6820 155 
6614 6689 6690 6821 6820 
6615 6690 6691 6822 6821 
6616 6691 6692 6823 6822 
6617 6692 6693 6824 6823 
6618 6693 6694 6825 6824 
6619 6694 6695 6826 6825 
6620 6695 6696 6827 6826 
6621 6696 6697 6828 6827 
6622 6697 6698 6829 6828 
6623 6698 6699 6830 6829 
6624 6699 6700 6831 6830 
6625 6700 6701 6832 6831 
6626 6701 6702 6833 6832 
6627 6702 6703 6834 6833 
6628 6703 6704 6835 6834 
6629 6704 6705 6836 6835 
6630 6705 6706 6837 6836 
6631 6706 6707 6838 6837 
6632 6707 6708 6839 6838 
6633 6708 6709 6840 6839 
6634 6709 6710 6841 6840 
6635 6710 6711 6842 6841 
6636 6711 6712 6843 6842 
6637 6712 6713 6844 6843 
6638 6713 6714 6845 6844 
6639 6714 6715 6846 6845 
6640 6715 6716 6847 6846 
6641 6716 6717 6848 6847 
6642 6717 6718 6849 6848 
6643 6718 6719 6850 6849 
6644 6719 6720 6851 6850 
6645 6720 6721 6852 6851 
6646 6721 6722 6853 6852 
6647 6722 6723 6854 6853 
6648 6723 6724 6855 6854 
6649 6724 6725 6856 6855 
6650 6725 6726 6857 6856 
6651 6726 6727 6858 6857 
6652 6727 6728 6859 6858 
6653 6728 6729 6860 6859 
6654 6729 6730 6861 6860 
6655 6730 6731 6862 6861 
6656 6731 6732 6863 6862 
6657 6732 6733 6864 6863 
6658 6733 6734 6865 6864 
6659 6734 6735 6866 6865 
6660 6735 6736 6867 6866 
6661 6736 6737 6868 6867 
6662 6737 6738 6869 6868 
6663 6738 6739 6870 6869 
6664 6739 6740 6871 6870 
6665 6740 6741 6872 6871 
6666 6741 6742 6873 6872 
6667 6742 6743 6874 6873 
6668 6743 6744 6875 6874 
6669 6744 6745 6876 6875 
6670 6745 6746 6877 6876 
6671 6746 6747 6878 6877 
6672 6747 6748 6879 6878 
6673 6748 6749 6880 6879 
6674 6749 6750 6881 6880 
6675 6750 6751 6882 6881 
6676 6751 6752 6883 6882 
6677 6752 6753 6884 6883 
6678 6753 6754 6885 6884 
6679 6754 6755 6886 6885 
6680 6755 6756 6887 6886 
6681 6756 6757 6888 6887 
6682 6757 6758 6889 6888 
6683 6758 6759 6890 6889 
6684 6759 6760 6891 6890 
6685 6760 6761 6892 6891 
6686 6761 6762 6893 6892 
6687 6762 6763 6894 6893 
6688 6763 6764 6895 6894 
6689 6764 6765 6896 6895 
6690 6765 6766 6897 6896 
6691 6766 6767 6898 6897 
6692 6767 6768 6899 6898 
6693 6768 6769 6900 6899 
6694 6769 6770 6901 6900 
6695 6770 6771 6902 6901 
6696 6771 6772 6903 6902 
6697 6772 6773 6904 6903 
6698 6773 6774 6905 6904 
6699 6774 6775 6906 6905 
6700 6775 6776 6907 6906 
6701 6776 6777 6908 6907 
6702 6777 6778 6909 6908 
6703 6778 6779 6910 6909 
6704 6779 6780 6911 6910 
6705 6780 6781 6912 6911 
6706 6781 6782 6913 6912 
6707 6782 6783 6914 6913 
6708 6783 6784 6915 6914 
6709 6784 6785 6916 6915 
6710 6785 6786 6917 6916 
6711 6786 6787 6918 6917 
6712 6787 6788 6919 6918 
6713 6788 6789 6920 6919 
6714 6789 6790 6921 6920 
6715 6790 6791 6922 6921 
6716 6791 6792 6923 6922 
6717 6792 6793 6924 6923 
6718 6793 6794 6925 6924 
6719 6794 6795 6926 6925 
6720 6795 6796 6927 6926 
6721 6796 6797 6928 6927 
6722 6797 6798 6929 6928 
6723 6798 6799 6930 6929 
6724 6799 6800 6931 6930 
6725 6800 6801 6932 6931 
6726 6801 6802 6933 6932 
6727 6802 6803 6934 6933 
6728 6803 6804 6935 6934 
6729 6804 6805 6936 6935 
6730 6805 6806 6937 6936 
6731 6806 6807 6938 6937 
6732 6807 6808 6939 6938 
6733 6808 6809 6940 6939 
6734 6809 6810 6941 6940 
6735 6810 6811 6942 6941 
6736 6811 6812 6943 6942 
6737 6812 6813 6944 6943 
6738 6813 6814 6945 6944 
6739 6814 6815 6946 6945 
6740 6815 6816 6947 6946 
6741 6816 6817 6948 6947 
6742 6817 6818 6949 6948 
6743 6818 6819 6950 6949 
6744 6819 341 340 6950 
6745 155 6820 6951 154 
6746 6820 6821 6952 6951 
6747 6821 6822 6953 6952 
6748 6822 6823 6954 6953 
6749 6823 6824 6955 6954 
6750 6824 6825 6956 6955 
6751 6825 6826 6957 6956 
6752 6826 6827 6958 6957 
6753 6827 6828 6959 6958 
6754 6828 6829 6960 6959 
6755 6829 6830 6961 6960 
6756 6830 6831 6962 6961 
6757 6831 6832 6963 6962 
6758 6832 6833 6964 6963 
6759 6833 6834 6965 6964 
6760 6834 6835 6966 6965 
6761 6835 6836 6967 6966 
6762 6836 6837 6968 6967 
6763 6837 6838 6969 6968 
6764 6838 6839 6970 6969 
6765 6839 6840 6971 6970 
6766 6840 6841 6972 6971 
6767 6841 6842 6973 6972 
6768 6842 6843 6974 6973 
6769 6843 6844 6975 6974 
6770 6844 6845 6976 6975 
6771 6845 6846 6977 6976 
6772 6846 6847 6978 6977 
6773 6847 6848 6979 6978 
6774 6848 6849 6980 6979 
6775 6849 6850 6981 6980 
6776 6850 6851 6982 6981 
6777 6851 6852 6983 6982 
6778 6852 6853 6984 6983 
6779 6853 6854 6985 6984 
6780 6854 6855 6986 6985 
6781 6855 6856 6987 6986 
6782 6856 6857 6988 6987 
6783 6857 6858 6989 6988 
6784 6858 6859 6990 6989 
6785 6859 6860 6991 6990 
6786 6860 6861 6992 6991 
6787 6861 6862 6993 6992 
6788 6862 6863 6994 6993 
6789 6863 6864 6995 6994 
6790 6864 6865 6996 6995 
6791 6865 6866 6997 6996 
6792 6866 6867 6998 6997 
6793 6867 6868 6999 6998 
6794 6868 6869 7000 6999 
6795 6869 6870 7001 7000 
6796 6870 6871 7002 7001 
6797 6871 6872 7003 7002 
6798 6872 6873 7004 7003 
6799 6873 6874 7005 7004 
6800 6874 6875 7006 7005 
6801 6875 6876 7007 7006 
6802 6876 6877 7008 7007 
6803 6877 6878 7009 7008 
6804 6878 6879 7010 7009 
6805 6879 6880 7011 7010 
6806 6880 6881 7012 7011 
6807 6881 6882 7013 7012 
6808 6882 6883 7014 7013 
6809 6883 6884 7015 7014 
6810 6884 6885 7016 7015 
6811 6885 6886 7017 7016 
6812 6886 6887 7018 7017 
6813 6887 6888 7019 7018 
6814 6888 6889 7020 7019 
6815 6889 6890 7021 7020 
6816 6890 6891 7022 7021 
6817 6891 6892 7023 7022 
6818 6892 6893 7024 7023 
6819 6893 6894 7025 7024 
6820 6894 6895 7026 7025 
6821 6895 6896 7027 7026 
6822 6896 6897 7028 7027 
6823 6897 6898 7029 7028 
6824 6898 6899 7030 7029 
6825 6899 6900 7031 7030 
6826 6900 6901 7032 7031 
6827 6901 6902 7033 7032 
6828 6902 6903 7034 7033 
6829 6903 6904 7035 7034 
6830 6904 6905 7036 7035 
6831 6905 6906 7037 7036 
6832 6906 6907 7038 7037 
6833 6907 6908 7039 7038 
6834 6908 6909 7040 7039 
6835 6909 6910 7041 7040 
6836 6910 6911 7042 7041 
6837 6911 6912 7043 7042 
6838 6912 6913 7044 7043 
6839 6913 6914 7045 7044 
6840 6914 6915 7046 7045 
6841 6915 6916 7047 7046 
6842 6916 6917 7048 7047 
6843 6917 6918 7049 7048 
6844 6918 6919 7050 7049 
6845 6919 6920 7051 7050 
6846 6920 6921 7052 7051 
6847 6921 6922 7053 7052 
6848 6922 6923 7054 7053 
6849 6923 6924 7055 7054 
6850 6924 6925 7056 7055 
6851 6925 6926 7057 7056 
6852 6926 6927 7058 7057 
6853 6927 6928 7059 7058 
6854 6928 6929 7060 7059 
6855 6929 6930 7061 7060 
6856 6930 6931 7062 7061 
6857 6931 6932 7063 7062 
6858 6932 6933 7064 7063 
6859 6933 6934 7065 7064 
6860 6934 6935 7066 7065 
6861 6935 6936 7067 7066 
6862 6936 6937 7068 7067 
6863 6937 6938 7069 7068 
6864 6938 6939 7070 7069 
6865 6939 6940 7071 7070 
6866 6940 6941 7072 7071 
6867 6941 6942 7073 7072 
6868 6942 6943 7074 7073 
6869 6943 6944 7075 7074 
6870 6944 6945 7076 7075 
6871 6945 6946 7077 7076 
6872 6946 6947 7078 7077 
6873 6947 6948 7079 7078 
6874 6948 6949 7080 7079 
6875 6949 6950 7081 7080 
6876 6950 340 339 7081 
6877 154 6951 7082 153 
6878 6951 6952 7083 7082 
6879 6952 6953 7084 7083 
6880 6953 6954 7085 7084 
6881 6954 6955 7086 7085 
6882 6955 6956 7087 7086 
6883 6956 6957 7088 7087 
6884 6957 6958 7089 7088 
6885 6958 6959 7090 7089 
6886 6959 6960 7091 7090 
6887 6960 6961 7092 7091 
6888 6961 6962 7093 7092 
6889 6962 6963 7094 7093 
6890 6963 6964 7095 7094 
6891 6964 6965 7096 7095 
6892 6965 6966 7097 7096 
6893 6966 6967 7098 7097 
6894 6967 6968 7099 7098 
6895 6968 6969 7100 7099 
6896 6969 6970 7101 7100 
6897 6970 6971 7102 7101 
6898 6971 6972 7103 7102 
6899 6972 6973 7104 7103 
6900 6973 6974 7105 7104 
6901 6974 6975 7106 7105 
6902 6975 6976 7107 7106 
6903 6976 6977 7108 7107 
6904 6977 6978 7109 7108 
6905 6978 6979 7110 7109 
6906 6979 6980 7111 7110 
6907 6980 6981 7112 7111 
6908 6981 6982 7113 7112 
6909 6982 6983 7114 7113 
6910 6983 6984 7115 7114 
6911 6984 6985 7116 7115 
6912 6985 6986 7117 7116 
6913 6986 6987 7118 7117 
6914 6987 6988 7119 7118 
6915 6988 6989 7120 7119 
6916 6989 6990 7121 7120 
6917 6990 6991 7122 7121 
6918 6991 6992 7123 7122 
6919 6992 6993 7124 7123 
6920 6993 6994 7125 7124 
6921 6994 6995 7126 7125 
6922 6995 6996 7127 7126 
6923 6996 6997 7128 7127 
6924 6997 6998 7129 7128 
6925 6998 6999 7130 7129 
6926 6999 7000 7131 7130 
6927 7000 7001 7132 7131 
6928 7001 7002 7133 7132 
6929 7002 7003 7134 7133 
6930 7003 7004 7135 7134 
6931 7004 7005 7136 7135 
6932 7005 7006 7137 7136 
6933 7006 7007 7138 7137 
6934 7007 7008 7139 7138 
6935 7008 7009 7140 7139 
6936 7009 7010 7141 7140 
6937 7010 7011 7142 7141 
6938 7011 7012 7143 7142 
6939 7012 7013 7144 7143 
6940 7013 7014 7145 7144 
6941 7014 7015 7146 7145 
6942 7015 7016 7147 7146 
6943 7016 7017 7148 7147 
6944 7017 7018 7149 7148 
6945 7018 7019 7150 7149 
6946 7019 7020 7151 7150 
6947 7020 7021 7152 7151 
6948 7021 7022 7153 7152 
6949 7022 7023 7154 7153 
6950 7023 7024 7155 7154 
6951 7024 7025 7156 7155 
6952 7025 7026 7157 7156 
6953 7026 7027 7158 7157 
6954 7027 7028 7159 7158 
6955 7028 7029 7160 7159 
6956 7029 7030 7161 7160 
6957 7030 7031 7162 7161 
6958 7031 7032 7163 7162 
6959 7032 7033 7164 7163 
6960 7033 7034 7165 7164 
6961 7034 7035 7166 7165 
6962 7035 7036 7167 7166 
6963 7036 7037 7168 7167 
6964 7037 7038 7169 7168 
6965 7038 7039 7170 7169 
6966 7039 7040 7171 7170 
6967 7040 7041 7172 7171 
6968 7041 7042 7173 7172 
6969 7042 7043 7174 7173 
6970 7043 7044 7175 7174 
6971 7044 7045 7176 7175 
6972 7045 7046 7177 7176 
6973 7046 7047 7178 7177 
6974 7047 7048 7179 7178 
6975 7048 7049 7180 7179 
6976 7049 7050 7181 7180 
6977 7050 7051 7182 7181 
6978 7051 7052 7183 7182 
6979 7052 7053 7184 7183 
6980 7053 7054 7185 7184 
6981 7054 7055 7186 7185 
6982 7055 7056 7187 7186 
6983 7056 7057 7188 7187 
6984 7057 7058 7189 7188 
6985 7058 7059 7190 7189 
6986 7059 7060 7191 7190 
6987 7060 7061 7192 7191 
6988 7061 7062 7193 7192 
6989 7062 7063 7194 7193 
6990 7063 7064 7195 7194 
6991 7064 7065 7196 7195 
6992 7065 7066 7197 7196 
6993 7066 7067 7198 7197 
6994 7067 7068 7199 7198 
6995 7068 7069 7200 7199 
6996 7069 7070 7201 7200 
6997 7070 7071 7202 7201 
6998 7071 7072 7203 7202 
6999 7072 7073 7204 7203 
7000 7073 7074 7205 7204 
7001 7074 7075 7206 7205 
7002 7075 7076 7207 7206 
7003 7076 7077 7208 7207 
7004 7077 7078 7209 7208 
7005 7078 7079 7210 7209 
7006 7079 7080 7211 7210 
7007 7080 7081 7212 7211 
7008 7081 339 338 7212 
7009 153 7082 7213 152 
7010 7082 7083 7214 7213 
7011 7083 7084 7215 7214 
7012 7084 7085 7216 7215 
7013 7085 7086 7217 7216 
7014 7086 7087 7218 7217 
7015 7087 7088 7219 7218 
7016 7088 7089 7220 7219 
7017 7089 7090 7221 7220 
7018 7090 7091 7222 7221 
7019 7091 7092 7223 7222 
7020 7092 7093 7224 7223 
7021 7093 7094 7225 7224 
7022 7094 7095 7226 7225 
7023 7095 7096 7227 7226 
7024 7096 7097 7228 7227 
7025 7097 7098 7229 7228 
7026 7098 7099 7230 7229 
7027 7099 7100 7231 7230 
7028 7100 7101 7232 7231 
7029 7101 7102 7233 7232 
7030 7102 7103 7234 7233 
7031 7103 7104 7235 7234 
7032 7104 7105 7236 7235 
7033 7105 7106 7237 7236 
7034 7106 7107 7238 7237 
7035 7107 7108 7239 7238 
7036 7108 7109 7240 7239 
7037 7109 7110 7241 7240 
7038 7110 7111 7242 7241 
7039 7111 7112 7243 7242 
7040 7112 7113 7244 7243 
7041 7113 7114 7245 7244 
7042 7114 7115 7246 7245 
7043 7115 7116 7247 7246 
7044 7116 7117 7248 7247 
7045 7117 7118 7249 7248 
7046 7118 7119 7250 7249 
7047 7119 7120 7251 7250 
7048 7120 7121 7252 7251 
7049 7121 7122 7253 7252 
7050 7122 7123 7254 7253 
7051 7123 7124 7255 7254 
7052 7124 7125 7256 7255 
7053 7125 7126 7257 7256 
7054 7126 7127 7258 7257 
7055 7127 7128 7259 7258 
7056 7128 7129 7260 7259 
7057 7129 7130 7261 7260 
7058 7130 7131 7262 7261 
7059 7131 7132 7263 7262 
7060 7132 7133 7264 7263 
7061 7133 7134 7265 7264 
7062 7134 7135 7266 7265 
7063 7135 7136 7267 7266 
7064 7136 7137 7268 7267 
7065 7137 7138 7269 7268 
7066 7138 7139 7270 7269 
7067 7139 7140 7271 7270 
7068 7140 7141 7272 7271 
7069 7141 7142 7273 7272 
7070 7142 7143 7274 7273 
7071 7143 7144 7275 7274 
7072 7144 7145 7276 7275 
7073 7145 7146 7277 7276 
7074 7146 7147 7278 7277 
7075 7147 7148 7279 7278 
7076 7148 7149 7280 7279 
7077 7149 7150 7281 7280 
7078 7150 7151 7282 7281 
7079 7151 7152 7283 7282 
7080 7152 7153 7284 7283 
7081 7153 7154 7285 7284 
7082 7154 7155 7286 7285 
7083 7155 7156 7287 7286 
7084 7156 7157 7288 7287 
7085 7157 7158 7289 7288 
7086 7158 7159 7290 7289 
7087 7159 7160 7291 7290 
7088 7160 7161 7292 7291 
7089 7161 7162 7293 7292 
7090 7162 7163 7294 7293 
7091 7163 7164 7295 7294 
7092 7164 7165 7296 7295 
7093 7165 7166 7297 7296 
7094 7166 7167 7298 7297 
7095 7167 7168 7299 7298 
7096 7168 7169 7300 7299 
7097 7169 7170 7301 7300 
7098 7170 7171 7302 7301 
7099 7171 7172 7303 7302 
7100 7172 7173 7304 7303 
7101 7173 7174 7305 7304 
7102 7174 7175 7306 7305 
7103 7175 7176 7307 7306 
7104 7176 7177 7308 7307 
7105 7177 7178 7309 7308 
7106 7178 7179 7310 7309 
7107 7179 7180 7311 7310 
7108 7180 7181 7312 7311 
7109 7181 7182 7313 7312 
7110 7182 7183 7314 7313 
7111 7183 7184 7315 7314 
7112 7184 7185 7316 7315 
7113 7185 7186 7317 7316 
7114 7186 7187 7318 7317 
7115 7187 7188 7319 7318 
7116 7188 7189 7320 7319 
7117 7189 7190 7321 7320 
7118 7190 7191 7322 7321 
7119 7191 7192 7323 7322 
7120 7192 7193 7324 7323 
7121 7193 7194 7325 7324 
7122 7194 7195 7326 7325 
7123 7195 7196 7327 7326 
7124 7196 7197 7328 7327 
7125 7197 7198 7329 7328 
7126 7198 7199 7330 7329 
7127 7199 7200 7331 7330 
7128 7200 7201 7332 7331 
7129 7201 7202 7333 7332 
7130 7202 7203 7334 7333 
7131 7203 7204 7335 7334 
7132 7204 7205 7336 7335 
7133 7205 7206 7337 7336 
7134 7206 7207 7338 7337 
7135 7207 7208 7339 7338 
7136 7208 7209 7340 7339 
7137 7209 7210 7341 7340 
7138 7210 7211 7342 7341 
7139 7211 7212 7343 7342 
7140 7212 338 337 7343 
7141 152 7213 7344 151 
7142 7213 7214 7345 7344 
7143 7214 7215 7346 7345 
7144 7215 7216 7347 7346 
7145 7216 7217 7348 7347 
7146 7217 7218 7349 7348 
7147 7218 7219 7350 7349 
7148 7219 7220 7351 7350 
7149 7220 7221 7352 7351 
7150 7221 7222 7353 7352 
7151 7222 7223 7354 7353 
7152 7223 7224 7355 7354 
7153 7224 7225 7356 7355 
7154 7225 7226 7357 7356 
7155 7226 7227 7358 7357 
7156 7227 7228 7359 7358 
7157 7228 7229 7360 7359 
7158 7229 7230 7361 7360 
7159 7230 7231 7362 7361 
7160 7231 7232 7363 7362 
7161 7232 7233 7364 7363 
7162 7233 7234 7365 7364 
7163 7234 7235 7366 7365 
7164 7235 7236 7367 7366 
7165 7236 7237 7368 7367 
7166 7237 7238 7369 7368 
7167 7238 7239 7370 7369 
7168 7239 7240 7371 7370 
7169 7240 7241 7372 7371 
7170 7241 7242 7373 7372 
7171 7242 7243 7374 7373 
7172 7243 7244 7375 7374 
7173 7244 7245 7376 7375 
7174 7245 7246 7377 7376 
7175 7246 7247 7378 7377 
7176 7247 7248 7379 7378 
7177 7248 7249 7380 7379 
7178 7249 7250 7381 7380 
7179 7250 7251 7382 7381 
7180 7251 7252 7383 7382 
7181 7252 7253 7384 7383 
7182 7253 7254 7385 7384 
7183 7254 7255 7386 7385 
7184 7255 7256 7387 7386 
7185 7256 7257 7388 7387 
7186 7257 7258 7389 7388 
7187 7258 7259 7390 7389 
7188 7259 7260 7391 7390 
7189 7260 7261 7392 7391 
7190 7261 7262 7393 7392 
7191 7262 7263 7394 7393 
7192 7263 7264 7395 7394 
7193 7264 7265 7396 7395 
7194 7265 7266 7397 7396 
7195 7266 7267 7398 7397 
7196 7267 7268 7399 7398 
7197 7268 7269 7400 7399 
7198 7269 7270 7401 7400 
7199 7270 7271 7402 7401 
7200 7271 7272 7403 7402 
7201 7272 7273 7404 7403 
7202 7273 7274 7405 7404 
7203 7274 7275 7406 7405 
7204 7275 7276 7407 7406 
7205 7276 7277 7408 7407 
7206 7277 7278 7409 7408 
7207 7278 7279 7410 7409 
7208 7279 7280 7411 7410 
7209 7280 7281 7412 7411 
7210 7281 7282 7413 7412 
7211 7282 7283 7414 7413 
7212 7283 7284 7415 7414 
7213 7284 7285 7416 7415 
7214 7285 7286 7417 7416 
7215 7286 7287 7418 7417 
7216 7287 7288 7419 7418 
7217 7288 7289 7420 7419 
7218 7289 7290 7421 7420 
7219 7290 7291 7422 7421 
7220 7291 7292 7423 7422 
7221 7292 7293 7424 7423 
7222 7293 7294 7425 7424 
7223 7294 7295 7426 7425 
7224 7295 7296 7427 7426 
7225 7296 7297 7428 7427 
7226 7297 7298 7429 7428 
7227 7298 7299 7430 7429 
7228 7299 7300 7431 7430 
7229 7300 7301 7432 7431 
7230 7301 7302 7433 7432 
7231 7302 7303 7434 7433 
7232 7303 7304 7435 7434 
7233 7304 7305 7436 7435 
7234 7305 7306 7437 7436 
7235 7306 7307 7438 7437 
7236 7307 7308 7439 7438 
7237 7308 7309 7440 7439 
7238 7309 7310 7441 7440 
7239 7310 7311 7442 7441 
7240 7311 7312 7443 7442 
7241 7312 7313 7444 7443 
7242 7313 7314 7445 7444 
7243 7314 7315 7446 7445 
7244 7315 7316 7447 7446 
7245 7316 7317 7448 7447 
7246 7317 7318 7449 7448 
7247 7318 7319 7450 7449 
7248 7319 7320 7451 7450 
7249 7320 7321 7452 7451 
7250 7321 7322 7453 7452 
7251 7322 7323 7454 7453 
7252 7323 7324 7455 7454 
7253 7324 7325 7456 7455 
7254 7325 7326 7457 7456 
7255 7326 7327 7458 7457 
7256 7327 7328 7459 7458 
7257 7328 7329 7460 7459 
7258 7329 7330 7461 7460 
7259 7330 7331 7462 7461 
7260 7331 7332 7463 7462 
7261 7332 7333 7464 7463 
7262 7333 7334 7465 7464 
7263 7334 7335 7466 7465 
7264 7335 7336 7467 7466 
7265 7336 7337 7468 7467 
7266 7337 7338 7469 7468 
7267 7338 7339 7470 7469 
7268 7339 7340 7471 7470 
7269 7340 7341 7472 7471 
7270 7341 7342 7473 7472 
7271 7342 7343 7474 7473 
7272 7343 337 336 7474 
7273 151 7344 7475 150 
7274 7344 7345 7476 7475 
7275 7345 7346 7477 7476 
7276 7346 7347 7478 7477 
7277 7347 7348 7479 7478 
7278 7348 7349 7480 7479 
7279 7349 7350 7481 7480 
7280 7350 7351 7482 7481 
7281 7351 7352 7483 7482 
7282 7352 7353 7484 7483 
7283 7353 7354 7485 7484 
7284 7354 7355 7486 7485 
7285 7355 7356 7487 7486 
7286 7356 7357 7488 7487 
7287 7357 7358 7489 7488 
7288 7358 7359 7490 7489 
7289 7359 7360 7491 7490 
7290 7360 7361 7492 7491 
7291 7361 7362 7493 7492 
7292 7362 7363 7494 7493 
7293 7363 7364 7495 7494 
7294 7364 7365 7496 7495 
7295 7365 7366 7497 7496 
7296 7366 7367 7498 7497 
7297 7367 7368 7499 7498 
7298 7368 7369 7500 7499 
7299 7369 7370 7501 7500 
7300 7370 7371 7502 7501 
7301 7371 7372 7503 7502 
7302 7372 7373 7504 7503 
7303 7373 7374 7505 7504 
7304 7374 7375 7506 7505 
7305 7375 7376 7507 7506 
7306 7376 7377 7508 7507 
7307 7377 7378 7509 7508 
7308 7378 7379 7510 7509 
7309 7379 7380 7511 7510 
7310 7380 7381 7512 7511 
7311 7381 7382 7513 7512 
7312 7382 7383 7514 7513 
7313 7383 7384 7515 7514 
7314 7384 7385 7516 7515 
7315 7385 7386 7517 7516 
7316 7386 7387 7518 7517 
7317 7387 7388 7519 7518 
7318 7388 7389 7520 7519 
7319 7389 7390 7521 7520 
7320 7390 7391 7522 7521 
7321 7391 7392 7523 7522 
7322 7392 7393 7524 7523 
7323 7393 7394 7525 7524 
7324 7394 7395 7526 7525 
7325 7395 7396 7527 7526 
7326 7396 7397 7528 7527 
7327 7397 7398 7529 7528 
7328 7398 7399 7530 7529 
7329 7399 7400 7531 7530 
7330 7400 7401 7532 7531 
7331 7401 7402 7533 7532 
7332 7402 7403 7534 7533 
7333 7403 7404 7535 7534 
7334 7404 7405 7536 7535 
7335 7405 7406 7537 7536 
7336 7406 7407 7538 7537 
7337 7407 7408 7539 7538 
7338 7408 7409 7540 7539 
7339 7409 7410 7541 7540 
7340 7410 7411 7542 7541 
7341 7411 7412 7543 7542 
7342 7412 7413 7544 7543 
7343 7413 7414 7545 7544 
7344 7414 7415 7546 7545 
7345 7415 7416 7547 7546 
7346 7416 7417 7548 7547 
7347 7417 7418 7549 7548 
7348 7418 7419 7550 7549 
7349 7419 7420 7551 7550 
7350 7420 7421 7552 7551 
7351 7421 7422 7553 7552 
7352 7422 7423 7554 7553 
7353 7423 7424 7555 7554 
7354 7424 7425 7556 7555 
7355 7425 7426 7557 7556 
7356 7426 7427 7558 7557 
7357 7427 7428 7559 7558 
7358 7428 7429 7560 7559 
7359 7429 7430 7561 7560 
7360 7430 7431 7562 7561 
7361 7431 7432 7563 7562 
7362 7432 7433 7564 7563 
7363 7433 7434 7565 7564 
7364 7434 7435 7566 7565 
7365 7435 7436 7567 7566 
7366 7436 7437 7568 7567 
7367 7437 7438 7569 7568 
7368 7438 7439 7570 7569 
7369 7439 7440 7571 7570 
7370 7440 7441 7572 7571 
7371 7441 7442 7573 7572 
7372 7442 7443 7574 7573 
7373 7443 7444 7575 7574 
7374 7444 7445 7576 7575 
7375 7445 7446 7577 7576 
7376 7446 7447 7578 7577 
7377 7447 7448 7579 7578 
7378 7448 7449 7580 7579 
7379 7449 7450 7581 7580 
7380 7450 7451 7582 7581 
7381 7451 7452 7583 7582 
7382 7452 7453 7584 7583 
7383 7453 7454 7585 7584 
7384 7454 7455 7586 7585 
7385 7455 7456 7587 7586 
7386 7456 7457 7588 7587 
7387 7457 7458 7589 7588 
7388 7458 7459 7590 7589 
7389 7459 7460 7591 7590 
7390 7460 7461 7592 7591 
7391 7461 7462 7593 7592 
7392 7462 7463 7594 7593 
7393 7463 7464 7595 7594 
7394 7464 7465 7596 7595 
7395 7465 7466 7597 7596 
7396 7466 7467 7598 7597 
7397 7467 7468 7599 7598 
7398 7468 7469 7600 7599 
7399 7469 7470 7601 7600 
7400 7470 7471 7602 7601 
7401 7471 7472 7603 7602 
7402 7472 7473 7604 7603 
7403 7473 7474 7605 7604 
7404 7474 336 335 7605 
7405 150 7475 7606 149 
7406 7475 7476 7607 7606 
7407 7476 7477 7608 7607 
7408 7477 7478 7609 7608 
7409 7478 7479 7610 7609 
7410 7479 7480 7611 7610 
7411 7480 7481 7612 7611 
7412 7481 7482 7613 7612 
7413 7482 7483 7614 7613 
7414 7483 7484 7615 7614 
7415 7484 7485 7616 7615 
7416 7485 7486 7617 7616 
7417 7486 7487 7618 7617 
7418 7487 7488 7619 7618 
7419 7488 7489 7620 7619 
7420 7489 7490 7621 7620 
7421 7490 7491 7622 7621 
7422 7491 7492 7623 7622 
7423 7492 7493 7624 7623 
7424 7493 7494 7625 7624 
7425 7494 7495 7626 7625 
7426 7495 7496 7627 7626 
7427 7496 7497 7628 7627 
7428 7497 7498 7629 7628 
7429 7498 7499 7630 7629 
7430 7499 7500 7631 7630 
7431 7500 7501 7632 7631 
7432 7501 7502 7633 7632 
7433 7502 7503 7634 7633 
7434 7503 7504 7635 7634 
7435 7504 7505 7636 7635 
7436 7505 7506 7637 7636 
7437 7506 7507 7638 7637 
7438 7507 7508 7639 7638 
7439 7508 7509 7640 7639 
7440 7509 7510 7641 7640 
7441 7510 7511 7642 7641 
7442 7511 7512 7643 7642 
7443 7512 7513 7644 7643 
7444 7513 7514 7645 7644 
7445 7514 7515 7646 7645 
7446 7515 7516 7647 7646 
7447 7516 7517 7648 7647 
7448 7517 7518 7649 7648 
7449 7518 7519 7650 7649 
7450 7519 7520 7651 7650 
7451 7520 7521 7652 7651 
7452 7521 7522 7653 7652 
7453 7522 7523 7654 7653 
7454 7523 7524 7655 7654 
7455 7524 7525 7656 7655 
7456 7525 7526 7657 7656 
7457 7526 7527 7658 7657 
7458 7527 7528 7659 7658 
7459 7528 7529 7660 7659 
7460 7529 7530 7661 7660 
7461 7530 7531 7662 7661 
7462 7531 7532 7663 7662 
7463 7532 7533 7664 7663 
7464 7533 7534 7665 7664 
7465 7534 7535 7666 7665 
7466 7535 7536 7667 7666 
7467 7536 7537 7668 7667 
7468 7537 7538 7669 7668 
7469 7538 7539 7670 7669 
7470 7539 7540 7671 7670 
7471 7540 7541 7672 7671 
7472 7541 7542 7673 7672 
7473 7542 7543 7674 7673 
7474 7543 7544 7675 7674 
7475 7544 7545 7676 7675 
7476 7545 7546 7677 7676 
7477 7546 7547 7678 7677 
7478 7547 7548 7679 7678 
7479 7548 7549 7680 7679 
7480 7549 7550 7681 7680 
7481 7550 7551 7682 7681 
7482 7551 7552 7683 7682 
7483 7552 7553 7684 7683 
7484 7553 7554 7685 7684 
7485 7554 7555 7686 7685 
7486 7555 7556 7687 7686 
7487 7556 7557 7688 7687 
7488 7557 7558 7689 7688 
7489 7558 7559 7690 7689 
7490 7559 7560 7691 7690 
7491 7560 7561 7692 7691 
7492 7561 7562 7693 7692 
7493 7562 7563 7694 7693 
7494 7563 7564 7695 7694 
7495 7564 7565 7696 7695 
7496 7565 7566 7697 7696 
7497 7566 7567 7698 7697 
7498 7567 7568 7699 7698 
7499 7568 7569 7700 7699 
7500 7569 7570 7701 7700 
7501 7570 7571 7702 7701 
7502 7571 7572 7703 7702 
7503 7572 7573 7704 7703 
7504 7573 7574 7705 7704 
7505 7574 7575 7706 7705 
7506 7575 7576 7707 7706 
7507 7576 7577 7708 7707 
7508 7577 7578 7709 7708 
7509 7578 7579 7710 7709 
7510 7579 7580 7711 7710 
7511 7580 7581 7712 7711 
7512 7581 7582 7713 7712 
7513 7582 7583 7714 7713 
7514 7583 7584 7715 7714 
7515 7584 7585 7716 7715 
7516 7585 7586 7717 7716 
7517 7586 7587 7718 7717 
7518 7587 7588 7719 7718 
7519 7588 7589 7720 7719 
7520 7589 7590 7721 7720 
7521 7590 7591 7722 7721 
7522 7591 7592 7723 7722 
7523 7592 7593 7724 7723 
7524 7593 7594 7725 7724 
7525 7594 7595 7726 7725 
7526 7595 7596 7727 7726 
7527 7596 7597 7728 7727 
7528 7597 7598 7729 7728 
7529 7598 7599 7730 7729 
7530 7599 7600 7731 7730 
7531 7600 7601 7732 7731 
7532 7601 7602 7733 7732 
7533 7602 7603 7734 7733 
7534 7603 7604 7735 7734 
7535 7604 7605 7736 7735 
7536 7605 335 334 7736 
7537 149 7606 7737 148 
7538 7606 7607 7738 7737 
7539 7607 7608 7739 7738 
7540 7608 7609 7740 7739 
7541 7609 7610 7741 7740 
7542 7610 7611 7742 7741 
7543 7611 7612 7743 7742 
7544 7612 7613 7744 7743 
7545 7613 7614 7745 7744 
7546 7614 7615 7746 7745 
7547 7615 7616 7747 7746 
7548 7616 7617 7748 7747 
7549 7617 7618 7749 7748 
7550 7618 7619 7750 7749 
7551 7619 7620 7751 7750 
7552 7620 7621 7752 7751 
7553 7621 7622 7753 7752 
7554 7622 7623 7754 7753 
7555 7623 7624 7755 7754 
7556 7624 7625 7756 7755 
7557 7625 7626 7757 7756 
7558 7626 7627 7758 7757 
7559 7627 7628 7759 7758 
7560 7628 7629 7760 7759 
7561 7629 7630 7761 7760 
7562 7630 7631 7762 7761 
7563 7631 7632 7763 7762 
7564 7632 7633 7764 7763 
7565 7633 7634 7765 7764 
7566 7634 7635 7766 7765 
7567 7635 7636 7767 7766 
7568 7636 7637 7768 7767 
7569 7637 7638 7769 7768 
7570 7638 7639 7770 7769 
7571 7639 7640 7771 7770 
7572 7640 7641 7772 7771 
7573 7641 7642 7773 7772 
7574 7642 7643 7774 7773 
7575 7643 7644 7775 7774 
7576 7644 7645 7776 7775 
7577 7645 7646 7777 7776 
7578 7646 7647 7778 7777 
7579 7647 7648 7779 7778 
7580 7648 7649 7780 7779 
7581 7649 7650 7781 7780 
7582 7650 7651 7782 7781 
7583 7651 7652 7783 7782 
7584 7652 7653 7784 7783 
7585 7653 7654 7785 7784 
7586 7654 7655 7786 7785 
7587 7655 7656 7787 7786 
7588 7656 7657 7788 7787 
7589 7657 7658 7789 7788 
7590 7658 7659 7790 7789 
7591 7659 7660 7791 7790 
7592 7660 7661 7792 7791 
7593 7661 7662 7793 7792 
7594 7662 7663 7794 7793 
7595 7663 7664 7795 7794 
7596 7664 7665 7796 7795 
7597 7665 7666 7797 7796 
7598 7666 7667 7798 7797 
7599 7667 7668 7799 7798 
7600 7668 7669 7800 7799 
7601 7669 7670 7801 7800 
7602 7670 7671 7802 7801 
7603 7671 7672 7803 7802 
7604 7672 7673 7804 7803 
7605 7673 7674 7805 7804 
7606 7674 7675 7806 7805 
7607 7675 7676 7807 7806 
7608 7676 7677 7808 7807 
7609 7677 7678 7809 7808 
7610 7678 7679 7810 7809 
7611 7679 7680 7811 7810 
7612 7680 7681 7812 7811 
7613 7681 7682 7813 7812 
7614 7682 7683 7814 7813 
7615 7683 7684 7815 7814 
7616 7684 7685 7816 7815 
7617 7685 7686 7817 7816 
7618 7686 7687 7818 7817 
7619 7687 7688 7819 7818 
7620 7688 7689 7820 7819 
7621 7689 7690 7821 7820 
7622 7690 7691 7822 7821 
7623 7691 7692 7823 7822 
7624 7692 7693 7824 7823 
7625 7693 7694 7825 7824 
7626 7694 7695 7826 7825 
7627 7695 7696 7827 7826 
7628 7696 7697 7828 7827 
7629 7697 7698 7829 7828 
7630 7698 7699 7830 7829 
7631 7699 7700 7831 7830 
7632 7700 7701 7832 7831 
7633 7701 7702 7833 7832 
7634 7702 7703 7834 7833 
7635 7703 7704 7835 7834 
7636 7704 7705 7836 7835 
7637 7705 7706 7837 7836 
7638 7706 7707 7838 7837 
7639 7707 7708 7839 7838 
7640 7708 7709 7840 7839 
7641 7709 7710 7841 7840 
7642 7710 7711 7842 7841 
7643 7711 7712 7843 7842 
7644 7712 7713 7844 7843 
7645 7713 7714 7845 7844 
7646 7714 7715 7846 7845 
7647 7715 7716 7847 7846 
7648 7716 7717 7848 7847 
7649 7717 7718 7849 7848 
7650 7718 7719 7850 7849 
7651 7719 7720 7851 7850 
7652 7720 7721 7852 7851 
7653 7721 7722 7853 7852 
7654 7722 7723 7854 7853 
7655 7723 7724 7855 7854 
7656 7724 7725 7856 7855 
7657 7725 7726 7857 7856 
7658 7726 7727 7858 7857 
7659 7727 7728 7859 7858 
7660 7728 7729 7860 7859 
7661 7729 7730 7861 7860 
7662 7730 7731 7862 7861 
7663 7731 7732 7863 7862 
7664 7732 7733 7864 7863 
7665 7733 7734 7865 7864 
7666 7734 7735 7866 7865 
7667 7735 7736 7867 7866 
7668 7736 334 333 7867 
7669 148 7737 7868 147 
7670 7737 7738 7869 7868 
7671 7738 7739 7870 7869 
7672 7739 7740 7871 7870 
7673 7740 7741 7872 7871 
7674 7741 7742 7873 7872 
7675 7742 7743 7874 7873 
7676 7743 7744 7875 7874 
7677 7744 7745 7876 7875 
7678 7745 7746 7877 7876 
7679 7746 7747 7878 7877 
7680 7747 7748 7879 7878 
7681 7748 7749 7880 7879 
7682 7749 7750 7881 7880 
7683 7750 7751 7882 7881 
7684 7751 7752 7883 7882 
7685 7752 7753 7884 7883 
7686 7753 7754 7885 7884 
7687 7754 7755 7886 7885 
7688 7755 7756 7887 7886 
7689 7756 7757 7888 7887 
7690 7757 7758 7889 7888 
7691 7758 7759 7890 7889 
7692 7759 7760 7891 7890 
7693 7760 7761 7892 7891 
7694 7761 7762 7893 7892 
7695 7762 7763 7894 7893 
7696 7763 7764 7895 7894 
7697 7764 7765 7896 7895 
7698 7765 7766 7897 7896 
7699 7766 7767 7898 7897 
7700 7767 7768 7899 7898 
7701 7768 7769 7900 7899 
7702 7769 7770 7901 7900 
7703 7770 7771 7902 7901 
7704 7771 7772 7903 7902 
7705 7772 7773 7904 7903 
7706 7773 7774 7905 7904 
7707 7774 7775 7906 7905 
7708 7775 7776 7907 7906 
7709 7776 7777 7908 7907 
7710 7777 7778 7909 7908 
7711 7778 7779 7910 7909 
7712 7779 7780 7911 7910 
7713 7780 7781 7912 7911 
7714 7781 7782 7913 7912 
7715 7782 7783 7914 7913 
7716 7783 7784 7915 7914 
7717 7784 7785 7916 7915 
7718 7785 7786 7917 7916 
7719 7786 7787 7918 7917 
7720 7787 7788 7919 7918 
7721 7788 7789 7920 7919 
7722 7789 7790 7921 7920 
7723 7790 7791 7922 7921 
7724 7791 7792 7923 7922 
7725 7792 7793 7924 7923 
7726 7793 7794 7925 7924 
7727 7794 7795 7926 7925 
7728 7795 7796 7927 7926 
7729 7796 7797 7928 7927 
7730 7797 7798 7929 7928 
7731 7798 7799 7930 7929 
7732 7799 7800 7931 7930 
7733 7800 7801 7932 7931 
7734 7801 7802 7933 7932 
7735 7802 7803 7934 7933 
7736 7803 7804 7935 7934 
7737 7804 7805 7936 7935 
7738 7805 7806 7937 7936 
7739 7806 7807 7938 7937 
7740 7807 7808 7939 7938 
7741 7808 7809 7940 7939 
7742 7809 7810 7941 7940 
7743 7810 7811 7942 7941 
7744 7811 7812 7943 7942 
7745 7812 7813 7944 7943 
7746 7813 7814 7945 7944 
7747 7814 7815 7946 7945 
7748 7815 7816 7947 7946 
7749 7816 7817 7948 7947 
7750 7817 7818 7949 7948 
7751 7818 7819 7950 7949 
7752 7819 7820 7951 7950 
7753 7820 7821 7952 7951 
7754 7821 7822 7953 7952 
7755 7822 7823 7954 7953 
7756 7823 7824 7955 7954 
7757 7824 7825 7956 7955 
7758 7825 7826 7957 7956 
7759 7826 7827 7958 7957 
7760 7827 7828 7959 7958 
7761 7828 7829 7960 7959 
7762 7829 7830 7961 7960 
7763 7830 7831 7962 7961 
7764 7831 7832 7963 7962 
7765 7832 7833 7964 7963 
7766 7833 7834 7965 7964 
7767 7834 7835 7966 7965 
7768 7835 7836 7967 7966 
7769 7836 7837 7968 7967 
7770 7837 7838 7969 7968 
7771 7838 7839 7970 7969 
7772 7839 7840 7971 7970 
7773 7840 7841 7972 7971 
7774 7841 7842 7973 7972 
7775 7842 7843 7974 7973 
7776 7843 7844 7975 7974 
7777 7844 7845 7976 7975 
7778 7845 7846 7977 7976 
7779 7846 7847 7978 7977 
7780 7847 7848 7979 7978 
7781 7848 7849 7980 7979 
7782 7849 7850 7981 7980 
7783 7850 7851 7982 7981 
7784 7851 7852 7983 7982 
7785 7852 7853 7984 7983 
7786 7853 7854 7985 7984 
7787 7854 7855 7986 7985 
7788 7855 7856 7987 7986 
7789 7856 7857 7988 7987 
7790 7857 7858 7989 7988 
7791 7858 7859 7990 7989 
7792 7859 7860 7991 7990 
7793 7860 7861 7992 7991 
7794 7861 7862 7993 7992 
7795 7862 7863 7994 7993 
7796 7863 7864 7995 7994 
7797 7864 7865 7996 7995 
7798 7865 7866 7997 7996 
7799 7866 7867 7998 7997 
7800 7867 333 332 7998 
7801 147 7868 7999 146 
7802 7868 7869 8000 7999 
7803 7869 7870 8001 8000 
7804 7870 7871 8002 8001 
7805 7871 7872 8003 8002 
7806 7872 7873 8004 8003 
7807 7873 7874 8005 8004 
7808 7874 7875 8006 8005 
7809 7875 7876 8007 8006 
7810 7876 7877 8008 8007 
7811 7877 7878 8009 8008 
7812 7878 7879 8010 8009 
7813 7879 7880 8011 8010 
7814 7880 7881 8012 8011 
7815 7881 7882 8013 8012 
7816 7882 7883 8014 8013 
7817 7883 7884 8015 8014 
7818 7884 7885 8016 8015 
7819 7885 7886 8017 8016 
7820 7886 7887 8018 8017 
7821 7887 7888 8019 8018 
7822 7888 7889 8020 8019 
7823 7889 7890 8021 8020 
7824 7890 7891 8022 8021 
7825 7891 7892 8023 8022 
7826 7892 7893 8024 8023 
7827 7893 7894 8025 8024 
7828 7894 7895 8026 8025 
7829 7895 7896 8027 8026 
7830 7896 7897 8028 8027 
7831 7897 7898 8029 8028 
7832 7898 7899 8030 8029 
7833 7899 7900 8031 8030 
7834 7900 7901 8032 8031 
7835 7901 7902 8033 8032 
7836 7902 7903 8034 8033 
7837 7903 7904 8035 8034 
7838 7904 7905 8036 8035 
7839 7905 7906 8037 8036 
7840 7906 7907 8038 8037 
7841 7907 7908 8039 8038 
7842 7908 7909 8040 8039 
7843 7909 7910 8041 8040 
7844 7910 7911 8042 8041 
7845 7911 7912 8043 8042 
7846 7912 7913 8044 8043 
7847 7913 7914 8045 8044 
7848 7914 7915 8046 8045 
7849 7915 7916 8047 8046 
7850 7916 7917 8048 8047 
7851 7917 7918 8049 8048 
7852 7918 7919 8050 8049 
7853 7919 7920 8051 8050 
7854 7920 7921 8052 8051 
7855 7921 7922 8053 8052 
7856 7922 7923 8054 8053 
7857 7923 7924 8055 8054 
7858 7924 7925 8056 8055 
7859 7925 7926 8057 8056 
7860 7926 7927 8058 8057 
7861 7927 7928 8059 8058 
7862 7928 7929 8060 8059 
7863 7929 7930 8061 8060 
7864 7930 7931 8062 8061 
7865 7931 7932 8063 8062 
7866 7932 7933 8064 8063 
7867 7933 7934 8065 8064 
7868 7934 7935 8066 8065 
7869 7935 7936 8067 8066 
7870 7936 7937 8068 8067 
7871 7937 7938 8069 8068 
7872 7938 7939 8070 8069 
7873 7939 7940 8071 8070 
7874 7940 7941 8072 8071 
7875 7941 7942 8073 8072 
7876 7942 7943 8074 8073 
7877 7943 7944 8075 8074 
7878 7944 7945 8076 8075 
7879 7945 7946 8077 8076 
7880 7946 7947 8078 8077 
7881 7947 7948 8079 8078 
7882 7948 7949 8080 8079 
7883 7949 7950 8081 8080 
7884 7950 7951 8082 8081 
7885 7951 7952 8083 8082 
7886 7952 7953 8084 8083 
7887 7953 7954 8085 8084 
7888 7954 7955 8086 8085 
7889 7955 7956 8087 8086 
7890 7956 7957 8088 8087 
7891 7957 7958 8089 8088 
7892 7958 7959 8090 8089 
7893 7959 7960 8091 8090 
7894 7960 7961 8092 8091 
7895 7961 7962 8093 8092 
7896 7962 7963 8094 8093 
7897 7963 7964 8095 8094 
7898 7964 7965 8096 8095 
7899 7965 7966 8097 8096 
7900 7966 7967 8098 8097 
7901 7967 7968 8099 8098 
7902 7968 7969 8100 8099 
7903 7969 7970 8101 8100 
7904 7970 7971 8102 8101 
7905 7971 7972 8103 8102 
7906 7972 7973 8104 8103 
7907 7973 7974 8105 8104 
7908 7974 7975 8106 8105 
7909 7975 7976 8107 8106 
7910 7976 7977 8108 8107 
7911 7977 7978 8109 8108 
7912 7978 7979 8110 8109 
7913 7979 7980 8111 8110 
7914 7980 7981 8112 8111 
7915 7981 7982 8113 8112 
7916 7982 7983 8114 8113 
7917 7983 7984 8115 8114 
7918 7984 7985 8116 8115 
7919 7985 7986 8117 8116 
7920 7986 7987 8118 8117 
7921 7987 7988 8119 8118 
7922 7988 7989 8120 8119 
7923 7989 7990 8121 8120 
7924 7990 7991 8122 8121 
7925 7991 7992 8123 8122 
7926 7992 7993 8124 8123 
7927 7993 7994 8125 8124 
7928 7994 7995 8126 8125 
7929 7995 7996 8127 8126 
7930 7996 7997 8128 8127 
7931 7997 7998 8129 8128 
7932 7998 332 331 8129 
7933 146 7999 8130 145 
7934 7999 8000 8131 8130 
7935 8000 8001 8132 8131 
7936 8001 8002 8133 8132 
7937 8002 8003 8134 8133 
7938 8003 8004 8135 8134 
7939 8004 8005 8136 8135 
7940 8005 8006 8137 8136 
7941 8006 8007 8138 8137 
7942 8007 8008 8139 8138 
7943 8008 8009 8140 8139 
7944 8009 8010 8141 8140 
7945 8010 8011 8142 8141 
7946 8011 8012 8143 8142 
7947 8012 8013 8144 8143 
7948 8013 8014 8145 8144 
7949 8014 8015 8146 8145 
7950 8015 8016 8147 8146 
7951 8016 8017 8148 8147 
7952 8017 8018 8149 8148 
7953 8018 8019 8150 8149 
7954 8019 8020 8151 8150 
7955 8020 8021 8152 8151 
7956 8021 8022 8153 8152 
7957 8022 8023 8154 8153 
7958 8023 8024 8155 8154 
7959 8024 8025 8156 8155 
7960 8025 8026 8157 8156 
7961 8026 8027 8158 8157 
7962 8027 8028 8159 8158 
7963 8028 8029 8160 8159 
7964 8029 8030 8161 8160 
7965 8030 8031 8162 8161 
7966 8031 8032 8163 8162 
7967 8032 8033 8164 8163 
7968 8033 8034 8165 8164 
7969 8034 8035 8166 8165 
7970 8035 8036 8167 8166 
7971 8036 8037 8168 8167 
7972 8037 8038 8169 8168 
7973 8038 8039 8170 8169 
7974 8039 8040 8171 8170 
7975 8040 8041 8172 8171 
7976 8041 8042 8173 8172 
7977 8042 8043 8174 8173 
7978 8043 8044 8175 8174 
7979 8044 8045 8176 8175 
7980 8045 8046 8177 8176 
7981 8046 8047 8178 8177 
7982 8047 8048 8179 8178 
7983 8048 8049 8180 8179 
7984 8049 8050 8181 8180 
7985 8050 8051 8182 8181 
7986 8051 8052 8183 8182 
7987 8052 8053 8184 8183 
7988 8053 8054 8185 8184 
7989 8054 8055 8186 8185 
7990 8055 8056 8187 8186 
7991 8056 8057 8188 8187 
7992 8057 8058 8189 8188 
7993 8058 8059 8190 8189 
7994 8059 8060 8191 8190 
7995 8060 8061 8192 8191 
7996 8061 8062 8193 8192 
7997 8062 8063 8194 8193 
7998 8063 8064 8195 8194 
7999 8064 8065 8196 8195 
8000 8065 8066 8197 8196 
8001 8066 8067 8198 8197 
8002 8067 8068 8199 8198 
8003 8068 8069 8200 8199 
8004 8069 8070 8201 8200 
8005 8070 8071 8202 8201 
8006 8071 8072 8203 8202 
8007 8072 8073 8204 8203 
8008 8073 8074 8205 8204 
8009 8074 8075 8206 8205 
8010 8075 8076 8207 8206 
8011 8076 8077 8208 8207 
8012 8077 8078 8209 8208 
8013 8078 8079 8210 8209 
8014 8079 8080 8211 8210 
8015 8080 8081 8212 8211 
8016 8081 8082 8213 8212 
8017 8082 8083 8214 8213 
8018 8083 8084 8215 8214 
8019 8084 8085 8216 8215 
8020 8085 8086 8217 8216 
8021 8086 8087 8218 8217 
8022 8087 8088 8219 8218 
8023 8088 8089 8220 8219 
8024 8089 8090 8221 8220 
8025 8090 8091 8222 8221 
8026 8091 8092 8223 8222 
8027 8092 8093 8224 8223 
8028 8093 8094 8225 8224 
8029 8094 8095 8226 8225 
8030 8095 8096 8227 8226 
8031 8096 8097 8228 8227 
8032 8097 8098 8229 8228 
8033 8098 8099 8230 8229 
8034 8099 8100 8231 8230 
8035 8100 8101 8232 8231 
8036 8101 8102 8233 8232 
8037 8102 8103 8234 8233 
8038 8103 8104 8235 8234 
8039 8104 8105 8236 8235 
8040 8105 8106 8237 8236 
8041 8106 8107 8238 8237 
8042 8107 8108 8239 8238 
8043 8108 8109 8240 8239 
8044 8109 8110 8241 8240 
8045 8110 8111 8242 8241 
8046 8111 8112 8243 8242 
8047 8112 8113 8244 8243 
8048 8113 8114 8245 8244 
8049 8114 8115 8246 8245 
8050 8115 8116 8247 8246 
8051 8116 8117 8248 8247 
8052 8117 8118 8249 8248 
8053 8118 8119 8250 8249 
8054 8119 8120 8251 8250 
8055 8120 8121 8252 8251 
8056 8121 8122 8253 8252 
8057 8122 8123 8254 8253 
8058 8123 8124 8255 8254 
8059 8124 8125 8256 8255 
8060 8125 8126 8257 8256 
8061 8126 8127 8258 8257 
8062 8127 8128 8259 8258 
8063 8128 8129 8260 8259 
8064 8129 331 330 8260 
8065 145 8130 8261 144 
8066 8130 8131 8262 8261 
8067 8131 8132 8263 8262 
8068 8132 8133 8264 8263 
8069 8133 8134 8265 8264 
8070 8134 8135 8266 8265 
8071 8135 8136 8267 8266 
8072 8136 8137 8268 8267 
8073 8137 8138 8269 8268 
8074 8138 8139 8270 8269 
8075 8139 8140 8271 8270 
8076 8140 8141 8272 8271 
8077 8141 8142 8273 8272 
8078 8142 8143 8274 8273 
8079 8143 8144 8275 8274 
8080 8144 8145 8276 8275 
8081 8145 8146 8277 8276 
8082 8146 8147 8278 8277 
8083 8147 8148 8279 8278 
8084 8148 8149 8280 8279 
8085 8149 8150 8281 8280 
8086 8150 8151 8282 8281 
8087 8151 8152 8283 8282 
8088 8152 8153 8284 8283 
8089 8153 8154 8285 8284 
8090 8154 8155 8286 8285 
8091 8155 8156 8287 8286 
8092 8156 8157 8288 8287 
8093 8157 8158 8289 8288 
8094 8158 8159 8290 8289 
8095 8159 8160 8291 8290 
8096 8160 8161 8292 8291 
8097 8161 8162 8293 8292 
8098 8162 8163 8294 8293 
8099 8163 8164 8295 8294 
8100 8164 8165 8296 8295 
8101 8165 8166 8297 8296 
8102 8166 8167 8298 8297 
8103 8167 8168 8299 8298 
8104 8168 8169 8300 8299 
8105 8169 8170 8301 8300 
8106 8170 8171 8302 8301 
8107 8171 8172 8303 8302 
8108 8172 8173 8304 8303 
8109 8173 8174 8305 8304 
8110 8174 8175 8306 8305 
8111 8175 8176 8307 8306 
8112 8176 8177 8308 8307 
8113 8177 8178 8309 8308 
8114 8178 8179 8310 8309 
8115 8179 8180 8311 8310 
8116 8180 8181 8312 8311 
8117 8181 8182 8313 8312 
8118 8182 8183 8314 8313 
8119 8183 8184 8315 8314 
8120 8184 8185 8316 8315 
8121 8185 8186 8317 8316 
8122 8186 8187 8318 8317 
8123 8187 8188 8319 8318 
8124 8188 8189 8320 8319 
8125 8189 8190 8321 8320 
8126 8190 8191 8322 8321 
8127 8191 8192 8323 8322 
8128 8192 8193 8324 8323 
8129 8193 8194 8325 8324 
8130 8194 8195 8326 8325 
8131 8195 8196 8327 8326 
8132 8196 8197 8328 8327 
8133 8197 8198 8329 8328 
8134 8198 8199 8330 8329 
8135 8199 8200 8331 8330 
8136 8200 8201 8332 8331 
8137 8201 8202 8333 8332 
8138 8202 8203 8334 8333 
8139 8203 8204 8335 8334 
8140 8204 8205 8336 8335 
8141 8205 8206 8337 8336 
8142 8206 8207 8338 8337 
8143 8207 8208 8339 8338 
8144 8208 8209 8340 8339 
8145 8209 8210 8341 8340 
8146 8210 8211 8342 8341 
8147 8211 8212 8343 8342 
8148 8212 8213 8344 8343 
8149 8213 8214 8345 8344 
8150 8214 8215 8346 8345 
8151 8215 8216 8347 8346 
8152 8216 8217 8348 8347 
8153 8217 8218 8349 8348 
8154 8218 8219 8350 8349 
8155 8219 8220 8351 8350 
8156 8220 8221 8352 8351 
8157 8221 8222 8353 8352 
8158 8222 8223 8354 8353 
8159 8223 8224 8355 8354 
8160 8224 8225 8356 8355 
8161 8225 8226 8357 8356 
8162 8226 8227 8358 8357 
8163 8227 8228 8359 8358 
8164 8228 8229 8360 8359 
8165 8229 8230 8361 8360 
8166 8230 8231 8362 8361 
8167 8231 8232 8363 8362 
8168 8232 8233 8364 8363 
8169 8233 8234 8365 8364 
8170 8234 8235 8366 8365 
8171 8235 8236 8367 8366 
8172 8236 8237 8368 8367 
8173 8237 8238 8369 8368 
8174 8238 8239 8370 8369 
8175 8239 8240 8371 8370 
8176 8240 8241 8372 8371 
8177 8241 8242 8373 8372 
8178 8242 8243 8374 8373 
8179 8243 8244 8375 8374 
8180 8244 8245 8376 8375 
8181 8245 8246 8377 8376 
8182 8246 8247 8378 8377 
8183 8247 8248 8379 8378 
8184 8248 8249 8380 8379 
8185 8249 8250 8381 8380 
8186 8250 8251 8382 8381 
8187 8251 8252 8383 8382 
8188 8252 8253 8384 8383 
8189 8253 8254 8385 8384 
8190 8254 8255 8386 8385 
8191 8255 8256 8387 8386 
8192 8256 8257 8388 8387 
8193 8257 8258 8389 8388 
8194 8258 8259 8390 8389 
8195 8259 8260 8391 8390 
8196 8260 330 329 8391 
8197 144 8261 8392 143 
8198 8261 8262 8393 8392 
8199 8262 8263 8394 8393 
8200 8263 8264 8395 8394 
8201 8264 8265 8396 8395 
8202 8265 8266 8397 8396 
8203 8266 8267 8398 8397 
8204 8267 8268 8399 8398 
8205 8268 8269 8400 8399 
8206 8269 8270 8401 8400 
8207 8270 8271 8402 8401 
8208 8271 8272 8403 8402 
8209 8272 8273 8404 8403 
8210 8273 8274 8405 8404 
8211 8274 8275 8406 8405 
8212 8275 8276 8407 8406 
8213 8276 8277 8408 8407 
8214 8277 8278 8409 8408 
8215 8278 8279 8410 8409 
8216 8279 8280 8411 8410 
8217 8280 8281 8412 8411 
8218 8281 8282 8413 8412 
8219 8282 8283 8414 8413 
8220 8283 8284 8415 8414 
8221 8284 8285 8416 8415 
8222 8285 8286 8417 8416 
8223 8286 8287 8418 8417 
8224 8287 8288 8419 8418 
8225 8288 8289 8420 8419 
8226 8289 8290 8421 8420 
8227 8290 8291 8422 8421 
8228 8291 8292 8423 8422 
8229 8292 8293 8424 8423 
8230 8293 8294 8425 8424 
8231 8294 8295 8426 8425 
8232 8295 8296 8427 8426 
8233 8296 8297 8428 8427 
8234 8297 8298 8429 8428 
8235 8298 8299 8430 8429 
8236 8299 8300 8431 8430 
8237 8300 8301 8432 8431 
8238 8301 8302 8433 8432 
8239 8302 8303 8434 8433 
8240 8303 8304 8435 8434 
8241 8304 8305 8436 8435 
8242 8305 8306 8437 8436 
8243 8306 8307 8438 8437 
8244 8307 8308 8439 8438 
8245 8308 8309 8440 8439 
8246 8309 8310 8441 8440 
8247 8310 8311 8442 8441 
8248 8311 8312 8443 8442 
8249 8312 8313 8444 8443 
8250 8313 8314 8445 8444 
8251 8314 8315 8446 8445 
8252 8315 8316 8447 8446 
8253 8316 8317 8448 8447 
8254 8317 8318 8449 8448 
8255 8318 8319 8450 8449 
8256 8319 8320 8451 8450 
8257 8320 8321 8452 8451 
8258 8321 8322 8453 8452 
8259 8322 8323 8454 8453 
8260 8323 8324 8455 8454 
8261 8324 8325 8456 8455 
8262 8325 8326 8457 8456 
8263 8326 8327 8458 8457 
8264 8327 8328 8459 8458 
8265 8328 8329 8460 8459 
8266 8329 8330 8461 8460 
8267 8330 8331 8462 8461 
8268 8331 8332 8463 8462 
8269 8332 8333 8464 8463 
8270 8333 8334 8465 8464 
8271 8334 8335 8466 8465 
8272 8335 8336 8467 8466 
8273 8336 8337 8468 8467 
8274 8337 8338 8469 8468 
8275 8338 8339 8470 8469 
8276 8339 8340 8471 8470 
8277 8340 8341 8472 8471 
8278 8341 8342 8473 8472 
8279 8342 8343 8474 8473 
8280 8343 8344 8475 8474 
8281 8344 8345 8476 8475 
8282 8345 8346 8477 8476 
8283 8346 8347 8478 8477 
8284 8347 8348 8479 8478 
8285 8348 8349 8480 8479 
8286 8349 8350 8481 8480 
8287 8350 8351 8482 8481 
8288 8351 8352 8483 8482 
8289 8352 8353 8484 8483 
8290 8353 8354 8485 8484 
8291 8354 8355 8486 8485 
8292 8355 8356 8487 8486 
8293 8356 8357 8488 8487 
8294 8357 8358 8489 8488 
8295 8358 8359 8490 8489 
8296 8359 8360 8491 8490 
8297 8360 8361 8492 8491 
8298 8361 8362 8493 8492 
8299 8362 8363 8494 8493 
8300 8363 8364 8495 8494 
8301 8364 8365 8496 8495 
8302 8365 8366 8497 8496 
8303 8366 8367 8498 8497 
8304 8367 8368 8499 8498 
8305 8368 8369 8500 8499 
8306 8369 8370 8501 8500 
8307 8370 8371 8502 8501 
8308 8371 8372 8503 8502 
8309 8372 8373 8504 8503 
8310 8373 8374 8505 8504 
8311 8374 8375 8506 8505 
8312 8375 8376 8507 8506 
8313 8376 8377 8508 8507 
8314 8377 8378 8509 8508 
8315 8378 8379 8510 8509 
8316 8379 8380 8511 8510 
8317 8380 8381 8512 8511 
8318 8381 8382 8513 8512 
8319 8382 8383 8514 8513 
8320 8383 8384 8515 8514 
8321 8384 8385 8516 8515 
8322 8385 8386 8517 8516 
8323 8386 8387 8518 8517 
8324 8387 8388 8519 8518 
8325 8388 8389 8520 8519 
8326 8389 8390 8521 8520 
8327 8390 8391 8522 8521 
8328 8391 329 328 8522 
8329 143 8392 8523 142 
8330 8392 8393 8524 8523 
8331 8393 8394 8525 8524 
8332 8394 8395 8526 8525 
8333 8395 8396 8527 8526 
8334 8396 8397 8528 8527 
8335 8397 8398 8529 8528 
8336 8398 8399 8530 8529 
8337 8399 8400 8531 8530 
8338 8400 8401 8532 8531 
8339 8401 8402 8533 8532 
8340 8402 8403 8534 8533 
8341 8403 8404 8535 8534 
8342 8404 8405 8536 8535 
8343 8405 8406 8537 8536 
8344 8406 8407 8538 8537 
8345 8407 8408 8539 8538 
8346 8408 8409 8540 8539 
8347 8409 8410 8541 8540 
8348 8410 8411 8542 8541 
8349 8411 8412 8543 8542 
8350 8412 8413 8544 8543 
8351 8413 8414 8545 8544 
8352 8414 8415 8546 8545 
8353 8415 8416 8547 8546 
8354 8416 8417 8548 8547 
8355 8417 8418 8549 8548 
8356 8418 8419 8550 8549 
8357 8419 8420 8551 8550 
8358 8420 8421 8552 8551 
8359 8421 8422 8553 8552 
8360 8422 8423 8554 8553 
8361 8423 8424 8555 8554 
8362 8424 8425 8556 8555 
8363 8425 8426 8557 8556 
8364 8426 8427 8558 8557 
8365 8427 8428 8559 8558 
8366 8428 8429 8560 8559 
8367 8429 8430 8561 8560 
8368 8430 8431 8562 8561 
8369 8431 8432 8563 8562 
8370 8432 8433 8564 8563 
8371 8433 8434 8565 8564 
8372 8434 8435 8566 8565 
8373 8435 8436 8567 8566 
8374 8436 8437 8568 8567 
8375 8437 8438 8569 8568 
8376 8438 8439 8570 8569 
8377 8439 8440 8571 8570 
8378 8440 8441 8572 8571 
8379 8441 8442 8573 8572 
8380 8442 8443 8574 8573 
8381 8443 8444 8575 8574 
8382 8444 8445 8576 8575 
8383 8445 8446 8577 8576 
8384 8446 8447 8578 8577 
8385 8447 8448 8579 8578 
8386 8448 8449 8580 8579 
8387 8449 8450 8581 8580 
8388 8450 8451 8582 8581 
8389 8451 8452 8583 8582 
8390 8452 8453 8584 8583 
8391 8453 8454 8585 8584 
8392 8454 8455 8586 8585 
8393 8455 8456 8587 8586 
8394 8456 8457 8588 8587 
8395 8457 8458 8589 8588 
8396 8458 8459 8590 8589 
8397 8459 8460 8591 8590 
8398 8460 8461 8592 8591 
8399 8461 8462 8593 8592 
8400 8462 8463 8594 8593 
8401 8463 8464 8595 8594 
8402 8464 8465 8596 8595 
8403 8465 8466 8597 8596 
8404 8466 8467 8598 8597 
8405 8467 8468 8599 8598 
8406 8468 8469 8600 8599 
8407 8469 8470 8601 8600 
8408 8470 8471 8602 8601 
8409 8471 8472 8603 8602 
8410 8472 8473 8604 8603 
8411 8473 8474 8605 8604 
8412 8474 8475 8606 8605 
8413 8475 8476 8607 8606 
8414 8476 8477 8608 8607 
8415 8477 8478 8609 8608 
8416 8478 8479 8610 8609 
8417 8479 8480 8611 8610 
8418 8480 8481 8612 8611 
8419 8481 8482 8613 8612 
8420 8482 8483 8614 8613 
8421 8483 8484 8615 8614 
8422 8484 8485 8616 8615 
8423 8485 8486 8617 8616 
8424 8486 8487 8618 8617 
8425 8487 8488 8619 8618 
8426 8488 8489 8620 8619 
8427 8489 8490 8621 8620 
8428 8490 8491 8622 8621 
8429 8491 8492 8623 8622 
8430 8492 8493 8624 8623 
8431 8493 8494 8625 8624 
8432 8494 8495 8626 8625 
8433 8495 8496 8627 8626 
8434 8496 8497 8628 8627 
8435 8497 8498 8629 8628 
8436 8498 8499 8630 8629 
8437 8499 8500 8631 8630 
8438 8500 8501 8632 8631 
8439 8501 8502 8633 8632 
8440 8502 8503 8634 8633 
8441 8503 8504 8635 8634 
8442 8504 8505 8636 8635 
8443 8505 8506 8637 8636 
8444 8506 8507 8638 8637 
8445 8507 8508 8639 8638 
8446 8508 8509 8640 8639 
8447 8509 8510 8641 8640 
8448 8510 8511 8642 8641 
8449 8511 8512 8643 8642 
8450 8512 8513 8644 8643 
8451 8513 8514 8645 8644 
8452 8514 8515 8646 8645 
8453 8515 8516 8647 8646 
8454 8516 8517 8648 8647 
8455 8517 8518 8649 8648 
8456 8518 8519 8650 8649 
8457 8519 8520 8651 8650 
8458 8520 8521 8652 8651 
8459 8521 8522 8653 8652 
8460 8522 328 327 8653 
8461 142 8523 8654 141 
8462 8523 8524 8655 8654 
8463 8524 8525 8656 8655 
8464 8525 8526 8657 8656 
8465 8526 8527 8658 8657 
8466 8527 8528 8659 8658 
8467 8528 8529 8660 8659 
8468 8529 8530 8661 8660 
8469 8530 8531 8662 8661 
8470 8531 8532 8663 8662 
8471 8532 8533 8664 8663 
8472 8533 8534 8665 8664 
8473 8534 8535 8666 8665 
8474 8535 8536 8667 8666 
8475 8536 8537 8668 8667 
8476 8537 8538 8669 8668 
8477 8538 8539 8670 8669 
8478 8539 8540 8671 8670 
8479 8540 8541 8672 8671 
8480 8541 8542 8673 8672 
8481 8542 8543 8674 8673 
8482 8543 8544 8675 8674 
8483 8544 8545 8676 8675 
8484 8545 8546 8677 8676 
8485 8546 8547 8678 8677 
8486 8547 8548 8679 8678 
8487 8548 8549 8680 8679 
8488 8549 8550 8681 8680 
8489 8550 8551 8682 8681 
8490 8551 8552 8683 8682 
8491 8552 8553 8684 8683 
8492 8553 8554 8685 8684 
8493 8554 8555 8686 8685 
8494 8555 8556 8687 8686 
8495 8556 8557 8688 8687 
8496 8557 8558 8689 8688 
8497 8558 8559 8690 8689 
8498 8559 8560 8691 8690 
8499 8560 8561 8692 8691 
8500 8561 8562 8693 8692 
8501 8562 8563 8694 8693 
8502 8563 8564 8695 8694 
8503 8564 8565 8696 8695 
8504 8565 8566 8697 8696 
8505 8566 8567 8698 8697 
8506 8567 8568 8699 8698 
8507 8568 8569 8700 8699 
8508 8569 8570 8701 8700 
8509 8570 8571 8702 8701 
8510 8571 8572 8703 8702 
8511 8572 8573 8704 8703 
8512 8573 8574 8705 8704 
8513 8574 8575 8706 8705 
8514 8575 8576 8707 8706 
8515 8576 8577 8708 8707 
8516 8577 8578 8709 8708 
8517 8578 8579 8710 8709 
8518 8579 8580 8711 8710 
8519 8580 8581 8712 8711 
8520 8581 8582 8713 8712 
8521 8582 8583 8714 8713 
8522 8583 8584 8715 8714 
8523 8584 8585 8716 8715 
8524 8585 8586 8717 8716 
8525 8586 8587 8718 8717 
8526 8587 8588 8719 8718 
8527 8588 8589 8720 8719 
8528 8589 8590 8721 8720 
8529 8590 8591 8722 8721 
8530 8591 8592 8723 8722 
8531 8592 8593 8724 8723 
8532 8593 8594 8725 8724 
8533 8594 8595 8726 8725 
8534 8595 8596 8727 8726 
8535 8596 8597 8728 8727 
8536 8597 8598 8729 8728 
8537 8598 8599 8730 8729 
8538 8599 8600 8731 8730 
8539 8600 8601 8732 8731 
8540 8601 8602 8733 8732 
8541 8602 8603 8734 8733 
8542 8603 8604 8735 8734 
8543 8604 8605 8736 8735 
8544 8605 8606 8737 8736 
8545 8606 8607 8738 8737 
8546 8607 8608 8739 8738 
8547 8608 8609 8740 8739 
8548 8609 8610 8741 8740 
8549 8610 8611 8742 8741 
8550 8611 8612 8743 8742 
8551 8612 8613 8744 8743 
8552 8613 8614 8745 8744 
8553 8614 8615 8746 8745 
8554 8615 8616 8747 8746 
8555 8616 8617 8748 8747 
8556 8617 8618 8749 8748 
8557 8618 8619 8750 8749 
8558 8619 8620 8751 8750 
8559 8620 8621 8752 8751 
8560 8621 8622 8753 8752 
8561 8622 8623 8754 8753 
8562 8623 8624 8755 8754 
8563 8624 8625 8756 8755 
8564 8625 8626 8757 8756 
8565 8626 8627 8758 8757 
8566 8627 8628 8759 8758 
8567 8628 8629 8760 8759 
8568 8629 8630 8761 8760 
8569 8630 8631 8762 8761 
8570 8631 8632 8763 8762 
8571 8632 8633 8764 8763 
8572 8633 8634 8765 8764 
8573 8634 8635 8766 8765 
8574 8635 8636 8767 8766 
8575 8636 8637 8768 8767 
8576 8637 8638 8769 8768 
8577 8638 8639 8770 8769 
8578 8639 8640 8771 8770 
8579 8640 8641 8772 8771 
8580 8641 8642 8773 8772 
8581 8642 8643 8774 8773 
8582 8643 8644 8775 8774 
8583 8644 8645 8776 8775 
8584 8645 8646 8777 8776 
8585 8646 8647 8778 8777 
8586 8647 8648 8779 8778 
8587 8648 8649 8780 8779 
8588 8649 8650 8781 8780 
8589 8650 8651 8782 8781 
8590 8651 8652 8783 8782 
8591 8652 8653 8784 8783 
8592 8653 327 326 8784 
8593 141 8654 8785 140 
8594 8654 8655 8786 8785 
8595 8655 8656 8787 8786 
8596 8656 8657 8788 8787 
8597 8657 8658 8789 8788 
8598 8658 8659 8790 8789 
8599 8659 8660 8791 8790 
8600 8660 8661 8792 8791 
8601 8661 8662 8793 8792 
8602 8662 8663 8794 8793 
8603 8663 8664 8795 8794 
8604 8664 8665 8796 8795 
8605 8665 8666 8797 8796 
8606 8666 8667 8798 8797 
8607 8667 8668 8799 8798 
8608 8668 8669 8800 8799 
8609 8669 8670 8801 8800 
8610 8670 8671 8802 8801 
8611 8671 8672 8803 8802 
8612 8672 8673 8804 8803 
8613 8673 8674 8805 8804 
8614 8674 8675 8806 8805 
8615 8675 8676 8807 8806 
8616 8676 8677 8808 8807 
8617 8677 8678 8809 8808 
8618 8678 8679 8810 8809 
8619 8679 8680 8811 8810 
8620 8680 8681 8812 8811 
8621 8681 8682 8813 8812 
8622 8682 8683 8814 8813 
8623 8683 8684 8815 8814 
8624 8684 8685 8816 8815 
8625 8685 8686 8817 8816 
8626 8686 8687 8818 8817 
8627 8687 8688 8819 8818 
8628 8688 8689 8820 8819 
8629 8689 8690 8821 8820 
8630 8690 8691 8822 8821 
8631 8691 8692 8823 8822 
8632 8692 8693 8824 8823 
8633 8693 8694 8825 8824 
8634 8694 8695 8826 8825 
8635 8695 8696 8827 8826 
8636 8696 8697 8828 8827 
8637 8697 8698 8829 8828 
8638 8698 8699 8830 8829 
8639 8699 8700 8831 8830 
8640 8700 8701 8832 8831 
8641 8701 8702 8833 8832 
8642 8702 8703 8834 8833 
8643 8703 8704 8835 8834 
8644 8704 8705 8836 8835 
8645 8705 8706 8837 8836 
8646 8706 8707 8838 8837 
8647 8707 8708 8839 8838 
8648 8708 8709 8840 8839 
8649 8709 8710 8841 8840 
8650 8710 8711 8842 8841 
8651 8711 8712 8843 8842 
8652 8712 8713 8844 8843 
8653 8713 8714 8845 8844 
8654 8714 8715 8846 8845 
8655 8715 8716 8847 8846 
8656 8716 8717 8848 8847 
8657 8717 8718 8849 8848 
8658 8718 8719 8850 8849 
8659 8719 8720 8851 8850 
8660 8720 8721 8852 8851 
8661 8721 8722 8853 8852 
8662 8722 8723 8854 8853 
8663 8723 8724 8855 8854 
8664 8724 8725 8856 8855 
8665 8725 8726 8857 8856 
8666 8726 8727 8858 8857 
8667 8727 8728 8859 8858 
8668 8728 8729 8860 8859 
8669 8729 8730 8861 8860 
8670 8730 8731 8862 8861 
8671 8731 8732 8863 8862 
8672 8732 8733 8864 8863 
8673 8733 8734 8865 8864 
8674 8734 8735 8866 8865 
8675 8735 8736 8867 8866 
8676 8736 8737 8868 8867 
8677 8737 8738 8869 8868 
8678 8738 8739 8870 8869 
8679 8739 8740 8871 8870 
8680 8740 8741 8872 8871 
8681 8741 8742 8873 8872 
8682 8742 8743 8874 8873 
8683 8743 8744 8875 8874 
8684 8744 8745 8876 8875 
8685 8745 8746 8877 8876 
8686 8746 8747 8878 8877 
8687 8747 8748 8879 8878 
8688 8748 8749 8880 8879 
8689 8749 8750 8881 8880 
8690 8750 8751 8882 8881 
8691 8751 8752 8883 8882 
8692 8752 8753 8884 8883 
8693 8753 8754 8885 8884 
8694 8754 8755 8886 8885 
8695 8755 8756 8887 8886 
8696 8756 8757 8888 8887 
8697 8757 8758 8889 8888 
8698 8758 8759 8890 8889 
8699 8759 8760 8891 8890 
8700 8760 8761 8892 8891 
8701 8761 8762 8893 8892 
8702 8762 8763 8894 8893 
8703 8763 8764 8895 8894 
8704 8764 8765 8896 8895 
8705 8765 8766 8897 8896 
8706 8766 8767 8898 8897 
8707 8767 8768 8899 8898 
8708 8768 8769 8900 8899 
8709 8769 8770 8901 8900 
8710 8770 8771 8902 8901 
8711 8771 8772 8903 8902 
8712 8772 8773 8904 8903 
8713 8773 8774 8905 8904 
8714 8774 8775 8906 8905 
8715 8775 8776 8907 8906 
8716 8776 8777 8908 8907 
8717 8777 8778 8909 8908 
8718 8778 8779 8910 8909 
8719 8779 8780 8911 8910 
8720 8780 8781 8912 8911 
8721 8781 8782 8913 8912 
8722 8782 8783 8914 8913 
8723 8783 8784 8915 8914 
8724 8784 326 325 8915 
8725 140 8785 8916 139 
8726 8785 8786 8917 8916 
8727 8786 8787 8918 8917 
8728 8787 8788 8919 8918 
8729 8788 8789 8920 8919 
8730 8789 8790 8921 8920 
8731 8790 8791 8922 8921 
8732 8791 8792 8923 8922 
8733 8792 8793 8924 8923 
8734 8793 8794 8925 8924 
8735 8794 8795 8926 8925 
8736 8795 8796 8927 8926 
8737 8796 8797 8928 8927 
8738 8797 8798 8929 8928 
8739 8798 8799 8930 8929 
8740 8799 8800 8931 8930 
8741 8800 8801 8932 8931 
8742 8801 8802 8933 8932 
8743 8802 8803 8934 8933 
8744 8803 8804 8935 8934 
8745 8804 8805 8936 8935 
8746 8805 8806 8937 8936 
8747 8806 8807 8938 8937 
8748 8807 8808 8939 8938 
8749 8808 8809 8940 8939 
8750 8809 8810 8941 8940 
8751 8810 8811 8942 8941 
8752 8811 8812 8943 8942 
8753 8812 8813 8944 8943 
8754 8813 8814 8945 8944 
8755 8814 8815 8946 8945 
8756 8815 8816 8947 8946 
8757 8816 8817 8948 8947 
8758 8817 8818 8949 8948 
8759 8818 8819 8950 8949 
8760 8819 8820 8951 8950 
8761 8820 8821 8952 8951 
8762 8821 8822 8953 8952 
8763 8822 8823 8954 8953 
8764 8823 8824 8955 8954 
8765 8824 8825 8956 8955 
8766 8825 8826 8957 8956 
8767 8826 8827 8958 8957 
8768 8827 8828 8959 8958 
8769 8828 8829 8960 8959 
8770 8829 8830 8961 8960 
8771 8830 8831 8962 8961 
8772 8831 8832 8963 8962 
8773 8832 8833 8964 8963 
8774 8833 8834 8965 8964 
8775 8834 8835 8966 8965 
8776 8835 8836 8967 8966 
8777 8836 8837 8968 8967 
8778 8837 8838 8969 8968 
8779 8838 8839 8970 8969 
8780 8839 8840 8971 8970 
8781 8840 8841 8972 8971 
8782 8841 8842 8973 8972 
8783 8842 8843 8974 8973 
8784 8843 8844 8975 8974 
8785 8844 8845 8976 8975 
8786 8845 8846 8977 8976 
8787 8846 8847 8978 8977 
8788 8847 8848 8979 8978 
8789 8848 8849 8980 8979 
8790 8849 8850 8981 8980 
8791 8850 8851 8982 8981 
8792 8851 8852 8983 8982 
8793 8852 8853 8984 8983 
8794 8853 8854 8985 8984 
8795 8854 8855 8986 8985 
8796 8855 8856 8987 8986 
8797 8856 8857 8988 8987 
8798 8857 8858 8989 8988 
8799 8858 8859 8990 8989 
8800 8859 8860 8991 8990 
8801 8860 8861 8992 8991 
8802 8861 8862 8993 8992 
8803 8862 8863 8994 8993 
8804 8863 8864 8995 8994 
8805 8864 8865 8996 8995 
8806 8865 8866 8997 8996 
8807 8866 8867 8998 8997 
8808 8867 8868 8999 8998 
8809 8868 8869 9000 8999 
8810 8869 8870 9001 9000 
8811 8870 8871 9002 9001 
8812 8871 8872 9003 9002 
8813 8872 8873 9004 9003 
8814 8873 8874 9005 9004 
8815 8874 8875 9006 9005 
8816 8875 8876 9007 9006 
8817 8876 8877 9008 9007 
8818 8877 8878 9009 9008 
8819 8878 8879 9010 9009 
8820 8879 8880 9011 9010 
8821 8880 8881 9012 9011 
8822 8881 8882 9013 9012 
8823 8882 8883 9014 9013 
8824 8883 8884 9015 9014 
8825 8884 8885 9016 9015 
8826 8885 8886 9017 9016 
8827 8886 8887 9018 9017 
8828 8887 8888 9019 9018 
8829 8888 8889 9020 9019 
8830 8889 8890 9021 9020 
8831 8890 8891 9022 9021 
8832 8891 8892 9023 9022 
8833 8892 8893 9024 9023 
8834 8893 8894 9025 9024 
8835 8894 8895 9026 9025 
8836 8895 8896 9027 9026 
8837 8896 8897 9028 9027 
8838 8897 8898 9029 9028 
8839 8898 8899 9030 9029 
8840 8899 8900 9031 9030 
8841 8900 8901 9032 9031 
8842 8901 8902 9033 9032 
8843 8902 8903 9034 9033 
8844 8903 8904 9035 9034 
8845 8904 8905 9036 9035 
8846 8905 8906 9037 9036 
8847 8906 8907 9038 9037 
8848 8907 8908 9039 9038 
8849 8908 8909 9040 9039 
8850 8909 8910 9041 9040 
8851 8910 8911 9042 9041 
8852 8911 8912 9043 9042 
8853 8912 8913 9044 9043 
8854 8913 8914 9045 9044 
8855 8914 8915 9046 9045 
8856 8915 325 324 9046 
8857 139 8916 9047 138 
8858 8916 8917 9048 9047 
8859 8917 8918 9049 9048 
8860 8918 8919 9050 9049 
8861 8919 8920 9051 9050 
8862 8920 8921 9052 9051 
8863 8921 8922 9053 9052 
8864 8922 8923 9054 9053 
8865 8923 8924 9055 9054 
8866 8924 8925 9056 9055 
8867 8925 8926 9057 9056 
8868 8926 8927 9058 9057 
8869 8927 8928 9059 9058 
8870 8928 8929 9060 9059 
8871 8929 8930 9061 9060 
8872 8930 8931 9062 9061 
8873 8931 8932 9063 9062 
8874 8932 8933 9064 9063 
8875 8933 8934 9065 9064 
8876 8934 8935 9066 9065 
8877 8935 8936 9067 9066 
8878 8936 8937 9068 9067 
8879 8937 8938 9069 9068 
8880 8938 8939 9070 9069 
8881 8939 8940 9071 9070 
8882 8940 8941 9072 9071 
8883 8941 8942 9073 9072 
8884 8942 8943 9074 9073 
8885 8943 8944 9075 9074 
8886 8944 8945 9076 9075 
8887 8945 8946 9077 9076 
8888 8946 8947 9078 9077 
8889 8947 8948 9079 9078 
8890 8948 8949 9080 9079 
8891 8949 8950 9081 9080 
8892 8950 8951 9082 9081 
8893 8951 8952 9083 9082 
8894 8952 8953 9084 9083 
8895 8953 8954 9085 9084 
8896 8954 8955 9086 9085 
8897 8955 8956 9087 9086 
8898 8956 8957 9088 9087 
8899 8957 8958 9089 9088 
8900 8958 8959 9090 9089 
8901 8959 8960 9091 9090 
8902 8960 8961 9092 9091 
8903 8961 8962 9093 9092 
8904 8962 8963 9094 9093 
8905 8963 8964 9095 9094 
8906 8964 8965 9096 9095 
8907 8965 8966 9097 9096 
8908 8966 8967 9098 9097 
8909 8967 8968 9099 9098 
8910 8968 8969 9100 9099 
8911 8969 8970 9101 9100 
8912 8970 8971 9102 9101 
8913 8971 8972 9103 9102 
8914 8972 8973 9104 9103 
8915 8973 8974 9105 9104 
8916 8974 8975 9106 9105 
8917 8975 8976 9107 9106 
8918 8976 8977 9108 9107 
8919 8977 8978 9109 9108 
8920 8978 8979 9110 9109 
8921 8979 8980 9111 9110 
8922 8980 8981 9112 9111 
8923 8981 8982 9113 9112 
8924 8982 8983 9114 9113 
8925 8983 8984 9115 9114 
8926 8984 8985 9116 9115 
8927 8985 8986 9117 9116 
8928 8986 8987 9118 9117 
8929 8987 8988 9119 9118 
8930 8988 8989 9120 9119 
8931 8989 8990 9121 9120 
8932 8990 8991 9122 9121 
8933 8991 8992 9123 9122 
8934 8992 8993 9124 9123 
8935 8993 8994 9125 9124 
8936 8994 8995 9126 9125 
8937 8995 8996 9127 9126 
8938 8996 8997 9128 9127 
8939 8997 8998 9129 9128 
8940 8998 8999 9130 9129 
8941 8999 9000 9131 9130 
8942 9000 9001 9132 9131 
8943 9001 9002 9133 9132 
8944 9002 9003 9134 9133 
8945 9003 9004 9135 9134 
8946 9004 9005 9136 9135 
8947 9005 9006 9137 9136 
8948 9006 9007 9138 9137 
8949 9007 9008 9139 9138 
8950 9008 9009 9140 9139 
8951 9009 9010 9141 9140 
8952 9010 9011 9142 9141 
8953 9011 9012 9143 9142 
8954 9012 9013 9144 9143 
8955 9013 9014 9145 9144 
8956 9014 9015 9146 9145 
8957 9015 9016 9147 9146 
8958 9016 9017 9148 9147 
8959 9017 9018 9149 9148 
8960 9018 9019 9150 9149 
8961 9019 9020 9151 9150 
8962 9020 9021 9152 9151 
8963 9021 9022 9153 9152 
8964 9022 9023 9154 9153 
8965 9023 9024 9155 9154 
8966 9024 9025 9156 9155 
8967 9025 9026 9157 9156 
8968 9026 9027 9158 9157 
8969 9027 9028 9159 9158 
8970 9028 9029 9160 9159 
8971 9029 9030 9161 9160 
8972 9030 9031 9162 9161 
8973 9031 9032 9163 9162 
8974 9032 9033 9164 9163 
8975 9033 9034 9165 9164 
8976 9034 9035 9166 9165 
8977 9035 9036 9167 9166 
8978 9036 9037 9168 9167 
8979 9037 9038 9169 9168 
8980 9038 9039 9170 9169 
8981 9039 9040 9171 9170 
8982 9040 9041 9172 9171 
8983 9041 9042 9173 9172 
8984 9042 9043 9174 9173 
8985 9043 9044 9175 9174 
8986 9044 9045 9176 9175 
8987 9045 9046 9177 9176 
8988 9046 324 323 9177 
8989 138 9047 9178 137 
8990 9047 9048 9179 9178 
8991 9048 9049 9180 9179 
8992 9049 9050 9181 9180 
8993 9050 9051 9182 9181 
8994 9051 9052 9183 9182 
8995 9052 9053 9184 9183 
8996 9053 9054 9185 9184 
8997 9054 9055 9186 9185 
8998 9055 9056 9187 9186 
8999 9056 9057 9188 9187 
9000 9057 9058 9189 9188 
9001 9058 9059 9190 9189 
9002 9059 9060 9191 9190 
9003 9060 9061 9192 9191 
9004 9061 9062 9193 9192 
9005 9062 9063 9194 9193 
9006 9063 9064 9195 9194 
9007 9064 9065 9196 9195 
9008 9065 9066 9197 9196 
9009 9066 9067 9198 9197 
9010 9067 9068 9199 9198 
9011 9068 9069 9200 9199 
9012 9069 9070 9201 9200 
9013 9070 9071 9202 9201 
9014 9071 9072 9203 9202 
9015 9072 9073 9204 9203 
9016 9073 9074 9205 9204 
9017 9074 9075 9206 9205 
9018 9075 9076 9207 9206 
9019 9076 9077 9208 9207 
9020 9077 9078 9209 9208 
9021 9078 9079 9210 9209 
9022 9079 9080 9211 9210 
9023 9080 9081 9212 9211 
9024 9081 9082 9213 9212 
9025 9082 9083 9214 9213 
9026 9083 9084 9215 9214 
9027 9084 9085 9216 9215 
9028 9085 9086 9217 9216 
9029 9086 9087 9218 9217 
9030 9087 9088 9219 9218 
9031 9088 9089 9220 9219 
9032 9089 9090 9221 9220 
9033 9090 9091 9222 9221 
9034 9091 9092 9223 9222 
9035 9092 9093 9224 9223 
9036 9093 9094 9225 9224 
9037 9094 9095 9226 9225 
9038 9095 9096 9227 9226 
9039 9096 9097 9228 9227 
9040 9097 9098 9229 9228 
9041 9098 9099 9230 9229 
9042 9099 9100 9231 9230 
9043 9100 9101 9232 9231 
9044 9101 9102 9233 9232 
9045 9102 9103 9234 9233 
9046 9103 9104 9235 9234 
9047 9104 9105 9236 9235 
9048 9105 9106 9237 9236 
9049 9106 9107 9238 9237 
9050 9107 9108 9239 9238 
9051 9108 9109 9240 9239 
9052 9109 9110 9241 9240 
9053 9110 9111 9242 9241 
9054 9111 9112 9243 9242 
9055 9112 9113 9244 9243 
9056 9113 9114 9245 9244 
9057 9114 9115 9246 9245 
9058 9115 9116 9247 9246 
9059 9116 9117 9248 9247 
9060 9117 9118 9249 9248 
9061 9118 9119 9250 9249 
9062 9119 9120 9251 9250 
9063 9120 9121 9252 9251 
9064 9121 9122 9253 9252 
9065 9122 9123 9254 9253 
9066 9123 9124 9255 9254 
9067 9124 9125 9256 9255 
9068 9125 9126 9257 9256 
9069 9126 9127 9258 9257 
9070 9127 9128 9259 9258 
9071 9128 9129 9260 9259 
9072 9129 9130 9261 9260 
9073 9130 9131 9262 9261 
9074 9131 9132 9263 9262 
9075 9132 9133 9264 9263 
9076 9133 9134 9265 9264 
9077 9134 9135 9266 9265 
9078 9135 9136 9267 9266 
9079 9136 9137 9268 9267 
9080 9137 9138 9269 9268 
9081 9138 9139 9270 9269 
9082 9139 9140 9271 9270 
9083 9140 9141 9272 9271 
9084 9141 9142 9273 9272 
9085 9142 9143 9274 9273 
9086 9143 9144 9275 9274 
9087 9144 9145 9276 9275 
9088 9145 9146 9277 9276 
9089 9146 9147 9278 9277 
9090 9147 9148 9279 9278 
9091 9148 9149 9280 9279 
9092 9149 9150 9281 9280 
9093 9150 9151 9282 9281 
9094 9151 9152 9283 9282 
9095 9152 9153 9284 9283 
9096 9153 9154 9285 9284 
9097 9154 9155 9286 9285 
9098 9155 9156 9287 9286 
9099 9156 9157 9288 9287 
9100 9157 9158 9289 9288 
9101 9158 9159 9290 9289 
9102 9159 9160 9291 9290 
9103 9160 9161 9292 9291 
9104 9161 9162 9293 9292 
9105 9162 9163 9294 9293 
9106 9163 9164 9295 9294 
9107 9164 9165 9296 9295 
9108 9165 9166 9297 9296 
9109 9166 9167 9298 9297 
9110 9167 9168 9299 9298 
9111 9168 9169 9300 9299 
9112 9169 9170 9301 9300 
9113 9170 9171 9302 9301 
9114 9171 9172 9303 9302 
9115 9172 9173 9304 9303 
9116 9173 9174 9305 9304 
9117 9174 9175 9306 9305 
9118 9175 9176 9307 9306 
9119 9176 9177 9308 9307 
9120 9177 323 322 9308 
9121 137 9178 484 68 
9122 9178 9179 485 484 
9123 9179 9180 486 485 
9124 9180 9181 487 486 
9125 9181 9182 488 487 
9126 9182 9183 489 488 
9127 9183 9184 490 489 
9128 9184 9185 491 490 
9129 9185 9186 492 491 
9130 9186 9187 493 492 
9131 9187 9188 494 493 
9132 9188 9189 495 494 
9133 9189 9190 496 495 
9134 9190 9191 497 496 
9135 9191 9192 498 497 
9136 9192 9193 499 498 
9137 9193 9194 500 499 
9138 9194 9195 501 500 
9139 9195 9196 502 501 
9140 9196 9197 503 502 
9141 9197 9198 504 503 
9142 9198 9199 505 504 
9143 9199 9200 506 505 
9144 9200 9201 507 506 
9145 9201 9202 508 507 
9146 9202 9203 509 508 
9147 9203 9204 510 509 
9148 9204 9205 511 510 
9149 9205 9206 512 511 
9150 9206 9207 513 512 
9151 9207 9208 514 513 
9152 9208 9209 515 514 
9153 9209 9210 516 515 
9154 9210 9211 517 516 
9155 9211 9212 518 517 
9156 9212 9213 519 518 
9157 9213 9214 520 519 
9158 9214 9215 521 520 
9159 9215 9216 522 521 
9160 9216 9217 523 522 
9161 9217 9218 524 523 
9162 9218 9219 525 524 
9163 9219 9220 526 525 
9164 9220 9221 527 526 
9165 9221 9222 528 527 
9166 9222 9223 529 528 
9167 9223 9224 530 529 
9168 9224 9225 531 530 
9169 9225 9226 532 531 
9170 9226 9227 533 532 
9171 9227 9228 534 533 
9172 9228 9229 535 534 
9173 9229 9230 536 535 
9174 9230 9231 537 536 
9175 9231 9232 538 537 
9176 9232 9233 539 538 
9177 9233 9234 540 539 
9178 9234 9235 541 540 
9179 9235 9236 542 541 
9180 9236 9237 543 542 
9181 9237 9238 544 543 
9182 9238 9239 545 544 
9183 9239 9240 546 545 
9184 9240 9241 547 546 
9185 9241 9242 548 547 
9186 9242 9243 549 548 
9187 9243 9244 550 549 
9188 9244 9245 551 550 
9189 9245 9246 552 551 
9190 9246 9247 553 552 
9191 9247 9248 554 553 
9192 9248 9249 555 554 
9193 9249 9250 556 555 
9194 9250 9251 557 556 
9195 9251 9252 558 557 
9196 9252 9253 559 558 
9197 9253 9254 560 559 
9198 9254 9255 561 560 
9199 9255 9256 562 561 
9200 9256 9257 563 562 
9201 9257 9258 564 563 
9202 9258 9259 565 564 
9203 9259 9260 566 565 
9204 9260 9261 567 566 
9205 9261 9262 568 567 
9206 9262 9263 569 568 
9207 9263 9264 570 569 
9208 9264 9265 571 570 
9209 9265 9266 572 571 
9210 9266 9267 573 572 
9211 9267 9268 574 573 
9212 9268 9269 575 574 
9213 9269 9270 576 575 
9214 9270 9271 577 576 
9215 9271 9272 578 577 
9216 9272 9273 579 578 
9217 9273 9274 580 579 
9218 9274 9275 581 580 
9219 9275 9276 582 581 
9220 9276 9277 583 582 
9221 9277 9278 584 583 
9222 9278 9279 585 584 
9223 9279 9280 586 585 
9224 9280 9281 587 586 
9225 9281 9282 588 587 
9226 9282 9283 589 588 
9227 9283 9284 590 589 
9228 9284 9285 591 590 
9229 9285 9286 592 591 
9230 9286 9287 593 592 
9231 9287 9288 594 593 
9232 9288 9289 595 594 
9233 9289 9290 596 595 
9234 9290 9291 597 596 
9235 9291 9292 598 597 
9236 9292 9293 599 598 
9237 9293 9294 600 599 
9238 9294 9295 601 600 
9239 9295 9296 602 601 
9240 9296 9297 603 602 
9241 9297 9298 604 603 
9242 9298 9299 605 604 
9243 9299 9300 606 605 
9244 9300 9301 607 606 
9245 9301 9302 608 607 
9246 9302 9303 609 608 
9247 9303 9304 610 609 
9248 9304 9305 611 610 
9249 9305 9306 612 611 
9250 9306 9307 613 612 
9251 9307 9308 614 613 
9252 9308 322 71 614 
2 7 3 921
9253 10103 9695 9954 9697 
9254 10062 9414 9720 9719 
9255 9527 9529 10104 9727 
9256 9733 9345 618 9687 
9257 9332 9740 9741 9845 
9258 10041 9739 9470 9468 
9259 10067 9762 9487 9489 
9260 9566 9734 9733 10061 
9261 9348 9770 9632 9949 
9262 9732 9731 621 620 
9263 9809 9985 10108 9700 
9264 9714 9535 9536 9713 
9265 9330 9759 623 622 
9266 9365 9375 9707 9376 
9267 9737 9721 9568 9651 
9268 9973 9736 10141 9913 
9269 9725 9526 9749 9728 
9270 9835 9760 10034 9920 
9271 9605 9715 9714 9713 
9272 9730 9752 9495 9598 
9273 9941 9861 9358 9933 
9274 9889 9314 9909 9723 
9275 9958 9418 10099 9822 
9276 9613 9779 10133 9780 
9277 9592 9477 9612 9915 
9278 9354 9859 10052 9797 
9279 9777 9887 9503 9506 
9280 9912 9741 9604 9646 
9281 9758 9616 9614 9681 
9282 10016 9322 9986 9789 
9283 9377 9376 9707 9652 
9284 10042 9375 616 615 
9285 9458 9793 9622 9542 
9286 9771 10034 9760 9759 
9287 9928 9738 10007 9351 
9288 9755 9347 9760 9911 
9289 10070 647 648 9703 
9290 9397 9626 9784 9783 
9291 9688 9608 9381 9379 
9292 9532 9535 10051 9742 
9293 9596 9961 9344 9764 
9294 9848 10050 9776 10115 
9295 9653 9810 9461 9812 
9296 9594 9699 10065 9595 
9297 9346 651 652 9753 
9298 9934 9353 9847 9803 
9299 9344 653 654 9764 
9300 10005 9552 9385 9383 
9301 9443 9437 9436 9708 
9302 9747 9651 9568 9569 
9303 9315 9826 9827 10063 
9304 9331 656 657 9772 
9305 9348 649 650 9770 
9306 9550 10066 9806 9522 
9307 9693 9577 9531 9618 
9308 9900 9785 9867 9367 
9309 9550 9725 9728 9726 
9310 9952 9931 9638 9757 
9311 9329 659 660 9782 
9312 9522 9524 9725 9550 
9313 9375 9365 617 616 
9314 9558 9559 9669 9644 
9315 9604 9548 9518 9551 
9316 9650 9604 9741 9740 
9317 9383 9381 9608 9664 
9318 9617 9698 9699 9594 
9319 9676 9746 9572 9574 
9320 9750 9657 9611 9629 
9321 9704 9556 9588 10075 
9322 9981 9708 9483 9816 
9323 9615 9679 9681 9614 
9324 645 9668 9979 644 
9325 10070 9370 646 647 
9326 9730 9801 10138 9316 
9327 9606 9563 9696 9672 
9328 10135 9507 9510 9773 
9329 9552 9594 9595 9553 
9330 9817 9732 10122 9734 
9331 9818 9339 10133 9779 
9332 10049 9988 9625 9791 
9333 9691 9403 9401 9429 
9334 9485 9486 9489 9487 
9335 9397 9783 9401 9398 
9336 9628 9654 9834 10002 
9337 9774 9645 9778 9775 
9338 9344 9754 9982 9753 
9339 9744 9745 9491 9743 
9340 9540 9541 9615 9614 
9341 9513 9516 10116 9761 
9342 9568 9721 9722 9570 
9343 9481 9568 9570 9480 
9344 9729 9598 9497 9706 
9345 9491 9493 10113 9743 
9346 9371 9765 627 626 
9347 9444 9756 9476 9446 
9348 9613 9606 9672 9779 
9349 9876 9939 9656 9875 
9350 9482 9483 9708 9436 
9351 9578 9641 9643 9619 
9352 9703 648 649 9348 
9353 9612 9772 9768 9915 
9354 10103 9697 9439 9443 
9355 9730 9802 10113 9752 
9356 10130 9894 9820 9623 
9357 9478 9476 9756 9638 
9358 9487 9488 9816 9485 
9359 9311 9841 9845 9741 
9360 9436 9435 9433 9434 
9361 9765 9371 9973 9913 
9362 9439 9697 10110 9441 
9363 9625 9887 9777 9791 
9364 9770 650 651 9346 
9365 9328 9807 9886 9922 
9366 9784 9429 9401 9783 
9367 9939 9876 10129 9711 
9368 9699 9698 10016 9789 
9369 9612 9963 9331 9772 
9370 9778 9645 9558 9644 
9371 9934 9803 9644 9669 
9372 9563 9561 10117 9696 
9373 9731 9330 622 621 
9374 9753 652 653 9344 
9375 9350 10131 9957 9956 
9376 9426 9800 10093 9428 
9377 9624 9625 9988 9851 
9378 9645 9773 9510 9558 
9379 9792 9633 10024 9982 
9380 9764 654 655 9763 
9381 9763 655 656 9331 
9382 9758 9324 9874 10057 
9383 9608 9665 10139 9664 
9384 626 625 10064 9371 
9385 9768 658 659 9329 
9386 9539 9470 9739 9560 
9387 9772 657 658 9768 
9388 9391 9389 10000 9820 
9389 10105 9975 9728 9749 
9390 9725 9524 9525 9526 
9391 9713 9536 9545 9546 
9392 10021 9395 9393 9685 
9393 9731 9996 10091 9330 
9394 9867 9904 9906 9327 
9395 9694 9693 10018 9796 
9396 10084 9951 10106 9643 
9397 10017 10097 9410 9407 
9398 9488 9487 9762 9578 
9399 9495 9752 10113 9493 
9400 9829 10045 9377 9652 
9401 623 9759 9760 9347 
9402 10033 9686 9931 9953 
9403 9598 9729 9801 9730 
9404 9346 9753 9982 9832 
9405 404 9819 9316 405 
9406 9758 10057 10121 9855 
9407 9455 9441 10110 9456 
9408 9706 10073 10031 9729 
9409 9497 9500 10142 9706 
9410 9601 9700 10108 9591 
9411 9556 9605 9713 9546 
9412 9587 10034 9771 10098 
9413 9417 9419 10015 9420 
9414 9812 9781 10095 9653 
9415 9467 9540 10041 9468 
9416 9627 9677 9700 9601 
9417 9558 9510 9511 9512 
9418 9433 9428 10093 9434 
9419 9810 10080 9467 9460 
9420 9723 9840 9984 9889 
9421 9611 9595 10065 9629 
9422 9405 9691 10099 9418 
9423 9782 660 661 9349 
9424 9552 9553 9838 9385 
9425 9744 9769 9998 9745 
9426 10112 10115 9775 9815 
9427 9676 9692 10054 10020 
9428 9806 9519 9521 9522 
9429 9747 9569 9571 9572 
9430 9598 9495 9496 9497 
9431 9882 9800 9426 9424 
9432 9456 9461 9810 9457 
9433 9677 9627 9673 9826 
9434 9781 9812 9480 9570 
9435 9479 9480 9812 9461 
9436 9972 9970 9582 9839 
9437 10064 625 624 9755 
9438 9730 9316 9819 9802 
9439 9869 9787 9618 10003 
9440 9676 9574 9575 9576 
9441 9326 9863 9354 9796 
9442 9588 9649 9840 9723 
9443 9627 9601 9600 9602 
9444 9810 9460 9459 9457 
9445 9556 9557 9589 9588 
9446 9712 9710 10143 9711 
9447 9879 9325 10074 9794 
9448 9969 9960 9825 9930 
9449 9997 9871 645 646 
9450 9672 9696 9978 10008 
9451 9467 9466 9465 9460 
9452 9546 9547 9557 9556 
9453 9963 9908 9763 9331 
9454 9532 9742 9618 9531 
9455 9443 9439 9438 9437 
9456 9491 9745 10067 9489 
9457 9732 620 619 10122 
9458 9665 9608 9688 9678 
9459 9798 662 663 9374 
9460 10121 10057 9874 9362 
9461 628 627 9811 10109 
9462 9450 9393 9392 9391 
9463 9560 9639 10117 9561 
9464 10031 10073 9852 9335 
9465 9484 9485 9816 9483 
9466 9710 9424 9423 9422 
9467 9444 9833 10055 9756 
9468 9354 9797 9694 9796 
9469 9419 9417 9416 9415 
9470 9691 9405 9404 9403 
9471 9604 9551 9674 9646 
9472 9458 9824 10013 9793 
9473 9710 9422 9430 10143 
9474 9518 9548 10116 9516 
9475 9636 9453 9463 9821 
9476 9572 9746 9941 9747 
9477 9478 9686 10033 9795 
9478 9551 9518 9519 9806 
9479 9532 9534 9536 9535 
9480 9671 9670 10007 9738 
9481 9529 9530 9532 9531 
9482 9453 9636 9825 9451 
9483 9558 9512 9761 9559 
9484 9767 9837 9899 9366 
9485 9531 9577 10104 9529 
9486 9710 9712 9882 9424 
9487 9556 9704 10134 9605 
9488 9527 9528 9530 9529 
9489 9727 9526 9525 9527 
9490 9718 10101 9977 9715 
9491 9821 9463 9473 9474 
9492 9989 9799 10060 9597 
9493 9627 9628 10128 9673 
9494 9366 9898 9318 9767 
9495 9516 9517 9519 9518 
9496 9415 9414 10062 9828 
9497 9629 9767 10123 9750 
9498 9524 9522 9521 9523 
9499 9714 9715 9977 9716 
9500 9674 9675 9912 9646 
9501 9483 9482 9621 9484 
9502 9312 10081 9778 10144 
9503 9491 9489 9486 9490 
9504 9513 9515 9517 9516 
9505 9883 664 665 9811 
9506 9641 9578 9762 9642 
9507 9850 9852 10073 9709 
9508 9761 9512 9511 9513 
9509 9502 9624 10142 9500 
9510 9770 9346 9814 10102 
9511 9568 9481 9571 9569 
9512 9507 9509 9511 9510 
9513 9641 9702 10084 9643 
9514 9798 9374 9913 10141 
9515 10074 9701 10117 9639 
9516 9746 9676 10020 9748 
9517 9478 9795 9963 9612 
9518 9891 9809 10027 9364 
9519 9837 9767 9629 10065 
9520 9642 9910 9702 9641 
9521 9635 9613 10136 9647 
9522 10139 9904 9867 9786 
9523 9743 9974 10076 9744 
9524 10135 9506 9505 9507 
9525 9493 9491 9490 9492 
9526 9560 9561 9562 9539 
9527 627 9765 9883 9811 
9528 9495 9493 9492 9494 
9529 9500 9497 9496 9498 
9530 9502 9500 9498 9501 
9531 9887 9502 9501 9503 
9532 9467 9468 9469 9466 
9533 9578 9619 9630 9488 
9534 9809 9891 9340 9985 
9535 9647 9901 10007 9670 
9536 9639 9560 9739 9640 
9537 9456 9457 9459 9455 
9538 9436 9437 9438 9435 
9539 9865 10044 9722 10009 
9540 9775 9778 10081 9815 
9541 9572 9573 9575 9574 
9542 9851 9709 10142 9624 
9543 9551 9806 10066 9674 
9544 9731 9732 9817 10047 
9545 9791 9777 9774 9776 
9546 9365 9376 10107 9687 
9547 9774 9775 10115 9776 
9548 9980 9788 10106 9576 
9549 9905 9805 10086 9603 
9550 9640 9794 10074 9639 
9551 9478 9638 9931 9686 
9552 9361 9868 10018 9787 
9553 9665 9678 10069 9907 
9554 9708 9724 10103 9443 
9555 9690 9817 9734 10132 
9556 9651 9747 9941 9933 
9557 618 617 9365 9687 
9558 9363 9885 10101 9718 
9559 9414 9415 9416 9412 
9560 10087 9968 9668 10036 
9561 662 9798 9349 661 
9562 9606 9613 9635 9607 
9563 10073 9706 10142 9709 
9564 9420 9422 9423 9421 
9565 9563 9606 9607 9564 
9566 9561 9563 9564 9562 
9567 9401 9403 9404 9402 
9568 9468 9470 9538 9469 
9569 9682 9655 9586 9658 
9570 9389 9391 9392 9390 
9571 9768 9329 9805 9804 
9572 10108 9589 9590 9591 
9573 9395 9394 9392 9393 
9574 10122 9345 9733 9734 
9575 9908 9965 10092 9763 
9576 9397 9396 9394 9395 
9577 9386 9389 9390 9388 
9578 9878 9877 10048 9716 
9579 9426 9425 9423 9424 
9580 9617 9786 9867 9785 
9581 9676 9576 10106 9692 
9582 9314 9884 9890 9909 
9583 9398 9401 9402 9400 
9584 9336 9769 9744 10076 
9585 9778 9644 9803 10144 
9586 9919 9901 9342 9902 
9587 9446 9476 9477 9464 
9588 9611 9610 9553 9595 
9589 9759 9330 10091 9771 
9590 9378 9377 10045 9379 
9591 9439 9441 9454 9440 
9592 9426 9428 9432 9427 
9593 9428 9433 9458 9432 
9594 9476 9478 9612 9477 
9595 9594 9552 10005 9617 
9596 623 9347 9755 624 
9597 9601 9591 9599 9600 
9598 9405 9407 9409 9406 
9599 9407 9410 9411 9409 
9600 9397 9442 10023 9626 
9601 9787 9869 9870 9361 
9602 9445 9825 9960 9413 
9603 9834 9623 9610 9611 
9604 9584 9655 10114 9839 
9605 9592 9915 9768 9804 
9606 9435 9824 9458 9433 
9607 9927 9343 9886 9926 
9608 9541 9653 10095 9615 
9609 9624 9502 9887 9625 
9610 9794 9640 9855 10121 
9611 9895 9685 9393 9450 
9612 9982 9754 10120 9792 
9613 9596 9764 9763 10092 
9614 9327 9903 9367 9867 
9615 9329 9782 10086 9805 
9616 9397 9395 10021 9442 
9617 9886 9807 9688 9829 
9618 9992 9448 9971 9836 
9619 9553 9610 10000 9838 
9620 9412 9410 10097 9414 
9621 9638 9756 10055 9757 
9622 9385 9384 9382 9383 
9623 10039 9637 9923 9831 
9624 9419 9918 10059 9705 
9625 9410 9412 9833 9411 
9626 9383 9382 9380 9381 
9627 9422 9420 10015 9430 
9628 9715 9605 10134 9718 
9629 9790 9707 9957 10131 
9630 9506 9503 9504 9505 
9631 9391 9820 9894 9450 
9632 9617 9785 10016 9698 
9633 9611 9657 10002 9834 
9634 9711 10143 9430 9939 
9635 10108 9985 9840 9649 
9636 9707 9790 9926 9652 
9637 664 9883 9374 663 
9638 9374 9883 9765 9913 
9639 9381 9380 9378 9379 
9640 9714 9716 10048 9717 
9641 9488 9630 9981 9816 
9642 9911 9661 10064 9755 
9643 9825 9445 9447 9451 
9644 10052 10011 9694 9797 
9645 9405 9418 10017 9407 
9646 9346 9832 9667 9814 
9647 9666 10029 10102 9814 
9648 9751 9750 10123 9766 
9649 9691 9429 9947 9823 
9650 9546 9545 9683 9547 
9651 9804 10025 9966 9592 
9652 9485 9484 9945 9486 
9653 9636 9821 10039 9831 
9654 9978 9701 9880 9881 
9655 9610 9623 9820 10000 
9656 9749 9526 9727 10011 
9657 9985 9340 9984 9840 
9658 9534 9532 9530 9533 
9659 9627 9602 9654 9628 
9660 9545 9536 9534 9537 
9661 9622 9596 9554 9542 
9662 9480 9479 9954 9481 
9663 9833 9444 9413 9411 
9664 9652 9926 9886 9829 
9665 9521 9519 9517 9520 
9666 9415 9828 9918 9419 
9667 9452 9905 9603 9462 
9668 9384 9385 9838 9386 
9669 10038 9634 9947 10111 
9670 9618 9787 10018 9693 
9671 9792 9793 10013 9633 
9672 9515 9513 9511 9514 
9673 9559 10004 9892 9669 
9674 9839 9582 9583 9584 
9675 9987 9474 9835 9920 
9676 9509 9507 9505 9508 
9677 9849 9313 9851 9988 
9678 9495 9494 9499 9496 
9679 9474 9473 9580 9835 
9680 9486 9945 9579 9490 
9681 10046 9894 10130 9654 
9682 9655 9584 9585 9586 
9683 10105 10052 9859 9310 
9684 9343 9925 9922 9886 
9685 9572 9571 9695 9573 
9686 9469 9943 9465 9466 
9687 9441 9455 9940 9454 
9688 9726 9808 10079 9914 
9689 9983 9979 10119 9373 
9690 9464 9447 9445 9446 
9691 9539 9562 9597 9948 
9692 9455 9459 9471 9940 
9693 9848 10115 10112 9334 
9694 9449 9923 9637 9583 
9695 9726 9728 9975 9808 
9696 9470 9539 9948 9538 
9697 9793 9792 10120 9622 
9698 9446 9445 9413 9444 
9699 9386 9838 10000 9389 
9700 9481 9954 9695 9571 
9701 9800 9621 9482 10093 
9702 9599 9895 10046 9600 
9703 10043 9626 10023 9537 
9704 9831 9930 9825 9636 
9705 9581 9661 9911 9580 
9706 9779 9672 10008 9818 
9707 9453 9451 9447 9452 
9708 9554 9567 9959 9542 
9709 9463 9453 9452 9462 
9710 9700 9677 10027 9809 
9711 430 429 9333 9843 
9712 423 422 9844 9332 
9713 9580 9473 9472 9475 
9714 9460 9465 9471 9459 
9715 431 430 9843 9352 
9716 422 421 9353 9844 
9717 9758 9855 10041 9616 
9718 432 431 9352 9846 
9719 424 423 9332 9845 
9720 421 420 9847 9353 
9721 429 428 9853 9333 
9722 615 9995 9372 10042 
9723 426 425 9841 9311 
9724 433 432 9846 9310 
9725 420 419 9312 9847 
9726 427 426 9311 9842 
9727 414 9848 9334 415 
9728 9815 10081 418 417 
9729 413 9355 9848 414 
9730 412 9849 9355 413 
9731 411 9313 9849 412 
9732 9417 9964 10055 9416 
9733 425 424 9845 9841 
9734 410 9850 9313 411 
9735 428 427 9842 9853 
9736 9905 10025 9804 9805 
9737 408 9335 9852 409 
9738 409 9852 9850 410 
9739 9943 9469 9538 9543 
9740 434 433 9310 9859 
9741 9473 9463 9462 9472 
9742 9689 9555 9662 9663 
9743 10025 9905 9452 9966 
9744 9701 9978 9696 10117 
9745 9735 9581 9580 9475 
9746 9815 417 416 10112 
9747 399 9317 9854 400 
9748 9634 9544 9565 9609 
9749 9397 9398 9399 9396 
9750 398 9857 9317 399 
9751 435 434 9859 9354 
9752 9348 9799 10032 9703 
9753 9471 9465 9943 9666 
9754 397 9356 9857 398 
9755 396 9856 9356 397 
9756 9688 9807 10022 9678 
9757 9933 9358 9862 10089 
9758 393 9860 9319 394 
9759 9591 9590 9684 9599 
9760 9814 9667 9471 9666 
9761 9640 9739 10041 9855 
9762 9352 9843 10079 9808 
9763 392 9357 9860 393 
9764 436 435 9354 9863 
9765 9543 9538 9948 9631 
9766 9908 9963 9795 10118 
9767 9520 9555 9830 9521 
9768 395 9950 9856 396 
9769 9810 9653 9541 10080 
9770 9910 9642 9858 9999 
9771 394 9319 9950 395 
9772 9637 9585 9584 9583 
9773 388 9861 9320 389 
9774 437 436 9863 9326 
9775 386 9862 9358 387 
9776 387 9358 9861 388 
9777 9998 9858 9642 10010 
9778 9399 9449 9583 9582 
9779 391 9942 9357 392 
9780 9679 10037 10100 9681 
9781 438 437 9326 9868 
9782 9904 9907 9368 9906 
9783 383 9866 9321 384 
9784 9895 9599 9684 9685 
9785 9609 9823 9947 9634 
9786 382 9359 9866 383 
9787 9312 10144 9803 9847 
9788 9822 9689 9663 9958 
9789 9504 9875 9508 9505 
9790 439 438 9868 9361 
9791 381 9864 9359 382 
9792 9770 10102 10029 9632 
9793 9748 10090 9941 9746 
9794 9632 9631 10060 9949 
9795 9398 9400 9449 9399 
9796 380 9323 9864 381 
9797 379 9872 9323 380 
9798 9709 9851 9313 9850 
9799 378 9360 9872 379 
9800 377 9873 9360 378 
9801 9524 9523 9936 9525 
9802 9741 9912 9842 9311 
9803 376 9324 9873 377 
9804 440 439 9361 9870 
9805 9435 9438 10013 9824 
9806 9593 9508 9875 9656 
9807 10126 9735 10006 9917 
9808 9650 9740 9994 9892 
9809 9386 9388 9448 9387 
9810 375 9874 9324 376 
9811 9450 9894 10046 9895 
9812 9530 9528 9544 9929 
9813 374 9362 9874 375 
9814 442 441 9309 9877 
9815 9660 10062 9719 10053 
9816 443 442 9877 9878 
9817 441 440 9870 9309 
9818 373 9879 9362 374 
9819 9588 9589 10108 9649 
9820 9619 9788 9980 9630 
9821 9931 9425 10058 9953 
9822 9875 9504 9946 9876 
9823 9808 9975 9846 9352 
9824 372 9325 9879 373 
9825 9514 9549 9932 9515 
9826 371 9880 9325 372 
9827 9420 9421 9964 9417 
9828 9750 9751 10002 9657 
9829 370 9881 9880 371 
9830 9508 9593 9935 9509 
9831 444 443 9878 9337 
9832 9896 9897 9916 9780 
9833 9557 9547 9683 9924 
9834 9349 9917 10086 9782 
9835 9660 9659 10059 9918 
9836 385 10001 9862 386 
9837 9918 9828 10062 9660 
9838 369 9338 9881 370 
9839 9477 9592 9966 9464 
9840 445 444 9337 9885 
9841 9549 9514 9935 9659 
9842 9506 10135 9774 9777 
9843 384 9321 10001 385 
9844 446 445 9885 9363 
9845 9736 10126 9798 10141 
9846 449 448 9314 9889 
9847 447 446 9363 9884 
9848 9555 9520 9932 9662 
9849 400 9854 10030 401 
9850 9910 9856 9950 9702 
9851 9760 9835 9580 9911 
9852 9521 9830 9936 9523 
9853 450 449 9889 9984 
9854 9570 9722 10044 9781 
9855 9348 9949 10060 9799 
9856 9869 10003 10051 9717 
9857 9405 9406 9969 9404 
9858 448 447 9884 9314 
9859 9836 9682 10047 9992 
9860 9712 9711 10129 9938 
9861 9697 9954 9479 10110 
9862 9589 9557 9924 9590 
9863 9716 9977 9337 9878 
9864 9498 9496 9499 9937 
9865 9614 9616 10041 9540 
9866 452 451 9340 9891 
9867 9544 9528 9936 9565 
9868 451 450 9984 9340 
9869 453 452 9891 9364 
9870 389 9320 10035 390 
9871 9515 9932 9520 9517 
9872 9431 10114 9836 9971 
9873 454 453 9364 9893 
9874 455 454 9893 9315 
9875 368 9976 9338 369 
9876 9509 9935 9514 9511 
9877 402 9336 10072 403 
9878 9527 9525 9936 9528 
9879 365 9896 9339 366 
9880 405 9316 10138 406 
9881 9581 9735 10126 9736 
9882 9718 9890 9884 9363 
9883 9490 9579 9944 9492 
9884 9336 402 401 10030 
9885 10085 9408 9969 9930 
9886 10014 9680 10044 9865 
9887 9931 9952 9423 9425 
9888 9492 9944 9499 9494 
9889 9567 9953 10058 9959 
9890 9458 9542 9959 9432 
9891 9942 391 390 10035 
9892 9503 9501 9946 9504 
9893 364 9897 9896 365 
9894 9679 9680 10014 10037 
9895 462 461 9318 9898 
9896 9726 9914 10066 9550 
9897 465 464 9899 9986 
9898 464 463 9366 9899 
9899 9484 9621 10088 9945 
9900 9719 9720 9958 9663 
9901 9795 10033 9620 10118 
9902 9690 9992 10047 9817 
9903 463 462 9898 9366 
9904 9737 10124 9888 9721 
9905 9987 9920 10034 9587 
9906 9832 9982 10024 9667 
9907 9411 9413 9960 9409 
9908 10139 9665 9907 9904 
9909 466 465 9986 9322 
9910 9968 10119 9979 9668 
9911 9567 9554 9965 9620 
9912 9802 9974 9743 10113 
9913 9869 9717 10048 10127 
9914 9436 9434 10093 9482 
9915 9544 9634 10038 9929 
9916 9464 9966 9452 9447 
9917 9972 9839 10114 9431 
9918 363 9342 9897 364 
9919 467 466 9322 9900 
9920 9501 9498 9937 9946 
9921 9559 9761 10116 10004 
9922 362 9902 9342 363 
9923 9540 9467 10080 9541 
9924 9390 9971 9448 9388 
9925 9923 9449 9400 9962 
9926 468 467 9900 9367 
9927 9901 9647 10136 9916 
9928 9461 9456 10110 9479 
9929 9826 9673 10019 9827 
9930 9619 9643 10106 9788 
9931 469 468 9367 9903 
9932 9736 9973 9661 9581 
9933 9735 9475 9472 10006 
9934 9462 9603 10006 9472 
9935 361 9919 9902 362 
9936 9800 9882 10088 9621 
9937 9837 9789 9986 9899 
9938 10087 10036 9671 9738 
9939 9645 9774 10135 9773 
9940 470 469 9903 9327 
9941 9647 9670 9990 9635 
9942 9387 9448 9992 9690 
9943 9729 10031 10138 9801 
9944 459 458 9341 10028 
9945 9423 9952 9964 9421 
9946 9402 9404 9969 9408 
9947 9400 9402 9408 9962 
9948 471 470 9327 9906 
9949 9987 10039 9821 9474 
9950 9952 9757 10055 9964 
9951 9549 10053 9662 9932 
9952 9408 10085 9923 9962 
9953 461 460 10040 9318 
9954 9901 9916 9897 9342 
9955 9679 9615 10095 9680 
9956 458 457 10077 9341 
9957 9734 9566 9991 10132 
9958 472 471 9906 9368 
9959 9582 9970 9396 9399 
9960 9454 9633 10013 9440 
9961 9439 9440 10013 9438 
9962 366 9339 10083 367 
9963 9315 10063 456 455 
9964 9819 404 403 10072 
9965 9392 9431 9971 9390 
9966 360 9351 9919 361 
9967 9535 9714 9717 10051 
9968 9694 10011 9727 10104 
9969 645 9871 10036 9668 
9970 9387 9690 10132 9991 
9971 9663 9662 10053 9719 
9972 9394 9972 9431 9392 
9973 9593 10059 9659 9935 
9974 473 472 9368 9921 
9975 9707 9375 10042 9957 
9976 9409 9960 9969 9406 
9977 9590 9924 10078 9684 
9978 407 10031 9335 408 
9979 10071 10096 9912 9675 
9980 9997 9671 10036 9871 
9981 9740 9332 9844 9994 
9982 476 475 9922 9925 
9983 475 474 9328 9922 
9984 9325 9880 9701 10074 
9985 474 473 9921 9328 
9986 10011 10052 10105 9749 
9987 9892 10004 10116 9650 
9988 9586 9585 9987 9587 
9989 9562 9564 9989 9597 
9990 359 9928 9351 360 
9991 9976 368 367 10083 
9992 9565 10125 9689 9822 
9993 9769 9854 9317 9998 
9994 9545 9537 10023 9683 
9995 477 476 9925 9343 
9996 9796 10018 9868 9326 
9997 9917 9349 9798 10126 
9998 9901 9919 9351 10007 
9999 9353 9934 9994 9844 
10000 358 9369 9928 359 
10001 478 477 9343 9927 
10002 9604 9650 10116 9548 
10003 9396 9970 9972 9394 
10004 9371 10064 9661 9973 
10005 9998 10010 10067 9745 
10006 9857 9858 9998 9317 
10007 9432 9959 10058 9427 
10008 9953 9567 9620 10033 
10009 9336 10030 9854 9769 
10010 9564 9607 9648 9989 
10011 9356 9999 9858 9857 
10012 9856 9910 9999 9356 
10013 9609 10099 9691 9823 
10014 9965 9908 10118 9620 
10015 9721 9888 10009 9722 
10016 9607 9635 9990 9648 
10017 9693 9694 10104 9577 
10018 9785 9900 9322 10016 
10019 479 478 9927 9955 
10020 618 9345 10122 619 
10021 9618 9742 10051 10003 
10022 9386 9387 9991 9384 
10023 9384 9991 9566 9382 
10024 9682 9836 10114 9655 
10025 9426 9427 10058 9425 
10026 460 459 10028 10040 
10027 9600 10046 9654 9602 
10028 10031 407 406 10138 
10029 9930 9831 9923 10085 
10030 9802 9819 10072 9974 
10031 9359 10009 9888 9866 
10032 9530 9929 10038 9533 
10033 9864 9865 10009 9359 
10034 9826 9315 9893 10012 
10035 357 9967 9369 358 
10036 9379 10045 9829 9688 
10037 9534 9533 10043 9537 
10038 9865 9864 9323 10014 
10039 9818 10008 9338 9976 
10040 10094 9813 10082 643 
10041 9320 10090 9748 10035 
10042 9659 9660 10053 9549 
10043 9807 9328 9921 10022 
10044 419 418 10081 9312 
10045 9926 9790 9955 9927 
10046 9881 9338 10008 9978 
10047 9412 9416 10055 9833 
10048 9579 9993 10056 9944 
10049 9656 9705 10059 9593 
10050 480 479 9955 9350 
10051 9628 10002 9751 10128 
10052 9382 9566 10061 9380 
10053 457 456 10063 10077 
10054 10020 9942 10035 9748 
10055 9631 9632 10029 9543 
10056 666 10109 9811 665 
10057 9826 10012 10027 9677 
10058 9667 10024 9940 9471 
10059 10072 9336 10076 9974 
10060 9951 9860 9357 10054 
10061 9758 9681 10100 10068 
10062 9939 10140 9705 9656 
10063 9944 10056 9938 9499 
10064 9939 9430 10015 10140 
10065 9671 9997 9990 9670 
10066 9669 9892 9994 9934 
10067 9603 10086 9917 10006 
10068 9737 9651 9933 10089 
10069 415 9334 10112 416 
10070 9454 9940 10024 9633 
10071 9988 10049 9355 9849 
10072 9799 9989 9648 10032 
10073 356 9373 9967 357 
10074 9418 9958 9720 10017 
10075 9872 10037 10014 9323 
10076 9830 10125 9565 9936 
10077 9731 10047 9682 9996 
10078 9587 10098 9658 9586 
10079 9543 10029 9666 9943 
10080 9414 10097 10017 9720 
10081 9555 9689 10125 9830 
10082 9942 10020 10054 9357 
10083 10001 9737 10089 9862 
10084 9341 10026 9766 10028 
10085 10077 10019 10026 9341 
10086 9585 9637 10039 9987 
10087 9860 9951 10084 9319 
10088 9675 9674 10066 9914 
10089 9350 9955 9790 10131 
10090 9565 9822 10099 9609 
10091 9631 9948 9597 10060 
10092 9789 9837 10065 9699 
10093 9758 10068 9873 9324 
10094 9321 10124 9737 10001 
10095 10042 9372 9956 9957 
10096 9319 10084 9702 9950 
10097 9642 9762 10067 10010 
10098 9861 9941 10090 9320 
10099 9993 9579 9945 10088 
10100 481 480 9350 9956 
10101 9377 9378 10107 9376 
10102 9937 10129 9876 9946 
10103 9912 10096 9853 9842 
10104 355 9983 9373 356 
10105 9630 9980 10137 9981 
10106 9344 9961 10120 9754 
10107 9848 9355 10049 10050 
10108 10021 10078 10023 9442 
10109 646 9370 9990 9997 
10110 9499 9938 10129 9937 
10111 9648 9990 9370 10070 
10112 9975 10105 9310 9846 
10113 9419 9705 10140 10015 
10114 9623 9834 9654 10130 
10115 643 644 9979 10094 
10116 9429 9784 10111 9947 
10117 9364 10027 10012 9893 
10118 9866 9888 10124 9321 
10119 9596 9622 10120 9961 
10120 9339 9818 9976 10083 
10121 9588 9723 9909 10075 
10122 354 9813 9983 355 
10123 9554 9596 10092 9965 
10124 9872 9360 10100 10037 
10125 9718 10134 9704 9890 
10126 10106 9951 10054 9692 
10127 9843 9333 10071 10079 
10128 9573 9695 10103 9724 
10129 9333 9853 10096 10071 
10130 9977 10101 9885 9337 
10131 9890 9704 10075 9909 
10132 9766 10026 10128 9751 
10133 9924 9683 10023 10078 
10134 353 10082 9813 354 
10135 9682 9658 10091 9996 
10136 9380 10061 10107 9378 
10137 9708 9981 10137 9724 
10138 9360 9873 10068 10100 
10139 9907 10069 9921 9368 
10140 9776 10050 10049 9791 
10141 482 481 9956 9372 
10142 9576 9575 10137 9980 
10143 10019 10077 10063 9827 
10144 9617 10005 10139 9786 
10145 9869 10127 9309 9870 
10146 9626 10043 10111 9784 
10147 9794 10121 9362 9879 
10148 9712 9993 10088 9882 
10149 9573 9724 10137 9575 
10150 9938 10056 9993 9712 
10151 9738 9928 9369 10087 
10152 9767 9318 10040 10123 
10153 9967 9968 10087 9369 
10154 9780 10133 9339 9896 
10155 9877 9309 10127 10048 
10156 10043 9533 10038 10111 
10157 483 482 9372 9995 
10158 9921 10069 9678 10022 
10159 9648 10070 9703 10032 
10160 9675 9914 10079 10071 
10161 9658 10098 9771 10091 
10162 9979 9983 9813 10094 
10163 9680 10095 9781 10044 
10164 9613 9780 9916 10136 
10165 10026 10019 9673 10128 
10166 9687 10107 10061 9733 
10167 9968 9967 9373 10119 
10168 9383 9664 10139 10005 
10169 10028 9766 10123 10040 
10170 10109 666 73 628 
10171 353 67 643 10082 
10172 483 9995 615 70 
10173 10021 9685 9684 10078 
2 8 3 909
10174 10896 10550 10551 10250 
10175 10691 10540 10692 10690 
10176 10168 10687 10571 10570 
10177 10612 10444 10477 10751 
10178 10325 10323 10892 10578 
10179 10712 10819 10206 670 
10180 10643 10531 10937 10815 
10181 10787 10186 10918 10622 
10182 10565 10561 10558 10560 
10183 10181 633 634 10591 
10184 10172 10849 10574 10644 
10185 10166 636 637 10593 
10186 10549 10437 10544 10546 
10187 10742 10741 10839 10754 
10188 10201 10212 10538 10211 
10189 10428 10597 10180 10791 
10190 10591 10564 10701 10630 
10191 10620 10630 10823 10521 
10192 10535 10388 10437 10884 
10193 10369 10545 10546 10544 
10194 10559 10558 10358 10383 
10195 10210 10632 10598 10640 
10196 10421 10535 10825 10556 
10197 10443 10662 10601 10602 
10198 10574 10573 10327 10409 
10199 10728 10556 10825 10150 
10200 10871 10594 10676 10753 
10201 10167 10602 681 680 
10202 10788 10660 10926 10254 
10203 10657 10456 10455 10691 
10204 10444 10612 10960 10611 
10205 10180 10597 678 677 
10206 10404 10401 10942 10580 
10207 10748 10476 10436 10571 
10208 10850 10621 10816 10158 
10209 10689 10939 10608 10811 
10210 10894 629 630 10211 
10211 10294 10297 10453 10624 
10212 10780 10463 10929 10603 
10213 10604 10593 10594 10871 
10214 10902 10534 672 671 
10215 10674 10280 10282 10589 
10216 10233 10614 10615 10457 
10217 10190 10629 10930 10699 
10218 10367 10572 10881 10369 
10219 10212 10483 10622 10538 
10220 10182 10586 676 675 
10221 10767 10636 10688 10189 
10222 10279 10539 10272 10273 
10223 10151 10897 10667 10666 
10224 10597 10596 679 678 
10225 10602 10601 682 681 
10226 10184 10603 674 673 
10227 10443 10602 10167 10731 
10228 10588 10715 10594 10183 
10229 10519 10908 10214 10216 
10230 10524 10449 10366 10410 
10231 10740 10203 10708 10616 
10232 10361 10583 10938 10364 
10233 631 632 10889 10518 
10234 10383 10356 10637 10880 
10235 10784 10590 10468 10764 
10236 10165 10613 684 683 
10237 10358 10558 10561 10360 
10238 10211 630 631 10201 
10239 10390 10474 10500 10391 
10240 10436 10384 10352 10381 
10241 10369 10544 10379 10370 
10242 10481 10570 10571 10436 
10243 10216 10218 10495 10440 
10244 10448 10426 10530 10529 
10245 10188 10671 10560 10653 
10246 10427 10442 10488 10460 
10247 10797 10914 10568 10872 
10248 10640 10598 641 10648 
10249 10447 10512 10510 10445 
10250 669 668 10808 10499 
10251 10569 10392 10469 10470 
10252 10902 671 670 10206 
10253 10563 10152 10964 10635 
10254 10438 10503 10527 10395 
10255 10530 10426 10385 10427 
10256 10852 10628 10704 10162 
10257 10522 10264 10237 10239 
10258 10298 10317 10318 10786 
10259 10187 10568 10914 10761 
10260 10404 10580 10838 10579 
10261 10220 10222 10385 10426 
10262 10180 10586 10810 10587 
10263 10709 10197 10710 10618 
10264 10296 10304 10306 10305 
10265 10233 10234 10237 10614 
10266 10374 10445 10446 10375 
10267 10373 10392 10569 10308 
10268 10347 10595 10947 10350 
10269 10318 10317 10402 10400 
10270 10331 10430 10537 10333 
10271 10402 10552 10482 10400 
10272 10445 10510 10511 10446 
10273 10308 10569 10950 10306 
10274 10636 10474 10475 10609 
10275 10444 10611 10503 10438 
10276 10718 10717 10487 10771 
10277 10535 10421 10389 10388 
10278 10322 10321 10324 10323 
10279 10298 10292 10291 10293 
10280 10652 10319 10272 10539 
10281 10411 10450 10473 10471 
10282 10534 10184 673 672 
10283 10931 10279 10275 10528 
10284 10959 10454 10658 10734 
10285 10590 10589 10314 10468 
10286 10404 10579 10507 10406 
10287 10461 10324 10321 10652 
10288 10147 10571 10687 10683 
10289 10272 10270 10269 10271 
10290 10945 10656 10861 10566 
10291 10275 10277 10940 10528 
10292 10603 10182 675 674 
10293 10327 10325 10578 10409 
10294 10591 634 635 10564 
10295 10615 10614 10237 10264 
10296 10771 10542 10958 10718 
10297 10530 10621 10850 10529 
10298 10767 10500 10474 10636 
10299 10395 10527 10948 10393 
10300 10564 635 636 10166 
10301 10460 10488 10585 10584 
10302 10586 10180 677 676 
10303 10260 10263 10919 10634 
10304 10317 10298 10949 10647 
10305 10216 10440 10963 10519 
10306 10596 10167 680 679 
10307 10592 10888 10716 10160 
10308 10440 10495 10965 10496 
10309 10885 10523 10507 10854 
10310 640 10207 10898 639 
10311 10623 10810 10860 10302 
10312 10601 10165 683 682 
10313 10182 10673 10810 10586 
10314 10856 10842 10230 10231 
10315 10708 10163 10745 10744 
10316 10383 10358 10357 10356 
10317 10525 10628 10852 10524 
10318 10913 10473 10935 10782 
10319 10542 10543 10887 10770 
10320 10305 10306 10950 10374 
10321 10851 10243 10246 10923 
10322 10430 10562 10903 10537 
10323 10574 10576 10829 10644 
10324 637 10183 10594 10593 
10325 10558 10559 10653 10560 
10326 10870 10785 10764 10517 
10327 10925 10650 10607 10939 
10328 10430 10563 10635 10562 
10329 10592 10695 10626 10888 
10330 10291 10292 10940 10277 
10331 10333 10537 10967 10335 
10332 10433 10423 10937 10531 
10333 10388 10379 10544 10437 
10334 10253 10256 10848 10255 
10335 10164 10757 10750 10582 
10336 10420 10924 10604 10871 
10337 10496 10746 10901 10509 
10338 10575 10641 10883 10577 
10339 10458 10433 10531 10508 
10340 10269 10270 10919 10263 
10341 10645 10296 10305 10909 
10342 10556 10728 10814 10681 
10343 10530 10427 10460 10899 
10344 10638 10424 10795 10661 
10345 10613 10165 10638 10646 
10346 10638 10661 10435 10646 
10347 10241 10254 10926 10522 
10348 10613 10185 685 684 
10349 10324 10411 10892 10323 
10350 10637 10356 10355 10353 
10351 10212 10214 10908 10483 
10352 10573 10329 10328 10327 
10353 10577 10331 10330 10329 
10354 10724 10265 10260 10634 
10355 10508 10666 10504 10458 
10356 10801 10680 10415 10799 
10357 10898 10588 638 639 
10358 10504 10459 10434 10458 
10359 10710 10836 10449 10618 
10360 10475 10607 10650 10609 
10361 10507 10408 10407 10406 
10362 10605 10344 10343 10341 
10363 10629 10190 10704 10628 
10364 10562 10868 10171 10903 
10365 10421 10556 10681 10480 
10366 10458 10434 10432 10433 
10367 10645 10293 10295 10296 
10368 10346 10344 10605 10390 
10369 10659 10466 10763 10672 
10370 10185 10631 686 685 
10371 10543 10542 10968 10541 
10372 10798 10763 10665 10790 
10373 10503 10841 10807 10527 
10374 10379 10388 10389 10380 
10375 10315 10424 10638 10662 
10376 10563 10641 10912 10152 
10377 10279 10273 10274 10275 
10378 10631 10210 687 686 
10379 10516 10735 10286 10842 
10380 10658 10226 10227 10228 
10381 10626 10198 10716 10888 
10382 10577 10883 10430 10331 
10383 10820 10565 10930 10629 
10384 10512 10447 10695 10592 
10385 10370 10379 10380 10378 
10386 642 10943 10648 641 
10387 10392 10393 10948 10469 
10388 10320 10319 10652 10321 
10389 10284 10823 10513 10677 
10390 10541 10258 10259 10265 
10391 10361 10360 10561 10583 
10392 10255 10251 10252 10253 
10393 10522 10239 10240 10241 
10394 10278 10231 10232 10233 
10395 10609 10148 10688 10636 
10396 10436 10476 10505 10384 
10397 10294 10624 10846 10664 
10398 10797 10808 10813 10209 
10399 10541 10968 10266 10258 
10400 10352 10350 10947 10381 
10401 10466 10659 10300 10289 
10402 10552 10402 10554 10553 
10403 10384 10637 10353 10352 
10404 10495 10218 10219 10220 
10405 10607 10475 10605 10606 
10406 10367 10369 10370 10368 
10407 10329 10573 10575 10577 
10408 10611 10175 10911 10655 
10409 10572 10367 10365 10366 
10410 10553 10932 10706 10843 
10411 10390 10391 10595 10346 
10412 10600 10202 10739 10678 
10413 10598 10632 10802 10207 
10414 10366 10364 10938 10410 
10415 10468 10314 10315 10316 
10416 10541 10265 10724 10543 
10417 10366 10365 10363 10364 
10418 10549 10546 10804 10928 
10419 10360 10359 10357 10358 
10420 10659 10312 10311 10300 
10421 10818 10429 10893 10633 
10422 10210 10640 688 687 
10423 10879 10548 10836 10710 
10424 10573 10574 10849 10575 
10425 10589 10282 10301 10314 
10426 10202 10600 10154 10738 
10427 10350 10352 10353 10351 
10428 10251 10668 10896 10250 
10429 10460 10584 10955 10600 
10430 10545 10547 10804 10546 
10431 10505 10476 10748 10506 
10432 10455 10456 10610 10337 
10433 633 10181 10889 632 
10434 10323 10325 10326 10322 
10435 10347 10350 10351 10349 
10436 10171 10692 10540 10903 
10437 10595 10347 10345 10346 
10438 10337 10335 10967 10455 
10439 10603 10929 10651 10182 
10440 10875 10817 10753 10312 
10441 10148 10609 10650 10921 
10442 10400 10401 10403 10318 
10443 10346 10345 10343 10344 
10444 10471 10473 10913 10533 
10445 10904 10469 10948 10532 
10446 10574 10409 10578 10576 
10447 10760 10749 10750 10179 
10448 10729 10200 10863 10643 
10449 10678 10899 10460 10600 
10450 10472 10471 10533 10747 
10451 10965 10617 10708 10744 
10452 10214 10212 10201 10213 
10453 10552 10555 10840 10482 
10454 10915 10341 10339 10340 
10455 10325 10327 10328 10326 
10456 10188 10653 10954 10685 
10457 10392 10373 10394 10393 
10458 10333 10332 10330 10331 
10459 10335 10334 10332 10333 
10460 10337 10336 10334 10335 
10461 10610 10340 10336 10337 
10462 10308 10306 10304 10307 
10463 10411 10324 10461 10450 
10464 10643 10815 10176 10729 
10465 10568 10839 10741 10501 
10466 10400 10482 10942 10401 
10467 670 669 10499 10712 
10468 10401 10404 10405 10403 
10469 10272 10271 10274 10273 
10470 641 10598 10207 640 
10471 10404 10406 10407 10405 
10472 10691 10455 10967 10540 
10473 10731 10167 10596 10765 
10474 10150 10825 10726 10725 
10475 10560 10671 10930 10565 
10476 10809 10408 10935 10619 
10477 10470 10469 10904 10625 
10478 10316 10517 10764 10468 
10479 10732 10639 10811 10608 
10480 10539 10279 10931 10557 
10481 10165 10601 10662 10638 
10482 10199 10549 10928 10727 
10483 10250 10248 10252 10251 
10484 10808 10797 10872 10499 
10485 10384 10505 10880 10637 
10486 689 688 10640 10648 
10487 10438 10439 10465 10444 
10488 10149 10774 10191 10657 
10489 10903 10540 10967 10537 
10490 10256 10257 10259 10258 
10491 10474 10390 10605 10475 
10492 10701 10513 10823 10630 
10493 10395 10396 10439 10438 
10494 10304 10296 10295 10303 
10495 10393 10394 10396 10395 
10496 10161 10721 10953 10625 
10497 10237 10238 10240 10239 
10498 10564 10166 10920 10701 
10499 10373 10308 10307 10372 
10500 10513 10489 10419 10486 
10501 10230 10228 10227 10229 
10502 10937 10423 10422 10480 
10503 10731 10627 10316 10443 
10504 10181 10591 10630 10620 
10505 10230 10229 10232 10231 
10506 10456 10657 10811 10639 
10507 10223 10225 10227 10226 
10508 10720 10547 10879 10719 
10509 10444 10465 10478 10477 
10510 10260 10265 10259 10261 
10511 10448 10616 10708 10617 
10512 10507 10523 10935 10408 
10513 10234 10236 10238 10237 
10514 10606 10608 10939 10607 
10515 10526 10528 10940 10786 
10516 10724 10634 10919 10452 
10517 10593 10604 10920 10166 
10518 10442 10427 10385 10679 
10519 10428 10956 10596 10597 
10520 10275 10276 10290 10277 
10521 10210 10567 10802 10632 
10522 10260 10262 10268 10263 
10523 10263 10268 10294 10269 
10524 10662 10443 10316 10315 
10525 10220 10426 10448 10617 
10526 637 638 10588 10183 
10527 10433 10432 10431 10423 
10528 10241 10242 10245 10243 
10529 10243 10245 10247 10246 
10530 10233 10457 10859 10278 
10531 10879 10710 10197 10711 
10532 10477 10478 10502 10501 
10533 10281 10249 10790 10665 
10534 10417 10680 10946 10486 
10535 10822 10905 10555 10552 
10536 10271 10269 10294 10664 
10537 10949 10645 10909 10484 
10538 10742 10178 10751 10741 
10539 10569 10470 10626 10695 
10540 10554 10484 10446 10933 
10541 10228 10230 10842 10286 
10542 10810 10623 10952 10587 
10543 10579 10581 10854 10507 
10544 10364 10363 10362 10361 
10545 10356 10357 10670 10355 
10546 10216 10214 10213 10215 
10547 10163 10708 10203 10743 
10548 10875 10672 10758 10467 
10549 10293 10291 10772 10295 
10550 10248 10250 10923 10246 
10551 10674 10589 10590 10886 
10552 10185 10613 10646 10656 
10553 10222 10220 10219 10221 
10554 10456 10639 10732 10610 
10555 10255 10536 10891 10752 
10556 10496 10509 10963 10440 
10557 10838 10895 10581 10579 
10558 10442 10679 10834 10454 
10559 10246 10247 10674 10248 
10560 10311 10312 10753 10676 
10561 10258 10266 10848 10256 
10562 10228 10286 10734 10658 
10563 10448 10529 10850 10616 
10564 10316 10627 10870 10517 
10565 10442 10675 10835 10488 
10566 10542 10771 10266 10968 
10567 10937 10480 10681 10815 
10568 10210 10631 10945 10567 
10569 10218 10216 10215 10217 
10570 10545 10548 10879 10547 
10571 10539 10557 10461 10652 
10572 10188 10833 10146 10671 
10573 10715 10588 10898 10492 
10574 10565 10820 10583 10561 
10575 10665 10287 10283 10281 
10576 10421 10480 10422 10389 
10577 10241 10243 10851 10254 
10578 10366 10449 10836 10572 
10579 10585 10599 10955 10584 
10580 10622 10483 10805 10749 
10581 10522 10663 10778 10264 
10582 10321 10322 10776 10320 
10583 10226 10658 10454 10834 
10584 10656 10945 10631 10185 
10585 10504 10957 10835 10459 
10586 10815 10681 10814 10176 
10587 10368 10682 10365 10367 
10588 10835 10485 10434 10459 
10589 10378 10371 10368 10370 
10590 10453 10297 10386 10428 
10591 10466 10289 10288 10287 
10592 10674 10247 10249 10280 
10593 10355 10354 10351 10353 
10594 10360 10361 10362 10359 
10595 10164 10582 10963 10509 
10596 10251 10255 10752 10668 
10597 10385 10222 10223 10679 
10598 10874 10941 10778 10464 
10599 10449 10524 10852 10618 
10600 10623 10302 10846 10624 
10601 10349 10348 10345 10347 
10602 10865 10497 10498 10651 
10603 10698 10830 10892 10472 
10604 10317 10647 10554 10402 
10605 10391 10500 10730 10837 
10606 10680 10417 10416 10415 
10607 10314 10301 10424 10315 
10608 10343 10342 10339 10341 
10609 10676 10413 10313 10311 
10610 10339 10338 10336 10340 
10611 10322 10326 10412 10776 
10612 10878 10485 10959 10734 
10613 10486 10419 10418 10417 
10614 10559 10654 10954 10653 
10615 10307 10304 10303 10773 
10616 10470 10625 10953 10626 
10617 10277 10290 10772 10291 
10618 10363 10377 10397 10362 
10619 10301 10282 10281 10283 
10620 10394 10373 10372 10779 
10621 10624 10453 10952 10623 
10622 10282 10280 10249 10281 
10623 10877 10669 10859 10457 
10624 10285 10416 10467 10758 
10625 10223 10226 10834 10679 
10626 10765 10934 10627 10731 
10627 10318 10403 10526 10786 
10628 10320 10452 10919 10319 
10629 10431 10432 10878 10735 
10630 10287 10665 10763 10466 
10631 10611 10655 10841 10503 
10632 10386 10297 10789 10399 
10633 10354 10355 10670 10387 
10634 10689 10170 10925 10939 
10635 10531 10643 10863 10508 
10636 561 10685 10169 560 
10637 554 10168 10686 553 
10638 10300 10311 10313 10310 
10639 10497 10303 10295 10309 
10640 562 10188 10685 561 
10641 553 10686 10189 552 
10642 555 10687 10168 554 
10643 552 10189 10688 551 
10644 560 10169 10693 559 
10645 557 10147 10683 556 
10646 551 10688 10148 550 
10647 558 10684 10147 557 
10648 10828 10208 10894 10812 
10649 545 546 10170 10689 
10650 544 545 10689 10191 
10651 10253 10252 10886 10793 
10652 556 10683 10687 555 
10653 541 542 10149 10690 
10654 559 10693 10684 558 
10655 539 540 10692 10171 
10656 540 541 10690 10692 
10657 10773 10376 10372 10307 
10658 629 10894 10208 10827 
10659 10380 10514 10669 10378 
10660 10501 10741 10751 10477 
10661 565 10699 10146 564 
10662 10650 548 549 10921 
10663 10650 10925 547 548 
10664 10289 10300 10310 10299 
10665 10520 10494 10493 10387 
10666 10532 10948 10527 10807 
10667 10566 10313 10413 10414 
10668 10765 10596 10956 10794 
10669 10965 10744 10746 10496 
10670 10182 10651 10498 10673 
10671 530 531 10694 10153 
10672 543 544 10191 10774 
10673 542 543 10774 10149 
10674 10464 10441 10397 10377 
10675 10233 10232 10235 10234 
10676 529 530 10153 10697 
10677 566 10190 10699 565 
10678 10184 10534 10869 10633 
10679 528 529 10697 10192 
10680 527 528 10192 10696 
10681 524 525 10155 10700 
10682 10423 10431 10515 10422 
10683 10414 10413 10715 10492 
10684 10172 10644 10694 10855 
10685 523 524 10700 10193 
10686 567 10704 10190 566 
10687 10376 10462 10779 10372 
10688 10780 10462 10376 10463 
10689 10779 10429 10396 10394 
10690 526 527 10696 10781 
10691 10569 10695 10447 10950 
10692 10446 10484 10909 10375 
10693 10747 10832 10698 10472 
10694 525 526 10781 10155 
10695 10467 10416 10417 10418 
10696 519 520 10156 10702 
10697 568 10162 10704 567 
10698 517 518 10194 10703 
10699 518 519 10702 10194 
10700 10889 10755 10826 10518 
10701 10235 10415 10416 10285 
10702 10510 10512 10927 10845 
10703 569 10709 10162 568 
10704 514 515 10157 10707 
10705 10661 10951 10299 10435 
10706 10735 10516 10515 10431 
10707 10441 10464 10778 10663 
10708 513 514 10707 10195 
10709 10660 10788 10494 10520 
10710 10338 10339 10342 10717 
10711 570 10197 10709 569 
10712 512 513 10195 10705 
10713 10651 10929 10463 10865 
10714 10234 10235 10285 10236 
10715 511 512 10705 10159 
10716 510 511 10159 10713 
10717 10657 10691 10690 10149 
10718 509 510 10713 10196 
10719 508 509 10196 10714 
10720 10571 10147 10684 10748 
10721 507 508 10714 10160 
10722 571 10711 10197 570 
10723 10271 10664 10846 10274 
10724 10425 10487 10717 10342 
10725 10603 10184 10633 10780 
10726 10481 10730 10824 10570 
10727 10223 10224 10284 10225 
10728 506 507 10160 10716 
10729 10293 10645 10949 10298 
10730 10286 10735 10878 10734 
10731 522 523 10193 10806 
10732 10365 10762 10377 10363 
10733 631 10518 10213 10201 
10734 10329 10330 10775 10328 
10735 505 506 10716 10198 
10736 573 10719 10145 572 
10737 10491 10882 10550 10896 
10738 574 10720 10719 573 
10739 10641 10642 10917 10912 
10740 10594 10715 10413 10676 
10741 572 10145 10711 571 
10742 563 10833 10188 562 
10743 504 505 10198 10721 
10744 564 10146 10833 563 
10745 10450 10461 10809 10619 
10746 10764 10785 10890 10261 
10747 10218 10217 10398 10219 
10748 10717 10718 10777 10338 
10749 10628 10525 10820 10629 
10750 503 504 10721 10161 
10751 10348 10349 10766 10382 
10752 10222 10221 10224 10223 
10753 502 503 10161 10722 
10754 10256 10253 10793 10257 
10755 501 502 10722 10723 
10756 10342 10343 10768 10425 
10757 575 10173 10720 574 
10758 10826 10755 10936 10398 
10759 10389 10759 10514 10380 
10760 516 517 10703 10831 
10761 10491 10752 10891 10490 
10762 10752 10491 10896 10668 
10763 500 501 10723 10174 
10764 576 10727 10173 575 
10765 10382 10490 10768 10348 
10766 532 533 10172 10855 
10767 515 516 10831 10157 
10768 531 532 10855 10694 
10769 577 10199 10727 576 
10770 10657 10191 10689 10811 
10771 10424 10301 10283 10795 
10772 580 10728 10150 579 
10773 578 10725 10199 577 
10774 10387 10493 10766 10354 
10775 10747 10533 10781 10696 
10776 581 10814 10728 580 
10777 10462 10780 10633 10893 
10778 10241 10240 10798 10242 
10779 579 10150 10725 578 
10780 520 521 10857 10156 
10781 10547 10720 10173 10804 
10782 10330 10332 10769 10770 
10783 583 10729 10176 582 
10784 582 10176 10814 581 
10785 584 10200 10729 583 
10786 10349 10351 10354 10766 
10787 10267 10800 10677 10946 
10788 585 10733 10200 584 
10789 586 10151 10733 585 
10790 10610 10732 10915 10340 
10791 499 500 10174 10803 
10792 10437 10549 10726 10884 
10793 10343 10345 10348 10768 
10794 496 497 10175 10736 
10795 536 537 10964 10152 
10796 10326 10328 10775 10412 
10797 10549 10199 10725 10726 
10798 533 534 10917 10172 
10799 10792 10763 10798 10244 
10800 10641 10575 10849 10642 
10801 10764 10261 10259 10784 
10802 10399 10789 10890 10785 
10803 10471 10472 10892 10411 
10804 10294 10268 10789 10297 
10805 10334 10336 10338 10777 
10806 495 496 10736 10737 
10807 10510 10845 10847 10511 
10808 593 10738 10154 592 
10809 10532 10807 10174 10723 
10810 596 10816 10739 595 
10811 595 10739 10202 594 
10812 10320 10776 10916 10452 
10813 10550 10494 10788 10551 
10814 10817 10420 10871 10753 
10815 10414 10567 10945 10566 
10816 594 10202 10738 593 
10817 10673 10498 10860 10810 
10818 10625 10904 10722 10161 
10819 10247 10245 10790 10249 
10820 597 10158 10816 596 
10821 10399 10451 10794 10386 
10822 10224 10521 10823 10284 
10823 10576 10578 10892 10830 
10824 10272 10319 10919 10270 
10825 10377 10762 10874 10464 
10826 10287 10288 10795 10283 
10827 10612 10751 10178 10737 
10828 10801 10267 10946 10680 
10829 521 522 10806 10857 
10830 494 495 10737 10178 
10831 10608 10606 10915 10732 
10832 598 10740 10158 597 
10833 10332 10334 10777 10769 
10834 10641 10563 10430 10883 
10835 10391 10837 10947 10595 
10836 493 494 10178 10742 
10837 10374 10375 10909 10305 
10838 10677 10800 10225 10284 
10839 10758 10792 10236 10285 
10840 599 10203 10740 598 
10841 10567 10414 10492 10802 
10842 10389 10422 10515 10759 
10843 10298 10786 10940 10292 
10844 10666 10667 10853 10504 
10845 10445 10374 10950 10447 
10846 10450 10619 10935 10473 
10847 600 10743 10203 599 
10848 492 493 10742 10754 
10849 10678 10739 10816 10621 
10850 10501 10502 10872 10568 
10851 10442 10454 10959 10675 
10852 10172 10917 10642 10849 
10853 601 10163 10743 600 
10854 10403 10405 10858 10526 
10855 10562 10635 10964 10868 
10856 590 10864 10177 589 
10857 10259 10257 10793 10784 
10858 10238 10244 10798 10240 
10859 10236 10792 10244 10238 
10860 602 10745 10163 601 
10861 10672 10875 10312 10659 
10862 10784 10793 10886 10590 
10863 10382 10766 10493 10882 
10864 10646 10435 10861 10656 
10865 592 10154 10876 591 
10866 10566 10861 10310 10313 
10867 589 10177 10906 588 
10868 603 10204 10745 602 
10869 10415 10235 10232 10799 
10870 10290 10276 10846 10302 
10871 10275 10274 10846 10276 
10872 497 498 10911 10175 
10873 10151 586 587 10897 
10874 10225 10800 10267 10227 
10875 491 492 10754 10187 
10876 10369 10881 10548 10545 
10877 10825 10535 10884 10726 
10878 10494 10550 10882 10493 
10879 10227 10267 10801 10229 
10880 10425 10768 10490 10891 
10881 10805 10519 10963 10582 
10882 604 10756 10204 603 
10883 10514 10759 10515 10907 
10884 10245 10242 10798 10790 
10885 10559 10383 10880 10654 
10886 10847 10706 10932 10511 
10887 538 539 10171 10868 
10888 10499 10872 10502 10712 
10889 10570 10824 10686 10168 
10890 606 10757 10164 605 
10891 10723 10722 10904 10532 
10892 605 10164 10756 604 
10893 10730 10481 10947 10837 
10894 10419 10420 10817 10418 
10895 10439 10396 10429 10818 
10896 490 491 10187 10761 
10897 10803 10911 498 499 
10898 10744 10745 10204 10746 
10899 10749 10805 10582 10750 
10900 10712 10502 10478 10819 
10901 10644 10829 10153 10694 
10902 10618 10852 10162 10709 
10903 10912 10917 534 535 
10904 10568 10187 10754 10839 
10905 10189 10686 10824 10767 
10906 489 490 10761 10205 
10907 609 10760 10179 608 
10908 10207 10802 10492 10898 
10909 10436 10381 10947 10481 
10910 10341 10915 10606 10605 
10911 10506 10654 10880 10505 
10912 10232 10229 10801 10799 
10913 607 10866 10757 606 
10914 10697 10153 10829 10698 
10915 10268 10262 10890 10789 
10916 10378 10669 10877 10371 
10917 10785 10870 10451 10399 
10918 10397 10660 10520 10961 
10919 10465 10439 10818 10479 
10920 10192 10697 10698 10832 
10921 10696 10192 10832 10747 
10922 10441 10663 10522 10926 
10923 10763 10792 10758 10672 
10924 10478 10465 10479 10819 
10925 10525 10938 10583 10820 
10926 10524 10410 10938 10525 
10927 10616 10850 10158 10740 
10928 10627 10934 10451 10870 
10929 608 10179 10866 607 
10930 10299 10310 10861 10435 
10931 610 10787 10760 609 
10932 10194 10702 10838 10783 
10933 10703 10194 10783 10840 
10934 10548 10881 10572 10836 
10935 10521 10224 10221 10936 
10936 10620 10755 10889 10181 
10937 10221 10219 10398 10936 
10938 10513 10486 10946 10677 
10939 10260 10261 10890 10262 
10940 591 10876 10864 590 
10941 10432 10434 10485 10878 
10942 10748 10922 10867 10506 
10943 10794 10451 10934 10765 
10944 10868 10964 537 538 
10945 10179 10750 10757 10866 
10946 10215 10826 10398 10217 
10947 10365 10682 10874 10762 
10948 10666 10844 10733 10151 
10949 488 489 10205 10796 
10950 10705 10195 10843 10706 
10951 10368 10371 10877 10682 
10952 10330 10770 10887 10775 
10953 10706 10847 10159 10705 
10954 10357 10359 10961 10670 
10955 10840 10555 10831 10703 
10956 10490 10382 10882 10491 
10957 10576 10830 10698 10829 
10958 10749 10760 10787 10622 
10959 10156 10857 10581 10895 
10960 10497 10309 10860 10498 
10961 535 536 10152 10912 
10962 10803 10174 10807 10841 
10963 10248 10674 10886 10252 
10964 10412 10775 10887 10821 
10965 10487 10425 10891 10536 
10966 611 10186 10787 610 
10967 10488 10835 10957 10585 
10968 10195 10707 10822 10843 
10969 10661 10795 10288 10951 
10970 10554 10647 10949 10484 
10971 588 10906 10897 587 
10972 550 10148 10921 549 
10973 10666 10508 10863 10844 
10974 10295 10772 10860 10309 
10975 10482 10840 10783 10942 
10976 546 547 10925 10170 
10977 10806 10193 10885 10854 
10978 10782 10885 10193 10700 
10979 10521 10936 10755 10620 
10980 10592 10900 10927 10512 
10981 10771 10487 10536 10966 
10982 10362 10397 10961 10359 
10983 10771 10966 10848 10266 
10984 10463 10376 10773 10865 
10985 10500 10767 10824 10730 
10986 10854 10581 10857 10806 
10987 10290 10302 10860 10772 
10988 690 689 10648 10943 
10989 10633 10869 10479 10818 
10990 487 488 10796 10209 
10991 10808 10873 10649 10813 
10992 10254 10851 10551 10788 
10993 10713 10159 10847 10845 
10994 10213 10518 10826 10215 
10995 10420 10419 10489 10924 
10996 10303 10497 10865 10773 
10997 10250 10551 10851 10923 
10998 10177 10864 10599 10862 
10999 10906 10177 10862 10853 
11000 10418 10817 10875 10467 
11001 10157 10831 10555 10905 
11002 10700 10155 10913 10782 
11003 10397 10441 10926 10660 
11004 10513 10701 10920 10489 
11005 10462 10893 10429 10779 
11006 10289 10299 10951 10288 
11007 10621 10530 10899 10678 
11008 10910 10649 10873 667 
11009 10592 10160 10714 10900 
11010 10155 10781 10533 10913 
11011 10821 10916 10776 10412 
11012 612 10828 10186 611 
11013 10769 10777 10718 10958 
11014 10748 10684 10693 10922 
11015 486 487 10209 10813 
11016 10461 10557 10962 10809 
11017 10622 10918 10812 10538 
11018 10180 10587 10952 10791 
11019 10707 10157 10905 10822 
11020 10671 10146 10699 10930 
11021 10552 10553 10843 10822 
11022 10483 10908 10519 10805 
11023 10169 10867 10922 10693 
11024 10542 10770 10769 10958 
11025 10479 10902 10206 10819 
11026 10255 10848 10966 10536 
11027 10835 10675 10959 10485 
11028 10264 10778 10941 10615 
11029 10200 10733 10844 10863 
11030 10428 10791 10952 10453 
11031 10538 10812 10894 10211 
11032 10387 10670 10961 10520 
11033 10841 10655 10911 10803 
11034 485 486 10813 10649 
11035 10713 10845 10927 10196 
11036 10867 10169 10685 10954 
11037 10702 10156 10895 10838 
11038 10935 10523 10885 10782 
11039 10528 10526 10858 10931 
11040 10804 10173 10727 10928 
11041 10599 10585 10957 10862 
11042 10669 10514 10907 10859 
11043 484 485 10649 10910 
11044 10626 10953 10721 10198 
11045 10386 10794 10956 10428 
11046 667 10873 10808 668 
11047 10196 10927 10900 10714 
11048 10746 10204 10756 10901 
11049 613 10208 10828 612 
11050 10408 10809 10962 10407 
11051 10853 10667 10897 10906 
11052 10457 10615 10941 10877 
11053 10164 10509 10901 10756 
11054 10452 10916 10821 10724 
11055 10737 10736 10960 10612 
11056 10859 10907 10944 10278 
11057 10405 10407 10962 10858 
11058 10724 10821 10887 10543 
11059 10838 10580 10942 10783 
11060 10600 10955 10876 10154 
11061 10761 10914 10797 10205 
11062 10611 10960 10736 10175 
11063 10877 10941 10874 10682 
11064 10812 10918 10186 10828 
11065 614 10827 10208 613 
11066 10479 10869 10534 10902 
11067 10506 10867 10954 10654 
11068 10446 10511 10932 10933 
11069 10842 10856 10944 10516 
11070 10489 10920 10604 10924 
11071 10231 10278 10944 10856 
11072 10516 10944 10907 10515 
11073 10862 10957 10504 10853 
11074 10931 10858 10962 10557 
11075 10553 10554 10933 10932 
11076 10220 10617 10965 10495 
11077 10864 10876 10955 10599 
11078 484 10910 667 68 
11079 10943 642 74 690 
11080 614 71 629 10827 
11081 10719 10879 10711 10145 
11082 10205 10797 10209 10796 
$EndElements
