$MeshFormat
4.1 0 8
$EndMeshFormat
$Entities
207 206 1 0
1 1 0 0 0 
2 0.99 0.001444 0 0 
3 0.98 0.00287 0 0 
4 0.97 0.004277 0 0 
5 0.96 0.005667 0 0 
6 0.95 0.007039 0 0 
7 0.9399999999999999 0.008395 0 0 
8 0.93 0.009733 0 0 
9 0.92 0.011055 0 0 
10 0.91 0.012361 0 0 
11 0.9 0.01365 0 0 
12 0.89 0.014925 0 0 
13 0.88 0.016183 0 0 
14 0.87 0.017426 0 0 
15 0.86 0.018655 0 0 
16 0.85 0.019868 0 0 
17 0.84 0.021066 0 0 
18 0.83 0.02225 0 0 
19 0.82 0.02342 0 0 
20 0.8100000000000001 0.024575 0 0 
21 0.8 0.025715 0 0 
22 0.79 0.026841 0 0 
23 0.78 0.027953 0 0 
24 0.77 0.029051 0 0 
25 0.76 0.030135 0 0 
26 0.75 0.031204 0 0 
27 0.74 0.03226 0 0 
28 0.73 0.0333 0 0 
29 0.72 0.034327 0 0 
30 0.71 0.035339 0 0 
31 0.7 0.036337 0 0 
32 0.6899999999999999 0.037319 0 0 
33 0.68 0.038287 0 0 
34 0.67 0.03924 0 0 
35 0.66 0.040178 0 0 
36 0.65 0.0411 0 0 
37 0.64 0.042007 0 0 
38 0.63 0.042897 0 0 
39 0.62 0.043772 0 0 
40 0.61 0.044629 0 0 
41 0.6 0.04547 0 0 
42 0.59 0.046294 0 0 
43 0.58 0.0471 0 0 
44 0.57 0.047888 0 0 
45 0.5600000000000001 0.048658 0 0 
46 0.55 0.049409 0 0 
47 0.54 0.05014 0 0 
48 0.53 0.050852 0 0 
49 0.515705 0.051833 0 0 
50 0.5 0.052862 0 0 
51 0.484295 0.053835 0 0 
52 0.468605 0.054749 0 0 
53 0.452946 0.055602 0 0 
54 0.437333 0.05639 0 0 
55 0.421783 0.057108 0 0 
56 0.406309 0.057755 0 0 
57 0.390928 0.058326 0 0 
58 0.375655 0.058819 0 0 
59 0.360504 0.05923 0 0 
60 0.345492 0.059557 0 0 
61 0.330631 0.059797 0 0 
62 0.315938 0.059947 0 0 
63 0.301426 0.060006 0 0 
64 0.28711 0.059971 0 0 
65 0.273005 0.059841 0 0 
66 0.259123 0.059614 0 0 
67 0.245479 0.059288 0 0 
68 0.232087 0.058863 0 0 
69 0.218958 0.058338 0 0 
70 0.206107 0.057712 0 0 
71 0.193546 0.056986 0 0 
72 0.181288 0.056159 0 0 
73 0.169344 0.055232 0 0 
74 0.157726 0.054206 0 0 
75 0.146447 0.053083 0 0 
76 0.135516 0.051862 0 0 
77 0.124944 0.050546 0 0 
78 0.114743 0.049138 0 0 
79 0.104922 0.047638 0 0 
80 0.09549199999999999 0.046049 0 0 
81 0.08646 0.044374 0 0 
82 0.077836 0.042615 0 0 
83 0.069629 0.040776 0 0 
84 0.061847 0.038859 0 0 
85 0.054497 0.036867 0 0 
86 0.047586 0.034803 0 0 
87 0.041123 0.032671 0 0 
88 0.035112 0.030473 0 0 
89 0.02956 0.028213 0 0 
90 0.024472 0.025893 0 0 
91 0.019853 0.023517 0 0 
92 0.015708 0.021088 0 0 
93 0.012042 0.018607 0 0 
94 0.008855999999999999 0.016078 0 0 
95 0.006156 0.013503 0 0 
96 0.003943 0.010884 0 0 
97 0.002219 0.008222999999999999 0 0 
98 0.000987 0.005521 0 0 
99 0.000247 0.002779 0 0 
100 0 0 0 0 
101 0.000247 -0.002779 0 0 
102 0.000987 -0.005521 0 0 
103 0.002219 -0.008222999999999999 0 0 
104 0.003943 -0.010884 0 0 
105 0.006156 -0.013503 0 0 
106 0.008855999999999999 -0.016078 0 0 
107 0.012042 -0.018607 0 0 
108 0.015708 -0.021088 0 0 
109 0.019853 -0.023517 0 0 
110 0.024472 -0.025893 0 0 
111 0.02956 -0.028213 0 0 
112 0.035112 -0.030473 0 0 
113 0.041123 -0.032671 0 0 
114 0.047586 -0.034803 0 0 
115 0.054497 -0.036867 0 0 
116 0.061847 -0.038859 0 0 
117 0.069629 -0.040776 0 0 
118 0.077836 -0.042615 0 0 
119 0.08646 -0.044374 0 0 
120 0.09549199999999999 -0.046049 0 0 
121 0.104922 -0.047638 0 0 
122 0.114743 -0.049138 0 0 
123 0.124944 -0.050546 0 0 
124 0.135516 -0.051862 0 0 
125 0.146447 -0.053083 0 0 
126 0.157726 -0.054206 0 0 
127 0.169344 -0.055232 0 0 
128 0.181288 -0.056159 0 0 
129 0.193546 -0.056986 0 0 
130 0.206107 -0.057712 0 0 
131 0.218958 -0.058338 0 0 
132 0.232087 -0.058863 0 0 
133 0.245479 -0.059288 0 0 
134 0.259123 -0.059614 0 0 
135 0.273005 -0.059841 0 0 
136 0.28711 -0.059971 0 0 
137 0.301426 -0.060006 0 0 
138 0.315938 -0.059947 0 0 
139 0.330631 -0.059797 0 0 
140 0.345492 -0.059557 0 0 
141 0.360504 -0.05923 0 0 
142 0.375655 -0.058819 0 0 
143 0.390928 -0.058326 0 0 
144 0.406309 -0.057755 0 0 
145 0.421783 -0.057108 0 0 
146 0.437333 -0.05639 0 0 
147 0.452946 -0.055602 0 0 
148 0.468605 -0.054749 0 0 
149 0.484295 -0.053835 0 0 
150 0.5 -0.052862 0 0 
151 0.515705 -0.051833 0 0 
152 0.53 -0.050852 0 0 
153 0.54 -0.05014 0 0 
154 0.55 -0.049409 0 0 
155 0.5600000000000001 -0.048658 0 0 
156 0.57 -0.047888 0 0 
157 0.58 -0.0471 0 0 
158 0.59 -0.046294 0 0 
159 0.6 -0.04547 0 0 
160 0.61 -0.044629 0 0 
161 0.62 -0.043772 0 0 
162 0.63 -0.042897 0 0 
163 0.64 -0.042007 0 0 
164 0.65 -0.0411 0 0 
165 0.66 -0.040178 0 0 
166 0.67 -0.03924 0 0 
167 0.68 -0.038287 0 0 
168 0.6899999999999999 -0.037319 0 0 
169 0.7 -0.036337 0 0 
170 0.71 -0.035339 0 0 
171 0.72 -0.034327 0 0 
172 0.73 -0.0333 0 0 
173 0.74 -0.03226 0 0 
174 0.75 -0.031204 0 0 
175 0.76 -0.030135 0 0 
176 0.77 -0.029051 0 0 
177 0.78 -0.027953 0 0 
178 0.79 -0.026841 0 0 
179 0.8 -0.025715 0 0 
180 0.8100000000000001 -0.024575 0 0 
181 0.82 -0.02342 0 0 
182 0.83 -0.02225 0 0 
183 0.84 -0.021066 0 0 
184 0.85 -0.019868 0 0 
185 0.86 -0.018655 0 0 
186 0.87 -0.017426 0 0 
187 0.88 -0.016183 0 0 
188 0.89 -0.014925 0 0 
189 0.9 -0.01365 0 0 
190 0.91 -0.012361 0 0 
191 0.92 -0.011055 0 0 
192 0.93 -0.009733 0 0 
193 0.9399999999999999 -0.008395 0 0 
194 0.95 -0.007039 0 0 
195 0.96 -0.005667 0 0 
196 0.97 -0.004277 0 0 
197 0.98 -0.00287 0 0 
198 0.99 -0.001444 0 0 
2200 0 4 0 0 
2201 0 -4 0 0 
2202 -2.5 0 0 0 
2203 0.5 0 0 0 
2210 8 4 0 0 
2211 8 -4 0 0 
2212 8 0 0 0 
2230 8 16 0 0 
2231 8 -16 0 0 
1 0.99 0 0 1 0.001444 0 1 303 2 1 -2 
2 0.98 0.001444 0 0.99 0.00287 0 1 303 2 2 -3 
3 0.97 0.00287 0 0.98 0.004277 0 1 303 2 3 -4 
4 0.96 0.004277 0 0.97 0.005667 0 1 303 2 4 -5 
5 0.95 0.005667 0 0.96 0.007039 0 1 303 2 5 -6 
6 0.9399999999999999 0.007039 0 0.95 0.008395 0 1 303 2 6 -7 
7 0.93 0.008395 0 0.9399999999999999 0.009733 0 1 303 2 7 -8 
8 0.92 0.009733 0 0.93 0.011055 0 1 303 2 8 -9 
9 0.91 0.011055 0 0.92 0.012361 0 1 303 2 9 -10 
10 0.9 0.012361 0 0.91 0.01365 0 1 303 2 10 -11 
11 0.89 0.01365 0 0.9 0.014925 0 1 303 2 11 -12 
12 0.88 0.014925 0 0.89 0.016183 0 1 303 2 12 -13 
13 0.87 0.016183 0 0.88 0.017426 0 1 303 2 13 -14 
14 0.86 0.017426 0 0.87 0.018655 0 1 303 2 14 -15 
15 0.85 0.018655 0 0.86 0.019868 0 1 303 2 15 -16 
16 0.84 0.019868 0 0.85 0.021066 0 1 303 2 16 -17 
17 0.83 0.021066 0 0.84 0.02225 0 1 303 2 17 -18 
18 0.82 0.02225 0 0.83 0.02342 0 1 303 2 18 -19 
19 0.8100000000000001 0.02342 0 0.82 0.024575 0 1 303 2 19 -20 
20 0.8 0.024575 0 0.8100000000000001 0.025715 0 1 303 2 20 -21 
21 0.79 0.025715 0 0.8 0.026841 0 1 303 2 21 -22 
22 0.78 0.026841 0 0.79 0.027953 0 1 303 2 22 -23 
23 0.77 0.027953 0 0.78 0.029051 0 1 303 2 23 -24 
24 0.76 0.029051 0 0.77 0.030135 0 1 303 2 24 -25 
25 0.75 0.030135 0 0.76 0.031204 0 1 303 2 25 -26 
26 0.74 0.031204 0 0.75 0.03226 0 1 303 2 26 -27 
27 0.73 0.03226 0 0.74 0.0333 0 1 303 2 27 -28 
28 0.72 0.0333 0 0.73 0.034327 0 1 303 2 28 -29 
29 0.71 0.034327 0 0.72 0.035339 0 1 303 2 29 -30 
30 0.7 0.035339 0 0.71 0.036337 0 1 303 2 30 -31 
31 0.6899999999999999 0.036337 0 0.7 0.037319 0 1 303 2 31 -32 
32 0.68 0.037319 0 0.6899999999999999 0.038287 0 1 303 2 32 -33 
33 0.67 0.038287 0 0.68 0.03924 0 1 303 2 33 -34 
34 0.66 0.03924 0 0.67 0.040178 0 1 303 2 34 -35 
35 0.65 0.040178 0 0.66 0.0411 0 1 303 2 35 -36 
36 0.64 0.0411 0 0.65 0.042007 0 1 303 2 36 -37 
37 0.63 0.042007 0 0.64 0.042897 0 1 303 2 37 -38 
38 0.62 0.042897 0 0.63 0.043772 0 1 303 2 38 -39 
39 0.61 0.043772 0 0.62 0.044629 0 1 303 2 39 -40 
40 0.6 0.044629 0 0.61 0.04547 0 1 303 2 40 -41 
41 0.59 0.04547 0 0.6 0.046294 0 1 303 2 41 -42 
42 0.58 0.046294 0 0.59 0.0471 0 1 303 2 42 -43 
43 0.57 0.0471 0 0.58 0.047888 0 1 303 2 43 -44 
44 0.5600000000000001 0.047888 0 0.57 0.048658 0 1 303 2 44 -45 
45 0.55 0.048658 0 0.5600000000000001 0.049409 0 1 303 2 45 -46 
46 0.54 0.049409 0 0.55 0.05014 0 1 303 2 46 -47 
47 0.53 0.05014 0 0.54 0.050852 0 1 303 2 47 -48 
48 0.515705 0.050852 0 0.53 0.051833 0 1 303 2 48 -49 
49 0.5 0.051833 0 0.515705 0.052862 0 1 303 2 49 -50 
50 0.484295 0.052862 0 0.5 0.053835 0 1 303 2 50 -51 
51 0.468605 0.053835 0 0.484295 0.054749 0 1 303 2 51 -52 
52 0.452946 0.054749 0 0.468605 0.055602 0 1 303 2 52 -53 
53 0.437333 0.055602 0 0.452946 0.05639 0 1 303 2 53 -54 
54 0.421783 0.05639 0 0.437333 0.057108 0 1 303 2 54 -55 
55 0.406309 0.057108 0 0.421783 0.057755 0 1 303 2 55 -56 
56 0.390928 0.057755 0 0.406309 0.058326 0 1 303 2 56 -57 
57 0.375655 0.058326 0 0.390928 0.058819 0 1 303 2 57 -58 
58 0.360504 0.058819 0 0.375655 0.05923 0 1 303 2 58 -59 
59 0.345492 0.05923 0 0.360504 0.059557 0 1 303 2 59 -60 
60 0.330631 0.059557 0 0.345492 0.059797 0 1 303 2 60 -61 
61 0.315938 0.059797 0 0.330631 0.059947 0 1 303 2 61 -62 
62 0.301426 0.059947 0 0.315938 0.060006 0 1 303 2 62 -63 
63 0.28711 0.059971 0 0.301426 0.060006 0 1 303 2 63 -64 
64 0.273005 0.059841 0 0.28711 0.059971 0 1 303 2 64 -65 
65 0.259123 0.059614 0 0.273005 0.059841 0 1 303 2 65 -66 
66 0.245479 0.059288 0 0.259123 0.059614 0 1 303 2 66 -67 
67 0.232087 0.058863 0 0.245479 0.059288 0 1 303 2 67 -68 
68 0.218958 0.058338 0 0.232087 0.058863 0 1 303 2 68 -69 
69 0.206107 0.057712 0 0.218958 0.058338 0 1 303 2 69 -70 
70 0.193546 0.056986 0 0.206107 0.057712 0 1 303 2 70 -71 
71 0.181288 0.056159 0 0.193546 0.056986 0 1 303 2 71 -72 
72 0.169344 0.055232 0 0.181288 0.056159 0 1 303 2 72 -73 
73 0.157726 0.054206 0 0.169344 0.055232 0 1 303 2 73 -74 
74 0.146447 0.053083 0 0.157726 0.054206 0 1 303 2 74 -75 
75 0.135516 0.051862 0 0.146447 0.053083 0 1 303 2 75 -76 
76 0.124944 0.050546 0 0.135516 0.051862 0 1 303 2 76 -77 
77 0.114743 0.049138 0 0.124944 0.050546 0 1 303 2 77 -78 
78 0.104922 0.047638 0 0.114743 0.049138 0 1 303 2 78 -79 
79 0.09549199999999999 0.046049 0 0.104922 0.047638 0 1 303 2 79 -80 
80 0.08646 0.044374 0 0.09549199999999999 0.046049 0 1 303 2 80 -81 
81 0.077836 0.042615 0 0.08646 0.044374 0 1 303 2 81 -82 
82 0.069629 0.040776 0 0.077836 0.042615 0 1 303 2 82 -83 
83 0.061847 0.038859 0 0.069629 0.040776 0 1 303 2 83 -84 
84 0.054497 0.036867 0 0.061847 0.038859 0 1 303 2 84 -85 
85 0.047586 0.034803 0 0.054497 0.036867 0 1 303 2 85 -86 
86 0.041123 0.032671 0 0.047586 0.034803 0 1 303 2 86 -87 
87 0.035112 0.030473 0 0.041123 0.032671 0 1 303 2 87 -88 
88 0.02956 0.028213 0 0.035112 0.030473 0 1 303 2 88 -89 
89 0.024472 0.025893 0 0.02956 0.028213 0 1 303 2 89 -90 
90 0.019853 0.023517 0 0.024472 0.025893 0 1 303 2 90 -91 
91 0.015708 0.021088 0 0.019853 0.023517 0 1 303 2 91 -92 
92 0.012042 0.018607 0 0.015708 0.021088 0 1 303 2 92 -93 
93 0.008855999999999999 0.016078 0 0.012042 0.018607 0 1 303 2 93 -94 
94 0.006156 0.013503 0 0.008855999999999999 0.016078 0 1 303 2 94 -95 
95 0.003943 0.010884 0 0.006156 0.013503 0 1 303 2 95 -96 
96 0.002219 0.008222999999999999 0 0.003943 0.010884 0 1 303 2 96 -97 
97 0.000987 0.005521 0 0.002219 0.008222999999999999 0 1 303 2 97 -98 
98 0.000247 0.002779 0 0.000987 0.005521 0 1 303 2 98 -99 
99 0 0 0 0.000247 0.002779 0 1 303 2 99 -100 
100 0 -0.002779 0 0.000247 0 0 1 303 2 100 -101 
101 0.000247 -0.005521 0 0.000987 -0.002779 0 1 303 2 101 -102 
102 0.000987 -0.008222999999999999 0 0.002219 -0.005521 0 1 303 2 102 -103 
103 0.002219 -0.010884 0 0.003943 -0.008222999999999999 0 1 303 2 103 -104 
104 0.003943 -0.013503 0 0.006156 -0.010884 0 1 303 2 104 -105 
105 0.006156 -0.016078 0 0.008855999999999999 -0.013503 0 1 303 2 105 -106 
106 0.008855999999999999 -0.018607 0 0.012042 -0.016078 0 1 303 2 106 -107 
107 0.012042 -0.021088 0 0.015708 -0.018607 0 1 303 2 107 -108 
108 0.015708 -0.023517 0 0.019853 -0.021088 0 1 303 2 108 -109 
109 0.019853 -0.025893 0 0.024472 -0.023517 0 1 303 2 109 -110 
110 0.024472 -0.028213 0 0.02956 -0.025893 0 1 303 2 110 -111 
111 0.02956 -0.030473 0 0.035112 -0.028213 0 1 303 2 111 -112 
112 0.035112 -0.032671 0 0.041123 -0.030473 0 1 303 2 112 -113 
113 0.041123 -0.034803 0 0.047586 -0.032671 0 1 303 2 113 -114 
114 0.047586 -0.036867 0 0.054497 -0.034803 0 1 303 2 114 -115 
115 0.054497 -0.038859 0 0.061847 -0.036867 0 1 303 2 115 -116 
116 0.061847 -0.040776 0 0.069629 -0.038859 0 1 303 2 116 -117 
117 0.069629 -0.042615 0 0.077836 -0.040776 0 1 303 2 117 -118 
118 0.077836 -0.044374 0 0.08646 -0.042615 0 1 303 2 118 -119 
119 0.08646 -0.046049 0 0.09549199999999999 -0.044374 0 1 303 2 119 -120 
120 0.09549199999999999 -0.047638 0 0.104922 -0.046049 0 1 303 2 120 -121 
121 0.104922 -0.049138 0 0.114743 -0.047638 0 1 303 2 121 -122 
122 0.114743 -0.050546 0 0.124944 -0.049138 0 1 303 2 122 -123 
123 0.124944 -0.051862 0 0.135516 -0.050546 0 1 303 2 123 -124 
124 0.135516 -0.053083 0 0.146447 -0.051862 0 1 303 2 124 -125 
125 0.146447 -0.054206 0 0.157726 -0.053083 0 1 303 2 125 -126 
126 0.157726 -0.055232 0 0.169344 -0.054206 0 1 303 2 126 -127 
127 0.169344 -0.056159 0 0.181288 -0.055232 0 1 303 2 127 -128 
128 0.181288 -0.056986 0 0.193546 -0.056159 0 1 303 2 128 -129 
129 0.193546 -0.057712 0 0.206107 -0.056986 0 1 303 2 129 -130 
130 0.206107 -0.058338 0 0.218958 -0.057712 0 1 303 2 130 -131 
131 0.218958 -0.058863 0 0.232087 -0.058338 0 1 303 2 131 -132 
132 0.232087 -0.059288 0 0.245479 -0.058863 0 1 303 2 132 -133 
133 0.245479 -0.059614 0 0.259123 -0.059288 0 1 303 2 133 -134 
134 0.259123 -0.059841 0 0.273005 -0.059614 0 1 303 2 134 -135 
135 0.273005 -0.059971 0 0.28711 -0.059841 0 1 303 2 135 -136 
136 0.28711 -0.060006 0 0.301426 -0.059971 0 1 303 2 136 -137 
137 0.301426 -0.060006 0 0.315938 -0.059947 0 1 303 2 137 -138 
138 0.315938 -0.059947 0 0.330631 -0.059797 0 1 303 2 138 -139 
139 0.330631 -0.059797 0 0.345492 -0.059557 0 1 303 2 139 -140 
140 0.345492 -0.059557 0 0.360504 -0.05923 0 1 303 2 140 -141 
141 0.360504 -0.05923 0 0.375655 -0.058819 0 1 303 2 141 -142 
142 0.375655 -0.058819 0 0.390928 -0.058326 0 1 303 2 142 -143 
143 0.390928 -0.058326 0 0.406309 -0.057755 0 1 303 2 143 -144 
144 0.406309 -0.057755 0 0.421783 -0.057108 0 1 303 2 144 -145 
145 0.421783 -0.057108 0 0.437333 -0.05639 0 1 303 2 145 -146 
146 0.437333 -0.05639 0 0.452946 -0.055602 0 1 303 2 146 -147 
147 0.452946 -0.055602 0 0.468605 -0.054749 0 1 303 2 147 -148 
148 0.468605 -0.054749 0 0.484295 -0.053835 0 1 303 2 148 -149 
149 0.484295 -0.053835 0 0.5 -0.052862 0 1 303 2 149 -150 
150 0.5 -0.052862 0 0.515705 -0.051833 0 1 303 2 150 -151 
151 0.515705 -0.051833 0 0.53 -0.050852 0 1 303 2 151 -152 
152 0.53 -0.050852 0 0.54 -0.05014 0 1 303 2 152 -153 
153 0.54 -0.05014 0 0.55 -0.049409 0 1 303 2 153 -154 
154 0.55 -0.049409 0 0.5600000000000001 -0.048658 0 1 303 2 154 -155 
155 0.5600000000000001 -0.048658 0 0.57 -0.047888 0 1 303 2 155 -156 
156 0.57 -0.047888 0 0.58 -0.0471 0 1 303 2 156 -157 
157 0.58 -0.0471 0 0.59 -0.046294 0 1 303 2 157 -158 
158 0.59 -0.046294 0 0.6 -0.04547 0 1 303 2 158 -159 
159 0.6 -0.04547 0 0.61 -0.044629 0 1 303 2 159 -160 
160 0.61 -0.044629 0 0.62 -0.043772 0 1 303 2 160 -161 
161 0.62 -0.043772 0 0.63 -0.042897 0 1 303 2 161 -162 
162 0.63 -0.042897 0 0.64 -0.042007 0 1 303 2 162 -163 
163 0.64 -0.042007 0 0.65 -0.0411 0 1 303 2 163 -164 
164 0.65 -0.0411 0 0.66 -0.040178 0 1 303 2 164 -165 
165 0.66 -0.040178 0 0.67 -0.03924 0 1 303 2 165 -166 
166 0.67 -0.03924 0 0.68 -0.038287 0 1 303 2 166 -167 
167 0.68 -0.038287 0 0.6899999999999999 -0.037319 0 1 303 2 167 -168 
168 0.6899999999999999 -0.037319 0 0.7 -0.036337 0 1 303 2 168 -169 
169 0.7 -0.036337 0 0.71 -0.035339 0 1 303 2 169 -170 
170 0.71 -0.035339 0 0.72 -0.034327 0 1 303 2 170 -171 
171 0.72 -0.034327 0 0.73 -0.0333 0 1 303 2 171 -172 
172 0.73 -0.0333 0 0.74 -0.03226 0 1 303 2 172 -173 
173 0.74 -0.03226 0 0.75 -0.031204 0 1 303 2 173 -174 
174 0.75 -0.031204 0 0.76 -0.030135 0 1 303 2 174 -175 
175 0.76 -0.030135 0 0.77 -0.029051 0 1 303 2 175 -176 
176 0.77 -0.029051 0 0.78 -0.027953 0 1 303 2 176 -177 
177 0.78 -0.027953 0 0.79 -0.026841 0 1 303 2 177 -178 
178 0.79 -0.026841 0 0.8 -0.025715 0 1 303 2 178 -179 
179 0.8 -0.025715 0 0.8100000000000001 -0.024575 0 1 303 2 179 -180 
180 0.8100000000000001 -0.024575 0 0.82 -0.02342 0 1 303 2 180 -181 
181 0.82 -0.02342 0 0.83 -0.02225 0 1 303 2 181 -182 
182 0.83 -0.02225 0 0.84 -0.021066 0 1 303 2 182 -183 
183 0.84 -0.021066 0 0.85 -0.019868 0 1 303 2 183 -184 
184 0.85 -0.019868 0 0.86 -0.018655 0 1 303 2 184 -185 
185 0.86 -0.018655 0 0.87 -0.017426 0 1 303 2 185 -186 
186 0.87 -0.017426 0 0.88 -0.016183 0 1 303 2 186 -187 
187 0.88 -0.016183 0 0.89 -0.014925 0 1 303 2 187 -188 
188 0.89 -0.014925 0 0.9 -0.01365 0 1 303 2 188 -189 
189 0.9 -0.01365 0 0.91 -0.012361 0 1 303 2 189 -190 
190 0.91 -0.012361 0 0.92 -0.011055 0 1 303 2 190 -191 
191 0.92 -0.011055 0 0.93 -0.009733 0 1 303 2 191 -192 
192 0.93 -0.009733 0 0.9399999999999999 -0.008395 0 1 303 2 192 -193 
193 0.9399999999999999 -0.008395 0 0.95 -0.007039 0 1 303 2 193 -194 
194 0.95 -0.007039 0 0.96 -0.005667 0 1 303 2 194 -195 
195 0.96 -0.005667 0 0.97 -0.004277 0 1 303 2 195 -196 
196 0.97 -0.004277 0 0.98 -0.00287 0 1 303 2 196 -197 
197 0.98 -0.00287 0 0.99 -0.001444 0 1 303 2 197 -198 
198 0.99 -0.001444 0 1 0 0 1 303 2 198 -1 
2203 -2.5 -5.329070518200751e-15 0 0 4.000000000000001 0 1 300 2 2200 -2202 
2204 -2.5 -4 0 0 0 0 1 300 2 2202 -2201 
2211 8 0 0 8 4 0 1 302 2 2210 -2212 
2212 8 -4 0 8 0 0 1 302 2 2211 -2212 
2230 8 4 0 8 16 0 1 302 2 2210 -2230 
2231 8 -16 0 8 -4 0 1 302 2 2211 -2231 
2232 0 4 0 8 16 0 1 300 2 2200 -2230 
2233 0 -16 0 8 -4 0 1 300 2 2201 -2231 
9 -2.5 -16 0 8 16 0 1 236 206 -2204 -2203 2232 -2230 2211 -2212 2231 -2233 -198 -197 -196 -195 -194 -193 -192 -191 -190 -189 -188 -187 -186 -185 -184 -183 -182 -181 -180 -179 -178 -177 -176 -175 -174 -173 -172 -171 -170 -169 -168 -167 -166 -165 -164 -163 -162 -161 -160 -159 -158 -157 -156 -155 -154 -153 -152 -151 -150 -149 -148 -147 -146 -145 -144 -143 -142 -141 -140 -139 -138 -137 -136 -135 -134 -133 -132 -131 -130 -129 -128 -127 -126 -125 -124 -123 -122 -121 -120 -119 -118 -117 -116 -115 -114 -113 -112 -111 -110 -109 -108 -107 -106 -105 -104 -103 -102 -101 -100 -99 -98 -97 -96 -95 -94 -93 -92 -91 -90 -89 -88 -87 -86 -85 -84 -83 -82 -81 -80 -79 -78 -77 -76 -75 -74 -73 -72 -71 -70 -69 -68 -67 -66 -65 -64 -63 -62 -61 -60 -59 -58 -57 -56 -55 -54 -53 -52 -51 -50 -49 -48 -47 -46 -45 -44 -43 -42 -41 -40 -39 -38 -37 -36 -35 -34 -33 -32 -31 -30 -29 -28 -27 -26 -25 -24 -23 -22 -21 -20 -19 -18 -17 -16 -15 -14 -13 -12 -11 -10 -9 -8 -7 -6 -5 -4 -3 -2 -1 
$EndEntities
$Nodes
413 8631 1 8631
0 1 0 1
1
1 -0 0
0 2 0 1
2
0.99 0.001444 0
0 3 0 1
3
0.98 0.00287 0
0 4 0 1
4
0.97 0.004277 0
0 5 0 1
5
0.96 0.005667 0
0 6 0 1
6
0.95 0.007039 0
0 7 0 1
7
0.9399999999999999 0.008395 0
0 8 0 1
8
0.93 0.009733 0
0 9 0 1
9
0.92 0.011055 0
0 10 0 1
10
0.91 0.012361 0
0 11 0 1
11
0.9 0.01365 0
0 12 0 1
12
0.89 0.014925 0
0 13 0 1
13
0.88 0.016183 0
0 14 0 1
14
0.87 0.017426 0
0 15 0 1
15
0.86 0.018655 0
0 16 0 1
16
0.85 0.019868 0
0 17 0 1
17
0.84 0.021066 0
0 18 0 1
18
0.83 0.02225 0
0 19 0 1
19
0.82 0.02342 0
0 20 0 1
20
0.8100000000000001 0.024575 0
0 21 0 1
21
0.8 0.025715 0
0 22 0 1
22
0.79 0.026841 0
0 23 0 1
23
0.78 0.027953 0
0 24 0 1
24
0.77 0.029051 0
0 25 0 1
25
0.76 0.030135 0
0 26 0 1
26
0.75 0.031204 0
0 27 0 1
27
0.74 0.03226 0
0 28 0 1
28
0.73 0.0333 0
0 29 0 1
29
0.72 0.034327 0
0 30 0 1
30
0.71 0.035339 0
0 31 0 1
31
0.7 0.036337 0
0 32 0 1
32
0.6899999999999999 0.037319 0
0 33 0 1
33
0.68 0.038287 0
0 34 0 1
34
0.67 0.03924 0
0 35 0 1
35
0.66 0.040178 0
0 36 0 1
36
0.65 0.0411 0
0 37 0 1
37
0.64 0.042007 0
0 38 0 1
38
0.63 0.042897 0
0 39 0 1
39
0.62 0.043772 0
0 40 0 1
40
0.61 0.044629 0
0 41 0 1
41
0.6 0.04547 0
0 42 0 1
42
0.59 0.046294 0
0 43 0 1
43
0.58 0.0471 0
0 44 0 1
44
0.57 0.047888 0
0 45 0 1
45
0.5600000000000001 0.048658 0
0 46 0 1
46
0.55 0.049409 0
0 47 0 1
47
0.54 0.05014 0
0 48 0 1
48
0.53 0.050852 0
0 49 0 1
49
0.515705 0.051833 0
0 50 0 1
50
0.5 0.052862 0
0 51 0 1
51
0.484295 0.053835 0
0 52 0 1
52
0.468605 0.054749 0
0 53 0 1
53
0.452946 0.055602 0
0 54 0 1
54
0.437333 0.05639 0
0 55 0 1
55
0.421783 0.057108 0
0 56 0 1
56
0.406309 0.057755 0
0 57 0 1
57
0.390928 0.058326 0
0 58 0 1
58
0.375655 0.058819 0
0 59 0 1
59
0.360504 0.05923 0
0 60 0 1
60
0.345492 0.059557 0
0 61 0 1
61
0.330631 0.059797 0
0 62 0 1
62
0.315938 0.059947 0
0 63 0 1
63
0.301426 0.060006 0
0 64 0 1
64
0.28711 0.059971 0
0 65 0 1
65
0.273005 0.059841 0
0 66 0 1
66
0.259123 0.059614 0
0 67 0 1
67
0.245479 0.059288 0
0 68 0 1
68
0.232087 0.058863 0
0 69 0 1
69
0.218958 0.058338 0
0 70 0 1
70
0.206107 0.057712 0
0 71 0 1
71
0.193546 0.056986 0
0 72 0 1
72
0.181288 0.056159 0
0 73 0 1
73
0.169344 0.055232 0
0 74 0 1
74
0.157726 0.054206 0
0 75 0 1
75
0.146447 0.053083 0
0 76 0 1
76
0.135516 0.051862 0
0 77 0 1
77
0.124944 0.050546 0
0 78 0 1
78
0.114743 0.049138 0
0 79 0 1
79
0.104922 0.047638 0
0 80 0 1
80
0.09549199999999999 0.046049 0
0 81 0 1
81
0.08646 0.044374 0
0 82 0 1
82
0.077836 0.042615 0
0 83 0 1
83
0.069629 0.040776 0
0 84 0 1
84
0.061847 0.038859 0
0 85 0 1
85
0.054497 0.036867 0
0 86 0 1
86
0.047586 0.034803 0
0 87 0 1
87
0.041123 0.032671 0
0 88 0 1
88
0.035112 0.030473 0
0 89 0 1
89
0.02956 0.028213 0
0 90 0 1
90
0.024472 0.025893 0
0 91 0 1
91
0.019853 0.023517 0
0 92 0 1
92
0.015708 0.021088 0
0 93 0 1
93
0.012042 0.018607 0
0 94 0 1
94
0.008855999999999999 0.016078 0
0 95 0 1
95
0.006156 0.013503 0
0 96 0 1
96
0.003943 0.010884 0
0 97 0 1
97
0.002219 0.008222999999999999 0
0 98 0 1
98
0.000987 0.005521 0
0 99 0 1
99
0.000247 0.002779 0
0 100 0 1
100
0 0 0
0 101 0 1
101
0.000247 -0.002779 0
0 102 0 1
102
0.000987 -0.005521 0
0 103 0 1
103
0.002219 -0.008222999999999999 0
0 104 0 1
104
0.003943 -0.010884 0
0 105 0 1
105
0.006156 -0.013503 0
0 106 0 1
106
0.008855999999999999 -0.016078 0
0 107 0 1
107
0.012042 -0.018607 0
0 108 0 1
108
0.015708 -0.021088 0
0 109 0 1
109
0.019853 -0.023517 0
0 110 0 1
110
0.024472 -0.025893 0
0 111 0 1
111
0.02956 -0.028213 0
0 112 0 1
112
0.035112 -0.030473 0
0 113 0 1
113
0.041123 -0.032671 0
0 114 0 1
114
0.047586 -0.034803 0
0 115 0 1
115
0.054497 -0.036867 0
0 116 0 1
116
0.061847 -0.038859 0
0 117 0 1
117
0.069629 -0.040776 0
0 118 0 1
118
0.077836 -0.042615 0
0 119 0 1
119
0.08646 -0.044374 0
0 120 0 1
120
0.09549199999999999 -0.046049 0
0 121 0 1
121
0.104922 -0.047638 0
0 122 0 1
122
0.114743 -0.049138 0
0 123 0 1
123
0.124944 -0.050546 0
0 124 0 1
124
0.135516 -0.051862 0
0 125 0 1
125
0.146447 -0.053083 0
0 126 0 1
126
0.157726 -0.054206 0
0 127 0 1
127
0.169344 -0.055232 0
0 128 0 1
128
0.181288 -0.056159 0
0 129 0 1
129
0.193546 -0.056986 0
0 130 0 1
130
0.206107 -0.057712 0
0 131 0 1
131
0.218958 -0.058338 0
0 132 0 1
132
0.232087 -0.058863 0
0 133 0 1
133
0.245479 -0.059288 0
0 134 0 1
134
0.259123 -0.059614 0
0 135 0 1
135
0.273005 -0.059841 0
0 136 0 1
136
0.28711 -0.059971 0
0 137 0 1
137
0.301426 -0.060006 0
0 138 0 1
138
0.315938 -0.059947 0
0 139 0 1
139
0.330631 -0.059797 0
0 140 0 1
140
0.345492 -0.059557 0
0 141 0 1
141
0.360504 -0.05923 0
0 142 0 1
142
0.375655 -0.058819 0
0 143 0 1
143
0.390928 -0.058326 0
0 144 0 1
144
0.406309 -0.057755 0
0 145 0 1
145
0.421783 -0.057108 0
0 146 0 1
146
0.437333 -0.05639 0
0 147 0 1
147
0.452946 -0.055602 0
0 148 0 1
148
0.468605 -0.054749 0
0 149 0 1
149
0.484295 -0.053835 0
0 150 0 1
150
0.5 -0.052862 0
0 151 0 1
151
0.515705 -0.051833 0
0 152 0 1
152
0.53 -0.050852 0
0 153 0 1
153
0.54 -0.05014 0
0 154 0 1
154
0.55 -0.049409 0
0 155 0 1
155
0.5600000000000001 -0.048658 0
0 156 0 1
156
0.57 -0.047888 0
0 157 0 1
157
0.58 -0.0471 0
0 158 0 1
158
0.59 -0.046294 0
0 159 0 1
159
0.6 -0.04547 0
0 160 0 1
160
0.61 -0.044629 0
0 161 0 1
161
0.62 -0.043772 0
0 162 0 1
162
0.63 -0.042897 0
0 163 0 1
163
0.64 -0.042007 0
0 164 0 1
164
0.65 -0.0411 0
0 165 0 1
165
0.66 -0.040178 0
0 166 0 1
166
0.67 -0.03924 0
0 167 0 1
167
0.68 -0.038287 0
0 168 0 1
168
0.6899999999999999 -0.037319 0
0 169 0 1
169
0.7 -0.036337 0
0 170 0 1
170
0.71 -0.035339 0
0 171 0 1
171
0.72 -0.034327 0
0 172 0 1
172
0.73 -0.0333 0
0 173 0 1
173
0.74 -0.03226 0
0 174 0 1
174
0.75 -0.031204 0
0 175 0 1
175
0.76 -0.030135 0
0 176 0 1
176
0.77 -0.029051 0
0 177 0 1
177
0.78 -0.027953 0
0 178 0 1
178
0.79 -0.026841 0
0 179 0 1
179
0.8 -0.025715 0
0 180 0 1
180
0.8100000000000001 -0.024575 0
0 181 0 1
181
0.82 -0.02342 0
0 182 0 1
182
0.83 -0.02225 0
0 183 0 1
183
0.84 -0.021066 0
0 184 0 1
184
0.85 -0.019868 0
0 185 0 1
185
0.86 -0.018655 0
0 186 0 1
186
0.87 -0.017426 0
0 187 0 1
187
0.88 -0.016183 0
0 188 0 1
188
0.89 -0.014925 0
0 189 0 1
189
0.9 -0.01365 0
0 190 0 1
190
0.91 -0.012361 0
0 191 0 1
191
0.92 -0.011055 0
0 192 0 1
192
0.93 -0.009733 0
0 193 0 1
193
0.9399999999999999 -0.008395 0
0 194 0 1
194
0.95 -0.007039 0
0 195 0 1
195
0.96 -0.005667 0
0 196 0 1
196
0.97 -0.004277 0
0 197 0 1
197
0.98 -0.00287 0
0 198 0 1
198
0.99 -0.001444 0
0 2200 0 1
199
0 4 0
0 2201 0 1
200
0 -4 0
0 2202 0 1
201
-2.5 0 0
0 2210 0 1
202
8 4 0
0 2211 0 1
203
8 -4 0
0 2212 0 1
204
8 0 0
0 2230 0 1
205
8 16 0
0 2231 0 1
206
8 -16 0
1 1 0 1
207
0.9950000000000215 0.0007219999999968971 0
1 2 0 1
208
0.9850000000000215 0.002156999999996932 0
1 3 0 1
209
0.9750000000000215 0.003573499999996972 0
1 4 0 1
210
0.9650000000000215 0.004971999999997013 0
1 5 0 1
211
0.9550000000000215 0.006352999999997049 0
1 6 0 1
212
0.9450000000000216 0.007716999999997068 0
1 7 0 1
213
0.9350000000000215 0.009063999999997126 0
1 8 0 1
214
0.9250000000000216 0.01039399999999715 0
1 9 0 1
215
0.9150000000000214 0.01170799999999722 0
1 10 0 1
216
0.9050000000000217 0.01300549999999721 0
1 11 0 1
217
0.8950000000000216 0.01428749999999725 0
1 12 0 1
218
0.8850000000000214 0.0155539999999973 0
1 13 0 1
219
0.8750000000000214 0.01680449999999734 0
1 14 0 1
220
0.8650000000000215 0.01804049999999736 0
1 15 0 1
221
0.8550000000000215 0.01926149999999739 0
1 16 0 1
222
0.8450000000000216 0.0204669999999974 0
1 17 0 1
223
0.8350000000000216 0.02165799999999744 0
1 18 0 1
224
0.8250000000000215 0.02283499999999748 0
1 19 0 1
225
0.8149999999999789 0.02399750000000245 0
1 20 0 1
226
0.8050000000000216 0.02514499999999754 0
1 21 0 1
227
0.7950000000000216 0.02627799999999758 0
1 22 0 1
228
0.7850000000000218 0.02739699999999758 0
1 23 0 1
229
0.7750000000000217 0.02850199999999762 0
1 24 0 1
230
0.7650000000000216 0.02959299999999767 0
1 25 0 1
231
0.7550000000000215 0.0306694999999977 0
1 26 0 1
232
0.7450000000000215 0.03173199999999772 0
1 27 0 1
233
0.7350000000000217 0.03277999999999774 0
1 28 0 1
234
0.7250000000000214 0.0338134999999978 0
1 29 0 1
235
0.7150000000000214 0.03483299999999783 0
1 30 0 1
236
0.7050000000000218 0.03583799999999782 0
1 31 0 1
237
0.6950000000000215 0.03682799999999789 0
1 32 0 1
238
0.6850000000000216 0.03780299999999791 0
1 33 0 1
239
0.6750000000000217 0.03876349999999794 0
1 34 0 1
240
0.6650000000000218 0.03970899999999795 0
1 35 0 1
241
0.6550000000000217 0.040638999999998 0
1 36 0 1
242
0.6450000000000217 0.04155349999999804 0
1 37 0 1
243
0.6350000000000214 0.0424519999999981 0
1 38 0 1
244
0.6250000000000216 0.0433344999999981 0
1 39 0 1
245
0.6150000000000218 0.04420049999999814 0
1 40 0 1
246
0.6050000000000215 0.04504949999999819 0
1 41 0 1
247
0.5950000000000217 0.04588199999999821 0
1 42 0 1
248
0.5850000000000215 0.04669699999999827 0
1 43 0 1
249
0.5750000000000216 0.04749399999999829 0
1 44 0 1
250
0.5649999999999785 0.04827300000000165 0
1 45 0 1
251
0.5550000000000219 0.04903349999999836 0
1 46 0 1
252
0.5450000000000217 0.04977449999999842 0
1 47 0 1
253
0.5350000000000217 0.05049599999999846 0
1 48 0 1
254
0.5228525000000217 0.05134249999999851 0
1 49 0 1
255
0.5078525000000216 0.05234749999999858 0
1 50 0 1
256
0.4921475000000216 0.05334849999999866 0
1 51 0 1
257
0.4764500000000217 0.05429199999999873 0
1 52 0 1
258
0.4607755000000217 0.05517549999999882 0
1 53 0 1
259
0.4451395000000108 0.05599599999999946 0
1 54 0 1
260
0.4295580000000108 0.0567489999999995 0
1 55 0 1
261
0.4140460000000108 0.05743149999999955 0
1 56 0 1
262
0.3986185000000325 0.05804049999999879 0
1 57 0 1
263
0.3832915000000217 0.05857249999999931 0
1 58 0 1
264
0.3680795000000108 0.05902449999999971 0
1 59 0 1
265
0.3529980000000325 0.05939349999999929 0
1 60 0 1
266
0.3380615000000434 0.0596769999999993 0
1 61 0 1
267
0.3232845000000109 0.05987199999999989 0
1 62 0 1
268
0.3086820000000325 0.05997649999999986 0
1 63 0 1
269
0.2942680000000217 0.05998850000000005 0
1 64 0 1
270
0.2800575000000217 0.0599060000000002 0
1 65 0 1
271
0.2660640000000434 0.05972750000000071 0
1 66 0 1
272
0.2523010000000216 0.05945100000000052 0
1 67 0 1
273
0.2387830000000163 0.05907550000000052 0
1 68 0 1
274
0.2255225000000162 0.05860050000000065 0
1 69 0 1
275
0.2125325000000163 0.05802500000000079 0
1 70 0 1
276
0.1998265000000217 0.05734900000000125 0
1 71 0 1
277
0.1874170000000109 0.05657250000000073 0
1 72 0 1
278
0.1753160000000163 0.05569550000000126 0
1 73 0 1
279
0.1635349999999894 0.05471899999999906 0
1 74 0 1
280
0.1520865000000161 0.0536445000000016 0
1 75 0 1
281
0.1409815000000269 0.052472500000003 0
1 76 0 1
282
0.130230000000011 0.05120400000000137 0
1 77 0 1
283
0.1198435000000085 0.04984200000000118 0
1 78 0 1
284
0.1098325000000193 0.04838800000000296 0
1 79 0 1
285
0.1002070000000134 0.04684350000000226 0
1 80 0 1
286
0.0909760000000162 0.04521150000000301 0
1 81 0 1
287
0.08214800000001327 0.0434945000000027 0
1 82 0 1
288
0.07373250000001061 0.04169550000000238 0
1 83 0 1
289
0.06573800000000767 0.03981750000000189 0
1 84 0 1
290
0.05817200000001171 0.03786300000000317 0
1 85 0 1
291
0.05104150000001106 0.0358350000000033 0
1 86 0 1
292
0.04435450000001059 0.03373700000000349 0
1 87 0 1
293
0.03811750000000946 0.03157200000000346 0
1 88 0 1
294
0.03233600000000836 0.02934300000000341 0
1 89 0 1
295
0.02701600000000715 0.02705300000000325 0
1 90 0 1
296
0.02216250000000566 0.02470500000000291 0
1 91 0 1
297
0.01778050000000441 0.02230250000000259 0
1 92 0 1
298
0.01387500000000482 0.01984750000000327 0
1 93 0 1
299
0.01044900000000271 0.01734250000000215 0
1 94 0 1
300
0.007506000000004271 0.01479050000000407 0
1 95 0 1
301
0.005049500000003563 0.01219350000000422 0
1 96 0 1
302
0.003081000000002946 0.009553500000004546 0
1 97 0 1
303
0.001603000000001847 0.006872000000004051 0
1 98 0 1
304
0.0006170000000008786 0.004150000000003255 0
1 99 0 1
305
0.00012350000000035 0.001389500000003938 0
1 100 0 1
306
0.0001234999999996532 -0.001389499999996099 0
1 101 0 1
307
0.0006169999999992052 -0.004149999999997055 0
1 102 0 1
308
0.001602999999998395 -0.00687199999999648 0
1 103 0 1
309
0.003080999999996979 -0.009553499999995337 0
1 104 0 1
310
0.005049499999996437 -0.01219349999999578 0
1 105 0 1
311
0.007505999999996856 -0.014790499999997 0
1 106 0 1
312
0.01044899999999268 -0.01734249999999419 0
1 107 0 1
313
0.01387499999999642 -0.01984749999999758 0
1 108 0 1
314
0.01778049999999558 -0.02230249999999741 0
1 109 0 1
315
0.02216249999999326 -0.02470499999999654 0
1 110 0 1
316
0.02701599999999362 -0.02705299999999709 0
1 111 0 1
317
0.03233599999999393 -0.02934299999999753 0
1 112 0 1
318
0.03811749999999032 -0.03157199999999646 0
1 113 0 1
319
0.04435449999999104 -0.03373699999999705 0
1 114 0 1
320
0.05104149999999266 -0.03583499999999781 0
1 115 0 1
321
0.0581719999999876 -0.03786299999999664 0
1 116 0 1
322
0.06573799999999616 -0.03981749999999906 0
1 117 0 1
323
0.07373249999998593 -0.04169549999999685 0
1 118 0 1
324
0.08214799999998673 -0.04349449999999729 0
1 119 0 1
325
0.09097599999998927 -0.04521149999999801 0
1 120 0 1
326
0.1002069999999888 -0.04684349999999812 0
1 121 0 1
327
0.1098324999999807 -0.04838799999999704 0
1 122 0 1
328
0.1198434999999839 -0.04984199999999777 0
1 123 0 1
329
0.1302299999999837 -0.05120399999999797 0
1 124 0 1
330
0.1409814999999891 -0.05247249999999878 0
1 125 0 1
331
0.1520864999999946 -0.05364449999999946 0
1 126 0 1
332
0.163534999999973 -0.05471899999999762 0
1 127 0 1
333
0.1753159999999837 -0.05569549999999874 0
1 128 0 1
334
0.1874169999999891 -0.05657249999999927 0
1 129 0 1
335
0.1998264999999784 -0.05734899999999875 0
1 130 0 1
336
0.2125324999999837 -0.05802499999999921 0
1 131 0 1
337
0.2255224999999892 -0.05860049999999957 0
1 132 0 1
338
0.2387829999999838 -0.05907549999999948 0
1 133 0 1
339
0.2523009999999729 -0.05945099999999935 0
1 134 0 1
340
0.2660640000000108 -0.05972750000000018 0
1 135 0 1
341
0.2800574999999891 -0.0599059999999999 0
1 136 0 1
342
0.2942679999999783 -0.05998849999999994 0
1 137 0 1
343
0.3086819999999675 -0.05997650000000013 0
1 138 0 1
344
0.3232844999999783 -0.05987200000000022 0
1 139 0 1
345
0.3380614999999567 -0.0596770000000007 0
1 140 0 1
346
0.3529979999999783 -0.05939350000000047 0
1 141 0 1
347
0.3680794999999892 -0.05902450000000029 0
1 142 0 1
348
0.3832914999999783 -0.05857250000000071 0
1 143 0 1
349
0.3986184999999675 -0.05804050000000121 0
1 144 0 1
350
0.4140459999999783 -0.05743150000000091 0
1 145 0 1
351
0.4295579999999892 -0.0567490000000005 0
1 146 0 1
352
0.4451394999999891 -0.05599600000000055 0
1 147 0 1
353
0.4607754999999784 -0.05517550000000117 0
1 148 0 1
354
0.4764499999999782 -0.05429200000000127 0
1 149 0 1
355
0.4921474999999892 -0.05334850000000067 0
1 150 0 1
356
0.5078524999999784 -0.05234750000000141 0
1 151 0 1
357
0.5228524999999568 -0.05134250000000297 0
1 152 0 1
358
0.5349999999999784 -0.05049600000000154 0
1 153 0 1
359
0.5449999999999784 -0.04977450000000158 0
1 154 0 1
360
0.5549999999999782 -0.04903350000000165 0
1 155 0 1
361
0.5649999999999783 -0.04827300000000167 0
1 156 0 1
362
0.5749999999999783 -0.04749400000000171 0
1 157 0 1
363
0.5849999999999784 -0.04669700000000174 0
1 158 0 1
364
0.5949999999999782 -0.04588200000000179 0
1 159 0 1
365
0.6049999999999784 -0.04504950000000181 0
1 160 0 1
366
0.6149999999999785 -0.04420050000000184 0
1 161 0 1
367
0.6249999999999784 -0.04333450000000189 0
1 162 0 1
368
0.6349999999999782 -0.04245200000000193 0
1 163 0 1
369
0.6449999999999784 -0.04155350000000196 0
1 164 0 1
370
0.6549999999999783 -0.04063900000000201 0
1 165 0 1
371
0.6649999999999785 -0.03970900000000201 0
1 166 0 1
372
0.6749999999999784 -0.03876350000000206 0
1 167 0 1
373
0.6850000000000214 -0.03780299999999793 0
1 168 0 1
374
0.6949999999999784 -0.03682800000000211 0
1 169 0 1
375
0.7049999999999781 -0.03583800000000218 0
1 170 0 1
376
0.7149999999999785 -0.03483300000000217 0
1 171 0 1
377
0.7249999999999786 -0.0338135000000022 0
1 172 0 1
378
0.7349999999999784 -0.03278000000000224 0
1 173 0 1
379
0.7449999999999782 -0.03173200000000229 0
1 174 0 1
380
0.7549999999999785 -0.0306695000000023 0
1 175 0 1
381
0.7649999999999784 -0.02959300000000235 0
1 176 0 1
382
0.7749999999999784 -0.02850200000000238 0
1 177 0 1
383
0.7849999999999787 -0.02739700000000237 0
1 178 0 1
384
0.7949999999999785 -0.02627800000000242 0
1 179 0 1
385
0.8049999999999785 -0.02514500000000245 0
1 180 0 1
386
0.8149999999999784 -0.0239975000000025 0
1 181 0 1
387
0.8249999999999785 -0.02283500000000251 0
1 182 0 1
388
0.8349999999999783 -0.02165800000000256 0
1 183 0 1
389
0.8449999999999787 -0.02046700000000255 0
1 184 0 1
390
0.8549999999999784 -0.01926150000000261 0
1 185 0 1
391
0.8649999999999785 -0.01804050000000264 0
1 186 0 1
392
0.8749999999999786 -0.01680450000000266 0
1 187 0 1
393
0.8849999999999785 -0.01555400000000271 0
1 188 0 1
394
0.8949999999999785 -0.01428750000000275 0
1 189 0 1
395
0.9049999999999787 -0.01300550000000275 0
1 190 0 1
396
0.9149999999999786 -0.0117080000000028 0
1 191 0 1
397
0.9249999999999785 -0.01039400000000285 0
1 192 0 1
398
0.935000000000021 -0.009063999999997184 0
1 193 0 1
399
0.9449999999999784 -0.007717000000002923 0
1 194 0 1
400
0.9549999999999784 -0.006353000000002951 0
1 195 0 1
401
0.9649999999999784 -0.004972000000002995 0
1 196 0 1
402
0.9749999999999784 -0.003573500000003028 0
1 197 0 1
403
0.9849999999999784 -0.002157000000003068 0
1 198 0 1
404
0.9949999999999785 -0.0007220000000031041 0
1 2203 0 25
405
406
407
408
409
410
411
412
413
414
415
416
417
418
419
420
421
422
423
424
425
426
427
428
429
-0.1960196059876784 3.966518430596569 0
-0.3882807670452919 3.915715783091244 0
-0.5753520125325584 3.848257118294093 0
-0.755978679031692 3.765059913882281 0
-0.9291202741915741 3.667226072975397 0
-1.093963505593555 3.555969608758296 0
-1.249914575527888 3.432550016758032 0
-1.396576663513904 3.298217919281572 0
-1.533719729667359 3.154175092569431 0
-1.661247459992629 3.00154903877984 0
-1.779166205243778 2.841378941429809 0
-1.887557778889819 2.674610110236422 0
-1.98655558884275 2.502096427844293 0
-2.076327110783438 2.324604150209572 0
-2.15705913140062 2.142819930023503 0
-2.228947272469659 1.95735850871151 0
-2.292187855124516 1.768771645281281 0
-2.346972407481593 1.577555794370936 0
-2.393483588818487 1.384159941934207 0
-2.431892511479675 1.188992475318922 0
-2.46235696080916 0.992427507098816 0
-2.485020307418598 0.794810508350834 0
-2.50001089613963 0.5964633896024691 0
-2.507441774052701 0.397689066841881 0
-2.507410648499605 0.1987755966809335 0
1 2204 0 25
430
431
432
433
434
435
436
437
438
439
440
441
442
443
444
445
446
447
448
449
450
451
452
453
454
-2.496534739040704 -0.1949279496359441 0
-2.486132456593597 -0.3896089214074764 0
-2.468773670931793 -0.5837931387561983 0
-2.444425974547895 -0.7772251658687825 0
-2.413044141573298 -0.9696409508047119 0
-2.374570315051067 -1.160764677085651 0
-2.328934296112432 -1.350305445761356 0
-2.276054022707954 -1.537953557095988 0
-2.215836243171053 -1.723376619296521 0
-2.148177564694393 -1.906215079263121 0
-2.072965929356394 -2.086077418695921 0
-1.990082720859719 -2.262534828585312 0
-1.899405725528803 -2.435115359632734 0
-1.80081316970275 -2.603297691773881 0
-1.694189214630477 -2.766504530917539 0
-1.579431342801032 -2.924095848521427 0
-1.456459623948828 -3.075362962787193 0
-1.325231460267247 -3.219520494256623 0
-1.18575280103775 -3.355708141586199 0
-1.038102283384361 -3.48298495716476 0
-0.8824516631274606 -3.600337101452869 0
-0.7190923141594849 -3.706689287111943 0
-0.5484619385305771 -3.800926819534464 0
-0.3711700092653752 -3.881928902555018 0
-0.1880166205315931 -3.948614658737294 0
1 2211 0 7
455
456
457
458
459
460
461
8 3.499999999998007 0
8 3.000000000001391 0
8 2.500000000004862 0
8 2.000000000008246 0
8 1.500000000006252 0
8 1.000000000004168 0
8 0.5000000000020841 0
1 2212 0 7
462
463
464
465
466
467
468
8 -3.499999999998007 0
8 -3.000000000001391 0
8 -2.500000000004862 0
8 -2.000000000008246 0
8 -1.500000000006252 0
8 -1.000000000004168 0
8 -0.5000000000020841 0
1 2230 0 21
469
470
471
472
473
474
475
476
477
478
479
480
481
482
483
484
485
486
487
488
489
8 4.59422286639742 0
8 5.183541945575985 0
8 5.767997016246381 0
8 6.347628520839725 0
8 6.922476358891354 0
8 7.492580140954345 0
8 8.057978427703494 0
8 8.618710685984443 0
8 9.174814943385618 0
8 9.726329763877111 0
8 10.2732928745601 0
8 10.81574181317786 0
8 11.35371387550316 0
8 11.88724623526365 0
8 12.41637495765816 0
8 12.9411369993428 0
8 13.46156774688292 0
8 13.97770355150752 0
8 14.48957980896852 0
8 14.99723117532485 0
8 15.500693014997 0
1 2231 0 21
490
491
492
493
494
495
496
497
498
499
500
501
502
503
504
505
506
507
508
509
510
8 -4.59422286639742 0
8 -5.183541945575985 0
8 -5.767997016246381 0
8 -6.347628520839725 0
8 -6.922476358891354 0
8 -7.492580140954345 0
8 -8.057978427703494 0
8 -8.618710685984443 0
8 -9.174814943385618 0
8 -9.726329763877111 0
8 -10.2732928745601 0
8 -10.81574181317786 0
8 -11.35371387550316 0
8 -11.88724623526365 0
8 -12.41637495765816 0
8 -12.9411369993428 0
8 -13.46156774688292 0
8 -13.97770355150752 0
8 -14.48957980896852 0
8 -14.99723117532485 0
8 -15.500693014997 0
1 2232 0 45
511
512
513
514
515
516
517
518
519
520
521
522
523
524
525
526
527
528
529
530
531
532
533
534
535
536
537
538
539
540
541
542
543
544
545
546
547
548
549
550
551
552
553
554
555
0.107301759508211 4.160952639262317 0
0.2167623153567005 4.325143473035051 0
0.3284251383528014 4.492637707529202 0
0.4423344850918828 4.663501727637824 0
0.5585355978779653 4.837803396816948 0
0.6770745821466724 5.015611873220008 0
0.7979984409647536 5.19699766144713 0
0.9213551930122197 5.38203278951833 0
1.047193757443 5.5707906361645 0
1.175564076646886 5.76334611497033 0
1.306517087460637 5.959775631190955 0
1.440104764677844 6.160157147016766 0
1.576380090932097 6.364570136398146 0
1.715397160318738 6.573095740478108 0
1.857211127976258 6.785816691964388 0
2.001878236403899 7.002817354605848 0
2.149455984027111 7.224183976040667 0
2.300002801122664 7.450004201683996 0
2.453578468990995 7.680367703486493 0
2.610243969970191 7.915365954955287 0
2.770061407750465 8.155092111625699 0
2.933094235485572 8.399641353228358 0
3.099407113223138 8.649110669834707 0
3.269066095406965 8.903599143110448 0
3.442138451039768 9.163207676559651 0
3.618692838769279 9.428039258153918 0
3.798799317000954 9.69819897550143 0
3.98252941451707 9.973794121775605 0
4.169955977291875 10.25493396593781 0
4.361153409713273 10.54173011456991 0
4.556197563228305 10.83429634484246 0
4.75516581666442 11.13274872499663 0
4.958137120549844 11.43720568082477 0
5.165192016520341 11.74778802478051 0
5.376412658749123 12.06461898812368 0
5.591882846162294 12.38782426924344 0
5.811688158252485 12.71753223737873 0
6.035915714026018 13.05387357103903 0
6.264654524542013 13.39698178681302 0
6.49799531086862 13.74699296630293 0
6.736030752721796 14.1040461290827 0
6.97885523354619 14.46828285031928 0
7.226565095181869 14.8398476427728 0
7.479258708306655 15.21888806245998 0
7.737036247074231 15.60555437061135 0
1 2233 0 45
556
557
558
559
560
561
562
563
564
565
566
567
568
569
570
571
572
573
574
575
576
577
578
579
580
581
582
583
584
585
586
587
588
589
590
591
592
593
594
595
596
597
598
599
600
0.107301759508211 -4.160952639262317 0
0.2167623153567005 -4.325143473035051 0
0.3284251383528014 -4.492637707529202 0
0.4423344850918828 -4.663501727637824 0
0.5585355978779653 -4.837803396816948 0
0.6770745821466724 -5.015611873220008 0
0.7979984409647536 -5.19699766144713 0
0.9213551930122197 -5.38203278951833 0
1.047193757443 -5.5707906361645 0
1.175564076646886 -5.76334611497033 0
1.306517087460637 -5.959775631190955 0
1.440104764677844 -6.160157147016766 0
1.576380090932097 -6.364570136398146 0
1.715397160318738 -6.573095740478108 0
1.857211127976258 -6.785816691964388 0
2.001878236403899 -7.002817354605848 0
2.149455984027111 -7.224183976040667 0
2.300002801122664 -7.450004201683996 0
2.453578468990995 -7.680367703486493 0
2.610243969970191 -7.915365954955287 0
2.770061407750465 -8.155092111625699 0
2.933094235485572 -8.399641353228358 0
3.099407113223138 -8.649110669834707 0
3.269066095406965 -8.903599143110448 0
3.442138451039768 -9.163207676559651 0
3.618692838769279 -9.428039258153918 0
3.798799317000954 -9.69819897550143 0
3.98252941451707 -9.973794121775605 0
4.169955977291875 -10.25493396593781 0
4.361153409713273 -10.54173011456991 0
4.556197563228305 -10.83429634484246 0
4.75516581666442 -11.13274872499663 0
4.958137120549844 -11.43720568082477 0
5.165192016520341 -11.74778802478051 0
5.376412658749123 -12.06461898812368 0
5.591882846162294 -12.38782426924344 0
5.811688158252485 -12.71753223737873 0
6.035915714026018 -13.05387357103903 0
6.264654524542013 -13.39698178681302 0
6.49799531086862 -13.74699296630293 0
6.736030752721796 -14.1040461290827 0
6.97885523354619 -14.46828285031928 0
7.226565095181869 -14.8398476427728 0
7.479258708306655 -15.21888806245998 0
7.737036247074231 -15.60555437061135 0
2 9 0 8031
601
602
603
604
605
606
607
608
609
610
611
612
613
614
615
616
617
618
619
620
621
622
623
624
625
626
627
628
629
630
631
632
633
634
635
636
637
638
639
640
641
642
643
644
645
646
647
648
649
650
651
652
653
654
655
656
657
658
659
660
661
662
663
664
665
666
667
668
669
670
671
672
673
674
675
676
677
678
679
680
681
682
683
684
685
686
687
688
689
690
691
692
693
694
695
696
697
698
699
700
701
702
703
704
705
706
707
708
709
710
711
712
713
714
715
716
717
718
719
720
721
722
723
724
725
726
727
728
729
730
731
732
733
734
735
736
737
738
739
740
741
742
743
744
745
746
747
748
749
750
751
752
753
754
755
756
757
758
759
760
761
762
763
764
765
766
767
768
769
770
771
772
773
774
775
776
777
778
779
780
781
782
783
784
785
786
787
788
789
790
791
792
793
794
795
796
797
798
799
800
801
802
803
804
805
806
807
808
809
810
811
812
813
814
815
816
817
818
819
820
821
822
823
824
825
826
827
828
829
830
831
832
833
834
835
836
837
838
839
840
841
842
843
844
845
846
847
848
849
850
851
852
853
854
855
856
857
858
859
860
861
862
863
864
865
866
867
868
869
870
871
872
873
874
875
876
877
878
879
880
881
882
883
884
885
886
887
888
889
890
891
892
893
894
895
896
897
898
899
900
901
902
903
904
905
906
907
908
909
910
911
912
913
914
915
916
917
918
919
920
921
922
923
924
925
926
927
928
929
930
931
932
933
934
935
936
937
938
939
940
941
942
943
944
945
946
947
948
949
950
951
952
953
954
955
956
957
958
959
960
961
962
963
964
965
966
967
968
969
970
971
972
973
974
975
976
977
978
979
980
981
982
983
984
985
986
987
988
989
990
991
992
993
994
995
996
997
998
999
1000
1001
1002
1003
1004
1005
1006
1007
1008
1009
1010
1011
1012
1013
1014
1015
1016
1017
1018
1019
1020
1021
1022
1023
1024
1025
1026
1027
1028
1029
1030
1031
1032
1033
1034
1035
1036
1037
1038
1039
1040
1041
1042
1043
1044
1045
1046
1047
1048
1049
1050
1051
1052
1053
1054
1055
1056
1057
1058
1059
1060
1061
1062
1063
1064
1065
1066
1067
1068
1069
1070
1071
1072
1073
1074
1075
1076
1077
1078
1079
1080
1081
1082
1083
1084
1085
1086
1087
1088
1089
1090
1091
1092
1093
1094
1095
1096
1097
1098
1099
1100
1101
1102
1103
1104
1105
1106
1107
1108
1109
1110
1111
1112
1113
1114
1115
1116
1117
1118
1119
1120
1121
1122
1123
1124
1125
1126
1127
1128
1129
1130
1131
1132
1133
1134
1135
1136
1137
1138
1139
1140
1141
1142
1143
1144
1145
1146
1147
1148
1149
1150
1151
1152
1153
1154
1155
1156
1157
1158
1159
1160
1161
1162
1163
1164
1165
1166
1167
1168
1169
1170
1171
1172
1173
1174
1175
1176
1177
1178
1179
1180
1181
1182
1183
1184
1185
1186
1187
1188
1189
1190
1191
1192
1193
1194
1195
1196
1197
1198
1199
1200
1201
1202
1203
1204
1205
1206
1207
1208
1209
1210
1211
1212
1213
1214
1215
1216
1217
1218
1219
1220
1221
1222
1223
1224
1225
1226
1227
1228
1229
1230
1231
1232
1233
1234
1235
1236
1237
1238
1239
1240
1241
1242
1243
1244
1245
1246
1247
1248
1249
1250
1251
1252
1253
1254
1255
1256
1257
1258
1259
1260
1261
1262
1263
1264
1265
1266
1267
1268
1269
1270
1271
1272
1273
1274
1275
1276
1277
1278
1279
1280
1281
1282
1283
1284
1285
1286
1287
1288
1289
1290
1291
1292
1293
1294
1295
1296
1297
1298
1299
1300
1301
1302
1303
1304
1305
1306
1307
1308
1309
1310
1311
1312
1313
1314
1315
1316
1317
1318
1319
1320
1321
1322
1323
1324
1325
1326
1327
1328
1329
1330
1331
1332
1333
1334
1335
1336
1337
1338
1339
1340
1341
1342
1343
1344
1345
1346
1347
1348
1349
1350
1351
1352
1353
1354
1355
1356
1357
1358
1359
1360
1361
1362
1363
1364
1365
1366
1367
1368
1369
1370
1371
1372
1373
1374
1375
1376
1377
1378
1379
1380
1381
1382
1383
1384
1385
1386
1387
1388
1389
1390
1391
1392
1393
1394
1395
1396
1397
1398
1399
1400
1401
1402
1403
1404
1405
1406
1407
1408
1409
1410
1411
1412
1413
1414
1415
1416
1417
1418
1419
1420
1421
1422
1423
1424
1425
1426
1427
1428
1429
1430
1431
1432
1433
1434
1435
1436
1437
1438
1439
1440
1441
1442
1443
1444
1445
1446
1447
1448
1449
1450
1451
1452
1453
1454
1455
1456
1457
1458
1459
1460
1461
1462
1463
1464
1465
1466
1467
1468
1469
1470
1471
1472
1473
1474
1475
1476
1477
1478
1479
1480
1481
1482
1483
1484
1485
1486
1487
1488
1489
1490
1491
1492
1493
1494
1495
1496
1497
1498
1499
1500
1501
1502
1503
1504
1505
1506
1507
1508
1509
1510
1511
1512
1513
1514
1515
1516
1517
1518
1519
1520
1521
1522
1523
1524
1525
1526
1527
1528
1529
1530
1531
1532
1533
1534
1535
1536
1537
1538
1539
1540
1541
1542
1543
1544
1545
1546
1547
1548
1549
1550
1551
1552
1553
1554
1555
1556
1557
1558
1559
1560
1561
1562
1563
1564
1565
1566
1567
1568
1569
1570
1571
1572
1573
1574
1575
1576
1577
1578
1579
1580
1581
1582
1583
1584
1585
1586
1587
1588
1589
1590
1591
1592
1593
1594
1595
1596
1597
1598
1599
1600
1601
1602
1603
1604
1605
1606
1607
1608
1609
1610
1611
1612
1613
1614
1615
1616
1617
1618
1619
1620
1621
1622
1623
1624
1625
1626
1627
1628
1629
1630
1631
1632
1633
1634
1635
1636
1637
1638
1639
1640
1641
1642
1643
1644
1645
1646
1647
1648
1649
1650
1651
1652
1653
1654
1655
1656
1657
1658
1659
1660
1661
1662
1663
1664
1665
1666
1667
1668
1669
1670
1671
1672
1673
1674
1675
1676
1677
1678
1679
1680
1681
1682
1683
1684
1685
1686
1687
1688
1689
1690
1691
1692
1693
1694
1695
1696
1697
1698
1699
1700
1701
1702
1703
1704
1705
1706
1707
1708
1709
1710
1711
1712
1713
1714
1715
1716
1717
1718
1719
1720
1721
1722
1723
1724
1725
1726
1727
1728
1729
1730
1731
1732
1733
1734
1735
1736
1737
1738
1739
1740
1741
1742
1743
1744
1745
1746
1747
1748
1749
1750
1751
1752
1753
1754
1755
1756
1757
1758
1759
1760
1761
1762
1763
1764
1765
1766
1767
1768
1769
1770
1771
1772
1773
1774
1775
1776
1777
1778
1779
1780
1781
1782
1783
1784
1785
1786
1787
1788
1789
1790
1791
1792
1793
1794
1795
1796
1797
1798
1799
1800
1801
1802
1803
1804
1805
1806
1807
1808
1809
1810
1811
1812
1813
1814
1815
1816
1817
1818
1819
1820
1821
1822
1823
1824
1825
1826
1827
1828
1829
1830
1831
1832
1833
1834
1835
1836
1837
1838
1839
1840
1841
1842
1843
1844
1845
1846
1847
1848
1849
1850
1851
1852
1853
1854
1855
1856
1857
1858
1859
1860
1861
1862
1863
1864
1865
1866
1867
1868
1869
1870
1871
1872
1873
1874
1875
1876
1877
1878
1879
1880
1881
1882
1883
1884
1885
1886
1887
1888
1889
1890
1891
1892
1893
1894
1895
1896
1897
1898
1899
1900
1901
1902
1903
1904
1905
1906
1907
1908
1909
1910
1911
1912
1913
1914
1915
1916
1917
1918
1919
1920
1921
1922
1923
1924
1925
1926
1927
1928
1929
1930
1931
1932
1933
1934
1935
1936
1937
1938
1939
1940
1941
1942
1943
1944
1945
1946
1947
1948
1949
1950
1951
1952
1953
1954
1955
1956
1957
1958
1959
1960
1961
1962
1963
1964
1965
1966
1967
1968
1969
1970
1971
1972
1973
1974
1975
1976
1977
1978
1979
1980
1981
1982
1983
1984
1985
1986
1987
1988
1989
1990
1991
1992
1993
1994
1995
1996
1997
1998
1999
2000
2001
2002
2003
2004
2005
2006
2007
2008
2009
2010
2011
2012
2013
2014
2015
2016
2017
2018
2019
2020
2021
2022
2023
2024
2025
2026
2027
2028
2029
2030
2031
2032
2033
2034
2035
2036
2037
2038
2039
2040
2041
2042
2043
2044
2045
2046
2047
2048
2049
2050
2051
2052
2053
2054
2055
2056
2057
2058
2059
2060
2061
2062
2063
2064
2065
2066
2067
2068
2069
2070
2071
2072
2073
2074
2075
2076
2077
2078
2079
2080
2081
2082
2083
2084
2085
2086
2087
2088
2089
2090
2091
2092
2093
2094
2095
2096
2097
2098
2099
2100
2101
2102
2103
2104
2105
2106
2107
2108
2109
2110
2111
2112
2113
2114
2115
2116
2117
2118
2119
2120
2121
2122
2123
2124
2125
2126
2127
2128
2129
2130
2131
2132
2133
2134
2135
2136
2137
2138
2139
2140
2141
2142
2143
2144
2145
2146
2147
2148
2149
2150
2151
2152
2153
2154
2155
2156
2157
2158
2159
2160
2161
2162
2163
2164
2165
2166
2167
2168
2169
2170
2171
2172
2173
2174
2175
2176
2177
2178
2179
2180
2181
2182
2183
2184
2185
2186
2187
2188
2189
2190
2191
2192
2193
2194
2195
2196
2197
2198
2199
2200
2201
2202
2203
2204
2205
2206
2207
2208
2209
2210
2211
2212
2213
2214
2215
2216
2217
2218
2219
2220
2221
2222
2223
2224
2225
2226
2227
2228
2229
2230
2231
2232
2233
2234
2235
2236
2237
2238
2239
2240
2241
2242
2243
2244
2245
2246
2247
2248
2249
2250
2251
2252
2253
2254
2255
2256
2257
2258
2259
2260
2261
2262
2263
2264
2265
2266
2267
2268
2269
2270
2271
2272
2273
2274
2275
2276
2277
2278
2279
2280
2281
2282
2283
2284
2285
2286
2287
2288
2289
2290
2291
2292
2293
2294
2295
2296
2297
2298
2299
2300
2301
2302
2303
2304
2305
2306
2307
2308
2309
2310
2311
2312
2313
2314
2315
2316
2317
2318
2319
2320
2321
2322
2323
2324
2325
2326
2327
2328
2329
2330
2331
2332
2333
2334
2335
2336
2337
2338
2339
2340
2341
2342
2343
2344
2345
2346
2347
2348
2349
2350
2351
2352
2353
2354
2355
2356
2357
2358
2359
2360
2361
2362
2363
2364
2365
2366
2367
2368
2369
2370
2371
2372
2373
2374
2375
2376
2377
2378
2379
2380
2381
2382
2383
2384
2385
2386
2387
2388
2389
2390
2391
2392
2393
2394
2395
2396
2397
2398
2399
2400
2401
2402
2403
2404
2405
2406
2407
2408
2409
2410
2411
2412
2413
2414
2415
2416
2417
2418
2419
2420
2421
2422
2423
2424
2425
2426
2427
2428
2429
2430
2431
2432
2433
2434
2435
2436
2437
2438
2439
2440
2441
2442
2443
2444
2445
2446
2447
2448
2449
2450
2451
2452
2453
2454
2455
2456
2457
2458
2459
2460
2461
2462
2463
2464
2465
2466
2467
2468
2469
2470
2471
2472
2473
2474
2475
2476
2477
2478
2479
2480
2481
2482
2483
2484
2485
2486
2487
2488
2489
2490
2491
2492
2493
2494
2495
2496
2497
2498
2499
2500
2501
2502
2503
2504
2505
2506
2507
2508
2509
2510
2511
2512
2513
2514
2515
2516
2517
2518
2519
2520
2521
2522
2523
2524
2525
2526
2527
2528
2529
2530
2531
2532
2533
2534
2535
2536
2537
2538
2539
2540
2541
2542
2543
2544
2545
2546
2547
2548
2549
2550
2551
2552
2553
2554
2555
2556
2557
2558
2559
2560
2561
2562
2563
2564
2565
2566
2567
2568
2569
2570
2571
2572
2573
2574
2575
2576
2577
2578
2579
2580
2581
2582
2583
2584
2585
2586
2587
2588
2589
2590
2591
2592
2593
2594
2595
2596
2597
2598
2599
2600
2601
2602
2603
2604
2605
2606
2607
2608
2609
2610
2611
2612
2613
2614
2615
2616
2617
2618
2619
2620
2621
2622
2623
2624
2625
2626
2627
2628
2629
2630
2631
2632
2633
2634
2635
2636
2637
2638
2639
2640
2641
2642
2643
2644
2645
2646
2647
2648
2649
2650
2651
2652
2653
2654
2655
2656
2657
2658
2659
2660
2661
2662
2663
2664
2665
2666
2667
2668
2669
2670
2671
2672
2673
2674
2675
2676
2677
2678
2679
2680
2681
2682
2683
2684
2685
2686
2687
2688
2689
2690
2691
2692
2693
2694
2695
2696
2697
2698
2699
2700
2701
2702
2703
2704
2705
2706
2707
2708
2709
2710
2711
2712
2713
2714
2715
2716
2717
2718
2719
2720
2721
2722
2723
2724
2725
2726
2727
2728
2729
2730
2731
2732
2733
2734
2735
2736
2737
2738
2739
2740
2741
2742
2743
2744
2745
2746
2747
2748
2749
2750
2751
2752
2753
2754
2755
2756
2757
2758
2759
2760
2761
2762
2763
2764
2765
2766
2767
2768
2769
2770
2771
2772
2773
2774
2775
2776
2777
2778
2779
2780
2781
2782
2783
2784
2785
2786
2787
2788
2789
2790
2791
2792
2793
2794
2795
2796
2797
2798
2799
2800
2801
2802
2803
2804
2805
2806
2807
2808
2809
2810
2811
2812
2813
2814
2815
2816
2817
2818
2819
2820
2821
2822
2823
2824
2825
2826
2827
2828
2829
2830
2831
2832
2833
2834
2835
2836
2837
2838
2839
2840
2841
2842
2843
2844
2845
2846
2847
2848
2849
2850
2851
2852
2853
2854
2855
2856
2857
2858
2859
2860
2861
2862
2863
2864
2865
2866
2867
2868
2869
2870
2871
2872
2873
2874
2875
2876
2877
2878
2879
2880
2881
2882
2883
2884
2885
2886
2887
2888
2889
2890
2891
2892
2893
2894
2895
2896
2897
2898
2899
2900
2901
2902
2903
2904
2905
2906
2907
2908
2909
2910
2911
2912
2913
2914
2915
2916
2917
2918
2919
2920
2921
2922
2923
2924
2925
2926
2927
2928
2929
2930
2931
2932
2933
2934
2935
2936
2937
2938
2939
2940
2941
2942
2943
2944
2945
2946
2947
2948
2949
2950
2951
2952
2953
2954
2955
2956
2957
2958
2959
2960
2961
2962
2963
2964
2965
2966
2967
2968
2969
2970
2971
2972
2973
2974
2975
2976
2977
2978
2979
2980
2981
2982
2983
2984
2985
2986
2987
2988
2989
2990
2991
2992
2993
2994
2995
2996
2997
2998
2999
3000
3001
3002
3003
3004
3005
3006
3007
3008
3009
3010
3011
3012
3013
3014
3015
3016
3017
3018
3019
3020
3021
3022
3023
3024
3025
3026
3027
3028
3029
3030
3031
3032
3033
3034
3035
3036
3037
3038
3039
3040
3041
3042
3043
3044
3045
3046
3047
3048
3049
3050
3051
3052
3053
3054
3055
3056
3057
3058
3059
3060
3061
3062
3063
3064
3065
3066
3067
3068
3069
3070
3071
3072
3073
3074
3075
3076
3077
3078
3079
3080
3081
3082
3083
3084
3085
3086
3087
3088
3089
3090
3091
3092
3093
3094
3095
3096
3097
3098
3099
3100
3101
3102
3103
3104
3105
3106
3107
3108
3109
3110
3111
3112
3113
3114
3115
3116
3117
3118
3119
3120
3121
3122
3123
3124
3125
3126
3127
3128
3129
3130
3131
3132
3133
3134
3135
3136
3137
3138
3139
3140
3141
3142
3143
3144
3145
3146
3147
3148
3149
3150
3151
3152
3153
3154
3155
3156
3157
3158
3159
3160
3161
3162
3163
3164
3165
3166
3167
3168
3169
3170
3171
3172
3173
3174
3175
3176
3177
3178
3179
3180
3181
3182
3183
3184
3185
3186
3187
3188
3189
3190
3191
3192
3193
3194
3195
3196
3197
3198
3199
3200
3201
3202
3203
3204
3205
3206
3207
3208
3209
3210
3211
3212
3213
3214
3215
3216
3217
3218
3219
3220
3221
3222
3223
3224
3225
3226
3227
3228
3229
3230
3231
3232
3233
3234
3235
3236
3237
3238
3239
3240
3241
3242
3243
3244
3245
3246
3247
3248
3249
3250
3251
3252
3253
3254
3255
3256
3257
3258
3259
3260
3261
3262
3263
3264
3265
3266
3267
3268
3269
3270
3271
3272
3273
3274
3275
3276
3277
3278
3279
3280
3281
3282
3283
3284
3285
3286
3287
3288
3289
3290
3291
3292
3293
3294
3295
3296
3297
3298
3299
3300
3301
3302
3303
3304
3305
3306
3307
3308
3309
3310
3311
3312
3313
3314
3315
3316
3317
3318
3319
3320
3321
3322
3323
3324
3325
3326
3327
3328
3329
3330
3331
3332
3333
3334
3335
3336
3337
3338
3339
3340
3341
3342
3343
3344
3345
3346
3347
3348
3349
3350
3351
3352
3353
3354
3355
3356
3357
3358
3359
3360
3361
3362
3363
3364
3365
3366
3367
3368
3369
3370
3371
3372
3373
3374
3375
3376
3377
3378
3379
3380
3381
3382
3383
3384
3385
3386
3387
3388
3389
3390
3391
3392
3393
3394
3395
3396
3397
3398
3399
3400
3401
3402
3403
3404
3405
3406
3407
3408
3409
3410
3411
3412
3413
3414
3415
3416
3417
3418
3419
3420
3421
3422
3423
3424
3425
3426
3427
3428
3429
3430
3431
3432
3433
3434
3435
3436
3437
3438
3439
3440
3441
3442
3443
3444
3445
3446
3447
3448
3449
3450
3451
3452
3453
3454
3455
3456
3457
3458
3459
3460
3461
3462
3463
3464
3465
3466
3467
3468
3469
3470
3471
3472
3473
3474
3475
3476
3477
3478
3479
3480
3481
3482
3483
3484
3485
3486
3487
3488
3489
3490
3491
3492
3493
3494
3495
3496
3497
3498
3499
3500
3501
3502
3503
3504
3505
3506
3507
3508
3509
3510
3511
3512
3513
3514
3515
3516
3517
3518
3519
3520
3521
3522
3523
3524
3525
3526
3527
3528
3529
3530
3531
3532
3533
3534
3535
3536
3537
3538
3539
3540
3541
3542
3543
3544
3545
3546
3547
3548
3549
3550
3551
3552
3553
3554
3555
3556
3557
3558
3559
3560
3561
3562
3563
3564
3565
3566
3567
3568
3569
3570
3571
3572
3573
3574
3575
3576
3577
3578
3579
3580
3581
3582
3583
3584
3585
3586
3587
3588
3589
3590
3591
3592
3593
3594
3595
3596
3597
3598
3599
3600
3601
3602
3603
3604
3605
3606
3607
3608
3609
3610
3611
3612
3613
3614
3615
3616
3617
3618
3619
3620
3621
3622
3623
3624
3625
3626
3627
3628
3629
3630
3631
3632
3633
3634
3635
3636
3637
3638
3639
3640
3641
3642
3643
3644
3645
3646
3647
3648
3649
3650
3651
3652
3653
3654
3655
3656
3657
3658
3659
3660
3661
3662
3663
3664
3665
3666
3667
3668
3669
3670
3671
3672
3673
3674
3675
3676
3677
3678
3679
3680
3681
3682
3683
3684
3685
3686
3687
3688
3689
3690
3691
3692
3693
3694
3695
3696
3697
3698
3699
3700
3701
3702
3703
3704
3705
3706
3707
3708
3709
3710
3711
3712
3713
3714
3715
3716
3717
3718
3719
3720
3721
3722
3723
3724
3725
3726
3727
3728
3729
3730
3731
3732
3733
3734
3735
3736
3737
3738
3739
3740
3741
3742
3743
3744
3745
3746
3747
3748
3749
3750
3751
3752
3753
3754
3755
3756
3757
3758
3759
3760
3761
3762
3763
3764
3765
3766
3767
3768
3769
3770
3771
3772
3773
3774
3775
3776
3777
3778
3779
3780
3781
3782
3783
3784
3785
3786
3787
3788
3789
3790
3791
3792
3793
3794
3795
3796
3797
3798
3799
3800
3801
3802
3803
3804
3805
3806
3807
3808
3809
3810
3811
3812
3813
3814
3815
3816
3817
3818
3819
3820
3821
3822
3823
3824
3825
3826
3827
3828
3829
3830
3831
3832
3833
3834
3835
3836
3837
3838
3839
3840
3841
3842
3843
3844
3845
3846
3847
3848
3849
3850
3851
3852
3853
3854
3855
3856
3857
3858
3859
3860
3861
3862
3863
3864
3865
3866
3867
3868
3869
3870
3871
3872
3873
3874
3875
3876
3877
3878
3879
3880
3881
3882
3883
3884
3885
3886
3887
3888
3889
3890
3891
3892
3893
3894
3895
3896
3897
3898
3899
3900
3901
3902
3903
3904
3905
3906
3907
3908
3909
3910
3911
3912
3913
3914
3915
3916
3917
3918
3919
3920
3921
3922
3923
3924
3925
3926
3927
3928
3929
3930
3931
3932
3933
3934
3935
3936
3937
3938
3939
3940
3941
3942
3943
3944
3945
3946
3947
3948
3949
3950
3951
3952
3953
3954
3955
3956
3957
3958
3959
3960
3961
3962
3963
3964
3965
3966
3967
3968
3969
3970
3971
3972
3973
3974
3975
3976
3977
3978
3979
3980
3981
3982
3983
3984
3985
3986
3987
3988
3989
3990
3991
3992
3993
3994
3995
3996
3997
3998
3999
4000
4001
4002
4003
4004
4005
4006
4007
4008
4009
4010
4011
4012
4013
4014
4015
4016
4017
4018
4019
4020
4021
4022
4023
4024
4025
4026
4027
4028
4029
4030
4031
4032
4033
4034
4035
4036
4037
4038
4039
4040
4041
4042
4043
4044
4045
4046
4047
4048
4049
4050
4051
4052
4053
4054
4055
4056
4057
4058
4059
4060
4061
4062
4063
4064
4065
4066
4067
4068
4069
4070
4071
4072
4073
4074
4075
4076
4077
4078
4079
4080
4081
4082
4083
4084
4085
4086
4087
4088
4089
4090
4091
4092
4093
4094
4095
4096
4097
4098
4099
4100
4101
4102
4103
4104
4105
4106
4107
4108
4109
4110
4111
4112
4113
4114
4115
4116
4117
4118
4119
4120
4121
4122
4123
4124
4125
4126
4127
4128
4129
4130
4131
4132
4133
4134
4135
4136
4137
4138
4139
4140
4141
4142
4143
4144
4145
4146
4147
4148
4149
4150
4151
4152
4153
4154
4155
4156
4157
4158
4159
4160
4161
4162
4163
4164
4165
4166
4167
4168
4169
4170
4171
4172
4173
4174
4175
4176
4177
4178
4179
4180
4181
4182
4183
4184
4185
4186
4187
4188
4189
4190
4191
4192
4193
4194
4195
4196
4197
4198
4199
4200
4201
4202
4203
4204
4205
4206
4207
4208
4209
4210
4211
4212
4213
4214
4215
4216
4217
4218
4219
4220
4221
4222
4223
4224
4225
4226
4227
4228
4229
4230
4231
4232
4233
4234
4235
4236
4237
4238
4239
4240
4241
4242
4243
4244
4245
4246
4247
4248
4249
4250
4251
4252
4253
4254
4255
4256
4257
4258
4259
4260
4261
4262
4263
4264
4265
4266
4267
4268
4269
4270
4271
4272
4273
4274
4275
4276
4277
4278
4279
4280
4281
4282
4283
4284
4285
4286
4287
4288
4289
4290
4291
4292
4293
4294
4295
4296
4297
4298
4299
4300
4301
4302
4303
4304
4305
4306
4307
4308
4309
4310
4311
4312
4313
4314
4315
4316
4317
4318
4319
4320
4321
4322
4323
4324
4325
4326
4327
4328
4329
4330
4331
4332
4333
4334
4335
4336
4337
4338
4339
4340
4341
4342
4343
4344
4345
4346
4347
4348
4349
4350
4351
4352
4353
4354
4355
4356
4357
4358
4359
4360
4361
4362
4363
4364
4365
4366
4367
4368
4369
4370
4371
4372
4373
4374
4375
4376
4377
4378
4379
4380
4381
4382
4383
4384
4385
4386
4387
4388
4389
4390
4391
4392
4393
4394
4395
4396
4397
4398
4399
4400
4401
4402
4403
4404
4405
4406
4407
4408
4409
4410
4411
4412
4413
4414
4415
4416
4417
4418
4419
4420
4421
4422
4423
4424
4425
4426
4427
4428
4429
4430
4431
4432
4433
4434
4435
4436
4437
4438
4439
4440
4441
4442
4443
4444
4445
4446
4447
4448
4449
4450
4451
4452
4453
4454
4455
4456
4457
4458
4459
4460
4461
4462
4463
4464
4465
4466
4467
4468
4469
4470
4471
4472
4473
4474
4475
4476
4477
4478
4479
4480
4481
4482
4483
4484
4485
4486
4487
4488
4489
4490
4491
4492
4493
4494
4495
4496
4497
4498
4499
4500
4501
4502
4503
4504
4505
4506
4507
4508
4509
4510
4511
4512
4513
4514
4515
4516
4517
4518
4519
4520
4521
4522
4523
4524
4525
4526
4527
4528
4529
4530
4531
4532
4533
4534
4535
4536
4537
4538
4539
4540
4541
4542
4543
4544
4545
4546
4547
4548
4549
4550
4551
4552
4553
4554
4555
4556
4557
4558
4559
4560
4561
4562
4563
4564
4565
4566
4567
4568
4569
4570
4571
4572
4573
4574
4575
4576
4577
4578
4579
4580
4581
4582
4583
4584
4585
4586
4587
4588
4589
4590
4591
4592
4593
4594
4595
4596
4597
4598
4599
4600
4601
4602
4603
4604
4605
4606
4607
4608
4609
4610
4611
4612
4613
4614
4615
4616
4617
4618
4619
4620
4621
4622
4623
4624
4625
4626
4627
4628
4629
4630
4631
4632
4633
4634
4635
4636
4637
4638
4639
4640
4641
4642
4643
4644
4645
4646
4647
4648
4649
4650
4651
4652
4653
4654
4655
4656
4657
4658
4659
4660
4661
4662
4663
4664
4665
4666
4667
4668
4669
4670
4671
4672
4673
4674
4675
4676
4677
4678
4679
4680
4681
4682
4683
4684
4685
4686
4687
4688
4689
4690
4691
4692
4693
4694
4695
4696
4697
4698
4699
4700
4701
4702
4703
4704
4705
4706
4707
4708
4709
4710
4711
4712
4713
4714
4715
4716
4717
4718
4719
4720
4721
4722
4723
4724
4725
4726
4727
4728
4729
4730
4731
4732
4733
4734
4735
4736
4737
4738
4739
4740
4741
4742
4743
4744
4745
4746
4747
4748
4749
4750
4751
4752
4753
4754
4755
4756
4757
4758
4759
4760
4761
4762
4763
4764
4765
4766
4767
4768
4769
4770
4771
4772
4773
4774
4775
4776
4777
4778
4779
4780
4781
4782
4783
4784
4785
4786
4787
4788
4789
4790
4791
4792
4793
4794
4795
4796
4797
4798
4799
4800
4801
4802
4803
4804
4805
4806
4807
4808
4809
4810
4811
4812
4813
4814
4815
4816
4817
4818
4819
4820
4821
4822
4823
4824
4825
4826
4827
4828
4829
4830
4831
4832
4833
4834
4835
4836
4837
4838
4839
4840
4841
4842
4843
4844
4845
4846
4847
4848
4849
4850
4851
4852
4853
4854
4855
4856
4857
4858
4859
4860
4861
4862
4863
4864
4865
4866
4867
4868
4869
4870
4871
4872
4873
4874
4875
4876
4877
4878
4879
4880
4881
4882
4883
4884
4885
4886
4887
4888
4889
4890
4891
4892
4893
4894
4895
4896
4897
4898
4899
4900
4901
4902
4903
4904
4905
4906
4907
4908
4909
4910
4911
4912
4913
4914
4915
4916
4917
4918
4919
4920
4921
4922
4923
4924
4925
4926
4927
4928
4929
4930
4931
4932
4933
4934
4935
4936
4937
4938
4939
4940
4941
4942
4943
4944
4945
4946
4947
4948
4949
4950
4951
4952
4953
4954
4955
4956
4957
4958
4959
4960
4961
4962
4963
4964
4965
4966
4967
4968
4969
4970
4971
4972
4973
4974
4975
4976
4977
4978
4979
4980
4981
4982
4983
4984
4985
4986
4987
4988
4989
4990
4991
4992
4993
4994
4995
4996
4997
4998
4999
5000
5001
5002
5003
5004
5005
5006
5007
5008
5009
5010
5011
5012
5013
5014
5015
5016
5017
5018
5019
5020
5021
5022
5023
5024
5025
5026
5027
5028
5029
5030
5031
5032
5033
5034
5035
5036
5037
5038
5039
5040
5041
5042
5043
5044
5045
5046
5047
5048
5049
5050
5051
5052
5053
5054
5055
5056
5057
5058
5059
5060
5061
5062
5063
5064
5065
5066
5067
5068
5069
5070
5071
5072
5073
5074
5075
5076
5077
5078
5079
5080
5081
5082
5083
5084
5085
5086
5087
5088
5089
5090
5091
5092
5093
5094
5095
5096
5097
5098
5099
5100
5101
5102
5103
5104
5105
5106
5107
5108
5109
5110
5111
5112
5113
5114
5115
5116
5117
5118
5119
5120
5121
5122
5123
5124
5125
5126
5127
5128
5129
5130
5131
5132
5133
5134
5135
5136
5137
5138
5139
5140
5141
5142
5143
5144
5145
5146
5147
5148
5149
5150
5151
5152
5153
5154
5155
5156
5157
5158
5159
5160
5161
5162
5163
5164
5165
5166
5167
5168
5169
5170
5171
5172
5173
5174
5175
5176
5177
5178
5179
5180
5181
5182
5183
5184
5185
5186
5187
5188
5189
5190
5191
5192
5193
5194
5195
5196
5197
5198
5199
5200
5201
5202
5203
5204
5205
5206
5207
5208
5209
5210
5211
5212
5213
5214
5215
5216
5217
5218
5219
5220
5221
5222
5223
5224
5225
5226
5227
5228
5229
5230
5231
5232
5233
5234
5235
5236
5237
5238
5239
5240
5241
5242
5243
5244
5245
5246
5247
5248
5249
5250
5251
5252
5253
5254
5255
5256
5257
5258
5259
5260
5261
5262
5263
5264
5265
5266
5267
5268
5269
5270
5271
5272
5273
5274
5275
5276
5277
5278
5279
5280
5281
5282
5283
5284
5285
5286
5287
5288
5289
5290
5291
5292
5293
5294
5295
5296
5297
5298
5299
5300
5301
5302
5303
5304
5305
5306
5307
5308
5309
5310
5311
5312
5313
5314
5315
5316
5317
5318
5319
5320
5321
5322
5323
5324
5325
5326
5327
5328
5329
5330
5331
5332
5333
5334
5335
5336
5337
5338
5339
5340
5341
5342
5343
5344
5345
5346
5347
5348
5349
5350
5351
5352
5353
5354
5355
5356
5357
5358
5359
5360
5361
5362
5363
5364
5365
5366
5367
5368
5369
5370
5371
5372
5373
5374
5375
5376
5377
5378
5379
5380
5381
5382
5383
5384
5385
5386
5387
5388
5389
5390
5391
5392
5393
5394
5395
5396
5397
5398
5399
5400
5401
5402
5403
5404
5405
5406
5407
5408
5409
5410
5411
5412
5413
5414
5415
5416
5417
5418
5419
5420
5421
5422
5423
5424
5425
5426
5427
5428
5429
5430
5431
5432
5433
5434
5435
5436
5437
5438
5439
5440
5441
5442
5443
5444
5445
5446
5447
5448
5449
5450
5451
5452
5453
5454
5455
5456
5457
5458
5459
5460
5461
5462
5463
5464
5465
5466
5467
5468
5469
5470
5471
5472
5473
5474
5475
5476
5477
5478
5479
5480
5481
5482
5483
5484
5485
5486
5487
5488
5489
5490
5491
5492
5493
5494
5495
5496
5497
5498
5499
5500
5501
5502
5503
5504
5505
5506
5507
5508
5509
5510
5511
5512
5513
5514
5515
5516
5517
5518
5519
5520
5521
5522
5523
5524
5525
5526
5527
5528
5529
5530
5531
5532
5533
5534
5535
5536
5537
5538
5539
5540
5541
5542
5543
5544
5545
5546
5547
5548
5549
5550
5551
5552
5553
5554
5555
5556
5557
5558
5559
5560
5561
5562
5563
5564
5565
5566
5567
5568
5569
5570
5571
5572
5573
5574
5575
5576
5577
5578
5579
5580
5581
5582
5583
5584
5585
5586
5587
5588
5589
5590
5591
5592
5593
5594
5595
5596
5597
5598
5599
5600
5601
5602
5603
5604
5605
5606
5607
5608
5609
5610
5611
5612
5613
5614
5615
5616
5617
5618
5619
5620
5621
5622
5623
5624
5625
5626
5627
5628
5629
5630
5631
5632
5633
5634
5635
5636
5637
5638
5639
5640
5641
5642
5643
5644
5645
5646
5647
5648
5649
5650
5651
5652
5653
5654
5655
5656
5657
5658
5659
5660
5661
5662
5663
5664
5665
5666
5667
5668
5669
5670
5671
5672
5673
5674
5675
5676
5677
5678
5679
5680
5681
5682
5683
5684
5685
5686
5687
5688
5689
5690
5691
5692
5693
5694
5695
5696
5697
5698
5699
5700
5701
5702
5703
5704
5705
5706
5707
5708
5709
5710
5711
5712
5713
5714
5715
5716
5717
5718
5719
5720
5721
5722
5723
5724
5725
5726
5727
5728
5729
5730
5731
5732
5733
5734
5735
5736
5737
5738
5739
5740
5741
5742
5743
5744
5745
5746
5747
5748
5749
5750
5751
5752
5753
5754
5755
5756
5757
5758
5759
5760
5761
5762
5763
5764
5765
5766
5767
5768
5769
5770
5771
5772
5773
5774
5775
5776
5777
5778
5779
5780
5781
5782
5783
5784
5785
5786
5787
5788
5789
5790
5791
5792
5793
5794
5795
5796
5797
5798
5799
5800
5801
5802
5803
5804
5805
5806
5807
5808
5809
5810
5811
5812
5813
5814
5815
5816
5817
5818
5819
5820
5821
5822
5823
5824
5825
5826
5827
5828
5829
5830
5831
5832
5833
5834
5835
5836
5837
5838
5839
5840
5841
5842
5843
5844
5845
5846
5847
5848
5849
5850
5851
5852
5853
5854
5855
5856
5857
5858
5859
5860
5861
5862
5863
5864
5865
5866
5867
5868
5869
5870
5871
5872
5873
5874
5875
5876
5877
5878
5879
5880
5881
5882
5883
5884
5885
5886
5887
5888
5889
5890
5891
5892
5893
5894
5895
5896
5897
5898
5899
5900
5901
5902
5903
5904
5905
5906
5907
5908
5909
5910
5911
5912
5913
5914
5915
5916
5917
5918
5919
5920
5921
5922
5923
5924
5925
5926
5927
5928
5929
5930
5931
5932
5933
5934
5935
5936
5937
5938
5939
5940
5941
5942
5943
5944
5945
5946
5947
5948
5949
5950
5951
5952
5953
5954
5955
5956
5957
5958
5959
5960
5961
5962
5963
5964
5965
5966
5967
5968
5969
5970
5971
5972
5973
5974
5975
5976
5977
5978
5979
5980
5981
5982
5983
5984
5985
5986
5987
5988
5989
5990
5991
5992
5993
5994
5995
5996
5997
5998
5999
6000
6001
6002
6003
6004
6005
6006
6007
6008
6009
6010
6011
6012
6013
6014
6015
6016
6017
6018
6019
6020
6021
6022
6023
6024
6025
6026
6027
6028
6029
6030
6031
6032
6033
6034
6035
6036
6037
6038
6039
6040
6041
6042
6043
6044
6045
6046
6047
6048
6049
6050
6051
6052
6053
6054
6055
6056
6057
6058
6059
6060
6061
6062
6063
6064
6065
6066
6067
6068
6069
6070
6071
6072
6073
6074
6075
6076
6077
6078
6079
6080
6081
6082
6083
6084
6085
6086
6087
6088
6089
6090
6091
6092
6093
6094
6095
6096
6097
6098
6099
6100
6101
6102
6103
6104
6105
6106
6107
6108
6109
6110
6111
6112
6113
6114
6115
6116
6117
6118
6119
6120
6121
6122
6123
6124
6125
6126
6127
6128
6129
6130
6131
6132
6133
6134
6135
6136
6137
6138
6139
6140
6141
6142
6143
6144
6145
6146
6147
6148
6149
6150
6151
6152
6153
6154
6155
6156
6157
6158
6159
6160
6161
6162
6163
6164
6165
6166
6167
6168
6169
6170
6171
6172
6173
6174
6175
6176
6177
6178
6179
6180
6181
6182
6183
6184
6185
6186
6187
6188
6189
6190
6191
6192
6193
6194
6195
6196
6197
6198
6199
6200
6201
6202
6203
6204
6205
6206
6207
6208
6209
6210
6211
6212
6213
6214
6215
6216
6217
6218
6219
6220
6221
6222
6223
6224
6225
6226
6227
6228
6229
6230
6231
6232
6233
6234
6235
6236
6237
6238
6239
6240
6241
6242
6243
6244
6245
6246
6247
6248
6249
6250
6251
6252
6253
6254
6255
6256
6257
6258
6259
6260
6261
6262
6263
6264
6265
6266
6267
6268
6269
6270
6271
6272
6273
6274
6275
6276
6277
6278
6279
6280
6281
6282
6283
6284
6285
6286
6287
6288
6289
6290
6291
6292
6293
6294
6295
6296
6297
6298
6299
6300
6301
6302
6303
6304
6305
6306
6307
6308
6309
6310
6311
6312
6313
6314
6315
6316
6317
6318
6319
6320
6321
6322
6323
6324
6325
6326
6327
6328
6329
6330
6331
6332
6333
6334
6335
6336
6337
6338
6339
6340
6341
6342
6343
6344
6345
6346
6347
6348
6349
6350
6351
6352
6353
6354
6355
6356
6357
6358
6359
6360
6361
6362
6363
6364
6365
6366
6367
6368
6369
6370
6371
6372
6373
6374
6375
6376
6377
6378
6379
6380
6381
6382
6383
6384
6385
6386
6387
6388
6389
6390
6391
6392
6393
6394
6395
6396
6397
6398
6399
6400
6401
6402
6403
6404
6405
6406
6407
6408
6409
6410
6411
6412
6413
6414
6415
6416
6417
6418
6419
6420
6421
6422
6423
6424
6425
6426
6427
6428
6429
6430
6431
6432
6433
6434
6435
6436
6437
6438
6439
6440
6441
6442
6443
6444
6445
6446
6447
6448
6449
6450
6451
6452
6453
6454
6455
6456
6457
6458
6459
6460
6461
6462
6463
6464
6465
6466
6467
6468
6469
6470
6471
6472
6473
6474
6475
6476
6477
6478
6479
6480
6481
6482
6483
6484
6485
6486
6487
6488
6489
6490
6491
6492
6493
6494
6495
6496
6497
6498
6499
6500
6501
6502
6503
6504
6505
6506
6507
6508
6509
6510
6511
6512
6513
6514
6515
6516
6517
6518
6519
6520
6521
6522
6523
6524
6525
6526
6527
6528
6529
6530
6531
6532
6533
6534
6535
6536
6537
6538
6539
6540
6541
6542
6543
6544
6545
6546
6547
6548
6549
6550
6551
6552
6553
6554
6555
6556
6557
6558
6559
6560
6561
6562
6563
6564
6565
6566
6567
6568
6569
6570
6571
6572
6573
6574
6575
6576
6577
6578
6579
6580
6581
6582
6583
6584
6585
6586
6587
6588
6589
6590
6591
6592
6593
6594
6595
6596
6597
6598
6599
6600
6601
6602
6603
6604
6605
6606
6607
6608
6609
6610
6611
6612
6613
6614
6615
6616
6617
6618
6619
6620
6621
6622
6623
6624
6625
6626
6627
6628
6629
6630
6631
6632
6633
6634
6635
6636
6637
6638
6639
6640
6641
6642
6643
6644
6645
6646
6647
6648
6649
6650
6651
6652
6653
6654
6655
6656
6657
6658
6659
6660
6661
6662
6663
6664
6665
6666
6667
6668
6669
6670
6671
6672
6673
6674
6675
6676
6677
6678
6679
6680
6681
6682
6683
6684
6685
6686
6687
6688
6689
6690
6691
6692
6693
6694
6695
6696
6697
6698
6699
6700
6701
6702
6703
6704
6705
6706
6707
6708
6709
6710
6711
6712
6713
6714
6715
6716
6717
6718
6719
6720
6721
6722
6723
6724
6725
6726
6727
6728
6729
6730
6731
6732
6733
6734
6735
6736
6737
6738
6739
6740
6741
6742
6743
6744
6745
6746
6747
6748
6749
6750
6751
6752
6753
6754
6755
6756
6757
6758
6759
6760
6761
6762
6763
6764
6765
6766
6767
6768
6769
6770
6771
6772
6773
6774
6775
6776
6777
6778
6779
6780
6781
6782
6783
6784
6785
6786
6787
6788
6789
6790
6791
6792
6793
6794
6795
6796
6797
6798
6799
6800
6801
6802
6803
6804
6805
6806
6807
6808
6809
6810
6811
6812
6813
6814
6815
6816
6817
6818
6819
6820
6821
6822
6823
6824
6825
6826
6827
6828
6829
6830
6831
6832
6833
6834
6835
6836
6837
6838
6839
6840
6841
6842
6843
6844
6845
6846
6847
6848
6849
6850
6851
6852
6853
6854
6855
6856
6857
6858
6859
6860
6861
6862
6863
6864
6865
6866
6867
6868
6869
6870
6871
6872
6873
6874
6875
6876
6877
6878
6879
6880
6881
6882
6883
6884
6885
6886
6887
6888
6889
6890
6891
6892
6893
6894
6895
6896
6897
6898
6899
6900
6901
6902
6903
6904
6905
6906
6907
6908
6909
6910
6911
6912
6913
6914
6915
6916
6917
6918
6919
6920
6921
6922
6923
6924
6925
6926
6927
6928
6929
6930
6931
6932
6933
6934
6935
6936
6937
6938
6939
6940
6941
6942
6943
6944
6945
6946
6947
6948
6949
6950
6951
6952
6953
6954
6955
6956
6957
6958
6959
6960
6961
6962
6963
6964
6965
6966
6967
6968
6969
6970
6971
6972
6973
6974
6975
6976
6977
6978
6979
6980
6981
6982
6983
6984
6985
6986
6987
6988
6989
6990
6991
6992
6993
6994
6995
6996
6997
6998
6999
7000
7001
7002
7003
7004
7005
7006
7007
7008
7009
7010
7011
7012
7013
7014
7015
7016
7017
7018
7019
7020
7021
7022
7023
7024
7025
7026
7027
7028
7029
7030
7031
7032
7033
7034
7035
7036
7037
7038
7039
7040
7041
7042
7043
7044
7045
7046
7047
7048
7049
7050
7051
7052
7053
7054
7055
7056
7057
7058
7059
7060
7061
7062
7063
7064
7065
7066
7067
7068
7069
7070
7071
7072
7073
7074
7075
7076
7077
7078
7079
7080
7081
7082
7083
7084
7085
7086
7087
7088
7089
7090
7091
7092
7093
7094
7095
7096
7097
7098
7099
7100
7101
7102
7103
7104
7105
7106
7107
7108
7109
7110
7111
7112
7113
7114
7115
7116
7117
7118
7119
7120
7121
7122
7123
7124
7125
7126
7127
7128
7129
7130
7131
7132
7133
7134
7135
7136
7137
7138
7139
7140
7141
7142
7143
7144
7145
7146
7147
7148
7149
7150
7151
7152
7153
7154
7155
7156
7157
7158
7159
7160
7161
7162
7163
7164
7165
7166
7167
7168
7169
7170
7171
7172
7173
7174
7175
7176
7177
7178
7179
7180
7181
7182
7183
7184
7185
7186
7187
7188
7189
7190
7191
7192
7193
7194
7195
7196
7197
7198
7199
7200
7201
7202
7203
7204
7205
7206
7207
7208
7209
7210
7211
7212
7213
7214
7215
7216
7217
7218
7219
7220
7221
7222
7223
7224
7225
7226
7227
7228
7229
7230
7231
7232
7233
7234
7235
7236
7237
7238
7239
7240
7241
7242
7243
7244
7245
7246
7247
7248
7249
7250
7251
7252
7253
7254
7255
7256
7257
7258
7259
7260
7261
7262
7263
7264
7265
7266
7267
7268
7269
7270
7271
7272
7273
7274
7275
7276
7277
7278
7279
7280
7281
7282
7283
7284
7285
7286
7287
7288
7289
7290
7291
7292
7293
7294
7295
7296
7297
7298
7299
7300
7301
7302
7303
7304
7305
7306
7307
7308
7309
7310
7311
7312
7313
7314
7315
7316
7317
7318
7319
7320
7321
7322
7323
7324
7325
7326
7327
7328
7329
7330
7331
7332
7333
7334
7335
7336
7337
7338
7339
7340
7341
7342
7343
7344
7345
7346
7347
7348
7349
7350
7351
7352
7353
7354
7355
7356
7357
7358
7359
7360
7361
7362
7363
7364
7365
7366
7367
7368
7369
7370
7371
7372
7373
7374
7375
7376
7377
7378
7379
7380
7381
7382
7383
7384
7385
7386
7387
7388
7389
7390
7391
7392
7393
7394
7395
7396
7397
7398
7399
7400
7401
7402
7403
7404
7405
7406
7407
7408
7409
7410
7411
7412
7413
7414
7415
7416
7417
7418
7419
7420
7421
7422
7423
7424
7425
7426
7427
7428
7429
7430
7431
7432
7433
7434
7435
7436
7437
7438
7439
7440
7441
7442
7443
7444
7445
7446
7447
7448
7449
7450
7451
7452
7453
7454
7455
7456
7457
7458
7459
7460
7461
7462
7463
7464
7465
7466
7467
7468
7469
7470
7471
7472
7473
7474
7475
7476
7477
7478
7479
7480
7481
7482
7483
7484
7485
7486
7487
7488
7489
7490
7491
7492
7493
7494
7495
7496
7497
7498
7499
7500
7501
7502
7503
7504
7505
7506
7507
7508
7509
7510
7511
7512
7513
7514
7515
7516
7517
7518
7519
7520
7521
7522
7523
7524
7525
7526
7527
7528
7529
7530
7531
7532
7533
7534
7535
7536
7537
7538
7539
7540
7541
7542
7543
7544
7545
7546
7547
7548
7549
7550
7551
7552
7553
7554
7555
7556
7557
7558
7559
7560
7561
7562
7563
7564
7565
7566
7567
7568
7569
7570
7571
7572
7573
7574
7575
7576
7577
7578
7579
7580
7581
7582
7583
7584
7585
7586
7587
7588
7589
7590
7591
7592
7593
7594
7595
7596
7597
7598
7599
7600
7601
7602
7603
7604
7605
7606
7607
7608
7609
7610
7611
7612
7613
7614
7615
7616
7617
7618
7619
7620
7621
7622
7623
7624
7625
7626
7627
7628
7629
7630
7631
7632
7633
7634
7635
7636
7637
7638
7639
7640
7641
7642
7643
7644
7645
7646
7647
7648
7649
7650
7651
7652
7653
7654
7655
7656
7657
7658
7659
7660
7661
7662
7663
7664
7665
7666
7667
7668
7669
7670
7671
7672
7673
7674
7675
7676
7677
7678
7679
7680
7681
7682
7683
7684
7685
7686
7687
7688
7689
7690
7691
7692
7693
7694
7695
7696
7697
7698
7699
7700
7701
7702
7703
7704
7705
7706
7707
7708
7709
7710
7711
7712
7713
7714
7715
7716
7717
7718
7719
7720
7721
7722
7723
7724
7725
7726
7727
7728
7729
7730
7731
7732
7733
7734
7735
7736
7737
7738
7739
7740
7741
7742
7743
7744
7745
7746
7747
7748
7749
7750
7751
7752
7753
7754
7755
7756
7757
7758
7759
7760
7761
7762
7763
7764
7765
7766
7767
7768
7769
7770
7771
7772
7773
7774
7775
7776
7777
7778
7779
7780
7781
7782
7783
7784
7785
7786
7787
7788
7789
7790
7791
7792
7793
7794
7795
7796
7797
7798
7799
7800
7801
7802
7803
7804
7805
7806
7807
7808
7809
7810
7811
7812
7813
7814
7815
7816
7817
7818
7819
7820
7821
7822
7823
7824
7825
7826
7827
7828
7829
7830
7831
7832
7833
7834
7835
7836
7837
7838
7839
7840
7841
7842
7843
7844
7845
7846
7847
7848
7849
7850
7851
7852
7853
7854
7855
7856
7857
7858
7859
7860
7861
7862
7863
7864
7865
7866
7867
7868
7869
7870
7871
7872
7873
7874
7875
7876
7877
7878
7879
7880
7881
7882
7883
7884
7885
7886
7887
7888
7889
7890
7891
7892
7893
7894
7895
7896
7897
7898
7899
7900
7901
7902
7903
7904
7905
7906
7907
7908
7909
7910
7911
7912
7913
7914
7915
7916
7917
7918
7919
7920
7921
7922
7923
7924
7925
7926
7927
7928
7929
7930
7931
7932
7933
7934
7935
7936
7937
7938
7939
7940
7941
7942
7943
7944
7945
7946
7947
7948
7949
7950
7951
7952
7953
7954
7955
7956
7957
7958
7959
7960
7961
7962
7963
7964
7965
7966
7967
7968
7969
7970
7971
7972
7973
7974
7975
7976
7977
7978
7979
7980
7981
7982
7983
7984
7985
7986
7987
7988
7989
7990
7991
7992
7993
7994
7995
7996
7997
7998
7999
8000
8001
8002
8003
8004
8005
8006
8007
8008
8009
8010
8011
8012
8013
8014
8015
8016
8017
8018
8019
8020
8021
8022
8023
8024
8025
8026
8027
8028
8029
8030
8031
8032
8033
8034
8035
8036
8037
8038
8039
8040
8041
8042
8043
8044
8045
8046
8047
8048
8049
8050
8051
8052
8053
8054
8055
8056
8057
8058
8059
8060
8061
8062
8063
8064
8065
8066
8067
8068
8069
8070
8071
8072
8073
8074
8075
8076
8077
8078
8079
8080
8081
8082
8083
8084
8085
8086
8087
8088
8089
8090
8091
8092
8093
8094
8095
8096
8097
8098
8099
8100
8101
8102
8103
8104
8105
8106
8107
8108
8109
8110
8111
8112
8113
8114
8115
8116
8117
8118
8119
8120
8121
8122
8123
8124
8125
8126
8127
8128
8129
8130
8131
8132
8133
8134
8135
8136
8137
8138
8139
8140
8141
8142
8143
8144
8145
8146
8147
8148
8149
8150
8151
8152
8153
8154
8155
8156
8157
8158
8159
8160
8161
8162
8163
8164
8165
8166
8167
8168
8169
8170
8171
8172
8173
8174
8175
8176
8177
8178
8179
8180
8181
8182
8183
8184
8185
8186
8187
8188
8189
8190
8191
8192
8193
8194
8195
8196
8197
8198
8199
8200
8201
8202
8203
8204
8205
8206
8207
8208
8209
8210
8211
8212
8213
8214
8215
8216
8217
8218
8219
8220
8221
8222
8223
8224
8225
8226
8227
8228
8229
8230
8231
8232
8233
8234
8235
8236
8237
8238
8239
8240
8241
8242
8243
8244
8245
8246
8247
8248
8249
8250
8251
8252
8253
8254
8255
8256
8257
8258
8259
8260
8261
8262
8263
8264
8265
8266
8267
8268
8269
8270
8271
8272
8273
8274
8275
8276
8277
8278
8279
8280
8281
8282
8283
8284
8285
8286
8287
8288
8289
8290
8291
8292
8293
8294
8295
8296
8297
8298
8299
8300
8301
8302
8303
8304
8305
8306
8307
8308
8309
8310
8311
8312
8313
8314
8315
8316
8317
8318
8319
8320
8321
8322
8323
8324
8325
8326
8327
8328
8329
8330
8331
8332
8333
8334
8335
8336
8337
8338
8339
8340
8341
8342
8343
8344
8345
8346
8347
8348
8349
8350
8351
8352
8353
8354
8355
8356
8357
8358
8359
8360
8361
8362
8363
8364
8365
8366
8367
8368
8369
8370
8371
8372
8373
8374
8375
8376
8377
8378
8379
8380
8381
8382
8383
8384
8385
8386
8387
8388
8389
8390
8391
8392
8393
8394
8395
8396
8397
8398
8399
8400
8401
8402
8403
8404
8405
8406
8407
8408
8409
8410
8411
8412
8413
8414
8415
8416
8417
8418
8419
8420
8421
8422
8423
8424
8425
8426
8427
8428
8429
8430
8431
8432
8433
8434
8435
8436
8437
8438
8439
8440
8441
8442
8443
8444
8445
8446
8447
8448
8449
8450
8451
8452
8453
8454
8455
8456
8457
8458
8459
8460
8461
8462
8463
8464
8465
8466
8467
8468
8469
8470
8471
8472
8473
8474
8475
8476
8477
8478
8479
8480
8481
8482
8483
8484
8485
8486
8487
8488
8489
8490
8491
8492
8493
8494
8495
8496
8497
8498
8499
8500
8501
8502
8503
8504
8505
8506
8507
8508
8509
8510
8511
8512
8513
8514
8515
8516
8517
8518
8519
8520
8521
8522
8523
8524
8525
8526
8527
8528
8529
8530
8531
8532
8533
8534
8535
8536
8537
8538
8539
8540
8541
8542
8543
8544
8545
8546
8547
8548
8549
8550
8551
8552
8553
8554
8555
8556
8557
8558
8559
8560
8561
8562
8563
8564
8565
8566
8567
8568
8569
8570
8571
8572
8573
8574
8575
8576
8577
8578
8579
8580
8581
8582
8583
8584
8585
8586
8587
8588
8589
8590
8591
8592
8593
8594
8595
8596
8597
8598
8599
8600
8601
8602
8603
8604
8605
8606
8607
8608
8609
8610
8611
8612
8613
8614
8615
8616
8617
8618
8619
8620
8621
8622
8623
8624
8625
8626
8627
8628
8629
8630
8631
0.9617419461075748 0.01040651489173644 0
0.8484862096349685 0.02422419600919556 0
0.7311196619136581 0.03784441125273436 0
0.6168410092509875 0.04843339324363708 0
0.5111264898940451 0.0587665631793581 0
0.3851500372334241 0.06540544142486177 0
0.2780570038776593 0.06651146865198426 0
0.1874707576489088 0.06218325271494263 0
0.9064955011439549 0.01771363836087219 0
0.6707868418283893 0.04380019995205432 0
0.7937144099090119 0.03142967945443684 0
0.1395097490225011 0.05719647130139803 0
0.08594263332381899 0.04887439910297507 0
0.5720179116521277 0.05251894868590611 0
0.4462125547665219 0.063573115711761 0
0.9611945952170039 -0.009951661186467241 0
0.8500950318216086 -0.02464191474766252 0
0.7335743874857754 -0.03843143351457496 0
0.6153291716463098 -0.04890296716141818 0
0.5090893452861815 -0.05882827030621296 0
0.3869208975102111 -0.06456297911460937 0
0.2784025390755048 -0.06662509321169521 0
0.1911082449801141 -0.06276815458261137 0
0.9103225477384016 -0.01712655157883268 0
0.6751813533654134 -0.04343267488170158 0
0.7961796790244593 -0.03001810767128129 0
0.1377526456044084 -0.05678204149510564 0
0.0878813882528643 -0.04914794374992809 0
0.5705234024632669 -0.05330827521336914 0
0.4466266104460033 -0.06271131070238119 0
0.3232494950502043 0.06655354433114377 0
0.3301299078943705 -0.06650442211540034 0
0.8344593164169345 4.907714810569315 0
0.833701493104277 -4.903670800023654 0
0.2299229537554986 0.06514901156212025 0
0.2293321446986333 -0.06478259760627129 0
1.478936910187836 -5.817737529131013 0
1.452476750904043 5.809721441834606 0
-0.2745009380904931 -3.728597693069375 0
-0.2836809718796759 3.771036867483438 0
-1.238501156148693 -3.005029102935624 0
0.5476210783585206 0.05489183166888432 0
0.546053961471973 -0.05427310444168747 0
-1.416989386291869 3.023737312703393 0
-1.898870710060351 -2.038931602866169 0
-2.005162112533482 2.058349635347323 0
7.607837634460873 2.408527317932427 0
7.56272133661601 -2.160594179513718 0
-2.195350541819844 -1.183958275843186 0
7.579659600055665 0.463098023478843 0
-2.276509791489213 1.083953931467182 0
2.041636087063766 -6.633663795427171 0
1.968378643407052 6.523095724504811 0
2.637781981306004 -7.50396035550443 0
2.552147275284447 7.37673902926602 0
-2.328027624160999 -0.410703443240692 0
-2.35676462453184 0.325457806761009 0
0.3113122859259738 4.166511617440648 0
0.3216384606408852 -4.168405875967709 0
7.508835916790956 4.368490230491804 0
7.56594598578636 -4.1666675030003 0
3.276773460840199 -8.466109240279646 0
3.232076515232526 8.338027267774017 0
7.309074772096476 5.998722570886253 0
7.462713310870382 -6.079638638789067 0
3.960829057679524 -9.470790458023627 0
3.874973545436185 9.295716927547961 0
4.574401254724814 -10.26407311601057 0
4.464862515714342 10.14523249740391 0
-0.9857888047036806 3.421331421329224 0
0.5325148937880211 0.0555669317399612 0
0.5297297595838791 -0.05675248084559549 0
7.565495110610877 7.647746429753952 0
7.517549030821336 -7.668339825962735 0
-1.578980399097335 -2.660900042611621 0
-1.752598339732301 2.527210537446777 0
5.199844247887418 11.32505088664578 0
5.189965053047474 -11.19031685051231 0
-0.9083476189107493 -3.372534638884951 0
7.540788029646411 9.246076717679099 0
7.565979371875396 -9.212933841700711 0
5.831204098309271 12.10540329489192 0
5.839340326908712 -12.15153935896836 0
0.6204481095655114 -4.479738583376763 0
0.6072176425608243 4.477672253548479 0
7.540846184634646 10.93416669964541 0
7.580688629371168 -11.2395095161145 0
1.073809769627693 5.267603567374035 0
1.081950428680371 -5.262830227328274 0
7.543807795146554 -1.189367434465064 0
7.607309680137116 1.445222102120984 0
7.558484776233493 -3.166970107656722 0
7.589377146962918 3.365099759627734 0
1.752651560143392 -6.212224152739632 0
1.744546997862962 6.118528742002794 0
2.326920020817502 -7.065094568594456 0
2.233190824161801 6.931472685254697 0
2.975055773168814 -7.993635393819286 0
2.891527871543865 7.844022812126169 0
3.640087337982323 -8.971604952557767 0
3.51593785135795 8.803726751801907 0
6.364112960856927 12.75441656936654 0
6.243238386599101 -12.77303566136275 0
0.5827020801492494 0.05145317087596857 0
0.5811425298467753 -0.05208029101776597 0
0.5620068373613549 0.05316524759418099 0
0.5596887747741028 -0.05258979428116586 0
-2.349207826017071 -0.04295662650309165 0
-2.277288161259504 -0.7753731088158357 0
-2.341532075981266 0.695702346989494 0
-2.106312436282128 -1.527414655113093 0
-2.172094535545994 1.51971272580556 0
-1.232362557327862 3.242326510145348 0
-0.600865572639304 -3.575483818369721 0
-0.593399936243115 3.629650750761909 0
7.553717900001095 11.9604177646989 0
7.563757994245096 -12.2563149541545 0
6.736758626233286 13.56167427314737 0
6.731885999275091 -13.4199775797736 0
7.554857854239637 13.71963544942546 0
7.533303938813613 -13.80141889371273 0
7.582015700760244 -14.49888807525862 0
7.467650361899993 14.46314105610618 0
7.36938541121245 4.936516805503636 0
6.919123618376939 4.540031444030696 0
7.007071024555907 5.058695022739076 0
6.732846814274809 4.85360528460693 0
6.625028009271291 4.360719711954516 0
6.271318712502 4.541491492519945 0
6.29691708048365 4.998473211055249 0
5.886973615972338 4.724185238035882 0
5.852142410845987 4.308279516842696 0
5.483031737349568 4.42795510473014 0
5.504563584116581 4.070327627373776 0
5.168816903368339 4.248934531237893 0
5.058757885944318 3.803259203476494 0
4.814749494744692 4.104007604062539 0
4.73468969916493 3.573361408205054 0
4.515003784288012 3.811790710020658 0
4.25806590439311 3.610952671683672 0
4.424543988574107 3.32588951284291 0
4.087164903794887 3.496693348239526 0
4.094112216624346 3.312177450018756 0
3.844875230196836 3.3558915985183 0
3.816933652710754 3.110497984243087 0
3.57771051646057 3.157519742115066 0
3.560527016337392 2.930631540836034 0
3.361641818809312 2.946416980672151 0
3.380833302794175 2.798417055465809 0
3.512463971828285 2.741855237950804 0
3.410012076350951 2.581142862026375 0
3.26568254582843 2.71561818847823 0
3.269521443211996 2.421040617732536 0
3.457049933880903 2.295981560230806 0
3.125167918004754 2.254855225635565 0
2.943564696615937 2.358683252968738 0
2.987237708882263 2.097904207087054 0
3.15565968153952 1.98848729991778 0
3.008519014032698 1.816617000599916 0
2.855581533987359 1.95775416531434 0
2.847678245552437 1.761983030420054 0
2.741557997749257 1.829881867103619 0
2.996384315908449 1.619795021545263 0
2.640655418339857 1.671658176321062 0
2.503729317415196 1.793558153976753 0
2.508759594171177 1.612627215773527 0
2.419765585106637 1.679089268146757 0
2.349675061100636 1.569595042597722 0
2.230939767785419 1.644709321563683 0
2.292306021860468 1.462896452672993 0
2.177529667248096 1.527055789039589 0
2.131313794839555 1.415082269854929 0
2.015901328382523 1.475320095185216 0
2.244255238234042 1.35307488660722 0
2.054095805865562 1.58942387209275 0
1.899573234275094 1.520529608741423 0
2.080355897463239 1.311833562241908 0
2.186825148771583 1.241452053911268 0
2.109079421304641 1.146445904409036 0
2.182875292901497 1.052174828471252 0
2.086697429636854 0.9922837945497152 0
2.225594241197946 0.9390158617597056 0
2.119266789021495 0.8978096291342816 0
2.250399498957186 0.8242593064861674 0
2.14023157288017 0.785238669429065 0
2.29106967094498 0.7248785125033891 0
2.022869348841771 0.8806712658642694 0
1.924762033063443 1.640280152449946 0
1.78166866333112 1.54192801974507 0
2.01096133903624 0.7587495964584667 0
1.910511906153813 0.8055951570240785 0
1.94275008599977 0.7002544973938114 0
1.882875350354022 0.7257409706940069 0
1.860962421172132 0.6479289588496665 0
1.780310643462565 0.6766738180258816 0
1.787349640516143 1.671723858916172 0
1.625677630288987 1.675330891822352 0
1.756291449571982 0.6006192022470204 0
1.699976050321704 0.6296724926210001 0
1.83928467750516 0.5653184825065833 0
1.812097119488974 0.4811576713750469 0
1.78785735137469 0.402192906642797 0
1.849294469347877 0.3760806183199766 0
1.647820726917637 1.843146557991445 0
1.488559624532837 1.742314687883849 0
1.773646619653183 0.3240416806325712 0
1.852641504485425 0.3087622061828368 0
1.760964283048459 0.2434400260312852 0
1.843668255426931 0.2154494035145022 0
1.735107892830405 0.16611966860295 0
1.816661863575947 0.1236665236915535 0
1.779800523584033 0.04167682233878948 0
1.844122444966197 0.001207789245142454 0
1.737415743122126 -0.03299156411721599 0
1.848479320723625 -0.09726927535491742 0
1.727185320370997 -0.1622587672816755 0
1.85064801147219 -0.220166115142902 0
1.751103185260926 -0.2515244429696805 0
1.863151015069755 -0.3247257622922219 0
1.765034390953809 -0.3541702346225085 0
1.89033017851142 -0.4174228986669332 0
1.956894090993404 -0.3848931763823235 0
1.92845225507747 -0.5046290461978464 0
2.034134747179218 -0.4483745970573379 0
2.057294785604433 -0.5871963132468877 0
1.788160445020737 -0.4803899616405142 0
2.172914000969156 -0.4560642179955734 0
2.195603447792635 -0.6102920939726464 0
2.294512618457351 -0.5593733803720045 0
2.321581399965807 -0.7257700088454363 0
2.382607116885611 -0.6131910318510965 0
2.458287924274858 -0.821394898137087 0
2.216654400938179 -0.8547640248880923 0
2.382802031352658 -0.9496508765766204 0
2.310663738603992 -1.076583995812964 0
2.43765775566293 -1.158903843569741 0
2.247539263890243 -1.20233183792695 0
2.369627649575722 -1.271187366673196 0
2.309601365793137 -1.384559591901867 0
2.400496330497806 -1.433579558980696 0
2.514917188474368 -0.6883200779331491 0
2.238842413312582 -1.520347015224487 0
2.407362154392543 -1.544620062544043 0
2.555510920807349 -1.52724608951861 0
2.605839369882445 -1.672673405907153 0
2.254930573923314 -1.668550974375757 0
2.71069046160222 -1.624690504108445 0
2.705021570552676 -1.808001197401284 0
1.517963983021613 1.873532284182211 0
1.377244943922221 1.786968452148906 0
2.079763537332951 -1.562408033602318 0
2.120965365440167 -1.749888656042801 0
1.941083623132368 -1.733301643338274 0
1.398784002555609 1.91294874434963 0
1.276549554213686 1.813689355020577 0
2.813295480464418 -1.686769651395405 0
2.850551249174225 -1.942114340805518 0
1.937858195500215 -1.843561137966679 0
1.799469257657249 -1.748717801680765 0
1.281917177961196 1.941213781212942 0
1.163627313011629 1.948878475317577 0
1.172512102983012 1.813745645975488 0
1.056874294622722 1.806198833938125 0
0.9380863351081011 1.8116177350422 0
0.915104170110257 1.694495268594394 0
0.8101860466427123 1.729894182844214 0
0.8665890650307498 1.593825064674979 0
0.7696831234095591 1.645640716239473 0
0.8149237992661457 1.510502709720407 0
0.7208287152287091 1.562128518294754 0
0.0369629939825016 0.03407683527629894 0
0.05737403033186908 0.04138261477988579 0
0.6777684498302492 1.472143786396576 0
0.5714477462217097 1.527610586926154 0
0.5220996057194213 1.430742815135124 0
0.4641808511668464 1.321724132278062 0
0.5801713872070867 1.276734124913208 0
0.3650373467598647 1.405117136698224 0
0.3856285680636067 1.282480175111513 0
0.3242283137492586 1.321804369420678 0
0.2968810814156385 1.236690897302706 0
0.2131907099750411 1.283637519529813 0
0.1903057136330286 1.19869453698681 0
0.1063518772877849 1.240465762258327 0
0.08568809304866712 1.159018626333435 0
0.0009193917890055832 1.189842265599762 0
0.06435592570890272 1.083835937818115 0
0.1244599976006409 1.328806711072773 0
-0.01763443852502024 1.108170169533523 0
-0.04431565531277622 1.019133707196958 0
0.1636386548563109 1.121217343754216 0
0.4653359735298173 1.589913734439238 0
0.8294360978881231 1.82492605440768 0
-0.1106150079874854 1.064524719516295 0
-0.1309073150504431 0.9726561563427926 0
-0.1727761801433977 1.038007893922301 0
-0.2070948213863376 0.932453529268481 0
-0.2085562604983473 1.125564983904561 0
-0.255897833850118 0.9948169315611988 0
-0.2809067254645395 0.8859914262775374 0
-0.01398720907489634 0.9294144980547889 0
-0.3396211364361399 0.9432622555216774 0
-0.3539094725032704 0.8294922392245477 0
1.83651306791879 -1.891096591529085 0
1.656446744774578 -1.769985757713326 0
-0.4241311439781136 0.8851545144668626 0
-0.4365057468982828 0.747538557801472 0
2.980641518657042 -1.786929186837459 0
2.985761101446821 -2.095671752388039 0
1.664621073182773 -1.953646838450622 0
1.524922452156138 -1.895436331702146 0
-0.5118413941924824 0.8228576101233082 0
-0.552894142749023 0.7001940593415346 0
-0.4923253555529746 0.9526450612475577 0
1.422843068001202 2.048330106539816 0
-0.2834234445066328 0.7837865689376344 0
1.28960030523025 2.093438567777102 0
1.472501013180139 2.175995111195987 0
1.684816425102116 0.2655074974075448 0
1.55276614222443 -2.100474855295372 0
1.401803207769914 -1.967016145114385 0
1.651311420099664 -2.178498999232127 0
-0.599799994952891 0.7657985231561494 0
-0.5231692326080841 0.6287340002241699 0
-0.6015237386408662 0.5916320912832462 0
-0.5052201354319392 0.5592489818391714 0
-0.5769323849158068 0.5285172747909271 0
-0.6536957161437222 0.560019017615059 0
-0.6474600467477116 0.506709198021235 0
3.259931425916615 -1.954238330889134 0
3.255432354120327 -2.275914823250385 0
-0.4857405594669363 0.4938756924395013 0
-0.718932295542385 0.4940567518139296 0
-0.7082345953834071 0.4387265894803812 0
1.32493711599925 2.29242612909899 0
1.473855756634901 2.384452202195916 0
1.301668381503851 -2.183285351996016 0
1.197031215559725 -2.068513583045806 0
1.218475015140192 -1.903274558121573 0
1.019412471348156 -1.991896211029805 0
1.020014941003228 -1.787368137438059 0
0.9191201707831477 -1.88150935639709 0
0.8860553749549698 -1.699155237534931 0
0.8016091995569679 -1.788644269571337 0
0.6919952017749251 -1.709361930632836 0
0.7676537645946646 -1.619875444723846 0
0.6141979073696591 -1.653375022127937 0
0.6377455018879696 -1.544333033671729 0
0.03898254355243445 -0.03529722657339922 0
0.06023887741710811 -0.04210869740532851 0
0.505618687013097 -1.554739609281258 0
0.5039626575507036 -1.470799564703752 0
0.5694708958402613 -1.429029174628629 0
0.508682640498391 -1.349032798165958 0
0.5749616361603989 -1.289816034477541 0
0.416700703978345 -1.418232902874087 0
0.5248584230393489 -1.244731899253313 0
0.6274053021210704 -1.21966318719789 0
0.5372629677047619 -1.166067623099827 0
0.6011078863646613 -1.088556741293719 0
0.5512875693845871 -1.053707136503214 0
0.6459905709054614 -0.9965586995513516 0
0.5541411492248957 -0.993366316726039 0
0.6265689987214577 -0.895031527469849 0
0.4829149013420623 -1.006544125994399 0
0.4725744075365444 -0.9309153938693181 0
0.3995259487608208 -0.954039265626066 0
0.3796660461268437 -0.8883217685866404 0
0.3175435088431616 -0.9149598829292559 0
0.3489373398643428 -0.8312214791775817 0
0.2890944011781284 -0.8632202301198522 0
0.31729100610071 -0.7767395133250417 0
0.2554442823142341 -0.8073990561759465 0
0.3749573946810649 -0.7471245687861091 0
0.2211878298685304 -0.7399308798981368 0
0.01856423399626775 -0.02543876804776128 0
0.1736499330690477 -0.7793517190711912 0
0.1602450135178146 -0.7050871977698594 0
0.127209453635621 -0.7560661957134325 0
0.1094857677006715 -0.6673852404202301 0
0.06915443709497754 -0.7191285675998484 0
0.02424544892660573 -0.7768372594856522 0
-0.03564868982585821 -0.7259928305075176 0
-0.03481903482027567 -0.8562298722953164 0
-0.1029897430657548 -0.7737770397623511 0
-0.1350787127694332 -0.898218353203283 0
-0.1861868222971286 -0.8181277749022249 0
-0.2128400377291008 -0.9254470776502982 0
-0.2723251254622155 -0.8665989676764311 0
-0.2805737311702742 -0.9682442742144729 0
-0.2464615954844238 -0.7315012819554927 0
-0.3340830544309419 -0.8000164856287835 0
-0.3258575882508802 -0.6997607449856031 0
-0.3886049548332294 -0.7344386889394977 0
0.494282175845549 -1.707619897797835 0
0.729148541878702 -1.067459050796753 0
0.1945335254709917 -0.6595520535063699 0
0.1507003968865114 -0.6212530072718732 0
0.1918323694055868 -0.5840715546222367 0
0.1639472894067429 -0.5434133259851629 0
0.2021387776519658 -0.5226561638481423 0
0.1489070454915635 -0.5019864217642899 0
0.1873403044733808 -0.4887936612092669 0
0.1372153099120406 -0.4670269052837272 0
3.551277600701408 -2.132687887563802 0
3.469970708908042 -2.342964424319234 0
3.237330556041283 -2.446669882204428 0
3.382009309736855 -2.609373261442854 0
3.532406591883271 -1.80209827027397 0
3.138459955399196 -2.695328657514676 0
3.406369048976506 -2.911177079322461 0
3.184500175390421 -2.936405854730421 0
3.404182138262363 -3.099007382122192 0
0.1734011747085626 -0.4529405098100003 0
0.1533742780765115 -0.4196191338844751 0
3.342804894073083 3.173380981020108 0
-0.8072707359957507 0.470988261149814 0
-0.751201034365707 0.3972765017531165 0
0.8881821022978236 -2.058898882837473 0
0.18754019984882 -0.3989854828029507 0
0.2210954511069123 -0.4353540063701137 0
2.359398264086066 0.7716959261706245 0
0.1628838102062384 -0.3716538705855101 0
0.1318145678036302 -0.3893203365210438 0
0.1458319445481747 -0.3460879908219217 0
0.1153448029294431 -0.3590963849414536 0
0.2153040488366786 -0.374164382717726 0
0.2473648817022413 -0.3941505760867778 0
3.249968694566708 -3.165583254131348 0
3.342773330653376 -3.372219535055289 0
0.8845735324771644 1.471471577121753 0
0.2614315854377869 -0.3607776853554011 0
0.2951516901831518 -0.3668938128596543 0
1.282112030479837 2.504895069030503 0
1.438588196686665 2.527389279681252 0
0.2968764183305038 -0.3335566967383805 0
0.3370343728979931 -0.365686193351658 0
3.685040685460462 -1.964812936995365 0
3.665070492363938 -1.719869431056351 0
0.1040301791960391 -0.3283008242682274 0
0.07119568591431727 -0.3378450534828104 0
0.3265607624422176 -0.3296097214377077 0
0.3697521917635885 -0.3433102839781489 0
0.356339489757428 -0.3122698656097052 0
0.06770409401157432 -0.3048604158746713 0
0.0384696618860095 -0.305946078880265 0
0.006151364751095815 -0.01594555720430975 0
0.04249947367151369 -0.2733766789419194 0
0.002886152491394377 -0.3015540376078147 0
0.01645719629859351 -0.265035405591339 0
-0.02319646175264894 -0.2766295619634946 0
-0.008124907455452827 -0.2518068633775714 0
-0.0453810047854871 -0.2587449947284803 0
-0.03036230581085266 -0.2364121245242399 0
-0.06168716826835523 -0.2463619030544172 0
-0.4325617569734321 -0.667767694808805 0
-0.5219394946173189 -0.7079675993147554 0
-0.05729758315129174 -0.2207097647687528 0
-0.0920233820783659 -0.2300689803292371 0
-0.09940324463125341 -0.2009709953020928 0
-0.1059754317105611 -0.1686873846429962 0
-0.1328028153316225 -0.1831954292830624 0
-0.1256044276080111 -0.1433717955939951 0
-0.1605227360593209 -0.167121693416892 0
-0.1696260750273067 -0.1212959732858962 0
-0.2084325088269187 -0.1232622858876882 0
-0.2056167487496835 -0.0801800409883786 0
-0.250180844607398 -0.1190146783562128 0
1.664311374255859 -0.3692406849283755 0
1.66212605500241 -0.4768000750104695 0
1.558169165137155 -0.4637044977430546 0
-0.8546132309133447 0.4070177146070622 0
-0.8208362646769616 0.3271038486485142 0
0.3897494758369601 -0.3027572116042422 0
0.3979892951058083 -0.3297051724099928 0
0.4044326370776755 -0.3616024421068071 0
0.4376873211219495 -0.3439006901161192 0
0.4272349137021996 -0.3170497899916256 0
0.4730750954302058 -0.3312714590631149 0
0.4683234256899005 -0.3571410331222998 0
0.5011155099615535 -0.3475401338415642 0
0.4844325104694528 -0.3688485486611248 0
0.5171080427812453 -0.3600217506593709 0
0.5218333428785172 -0.3284957311013756 0
0.5375746877013481 -0.3516377664860558 0
0.5458789158701005 -0.3793270741766212 0
0.5734971674461099 -0.3367371333081684 0
0.6137780937725307 -0.3474136718482913 0
0.6076702587777162 -0.3785486406424324 0
0.6454869304846619 -0.3568690144404838 0
0.6390999368990206 -0.3863739560807098 0
0.669484338920147 -0.3627885087542483 0
0.6789558929150207 -0.3934587373857344 0
0.7122169634587876 -0.3691375105871999 0
0.7133116852357888 -0.4191381131199534 0
0.7356443151605362 -0.3945801223636988 0
0.7353460984352745 -0.4337622570827033 0
0.7575095844885392 -0.4204996670890668 0
0.7762273933335324 -0.4588255388225051 0
0.7393321903261886 -0.3479832992399987 0
0.5975185714409263 -0.2986607393941209 0
0.8115210031482027 -0.426583731860647 0
0.8068169828799429 -0.476718677102382 0
0.01264594781405362 -0.02141045248741708 0
0.2684687974634595 -0.3298859843878447 0
0.07134123479721718 -0.04494466694863049 0
3.185472668644284 -3.438898638162704 0
3.44574724778057 -3.627013245116486 0
4.265580955082249 4.0293862403894 0
3.640506769988198 -2.950442773044827 0
4.351082037633958 2.992944330311579 0
3.805170996454418 -1.796886452527672 0
3.870961512835684 -1.583869449341452 0
1.537207003509918 -0.5656653308515258 0
0.09597201213986808 -0.2988766634359372 0
1.267327556020819 2.676668632257681 0
1.423653575845257 2.694980182545513 0
1.663209156448632 0.009182033525557803 0
-0.8999168726429729 0.5040133122737113 0
2.54466314252022 -0.5439171607328523 0
5.118123169445468 4.471566584590125 0
0.3597864640661344 -0.2818715830756809 0
0.03064264347183609 -0.03176974758025774 0
-0.2415827557729999 -0.06822941639210456 0
-0.2942323997797798 -0.1106966165189848 0
0.8322132514919081 -0.4590346648778004 0
0.8449037666631323 -0.4983229250691277 0
0.8429361995024289 -0.3981531352033532 0
-0.9282916357497876 0.3261489657676455 0
-0.9306171643724784 0.2263410177995235 0
0.04976384825679632 -0.03900748027956769 0
1.688781786033181 0.7023898582679224 0
1.617270408812798 0.6636145206015203 0
1.634469483959146 0.7498469552484091 0
1.587245597715484 0.7224700108651833 0
1.55416206203188 0.7787452153291907 0
1.50865572686024 0.7467652208460313 0
2.371012544292198 0.6411186438397424 0
2.440583417453531 0.7386967440618498 0
3.167020828731375 -3.617579421971779 0
3.386206762407352 -3.851537524142242 0
2.937902837008755 -3.569070212402936 0
0.8667812525539447 -0.431396594057391 0
0.868108302873478 -0.3673732742534045 0
0.0250998470502651 -0.2375182187088655 0
4.120918850612616 -1.679155024984383 0
4.252139122836256 -1.351225116582695 0
1.513804884081293 0.832652627856306 0
1.44877854632301 0.7750151701400854 0
1.441090261726807 0.692124572994511 0
1.367789472665786 0.7632316810076192 0
1.373162866836972 0.6922477259373591 0
1.303186268701311 0.6908061404299263 0
1.307125110386034 0.6171048032084108 0
1.242496911838145 0.6204408287260306 0
1.171939170404562 0.6228737779990839 0
1.186023567708545 0.5509379986238424 0
1.114053297155259 0.5842416512670311 0
1.134538511016325 0.5356524768921891 0
1.072254210121544 0.5544347218535493 0
1.092028913433012 0.5156457590034415 0
1.0437298065704 0.5338858837667899 0
1.142894283670574 0.4866303779236215 0
1.048606733637012 0.4934148247075054 0
0.9877047568815706 0.5038078293159473 0
0.9978967298587542 0.4639719022770749 0
0.9440019257372908 0.4745794396244893 0
0.9740355736065813 0.4433146240570673 0
0.9125580679801522 0.4477177725779758 0
1.005608202294289 0.4161356460835561 0
0.9096683540686428 0.5052416193070558 0
0.8808800075906691 0.4743084204521144 0
0.8873302325901961 0.4234111139389256 0
0.8570974719582724 0.4439873779734008 0
0.8462919982092441 0.4989528393619882 0
0.8215712464482741 0.4640968878834053 0
0.8137294226236196 0.5294060872188384 0
0.7729776089065892 0.4872018933428551 0
1.078749715612352 0.6268477427127037 0
0.7668435137832122 0.4355776174248259 0
0.7215861569581172 0.4745021335223463 0
0.7216441834297685 0.4294319401447032 0
0.6897626915827436 0.4398537576913582 0
0.6832658202095943 0.4658503171375008 0
0.6468210478902222 0.4493803466329009 0
0.6904411873232139 0.3982719893272232 0
0.6255710273854791 0.4806780833827792 0
0.5868977686318799 0.4558419960539949 0
0.5966470232814189 0.50902314118395 0
0.5636166699704415 0.4817587676432818 0
0.5392989967924087 0.4642581219394242 0
0.5402474768840217 0.4335664663509982 0
0.49526765977659 0.4441460788103708 0
0.5088421475130683 0.3983960789563407 0
0.476149274298327 0.4140188210850633 0
0.4603318744109418 0.4560142967525421 0
0.4428872180202937 0.4271092666635052 0
0.485509225353678 0.3716702173200876 0
0.434857540410968 0.4640599951082725 0
0.4143866703024469 0.4442698714140122 0
0.391426916834004 0.4690615021803915 0
0.3594198654390275 0.4427034110548959 0
0.3849749046481543 0.4083215866070159 0
0.3281894179271722 0.4174632206452755 0
0.3445024103201955 0.3887516540508272 0
0.300577842107433 0.3950292956030843 0
0.3151025212496986 0.3710121053263463 0
0.282726663487021 0.3785047444784016 0
0.2798874460675843 0.4170182709294342 0
0.2549514514117054 0.3828797607557907 0
0.371616120166269 0.4988200947542251 0
0.288224082491935 0.3577331520555607 0
0.3279153458924687 0.3456925908986603 0
0.2267580494444823 0.410603247807554 0
0.200137707582363 0.3846200110987842 0
0.2957810102778917 0.3259108638573249 0
0.3206520586937467 0.3047521508949306 0
0.3030741727872983 0.2839797559753693 0
0.3217158591901382 0.2712454181978023 0
0.1980321457981562 0.4315015472913337 0
0.1738566723508322 0.4037616167278335 0
0.01668577200689052 0.02449520925125956 0
0.02624268414401902 0.02925910716176259 0
0.3104213258874711 0.2593293525668139 0
0.2939169556513704 0.2626054383022346 0
0.3359889348522263 0.256364247223356 0
0.1662459275947616 0.4495897996774146 0
0.1430285102799963 0.4199796788489233 0
1.237064419039891 0.6868149911183657 0
0.2925729246153493 0.2411596325480575 0
0.270319261514258 0.2388175686526106 0
0.3282601119506751 -0.3981509143236824 0
0.2742685234143121 0.2179468062532609 0
0.2496043639968613 0.2312191460444332 0
0.907766643961283 -0.3895534398842813 0
0.9135145419887563 -0.3359814903745223 0
0.4009808254391916 0.5171388845649729 0
0.3502910487025628 0.5330216876634212 0
0.4058402827175029 0.5615851508345679 0
1.254181461082901 2.826705014593846 0
1.390552656308369 2.856128828433889 0
1.118823972536303 2.687283056268105 0
0.03684133498791421 -0.3413556456061904 0
-0.06401874462516616 -0.2793568198470975 0
0.6974896425966035 -0.4489124214802637 0
3.695572720189914 -3.788444753471797 0
3.545344404013703 -3.994124394028828 0
3.937397141442856 -3.940261498973823 0
3.785870471333531 -4.177506941778835 0
-1.024629941855359 0.3392965745550297 0
-1.032116458191966 0.2358789431501172 0
-0.2824289316921288 -0.05539633709274715 0
-0.3266920120070334 -0.04697383534887291 0
2.864380908156042 -3.781554301223201 0
2.71881588298216 -3.707668738867951 0
0.9609942873862776 -0.3710578596438791 0
0.9490505482173559 -0.3265497397276593 0
0.9136325551229635 -0.3080571132996671 0
0.9344115529701185 -0.2938637753395587 0
0.9853670610466736 -0.3044744291925784 0
0.9164888274666507 -0.2693921328136547 0
0.941152551766229 -0.2481501050915804 0
0.9223095865725124 -0.2273564089009685 0
0.9434305635395693 -0.2079162810076107 0
0.8783537278586443 -0.02111911918363746 0
0.8625560358374256 -0.02215832923498176 0
3.587681107693765 -4.459699932536405 0
3.942433886133042 -4.605715737318946 0
0.1332404788029224 0.4676432113391991 0
0.1084229738614182 0.4364558595150359 0
0.2557933423614272 0.2116253870024047 0
0.2318467766210123 0.2202501386005175 0
0.2782215325896168 0.1997544011297716 0
-0.4759268906633571 -0.7805726469352979 0
-0.618394021753661 -0.7532875876278415 0
-0.5661481436686867 -0.8302612033546337 0
-0.640498440025376 -0.891506433214335 0
-0.7327918961520632 -0.8163816637851693 0
-0.7596114082044265 -0.9191351093222512 0
-0.8509176720999915 -0.9625815908549682 0
-0.7423621678975149 -1.05873170327207 0
-0.5574830509789301 -0.6321690982010623 0
-0.9022928767234242 -1.089252207568775 0
-0.7928179770042689 -1.161243190422142 0
0.9727725668854439 -0.4212032006027637 0
1.079898373362477 -1.672544425320208 0
0.9046930582540944 -0.2081021809630597 0
0.5081591738576611 0.353611709920397 0
4.539729111696475 -1.593588161611037 0
0.9260945440713007 -0.1901637260198864 0
0.9921061653311078 -0.007344180863713666 0
0.9576085315143321 -0.1930496281725037 0
-0.2278643474124864 -0.01569098339749651 0
0.2390380454993346 0.2024463343007441 0
0.2165973897318808 0.2087842250382171 0
1.404828008529103 0.8458292338883849 0
0.2237143685373939 0.1922283068714776 0
0.1996951682981909 0.1988477269463044 0
0.197566764358881 0.214787864693903 0
0.1816637614052058 0.2035694328670792 0
-0.2641253578999008 0.006874705603592857 0
-0.216282626640959 0.03810564802399688 0
1.12120083573875 2.841833119320274 0
0.9680383838294851 2.710874678914133 0
4.200257008881283 -4.102609168753562 0
-0.8427377715850587 -1.269182734057783 0
2.697075547924614 -0.6026440357529311 0
2.704772470088131 -0.4275988852934072 0
2.731020678175737 -3.967675981917052 0
2.583075044859111 -3.806761153124895 0
-0.9863739017740996 -0.9415523949548898 0
0.9075184872540236 -0.1694869983244135 0
0.8870202155048909 -0.1906540279832316 0
0.9309065474065035 -0.1563048214183816 0
0.9334876964122236 -0.01362381071607405 0
0.9454682751007744 -0.01204642977638003 0
-1.013722077524402 -0.7920862482300116 0
3.582126494773829 -4.812517483662516 0
3.877987062674178 -4.906426634128243 0
0.191326012641057 0.1864376673038238 0
0.179157850388647 0.1883167579676771 0
0.164440950861088 0.207985883765384 0
0.1621446092032522 0.1917511598946479 0
0.1467034400930892 0.2119963910440247 0
0.1446337763805236 0.1958508930713385 0
0.1102320947298229 0.05337297247304401 0
0.1329826109447123 0.2148872802569255 0
0.1243610862217397 0.2000737704166322 0
0.1065803137686525 0.2222277654041722 0
0.09134643396143075 0.2015552807567669 0
0.08802354937988036 0.227613356669426 0
0.07641641395138635 0.2155234176088812 0
0.06278324389862613 0.2316835895245616 0
0.04365972530123292 0.2145858242552527 0
0.04898010889946593 0.2523848495947752 0
0.02658391559639264 0.2339867758315934 0
0.008252099273771803 0.2565839441577903 0
0.1593947274093718 0.1760178352906765 0
0.164743560618849 0.06247786156536421 0
-1.131917321709658 0.2539200339091804 0
-1.12337702525154 0.3577023647890279 0
-1.154731559840223 0.1607807495852246 0
0.7418511844135721 0.3952316471071934 0
0.714010017615306 0.3757472932950507 0
0.7356742554852274 0.3544346972217995 0
0.7113875977283818 0.3356523845276243 0
0.7346569750206 0.3184449655046243 0
0.7124287344365535 0.3003597275065016 0
0.7364047932370955 0.2856974200029254 0
0.7166187413110221 0.2691301911590385 0
0.7381884917134007 0.2551526074086978 0
0.7187479280133757 0.2398533346008286 0
0.7004672131611691 0.04072618805176555 0
0.7362547983270329 0.2292229940552869 0
0.7659998186542788 0.03435965191075659 0
0.7593310566908837 0.2373838268665338 0
0.7625292080680031 0.2156004081498014 0
0.778382883314031 0.231691158910287 0
0.7798933934177341 0.2176618142854914 0
0.7981958288151751 0.2214340000730981 0
0.8013056646204801 0.201084925605396 0
0.8209993765275333 0.2051405070406713 0
0.8223144438542946 0.1849314542806953 0
0.8759558429464444 0.02103956121867395 0
0.8411636539442833 0.2068145360532873 0
0.8402332451299153 0.1852718312659782 0
0.8604278320100758 0.205452562609994 0
0.8585749120328572 0.1845381516890869 0
0.8760413398667157 0.1876198922271842 0
0.8816738347664625 0.1653184558764488 0
0.8989165968360848 0.1796199671527964 0
0.8978045650045451 0.155376383673807 0
0.9087954126325256 0.1679771936181018 0
0.9083457227602552 0.1468244674483496 0
0.9199488462697578 0.1574886041602524 0
0.9911059150865917 0.005952154606024588 0
0.9340179732772024 0.01449689468378827 0
0.721128381049525 0.2165335081501453 0
0.7003982131870039 0.2201687528971188 0
0.9294582691121808 0.1456161752899958 0
0.7030319849664427 0.1995012216943487 0
0.6760271518976225 0.208080197968737 0
0.7788438862397586 0.1953788839173987 0
0.9363280694216511 0.1319874767302366 0
0.9516554068734121 0.139447632993912 0
0.6858416518468333 0.1936814694872683 0
0.6586244499822643 0.1964669532409528 0
0.9549714801838564 0.1232074521561169 0
0.9697087930845718 0.1257788878850374 0
0.9444827568078087 0.1557319236087359 0
0.8588702626385871 0.1579718497729552 0
0.8189401585659846 0.02849426311043714 0
0.6699650048764662 0.1840295266017985 0
0.6435777966759098 0.1847740570741517 0
0.6412547691388502 0.04663557479775189 0
0.6939955528391729 0.1815016321711153 0
0.9458230707576232 0.01219222473883407 0
0.7181576577386497 0.0389791863338157 0
0.7780033998178403 0.03263061935462833 0
0.8639779723690394 0.0236881891130284 0
0.6555750477153141 0.04520925998815671 0
0.9094879751486259 0.1866763872005163 0
0.6553737007438722 0.1733106001011619 0
0.9162358987702433 0.1365623871784137 0
0.6431216634005497 0.1615698766452137 0
0.6268558439682588 0.172366035328237 0
0.6227732613468974 0.1866336774095151 0
0.6069770754667967 0.1739775289088777 0
0.8848485785073307 -0.1610731163699278 0
0.8696759786777063 -0.1753968574685737 0
0.7647428368220945 -0.03456499791038119 0
0.7807296355973357 -0.03258769713295357 0
0.8710787055515733 -0.1495738172578278 0
0.8552374964771011 -0.1609113614039013 0
0.820555127968334 -0.02785336075066539 0
0.634933908439376 0.1487813013636028 0
0.6473159440874868 0.1425021253175943 0
2.870616690033775 -0.4579642150985261 0
2.863357633115414 -0.2626537651308665 0
0.3641279365713013 0.6241225908979507 0
-0.2793944069000676 0.0682685547681426 0
0.1056099703008472 0.1861972724278126 0
0.1053302303801895 0.4905121696493006 0
1.628990170285388 2.727788286270634 0
1.545728710629005 2.929502635885398 0
-0.8983834912055783 -1.375476197667037 0
-0.7767235677455887 -1.461750958440158 0
0.8437494066286545 -0.1468445565641273 0
0.8321022930911123 -0.1545638811674763 0
0.9701833270110177 2.87720836879461 0
0.8174109942338036 2.713970873134618 0
0.06521369387127367 0.4592278034015541 0
4.73645312510172 -1.372799269615291 0
4.54015276165879 -1.160235601682654 0
4.782583005084176 -1.774596268648709 0
3.070998630636432 -0.4775009757401553 0
3.030340878328995 -0.2576678250432726 0
0.6108540823528408 0.1898594536057029 0
0.5913587499808166 0.1754122966593916 0
-0.9265609489673965 0.1322605493983336 0
0.859230522330539 -0.1359370945926852 0
-0.06975287899679737 -0.1913092518722302 0
-1.108507704399453 -0.8537993710883175 0
-0.167008799766741 -0.2144271970737988 0
0.02485258519759699 0.1947583149245888 0
0.005425139259673196 0.2128196225490241 0
0.830011870937144 -0.1312632239510853 0
0.8194016362569962 -0.1484318365344152 0
0.7026162659494815 -0.04096941669124725 0
0.7185047115546485 -0.03971584754985606 0
0.81116770153965 -0.1627377964343162 0
0.7991830429622364 -0.1558373840274735 0
0.6299134390075826 0.136230594176656 0
0.6424172082316936 0.1311748486451665 0
-1.221012899903997 0.1936856302884836 0
-1.206408211502013 0.07673901317051975 0
0.8000826700448421 -0.1404952474263462 0
0.7803785692852733 -0.1456045744518774 0
0.7865561076139146 -0.1614072027101352 0
0.7640276396884517 -0.1483410161682603 0
0.7633471460452119 -0.1370087182806215 0
0.7485862918973026 -0.1457366811157934 0
0.7422102921625114 -0.1598441451901396 0
0.7275355748341538 -0.1518822057959793 0
0.7323079758535922 -0.1734552147901306 0
0.7187568423471609 -0.163096370529165 0
0.7177073526723874 -0.1465213853908443 0
0.6508016232214245 -0.0457764382982055 0
0.7087150497372796 -0.152270464141821 0
0.6350454887813921 -0.04763668476514015 0
0.7013906010585553 -0.1409544828288588 0
0.6919528025501466 -0.146542136283506 0
0.6941614568372521 -0.1609480597212233 0
0.6769821699959374 -0.1571101553973812 0
3.194892068625867 -0.389784126885953 0
3.190725134147853 -0.2533406286382691 0
2.582419253226536 -4.163028679521651 0
2.348216215513327 -4.001291171974773 0
3.540974736563697 -5.11707347975241 0
3.821931828497984 -5.228065158668008 0
4.245292565963303 -5.006069644574852 0
4.128038325734753 -5.37407373141809 0
4.44583697344816 -5.551648882946238 0
-0.9581113270353155 -1.481313665875815 0
-0.8458099160737176 -1.566449991164127 0
-0.7511460171552662 -1.666594094676616 0
-0.6312172622726018 -1.567116862325526 0
-0.5538009992748419 -1.718552647236434 0
-0.6729827377620361 -1.820669841210277 0
-0.5290089554809729 -1.921489684287584 0
1.304206561114182 0.5472957506941756 0
-0.1905897922695278 -1.021794347545164 0
0.6805632099366428 -0.1396337522729329 0
0.6649028413648924 -0.1386703637081401 0
0.6623124989443143 -0.1535220804801832 0
0.647944828204116 -0.148859536806721 0
0.007016591411965298 0.1728118125634001 0
2.377550696036985 1.876879638313247 0
0.2996434460772682 0.643838848365982 0
0.3645787652722202 0.6934654042268331 0
5.235911506568857 3.530777833134051 0
2.266026094154102 -3.700925664869798 0
2.024953196880438 -3.805149783114298 0
1.787444088446564 -1.59914943259488 0
1.708609098875146 3.021606577662799 0
1.454642333613349 3.085740599803429 0
1.622528932084442 3.231912753594453 0
1.442063551585357 3.344515392243686 0
1.666832669071493 3.475949647172083 0
1.56435411792433 0.8654353409748566 0
0.5918618235218058 0.1963402285652151 0
0.5717697213938472 0.1877976184037344 0
0.5767026114695903 0.1723705640140369 0
0.557218345517758 0.1812419162603413 0
0.5623644732764833 0.1666798455819324 0
0.5482941651360327 0.1611459770272735 0
0.4788143648270556 0.06144850258852932 0
0.5435354398006426 0.1761136595765566 0
0.5290032981933007 0.1700847526236369 0
0.5248330259026347 0.1872915327233649 0
0.5034967892930812 0.1798936744140454 0
0.5046387507654002 0.2012482571445008 0
0.4821549375565289 0.1875701203756267 0
0.487767613861574 0.2039872914116665 0
0.4707123507043803 0.2108760843936816 0
0.4749463253401622 0.1717820631871618 0
0.4151573488148918 0.06456149573312471 0
0.4579602928173333 0.1794456029637504 0
0.6434424090723616 -0.1644687523360106 0
0.6302410857749882 -0.159411354597408 0
0.6332701018916244 -0.1443969850261908 0
0.6158586280392516 -0.1413905375561515 0
0.6171007285546792 -0.1583200677575153 0
0.6043721598366151 -0.1478928821937774 0
0.6035643898178471 -0.158607478866265 0
0.5874109447649506 -0.1556894221280029 0
0.5876467130905341 -0.1748889692595743 0
0.5740141904574458 -0.1604325116683157 0
0.5713632759321329 -0.1731586433296937 0
0.5561452177901888 -0.1682192788292 0
0.05368496693111223 0.4978013084159011 0
0.01197032147876972 0.454029989075906 0
0.5530057956933803 0.1476248570124587 0
0.2752432081684855 -0.9305614068111515 0
0.5637772014791737 -0.1509300659659021 0
0.547453404141249 -0.1481348154786241 0
0.4772556375525843 -0.06141454023948055 0
0.5418226107948205 -0.1621145579100234 0
0.5285913543792941 -0.1565970495540569 0
0.5218468273556245 -0.1688711214918997 0
0.5136987624218765 -0.1631876612767069 0
2.68698369690485 -2.10116711987408 0
0.7756904261732456 2.909582999666261 0
0.6187900004867313 2.822339779835473 0
-1.01630153396723 -1.289416337090659 0
3.353248835279094 -0.2794366265350314 0
3.367332613467426 -0.07942613493815268 0
-0.01498574152406324 0.1894652757036205 0
4.965197312734638 -1.566066182958236 0
4.968838714759727 -1.894077333250222 0
0.6220722082235199 -0.1250873432221217 0
4.025547846974537 -5.697545029912645 0
4.330284391474497 -5.876984915538041 0
0.6257772030947581 0.1249735450021162 0
0.6374916304492746 0.1196948282971345 0
3.563848138880141 -0.1155423517978416 0
3.568440081930429 0.1228502009575974 0
3.780219535949076 0.09398536827392637 0
3.985676844499966 0.02903156908861702 0
4.046440306346093 0.2627680667190377 0
4.25636298415318 0.1674626402660774 0
4.104534637946525 0.4983015511294894 0
4.332359048894722 0.405343463968957 0
4.390862798584691 0.6885921557120038 0
4.663046999987698 0.604770292644457 0
0.8050705255272088 -0.5093853085442701 0
0.8500492537533442 -0.5489314422939915 0
-0.7084268061785879 -1.993979371523991 0
-0.5740601554776196 -2.051040007990868 0
4.970081652939779 0.5242178264270749 0
4.979316078530562 0.886101502351872 0
1.488785317394004 3.513050010000768 0
1.682243323851754 3.694217428895514 0
-0.4186118716444048 -1.993874808657214 0
-0.4506137011606065 -2.107016811976711 0
-0.01015682646258842 0.1444026354408527 0
0.004971179655982906 0.01472449956414223 0
0.009447318751975355 0.01899347332812246 0
0.4674882508123546 0.1577581889974816 0
0.4520044393069647 0.1650669797843132 0
0.6285616666271746 0.5425722408202548 0
0.6615913726806664 0.2223283155819187 0
1.811942348308044 1.83775517490435 0
0.5219468853331392 0.2049535821030279 0
-0.1723502857469963 -0.08444286978492727 0
0.08231302550888346 0.5204560379113276 0
0.791120125531706 0.2391464385507414 0
-0.691279605503362 0.3467634638890169 0
-0.4245271646883182 0.5210122161287714 0
1.830961087237597 3.08470321629679 0
-1.281923627997757 0.1556472887752689 0
-1.271087951328961 -0.01474194335061093 0
1.950916644350335 -3.595154879531017 0
1.777412790322388 -3.709494418333791 0
4.571961864632143 -5.257287713262071 0
0.5118909698140662 -0.1797553182044766 0
0.5039934646610045 -0.1676103777100407 0
0.55083858123802 -0.1379095912504531 0
0.6753429277155998 2.677776552311574 0
0.4920941612721464 2.755983564736476 0
0.5443440626036926 2.6252168178579 0
0.4049265256019119 2.706069969592447 0
0.4153231879420058 2.597885576572974 0
0.2827850341267757 2.611941131546935 0
0.2666539625230139 2.467205143293634 0
0.1272854733793012 2.515725402119935 0
0.0923658062883083 2.387839459200501 0
-0.03678277755292491 2.43727634005851 0
0.0517954238353236 2.2762572194769 0
-0.06991391439225525 2.322904669489438 0
-0.1075253859423067 2.210645588247983 0
-0.2056939436023654 2.25541945601477 0
-0.1526283419398916 2.093147265074068 0
-0.3039737471755009 2.180833462076687 0
-0.3318692473367362 2.022514154627521 0
-0.4665596737183231 2.048984726409282 0
-0.4710468851638963 1.926792830248277 0
-0.5967456524688175 2.072136994537817 0
-0.6250139705780049 1.919907372869303 0
-0.7757624789687283 1.986363363531497 0
-0.7293482567890359 1.800463935354085 0
-0.3619577089042702 2.332871453278336 0
-0.8459247619792598 1.873082244949727 0
-0.7952866222077347 1.684730449364286 0
-0.01086014970682272 2.562265902631339 0
-0.7297665249433917 2.112648598748308 0
2.26093098502328 -4.311068132054707 0
-0.9472922168776174 1.740669820466722 0
-0.9533716163139461 1.583220868987212 0
0.502341451723275 -0.1539503198802337 0
0.4872244683681403 -0.1552766898853717 0
0.4144647213745063 -0.0647552121457884 0
0.4860957402524562 -0.1747961539483317 0
0.4720303311721283 -0.1526708603752187 0
0.466462180806876 -0.1685798076386644 0
0.4510590310471964 -0.1607539022390904 0
2.319111574188846 1.143183015011561 0
-0.404400813454486 0.4725938883638722 0
0.1481231837042123 0.2293355913461962 0
0.3547089709508394 0.2701711123896585 0
0.3132243946539032 0.6975806679171936 0
0.3624971218140061 0.7345055149087629 0
1.543801876998327 1.593756206134852 0
3.5562835528639 0.3547297403179112 0
-0.6006990484486522 -2.195901517589651 0
-0.465041932512715 -2.247019513685323 0
-0.3339361806211301 -2.138264777347171 0
-0.3307729964952784 -2.280014768234976 0
-0.2035877738052595 -2.302671862700597 0
-0.2058989134774264 -2.411085702151223 0
-0.07955540160738757 -2.345369883751293 0
-0.1161634266158561 -2.469805844675987 0
0.4470062419613824 0.1513886198561673 0
0.4613816922029064 0.1451476282728697 0
0.4357534875201719 0.1714075662229676 0
0.4317756031427921 0.1568070210753158 0
0.3530620498879251 0.06671641771408324 0
0.05022036431196231 -2.400695165895717 0
0.01552454029869979 -2.538637015807945 0
0.4579922394217257 -0.1465584357631735 0
0.4381921090413472 -0.1513168475342907 0
0.4425594070792184 -0.1745822615309217 0
0.4291169686575407 -0.1632824615781862 0
0.3589403570971447 -0.06603658719155615 0
0.6319284477524294 0.1096480028291947 0
0.6415325488423854 0.1032269663523254 0
0.6505234805032738 0.111736905441054 0
0.621494164797478 0.1149247193140445 0
0.6540189624527336 0.1011799217279037 0
0.6633237756187162 0.1107671326156808 0
0.4190516141444055 -0.1761215821401665 0
0.4039091043125043 -0.1638872786891565 0
1.841033082150978 -3.428526722305473 0
1.680954847833812 -3.543111472678695 0
0.01773588470942313 0.1415543481144216 0
-0.002623466775674236 0.1203785880984956 0
-0.03642034698260913 0.1222116731750022 0
0.6515057999688103 3.013091452710865 0
0.05416822352805154 0.5554757625271077 0
4.693557306543346 0.945142814205344 0
4.991943988366569 1.206517650047171 0
1.494849905733038 3.714023389874724 0
1.88188098781364 3.664079156601065 0
1.878581534084722 3.894126027659956 0
0.6639792682845287 0.09706891948231003 0
0.6731596516831753 0.1034870761709371 0
0.6738477211433417 0.09263937693854554 0
0.6819183896357732 0.1010171480008469 0
5.170856513459039 -1.775978347329874 0
1.637197215399396 -3.762928846872081 0
1.535863304743994 -3.661564088629862 0
1.576116159793699 -3.378071458615828 0
1.367175406878158 -3.482867365749958 0
1.336146181395332 -3.258235045513672 0
1.136947485662785 -3.417402222539898 0
1.170984204886117 -3.239424286757778 0
0.9691647787791657 -3.364463039816582 0
1.00279299445681 -3.19800565670557 0
0.417142611359294 -0.1512127325625192 0
0.3975398925351028 -0.1503047198914862 0
0.3866794198570663 -0.1659459294102376 0
0.3857606682314783 -0.1509113416379773 0
0.3710910228842282 -0.1688134601934034 0
0.3679542959206503 -0.1513563878779313 0
0.3552885015915309 -0.1728205625083279 0
0.3520713172610561 -0.1587050702202385 0
0.3394264340746592 -0.1769988957844364 0
0.3374823040783527 -0.1623854512933032 0
0.3227541259481381 -0.1805218847309101 0
0.3219311921353077 -0.1645222292412196 0
0.3053357486783878 -0.1837520269954726 0
0.3029019682425062 -0.1649251285487103 0
0.2885713560407256 -0.1869467289631458 0
0.2858709423004906 -0.1725526551579065 0
0.276540265838969 -0.1895375594832961 0
0.2661373989605798 -0.1776435829997378 0
0.2580217627966395 -0.1977698745465534 0
0.2487488111165518 -0.1813634944924605 0
0.2436983063856145 -0.1931834858408313 0
0.2292199808670088 -0.1898981711277791 0
0.2550078869291131 -0.162381960134002 0
0.3089957453446809 -0.1488347805064179 0
0.2256637507732965 -0.2021779151574903 0
0.211626480943801 -0.1891619846080571 0
0.8436080711914513 -3.16986282413598 0
3.900452668200558 -5.993127562711062 0
4.194323418555413 -6.257289114112901 0
0.09597701989534535 0.5899459032358173 0
-0.01902663995245276 0.1078029409521004 0
5.269769362155315 0.8569115983583407 0
5.344659974917006 0.449600445682745 0
2.071271486530001 3.891768324768184 0
2.051047319379711 4.107651054180776 0
-0.4781353099643527 -2.406418947691478 0
2.482786643526283 0.5255015160193087 0
0.1862689788482696 -2.436225454801126 0
-1.164884497664144 -0.08095227589721339 0
-1.324035749112236 -0.1227045375928341 0
-1.06836720627688 1.694293766412899 0
-1.076012596051099 1.590336296705485 0
1.643257416456357 -0.5940414092401253 0
1.489645001031967 -0.661727886053196 0
0.4286947965648498 0.1430352295277562 0
0.4151429135942436 0.1462018002594499 0
0.4160002262528482 0.1612032605931718 0
0.4013517796776358 0.1462144816530064 0
-0.03026166708294706 -2.677824694341792 0
-0.3709359016150934 0.4934487955573417 0
-0.3704859704339303 0.4344117620555065 0
2.168805946987885 -0.3252018242780192 0
0.4188611964587728 0.707592696270271 0
0.3971408364383705 0.7594605889534491 0
0.4904129597937621 0.7332073991220467 0
0.4499318439994955 0.7971161629142143 0
0.5433358074596362 0.7916712686635399 0
0.6818484173607173 0.08751828213968466 0
0.6894439761094762 0.09374292212701311 0
0.688438205829408 0.04146864311581375 0
1.600446946862444 -0.7398634831666078 0
1.480379034813136 -0.8209811953320146 0
1.416692523681298 -0.7410013215769025 0
1.390920270147941 -0.8725705285796547 0
1.338911584665543 -0.8034216904097478 0
1.331239566065801 -0.9031928729310907 0
0.01549240252490164 0.1243550912007779 0
0.6270741767608314 0.1008906171043707 0
0.617323622329306 0.1056997640901613 0
0.3586710889988515 -0.1435055902143279 0
0.2275561759192574 -0.5523617848144617 0
0.5262810997638762 -0.1929662152996618 0
-0.03189982651463096 0.08472478033076664 0
-4.328417170832292e-06 0.007758279864281507 0
0.6905110228624967 0.1040591683293802 0
0.6960465052139481 0.1003645838291997 0
0.6962260471362468 0.08749460096486308 0
0.705567580115894 0.09516668487678455 0
0.7071652678575668 0.104352001076962 0
0.7175807096279805 0.09800790135158517 0
0.7147075204225775 0.1080807114754416 0
0.7277242388845079 0.1003605843540192 0
0.7290750445585213 0.09074782353930368 0
0.7370727569103551 0.1016891551792915 0
0.7380864422658983 0.09238204615808272 0
0.7471151404557254 0.09385113780832341 0
0.7460415950759322 0.1030451090841745 0
0.7559819546977636 0.09418769426497316 0
0.7552754428043056 0.08737256894490522 0
0.7651259333535816 0.09185642659503181 0
0.768701912340203 0.1040143986315973 0
0.7790864226107356 0.09601723599842675 0
0.7743549082816238 0.08743518535054087 0
0.787544468567014 0.08977600711804386 0
0.7841036275899909 0.104460874026428 0
0.7950328281804779 0.09814726200753868 0
0.7932928904342323 0.08480876972602686 0
0.7999515284410551 0.08697025980604424 0
0.803723890392722 0.07650750798931963 0
0.8106770793507394 0.08119754744743492 0
0.795995817963129 0.1080295070286615 0
0.7996058175725979 -0.5599695401896155 0
0.8536987801484286 -0.6097188454967941 0
1.968532946288682 -3.279016411819728 0
0.5067135244760238 0.8412506602655327 0
0.5788281018234851 0.823074544560496 0
1.871795039450465 4.115577528397833 0
2.044483772643463 4.262218900896935 0
2.227047699727549 4.128729507643164 0
2.169815598102282 4.329720549948065 0
2.376709184916089 4.462157739065049 0
2.639618490164729 4.463498130188663 0
2.644691343842493 4.655443740761535 0
-0.4678900494923076 1.842533422576821 0
2.607017539919183 0.6914321866370964 0
0.6041880159065566 -0.1743999754704761 0
-1.395051123212553 0.08320629914017569 0
-1.434375928257478 0.2469002477815164 0
-0.3335720585676046 -0.6273764842536704 0
0.3877416328312443 0.1442686949012372 0
0.3821246896102767 0.1580724112461938 0
0.3758736761654833 0.1409115386772669 0
0.6136927061311603 0.0970119459928443 0
0.6034626663816014 0.1010878392651957 0
0.5976941964319472 0.04997351370590437 0
0.6231367604966633 0.09278650333030893 0
0.108766286454555 -0.5071168957353571 0
0.09994998046264714 -2.751329562760378 0
-0.8307253851480718 1.559920581529458 0
-1.20236770538293 1.596792725410096 0
-1.206585081510462 1.449592470259678 0
0.3698811555369816 0.1534650757834717 0
0.3577575038721927 0.149870485440552 0
1.343839500324937 -0.6800411166453801 0
4.722302163348229 1.272951137704353 0
5.045054437878602 1.481113484327584 0
0.2104246043940687 -0.2095909590768061 0
0.1909910983220727 -0.1890616708028023 0
0.1916549791128372 -0.1716416929967661 0
0.1871891484826881 -0.1541062050151069 0
0.1734466642192825 -0.1602042265564133 0
0.1095169343912406 -0.05308582419877809 0
0.1609141927398867 -0.05990664194327771 0
0.1739177224602539 -0.1424757717409927 0
0.1595882183823991 -0.1527960918197196 0
0.1567220301724198 -0.169541656482041 0
0.1913254578539417 -0.1428358721474137 0
0.1407381155656316 -0.1687294861906632 0
0.1393528402156932 -0.1538481870150196 0
0.1379059378914568 -0.1394766792396926 0
0.1215246493452433 -0.1378288023656229 0
0.1280539153257642 -0.1288746685938181 0
0.1149264616412634 -0.125985914569663 0
0.1083680317988287 -0.1403674742257673 0
0.101599834943476 -0.1302940188404083 0
0.1027808161356331 -0.1195651387398748 0
0.08895580711946556 -0.1246360304964307 0
0.08513491941229279 -0.1323596474553487 0
0.07771025075417097 -0.1208064324955824 0
0.07545207279418061 -0.132105783110978 0
0.06629630772874757 -0.1164989019737393 0
0.07115268496829023 -0.1067325230123037 0
0.05672068465816638 -0.1102452553651805 0
0.1850848956975616 -0.1351274663959827 0
0.1962141545888824 -0.1302422520959427 0
0.04870841667479272 -0.1175713694527102 0
0.04422260356805553 -0.1108104897423791 0
0.04838654771423438 -0.1043358122429175 0
0.03877124397699133 -0.1004476884747506 0
0.04403648929978272 -0.0905890732996698 0
0.03475640969619341 -0.08600726826365826 0
0.02596738583610691 -0.09619771922401829 0
0.0193689870274988 -0.08579650373342884 0
0.01508042027559332 -0.09820887525162925 0
0.01071764553942224 -0.09108844034322607 0
0.01527691318887827 -0.07910643616780258 0
0.005382752668735323 -0.08007878626391816 0
-0.002236405579030541 -0.08718694581054018 0
-0.005492504394769268 -0.07344114717230116 0
-0.01332769384831752 -0.08369847784530274 0
-0.02003362392563316 -0.07431901206018063 0
0.000575114795481434 -0.008349718245967499 0
-0.01518252764473346 -0.0656849397651033 0
-0.02770249547136499 -0.06300189989356608 0
-0.001062590442324813 -0.001585423123791302 0
-0.0009102369815889798 -0.003561073931698362 0
0.4045657360421949 -0.1347857788306927 0
-1.049734011677532 1.860574024753035 0
0.009404240173654562 -0.06633467778170993 0
2.475593271913011 4.778012708120155 0
2.701431058386388 4.945014284330312 0
2.814047226361452 4.739718413548713 0
2.915350153105765 5.094863456789269 0
3.051465691516831 4.871573178883982 0
3.134706664274921 5.258915221384973 0
3.294878847807318 5.051438567439245 0
3.297956134566139 5.397855734566609 0
0.2406154818627089 0.2516625613606528 0
0.0211818985283751 -0.07135189305436374 0
1.631891907843254 -0.8871819471884022 0
-0.02981724647353923 -0.07356152601598995 0
-0.03983474327030916 -0.05872171707968257 0
-0.0325179754429008 -0.04854865093392315 0
-0.04153969718684461 -0.04165794450123219 0
3.954096766733539 -6.377891896744391 0
4.217692163635958 -6.655267646823063 0
4.574799160548789 -6.378347301874182 0
4.528556859983488 -6.743849522985608 0
4.903845550483211 -6.476077159626207 0
4.859750204888815 -6.851070783117515 0
3.759383453416347 -6.254285713468581 0
0.3807096919295576 0.1317361842827191 0
5.202616331318902 -6.945982938307565 0
0.01392573318147993 0.5985187666728365 0
0.06716051749101125 0.6334300958401088 0
1.419004320521721 -3.803674177908773 0
0.8131544535302189 0.070593140242976 0
0.8193755071682601 0.07667740116846622 0
0.8187594946325043 0.08922484021518146 0
0.8283175673760457 0.08176372930241235 0
0.8275523690058836 0.07069232841514865 0
0.8372800814601956 0.07802510117090584 0
0.8349500967817888 0.02655444348729922 0
0.8387663055155266 0.08963706297836486 0
0.8492546415416612 0.09053090568356099 0
0.8507050730790178 0.08091051032069711 0
0.8531391950997117 0.07117525441592577 0
0.8646565254617766 0.07256417904686105 0
0.3543398867820394 0.1604817423486863 0
0.3452198852735911 0.1470806893460927 0
0.6876998267883062 0.3162723348535359 0
-0.03490734270903192 -0.03568530707085743 0
-0.04851757038907015 -0.03202352935382956 0
0.7303585982818526 0.08389399808907594 0
0.7911130703087975 0.07657844415035352 0
0.1916270540701498 -0.1199159108663374 0
0.2086650651106147 -0.06322471954771069 0
0.2032481773893621 -0.1168768527725596 0
1.318481769193698 -3.141593287842605 0
2.99056464049477 5.461603297473125 0
3.23173046265398 5.644313880537164 0
3.552888125338953 5.669825440241437 0
3.546154152738603 5.976411722546898 0
3.844254394601891 5.704912470922737 0
3.828573539939996 6.006663419263096 0
4.129137897192716 5.734539262434535 0
4.115106380790579 6.034066553944387 0
4.413169727243944 6.054422156926061 0
4.391703974572353 6.378683871701849 0
4.708826422839733 6.43070323817975 0
4.664772675590549 6.773402517364319 0
5.054385752381473 6.521562692833834 0
4.98991798594305 6.891212757681638 0
4.590201111290114 7.083445220075124 0
4.892332628808094 7.220291502534423 0
-0.05553427930273934 0.09879993572633808 0
-0.07929335533019077 0.1142732777451472 0
-0.04833209518973987 0.06482604981277859 0
0.2886406851984836 -0.2035834272871254 0
0.8570658716991356 0.09204032400217166 0
0.5760291123995541 0.8798587441829551 0
0.6427871000240412 0.85623758568402 0
-0.3387012189636047 0.4742746819647587 0
-0.3282295848656755 0.3983342212101399 0
-0.3676746819796733 0.3590327498931819 0
0.6582698395621454 0.09105294259487842 0
0.08226266063991436 0.2429104734551122 0
-0.2772000245696936 -1.036629193786842 0
-0.1818840940869523 -1.121339182229675 0
0.3263381961637296 0.7491736602858144 0
5.328990806339065 -2.041651796883612 0
5.421968018557458 -1.569369113444958 0
5.450795653570522 -2.340114420973979 0
5.143910051395964 -2.483999962074597 0
5.583020319757459 -2.618157743909042 0
2.477526907751017 -4.388620285189074 0
2.20800293210347 -4.552509629895462 0
2.409430643348372 -4.618736636179934 0
-0.03714800351382536 -0.0276368740783912 0
-0.05399752401681421 -0.01971148829887082 0
-0.04672266809456944 0.0004190915230031189 0
-0.0604343351190301 -0.007023149517078649 0
4.792568979196935 -7.233362410899292 0
5.145593500445781 -7.354973654704744 0
5.557703587666843 0.6125857744047645 0
5.660646417115232 0.2128766343301381 0
0.8622253838730218 0.06504935704353366 0
0.8719607700154788 0.06598825189691622 0
3.809516813786451 6.305517618140516 0
0.230796696987786 2.304921512372226 0
2.163757560669992 -4.761247368088488 0
2.345307936779624 -4.827389670614146 0
-1.339807731255173 1.597049040302016 0
-1.338254424517591 1.443280397215235 0
-1.202731725328605 1.297913057866616 0
-1.334490971690955 1.290569222166568 0
-1.18209533034758 1.139627983156336 0
-1.347790608685324 1.112418288275183 0
-0.04147598300527084 -2.21256788999783 0
1.892401285070655 4.361860457896816 0
0.3737811129010669 -0.184434401677013 0
2.64115495528701 0.4447738607965305 0
5.325941762072836 7.055050633175011 0
5.214917047291574 7.402697946771593 0
-0.07468033003425754 -2.820572521624543 0
0.06064731283549384 -2.884143421790653 0
1.276674312344173 -0.8662895257596152 0
1.234941396686986 -0.9461461331874443 0
1.323256442486608 -0.972026018657586 0
1.196533216831904 -1.035433136260828 0
1.301287197180032 -1.094649963382891 0
0.757266527743522 0.336407087604628 0
1.566263674623036 -0.3645563520606944 0
0.002518265835189938 -0.01165962312864099 0
1.333463350438239 3.525561931045997 0
1.314472015194422 3.7086881684104 0
1.150626441801201 3.675362024328746 0
1.147104503039681 -0.9060343249390411 0
-1.453773784897757 1.180113255670618 0
-1.475262166531897 1.013584363492346 0
-1.549342815317264 0.08991275525447463 0
-1.568342302014035 0.2450277847537058 0
0.856105662177451 0.06292263904765011 0
-1.210308647047829 -0.1817100879600215 0
-1.246671961784577 -0.2894067640117686 0
4.73574782702462 7.499510533710147 0
5.044988829841714 7.701555462891594 0
0.5606962569414752 -0.1348763505351189 0
0.5571524661906263 -0.1231071004984235 0
0.5536243443010016 -0.112021874080946 0
0.5650214099547101 -0.1075539844192087 0
0.5415321599466407 -0.115871747222084 0
2.421469777321855 4.993575184742912 0
0.8886096183642833 -0.295125762319487 0
0.3631807344690292 0.1657209087670882 0
-0.01080527102773069 0.08480098234240198 0
0.7818832184943031 -0.6340739073542675 0
0.6746895086866824 0.0816204960708798 0
0.726369563327936 -0.6042416313181256 0
0.1875704359106259 -0.2073254628298067 0
0.2018517971572776 -0.2245346444388137 0
0.8664260286674927 0.0608478515429515 0
0.8779878669023181 0.06004250804043469 0
0.8909167313438218 0.01932777456300887 0
0.8772765350927445 0.07187525101840531 0
0.8839058755302416 0.06587920212604625 0
0.8898697749468145 0.07216227271282802 0
0.8970422123333682 0.06581080035574967 0
0.9408235242635274 0.1173127774607277 0
0.9565373603788533 0.1084095872686489 0
0.9441171268214892 0.1034051459975827 0
0.9572498568240276 0.09551418766275081 0
0.946353374149662 0.09085340260402008 0
0.9577142055648076 0.08385280153396767 0
0.9674317714065206 0.08909833205821752 0
0.9680411443691238 0.07608161759593382 0
0.9746035495497144 0.08479190611686581 0
0.9754379019221195 0.0687114718050027 0
0.9857807694155204 0.07662315848320445 0
0.9877738066365216 0.06654002944451078 0
0.9995049690597814 0.07314867531178228 0
0.9477673979127409 0.0794137814548329 0
0.981975529458466 0.06143565492609437 0
0.9886741151597629 0.0552491873306261 0
0.9762351230822647 0.00806080354444986 0
0.9829334752258346 0.04893787837688595 0
0.9880290601937848 0.04552581495324606 0
2.918956352677424 -2.726769530746582 0
-0.333605326705981 0.3249805941310124 0
-0.3636217489110093 0.30496508530935 0
-0.2889245785182757 0.3563863557652862 0
-0.2619357974645669 0.3073578320730651 0
-0.2007620234162097 0.3304880850641655 0
-1.053677305870989 1.17559310068783 0
0.6812418009958568 0.07664496351932254 0
0.8906960822668668 0.05965186538381811 0
0.9022895623813765 0.06103084345800828 0
0.6106016343421079 0.08884824739297362 0
0.6197226205313053 0.08519063514985972 0
0.6153881363538487 0.9257233563463926 0
0.662843408905694 0.9118068403114478 0
0.7016436983794536 0.8332249531604553 0
0.7274630697568046 0.8932528214684143 0
0.7431459420907777 0.9573049147354173 0
0.8097970243583354 0.9467413001686283 0
0.8100732646947288 0.9962421040525129 0
0.877065844864261 0.9431598307606439 0
0.8102365516117669 0.8694152924958308 0
0.1238039014624419 -0.1700844259497241 0
-0.04494728443171086 -0.07105254105380673 0
0.8659828295700998 -3.041313127161405 0
0.895814704884824 0.07889796350521011 0
0.01768842481629527 -0.0586328470122628 0
0.0238260782498936 -0.06216765752217662 0
3.938092751750061 -6.598647126140951 0
2.025430951845014 1.070969378430754 0
1.440147634211097 0.6394075859680826 0
0.6382620021771247 -0.1265640797035684 0
0.6248816575474097 -0.1156785524464618 0
0.633338537576826 -0.1126383761682014 0
0.6285866603180267 -0.1032210182870534 0
0.6388428881168571 -0.09814070932436011 0
0.6345304856716235 -0.08974198872386695 0
0.6445684915146414 -0.08522100836718217 0
0.6493602692985282 -0.09281826255753375 0
0.6243574130987304 -0.09399362596815998 0
0.6003176890294942 -0.05012524793639217 0
0.659809623204115 -0.08719050340962749 0
0.6543660853869642 -0.08030880486878228 0
0.005932747799839433 0.6491489255778539 0
-0.04530154994992319 0.6033520840430374 0
0.8689724797778791 1.025736737185017 0
0.9607159283480405 1.00158776238928 0
0.7171043892986032 -0.1344735913645247 0
0.4561516672147106 -0.8462047711270648 0
1.463978492733405 -0.4485105979354829 0
1.459462099629254 -0.3443711246271205 0
1.374681326392817 -0.371439197746991 0
1.404791446300681 -0.287256472682207 0
1.340254175237798 -0.298536560093225 0
1.342731705202266 -0.22720656665166 0
1.274189398214568 -0.2668282519283863 0
1.288404740675896 -0.2198400846580071 0
1.339784964626579 -0.1851200631617515 0
1.296281399744229 -0.1634808893175141 0
1.335174552504175 -0.1241309196595684 0
1.3078891279232 -0.09064164098406359 0
1.270626638056254 -0.1134742421831246 0
1.252579469254888 -0.07137020878769781 0
1.290032697835707 -0.05203065829084601 0
1.236233081840739 -0.03396381618944649 0
1.270289611752371 -0.004786584193944358 0
1.23458795131104 0.01785598227584578 0
1.272600647565985 0.03216910132591119 0
1.248081728636465 0.04597177487963773 0
1.265721164352785 0.07619493520463337 0
1.295186632356517 0.1073297483682712 0
1.21340040857123 -0.08461581149824411 0
1.253719325157642 0.1392884682073756 0
1.290017178495602 0.1713047088007675 0
1.214440162477803 0.03141645799440011 0
1.332786783012017 0.1393320273201962 0
1.326334418688502 0.2026977028462058 0
1.254924030424211 0.2044587500151258 0
1.208992835178196 0.179311917369595 0
1.196247881868246 0.2285345082427978 0
1.288084136355846 -0.3473122209752471 0
1.158631336540164 0.1911118768489995 0
1.318363710066156 0.005651875519262405 0
1.371763026203036 0.1733083997955056 0
1.357747231890309 0.2386776518728399 0
1.159272671765888 0.2291273324551942 0
1.188433584701178 0.2566777218193539 0
1.123931678417529 0.198338250711117 0
1.12168862259053 0.1684099047328009 0
1.117118184767982 0.2363654726904231 0
1.238608083671405 -0.2494600477912604 0
1.094537114357844 0.2225050595449483 0
0.5393161708271039 -0.1051833054961793 0
3.039828857531337 5.765616153949214 0
0.9346883515897313 -3.492322215660166 0
2.738621312487074 0.5507478559800245 0
2.790806984816996 0.7755261694741744 0
0.2452986151014827 0.1863098303183821 0
0.8330314988584516 -1.521911983642922 0
0.4889052013300195 0.3389437666779352 0
0.5272604753344542 0.3262486686237673 0
2.701530630494409 -0.2488383005821417 0
3.534598561795372 -0.3360038796748986 0
-0.0737432099519086 0.07066882383555435 0
0.8494292551859587 0.1004144457459622 0
0.558304154477117 0.3538698671803316 0
0.01275727872418391 0.02159397151988269 0
0.4216166569918309 -0.1304345063219293 0
0.4103048125203116 -0.1170562328495873 0
0.4212022298656252 -0.1186494476308308 0
-0.1977002333443557 0.2731560301673093 0
0.02327556772871413 -0.02794518469657422 0
0.02138536485291625 0.02720630376208112 0
1.059568586187815 1.648428674649977 0
0.594203846626967 2.486540062420994 0
1.912555370722734 0.4259010658446026 0
0.6071623997917005 0.1102771341456495 0
0.5928018444814412 0.1050273849833848 0
0.5897752971634049 0.09548714654388213 0
0.05574837195094415 -0.09425503028783977 0
0.3496274121433861 0.1335704962146569 0
0.3327282328017042 0.1433824031837997 0
0.338108054338394 0.130207767161642 0
0.3266148689166473 0.1249204153684412 0
0.3016353028864022 0.06631132382074784 0
0.3172440211634604 0.1387687253609495 0
0.3077530187661389 0.1266106347898086 0
0.3163452404447495 0.1182606758960904 0
0.3008346740526336 0.1176334278223756 0
0.2969349005714881 0.1324136688132827 0
0.2918395852038943 0.1225060565482081 0
0.338730836656664 0.166183468979488 0
5.810254397924874 3.915331638610426 0
0.7215113665526626 -0.186751963963749 0
0.7335412068337426 -0.1944135662216138 0
0.7097524497024212 -0.2050783514746977 0
0.7333059594797959 -0.2093045790567518 0
0.7105902918194679 -0.2296209793606052 0
0.1884003836610476 -0.1099501547801671 0
0.1798765281499709 -0.1116162294597201 0
0.1994325423209182 -0.1073931338581077 0
0.2145359733280772 -0.1135730215478725 0
0.7317029366419858 -0.2310615708324401 0
2.478708012691561 0.3695513452567527 0
0.00923674311471597 -0.01884672515089699 0
4.050581902253054 -3.688019831743255 0
4.328278075778817 -3.840108173360287 0
1.407944547011065 0.2117157314120791 0
1.38158392074772 0.2818604358685491 0
1.33045614889897 0.3036502733839338 0
1.396709872473184 0.3323649786950689 0
0.5551557604314842 0.3113394133405366 0
0.3429991667741524 0.3232480255867585 0
0.8997661255691911 0.05188973552079121 0
0.1778088994503381 0.3629944553367298 0
5.573857725055358 -7.024459877337058 0
5.586837729169532 -6.588569394104677 0
0.03131091171356976 0.03151193465403784 0
0.2961991686824059 0.111587816226039 0
0.2887908380848823 0.1133628142920237 0
0.2559378668711035 0.06621145932434228 0
0.2813024480930427 0.126028231996364 0
0.2785603289017687 0.1159021419172991 0
0.8607675408444446 -0.6763564114196933 0
0.9234762904253384 -0.6448004143150767 0
0.5621618081540776 0.5329675222921328 0
0.2698913634669046 0.1289394368045829 0
0.2672721761930636 0.1183114926305033 0
0.8595251416814451 0.09982911918339984 0
2.02778590849192 -1.912065868548753 0
0.983279447347144 0.3866817279282944 0
0.7077304714952855 -1.283113591157931 0
1.781593298771002 1.437988425308218 0
0.2103405324029796 -0.104453008686412 0
0.2501427203290685 -0.06550240195597462 0
0.2253966319469459 -0.109898924753815 0
5.733645464080525 -1.878343894407704 0
5.622259886741042 -1.294415966191422 0
0.04335061698086635 0.03632253758761119 0
0.4560205192111446 -0.3013407548227356 0
0.4416703784009224 -0.2781840867053638 0
2.863164603980219 -1.531868737904162 0
0.4572742957753565 0.132992906072866 0
0.4678655685112914 0.129655736737421 0
0.4546582195368709 0.1207937840058425 0
0.4734358916920494 0.1153492912835236 0
0.4849451777682882 0.1288197600634547 0
0.2307264668345962 0.1765394155692224 0
0.3925960490059567 -1.62723138497292 0
0.0378151172501105 0.6771309012025089 0
4.439352533088972 1.325673052427788 0
4.169712561517867 1.329761272512652 0
0.6217991581015498 -0.08459116038238194 0
0.6124933186532946 -0.08605000574106783 0
1.999634889268204 -4.526039906909228 0
0.04954066870759267 0.03886261312958687 0
0.07926480654311492 -0.04700291087343817 0
0.9472622166612125 0.9351839221793095 0
1.014680130981525 0.9821640791367483 0
0.9920779657039449 1.068344612533358 0
1.072636487801569 1.018910270521565 0
1.110195890823891 1.097469244613956 0
3.916956745465639 3.582622196297935 0
0.9940696235813917 0.0485149131638753 0
0.9968028196221571 0.04007760452933118 0
1.006400759626745 0.04172253357617411 0
1.00708045454408 0.03170102365784454 0
1.016457960350611 0.04332071220431128 0
1.018666814627618 0.03079946724533479 0
1.029855339377943 0.03651884052688897 0
1.025385033011845 0.02389687670673265 0
1.03336854369963 0.02663345733477016 0
1.035147906609838 0.01544951575350237 0
1.037736590801905 0.04015998775497723 0
1.047427030526582 0.01615242684074954 0
1.046534846282485 0.00270427849480497 0
1.060801732628252 0.01526346775783444 0
1.059572123606725 0.0006277143154180855 0
1.04370000144549 -0.009355927092805914 0
1.056791411608076 -0.01397369421709816 0
1.03782823344227 -0.02002213293363399 0
1.050281277363353 -0.02764240688302662 0
1.039356988242454 -0.0389371956278507 0
1.050637403553087 -0.0512750664796742 0
1.034782588241389 -0.06075288417469664 0
1.062565457598993 -0.06632121434805516 0
1.043847171559474 -0.07643664452149618 0
1.051816478356355 -0.09512530506016371 0
1.072921978611431 -0.01745375240964429 0
1.018805409282661 -0.06881266934813754 0
1.025324282383567 -0.08464571329223783 0
1.002703850570065 -0.075679749389756 0
1.078488217057081 -0.08746516640387829 0
1.077142127635892 -0.1088367512781203 0
1.007484641237157 -0.09208982002494338 0
0.9864768354132096 -0.08034162817099476 0
0.7279898383813579 0.1128465844196106 0
3.073432806825686 3.147926737184572 0
1.555149264883644 2.279172051538114 0
0.06540361859737701 0.04320604737603972 0
1.128113881486608 -2.257685774903111 0
0.991541928921948 0.09067850082140737 0
4.675120344399666 -7.596077254375802 0
5.076458865195409 -7.830868755258606 0
0.7388065180227881 0.08163471117365895 0
0.7466100539082892 0.03542807725464005 0
0.7325102300700088 0.07303455015387798 0
0.7394038724582049 0.0681596230590981 0
2.65057982805722 1.484781671491145 0
4.808239128348839 7.946635083176096 0
5.110038596237488 8.205693858054429 0
4.50954233552882 7.728177687367302 0
0.9853112636937092 -0.06494822154600152 0
0.9719771583943955 -0.0662451756221878 0
1.163513227096216 1.071866356013258 0
1.16014940878345 1.161440852936312 0
1.218341776065512 1.103495404514102 0
1.227027730920534 1.245306934022018 0
1.321256646548456 1.151103740709125 0
1.017932459803669 -0.409724295495687 0
1.020203533494834 -0.4490533811736019 0
0.6629802649040328 -0.07473093661008534 0
0.6709807297664863 -0.0801141555658442 0
0.6908936386227353 -0.0409412873246089 0
1.97465845245345 -4.734839947625229 0
-0.02423992166943909 -0.03780923367929849 0
0.5232290925058138 0.9620302995842405 0
0.07306876395783633 0.04507359454454499 0
0.3852460755974773 -1.760747397959042 0
0.2904844395984776 -1.648702465015616 0
-0.2320187341471872 0.4018467039496015 0
0.4972423052219623 0.120985474447073 0
0.4927735408924684 0.1092637267026636 0
0.2207326929745929 -0.1009859819812285 0
2.704650595135304 2.056693495466626 0
1.420331585604919 0.1414193486214579 0
0.6557171757580744 0.1379684410318254 0
0.1922924133597325 0.4803754750555929 0
0.9783972321821054 0.04274996599220695 0
0.9733359760872373 0.04558858293644825 0
1.00756778754808 0.3712954289381692 0
0.9720299219431583 0.3536584518209879 0
1.782072227330455 -4.731153750055527 0
0.7091935501407982 -0.2463010199435362 0
0.6903977935738412 -0.2269440743761581 0
3.649051090067986 -1.564366028476281 0
0.7530729662528068 -0.2333686201719629 0
0.7493122878300049 -0.2517873725293571 0
0.7746124306870112 -0.2362673309203835 0
0.7665174728297308 -0.2664241153957445 0
0.5634572631222839 -0.2865580642280835 0
-0.2693192606565605 -1.131031416289161 0
-0.1782154759372133 -1.199383334808929 0
-0.092397564797944 -1.12344690622531 0
-0.09934843572021113 -1.240696150995618 0
1.092083940256817 3.840523716991901 0
0.9908553917955688 3.777420571127324 0
0.09478536394439899 -0.112420970782722 0
0.1063815553744801 -0.1070602470689194 0
0.103013443947938 -0.09853446215684294 0
0.109496171258973 -0.09670583326134066 0
0.100875151646043 -0.09000562533977918 0
0.1106114042004285 -0.08847552414522761 0
0.1196707624513925 -0.09410744868653323 0
-1.475636242165742 1.429802324693986 0
1.703710155173678 0.424808416174605 0
0.1001388256084278 0.05178005207483553 0
-1.001107334083116 1.055993225761544 0
-1.121131693856581 0.960385028434415 0
0.1014588916698736 -0.05171520561030624 0
0.1241326215076599 -0.08612131602179753 0
0.1317625604291326 -0.08983564393208267 0
0.173348841362515 -0.06083298736387894 0
0.1207752418033443 0.0539641306073432 0
0.12066456056474 -0.05559740786485839 0
0.1353793848119637 -0.08211713561309789 0
0.1551049010791835 0.05917254379600213 0
0.4895646719070058 -0.1408751350355631 0
0.8716469089975618 0.05485211336345441 0
3.099575131396171 3.438385062120348 0
2.889806100769719 3.245746518810592 0
0.09264721120497685 -0.09111513996707583 0
0.1755194126871255 0.06146430399278851 0
0.6741851921914102 -0.07253296291680877 0
0.6819376450891865 -0.07771280826907426 0
0.6842133015194302 -0.08508471104678891 0
0.6903721181174163 -0.08254013607768343 0
0.6917943947423031 -0.07545725084277341 0
0.7001227423353346 -0.08035742905906583 0
0.4103542120911895 2.881280476371121 0
-0.2262579655495531 0.07834592556868267 0
0.0378724571937378 -0.1211745027400321 0
0.9709295377760754 -0.08147585758989273 0
0.956906681177548 -0.07981115108761906 0
0.9590926289248415 -0.06541135975251887 0
0.947322539380256 -0.06376037475242934 0
0.9444412892113442 -0.07642185145488671 0
0.933178407979091 -0.07160372529784224 0
0.9282811615272222 -0.08346017410126043 0
0.9180349465678503 -0.07795497010431787 0
0.9222417595782442 -0.06667992600572312 0
0.9108912374319803 -0.06288244619943779 0
0.8935984192084597 -0.01942830458587862 0
0.9074881568690533 -0.07425159312641075 0
0.8964945933851162 -0.07229575625192255 0
1.220359801239435 -1.153650092179759 0
1.340158028850081 -1.240667388477727 0
1.462468866142936 -1.178686189792074 0
0.4138918557443314 -0.1055311099575336 0
0.4002423865474277 -0.1132399614273484 0
0.4232110235090345 -0.1072331616109371 0
0.2640959953532299 -0.06607668911492773 0
0.185988862312272 -0.100524386974514 0
-0.3969429731656798 -0.5617436871726887 0
-0.3419928579249621 -0.5165643405234779 0
-0.3838081844958643 -0.4861233586979085 0
-0.1162714964886295 -2.972188397142042 0
0.0310383415121286 -3.038399229786016 0
-0.2584003473430245 -2.885772302184061 0
5.767062923867043 0.516933442383512 0
5.825504822376881 0.8500308752981615 0
5.898520248953361 0.1033348592298961 0
0.4620911683012917 0.1041655988937859 0
0.4515286688117945 0.1097920839822562 0
0.2669912010099833 0.1077528935159264 0
0.2558139122923617 0.1082267528748915 0
0.2532100779791108 0.1211910842293499 0
0.2450766443896137 0.1069130550395795 0
0.2405393144765542 0.1168559002972563 0
0.230708259427871 0.1132948332336314 0
0.2092706500733967 0.06353347046824322 0
0.2270953664066419 0.120377227798436 0
0.2217959420162378 0.1093154869237031 0
0.2169707531874763 0.1201344355319678 0
0.2071437115843031 0.1114224426274715 0
0.2069835630567211 0.1275224504037561 0
0.1994542960000294 0.1188666036269182 0
0.1921168764868931 0.1265922897439894 0
0.1845572582594917 0.1198157716574214 0
0.1904883148809803 0.1091992887509725 0
0.1807645674772376 0.1073953146724629 0
0.176311279706931 0.1144909210172518 0
0.1660327855580984 0.1074756632467851 0
0.1616825026924804 0.1191522370519209 0
0.1566396102147469 0.1081110920221626 0
0.1534882492265736 0.1148839767435924 0
0.1454103050757546 0.1109688082701871 0
0.1422371019525822 0.1182382069350157 0
0.1361818549943984 0.1071182924244119 0
0.1324441805133579 0.119949240665795 0
0.1204611463772739 0.1148850003332788 0
0.1166222670187807 0.1268765033115324 0
0.1096005203200273 0.1116659936421794 0
0.105181849730433 0.1233428794959447 0
0.1002617149019142 0.1071242839275741 0
0.09182689211783908 0.1182750410851164 0
0.08475286452727623 0.1066742504945852 0
0.09321800624790588 0.1001732227972293 0
0.08111305387766408 0.09979499109093967 0
0.1122437286735905 0.1013158119089151 0
0.1407775338102532 0.09746232585772574 0
0.08635508503528788 0.09148063906491458 0
0.07473518266003318 0.09018934986538271 0
0.07758870875709593 0.1226013902975114 0
0.5099714336241116 0.1150796066652389 0
0.5063191178776092 0.1046544876620086 0
0.5187667190717113 0.1004456788000512 0
0.522617575427653 0.1106098893041026 0
0.5304403596687204 0.09623178100913733 0
0.537320520961785 0.1068501304079302 0
0.5406803526019881 0.09156466942036288 0
2.87467674267168 0.6371140159894133 0
2.949754575279596 0.8637190032168308 0
0.1608398985238484 0.09683373422764079 0
0.581641550541824 0.1086249300677252 0
0.6042090669399212 0.2104290146933897 0
0.5793441757552454 0.2153237762007529 0
0.6006269650295167 0.2326321804756492 0
0.369190851254056 0.06619686475033963 0
0.3741282087250867 -0.06559579774296273 0
-0.9054983184613249 -1.663638790787778 0
0.4310434247351195 -0.0642999516109959 0
0.4302563332232314 0.06414599356056754 0
0.823683119518557 0.1683123271351884 0
3.477188152445907 4.830789588586907 0
5.444539335185695 -7.794041473899644 0
5.244965855891815 -8.273647819012171 0
0.5369690332029087 -0.09539631334880767 0
0.5262595353474573 -0.09840619604067263 0
0.5471535616949131 -0.09225685246795179 0
-0.7461597364027255 -0.6854941903922523 0
0.5869056260912647 0.08525323520842618 0
1.011890098333475 0.5517334626278729 0
-1.537775165349158 1.129713149093671 0
-1.561172668515062 0.9589219592853522 0
0.494930332040488 -0.06033682113111923 0
0.4951387241348212 0.06031005951908296 0
5.380315634446176 7.952294792096086 0
5.379337812306283 8.505872876175188 0
5.673373075247582 7.254052049954726 0
-1.680785854301063 0.06816133860941864 0
-1.73161098727949 0.2495760186622674 0
0.1397210951844075 -0.09235991157782418 0
0.7214697607402937 0.125675008191979 0
0.7341661644477093 0.1324327721933606 0
0.8956148064963987 -0.08044939910613048 0
0.8852449578987874 -0.07322875422020064 0
0.8835084030769453 -0.06299989085124656 0
0.8740920599209511 -0.07554252958378969 0
0.8723572431501038 -0.06579250277675604 0
0.8659576156610488 -0.07706591394537068 0
0.8601651944623125 -0.06973501125171504 0
0.8331797807485176 -0.02707081134886171 0
0.8536824130210984 -0.08102526227891994 0
0.8478967649993736 -0.06697536632943552 0
0.8440680055748462 -0.07787253518054271 0
0.8338249989385306 -0.07593854363567877 0
0.8311360671182998 -0.08724748789183588 0
0.8237047003257707 -0.07473513910367115 0
0.8208220627359814 -0.08564621475343802 0
0.8141199217342537 -0.07289634036011267 0
0.8104186730288123 -0.08305517640872968 0
0.7987643785831255 -0.07900186666021181 0
0.7969453582525848 -0.09116451531623801 0
0.7897690429531543 -0.08158584372003894 0
0.8055709661505565 -0.06937268149662412 0
0.2138415875022315 0.1042369114120111 0
4.410300655785337 0.08340764441535432 0
1.044851901202736 1.941408542990155 0
0.04933703234966894 -0.08145433104048272 0
0.05837777836006486 -0.08340689029459268 0
0.05355789045733211 -0.07339000725739381 0
0.06168586816206126 -0.07486258889932519 0
-0.2979412018727794 -0.4665824617504688 0
-0.2435144175545593 -0.5035677442480001 0
-0.3707314356849608 -0.4246401841381696 0
0.9096017837484254 0.06355054782135817 0
0.9122798896146105 0.05545046363270037 0
0.9152292511940935 0.04819889361512894 0
0.9216098938426416 0.05039815969870996 0
0.9184196487792776 0.04216080540849196 0
0.9265402545494752 0.04533894375032874 0
0.825322758346532 -0.06511268028624047 0
0.8086605666917275 0.02941442311966207 0
1.029740426812364 -3.005573310328646 0
0.9267802202350464 -2.825844275000619 0
0.9224127430112815 0.01525001743469457 0
0.6318837964564763 0.04755173389256961 0
0.02275441961261809 -0.0531169003795806 0
0.01320648105821336 -0.05298463746863327 0
0.02754565139319009 -0.05640910660542435 0
0.6071236326777726 0.04938947781356413 0
0.07601050471539932 0.08034905439856743 0
0.06682824189219022 0.08010280604007305 0
0.08725034549311467 0.07793101665655064 0
0.1299513556566666 -0.1877728189646056 0
0.1081910436087413 -0.1886556874331482 0
0.1264181016679364 -0.2015475759387766 0
0.185521690019467 -0.2258381274081051 0
0.1888678666325358 -0.2452558939519149 0
-0.06832870928873584 -0.02650843842516459 0
0.8506744872404189 -0.1900971390273252 0
0.7243856860698351 0.1995918609090226 0
1.307280318848389 -2.382075389468326 0
0.6600171234003749 -0.04450493771280835 0
0.5909914230204429 -0.05104067365263907 0
0.7212431664513227 -0.6896023687521515 0
0.686399639749607 -0.6518886823970089 0
5.784357604152648 -2.497603007769779 0
5.786135764147875 -2.870475680654622 0
-0.01689684812838288 -1.221559744593194 0
0.596085792516664 -0.2676261492831253 0
0.8649356143076191 0.05058430316117887 0
5.780271514308589 6.87641327160457 0
0.8072576468585922 -0.02962508350925954 0
0.4875336187891905 -1.854333946729514 0
0.7545654430046816 -0.03527371675345307 0
0.745074715508307 -0.03665213759647584 0
0.9251060247028232 -0.01512463577711569 0
0.980858561243464 -0.007202432129969429 0
0.9708730343402092 -0.00836950629514073 0
-1.013320392025684 -1.59099743006386 0
-1.059725195368109 -1.70922455882965 0
-1.180075009484682 -1.63361979357069 0
-1.22577069270867 -1.765204162213176 0
-1.354618078295155 -1.69350091588335 0
-1.307972405672308 -1.5539534068241 0
-0.1619820912894938 0.3147313639232748 0
3.734020209129354 5.023696063546476 0
0.6866721158477237 1.703741212138812 0
-0.9108252224150581 1.113252560412982 0
0.5095785944887472 -0.203929791730849 0
0.5174876451434827 -0.2143292983815419 0
-0.3966438817433359 0.3194170631226346 0
-0.4089373206375598 0.2734896221484333 0
2.521001021026156 -1.051849847842518 0
4.140395836943074 5.461254817190475 0
-0.4793309771853187 -1.669984989225001 0
0.7881140087257845 -0.08911397961484351 0
0.7788559815081945 -0.08702658368142055 0
0.7829619772980052 -0.07582956346686742 0
0.773688989950184 -0.07538397824978317 0
0.7676579645707869 -0.08319443215944888 0
0.7621157565699024 -0.07396302095935373 0
0.7584484562454084 -0.0848457700429235 0
0.7545421018383305 -0.07889373416215731 0
0.7468625747206301 -0.08350774662750921 0
0.7434664954879208 -0.0775514116302938 0
0.6746075763928189 0.07168430098001091 0
4.628940388190134 -1.999431851309518 0
0.6058939797472378 0.9779372883491 0
0.9396961554752372 -0.09000276294781839 0
0.920722733274544 -0.09357327945528521 0
0.606295181626173 -0.401979897731838 0
1.462138551516766 0.1813029257399254 0
0.6117950768114928 -0.09877384893552771 0
0.4652592220370362 -0.3887360853230513 0
0.4831473833812185 -0.4099318277603187 0
0.4623213683605374 -0.4228524385577171 0
0.5008859015827168 -0.4359383527782093 0
0.4619269477275067 -0.4537095398912012 0
0.4905842189523582 -0.4801352160719461 0
0.4827978093414785 -0.5194328863615724 0
0.437756375283417 -0.5549837818198442 0
0.5106476576711257 -0.5640699394558754 0
0.5433088197742556 -0.5480122746843712 0
0.09191817610448648 0.4016491521327424 0
0.1124539923561023 -0.2043099396852839 0
0.7485625482319562 -0.0702919994312827 0
0.7370736438009506 -0.06730194483720679 0
0.7364976853078024 -0.07708660062855377 0
0.8434288265947625 0.551083607965261 0
0.7796256205088022 0.5786676652919081 0
0.8495432309901538 0.5958898401450927 0
0.4324225626223374 -0.1882368218965616 0
0.27280990933687 0.1409257424863527 0
-1.487895811581348 1.586368389759888 0
0.5998154952015635 -0.09502760361663816 0
0.6025144731825911 -0.08348947055039777 0
0.4406532107035492 -1.187497831033882 0
0.2877471648019514 0.1044409371686426 0
0.3002912374589661 0.1018449190804911 0
0.8753969282344207 -0.08823339920944781 0
0.7890042693352287 0.112741338793955 0
0.1890839666801882 0.09701092826091937 0
0.8610705966909955 -0.05789345249394556 0
-0.3152255231167799 0.04253048243218089 0
0.06409519727694835 0.08940857005419063 0
0.05928363770160601 0.07738494819273087 0
3.897061581466154 -2.159872446592885 0
0.6404464322373566 -0.07795344714510946 0
-1.133795346124644 -0.3373403288373611 0
-1.101988940336088 -0.2335180859440124 0
-1.276635972096384 -0.401228029266059 0
-1.396398619279127 -0.353365126821489 0
-1.426874345010662 -0.4712632264936754 0
-1.547006860190278 -0.4221016284003109 0
-1.463214564781807 -0.5853828520975362 0
-1.58099769998482 -0.5368496950122656 0
-1.59392433476044 -0.6627678343229871 0
0.6730492842192346 0.1110618535346342 0
-0.2679648867065119 0.1074079851259811 0
3.93653253514203 -0.1489004761103781 0
0.9477200123926782 -0.05291742183163431 0
0.9602725947362025 -0.05073092559143005 0
0.6796887496755337 0.06679344476809981 0
-1.578509942303129 0.3974300213410347 0
-1.709568878127414 0.4164321200413981 0
-0.4618846593557572 -0.4492454209377609 0
-0.5074026819079617 -0.3728093822349863 0
-0.5001543146530134 -0.2806937287342054 0
-0.5795828772757552 -0.3408976649767621 0
-0.5782768772334689 -0.2777376957273615 0
-0.6750077561352099 -0.2790969176162057 0
-0.6490116202420421 -0.1832010389135342 0
1.15354819649479 -1.118003785864405 0
5.96904674985935 -6.598224461255196 0
0.6954653781554833 -0.08651376389989433 0
0.1713442723437174 0.1263079418610074 0
0.07746901438103043 -0.1444243834392811 0
1.09281420666766 2.309755152502692 0
0.6975800048627152 -0.07034920058268168 0
4.409815785801098 -3.525211397176009 0
4.720326312424715 -3.605591922966837 0
0.2698724222135437 1.463520607089991 0
0.780591637106864 -0.065249577595014 0
0.2298743023901051 -0.09634823000805777 0
0.2377520832258561 -0.1055113969979946 0
0.794721322968463 0.1210727018916892 0
0.7873764476842549 0.1256495178576507 0
5.035721523786288 8.687174930971956 0
5.59634159627073 8.815817650548491 0
1.012914652445533 -0.109329942165039 0
0.2354364470982556 0.1043882340411681 0
0.9144705631435232 -0.051700777323359 0
0.6651126065941351 -0.09478783052874132 0
4.977546052160587 -8.345957181260449 0
5.282765860000451 -8.675301098791648 0
5.677916196546847 -8.701991809979814 0
5.629010742082238 -9.126153850530663 0
0.4885908144142696 0.3134559571456144 0
0.4575052214476021 0.3231158468488456 0
4.087475023304027 1.635697659673214 0
4.453399699399305 1.710516460782561 0
0.616654833589005 0.07804336927215601 0
0.6248517002639954 0.07463644788537029 0
0.09817417417875332 -0.08192955822829749 0
-0.3192764103895385 0.5204467096448027 0
0.2193949855177378 -0.1228298258615417 0
5.841476416377525 8.67732601131954 0
5.828045030540437 9.123460642480145 0
-0.08977492970104387 1.212095212901601 0
0.7276332885641448 0.06610515193299192 0
5.595651010299476 -0.1116831403812525 0
0.1251988387815856 0.1284305864814513 0
-0.1566505528303782 0.2848988770757435 0
0.06163524286484551 -0.1469422938878852 0
1.825577938107644 0.8388407070019284 0
3.042521936396741 0.7143259893723055 0
3.224100533607789 0.8135753118111758 0
3.109481385789509 0.9745683831869264 0
3.396332177667875 0.9278149869368789 0
3.287698104520829 1.136548896968026 0
1.495025824145275 -0.2566164497200171 0
0.720349370582 0.06995328839624068 0
0.2383259993591363 -0.1152743003366707 0
0.2508263856077332 -0.1080479123976964 0
0.2529020630114701 -0.0983093918890199 0
0.2621797386421121 -0.1080974760272515 0
0.30052194376556 -0.06685659036229481 0
0.3152198302712861 -0.06679829347260605 0
0.2621835224182483 -0.09842236086597832 0
0.2731715432831878 -0.106148122301915 0
1.340701057082454 0.3523580807940323 0
1.405746797277713 0.388353459218915 0
0.7808208319077693 0.6395872053411426 0
0.05677613796602202 -0.06618337798124015 0
0.06411038895501471 -0.06705720676446127 0
0.03306590238168855 0.277353282219551 0
-0.01229856969650633 0.2812395636633933 0
0.7354400076610671 0.06050853974507771 0
0.7437958891379282 0.06487580629898589 0
-0.01081495959705858 -0.09829926475179926 0
-0.9181135081599898 0.9694555556971024 0
0.06278017795627151 0.07237515795714745 0
0.05375532392211412 0.07193914089571563 0
0.04630930334444738 0.07613666804924854 0
0.04310843196365746 0.06866549606687028 0
0.03712639949119063 0.07847841913963392 0
0.03526829074911184 0.0698432755118384 0
0.2754728596315039 -0.1159394998826061 0
0.2862313124006056 -0.1129058846891198 0
0.2838697727040655 -0.1033814271661371 0
0.296594394211998 -0.1097618000566081 0
0.4944113133267766 0.2186490483784287 0
0.4790197806626301 0.2269600542909967 0
-0.02527887940741218 -0.09982084169012383 0
0.9730534231984869 0.03713050240855378 0
0.9679294280797628 0.04211761801563665 0
0.2942017166910328 -0.1004847442946824 0
0.3064842721397925 -0.1067679577424569 0
-0.7228642336654427 0.5837098867465094 0
0.3421487687197655 -0.1931133751898652 0
0.1428401874242843 -0.08441304767185887 0
0.2095417415670817 -0.2366687539320484 0
4.652995603852285 -4.040716050538806 0
5.039255589258057 -3.982993023864612 0
-0.04723379334846444 -1.345964703023844 0
0.3743039730419085 -1.926333077467841 0
0.4781797426255066 -2.048420046780124 0
0.01887314232724776 -0.04877899238563946 0
0.01026665925343722 -0.04687715720464204 0
0.4048684798377283 -0.524745095188501 0
-0.3569659711427262 -1.145039221691269 0
0.9786350054482114 0.03216640517540557 0
0.5870994827004258 0.7575873511460522 0
1.942946783232943 -0.08205788712239753 0
0.5782185263767564 0.3331063506055266 0
5.096734152561326 6.126828676439938 0
0.002237069644484023 0.7184359313857747 0
-0.2503587354854063 -0.4204489830486054 0
-0.2013648790641539 -0.4619089709417943 0
1.004760908762799 0.3459153323675753 0
0.9695961122263083 0.3185851543069536 0
0.9376649241552375 0.3213383298061414 0
1.03685084302026 0.3398935237138414 0
0.9393311314696383 0.2883313043952788 0
0.9689148342443379 0.285781828900192 0
0.9069325708427853 0.3222131119619366 0
0.1352240777711585 0.6209129949795754 0
0.03845996206476274 0.08796592301185208 0
-1.024289619711569 -0.3786778584770794 0
0.1881651954179588 -2.803558680614569 0
-0.1086537729663042 -1.374698838174432 0
0.4959023020220663 -0.2152720719030533 0
0.4052014543790998 -0.1018305098911598 0
0.6882845041684968 -0.2522144917815525 0
1.471325282938003 0.1048766013483303 0
1.074325540630696 0.01497849186412605 0
1.073866692758419 0.02655724190230909 0
1.088858569149954 0.01756046035595293 0
1.083951301165859 0.03349487993478432 0
-0.03668055395315033 0.2093094125284075 0
0.8496039334135848 -0.09080693808988666 0
0.9983484035531688 -0.1144087920256905 0
1.021080824851615 -0.1310492905970778 0
2.116694916633715 -1.144468875795749 0
0.1484475414910453 0.1250159595616296 0
0.510071198081095 -0.2296156525593357 0
-0.02094678168790549 -0.1142191250493077 0
-0.03627572412611847 -0.1176808013199397 0
1.028910674615134 -0.02924261705752098 0
0.9123918489734112 0.03891756322579602 0
1.783621571783583 -4.873393258658517 0
1.953749986375262 -4.949146918515255 0
-1.396339592554026 -1.828130282046919 0
-1.271591250782712 -1.9021160040468 0
0.5324838925830272 -0.2308638299655617 0
5.999412352419598 -2.609218907496002 0
6.060599665382092 -3.181826147393648 0
0.8807973745873177 -0.05379995814090158 0
1.466305427717749 0.3692754896537207 0
0.5758982718840975 0.09018823318968885 0
0.4006280740501245 -0.582622530733257 0
0.4913476199285928 0.09707847354489135 0
1.076913632479898 -0.4080812689540014 0
1.059738362725513 -0.4794558516892544 0
0.04155070773038867 0.06248724791791326 0
0.03472962669238926 0.06241914018306139 0
1.479905283735681 0.4330054159543621 0
0.1477737581131746 -0.09424728563854355 0
0.1453180228755785 -0.1025919481737917 0
2.423643377555735 4.169830682003836 0
1.756079321666929 -0.8730295531505741 0
-1.318677514932082 -2.043400493868214 0
-1.180956322740317 -2.121924512000321 0
0.2068243851857342 -0.09536637718131495 0
-1.489802853729175 -1.779330880846525 0
0.5388459358068164 -0.596245747027486 0
4.173477089652865 -0.9895464483895526 0
0.4314855798672619 -0.1197549078098415 0
0.4338686245363222 -0.1083282557552238 0
0.4470939565363454 -0.1112232416580812 0
0.4478489827642466 -0.09678271276051667 0
0.4593055036932037 -0.1074080401585287 0
0.4589511783689207 -0.09726562970965573 0
0.4668564730228288 -0.1053205614442988 0
0.4686552026587843 -0.09806837667214333 0
0.4775768580132125 -0.09960598945645296 0
5.264811775900808 -9.089855110292124 0
5.575589322773024 -9.499996328453301 0
1.106477647347365 0.02188944401631017 0
1.100906462156838 0.04271697444081194 0
1.091977418826901 0.06113754540195163 0
0.6578656075285231 -0.0702296059103593 0
5.946305861636202 -1.49944702690124 0
6.094899047989932 -1.169339162375407 0
1.415525966110409 -1.306577935867287 0
1.493436722318535 -1.279576586006721 0
1.104149063556578 -0.09971006044523131 0
1.093282917770287 -0.1179490407357813 0
0.8879518335369598 0.08525360556799431 0
0.9017809165599799 0.08543930093053879 0
0.8946051810302571 0.09210180200758497 0
0.07163958589303512 -0.07619443184898171 0
0.07190503049923233 -0.06720132581306765 0
-0.5717918920298987 -0.1946430010065141 0
-0.6340260445784813 -0.09930113532773317 0
-0.7287814970270399 -0.1695786539300173 0
0.4572369486597512 0.09638242658191311 0
0.4482847148176056 0.1000316289517553 0
0.5794231789786501 0.07859689932849089 0
0.5905380762808339 0.07847063239947763 0
0.8499186336200409 0.1111907579906582 0
0.09976763251570327 0.1353439696352383 0
5.064087702621022 -4.33217374162929 0
5.372028209480834 -4.284803861625592 0
5.377005690425677 -4.533538502745748 0
5.681355016396889 -4.274883387298605 0
5.663411502301225 -4.650296054292829 0
0.99869742143866 3.047503685818496 0
1.035335282708767 1.137352793347944 0
-0.1241873141462295 -0.241556821998655 0
-0.6414856043175841 -0.3711373886978734 0
-0.5613259826575319 -0.1116286091618791 0
-0.6193953715606439 -0.01844641663130981 0
-0.5517535839929419 -0.0309598861504112 0
-0.6075916368066701 0.04114540521270127 0
-0.2537608323799242 -1.248001776746021 0
1.017532952424797 0.9318271319819852 0
6.082067675909856 -8.829705342135448 0
0.2455774112256978 0.1291901531071832 0
0.935868471551717 -0.7166104603801728 0
1.022624736784166 -0.6835310693048311 0
0.870269625435672 -0.7455213759649664 0
0.461387364155125 -0.06203784560825769 0
6.146453888826168 0.8328848419248394 0
0.2941478509779392 0.09486803129630869 0
-1.72670301595255 -0.6505614290968589 0
-1.570666433661246 -0.8021811959851792 0
-1.712081248935714 -0.8200471507860966 0
-1.51383871452007 -0.975142038843317 0
-1.687695555853281 -0.9983592663871471 0
-1.718398315092463 -0.462496136683445 0
0.5277738183387415 -0.1084237366061475 0
0.7897584438418975 1.081681619669152 0
-0.2055202417784517 -0.5304064346009177 0
-0.1512972722656663 -0.511826827641351 0
0.2587895591692561 0.09818818726053534 0
-0.1686968119664159 -3.120245039481581 0
-0.01724441560614408 -3.234822206744898 0
0.7416167521558935 -0.05792376050299175 0
0.7310368948641287 -0.06080225663273496 0
0.7493442669110434 -0.05959852587642294 0
0.8685173962624184 0.04421611184631195 0
4.520446714620807 8.14917657089873 0
6.122962766603845 7.084448145805146 0
5.256073889072064 8.999384619117786 0
5.960858069951243 -4.533984476932366 0
5.930742901049267 -4.949717629432389 0
1.309796671206343 1.284793317182391 0
1.404828272191198 1.249686533166083 0
0.3044426656805282 -0.0977558618843973 0
0.3138409134882753 -0.1049141503209464 0
1.106975443095272 0.07124082803236861 0
1.080585763061326 0.0768184724278482 0
0.4790287032779155 -0.0927548489588027 0
0.06488130910810537 -0.161046699252753 0
0.05272044786855329 -0.1626566087600717 0
-1.664436852654473 1.565568872108407 0
1.106978233204958 0.0003360840953246751 0
0.3473714659233151 0.2398823181927318 0
0.3671597827276727 0.2509583787293491 0
0.3759809996941614 0.2304669348395018 0
0.3959175964995269 0.2362949730034662 0
0.3942892381150918 0.2634498981116035 0
4.238665503732967 7.922165230117817 0
0.180279279868115 -0.8435694297804516 0
1.581550223727864 -4.75094453017056 0
0.1849337190667521 -3.060916045574825 0
0.1798178815444303 -3.237299056673942 0
6.252497446944536 6.758692561025283 0
0.1939282374567756 -0.2673732451363867 0
0.2239681743659677 -0.2595838611036997 0
0.1995150218522588 0.1353361979055643 0
0.9771646556222008 4.015292715593135 0
1.131780955784037 4.070575706782599 0
-1.668951095226407 1.036074847871615 0
0.5247020454644802 -0.08918262483260626 0
0.514704003544596 -0.09172403608424996 0
0.4966164445424626 -0.6241694350943295 0
0.5262219561487018 -0.6584841163281062 0
1.115139266163794 -1.201112298627574 0
0.5273412632875593 1.036341821902007 0
0.6584427526239047 -0.1711322721313236 0
0.1505186714445862 -0.08620515643426344 0
-0.0233792010394488 -0.3133016070732914 0
2.722411065258522 -3.547182573842137 0
0.06604150026020214 -0.1755426816557488 0
0.04905932928549106 -0.1735148952478595 0
0.7653432782587261 -0.096239882486563 0
0.1172662122593165 -0.08097408293467501 0
0.05996083148190666 0.06761647848712538 0
0.06754090201611311 0.06402164499232452 0
0.9639375050890713 0.04831056092786089 0
0.9564236252918847 0.04356758412951429 0
0.9597773373415699 0.03617259163715247 0
1.75198330131266 -0.9950451380468499 0
0.5988220429992248 -0.07429463409034749 0
0.5909345683741577 -0.07667694054087586 0
0.6089382529244278 -0.07594709866033575 0
0.5147904084961821 0.09116717066761869 0
0.03544662746514629 0.7466807062593089 0
4.350891136048309 -7.414352997555457 0
4.500245550100599 -7.912377169411061 0
4.197147636521735 -7.705391682761692 0
2.673671913279526 -4.496334157144265 0
0.02665314586951353 0.06967307848245342 0
0.02691281358014392 0.0615097471268343 0
0.02856147621094993 0.0545399713401511 0
0.02011879727189833 0.05089395916931733 0
0.01798621048273586 0.05995183146498641 0
0.01209186934755794 0.04993403498570282 0
0.005216163151419475 0.05688932326694779 0
0.001504531605025165 0.04481029550195937 0
-0.006873433205516816 0.05367703935800074 0
-0.007099820129727843 0.04527173473545141 0
-1.810540496150085 0.03528882094555343 0
1.845643225337962 -3.202938590108475 0
2.04415271146755 -3.093135057694024 0
1.821939055474528 -3.016323001365357 0
2.115250604929956 -2.920074792014409 0
1.944630910091799 -2.764554988433602 0
2.10096677636312 -2.692942703163107 0
0.3980245090943453 0.2211121787733971 0
6.226879608362115 -8.407705419531469 0
0.5815734833628095 0.1590258893950218 0
0.2902878723376985 0.06594341225005489 0
4.089167504725607 1.879841650354291 0
4.257668778993905 2.004801581965634 0
0.8292752209239054 0.6517949646939368 0
0.5347464610082705 0.08413537596967489 0
0.5433249682413759 0.08031711968128961 0
0.05050465487114596 -0.06463659559953301 0
0.4528815343791329 0.6055692057043986 0
0.7232991382753726 0.05999434083966219 0
0.7165738334279383 0.06405753760275378 0
0.3042822964474686 0.08984195201974111 0
0.3901535996258616 -0.1100646175674277 0
0.3790114385025711 -0.1091407208707925 0
0.3168380332482532 -0.09646365139320782 0
0.3265107322151269 -0.104382393500826 0
0.319089993248252 -0.1104829442556217 0
0.3340711650905316 -0.09808836176920738 0
0.3415658404541499 -0.105117481799773 0
0.269063695086431 -0.4491861046703748 0
0.9537676130308378 -0.04019965785085515 0
0.96185762004074 -0.03379201121557576 0
1.519611481133971 0.1467298759890904 0
0.01642239258038291 -0.04275952903712549 0
0.007939594604851229 -0.04115213257423991 0
2.940549726047786 0.4927346408480779 0
1.12244042589237 1.278237752099599 0
0.05281074254722441 -0.06009501228563702 0
-0.0006303249383292068 0.03638445004550574 0
-0.008614110309614906 0.036331954610482 0
-0.05243008481623627 0.01082932873338713 0
0.8840982592818275 3.834809080217463 0
0.8471269732123377 3.668871409446465 0
0.6553345042579909 3.721255822235178 0
0.7143792877429702 0.1384614729133815 0
0.7290353292495427 0.1441437273984219 0
0.7418116022000651 0.1508651300048342 0
0.5662911827225141 0.2310133777158263 0
0.5869081946738653 0.2477909136091125 0
0.2682545840120387 0.3270373679872839 0
0.93592870948231 0.08559072383148812 0
2.859625002351183 0.998178385550275 0
0.7435137695465683 0.05989784445168094 0
0.7499452446779399 0.06016003811691496 0
0.8615301997587187 0.1116548215919258 0
2.872867624342966 5.673503151509919 0
2.804893522675173 5.907509849576206 0
2.572747650127751 5.827802548283771 0
1.165912806867065 1.01746817514954 0
3.517237127587553 1.006410084650915 0
0.3416662816016759 -0.0919529539707223 0
0.688220155076707 -0.06706313474458706 0
0.1686844843665963 -0.2726243071739985 0
0.6735191777910108 0.06251130776700238 0
0.6686255242613921 0.06686292194717508 0
0.9254970326736188 0.03744530472470856 0
0.9320170015665784 0.03628680873193318 0
0.9410769482224555 0.2597772393575785 0
0.9677423789245638 0.2562439512080534 0
0.9977141080520306 0.2813619394697917 0
0.9951118669531388 0.2518501938478718 0
2.209607304405264 -2.779435176199901 0
2.320619749784015 -2.603262516048265 0
0.6635553632416837 -0.2409017325541227 0
1.161562647803472 -2.409941870116112 0
1.312439848807423 -2.495957553299729 0
0.3338844640666707 0.2319325411140709 0
0.9326542454862625 0.05330737504367068 0
0.2797455039797461 -0.1255363643779417 0
2.215183579326389 4.763897911826976 0
2.20688786410187 5.050772151864047 0
1.923484602660219 4.926704843113145 0
0.8616996414458034 0.041425849724869 0
0.2756792634918007 0.593858111357511 0
2.285957232619327 0.5533423666172789 0
-0.03231217765074423 0.006355569842275412 0
-0.8456559233818782 1.045628934558007 0
-0.852668877204287 1.148192650737839 0
3.034387513858462 5.956067560913612 0
2.759659936020407 6.166528733086523 0
3.009202122284558 6.21965274157944 0
1.014956351504829 0.05166559417218709 0
0.1200922054559563 -0.2199539857879811 0
0.09883979322386398 -0.2259315554418581 0
0.4237098667433262 -0.09721161602765443 0
3.517743413578507 1.151988655635135 0
-0.1113846433672541 -0.4568591065271727 0
-0.09448505348425362 -0.527135484912109 0
3.280995570045063 -5.020788966179749 0
3.21987341680874 -5.297843198375968 0
0.3485463368874832 -2.070069717831231 0
0.4598114386458443 -2.196807032941599 0
0.1951336240214374 -0.292315768389429 0
-0.004946394488645953 -1.145076601329434 0
0.08208843255170026 -1.178515275745986 0
1.022848299618822 0.01429251618761905 0
0.08435839553250174 0.7222198317178773 0
0.08689088963799041 0.7946941343047944 0
4.733475658892453 -3.244260542744672 0
-0.2365107272406841 0.1179427586465441 0
0.02093429840965502 -0.04245598571407753 0
0.4220684649581657 0.2553087861025405 0
0.6217661046312662 0.06826682055774926 0
0.6292872408010201 0.06525087029101462 0
0.6326592742754371 0.07103702351946185 0
0.3267650932159433 -0.1184976873610361 0
-0.6923528428429948 0.001650867163034463 0
0.6648105329820168 0.3741920251831117 0
0.01804486498590398 0.04368520067675945 0
0.4468406615197401 0.09022872157963513 0
0.437105527379736 0.09144228980677981 0
0.4556523976996426 0.08820904262695034 0
0.4623554298275208 0.06255823647099447 0
0.4364726845878203 0.1043820955876346 0
0.4249747457797339 0.1017066839672526 0
0.9723366560111047 0.02746709943180194 0
-0.1780571108011383 0.05127475791416867 0
0.8389197254274288 0.4134126119714592 0
0.703387342140154 -0.07324639116139009 0
0.7065013611818158 -0.06384268831423742 0
5.575704503809321 -6.188538686953367 0
-0.7605198090034944 -0.3303350604199338 0
-0.02135998590185843 -1.446515586176954 0
-0.1120940862194958 -1.451205635121865 0
0.6837621609997264 0.06132077535802775 0
0.6909493961905038 0.06537483061448009 0
0.09754189387709326 -0.4069786323494397 0
3.833791389641715 1.720899140251295 0
-0.4082869476893671 -0.3450934298350425 0
0.7987229220679455 -0.2649610747128173 0
0.7983254447409509 -0.2942639044735529 0
0.3449914175055847 -0.06628160959616307 0
0.453260259639398 0.2191694080551923 0
0.5712719853359093 0.08332787946654067 0
0.5686573812011642 0.09249150009125273 0
1.516857615299666 -1.778399274823501 0
0.2547867629042032 -0.09168967112677506 0
6.615498351082169 -8.659966047599479 0
0.2247617409176962 -0.08931118586897528 0
0.2822974785514119 -0.09380284947968079 0
1.963298733942801 1.768319421414266 0
-0.01531234436884388 0.0459496140086942 0
2.04781100012558 5.292667910121368 0
1.818793983437969 5.148538077643538 0
0.8067059967380602 -0.09448159805088958 0
5.328506078342162 -1.089376954423652 0
-0.06996423812141275 0.008751578892922945 0
-0.09342396022046073 0.01811507999178053 0
-0.1054227007080999 -0.005033029738966171 0
-0.6807612795001908 -1.224981831824544 0
-0.5464382436732549 0.05728644482934181 0
1.025352270713173 -1.156110940107914 0
0.9423467893626638 -0.7890125224860612 0
0.8811595690420664 -0.8131087830554676 0
0.6714977096673622 3.505736647166878 0
0.525119593716346 3.659905407132506 0
0.5142837521920226 3.53307591143622 0
0.3624917663720276 3.591312444808144 0
0.3192079418519559 3.418074248667424 0
0.152191789122694 3.476861733240541 0
0.1056937791908811 3.329216257807313 0
-0.001180267780007874 3.382907289505811 0
0.01549323722298025 3.207046368415352 0
-0.133987167507902 3.320341651574756 0
-0.09106030203480442 3.083384804396952 0
-0.248257301322426 3.163830323750094 0
-0.1864597192825001 2.950490923096908 0
-0.347684969585249 3.021094194961356 0
-0.4400229334544712 2.861286784749727 0
-0.5551512938869076 2.948121954449827 0
-0.5936780640449927 2.778818273691958 0
-0.6659165904169326 2.893945029867724 0
-0.7241023597598153 2.697917663936261 0
-0.8040020933107435 2.815522530711192 0
-0.8230732353601262 2.630266081249913 0
-0.9748477553684216 2.710320785399576 0
-0.973605687485249 2.498585214321547 0
-1.118153538634476 2.628039067484317 0
-1.125417155377466 2.512453615991785 0
0.3810907200421669 -0.09707233177217875 0
-1.830739015164609 0.327997380907398 0
-1.831814974448263 0.4265093187610634 0
-0.466391543646153 0.2835257761689138 0
-0.729383384446872 -0.4082505701541418 0
4.446137564990944 -3.194829826599556 0
1.578543368069767 -4.540236266124228 0
2.130967706618923 3.634584614037521 0
-1.520100253841136 -1.155186115123392 0
-1.657026436754074 -1.180716243731138 0
3.012969054083938 -0.06266922214742661 0
6.482868055663245 6.939527104802231 0
1.806999408671109 2.616467302376658 0
1.915191294798343 2.747422245596746 0
2.05618183670355 2.650202714662946 0
1.957175978587859 2.518653183581885 0
2.210670595293397 2.553944668110259 0
2.128190821683445 2.795641203160668 0
2.335394046676384 2.724669321403105 0
2.336822091261384 2.939969953187243 0
2.10900110350247 2.41548628856998 0
2.511076377997717 2.773055613908932 0
1.411977953767706 1.127035922667773 0
1.501814294133817 1.179783711165151 0
-0.254863032428115 0.1540086595100982 0
-0.2917589282732772 0.1290037816643809 0
0.06684492097269389 -0.1925484062197509 0
0.3699161921277719 -0.09824607593370002 0
0.3676987336204647 -0.1090008092167824 0
0.8007958030907036 0.1309980332601462 0
0.8116732657629945 0.1245776162367749 0
0.7889914849608025 0.1350775318410117 0
1.525538270703467 0.4021495444261053 0
1.540309089097278 0.4679179608476668 0
3.666502618949403 4.627272864855858 0
3.914101375650187 4.797328989747934 0
3.485031028651647 4.42989868774501 0
0.6137377497241516 0.07117239390817962 0
0.5732378947086264 0.07094207204240388 0
1.991257126564417 2.29161802007085 0
0.08044913900287276 -0.07280429867443952 0
0.07669046342969901 -0.08109722839811741 0
0.07945260586820717 -0.06611017079075435 0
-1.635884760980822 1.746650792396605 0
-1.133647236866645 -0.6996683523118555 0
0.2746848216933076 -2.003648434462763 0
-1.489480672498615 1.74569882292039 0
0.4870337647412283 -0.09965443503284072 0
0.4863100877086589 -0.09068999258790968 0
0.001912148660131238 -0.04348746574289645 0
8.061145704117039e-05 -0.03717340815515646 0
0.006567314851229297 -0.03486788349677606 0
-0.001576782421297462 -0.03134307068453127 0
5.234258744108141 1.398398523630536 0
5.143886931164209 1.740084399872161 0
0.6717537969351539 -0.2741962866316004 0
4.023048050319438 -7.977020036656253 0
0.9451989445044255 -0.8391089705569775 0
0.1458943886551557 -0.07714338009128052 0
0.003437194427841778 -0.02981287369406542 0
-0.003065415571397177 -0.02611882629815519 0
2.11474399634477 -2.549920440238886 0
1.366115419304486 -4.532018151661026 0
-1.580046365605421 0.5395730158239835 0
6.085731551050165 8.843821220623143 0
6.155315746988634 9.542566786745093 0
5.659090342875146 9.668566603124734 0
6.116895447248929 10.05029200569608 0
5.723810343005107 10.0442686880558 0
6.091121457476483 10.34404452035472 0
6.230858674806748 8.473282909232287 0
-1.095976923241229 -0.9456652879871729 0
-0.001507387566446791 0.02950831199262423 0
0.4768457212263263 0.4867358741162776 0
0.9272380832610768 -0.05344405100016125 0
0.9169797780134874 -0.04180883524085448 0
0.9258738122608116 -0.04139415466076585 0
0.2537671643063814 0.4392609083503382 0
-1.22442094051081 -0.8135417177491986 0
-1.714191389792399 1.216531004934952 0
0.4438187034664298 1.000050933150205 0
0.7501921038162991 0.05352162757411515 0
0.7560065781449608 0.05350052531493527 0
0.7565941648581026 0.06001024562210348 0
0.7632537085057578 0.05820916969858043 0
0.7614561527336781 0.05204576471175681 0
0.7696370350962974 0.05515899599356231 0
6.49883458094076 10.18209010502375 0
6.33294479237845 10.50827792035363 0
1.137836695420309 -0.4375650721534484 0
1.126839795789267 -0.4891106240941286 0
1.116482306747088 -0.3679183183577494 0
6.177249907640794 -4.66630277367469 0
6.149642238781664 -5.230091640298642 0
6.317000783999127 -4.317406845564351 0
6.376190067414797 -6.5641269036402 0
6.458071574671385 -9.013550381672941 0
0.7336204993061295 -2.949041157734086 0
0.6528933393212761 -2.702014324846342 0
0.77824517673727 0.6738066750948561 0
0.03400983494541233 -0.1683169039995 0
0.02899278153564166 -0.1801876294080551 0
0.01827258658712035 -0.1632498363940799 0
0.703843090746237 -0.2743206942491633 0
0.6359708743562436 -0.1776019070092758 0
0.2212641792024261 0.1330946540546629 0
0.4076867459841247 -0.1876729527448012 0
0.4195621599329574 -0.2057230470602244 0
0.3986829954666741 -0.2111401146577688 0
0.03040302896239184 0.08788489589113155 0
0.6681147720145005 0.05843393708648927 0
0.6635022422232142 0.06228940623650634 0
0.1583432601677412 -0.0878669396465052 0
0.1608345484860522 -0.07981770727468239 0
0.6945842897887894 0.05933384828234238 0
-0.581825230018452 0.132102751454133 0
1.767120672859611 -5.098594042483565 0
1.919102295510409 -5.263505661432148 0
0.04533368661097349 -0.06206784355321833 0
0.04924921335430055 -0.05624447335127128 0
0.05536313341138108 -0.05328402909959499 0
0.0317904958304262 0.1375539946010398 0
0.04076881994236666 -0.06750545449920117 0
5.995955476375826 5.240343089508997 0
6.425255067401107 5.521091127274599 0
0.5370427747843322 0.1189343299946935 0
1.124779089878559 0.05669013161585088 0
6.495661601983528 0.8547610306800049 0
6.494443782815321 1.295495109771577 0
6.514971196257423 0.438644574960126 0
6.148553104872962 1.256075449060274 0
6.480381875780475 1.741910279199566 0
6.116927370195393 1.681261411980976 0
6.465247167523422 2.19260840491721 0
6.025628717227041 2.168996193226232 0
6.464062773244028 2.63276978393694 0
6.106850926889526 2.630198139225036 0
6.459203604627406 3.050787408431123 0
1.005983442339113 0.02308255550586022 0
-0.8239130804585585 0.9106744728598163 0
-0.8777570573910355 0.8223704227750422 0
0.8899807130081068 -0.04967284605822114 0
0.8856160416218768 -0.04289280824507076 0
0.8914738464548567 -0.0388948289206667 0
-0.008930337130620717 0.02696907625099642 0
0.7061497939463663 0.1299483753924395 0
0.4902538908315699 0.2426317638836018 0
1.347740305712679 0.408180529996242 0
1.278852152384656 0.3643267147852021 0
0.9764043077335121 0.02263798064421387 0
1.127325898304854 -0.002502764515895101 0
0.7724242773132014 0.06164368713644423 0
0.7784970667121436 0.05811158694186386 0
0.7757919217592658 0.05217279815664038 0
0.7823093854426277 0.05527084266710887 0
3.739147588309207 -7.773815288503007 0
0.4206453174220403 -0.4325242200353587 0
1.135853962591939 0.09145835665062696 0
0.7345384003547891 0.6413051304274603 0
0.5905932015323927 -0.06915145921200389 0
0.5836644436227987 -0.06884020743375137 0
0.5823958710625908 -0.07657326426568997 0
0.5745291499373373 -0.07460889148448076 0
-1.821818207426897 1.627795320770582 0
2.875084278273067 3.42857401034594 0
3.102017285241263 3.698246899538648 0
2.607865896915451 3.377222182780888 0
0.8394717176721589 0.1108084728687883 0
0.839858608128362 0.1195307697808238 0
1.499811260411143 0.2280694187998394 0
0.8704181079741119 0.03757759663041955 0
0.8776221839517709 0.03926938744915288 0
0.3719532585674818 -0.5528281284992301 0
0.3745110474108047 -0.6033180113600382 0
0.7194809762210093 0.05466718589669307 0
0.9183460864910831 -0.03356157062276074 0
-0.120510829704028 0.2997870589187412 0
-0.1363984186386228 0.3344640725751937 0
0.4497953240898239 -0.08553941484988589 0
0.9750901773004912 4.238382928714164 0
1.15186691340954 4.218942025692344 0
1.293896997706619 -1.365724244354299 0
5.679891718331546 -5.211132220394793 0
0.9021273516503864 0.09878275591774312 0
0.8951758455840908 0.1066248755986359 0
-0.7930503452452031 1.118734774858936 0
-0.7662724857055729 1.2038096050748 0
-0.6698776560775908 1.181909628435049 0
-0.6562017762545173 1.28646797118825 0
-0.8550467072804987 1.217777108489347 0
-1.269941238177088 2.546433701954877 0
-1.302102150095038 2.397365400095586 0
-0.5588639075884659 1.281116197062025 0
-0.5582402293197587 1.379504959251893 0
-0.4615724466345093 1.295077449526352 0
-0.4721392127006255 1.395394380773467 0
-0.3647931899965984 1.316833076461579 0
-0.3781239445586847 1.423556354427231 0
-0.5004655146742344 1.48633077137539 0
-0.4090288114934536 1.529636951279264 0
-0.2745945140907659 1.441390045226323 0
-0.2950544528122224 1.586908029678322 0
-0.161941970557891 1.552201873140392 0
-0.145689282081394 1.67331938137453 0
-0.03580835025016064 1.62242671351218 0
0.004034263489781613 0.02938833375114787 0
0.7352165983974034 -0.05458347483032953 0
0.7263805002963918 -0.0561020913809163 0
5.240687378157226 -9.484966777109724 0
5.545065176581751 -9.760885367949363 0
4.914893071283809 -9.102123693854958 0
0.6365091373766874 0.06178152056535351 0
0.6401978442006215 0.06728244470912527 0
0.07660365692667981 -1.428385975172896 0
6.463088877392602 -7.069319226156868 0
2.303320844752026 -2.413474864247839 0
2.519469588438368 -2.53835550148565 0
-0.4904054796313247 -0.1198738936186573 0
0.001659875511505481 -0.02538913340900137 0
-0.004327674515612489 -0.02124433881914228 0
0.7051625736816189 -0.1225016835833041 0
0.7152187008416407 -0.1140565727410675 0
6.452037831162413 7.227942146073502 0
0.1489131267978335 -0.0584193118133869 0
0.2486193071299019 -0.1204738132942686 0
-0.05920589030801655 0.1843266523045498 0
-1.624867697336354 1.859374792840133 0
6.387459165220766 -2.765410759772859 0
6.413024692244917 -2.346796849583665 0
0.636228581693046 0.07716311053827109 0
0.6439639428739865 0.07311749733406141 0
0.6474685089902632 0.06372330000444125 0
0.08305076247885097 0.06957042953784418 0
0.09381873842024487 0.06912739135723153 0
0.09728685853730661 0.08045033988959026 0
0.1006636936950321 0.07183351519520569 0
0.105310688544836 0.0824503692590275 0
0.1095474869842227 0.0737415589839208 0
0.1138633492963917 0.07844818837444298 0
0.4664944214114686 1.080719838162933 0
-0.007750118418368881 1.730925958616444 0
0.1003625489995387 1.672667293268391 0
0.1403446912881797 1.774319322789704 0
0.1855227870264505 1.894421830303086 0
0.3028034435138973 1.811874086393627 0
0.2743987555148158 1.944335521539198 0
0.352938958409433 1.906603818683915 0
0.07269766567914027 -0.0605499129324805 0
0.7888561220797747 -0.06267030787523439 0
0.779165034965869 -0.05715752266858018 0
0.7870040765408358 -0.0556003762579788 0
0.7713413727717239 -0.0582544831670737 0
1.083964890854976 0.2571172304003581 0
1.127327993773532 0.2755557107482516 0
0.9641200339160393 0.2297779201497033 0
0.9948883871632328 0.2196591662606774 0
0.9055763478751493 -0.8715127675475683 0
-1.364174413119498 -2.195295819816502 0
-1.21740530171901 -2.277779247377506 0
-1.041604405535512 -2.190060497487844 0
-1.072027963629964 -2.349566164209464 0
1.494407255334933 1.310804637397712 0
1.598392366574906 1.28876784087271 0
1.634780166439072 1.120969218158657 0
1.701993054662808 1.203140727397334 0
1.73173620212724 1.067403865617102 0
-0.005984247261462989 -0.04616218809789915 0
0.6626743627487434 0.07085726114985906 0
0.7711376091412764 -0.0511144807809028 0
0.764248619233123 -0.0518707355839628 0
1.398222069866955 -4.327402294272108 0
1.171073540872626 -4.490308328238594 0
1.20556849099139 -4.29957172201583 0
2.976584513790804 -5.178652189136329 0
2.883386454876979 -5.427938721339664 0
2.645020117855689 -5.284815283157887 0
2.769389410227092 -5.658678990384781 0
3.004690787360604 -5.796439534569207 0
2.643878373580976 -5.851761762060729 0
2.852355520536141 -6.001032326024871 0
2.670416937175105 -6.183420571512467 0
2.894832438218264 -6.370039308938007 0
2.492075337404316 -5.748691146663313 0
0.6172181627830804 0.1397863249551033 0
5.374032338911991 -3.947309581051155 0
0.4230246592348302 0.1091989826130642 0
0.4153864247680524 0.1011935670065577 0
0.4171438429439721 0.09019170129909591 0
0.4010056559525696 0.06466101556384496 0
0.4049325947695979 0.1015571415764949 0
0.2521124560670209 0.1723898137062356 0
0.9256218125079831 -0.03292726432201648 0
-0.004630808704487272 -1.559755916370851 0
-0.1123322774907079 -1.567990581652146 0
0.02847374926449974 -1.674299167140839 0
-0.1050082846380012 -1.742376214004377 0
1.383291139062568 -0.4404298601597145 0
0.931571355022547 -0.1035726142484207 0
0.9171105734705794 -0.1175761705312683 0
5.769547033300871 2.379070964124693 0
0.4773430583057661 -0.6888060265291707 0
0.5557757921146794 -0.6954215088150548 0
0.9594215991680484 0.05509541049907962 0
-0.09990544524341374 -0.1316403885610014 0
1.582071520874741 -3.92129560273261 0
0.9299925162416051 0.02996039711732767 0
0.9381791443812224 0.03531531398137323 0
0.009916713640711233 -0.03070945332722709 0
0.4944845491555834 -0.2369872750996617 0
0.5111940182522252 -0.2515874213652058 0
1.912681178591961 -0.8765913892614243 0
0.7128546737894396 0.05836912851201194 0
-0.5812257172442379 -0.9323958984184504 0
1.009080125474387 -0.5154693959046478 0
0.4114353329281183 0.2884300484073378 0
2.46523429037022 0.8524804483593108 0
1.09801335598276 -0.0619612102331305 0
1.119989094841348 -0.0827985225214994 0
0.3001044292419996 -0.1192979468644973 0
6.369523753986559 -3.292715054869253 0
0.3519596637702659 -3.213628022721701 0
0.3635898424897532 -3.394794998858722 0
0.1825858876660703 -3.43051594869682 0
0.4000222272764772 -3.574608753205441 0
0.4619610361564908 -0.1173926098510785 0
0.04417007340321408 -0.05541081760482935 0
0.7375312501287602 0.05292807789934681 0
0.01498076947392167 -0.1807831160436237 0
0.001303147125071473 -0.1566877194155722 0
0.3891049576083929 2.012813956549137 0
0.505465657369836 1.971707634086108 0
0.5584274618127011 2.078239070055612 0
0.5724540244634981 -0.5665658120898935 0
0.5990485793201815 -0.5333879424629665 0
0.6407563071914715 -0.5569026330204148 0
0.9825662800816632 -1.240979587871805 0
0.0143107735321464 0.3040324535004799 0
-0.004054819131230613 0.3308177694138873 0
-0.008412456196677168 -0.02636544516875853 0
-0.009285827152618359 -0.02120222169385206 0
-0.005362063779695263 -0.01674939190340871 0
-0.009968243788602369 -0.01645842110613808 0
0.2505205630596007 -0.2150845948172004 0
4.046611962528191 2.194766769105989 0
-0.04343052093334995 0.773298403226622 0
-0.08408044185140851 0.7181714151358863 0
0.08868973541256013 0.06518405371695939 0
0.5920557726731424 1.068843463577797 0
6.431444630428128 -1.340629569169735 0
6.563857604351056 -1.017675083983384 0
0.8882404670099087 0.6253890723450529 0
0.8903879299862636 0.6738975209434422 0
2.447879483303646 2.546623951379074 0
0.4832561032697327 -0.2288070103408428 0
0.8780918435880561 -0.04593676890423885 0
1.222581104299223 -0.1360448713046288 0
0.9917791223443573 -0.1334433627708966 0
1.016188205218916 -0.1516125414686729 0
6.571128006561624 -4.899548744134027 0
0.5471759553035109 0.1104212551815249 0
0.9504943716874887 0.6507104174218505 0
0.9254394215539282 0.7150997044170238 0
0.0625994125466347 0.05788868614677634 0
0.0704089249927921 0.05875570013782786 0
0.05507671313138545 0.06061145834672738 0
-0.00487619851278606 0.02324358148359803 0
0.5711155248620279 -0.08095670873273772 0
0.5666233919607766 -0.07738203394905387 0
0.5690697521542154 -0.1181812831421659 0
0.1178741758869747 0.07115015930660966 0
0.1191499071034626 0.07756588795762311 0
0.1250458899254547 0.06955813334729763 0
0.1275549894064142 0.07752216175613459 0
-0.545469735989764 3.090211761432156 0
1.527004181449419 0.05681320829083671 0
1.461799416434221 0.02580879308017649 0
1.530275009358839 0.007654704865851951 0
1.49483466331772 -0.01632885227055296 0
1.535012224591108 -0.05565631671137736 0
0.3926638862625536 1.020750373243863 0
-1.143786679072176 2.362131740220645 0
-1.346977462680274 2.247004230628754 0
-1.501622388054203 2.315196309935004 0
0.1978962866694965 0.09563881113123039 0
0.1895935778851813 0.08731907010359166 0
0.1983742422098527 0.08726837196930541 0
0.7816041874261899 0.0504975197003945 0
0.7873987861878268 0.05015128070821875 0
4.223456126290767 8.333808805907781 0
0.523267039271238 -0.08039423509850172 0
0.5328076706966575 -0.07771801501943089 0
0.726176340469032 -0.06608553076807716 0
0.7105861926696836 0.06818931334933946 0
0.418248410871398 -0.228955311706573 0
0.3999557208237085 -0.228735327104577 0
5.993745310435641 -0.2358665248090633 0
3.65105900752219 4.341153633799626 0
0.6504140826387695 -0.1931845374766122 0
0.6305212170510776 -0.2010490860985822 0
0.2615490226982812 0.7111090860065548 0
0.2730025698297497 0.7657132583647709 0
0.9549764501550292 -0.03013924220589862 0
0.9626337761315477 -0.0253759620767912 0
0.969344603740663 -0.0316181778410155 0
-1.456740159926775 0.5210434869327233 0
-1.458684939057191 0.6492410732930319 0
0.3525073103516368 0.1242806019554612 0
0.3459458331433468 0.1168872763488433 0
0.3588098364955502 0.1112735069323962 0
0.3473947699269367 0.1037268295149252 0
0.3583091965245042 0.1014284104320117 0
0.34912756949819 0.09315725941643138 0
0.3391288505417928 0.09447574609848829 0
0.3377885694088772 0.06653468257256995 0
0.3592678652752956 0.09166268003182315 0
0.3679223990490089 0.09920292311913576 0
0.3687370191901091 0.0904612139590998 0
3.088418329998354 1.240553658126488 0
3.910665270393137 -7.516864640280306 0
0.2687007455953624 0.0979356541968459 0
0.2619807666346384 0.08930353808457765 0
0.2710958816781975 0.08907478618337732 0
1.184516591989456 3.502619664051456 0
0.8701404569050913 -2.658114188849446 0
0.6946195517606568 -2.499566705082635 0
0.5649099782744474 0.07728620023148865 0
1.291728745327368 0.4262408633005466 0
1.229310973049103 0.3973737524670434 0
0.01909258255377584 -0.03725692323762293 0
5.782394882433533 2.648754333206233 0
5.486011435885133 2.644946705506565 0
1.562494606064908 0.1930112038994146 0
0.3836962933087288 0.3690063216711879 0
-1.861541012698066 -1.015199686996302 0
-1.884019987188434 -0.4619159763663772 0
-1.902955801710913 -0.2895705565254582 0
6.133795434994235 10.81121919880833 0
6.460031235528247 11.04018790077049 0
0.008761415436286007 0.06941075774009055 0
0.7984882267597991 -0.2370223900841055 0
0.8229858060736449 -0.2328139648321779 0
0.6105723701899688 0.06363601519615897 0
0.6022530269417509 0.06798308283290402 0
-1.844938091098294 1.023942817157161 0
-1.841439875735519 0.8603453494635899 0
0.7533723873601522 -0.1330759497862339 0
1.50863969580156 -1.382885666315484 0
1.623905797111103 -1.35560833364569 0
-0.4240662758239255 2.736207764621259 0
0.558900514965792 -3.497638990294246 0
0.4706269369301841 -3.742859824500426 0
0.9670236719158101 0.02321638210012196 0
1.329454517517494 4.179454514141133 0
1.393681821488292 4.402432638128277 0
1.720329489371381 -2.682270846120614 0
-0.633151651265203 2.586220047866856 0
0.7232171021616901 0.1547683082736427 0
0.7349200262598812 0.1627043213398113 0
0.8584072338822488 0.0470305917721802 0
0.8558276705223029 0.03902211435753111 0
0.8526643789151989 0.0437339659786793 0
0.6345270172094001 2.026398390470523 0
0.6463050536126775 2.16680475248156 0
0.7373752689636792 2.054977325122302 0
0.7530483817598883 2.245368897182201 0
0.6508977931594063 -0.1161611617657997 0
-0.4791512489932094 -1.577724652645899 0
-0.873103055727193 2.939929999029518 0
-0.133806198350998 -3.312448663005047 0
-0.2294046761847442 -3.252163775645211 0
0.8880313144915224 -0.03549679320100056 0
0.70151259537481 0.1432790039635042 0
0.6974247161624429 0.1325044177242806 0
0.3023367848508074 -0.08868056795631259 0
0.396395075174574 0.08958001833981249 0
0.9235717785856122 0.03150843537292487 0
6.755905468548677 -6.850323454119494 0
0.5802186508510533 -0.08668406390089854 0
1.56918459561561 0.6414197369994143 0
2.704080368113558 6.433743605923205 0
2.966917273727153 6.503290779855906 0
-0.4748601250988633 0.03364036166800596 0
-0.4648295396073885 0.09890523717023389 0
1.18909766353964 -0.8048585812826814 0
3.933130593956268 0.5519339596764009 0
0.5379830925666528 0.07403067081022455 0
0.5299112084538754 0.07706982636444076 0
1.793961376575289 1.138771017983283 0
-0.005734427871743165 -0.01277363419023252 0
-0.009983745428382386 -0.01190046100048168 0
4.199368499983455 2.425910798723342 0
4.528199591420964 2.233338967641522 0
0.2529073181660935 0.08894729411656392 0
0.2427621846558459 0.06520502415794775 0
-0.2807693324558849 3.35118892249656 0
0.4871162983350099 -0.1090703015926525 0
0.09685133610766081 -1.08358977385913 0
0.1796417928460874 -1.110743564688052 0
0.5013499365718905 -2.596231263226027 0
0.7551497748789163 0.1580492594438549 0
3.944737453483008 8.100694128324573 0
3.966957180059373 7.713052689479786 0
0.1809568042148649 0.08636376663723075 0
0.1834647502366997 0.07855562168953348 0
0.1732896023283583 0.08319292015786528 0
0.9062875983155899 0.3461277671417363 0
0.8716948317090751 0.3242887232443984 0
0.8795092870882881 0.2981156336192659 0
0.8440632456572421 0.303251004920163 0
0.8631798568989368 0.2839003860208994 0
0.8802915508169612 0.2657526561710187 0
0.4732009327823324 0.2543525051113621 0
-0.0149385164612051 -0.02037856300747547 0
0.2667457308548724 0.1794900280899978 0
0.8334322170196297 0.06392728609822194 0
0.8260088191079731 0.06005254540661982 0
0.8297205131119829 0.05406566879803378 0
0.8244964058632053 0.05240794780232195 0
0.8324716741118611 0.04621991266559018 0
0.8226264451680226 0.04671860368021413 0
0.8165226813562515 0.05134595556211592 0
0.8174294798523052 0.04396883953094581 0
0.8132789451182916 0.04643586573672281 0
0.1364896389535405 -0.1279012908274829 0
0.05059555287132481 2.998656927773447 0
0.2370109432049152 -0.0904092640131936 0
0.7730112034414669 -0.2974417448500381 0
0.794773667680602 -0.3212855518279507 0
0.2614244775206338 -0.08994901106631195 0
0.4723801332785296 -0.08752960535311059 0
0.5453485597544978 0.07067581738003459 0
0.5035118662140327 -0.1396194122088405 0
0.6253967711950978 0.2495003393790151 0
0.6084737229579744 0.2643615832232924 0
0.645849172874315 0.2638617475031088 0
0.9901035284302919 4.426656954041551 0
0.7219023014962153 -0.06090797583695304 0
1.177848077272225 -0.4522085491419406 0
1.186704144388201 -0.4915220531036213 0
1.11473482902609 -0.5461458114362635 0
0.6260731568066145 0.05974891916241651 0
0.8302856876572723 0.03858799761764819 0
0.8389695107064524 0.04149738379255996 0
0.8957993166606244 -0.03386916712248352 0
0.1697906168771909 -0.2942412228267088 0
1.63763733533172 -2.851262666837121 0
0.335219928514535 -0.08571531895764171 0
1.044680135650673 -0.1448637791548863 0
1.030007282333106 -0.1644608083965809 0
3.332943829086493 -4.533459996771285 0
6.625817290996116 8.638094144885807 0
1.696417017619624 4.813019712296204 0
1.594719964596084 5.015402590080302 0
1.484426237038327 5.19301611299184 0
0.9256758293662742 0.1096969322936396 0
3.680997747883732 7.86789037836018 0
3.70864975136573 7.504501368402578 0
0.9192898921346463 0.06724490718423963 0
-1.25109058208962 -2.442671371181695 0
-1.100421487969436 -2.516195768941426 0
-0.927337945679383 -2.409752549597258 0
-0.9480533239040906 -2.582794757859799 0
-1.281504599633542 -2.609944762080217 0
0.8194858802842686 -0.8380151148495342 0
-1.857509687817753 1.18578849777446 0
1.001190665114169 -4.455878780355525 0
1.014333195538914 -4.273373249261089 0
6.346024822234243 -6.084315620023188 0
1.813253671481892 1.015406316040975 0
3.983568569674286 7.361481066198137 0
3.653465351530809 7.125209988846545 0
3.477925580800164 7.289638627537174 0
-0.07758728056848072 -0.4164059959084851 0
-0.1199417542715297 -0.3852100715279053 0
-0.0451351627689442 -0.43909139074174 0
0.8109530405718313 0.05532870764144983 0
0.8076937673069257 0.04993191874547675 0
0.8050084455873174 0.04456360466611575 0
0.7761056738331373 0.1342984219028481 0
-1.337319697616162 0.5084698263551491 0
0.3124868122983286 -0.08369319806527173 0
0.4379212368153564 0.08114075206431623 0
4.596571134676679 2.623169454299508 0
2.098781525164927 2.175799004917452 0
-0.01157321412451636 0.01962086346268264 0
-0.01929505952257986 0.02562789747185646 0
-1.405058143915021 -1.040871229470945 0
-1.396252444273996 -1.144575283049785 0
1.156063887800062 0.07633053186371588 0
1.467144987478932 0.4862334570735216 0
0.3813486758487328 -0.0867961617759278 0
0.3706964828724538 -0.08887497710379257 0
0.3988291107095448 -0.06476840254621408 0
0.2651229092944702 0.08119050535722977 0
0.196903564798582 -2.083194271016844 0
0.9392620715305413 0.04008494762950771 0
0.7103953871813565 0.05245116178245118 0
3.466424121849309 -7.569389653937717 0
3.646844211131633 -7.332590007407647 0
0.1249197004443033 0.08328140079953468 0
0.1335111252164009 0.08363277988349095 0
0.1353078550550126 0.07312801391154898 0
0.1396249022502135 0.07961347321327268 0
0.1461088362795394 0.07510798761355313 0
0.1508743293508086 0.08113374882768341 0
5.878897612479497 11.17670468224284 0
6.300713632213504 11.39035021492533 0
-0.006182415564491412 0.01371485541091957 0
-0.001227992267746226 0.003256040133078279 0
0.02273930706588637 -0.03922257820086825 0
0.02612661972100217 -0.04170339846824178 0
-0.2658043439958899 0.4961596538038605 0
-0.2461443600534932 0.5513618417978406 0
-0.3048358461390316 0.5739072802266949 0
-0.1909018366502797 0.5247967029642709 0
-0.2254982959852543 0.6062490406499832 0
1.06838036871791 0.0656146110068887 0
1.063587576440166 0.08870905232864759 0
1.075506642257326 0.1082762350765814 0
1.051278921930791 0.1191034042861641 0
1.039913196310706 0.09734584336677668 0
1.028379386411292 0.1295167835918418 0
1.060916308030604 0.1394648366355809 0
1.036011025678274 0.1533150979839449 0
1.051131391400448 0.1649235857957832 0
1.01096417462311 0.1565208819781012 0
0.7736088555628663 0.0447633145794563 0
0.8081250475945876 0.1422676720359055 0
-1.951190111987067 0.4094210134628671 0
4.728062380002378 -2.943472504976622 0
4.474322758902769 -2.896350192150708 0
-1.515767693645162 -0.3058910300691632 0
-0.08038023048049851 -0.6727843942868297 0
0.4287649921179674 3.74485182478398 0
3.22132297772366 -7.352530587272573 0
3.40804108102679 -7.142486327847299 0
0.193400200772185 -0.317823207984237 0
6.442285830522223 6.458267104491329 0
1.99585765938498 2.117328343909564 0
0.5677742095004583 -0.07254382921010757 0
0.5608718323273779 -0.07158059463046579 0
-0.7838046360752677 -2.461023501113364 0
-0.7972250038331945 -2.632521646663092 0
1.496128043831483 -0.1008281306105371 0
-0.0977949750192606 0.787507597507315 0
0.003360678487739055 0.02459943291297706 0
5.381735130174864 9.754246120975083 0
5.344173057346593 10.02497062999561 0
0.68757831188816 0.05573961088982422 0
0.1542264247847348 2.028089974814268 0
0.7872048368665228 0.04362618251243133 0
-0.2777269375922017 0.1935494197434926 0
0.6266845428634061 -2.114320879630364 0
0.5912747263591657 -2.221239389514319 0
-0.008422257417994943 -0.007834688751561803 0
-0.01209042079953481 -0.00488605537872125 0
-0.01721304086524325 -0.01106859632704321 0
-0.008326853381236453 -0.002017543479917453 0
4.546311182544581 -4.840837761337967 0
0.5637451552997834 0.06687364235298611 0
0.573917072915164 0.0629272908793989 0
0.3128844507652963 0.09909853482196812 0
0.3131054818933947 0.08995635824123646 0
0.3940458557905422 0.101133556528144 0
1.240684137722608 0.4408001413651814 0
0.9828889735040307 0.02623725593984203 0
0.9859244634566519 0.01988643820441833 0
0.5729593274050617 -0.2631169935551375 0
0.5956040440309383 -0.2506904828831054 0
0.9696188105080754 -0.02610118145409835 0
0.9765128521335227 -0.02616428274781005 0
0.9768078496542314 -0.03591201302127726 0
0.9867208457808578 -0.03116024644533876 0
0.9832560127117074 -0.0241870275312874 0
0.9949696077012584 -0.02613307068683977 0
0.9557111143403745 -0.9162567530113683 0
0.9077604064197248 -0.9812945639456204 0
1.018401823905357 0.2267508489496144 0
3.521980148819596 0.7743356672322539 0
0.7869448204897086 0.05687710676209332 0
0.4461538618534138 -2.327222790056946 0
-1.965063200566576 0.546730510400711 0
-0.1163767712893717 0.0283015286174722 0
-0.1317693123176759 0.002612231563949523 0
6.863294936545308 10.41167229707047 0
0.0479382651129856 -0.0502126109973654 0
0.04288073828394568 -0.05164783577770395 0
-0.08070560046439126 0.2062594704126477 0
0.2962559861417378 0.08867754794965264 0
0.8211451642202413 0.2846802605694385 0
0.8219741324920669 0.3220980554841011 0
0.7451925689496275 0.6842931539059264 0
0.6903002786663783 0.6430330867634506 0
0.8519006002283962 0.03733144942052867 0
0.8462074059141753 3.484335254763939 0
0.9908457415166263 -0.03939643088549627 0
0.5700345429232094 0.4023980575741887 0
0.8511527680370289 -2.489503285309085 0
0.2592492579828204 -0.0809632118341949 0
4.708083092272875 8.855787637769094 0
4.906503048164299 9.16546858542595 0
1.339996957095849 3.217177507064545 0
3.940170840724468 2.554315204235983 0
4.40509857484119 9.010964586839542 0
2.425528749243037 6.353390067917945 0
5.459795192964659 -3.16046004074314 0
-1.344388261578081 0.638103052375412 0
-1.206370573336502 0.6386195355332114 0
0.5712367224917116 0.2626435451276969 0
0.5516941686333949 0.2459001225468844 0
3.389382103301551 4.196475106077765 0
0.4409212168194666 -0.1233225753213805 0
-0.1127674723802307 -0.03032275679412485 0
-0.1406634445172924 -0.02526708760315897 0
-0.02796590082027281 -0.1329735586302963 0
4.019890999791126 6.956932440042224 0
2.884853410220518 2.972080449060936 0
0.08731542275676993 -0.07133486000090586 0
0.08743159999640758 -0.06390476897725549 0
-0.05517206412207647 -0.1222050683837483 0
-0.06077534408717951 -0.1026983840611772 0
1.861613127838161 -1.026295325144675 0
0.9086641077935679 0.09163262465015155 0
2.223841413585959 -3.140084489271314 0
1.570341281062922 -1.138621534268352 0
5.537335823609338 -0.4615382436097666 0
5.222385850988992 -0.3116749797768746 0
5.160598771825628 -0.6304855262726261 0
4.890407527452515 -0.5083009477737667 0
0.009783473905647414 -0.1417115986934644 0
0.4948758903669097 -0.1068932047113753 0
0.3795005627625861 -0.5050404398986073 0
0.3491080790478061 -0.5185761491204282 0
6.446482506697392 -8.000503582186969 0
0.663571895120766 0.05488898236600496 0
2.667615843969974 -6.603722270643818 0
-0.6454218928513179 1.389452065023069 0
0.967562720798346 2.552294886285839 0
-0.1169097881100719 1.789618469462813 0
5.891251304871166 5.744599077416294 0
5.490282168238205 5.2671727190076 0
-0.3365925295653076 0.1649206979220098 0
1.152988795652315 -0.00828620677117882 0
1.147306842250493 -0.03797701300197829 0
0.1278525652438173 -0.09837485077121594 0
-0.9751596046078744 -2.758922058007885 0
-0.78454683896594 -2.838428150982555 0
-0.6656775999916278 -2.787744993984431 0
-0.6364886978935315 -2.985437079724887 0
-0.005099012852542072 -1.819688405752484 0
-0.1579172691279809 -1.904432113347002 0
2.037590168565651 0.6391693657470995 0
0.2314336923100766 -0.08478592024140981 0
0.2217095908661515 -0.08456072704445235 0
0.2388146330454024 -0.07932919512971048 0
0.9831779375137609 0.7090386980888699 0
1.236888973138872 0.3327033780319632 0
1.206815952078254 0.3633923938809018 0
0.7384261093441093 3.912516895686708 0
2.630954980789364 2.645733828797848 0
0.7585012022071956 -0.1212519116246298 0
0.746024030049138 -0.1163231552601926 0
0.5479783824596419 0.1178754911211226 0
0.5379998261136889 0.1272434383770922 0
0.5587755120171692 0.1155804976062607 0
4.307272063375327 -8.191970437282903 0
0.5144360431396398 0.1617302404831027 0
1.209826287961867 -2.576165460937473 0
-0.01512596279641731 -0.0003041814232034319 0
3.036526177305269 -4.920553162928308 0
1.647062940059876 -0.1958327957398928 0
0.166722211203832 -0.08972887555781579 0
0.168999470507985 -0.08082146413453063 0
0.1635882668915568 -0.09868601388685945 0
-0.1677184874158453 1.433268769576393 0
0.6052688279825875 0.07422702356810025 0
0.7301806167308453 -0.05092604440958707 0
0.7381270479507984 -0.0482755431831161 0
1.86982890608753 2.158294375572337 0
0.8396567276561209 2.141245892592686 0
0.06007624160033473 0.05277773314730382 0
0.05482388182283381 0.05358919898093045 0
0.7755006984366108 0.0683936695712019 0
1.956291287554922 -0.5996917779528909 0
0.1033075079279992 0.06441791907931815 0
0.3399918933595101 0.08343517324749659 0
0.3302127948621725 0.08728379138869646 0
0.2692161446592123 -0.07995587547124934 0
-0.9694562393011581 -0.6438164561249429 0
0.4852128014057273 0.6634453944935912 0
0.330217748485835 0.0958892735113306 0
1.175591182718157 -0.1295767721493141 0
1.173586390618612 -0.1569799196508744 0
0.2919982500064471 -1.528931406860039 0
0.6318450814907024 0.08827437395530971 0
0.9364093119185273 0.02880005279097648 0
0.9429067094470638 0.0285622318588664 0
0.6314142929980455 0.279691200224958 0
2.253684092737465 5.449651778118705 0
1.937909822699384 5.494627402910151 0
0.9660918008077634 0.7786767226994895 0
1.035732545305321 0.7343861460561915 0
1.19962219212291 -0.5654084288091684 0
1.279006911868527 -0.5221296993955158 0
0.9496894747885655 -0.03275363505412392 0
0.07043375355861803 1.570353553087724 0
0.3861682544636872 0.2084336403472866 0
0.4062307549982883 0.1998937106633711 0
3.7096586262529 1.120179366116711 0
0.3410416731195676 -0.08078333046507143 0
0.3833559065621127 -0.2770013222471532 0
0.3588766978063923 -0.2638579504536082 0
0.3389806598376769 -0.2817883328153949 0
0.3410666353733568 -0.2568866969499634 0
0.3224873455197659 -0.2631622927551694 0
0.3200900561157211 -0.2804199178534444 0
0.299851186895585 -0.2777714958668371 0
-1.149441344496694 2.824633522872595 0
-0.2111243300335118 0.1727017104448116 0
-0.1939953584095855 0.1337765415110382 0
-0.9981168340238271 -0.2760124855317817 0
-0.9675398124657745 -0.1850633280600817 0
-0.9187664566897503 -0.4121820353833495 0
0.3428199266489922 -3.039780742410616 0
1.160173810730969 0.1112638135930817 0
0.1737722538303139 -1.204910814931769 0
0.08429516490976213 -0.05834091434533285 0
0.09220612053618236 -0.05788651154225762 0
0.09428641734370007 -0.06649343590511927 0
0.5206396942606197 -0.4667838592741898 0
-0.01204852625675022 0.01361743152444959 0
6.04678731337965 -3.587792945974664 0
6.731108678439137 -2.62338031110531 0
0.1063145812558436 -0.2452929001037511 0
0.08388511029801235 -0.2516235140234272 0
1.320793037133499 -4.786646451843225 0
0.03695736221487955 0.09860873704278618 0
-0.02493509397823836 -0.9397479910758114 0
0.4106258673093152 -1.026626231603187 0
2.869867341935374 3.68473911577603 0
0.6954995349270461 -0.1867349082774631 0
0.596955404369387 -0.1424879534311817 0
5.237263551301943 -9.893231108331804 0
5.590033689777992 -10.17708068533101 0
5.766759684826686 -9.910117278464801 0
5.888371955165399 -10.42850270524457 0
6.081254221588726 -10.12561948538439 0
6.204844259749801 -10.70825044336735 0
6.42437117837272 -10.37946493992433 0
6.529991068338436 -10.99505743495366 0
5.952717968402436 -11.00029072366754 0
6.297951769121585 -11.3806135918789 0
6.606746858021697 -9.999115924324942 0
7.076968285680628 -10.28371065719368 0
0.2010127629046029 -0.1406731558116674 0
0.1629907750440384 -0.07253283433404384 0
-0.7795729220105228 0.7877049451980496 0
-0.9189447200128253 0.72593382829207 0
-1.025118659757568 0.7696581861676897 0
2.318450379778593 2.281428095937898 0
-1.763385251539346 -0.282730980838978 0
-1.920674259812398 -0.1250018583923337 0
-1.513926467103653 -2.10416726238181 0
0.1519241338455787 0.07024391076889981 0
0.1578689701398938 0.07567062139613001 0
0.938047670900608 0.07492846593732899 0
0.6537194913771779 -0.3283977175940904 0
0.9470520035001433 -0.02585817989901505 0
0.6595120330180234 0.05800964944954341 0
0.8887897260318736 0.04808540965794658 0
0.8968601164115688 0.04228568186252449 0
6.849735240729874 1.799005977011777 0
0.008314557617178689 0.02824777056734513 0
0.0103903514419484 0.03238077041843489 0
0.3308529412837892 -0.2363184017139503 0
0.06448667697402152 -0.09132419544005485 0
4.118382043477253 -8.467320084339653 0
4.39505273653599 -8.6781303626215 0
0.8793523199452096 0.09158041447824784 0
-0.001693304247797731 -0.05153908642659236 0
1.000750553223526 -0.03407983516319537 0
1.003037393351098 -0.01855936822813043 0
1.584354716818369 1.407923469158514 0
1.180674483684488 -0.01608480315734266 0
6.721141394629306 -5.455517424097925 0
2.958388754393186 -6.7634631205702 0
3.142426178536272 -6.559523949147276 0
0.2563447150017363 3.254000605013243 0
0.8932395880768196 -1.184468223713465 0
0.8309585298786208 -4.268971188832103 0
0.8210626112326309 -4.094330782893538 0
1.032975301942178 -4.043426989351796 0
0.9265423188636879 -3.857228091705959 0
-1.568851269739478 -2.266395315700769 0
1.355638829893304 0.467167738073996 0
0.02882752415545367 -0.03819087732988882 0
0.03211758700990806 -0.0405546163046082 0
0.5850664206439203 -0.06208552335544024 0
-1.575791032022111 0.6768277479283085 0
0.1478870421664613 -0.1974969569987828 0
2.105431169852213 -5.136960649237976 0
0.9415378481193718 0.02208901510137323 0
0.9479060081527763 0.02254008033034628 0
1.068387436632064 -0.1613452928353221 0
1.050798851203744 -0.1843761365133648 0
1.028633326667473 -0.2034058979409551 0
1.045694083825613 -0.2283528779275527 0
1.079894239031075 -0.2122950223686172 0
1.084038985477596 -0.2435144780826769 0
1.129148215271699 -0.2212556948395256 0
0.473169013016042 -0.2455238593016884 0
0.9113288133530797 -0.03279847746869311 0
0.8790198458767597 0.03189058314408862 0
0.885881915623537 0.03507548186751557 0
-1.208641198176933 -0.6397599730501835 0
-0.8660150578665902 -3.017060396040733 0
-0.7142740455463353 -3.119799969448537 0
0.6469133872272945 -0.2604705904117601 0
0.03054773206821535 -0.06764864664146679 0
0.06045701684597471 0.2928448399504688 0
2.557189141720865 2.965151013595856 0
2.324743344287274 3.075074657587585 0
-0.1279452090470848 0.7545662442229658 0
0.9743736024102648 -0.1190703618609478 0
0.9697687732842191 -0.147099150010751 0
0.8573800702575783 0.03412376394201857 0
4.163657210331641 1.036487088259726 0
-0.009010032399027002 3.497707890749765 0
0.7641365201280297 -0.05871818474205376 0
0.7575005718613783 -0.05216229688252183 0
0.4284014418120093 0.114448998343915 0
1.718857694870884 0.7924000441156245 0
0.6089480239169847 -0.1187103087077718 0
0.5130875801934106 -0.08314645388166247 0
2.92650995189016 -4.136792905990172 0
0.9386237382166936 -1.330552158692955 0
1.039797170942162 -1.389911572639106 0
6.789205984198403 7.288188033606364 0
2.273363628541793 3.74893584970764 0
0.5910265378200483 -0.06290167992299998 0
0.5649514530476543 -0.08557976399769364 0
-0.8269959451458435 -1.812439447089922 0
0.7480459774732272 0.1714807251493903 0
0.7699643825836588 0.1657527271676098 0
6.951291016827603 -8.276054646066067 0
0.5258333915029494 0.07033363293052082 0
0.5175973248910449 0.07240916408739032 0
-0.03284972214313589 0.3090080373017617 0
0.8979822526620699 -0.5245926352367906 0
-0.8446510364794118 -1.948491354629382 0
0.5494962512489849 0.08679144646601011 0
1.566955772612079 0.4178305459091611 0
1.718501306879505 -5.38366770338007 0
1.86488020902964 -5.560871680776359 0
1.576058264288702 -5.211340993123833 0
4.941647587976731 -6.131001673992839 0
6.746861871943571 -2.315507981502308 0
1.608309108410563 0.49583854184588 0
0.8570342679327638 2.324368412125382 0
1.450068438113759 -2.400959102220236 0
0.5418349676600283 -0.2739697170288024 0
1.031387558642745 0.3066746252081748 0
0.5225908205304809 -0.0720282608794455 0
-0.1698788195106423 0.5774758451383236 0
-0.1515505878229168 0.5055331866730578 0
0.7049095138673173 -0.1061241415834322 0
0.6955658532431771 -0.1131501441383288 0
0.7707169438589188 -0.04480621808595496 0
6.710225217242358 8.176071237866029 0
5.929451409608408 6.528427800816963 0
0.2624246035155399 0.1390907132950968 0
0.266090099386652 0.1509836339516786 0
-0.468925653769635 0.2210441313209596 0
-0.5329967415839126 0.218364948505833 0
-0.5338902939270012 0.2905869203084654 0
1.493093761885092 4.693140148155724 0
1.345943894469749 4.894698265876433 0
-1.912847155186019 0.2860433297967078 0
0.1048210869737848 -0.1719476451449225 0
3.471263370465399 -5.412024820232637 0
2.461631485832465 -6.347550696832707 0
1.069688254297851 0.330784381993568 0
1.083035084453089 0.3623171298519169 0
1.10698988232731 0.3460472587623032 0
1.107906210002177 0.3930854182873972 0
3.242036200940953 6.536671990768123 0
-0.6855826911260955 0.7199917916278641 0
-0.6588226735980813 0.8204072258013668 0
0.3626213505790033 1.091845718897976 0
0.4523012151779624 1.146934641866442 0
0.8051381215235942 0.0590788909243498 0
-0.2030369969442649 -1.422507723371575 0
1.485391593030881 1.388605966966783 0
0.913210444479343 -0.02632506646071193 0
0.7035537528586079 0.05423934388240101 0
3.739028563510564 1.33235595964642 0
3.533190205882773 1.358599243894665 0
0.3259942286871284 -3.867517031798852 0
0.5573539751663497 -3.8958936961686 0
0.2510274198199076 1.71470493310239 0
6.307006072106663 -0.04038343780723268 0
0.5312651167352689 -0.0699722088570195 0
0.5390449293026536 -0.067437194304124 0
0.1848340761379726 0.1334142867082967 0
0.1913242856322252 0.1432392906652658 0
0.1816394193235545 0.1499506205294824 0
0.6149299145273164 0.297202932888199 0
0.6398292774286077 0.3149578244728456 0
6.834778331123551 2.691775035957162 0
-0.2947679453784649 -1.796713621536285 0
0.8239895428009181 1.154876218593521 0
0.8601187316446718 1.250309809253183 0
0.7545614861162047 1.267983966905377 0
-0.2869885981431121 -3.381673479092542 0
-1.055572952874312 0.6694076630120469 0
0.1705045721551481 -0.07299901592818998 0
0.1790628360073442 -0.08135305486646256 0
0.1783059153338656 -0.07239546232837298 0
0.1875528617481603 -0.07719538799747366 0
0.01644293492535282 0.3450410381471589 0
-0.01708225321087757 0.3609774350132163 0
-0.002019733850282047 0.01623175357966 0
0.001611434995310513 0.01068883105860116 0
1.109524885912941 -0.2579526566501198 0
1.083798098931133 -0.2844492320513907 0
0.2620122549916309 -1.123216899004462 0
0.909045954873129 -0.1008905577204561 0
0.8946995592810257 -0.1052772928836043 0
-0.06261213406377975 0.02978963861437527 0
-0.5148563573657969 -0.4779498634233843 0
2.140101414218345 -2.327294383839926 0
1.936985262858286 -2.34460846101461 0
2.284023990986423 -2.165712584190568 0
0.7682578409861265 0.07176837141988862 0
0.8710433078290883 0.03114463232947818 0
6.843803166807256 0.4716828006215316 0
6.823679698186599 0.1758662826839904 0
0.623416540825344 -0.4984952872978802 0
0.6437008164299804 -0.2813302648988694 0
2.612052477442492 6.667044333394318 0
2.900736331454624 6.843972149310395 0
3.692642592984372 -2.415986500652304 0
0.2664112145746323 -1.213132882836395 0
0.7770803443677806 -0.04387534043624313 0
0.432805616271038 0.2771099757655895 0
0.3131585916956185 0.5006775270063548 0
-0.700582169704307 -0.495184287478838 0
2.669305005038419 -0.7711279274132135 0
0.3489207544001099 -0.09857954796254371 0
0.3468742787772124 -0.1104033809755748 0
0.4113292159725933 0.2164306974498191 0
6.81498751475419 3.124029447900566 0
6.431799467503422 3.441336314295198 0
6.761634239720971 3.546123543848557 0
0.2736212043320609 0.08096161137694877 0
1.546191769514266 -0.1367179228914198 0
1.582491775469007 -0.09317059352593425 0
0.6043287621627802 0.05918974870648732 0
0.5984568207684623 0.0627490008090056 0
0.8017196150342546 4.254621840150256 0
0.5619724039872852 0.1259852695517298 0
0.5737878475426194 0.1230510502441684 0
0.6719788502131491 0.0542726329489029 0
0.488044042877229 0.2726076153733575 0
0.5047879287913166 0.2583806577499853 0
0.3866711132141153 0.08976319202358317 0
-2.045947610826666 -0.2778483857698817 0
1.176020872174386 -0.0467157314059651 0
0.3561313650932336 -0.2376947503437343 0
0.7104168421531458 0.08489068504812557 0
0.5810246653532299 -0.2430699202846794 0
0.5916151726249126 -0.2267557840556984 0
0.5773353404776708 -0.2138666386167908 0
0.3603628105891013 0.08261306335437719 0
0.1772702798406935 0.07622441993744401 0
0.8363543373448298 0.03681032373829936 0
0.5417224143392052 -0.07479081452554161 0
0.1715355381386676 0.07323817074543558 0
6.707837059652427 11.19619269172955 0
6.671802144661743 11.50668249484666 0
1.438851056837535 -0.05253683076508736 0
0.4436836380345206 -0.1970608732002157 0
0.2857747104645863 0.822260087174468 0
0.2225328928714081 0.8419055957649627 0
0.301583890781042 0.8773773018949625 0
0.2393505250425028 0.9061091348490892 0
0.2684401968580908 0.9678561110723448 0
0.4506332702546362 -0.6509134263224263 0
1.685795078776235 0.9895441343868523 0
0.6385113279026775 -0.6970872851045194 0
0.6730397768910208 -0.7351143541604329 0
-0.4996873342552601 -3.083870048003214 0
0.7416953621814255 -0.7374183924912925 0
0.1231841197234066 -2.024059532495639 0
0.6926473728957339 0.1463872195879541 0
0.6839905949389472 0.1372016994774297 0
0.9789907988802888 0.1938373155466307 0
0.9564093351212229 0.2060602217841796 0
0.1612975078766819 0.06830193510525269 0
0.771522306840267 0.7251792964753102 0
0.3358849212975839 -0.480001538810013 0
0.416161062877088 -0.2436334380157981 0
5.428953432633492 1.559967143089126 0
4.17008355738191 -3.108279754370177 0
4.204524034089085 -2.80778331370034 0
4.544276087550284 -2.642109801143315 0
0.2799989565091175 0.1481058686740127 0
0.2768925894300414 0.155607334125558 0
0.2889315537171844 0.1574587683406574 0
0.2862304200191891 0.1697943814752307 0
0.3012578580799954 0.1706505362598403 0
0.2986189019515427 0.1855879756037516 0
0.3151716850151124 0.1857951385080876 0
0.3132674753008408 0.2018973373306885 0
0.1850175692055682 0.07372185845287524 0
0.2388584017167876 0.1628989458305996 0
0.2162185238992328 0.1667775819862349 0
0.6914814088019163 0.05090561521383104 0
0.5580858443293352 0.07185108541015908 0
0.612377177095615 0.05834274632051815 0
0.2682239938677569 -0.1291363614933085 0
0.2742811722162493 -0.1394705102921125 0
0.2873804041576308 -0.1352124124864652 0
5.152723210003906 -4.638491129625976 0
1.146347598607295 -0.6422999226835321 0
5.207334335901521 -10.23321379403504 0
0.8257879417016412 -0.2962662987705414 0
0.8217963418306484 -0.3262461704176826 0
0.7829623001378458 -0.3467445107871748 0
2.144343705079626 5.624832908220082 0
1.843897059615706 5.671390805210017 0
2.03344275977311 5.802976495213239 0
0.3859515380202606 -0.214066361028732 0
-0.1122719482623882 0.5419258689774961 0
-0.09240374806980126 0.47583229008487 0
-1.326411419792554 -0.6590585418119518 0
1.779991856917493 1.27126848308496 0
1.863151405402992 1.208818357814824 0
-0.1470364013485411 0.6300075005683327 0
-0.1994941817723171 0.6600301149403176 0
0.1541595769406481 0.08535570581944238 0
0.6644527734143755 -0.5200685644516486 0
5.00157703504092 9.933603970271429 0
0.07673002889212556 -0.2321025099410248 0
-0.001462402094638801 -0.01654932564414147 0
-1.414724979108025 2.098153628821848 0
-1.569593695918222 2.177505572319994 0
0.5220042962525575 -3.177158308522938 0
0.8296762650938828 0.03266735454656096 0
0.02102853680552873 -0.03337413051632383 0
0.7067307149083347 0.1535854944921563 0
-0.00671520518783501 -0.1120776549272812 0
0.9037653657593407 0.7552928772664529 0
4.923145614826179 -0.1996896560448352 0
0.4236076704755236 0.1932743630719804 0
4.909514128089966 2.602767081052958 0
4.910419465957994 2.921545742376925 0
-0.4262921613243136 -3.30837553059736 0
0.7391692485925625 1.193148507404423 0
0.01654885423974261 -0.2042442916492614 0
3.142699710216723 4.232950307554566 0
-1.993251939093823 1.005253789686697 0
2.598042539796323 5.535694897236761 0
1.024747826726454 -0.2384739527324714 0
3.811635545146277 2.342125144872377 0
0.3165911242080109 -0.1248077086295044 0
0.3247872719323537 -0.1361936375664302 0
0.3359227600270099 -0.1261446543783196 0
1.009812466211608 -0.7810318957646436 0
1.926450764841682 -2.215016969761892 0
0.4030328640643223 -0.6751504763491412 0
0.9821399261828698 -2.306521236609888 0
1.006605748382656 -0.04377501767430651 0
0.7230190420370534 -0.1052492307409567 0
5.459320461581556 2.968614827337362 0
5.769170188172753 3.016520790082779 0
-0.3658509846612754 -1.61543551856269 0
0.4191879638077878 0.121254893590332 0
-0.08593615085454981 -0.3524416786567562 0
-0.1203774446381994 -0.3239656594002982 0
-0.1578458711127854 -0.3508375739450444 0
-0.1450240248333295 -0.2911417880700295 0
-0.1859837398784531 -0.3122284240315901 0
0.686683558773117 0.695881916598359 0
0.6326399423668589 0.05695152266884709 0
0.3936410418187039 0.3026389777723189 0
0.4065906085317914 0.3151126870256997 0
0.29742197590448 -0.4883144413555209 0
0.01331364116487751 0.02945612655016065 0
0.01394872794678807 0.03613456937111215 0
0.2364250979069547 -0.1277372856894439 0
0.2427637661191074 -0.1380364736256156 0
0.2305560641983134 -0.1428002707701874 0
0.7016311349703596 0.08055448289821499 0
0.3260019799032843 0.2007239319590952 0
3.244832701120275 -5.939257399354565 0
0.5546826113616286 0.2772245776778489 0
3.957858548818882 8.515969332374555 0
0.5498678308684171 2.274029485715531 0
0.3807954614307534 -0.07863338106473236 0
-0.3579840196538863 1.218657203151559 0
-0.2695463083786181 1.233070409060822 0
7.122695502048972 8.215613383288721 0
0.3872603722563436 0.08069322429128235 0
0.5572221261442262 0.06285704973154918 0
3.004306103070383 -7.140292032802115 0
0.4042188938304844 0.1141598338290628 0
0.02467508891722745 -0.1097975653503437 0
0.6669102240926944 0.05019023249633765 0
-0.4480317710672932 1.62950872896855 0
-0.562359005762927 1.585740522340513 0
-0.8982728812269856 -0.2165858260046313 0
-0.9258178474225482 -0.103502009910419 0
-0.8825878037219804 -0.02586382401207538 0
-1.051037210998241 -0.4871072324214188 0
0.08085567537134933 0.06488487815958471 0
0.08424645027326544 0.06005909260712358 0
0.08932065126196015 0.05825285561964356 0
3.742658083335743 6.884194692185982 0
6.793313705650371 -1.15055870914225 0
6.76864666581201 -0.6397454309807949 0
0.1299287692265563 -0.2379026224044976 0
0.476412712812526 -0.1893230368158926 0
-0.1680980101425412 0.1914012871765585 0
5.876202292214612 -0.6375677099536236 0
-0.3495844414480556 0.1181064578438429 0
1.014323967866604 0.1955985759979143 0
-0.01017027325681331 0.007184178180674292 0
2.648307805710644 2.487031213489152 0
0.04087672870050032 -0.1341151106860221 0
0.1846766611429579 -0.08561107868450907 0
0.1902544201248497 -0.08308089855214229 0
0.192855006428281 -0.07553087809926223 0
0.1966546909248301 -0.07901084877321311 0
0.2014350463694989 -0.07339819349810932 0
0.2086133671568345 -0.07612457229029804 0
0.03649250294081036 -0.04231200000739665 0
0.03378220607914974 -0.04694344312390623 0
2.14292589788721 2.038466724812864 0
-1.333459215244658 0.3810179326543094 0
0.04651142262127753 -0.04556564534218512 0
0.05095490163785257 -0.0445002779546556 0
0.2259610780672154 -0.07883949288765452 0
0.6238085955710252 -3.640907615924851 0
-0.003222340979382096 -0.200151889166721 0
0.8424175967865897 0.0387625103489375 0
0.8415590498047112 0.03518147162918843 0
0.8435275417438429 0.04509154402112394 0
0.9541079687948238 0.06180162815283907 0
0.9464719116696372 0.05529557691666678 0
1.371007599390448 -0.1602123698120755 0
0.3354455300213398 0.07857574599101241 0
0.3298664378588195 0.0798444775312146 0
0.1479705874721763 0.06433136854832595 0
0.02587184058955667 0.09461011778472062 0
0.0176523485722121 0.08723439782898128 0
0.007733607654815754 0.0933058485981248 0
0.7703285759824781 -0.03919030418963111 0
0.8006437791857212 0.3032181782071445 0
4.250844241874773 -2.464214905551905 0
0.151489832876908 -0.2949671983062105 0
-2.058360119824945 -0.1106954186100609 0
-0.002616520376342855 -0.01039595232004512 0
-1.258592681379283 -1.130670251112368 0
-1.270371708697183 -1.251220437368812 0
0.9033384170229254 0.1126726904664965 0
0.8985629638113339 0.1185818309379081 0
-1.415872810572391 0.8896125653297358 0
0.7119211769447022 -0.06893247757560708 0
0.7119235942335291 -0.07855152009522481 0
-0.2723574917566977 -1.993450973668697 0
-0.7020523792891384 1.084165518165678 0
3.576974646315063 -8.031688770098244 0
0.4556301226071018 -0.2373972874355771 0
0.7027132212456481 0.0490663335821763 0
0.7085263869891953 0.04599520326193075 0
0.03684010652818495 -0.05388276201611174 0
-2.105387278522264 0.5194304000062888 0
0.7069730414202078 -2.153788730984726 0
0.7056269989784681 -4.121702546523477 0
7.168249920431093 -5.286184273008026 0
1.740373227187822 -1.075394655671879 0
1.798890059164723 -1.131198484529753 0
0.6618094825152936 0.2730507664197828 0
0.5227622415793317 -0.06439774580413088 0
1.067787601201401 0.1594778760165793 0
0.08811501951991549 -0.1907893518119261 0
1.719424308803069 2.481800263956422 0
1.840421443597626 1.337165499189917 0
0.9334558403616858 -0.1298033880883805 0
0.6515672964624459 -0.2174579389033851 0
0.6334680653773972 -0.2181024920641541 0
0.6185828950452904 -0.2046805636939659 0
0.8291906028541519 0.1110318945689312 0
-0.1727889559599496 0.7924410708349204 0
0.01490959157670903 0.3705433857624142 0
-0.02570968359597494 0.398187071433338 0
0.876657931674981 0.1102606673603081 0
0.8758101747041372 0.1270915454929632 0
0.8615976980061535 0.125494793854987 0
0.8303696910256034 0.1253276245437126 0
0.8424447941022524 0.1369583521700862 0
0.8277105852286978 0.1440111827068199 0
0.336480121871841 -0.07771400142766845 0
0.197809195876823 -2.306477182567392 0
0.09700571061837651 -0.06064002928280762 0
0.1025911227209622 -0.0625423940068851 0
1.038649174476149 0.210373718964988 0
3.662419936642679 4.128092845202707 0
0.9926370391635355 0.02233974285871253 0
0.9956904334672485 0.01574432705766935 0
0.988225762225093 0.01279021272225414 0
-0.1514375386976973 -3.423838330883756 0
0.2181877422021042 -0.3191191188775637 0
0.9371898245652154 -0.04736009096229252 0
-0.09731808071312173 0.2323202867221206 0
6.319477066294659 8.043164305634281 0
0.9849721658222853 -0.6073436490156566 0
2.070967703906299 3.382881388514673 0
0.7292914795050808 -0.09666380702606092 0
2.420202862819727 3.706310926121585 0
3.114599903490919 3.959337028952555 0
2.879423987111652 3.951220291202311 0
0.04971755846857068 0.09986597587423712 0
0.04854742209000017 0.1127421106160568 0
0.8303926806732058 1.329562424184027 0
0.9409732502483066 1.30608671620642 0
0.9705095654341473 0.01924060362901753 0
0.9635465268277683 0.02028323957210149 0
0.9399800268857598 -0.02857229004259463 0
0.9378363466683113 -0.02208593785941611 0
0.9317149667595163 -0.02448408680901381 0
3.344052061798321 3.700059990804876 0
0.3694847845586604 0.0818698749480286 0
0.06783440577658575 -0.2573834532658192 0
0.016260881345835 0.03203653493727125 0
0.02042538503567882 0.0341968318586198 0
-0.04333456354511306 0.02250761470259059 0
-0.04020218860806865 0.04146333577241772 0
0.6662412700473674 -3.443204272893856 0
0.001425239288682169 -0.01596367753729451 0
0.002954794490657149 -0.01831828426974133 0
-0.9749799282439096 -1.900163842066493 0
0.2884180473049259 0.08812962495627316 0
0.8969834239686912 -0.04383585151217925 0
1.524961019984702 4.284758114499652 0
1.506285037082676 4.13751642615539 0
6.774909415496187 -11.2108196999386 0
6.731300384097556 -11.53852461104606 0
1.128029775481231 0.1148767154771938 0
1.177154565087214 0.08559654837152908 0
3.980708907109427 5.176525713167981 0
4.156244668911802 4.975198904966089 0
4.077616585721116 4.568954966295269 0
4.423914331172635 4.730726011810487 0
4.323553491395432 5.18618229644401 0
4.478804644848893 4.396107396980322 0
0.0621264656633234 0.1125031765403984 0
0.005645063098449253 -0.02452448390859695 0
0.01040910457121576 -0.02600430715309672 0
0.4890899745601451 -0.1186609676830957 0
1.155989446074246 0.02285501364702533 0
0.4646352423699645 1.85871539240413 0
0.3062724017633854 -0.07910913263063586 0
0.3003659005020651 -0.08083323512603122 0
1.212485446097967 -0.6859312399162525 0
0.7014580796197075 -1.867691695540094 0
0.01085358150443815 -0.03549743540610258 0
0.7944609571572463 -0.06069190584481837 0
0.7958929650738158 -0.05458328731177679 0
0.7923121992366505 -0.04724582745855071 0
0.7989655212605838 -0.04507661212424659 0
0.8030074549602129 -0.05048395951348068 0
0.8051383160560153 -0.04242650509951774 0
0.8096276034913858 -0.0476147002156459 0
0.8104581550565516 -0.03914191289758275 0
0.8172887319353497 -0.04352314315668065 0
0.8131976507748073 -0.05476777960695265 0
0.8189595756799093 -0.03828171294235157 0
0.825612837288513 -0.0422857260687625 0
0.8238196845962559 -0.03720577391330021 0
0.8304523310192198 -0.04077470281162686 0
0.828405803474754 -0.04777421020176743 0
0.8341174706461693 -0.0439122646743305 0
0.8390292515072506 -0.0381936348546621 0
0.8426223954447705 -0.04285217929014844 0
0.8461228182062439 -0.03603071880481749 0
0.8474414167409873 -0.04163104959226478 0
0.8403089546572082 -0.04913698050357448 0
0.8519850289453388 -0.03419816564883244 0
0.8536485983855042 -0.03959131545666915 0
0.8582861946234737 -0.03100810396959239 0
0.8601338997760414 -0.03707986746029243 0
0.8010734798147503 -0.03795595238555797 0
0.8615199956886026 -0.04312430224058392 0
4.579834670922896 9.292608780444564 0
0.88314868455157 0.02867634583252888 0
0.8882350089013225 0.02937261958091174 0
6.376083361404248 -3.567970123239326 0
6.723792833486399 -3.481864754713074 0
0.6757488675727992 0.1506689769016357 0
6.845289389123648 -7.298653838942159 0
0.5623574716565573 -0.06467774932531706 0
7.072272244527747 10.06657444633519 0
0.994445059877633 -4.583145415641401 0
0.6481526925660016 0.07903935775290108 0
0.2639591159677965 -1.041699425640545 0
0.9631213497305221 -0.0194103232892713 0
0.8869475225001764 0.02428616370987781 0
0.9164128185173495 0.0759843582663797 0
0.06815685961184408 0.07227820571058997 0
0.1606033170494177 0.08472316467021107 0
6.764965371819461 -1.421938032915916 0
6.162112842962649 -1.994672170972296 0
0.7928538956032777 0.04287658666465017 0
0.7875984393782783 0.03757322949981275 0
1.349351292168272 -2.660810929482964 0
1.437726382385239 -4.014013935835607 0
1.607766865518551 -4.128626293567794 0
1.814748632472498 -4.090495686007462 0
0.3359770467372518 -0.1401528337616002 0
0.09099558773549569 -0.083945784137195 0
0.08647322375107266 -0.09122980195770826 0
0.5556337821328935 -0.06267808331363424 0
0.6914331209989752 0.6106446059476662 0
0.6467486755909253 0.6377146231210022 0
-1.37364496179158 -1.309463113769834 0
0.2083188461780414 0.7227757031362648 0
0.2021604069083411 0.6722474625766679 0
0.1012553694314582 -0.07037531496592353 0
0.1088692063891779 -0.06896840129574891 0
0.1083203093952736 -0.06326001899137389 0
0.113092580130276 -0.06757835284916344 0
0.1136140307706129 -0.0636447514619214 0
0.1166200861561311 -0.07046345636684122 0
-0.1502514695985596 0.4509217393849211 0
0.2795122131912647 -0.1497281705520777 0
1.158705351449804 -0.2444681385890559 0
1.155471585410313 -0.2823530010017228 0
0.2028085660405218 1.011504282968547 0
0.1550061250929954 0.9452222340164819 0
1.104801748853766 -0.0149612697427083 0
0.1119413464995258 -0.07500545996191052 0
0.8845332370063611 0.3568046176890348 0
0.8979254855736628 0.383429435944978 0
0.1278417189998814 0.08771105199779569 0
2.656673615284162 -6.832283973321795 0
0.3965646036149219 0.07954855630033598 0
0.9495842497363077 0.02872679147674542 0
-1.155265016034096 2.18309952156066 0
-1.010240028243958 2.226916240176445 0
1.587422103477904 0.3692130095673796 0
1.072569086160832 0.4286908532234971 0
-1.612106733186392 1.399981370891038 0
0.8898233534145222 -0.03020953711104781 0
0.8826666249731349 -0.03121114513048501 0
0.5746313210272058 0.2958067696048551 0
4.605071261421141 5.058441295968824 0
4.703003094601694 5.37913258632556 0
0.5693347617784797 -0.06598197630750062 0
4.864813608575145 1.867964922247606 0
5.284902012301721 1.994748732148953 0
1.047939520881657 0.2398977958801457 0
0.8184367790184323 -0.2156059936431839 0
0.8453709536298452 -0.2223217135588276 0
0.858904560642373 -0.2426901979304389 0
0.7977960612843581 -0.2101392770430597 0
0.8150847982485958 0.06041852130003356 0
3.930716416206081 4.233358563036774 0
2.045683873212077 -0.9587188480102447 0
2.033632603018987 -0.7975543786022951 0
0.5017023937677665 -0.1125685891229967 0
7.082976413836311 11.51153563449086 0
-1.836239111739143 0.5614879588073373 0
0.4131279049712083 0.9408655674098609 0
0.007674874482253203 0.02396204986703913 0
0.18653615860635 0.1588115041540691 0
-0.02740097737008027 -0.02644451305611179 0
0.5073371646920635 -0.09367185478114692 0
5.517276665247731 1.195057741199959 0
0.1232346280801657 0.06346590962106878 0
0.1292867960331519 0.06180716649785879 0
-1.711741368322096 2.271479014020508 0
4.062341138090514 6.648943732312359 0
1.046552870849405 -3.789852189385066 0
5.656990759314453 10.84616978324429 0
1.045748116893694 0.7907231629551326 0
1.109159523862491 0.7530368656121161 0
-0.0747361690507659 0.2453796239616156 0
0.8920817739614628 0.02690772853939272 0
0.893619592043798 0.03239358197612913 0
0.8958146156683207 0.0280281357922257 0
0.8982688895187105 0.03511750131202111 0
0.9024527849502733 0.02987099291142211 0
0.9020019542419168 0.02337903429726491 0
0.9093496017748638 0.02799636454904362 0
3.798324099933067 -7.102595087204553 0
0.8310598825581774 2.006824976658508 0
1.771064298265819 0.9489367004404414 0
1.866882296052431 0.9743046998601164 0
0.2480825253404408 0.15239669943909 0
-0.4150785625845045 0.02193583797101255 0
0.1967571575364348 -1.601062971177956 0
0.9532318384824872 -0.09488788087033652 0
6.386709651859719 3.724806268423509 0
0.04772128090831508 0.05821722144083717 0
0.04901341367173995 0.05302894706602818 0
0.05022213575620207 0.04814710876080906 0
0.04486337479570546 0.04715124614969612 0
0.04315600312866545 0.05197219433953786 0
0.03955672859359272 0.0461148130872412 0
0.7080801339655345 -2.233726551653139 0
0.897278933514671 -0.1199851187128348 0
0.8806677677740042 -0.1053607656334967 0
0.9010671273012766 -0.1345162239435727 0
-0.4040398282440769 0.1615817448560395 0
0.8392957306884611 -0.03137677646919769 0
0.7064116132164261 -0.5386446440884343 0
0.02574202775888629 -0.03428624161256701 0
1.142658856292457 -0.1300825883043687 0
-0.5595851246828071 1.682384007760557 0
2.832782710278754 2.602839476920989 0
6.025700527405633 -3.937952231139741 0
0.6945554236098174 0.121249969354208 0
0.3857302609246103 0.1868692785001407 0
0.3641200271854429 0.2025394842344482 0
0.8019544418544035 0.05355649110113575 0
0.8006621042369462 0.06173446334953579 0
6.736651036522192 -3.89342792449744 0
7.139849512366784 -3.797968757982282 0
-1.130649286996154 -1.20871996683301 0
0.2772412765235414 -0.2735568060612026 0
0.2824174681941352 -0.2471303819937621 0
-0.005180000361702155 0.009798508044191773 0
6.329265915201185 -11.78326964010827 0
6.623928421941929 -12.02575828653914 0
0.2903787668840846 0.08020996483332923 0
0.2984272583154867 0.08068324123110518 0
1.631356703254879 0.3842395062427977 0
0.9733225692807347 0.01405719978898203 0
-0.2454112386237441 0.2582383048639601 0
0.864727925441829 0.2529513472612859 0
-0.01173611397371846 -0.05283836654657457 0
-0.04828733348573346 -0.1460719829314053 0
-0.07470401406775966 -0.1467349930245796 0
0.6871998222373252 1.04491217554948 0
0.6661777454634863 -0.1292994856648102 0
0.6743473444623842 -0.1258494925671045 0
0.667908966075347 -0.1169074946385506 0
0.6776858882284461 -0.1108746971866022 0
0.1902815424916061 -1.727826923282531 0
4.82746623047659 -0.7747868517282434 0
4.608662253241484 -0.6925261196575216 0
7.027471422134616 -6.952350767886275 0
1.094504018728262 0.8248331718776188 0
1.141287477554296 0.805098874231195 0
0.7209647503376413 -0.07134510446061421 0
-0.06341874249573354 0.3803537939515447 0
-0.005370878374071196 0.004935646204227113 0
1.185247177579963 -2.702983960806622 0
1.272055580552433 -2.770266017970522 0
-1.974510964726886 0.6877616651321207 0
6.356543955313498 -0.4998504423315155 0
0.6296780591058727 0.05284038327718531 0
0.6223831446086305 0.05386146483269991 0
0.9705132193426483 -0.01878163127528124 0
0.9049048562390738 -0.03097769437647532 0
0.3313910285353598 -0.07954777029659764 0
0.2036698375313438 0.09435395390111187 0
0.2061783971293883 0.08886572014090087 0
0.2001441610785166 0.0769067749047119 0
0.2118487238437908 0.08022793559512174 0
0.2179720975993637 0.08700612318500661 0
0.2211659651301622 0.07731233384221747 0
0.2239474333806996 0.08292925038446423 0
0.2239244624905654 0.09118496072260171 0
0.2263343176420165 0.07584357217021873 0
0.2297755523028168 0.07926187125752245 0
0.2354212444375313 0.07286416938712884 0
0.2412897303031695 0.07786748433441579 0
0.2212503877492457 0.0710969650102973 0
0.2348990978824325 0.08681727826613546 0
1.709400462704157 5.585215059008604 0
0.8942049723726281 0.2457757296510232 0
0.9093546484248487 0.223057771758475 0
0.7749843808541783 2.426650833006441 0
6.270022615984927 5.887196873673132 0
6.837042297103482 5.745853162376263 0
0.3610916663029516 0.1210793316689198 0
-0.203112084494906 -0.2688216752848047 0
-0.2549446730884444 -0.2853669161688407 0
-0.2594817633047576 -0.2283709628511514 0
-0.3134597635130194 -0.2277956392389063 0
1.118913242091548 -0.05198854656574048 0
5.049223647724985 -3.228206687633803 0
-0.4545581076833151 0.4364663925222473 0
0.9235532626015249 0.6064513484248848 0
4.875822875632119 10.20508121456449 0
0.003096220452096131 0.02080108885899887 0
0.9550812323292928 -0.0236244945517389 0
1.521816319600344 -2.983097576949397 0
1.211657126502037 0.3155378986991051 0
1.264283582446279 0.2889081839710539 0
0.8856409041524913 0.2119050042805917 0
0.8287609517538413 0.1000030759571543 0
0.8184676780287543 0.1113189208350837 0
3.9167950842498 -8.79873580298641 0
4.242016295831548 -8.960831784264954 0
4.598953146801184 -8.831695186230245 0
0.6776427819919131 -0.1981385653652824 0
-0.02357860427894078 0.06684517862424703 0
0.5547928541653542 -2.475610487256741 0
0.4249503847048872 -2.537589535695958 0
0.3963634055949661 -2.68593504922034 0
1.162192267381944 0.8683023392453901 0
1.239514160134136 0.8526936231676143 0
0.7600541127177805 1.347066323681157 0
2.005091615126387 2.020101325417051 0
2.166727715514116 1.869824774409282 0
1.007340943533483 0.1374742611248294 0
0.9911438364997185 0.1621168052830194 0
1.002177145397773 0.1195957022452451 0
1.598870479548045 0.03594681959048945 0
0.114918104284209 1.005978141162097 0
1.63846118012904 -1.482204131106378 0
1.510514757775014 -1.501228879757682 0
1.774305336595281 -1.451379215120603 0
1.93315237762625 -1.581923665880385 0
-0.9596549791527239 0.02510625531339133 0
0.2615108053454916 -0.1444082107980404 0
0.7396244414101401 -0.1014433128189952 0
7.128803756024431 -6.556123642951457 0
0.7255277735364434 0.1738485140355941 0
0.006400206687790719 0.02006944614898292 0
0.002991385272793782 0.01851147704049412 0
0.8372093242848215 0.05663242913097326 0
0.3439942061999262 0.07420623872930607 0
0.2492550917857778 -0.08658709562012731 0
0.2537355685258712 -0.07697794212728908 0
-0.04256539840920438 0.4940025686001432 0
0.09737521969292956 0.06267059020603311 0
0.5221689073739239 0.06393215020128858 0
0.953955779414112 0.0221854927437043 0
0.9623998458008091 0.02626377136605188 0
0.9579157757691472 0.01625311201517533 0
1.15117101142066 0.1568826770221634 0
0.02620037565337682 -0.1343740454875317 0
1.918426036418658 -1.426270224523505 0
0.2783640791778672 0.09712958319198096 0
-0.185352875923087 0.2309349050867104 0
0.9480646109822266 2.210353580999544 0
1.069797774634252 0.1812988507008139 0
0.3874521380181597 -0.07672249387268618 0
0.3928656376978361 -0.08192785903207744 0
6.695466178574898 -0.2273058098356483 0
7.097323146625574 -0.4486027087683369 0
2.059607353675712 -1.417712424206913 0
-0.7984384632692412 -0.06071347450963675 0
-0.8538683564234639 0.04891318620211227 0
0.8950423261382838 -0.02555668825089557 0
-0.2349775581605126 -0.3374355307126492 0
-0.6202551456474314 0.2937891868408778 0
-0.5943001844110235 0.3650277661345799 0
-0.676642686837973 0.2526699991456388 0
0.2062244680115711 0.06889058985513113 0
0.1952421678247595 0.06984832837309425 0
-0.05973275143011567 0.8452330732382123 0
0.564965065874294 0.1368016617340632 0
0.5766116534858678 0.1346158751109949 0
0.06765073052073242 0.05518500315848267 0
0.07192458287736241 0.05255089466898593 0
-1.039505615121374 2.051066284046207 0
1.538995046891718 0.290901138649549 0
1.601990051607083 0.2404922627211386 0
1.62320971105098 0.1525284709192216 0
0.2679723213926247 0.07369116239225763 0
0.2600313480860112 0.07358888324619411 0
0.03735394477205285 0.05078355933096233 0
0.03459755162377409 0.04474612205393235 0
0.03704738895668708 0.04109867435066503 0
0.03316667868734807 0.03950894480406665 0
0.03023242768935699 0.04279932445497592 0
0.02671775055481428 0.04029410657521421 0
-0.7963580420072269 0.6821889434503237 0
4.2629136276646 7.223471996151436 0
2.628485094671429 7.036664200989836 0
3.06599445329133 7.163563294853838 0
0.2705011315895066 -0.08761690346406469 0
0.2752932228340319 -0.07862270609190526 0
0.7787495493904778 0.07531767560894664 0
0.05304825538290797 -0.04869893018288577 0
0.06037471501443528 -0.05082597796362328 0
0.06225857984977193 -0.05419784192725173 0
0.065498123897507 -0.04805864318025688 0
0.312052362737845 -0.139144584991731 0
5.489637383202171 11.25730512530534 0
0.5885492256123523 -0.2057443282792994 0
0.215383236590675 -0.3386969638352054 0
0.8884526089014396 -0.02444349164272755 0
0.04369275740245909 0.1798068069603427 0
0.0615298748246766 0.1671222440121965 0
0.07773287956533327 0.156398489681743 0
0.06840443939241629 0.1409011279954167 0
0.9192335632319955 -0.02669282167042255 0
0.9145143122854307 -0.02103072298886371 0
1.121189415676891 -0.1885639365380466 0
0.3790436000677153 0.3196010368775908 0
0.4020771724958093 0.335983073960048 0
0.07412833617116193 -0.0551030630562198 0
0.07937759249984201 -0.05550659900311143 0
1.184747115683055 0.3319364574806419 0
0.9107105088201105 0.03203642065501686 0
0.915322461328273 0.0270480482002708 0
0.9164733710217838 0.03352227688231159 0
1.068052657587057 -1.074084535445404 0
0.7339868953712098 -0.1400292566574121 0
3.658436320953069 -8.493246394351386 0
0.1045764457754865 0.05814837540426655 0
0.1167343311301138 0.06472571354247268 0
0.8517879509888586 0.03356829763604694 0
0.8205696803453645 4.447161035063404 0
1.004448905914429 4.565858041545123 0
0.9512751501832444 0.04035393113545522 0
0.3854645427766011 -0.4669546450294669 0
0.1384152678639103 -0.258527844545399 0
1.019865285028634 0.111262119222948 0
1.021867067001822 0.08707177194677571 0
1.040193963427083 0.08019368786982126 0
1.029016443173214 0.07500565674587238 0
1.034507968940844 0.06222571204229375 0
1.010704440970712 -0.02781985439832282 0
1.013567114081415 -0.0133599478495205 0
1.001367986395412 -0.01014241127257064 0
1.008281450993155 -0.006735298671226355 0
1.021393499187614 -0.007619777209512996 0
0.9941979315245487 -0.01519165644154319 0
0.9851792099772015 -0.01553810244202943 0
-0.005524451163365862 -0.004789922818436223 0
-0.005455080505339686 -0.0006263411014434072 0
0.9729396222877086 -0.05387174762837466 0
1.658909908615427 -0.2734982253898945 0
0.8511139360359238 -0.05579772006851279 0
-0.08334176493498643 0.1585900988229708 0
-0.1086852989819743 0.1821731952624231 0
-0.3505982255376874 0.2248559544635859 0
-0.09813270737813282 0.05063686402186978 0
-0.1185184112861084 0.0656946824868858 0
0.5848995576686659 -0.472343454137595 0
0.610424068808805 -0.4426095257235256 0
0.8212648992838261 -2.216317296052298 0
0.9454735855750621 0.1857678913470201 0
0.2405172826297794 -0.2344057691543 0
0.2981767577748728 -0.538423233158141 0
0.5518269039002389 0.06691746285050244 0
0.8150085020410384 -0.03453756254697467 0
0.06597059921167893 0.9373276915300017 0
0.5543440831799498 0.1066119386175264 0
0.3056823158898365 1.028232695821505 0
0.6190874835410403 0.0621820373238106 0
0.816975897525796 -0.06449774692265173 0
1.195743871533185 -0.1754034899268163 0
0.6935334872450473 -0.1303134510928265 0
1.015491784052238 0.0004153110447620218 0
1.006976914712923 0.003189010699414991 0
1.026697122001228 -0.003289478180535343 0
1.66440540880273 -5.685053431491879 0
2.003419321137204 -5.749322923321412 0
2.140273940823777 -5.943455399743041 0
0.2088989349405239 0.1435210324105944 0
1.925588714640731 1.284646406788697 0
0.6489388164355911 -0.07393718514249614 0
0.6373113537859848 -0.07121611766403019 0
0.635719107718796 -0.06502799516041687 0
0.6288667211172256 -0.06622074058042424 0
0.6406784014600519 -0.06402485490763493 0
0.6291799103778205 -0.05961801403355311 0
0.6232133179124778 -0.05954774613954823 0
0.6219260224866603 -0.0661307069093361 0
0.6157535505615713 -0.06457418057362418 0
0.6176720793477471 -0.05848335415364027 0
0.6100970867170226 -0.06316515253630658 0
0.6118434125551304 -0.05588950665707577 0
0.6579488665778489 -0.05996039318856047 0
0.6515599218451837 -0.05783657639709699 0
0.6588448672937486 -0.0537265558657857 0
0.6642884227077784 -0.06055523989820324 0
0.6645203845511477 -0.05440172749539136 0
0.6702614091772193 -0.05412050841130407 0
0.6528350723867175 -0.05131324909495331 0
0.6470472936615593 -0.05583096282440454 0
0.6049684180645492 -0.05581539215898422 0
0.6030239406514916 -0.06326609116545005 0
0.5976094101600168 -0.05962623178496311 0
0.6705137707681452 -0.059948715108898 0
0.6766133769173786 -0.05844809698308365 0
0.6758068918509412 -0.05330237930714943 0
0.6808708608207081 -0.05670079803105818 0
0.6810698338199371 -0.05272279467396825 0
0.6865470066900445 -0.05256324007055095 0
0.5764449188684646 -0.06737962708415754 0
0.5781394692295264 -0.05945129952777074 0
0.8709017971132692 -0.05660147629217531 0
0.4497125292603872 -0.2519089278357665 0
0.6006823989998954 0.05523221692398974 0
0.59451714041106 0.05837271781088427 0
0.5914407726007673 0.06573656397828495 0
0.5883108861079716 0.06064735265795233 0
0.5836389347387508 0.06836256184542511 0
0.5911200983270621 0.05459431159500595 0
0.5812945326257875 0.06235051004102563 0
0.6117562007369155 -0.2396973064317419 0
0.8059769180442564 -0.03551126891823042 0
0.8638458614318993 -0.03015331719884961 0
0.8677949386880747 -0.03333875808443382 0
0.8709849227082016 -0.02673185181764566 0
0.8485891098526337 -0.1223024138304518 0
0.8290267344723272 -0.1124429670624079 0
0.8419213609176874 -0.1097222999899397 0
0.8906195153974067 0.04220776201264924 0
0.3892059501602516 0.1156513314192887 0
0.3796469236231834 0.1084684835911168 0
0.5443486381810566 -0.08328619838380261 0
0.1532453023957374 -0.07866245330348258 0
0.1489022642529468 -0.07056215390999988 0
0.1423096781717662 -0.06902895999029857 0
0.1558462469828674 -0.07175056865085243 0
0.1650265857880329 -0.06617949063946557 0
0.0413077954075782 -0.0779985859263965 0
0.9794279672919465 0.01734210742162962 0
1.792904219369364 4.60412177784815 0
0.193514018077196 -0.08972344856007364 0
0.2696141402282387 -0.07304840957788557 0
7.057534899914974 12.07992238867237 0
6.593167523368306 11.92958468805097 0
6.799084326489671 12.49071069064511 0
0.1678814981699898 0.09073801218065608 0
1.013643662560415 0.01995914547095673 0
1.003212481011508 0.01702125453048096 0
0.907858994332046 0.04429582103498084 0
0.3761953736819018 0.09842789914679656 0
1.580345529574525 -0.2045622337586266 0
-0.0452800632184876 -0.0855270221300593 0
-0.0649587300184251 -0.08406575462931219 0
-0.06821186448967081 -0.0664599957918061 0
-0.08724727230180873 -0.08246047069459968 0
-0.09022078927346866 -0.06038849551602282 0
-0.1123462335359329 -0.08217342114297278 0
-0.1358323625664421 -0.1144479594345215 0
0.3438650929019614 -1.119374924800818 0
0.5758220589571899 -0.1026043940503561 0
0.5806626185600884 -0.1130387706401622 0
0.5846271758455865 -0.1239952699435091 0
0.3025357183349816 0.1566968710417448 0
-0.001417566791971971 -1.371029937750354e-05 0
7.133979228538678 -9.693866107607002 0
6.727168013417852 -9.56965842977435 0
0.8108876761759086 -0.1250880997418395 0
0.8007168562224836 -0.1198268034316459 0
0.790822362994236 -0.1242499674749039 0
0.7876195792235186 -0.1109682876883934 0
1.007131283644791 -0.2228057394374213 0
0.986801786062161 -0.2471953042698838 0
0.595568024476545 -0.1202772177708609 0
0.5210851261665916 0.07987029597172732 0
0.5088804724393784 0.07421148340948096 0
-0.6425387488084824 -2.511834510018874 0
4.198211551299677 8.751347190962013 0
0.4167854551971712 -0.2912949958019773 0
0.0900532633757563 -0.2734456193820584 0
4.67939546512725 9.582862154863838 0
4.439713984799451 9.597619708591695 0
0.9759070983854181 -0.02116673636217406 0
0.3144945884593692 -0.07414624141920263 0
0.6668652867225773 0.08633934551193989 0
0.2001027837027709 0.06415731913021179 0
0.1743151454524311 0.0673303601908701 0
-0.0354555638733661 -0.3784817830235387 0
-0.01062178369645504 -0.4208375834382322 0
0.01758542657740485 -0.4710214282718479 0
-0.8199489866910379 -0.3568382999498687 0
3.022114363630565 -7.559099519780709 0
1.162973445098166 -3.864157404522228 0
0.6354020118683164 -0.05903749253546272 0
0.629559850223872 -0.05364938910371372 0
0.6241556350160188 -0.05372075476656878 0
0.5366564213220633 0.2603473910444749 0
0.5376084570827393 0.2912064506457257 0
0.532938623576564 0.2311557608472688 0
7.212819984274221 2.781845152503597 0
0.8539743523999563 0.05248072925311235 0
-0.2044234342196123 0.01161746197898163 0
0.262234959028279 -0.07272608476915973 0
0.6131901363509936 -0.07920579055333317 0
0.740046921147418 -0.1278664114362737 0
0.804714027554537 0.1808667793402173 0
0.8098534921230015 0.163935666759003 0
0.04128711893796781 0.04216775490901893 0
0.8385509717989581 0.1672922090901859 0
0.7812670922998212 0.04421973760488579 0
0.5581904776188189 -0.05708335324017114 0
0.2348688960026004 -0.154708445064934 0
0.2242587047218983 -0.1566187681539335 0
0.8833348277570297 -0.03700048249245296 0
0.8840776519305262 0.05402769701304441 0
-1.44540281398347 -0.7534988999117107 0
-0.4966824250300257 -0.2004954882936617 0
-0.427853716720882 -0.206195656398222 0
-0.4133304611023056 -0.1221611100987356 0
0.8837034299355039 0.04534314106023358 0
0.7166300507401773 0.04960999755652548 0
0.7207742006347784 0.04732291858789829 0
0.7255107899535804 0.0495798678922005 0
0.7262956712463089 0.04311012518218314 0
0.7323369788392075 0.04799889996964706 0
0.04832560896823029 0.1269933655427703 0
0.6883338199811135 0.08182904431243186 0
-0.05405993257174201 -0.4881553559436512 0
-0.02293289880422345 -0.5431458471109787 0
-0.08278985435246505 -0.5822922369538935 0
0.01292060860764167 -0.5853075585785021 0
-0.1763403764186708 0.09261208498182434 0
-0.1476062441068269 0.1154042883987965 0
0.857813149875196 0.02892972050026597 0
7.13537722606861 -11.64085539464896 0
0.8152387152270444 -0.1109308374284276 0
0.02435348609984953 -0.03100410295740499 0
0.6963339251664324 -0.06264197202538185 0
0.705799103298725 -0.05398768313689329 0
0.6990484430903473 -0.05379227926720236 0
0.7120442641789283 -0.05255051692362761 0
0.7122344681829302 -0.04615175985693254 0
0.7171054350802366 -0.05048525803128193 0
0.7005748234907306 -0.04681790006784117 0
0.7771165904177029 -0.2183003381344918 0
0.7441106836157877 -0.05020338256136733 0
0.7395755373960469 -0.04262376103460893 0
0.7507573114106362 -0.05163894883121185 0
0.7523316259347768 -0.04510047273379322 0
-0.01885678893239829 -0.03142209044893507 0
-0.01353556224821455 -0.03840056765980776 0
0.1512563666564664 0.1011056887865143 0
0.566905880405984 0.06165150436408932 0
0.6247066654460255 -0.04841493194135765 0
0.8310321212919973 -0.03553601425004981 0
0.004900827754519268 -0.01449756862259438 0
0.1668096915062013 -0.3364510840587521 0
-0.9401670761528359 -0.5222355095532258 0
-0.02910514028290948 -0.005613478585192628 0
0.7040946689076331 0.1882004273190435 0
0.1048924064993591 0.1006185316014426 0
4.995130649561544 -2.901318680738167 0
0.5518382813644431 0.05883518067230618 0
-0.01156252039912781 0.07156842866348616 0
0.002195151198788044 0.08205001000061006 0
0.6960548238259376 -0.09872155838668666 0
0.02661952117803006 -0.04856516913821817 0
0.1699939621423997 0.1560891167138478 0
0.1649878741243905 0.143889211469338 0
-1.788276761767515 2.128735865911415 0
1.40376012933673 -0.611331569465031 0
0.1651762352044541 -0.1311423216343971 0
0.1774344091482516 -0.1220934939388432 0
0.1595281930517833 -0.1229872776919329 0
0.1637179342709293 -0.1133394008339181 0
0.1520094437949792 -0.1125472344199811 0
0.1525692336312005 -0.136743662162745 0
0.8365763766335134 -0.06342033441894028 0
0.5502372643626784 -0.1018000962742561 0
0.9276014446936256 0.02415635147726596 0
0.04652359344760679 0.04224354458846365 0
0.2268145668322497 0.1012290167713508 0
0.4349121264388538 -0.0944200975859746 0
0.429351537053101 -0.08732147174029437 0
0.4227103457392912 -0.08865893230617714 0
0.422503037940867 -0.08046476767480566 0
0.4135908829510296 -0.08092483430585395 0
0.4309330694909252 -0.08103791965863508 0
0.4398095680736001 -0.0832256141150909 0
0.4520060583948605 -0.07626033839771307 0
0.4423141772721125 -0.0725545308268128 0
0.4602868681088592 -0.08691160843671088 0
0.4612126994664048 -0.07741433166170671 0
0.4122172142986633 -0.09159152240503687 0
0.6005345285463803 0.09223566435304185 0
0.5984555448000044 0.08398349426871506 0
0.7761125658511087 0.03777565635960945 0
0.7681067915860176 0.04073346043075986 0
0.5035508570108551 0.09434457170379619 0
0.4913028175895047 0.08602880702043232 0
0.4810933836813661 0.08666819275758303 0
0.4906403683460834 0.07666720286025169 0
0.471772153032987 0.08658607562648168 0
0.4724382687584297 0.07782522712424425 0
0.4637670721489292 0.07858753447369196 0
0.5015728545156718 0.08458649721611412 0
0.4689423634509224 0.09576350757962269 0
0.1284179334923958 -0.07885887767550068 0
0.1389381715766503 -0.07520455709496804 0
0.1361807578267831 -0.0668528702890742 0
0.9136589236108575 0.02185271972469566 0
0.5861315108830077 -0.05648919377416697 0
-0.5218827841362266 0.1519766005075384 0
5.06207325180276 -0.9132693189341569 0
0.3447098741102537 -0.2293648600470139 0
0.3266396150828922 -0.2172471782047362 0
0.3659690128553371 -0.2210171853395399 0
0.8634703447605878 0.03573850208876467 0
0.9837868387808899 -0.05286950988974444 0
0.6803950082054564 -0.07042157141630696 0
0.798927480296486 0.3380743404610941 0
0.8142270828315613 0.3586569389368642 0
0.7946267379889702 0.3666518488147342 0
0.8028335267001404 -0.03209658804872784 0
-0.3549034245429177 -0.1544078817280008 0
-0.3681925635272169 -0.2164173268491975 0
1.648079350196134 -1.621302036019023 0
0.8807096157064386 -0.3336498221250206 0
0.1107920048243648 -0.11595102379078 0
0.2329183804719234 -0.07614799519397109 0
0.2412351621115855 -0.07157693648041362 0
7.119681532459354 -4.791450100232605 0
0.2296232651276151 -0.6842009297038798 0
0.2938304487196036 -0.7191727787369534 0
0.2748797494230719 -0.6550277174322047 0
0.9397968473921594 0.236161148612967 0
0.08116877119257365 -0.1097313021160093 0
0.0738571403598073 -0.09995768958066378 0
0.6985736070089815 0.04997778512594699 0
0.6957038299708431 0.04628456606726322 0
-0.09017424318616511 0.908214217077341 0
1.158532248535635 0.7137770243134562 0
0.4011848593514051 -0.2476307468523176 0
0.05532360669137926 -0.04381634187751285 0
0.3175677298851358 0.2416219563756205 0
0.2942207674399244 0.2203513540717671 0
0.2167154552358571 -0.09267328495291061 0
0.8276526869508654 -0.03039378970203302 0
-1.451129554529432 -2.556443764041133 0
-1.414478577059038 -2.712969420675521 0
-1.315987340884122 -2.766828348202942 0
0.743794066182352 0.05330299622109833 0
0.7512186706305037 0.04624732582819319 0
0.743924499904607 0.04692517832015452 0
0.5967371963461641 -0.06748579215121865 0
0.6207721548240734 0.3333192579566214 0
0.6049736239987095 0.3523982658115374 0
0.6261425820095552 0.3642951442913158 0
0.841320751688858 0.2601351869651922 0
0.8416723827486056 0.230386635106977 0
0.3328476069894433 0.1138677232523922 0
0.3229060091476181 0.1076809001691004 0
0.7198790384617176 0.08836033285635131 0
0.08172449175447986 -0.1583619593720772 0
7.063328817119658 -0.03698680947658756 0
0.6605605649059347 0.0526917363116652 0
0.6570759362691994 0.05393005617156792 0
0.7584038630198333 -0.06670277846641175 0
0.08841045367211681 -0.05501259484353118 0
0.9351632994687107 2.420674155519102 0
1.144832333077449 2.104060903252139 0
0.6871602758639375 0.04685939921596097 0
0.6799052253532079 0.05039722522383535 0
0.6773563590976708 0.057455569803896 0
0.6802621647193502 0.04328355764091954 0
-0.6726142470729803 -0.5803439433589199 0
0.2706635956124842 1.152302073300139 0
0.4063601017856575 -0.7949736656597287 0
0.4808342086495599 -0.7895422564578056 0
0.5394647265999103 -0.8338788087762359 0
0.1439986815358673 0.08758573156251499 0
0.4467642118799754 0.08058663835579026 0
0.4288457305204223 0.0810496398907814 0
5.236970094152394 10.45310151345295 0
0.4271268944955156 0.09126208465183859 0
0.4196639152295253 0.07982386436153122 0
0.4067404800864387 0.08950408164049774 0
0.4090785688557812 0.07490044249337424 0
0.5465464968822957 0.06225599458254039 0
0.5403624795808093 0.06531022307911277 0
0.5419299978494024 0.05805909159478318 0
0.003806963473185725 0.01336632995547526 0
0.5534857504706781 -0.08059127693307169 0
0.6985558803205031 0.06945827882085842 0
0.9071390911506785 -0.02413958637304047 0
0.8237585969429315 0.0393741476935734 0
0.8175775108395001 0.03957563506995682 0
0.4745476693338434 1.216494343891435 0
0.5513905546008953 1.196328348695785 0
0.5910350720779758 0.163754947438965 0
0.5871192089034503 0.1475519287514964 0
0.2287022413200437 -0.6189736066647764 0
2.089287472281714 -0.8709732554291328 0
0.01025566140942885 0.02476424278639661 0
0.371444219193079 -0.08029488317858066 0
0.3618961101813344 -0.08053270950291089 0
0.3583868003114382 -0.0907021412177883 0
0.5785781983879661 -0.141795197987634 0
0.7868545622650172 0.1738166893416384 0
0.4429125704550471 0.137972374307767 0
1.730205537450801 5.824073816153501 0
0.8108118427654724 0.04039836660559297 0
0.806868469914683 0.03795499382712353 0
0.8033152627213757 0.03965637137695119 0
0.8029886985494064 0.03491240437548807 0
0.6313818741283646 -0.08146708553014914 0
0.06448397206730744 0.05088601202787987 0
0.05877378354805664 0.04949843734531999 0
6.278397935227065 -5.616417814775708 0
2.022263517245011 0.9545603722153425 0
0.6617686669553138 0.2502304017937065 0
0.6778071492391592 0.2650292108875903 0
0.939648588229081 -1.105692370005019 0
0.809391096187701 -1.126777460510943 0
0.7304295993923389 -1.442689253523623 0
1.010850571971664 0.09697703667258101 0
1.174823237160068 0.3916949061769731 0
0.5733719694369103 0.05734398816466034 0
0.02367142588054039 0.03756781549498515 0
0.1417374356160576 0.06910555060879695 0
0.1317474368364898 0.06708922522373786 0
1.082652439901229 -0.6062986658623063 0
0.2925162822986757 -0.09129881379044549 0
0.2916524679855137 -0.08242567177387425 0
1.806955338036403 -4.30974549407838 0
0.7624611983158055 -0.1087097761400479 0
0.02631171047617178 0.03461125226934923 0
0.1347585281771135 -0.1188833005022483 0
0.4813301091492301 0.07741231067089148 0
2.858779888911896 2.73838441114639 0
1.071507523409004 0.04868442986723558 0
4.785021269137433 4.443438840464911 0
0.4430931936439088 0.2463665493940475 0
0.8239153352775308 0.03343317741328804 0
-1.782977651359992 -0.1202128649317983 0
-1.621938862434991 -0.1068959634062897 0
0.64993345228251 0.09666065181100823 0
7.070361543258185 8.719814135322039 0
0.8560493178232726 -0.0500897098049996 0
0.7490239446744258 0.08523696864600558 0
0.7526097257428541 0.07744342079828044 0
0.7612158211420019 0.0818534428171995 0
0.7781498323047896 -0.0501616952560504 0
0.7834036604674441 -0.04282948302770361 0
0.4317237382323479 0.3317144009605053 0
0.442244890715927 0.3575055555433964 0
1.520123456650311 0.6837626149254562 0
1.486691521156146 0.6136797359037603 0
1.452078052123754 0.5593055494136877 0
0.4255785386414851 0.3966219636463289 0
0.249117963464071 0.09750302565944956 0
0.1161113638066479 0.05889793282093397 0
0.9006399069007351 0.139363050434789 0
0.7643180749195781 0.2022102266321343 0
0.7448433011639983 0.2099322311666807 0
0.7557590268973637 0.04904250102423023 0
0.7568084682836048 0.0422650399752708 0
0.9224604732365425 0.1247042282393128 0
1.426742909444325 0.0004185681754815823 0
1.423037093410323 0.06598627741032143 0
-0.2005967912338719 -0.05201532429357759 0
0.6387747655767789 0.05345103763006463 0
0.2168047840017319 -0.07760221732166855 0
0.219543839501578 -0.07069374807930474 0
0.2121923959768929 -0.06957261311095292 0
0.482916571896685 -0.08256513434360292 0
0.4914515108465909 -0.07840322335217999 0
0.4794290642239207 -0.07503056761853137 0
0.4684504188971167 0.2872149124744118 0
0.7293149677727973 0.05549592846855224 0
0.6081921466830854 0.4261391393829411 0
-0.0004762422512950061 -0.06673356365013511 0
0.6526793043277546 -0.1347738789685406 0
0.5161268644144952 -0.1533346325924874 0
0.5207342667214278 -0.1371621712893986 0
0.5348776775055115 -0.1436105198843536 0
0.5310620100264336 -0.1280634267274978 0
-1.450863663771327 0.3867248945507985 0
0.4277591371943009 -0.1414292981273643 0
0.4456485670627304 -0.1396436505345098 0
0.4650056850672366 -0.1310399395474882 0
0.4773580540516181 -0.138871159207178 0
0.486691444933075 -0.07201821421670684 0
5.500707707581197 5.713579255868041 0
0.8769055753059996 0.02570752195678214 0
0.8710178056506135 0.02556350249733813 0
1.331717796988478 -0.5678398309784031 0
5.071695542636046 5.312686658040075 0
1.552318878739111 -2.604069426294194 0
1.760462002640871 -2.499522896776059 0
-0.4337177978559693 0.5805187184744628 0
-0.4377589922685577 0.6505637378643487 0
-0.3306886976719758 0.7193998515365394 0
-0.2588780699287705 0.6904941712514759 0
0.511706623744809 -0.07341480657189761 0
5.103707298887592 5.720934639664277 0
4.739466161998903 5.728377721535169 0
0.7647350447101251 0.407994344658134 0
0.8044800988988402 0.4276903349748222 0
1.136733452688923 -0.06343200197407681 0
1.167886659529486 -0.0862239055761326 0
1.136083661301997 -0.1032957645659226 0
0.4901718004199109 0.1624735179465386 0
0.502220483051788 0.1512759026326519 0
0.5220549731934953 0.1479960671949129 0
0.4810901539316344 0.1493163647626149 0
0.5348549151845989 0.1550768618733105 0
1.206051793761179 -0.0468911432026056 0
0.8607406296167102 -0.1122147518116854 0
0.2594948576210175 0.160679405403192 0
0.4466916155811431 0.07173722096753256 0
0.6578580854281614 -0.2978244546259379 0
0.2393306893378992 0.1418548663644214 0
0.02768435820232703 -0.07953598752318658 0
0.3565151788394709 0.2216365320695781 0
3.852189394257557 1.962535714781384 0
3.602945119772406 1.864260640992148 0
3.646258163778862 2.158350947093516 0
3.470098380754437 2.009488684766861 0
3.441673881756605 1.765235336533578 0
0.3643816338906717 -0.07302862634457717 0
0.3972365741348569 -0.07209188862837829 0
0.5065324486532383 0.290070061330786 0
0.2091703551394097 0.1826769917774966 0
1.109712582088112 -0.7130892128414476 0
0.9495840291433831 -0.1723712297433503 0
0.9764694758570034 -0.1675805608103709 0
0.1309090370777772 -2.166761161545025 0
0.2256643082900039 -0.5081744162570461 0
-1.705661523791562 -2.160246243916138 0
-1.696967052082365 -1.998529963736426 0
-1.802520776300685 -1.808606635754533 0
-1.656920339578785 -1.729269408310826 0
-1.879548092008116 -1.64696713325164 0
-1.728200636936891 -1.582610711258505 0
-1.748988008460965 -2.358733461904355 0
-1.950920986089169 -1.492533021607563 0
-1.794025589211906 -1.41474980223691 0
-1.915185157362036 -1.324415257992349 0
-1.617791124413767 -1.534280999060379 0
1.854375077569913 2.392839661996319 0
1.750624699824209 2.281715893408116 0
1.725773980212441 2.096999312583844 0
0.1398364946995823 -0.06195199365350693 0
0.1304999560829549 -0.06393449481071825 0
0.1263137336092437 -0.06892720869784397 0
0.1254578665919519 -0.06028772996057843 0
-0.484510504132726 -0.03996434460976953 0
1.191490253314908 0.4937262524042406 0
1.195009021525411 0.4445921355975809 0
0.9016754083853956 -0.03729333297439301 0
0.1904306950386527 0.0789868980410493 0
0.06856413470204513 0.04815732082226889 0
7.562764661443034 3.857682814318078 0
0.00592035959390293 -0.05674068151049256 0
0.96931377835304 0.1103583593009282 0
-1.221074147982811 0.4929921508529114 0
0.4021368970025991 0.1830141676902559 0
0.385599549096062 0.1747430339694792 0
0.7955693797207326 -0.03993210285483825 0
0.2136837233642543 0.07090742916627671 0
0.3275114703386851 -0.09031484634091444 0
1.166458930175242 -0.1993199490366815 0
0.3732633137179261 -0.1354161649595333 0
0.3610956661101465 -0.1339288487638002 0
0.3761660179373691 -0.1221002363235147 0
0.2566064501225324 0.081011087246985 0
0.2524705587404282 0.07292659074877289 0
2.070945452697906 -1.280625779618746 0
0.3227218134711252 -0.1503372124350057 0
0.02874284742083897 -0.06330174831987795 0
4.862303944999376 10.67753968542821 0
0.2484912999223362 0.08009241180744582 0
0.244240160046498 -0.09532531152276387 0
-0.2342023291767473 -0.6409436945536892 0
-0.1447253193772786 -0.7050323045749596 0
-0.1584219491001522 -0.6404754796318214 0
-1.247709210600758 -1.425931913741749 0
1.072742541744397 0.7069709155901077 0
0.01369250269980929 -1.050641181154799 0
0.1148250557008832 -0.9988733005709018 0
0.1908054534943185 -1.026458841879484 0
0.6039472418605779 -0.1324420204104121 0
1.667513297622953 1.535176521039948 0
-0.01768827413798058 -0.04725577546277815 0
3.171424759111321 2.894893550693693 0
0.9486406898555911 -1.597226833285262 0
1.116330340317051 -1.553480406082744 0
1.244604369727124 -1.601812927912208 0
1.0261977686349 -0.04798122438988239 0
0.1758451054575723 -0.0914491213172739 0
0.5127331899269337 -2.994729759681482 0
0.9273162545178539 0.1958633392397472 0
0.07609755173821325 0.0576189882052349 0
0.07963285946952431 0.05210112200149878 0
0.08488543651560324 0.05370625235921428 0
0.08993063687105501 0.05455582472337107 0
2.751311621145243 3.140672455537578 0
4.634043529405628 -0.4343022869822556 0
4.381950578089739 -0.3920193534321215 0
4.380376877905358 -0.6706082861565461 0
4.124415923854929 -0.6885687395607107 0
0.05223533237388223 -0.2434457015634698 0
0.5857584251624509 -0.09704997915901158 0
0.5702105618914599 -0.09335154115156065 0
0.3507150475037268 0.08342268664257388 0
-0.7580808733952327 0.9952882372752325 0
0.770904175395464 0.03654955385595278 0
0.9716925488075671 1.513074186747996 0
1.070942086041387 1.482046083497644 0
1.14281487346618 1.526726422683049 0
1.186183622006153 1.431713965022788 0
1.281234215487431 1.454310206204084 0
1.266462754254766 1.578198152894435 0
1.362997276015531 1.547194395675111 0
0.9840884685269111 1.402652280689586 0
0.3066417419122517 -0.2222162739546311 0
1.058236670486279 -0.1202015926837882 0
1.883126513803196 2.009187144570193 0
0.2895724729312104 -0.606703394537653 0
1.680952979999552 -0.09449129940144728 0
1.243455764059346 0.5540884113386043 0
0.3063756631744406 0.08128307055749412 0
0.3143536328681705 0.08138127687712056 0
0.3078330806367701 0.07363314623757526 0
0.3153274539204887 0.07373649104749647 0
0.1949933536279647 -0.07087081546481575 0
0.1868960856179475 -0.06965373753521674 0
0.1831914070031036 -0.06559375980685686 0
1.109125182141652 -0.9922206795460179 0
1.027502950752395 -0.9535432118139008 0
3.939683074544865 -9.09926232650896 0
0.6203549292686229 0.1537471964566567 0
-0.2112061183498261 0.4707991600179654 0
4.123948043766467 -3.406047901695112 0
3.85833606554251 -3.306944700512276 0
3.795913149942342 -3.562370621731538 0
0.5511923280207662 -0.2550211719212984 0
3.930563152868906 -2.734036264073699 0
0.07943227150809362 0.8633189335401342 0
0.4218907104801676 0.07141757490271511 0
0.5032364759048725 -0.07749667680959768 0
0.5045998839494036 -0.06813379472156278 0
0.06596588353625003 -0.06019728386659612 0
4.422702722238827 0.9977374694758688 0
4.139211546574209 0.7533086053858614 0
3.86148771746541 0.7779509312686121 0
7.059237606658928 4.151712721016897 0
0.1913826760593293 -1.525674701822048 0
0.28874869791039 -1.420756274592225 0
0.7593484180770678 0.04699680742178403 0
3.844940479697977 -8.245297137562963 0
1.105677840365843 0.4464644452825964 0
-1.075177283533236 1.312902486973362 0
-1.080181772003479 1.452003569246491 0
-0.9603168515348787 1.449420070553837 0
-0.8468436877686705 1.436090889082918 0
-0.7172831384513648 1.523401135194236 0
0.9444403825400024 -0.01825170042087437 0
0.9342315543266198 0.8561973219751059 0
0.06253458353435701 -0.04565770339101707 0
0.0125841699514743 -0.5191016489904976 0
0.06810724196756728 -0.4952274167532285 0
1.337535710736234 1.682153894587276 0
5.478295739174466 4.825380647838452 0
-0.07779603834205974 0.4244973725454049 0
-0.1195456394458365 0.3997116659682461 0
2.770722013469173 5.301520505733677 0
0.6664763578715185 0.4213711238125296 0
0.9323867637718753 0.09689235523604209 0
0.9165794506599877 0.09856583500605137 0
0.9221254022614304 0.09007355259255143 0
0.874252446293911 0.8918176113567295 0
0.3783075142773063 0.08131841113524492 0
0.3781013470202746 0.07331099574721074 0
0.3088329754370658 -0.2495762395135899 0
0.2864881249287777 -0.2235025179738351 0
-1.934517942905415 0.02626710640048958 0
-2.063254600883056 0.04998224341878546 0
0.4929377084566448 0.1401396033922347 0
0.8664460584540272 -0.20731842110092 0
0.6149395496895497 0.1287802782425874 0
0.6068951716078815 0.130884663268043 0
0.2202056258176336 0.3604235982925828 0
0.1943949841345774 0.3421804544229239 0
0.1641032975642906 0.3489814769723611 0
0.1705783069038451 0.3305187754066487 0
0.1448841983850927 0.3280280472661786 0
0.1482733843330107 0.3002418251063985 0
0.1818795986655276 0.2996591086238675 0
0.1456365593152555 0.3538237860786381 0
0.1194522136207495 0.3015576993799755 0
0.1233910231837261 0.2746851135399712 0
0.2348057905233181 0.3339729300020407 0
0.1494969344881789 0.2732835299014808 0
0.1757600039357464 0.2687445464494752 0
0.2032783110607291 0.2851000890809241 0
0.2046104571936431 0.2611397018242846 0
0.1918257663448777 0.2371658849291076 0
0.1266305444221815 0.3902205659140747 0
0.08441235799134103 0.3661710739130361 0
0.1713875279557072 0.2451954369490432 0
7.573301307760149 -10.25401540821957 0
0.2616699400747473 0.347739681113432 0
0.2506845866925341 0.3060745692968364 0
0.2798050387369229 0.2950078748759595 0
4.46038685867514 -7.091639024197907 0
0.05986918807209356 -0.625430404478899 0
0.7670084865765598 0.04920351299475596 0
0.5456169832391121 -0.3094184188159738 0
0.5255214527194471 -0.2901637695104204 0
0.5022591796415686 -0.3071937279022596 0
0.4849542673838427 -0.2790823728143993 0
0.6886326673422175 0.3548828875716927 0
-0.9596581672785803 1.32209056052513 0
1.650037149172167 0.6013155651161894 0
0.05306426901065391 -0.040161494953001 0
0.7587345336318347 -0.2075343882406812 0
0.8427636235428242 0.06780785750615258 0
-1.088102857272428 0.5729702080906531 0
3.708189317597353 2.658208286139173 0
4.022386649962587 2.794060460226873 0
-0.01730524968199638 0.05734230511547835 0
2.476735147777231 1.482110128432592 0
2.649626704168761 1.325121718308993 0
2.811102334046622 1.477822215587047 0
2.795069507725362 1.319029441831594 0
2.648699201660988 1.207580058205497 0
2.938470560557395 1.294614114530814 0
2.906386031429763 1.181899681230785 0
3.139429829968285 1.413797243825995 0
4.907484512428272 -9.479770218271247 0
4.671783172429913 -9.455654440084496 0
4.54452292749512 -9.684547363077572 0
4.849678373758749 -9.937430345720678 0
0.9344218414068145 0.0203861785974322 0
0.940876016026106 0.01653411126936083 0
0.94235010853733 -0.03598360255591855 0
0.2089691111670548 0.3183212535513822 0
0.2727428632088199 -0.1632614459435075 0
-2.354579769995934 0.1417623793830277 0
-2.208610738048335 0.2645554396970931 0
0.7644125387300871 -0.04554004734003046 0
1.932607889688759 0.8928093269603209 0
1.59326366241195 1.030444800856619 0
1.500456783345765 1.056455839916102 0
1.413156662697942 1.059480437337107 0
1.489153612387867 0.9895597724016243 0
1.329173637841356 1.050440725219618 0
1.33690241469161 0.9897301259187734 0
1.24653957905998 1.032054528298345 0
1.270745019675073 0.943875892180715 0
-0.1073993537872756 -0.1080711494908519 0
-0.7297181060262019 0.2786448637262299 0
-0.7483133305858756 0.1989811126369121 0
0.3866276411883599 -0.1361872301538257 0
0.7575047346384909 0.3025401894062944 0
0.8465809678130708 0.03412718835752903 0
7.567917936762087 -1.668213871028281 0
7.609573061535905 1.929045877512368 0
7.600613215157868 0.9588290352243413 0
7.216055478970841 0.9268564225312478 0
5.27345593121649 0.03657291799478837 0
-0.5640102907257903 1.17678337818655 0
-0.4565184975792365 1.193335137117164 0
1.459953130049679 -0.1549122308859011 0
0.1432092061013663 0.06152017639522418 0
1.388327044527911 0.6082390830661579 0
1.367224851530341 0.5301883123945074 0
0.5476341750274634 0.0991052319041358 0
3.616139314671267 8.299799963800519 0
3.380535637965103 7.997048804231213 0
3.571940300857072 8.529010776812251 0
3.446915698814509 7.637496515005007 0
4.132043961093281 9.156892921183289 0
0.4349431551281711 2.418487296442301 0
0.06317055272403826 -0.1020847933474395 0
0.655173775529162 0.1525576425112322 0
0.7234562022812303 0.5982154306124361 0
0.7000811890688854 0.5577761587376772 0
-0.1061083308055939 0.1314971934865355 0
-0.1146234669445346 -0.05646729082187721 0
-0.09057919936397547 -0.03689367854893743 0
5.393525111268034 -3.587271155454697 0
0.780242170177595 -0.1900940431364058 0
2.50345873131952 -3.60106254254203 0
2.461391065887061 -3.350361752633534 0
2.710783067978226 -3.300368753486864 0
2.415689618990857 -3.106309169425771 0
2.654860886747481 -2.984576495017471 0
2.468217991219639 -2.792948696169866 0
2.70923469466607 -2.720032629415197 0
2.89512308433719 -2.505280627106707 0
2.946016342348325 -2.980582069385864 0
0.1663882179430712 -0.2040165850483677 0
0.8451496107762226 -0.03061664804713838 0
0.6832562173761845 0.1224056015151655 0
0.6693292826818942 0.1322935465898243 0
0.4926959981800352 -0.06835812612650856 0
1.015596105700673 -0.3516906320274137 0
1.058158284140073 -0.3647841037536232 0
4.939553918444702 3.267102090887987 0
2.374558261734419 1.415584353758022 0
2.502826133503861 1.312889805600972 0
-0.1100875262896748 -2.037370989698757 0
0.7333192102145498 -0.04593388935891499 0
0.7258520630095316 -0.04747295931004708 0
0.722705305843686 -0.05190280087867565 0
0.2920361481641326 -0.07430723201744177 0
0.2840585486518454 -0.07414787170809056 0
0.5510604912379374 0.07626692719305705 0
-0.08488476233594647 0.320199003306333 0
-0.05269815298936507 1.512290083341457 0
-0.06480096245812175 1.405833193171421 0
0.04857859363212417 1.468563665527863 0
0.1721149458453468 1.517784851651728 0
-0.1720391718763948 1.324928061624568 0
0.2077953649013042 1.615288918401941 0
1.937387068339572 -2.529201993488426 0
1.778349901292788 -2.32838773776479 0
5.865595330811733 11.57160463889042 0
6.151333678658045 11.8386580050401 0
2.744655135176449 -5.05262993579042 0
2.429878654017515 -5.134591651301445 0
2.81337355396342 -4.817467760310523 0
3.078424303613529 -4.669544338651223 0
3.317268940309563 -4.744355403760377 0
3.118320587037998 -4.38995674061452 0
3.349456318762912 -4.183318783568951 0
0.8466169768242688 -1.267326465896487 0
0.7940974639713976 -1.353771280870383 0
1.087315116900138 1.394697823354635 0
0.6437762809058947 0.2356528786421909 0
0.6450879953679729 0.2086271754079569 0
0.6280627539864394 0.2201594237292139 0
0.9874395253781189 -0.1012506130175973 0
0.01786814358870438 -0.03186269047035644 0
0.01507900149445636 -0.03009882341665373 0
0.5455416827009378 -0.0641693376164558 0
0.5425340948524672 -0.05936878817800954 0
0.688425243823764 -0.3378475989955585 0
0.7235174537618342 -0.3223883219205524 0
0.762330922474623 -0.3292835527640489 0
0.7615255812978805 -0.3713602544175234 0
0.4997869281070689 0.07571007735261476 0
0.5061029913448238 0.0666887527239025 0
1.241541101883257 -0.3054501497233368 0
1.246395114586882 -0.3880538714398973 0
0.6361947124452642 0.09562329289494154 0
1.73183301768795 -3.278430853401401 0
1.356476129448359 4.591853703467392 0
1.172637530142641 4.646260726400231 0
1.120936763870547 4.982589762526517 0
0.1388524557208969 2.239246017111588 0
0.2664590790312577 2.154223846469654 0
0.02171327827333906 2.164945395513419 0
5.683148528772894 1.951364024967611 0
0.9991985171796477 0.180568222083321 0
1.29892906793915 0.483907621548156 0
0.7384092792571959 0.1846554381518948 0
-0.6794956344774389 1.631798627357766 0
-0.9561794288411679 0.6298214760215827 0
4.788429225413007 8.405723727978591 0
2.481703286398755 -5.531654549133755 0
-0.3482323582717343 1.897968695250539 0
-0.3560138077953878 1.790144701000829 0
-0.1974482461438224 1.968970977268725 0
2.48468094749665 -6.004361477676226 0
3.482758591174044 7.00620309958809 0
-0.3044713673406844 -0.1666838699075742 0
0.663822389688054 0.1430414548030614 0
0.6565698360008934 0.1267916330456187 0
1.028276626070101 -0.01369185444708979 0
0.3118118488114355 1.556603698689742 0
1.377176811612898 -1.773518490223011 0
1.378271916479864 -1.628595650945223 0
0.1421824816274739 0.1802120273228168 0
0.1393297199629756 0.1650479423219655 0
0.1365705570160489 0.1484129618739898 0
0.1234112091353139 0.153540824933623 0
-0.5121573990808821 2.673564137756438 0
-0.4146943809560846 2.58241868439029 0
-0.3269818747581731 2.686442728990396 0
-0.3123739911228757 2.49300108975595 0
-0.5229594576238725 2.458787706410721 0
-0.656671241060679 2.402167899596895 0
-0.7818816494929921 2.487306101271463 0
-0.835395192547194 2.3084043965422 0
-0.9902298616326717 2.342057961615512 0
3.259727101275991 -7.858665859981723 0
3.269574326795932 -8.131391668651602 0
4.949796199285041 0.1486202212081477 0
-0.06972576227205604 0.05091623234302351 0
0.03132064795274994 -0.03536416776675012 0
6.283644917633656 -12.27165608314996 0
-0.8349326566530981 0.2166854151831308 0
0.4158958269169054 0.2343960019339496 0
6.103991869733552 3.429202753345483 0
7.55024755920258 -2.660840389114342 0
0.5667213660216022 -0.1941098227762152 0
0.5484736241102088 -0.2066942886156718 0
3.8668249649045 -0.7332783478687938 0
3.898422008521398 -1.019437275695709 0
3.637060851704411 -0.7707393077070761 0
3.643612621995923 -1.019145644581529 0
3.429866407729098 -1.021049623695706 0
3.436063077757569 -1.184606545343396 0
3.242294527693401 -1.055661290440153 0
3.304625554421999 -1.247418054007063 0
3.047663112839302 -1.089728928498538 0
3.393474959793107 -0.7626934357863884 0
3.024380873807929 -0.8769007767382268 0
2.801872249278746 -1.078778894261299 0
2.8625476397642 -1.334205982500362 0
3.386928314026342 -1.421621480055808 0
3.254169198289778 -1.479627944321166 0
3.195440039014759 -0.8545769182744475 0
3.228121312334746 -0.6083789053953675 0
3.901315986591042 -1.314013820331134 0
3.767702039451503 -0.4388487573185382 0
0.4191309691522032 0.1771716968866395 0
1.705642585731563 0.5207625791733088 0
1.350182244720897 0.8939955469488929 0
0.5899777128750413 0.3753804516121638 0
0.3990066400486943 -1.542291735921101 0
0.6440895592431849 0.05708220123719648 0
0.02800432131211799 -0.03066400806487765 0
0.9602916901046848 -0.1313206567662599 0
0.9038248912194459 0.2866204840458073 0
1.44418036977012 -0.5337416674690767 0
3.205829471430871 4.572854272863113 0
0.1813644113429493 0.0694226675526953 0
0.7200499500774171 2.541378543069674 0
0.8494164421972854 2.4730366776505 0
0.3556415603712733 0.3611167648540445 0
5.478332144718646 9.329586016244351 0
3.622907592547523 -6.555448552045616 0
3.703020622743495 -6.798566683848646 0
3.333662049299628 -6.33934178978858 0
1.803450859240963 -5.87610851935608 0
1.526026720250869 -5.505639369848299 0
1.389500458366904 -5.326380081225847 0
1.449849186174749 -5.026007985391892 0
1.332891317898032 -0.072077985496209 0
-0.5545146051738726 0.4595050645855274 0
1.595392477070365 4.509169165184647 0
-1.014925856011251 -0.04868986738843285 0
0.7616372204858765 0.03988228140017949 0
0.7541095052111451 0.03646651467840353 0
0.7451683774477966 0.07336185814846438 0
2.525471826378368 1.135362627627905 0
2.644178176413867 1.026534655586323 0
0.5492705555750644 -0.912539764249102 0
0.6968150672633873 -0.875562177691857 0
0.6941849164091359 -0.8069165362478238 0
1.338734195161782 3.405408941417819 0
1.239981414705875 3.348371747198502 0
1.22446114339621 3.105347884262996 0
1.022951797043116 3.478681990552884 0
1.00222363935432 3.654102712645203 0
0.8465096158108592 3.291437856646329 0
0.6648952393956753 3.321764637247826 0
0.4886236719228432 3.360071374555 0
3.780994354845463 1.530300598495228 0
0.6263017250818285 -0.3191367493044592 0
0.1594673831697964 3.11588901593405 0
0.1741121433970287 2.90547034514845 0
0.07622845174678212 2.813217316278598 0
-0.0426392363016075 2.879411981003097 0
-0.1140983128969824 2.749334612184093 0
2.521531347734729 6.079158098218699 0
2.268794171332039 6.206764570651043 0
2.192730391716319 6.455503940460908 0
2.110752150362147 6.27133800155119 0
2.300726270275394 6.641078583630126 0
2.447966612475232 6.564097643541332 0
2.355321148677987 3.497579449579467 0
1.293284155014599 0.3177588946141754 0
1.311576116931289 0.2640957260066062 0
0.5576489948708927 0.7066430273213312 0
0.5361256021162688 0.654849296771747 0
0.6091121097415458 0.6855812024452439 0
0.4843292336628175 0.6268719098860327 0
0.51486376643916 0.6121876012295854 0
0.48684330481525 0.5765999935899141 0
0.4579181328350457 0.5393267417297997 0
0.5921828715491541 0.6309050829468634 0
0.9467279673423136 0.01704483644296539 0
-1.287225343674994 0.9344265923266151 0
0.2614442671222132 0.1943428216338652 0
2.387806211739924 -6.71360621961904 0
0.5700535247703524 0.1121188166717968 0
0.4133845254416426 1.752126161995843 0
0.5233564996483034 1.688896107247445 0
-0.3123813639102324 0.2854427367058937 0
0.8031804274422236 -0.05881865714365547 0
0.1711052230332473 -0.1869815520049354 0
3.213576020299649 1.744690186095087 0
-0.03617130918715496 0.164738340672723 0
0.2179196986950913 -0.1694788074066946 0
-0.5929784012006347 -1.402035160726947 0
-0.4616770493743185 -1.445827238906351 0
-0.5640815894846211 -1.268616701039338 0
-0.4233392533856252 -1.291449926396762 0
-0.5441831118347358 -1.153964225927127 0
-0.6413438292842927 -1.116262577566526 0
-0.5282695346280948 -1.079366072172463 0
-0.7223770473093397 -1.341931901487139 0
-0.3391854524178192 -1.492655546209396 0
0.6883749240758865 -3.161258688083953 0
7.428086441063618 5.537580986179499 0
0.205888965233069 -0.1526160250416307 0
-0.3565313332364113 0.6492478718685758 0
0.9372977533545003 -0.06057395202335517 0
1.32597905464028 2.990638256909728 0
-0.260412693838218 2.811147545795796 0
0.4351256872673213 0.2274519709956987 0
-0.471051574670543 -0.5985318578096371 0
0.4891029461884785 0.06848502729939937 0
0.1295428103208258 -0.05695130719945499 0
-0.6006412640999794 0.2052444049630197 0
2.720516871459088 0.9130648137817938 0
2.26669324239964 3.300138399895432 0
0.152309472603423 0.8582988699440833 0
0.6175981728468376 0.8055855922058768 0
0.8546016122263012 -0.0281711562699854 0
0.7980068227903661 0.268867957588132 0
0.352182522374847 0.074621850455208 0
7.551202770099016 -12.73471975943607 0
7.141514121722867 -12.61842857323093 0
7.180139714128288 -12.95326961115487 0
7.464756628898693 -13.14121666700566 0
6.712945779184711 -12.67587459417947 0
7.552473547893077 12.45033766455773 0
7.444768123429172 13.04653639511486 0
7.077647974625521 12.71835057748992 0
2.475960890267519 0.9755369037486983 0
0.4331342930696532 4.318083182031833 0
0.5192816130666402 4.150632166343231 0
0.4121418461024305 4.016746606626957 0
0.4456344499317452 -4.320264463912695 0
7.224537179036912 1.394698779424736 0
0.2377693669471281 -0.1720055301521692 0
1.48860648587271 -3.214554915092266 0
5.663630847409655 -10.69708827445408 0
5.679219151729994 -11.25921861001212 0
5.911327911475238 -11.59819688255063 0
5.633210447478887 -11.82682513767767 0
1.211702942657305 -3.092629934123177 0
3.596663617275179 2.468391525414554 0
0.8828081831407286 -0.09586168387497319 0
0.86854745393646 -0.1007549014985476 0
1.25984435767168 0.2512166968598613 0
1.942597701841318 0.6352869222721738 0
2.030577238975802 0.5335351441696017 0
2.806323790868885 -6.954755676795459 0
2.650289265106787 -7.121409986408087 0
0.04637211359474837 -0.03794626399603141 0
0.003725238501235498 -0.01310977694386883 0
0.0008140391793391125 -0.01303158478081287 0
-0.000420658990991043 -0.01045437308780672 0
0.6197565679558559 -0.2647671956386005 0
7.516187983899353 -8.176162782909641 0
7.543728203347434 -8.695604651355609 0
0.1565963046337628 0.6752220962610616 0
2.553755797588524 -0.3877992661847402 0
2.551377593831206 -0.2284156676844713 0
2.688989372230392 -0.07237006956629383 0
2.540820374912365 -0.06855737075698527 0
2.41292632016546 -0.211990473785994 0
2.403604689783856 -0.06698675676912798 0
2.276847516745324 -0.06832856067032325 0
2.263499651443398 0.06558115053990915 0
2.521437239782249 0.08713477546296171 0
2.149863320833628 0.05669045763518643 0
2.14004249329999 0.1769690766988611 0
2.243163790281096 0.1931677096130252 0
2.134879806898021 0.2612028867313704 0
2.203940652427255 0.3019720710456998 0
2.15956934750163 -0.07034658932313459 0
2.145007479202425 0.3867662412185102 0
2.057226698561185 0.3116120765487631 0
2.362873505584862 0.2172388824320204 0
2.040276751787315 0.05433782802276894 0
2.214834717337586 0.4632094149791987 0
2.416416872529445 -0.3565423985988588 0
2.285794404059448 -0.2032950264630746 0
2.410127444608483 -0.4929835020615763 0
2.847184907520366 -0.06947886703045701 0
2.823085009681939 0.1211187230881913 0
2.994239405803413 0.1362970955865008 0
2.973074026363132 0.3258146255166059 0
3.175314337657613 0.1415081885625121 0
3.365649510451196 0.1361945011209523 0
3.35454231332406 0.3538106148771779 0
3.535763204538838 0.5198900044056135 0
3.354352878225609 0.5996287126055461 0
3.801052454727779 0.3814192595794046 0
2.66556565933544 0.1014530693731698 0
2.62603377202826 0.2574791359622698 0
0.8971233524016665 -0.05927916231479237 0
0.4648173197346895 -1.270770235644295 0
7.395218139356906 6.726942795114168 0
7.54261621138887 7.146453211591439 0
7.059472101483672 6.398728076700195 0
0.428991849532246 0.209831062656877 0
-0.9013743821895439 -2.247181553224911 0
0.320368220770709 -2.8848830012854 0
0.4457378743566267 0.2993949309757409 0
-0.4971685842247396 2.305253290262389 0
4.718644114820215 -2.742834466687447 0
4.700131491470773 -2.421495477051526 0
5.46293214314676 3.682773947999257 0
4.632754420366869 2.942580640199244 0
0.8369997348563614 -4.458111301952848 0
0.03397207822647891 0.03280773354874797 0
1.267369179945484 -1.478634104640242 0
1.183601742479398 0.1367290574405602 0
0.04012276697289908 0.03525930488964915 0
2.700771563558775 -2.515555358608963 0
2.869072029738199 -2.310336841137716 0
2.682385196471303 -2.318506972643086 0
0.6512857524978658 0.06935173034054362 0
7.032247305777488 13.38092875358243 0
0.7924503156548497 -0.06999961534581017 0
3.630545298988151 -5.828356829251757 0
0.3640443257507564 0.1341512409017453 0
0.9520367023359648 0.0493253466403797 0
0.9396791099330284 0.04866727031077983 0
0.9392511765717786 0.06312872681988542 0
0.9303702010646069 0.06424402365105931 0
0.7150294612959134 0.04456073105680552 0
0.7097354534220935 0.04015021538721832 0
0.2720230823874775 -0.09643552846549487 0
-0.2926961046840855 0.4436433127183242 0
4.664016622146128 3.173607401320555 0
0.7361897215227189 -0.08733254547122549 0
-0.2695699054233153 1.328727772521505 0
7.253344034024589 -13.46967455367837 0
0.7284971374756256 1.930531832016535 0
0.6192485089036536 1.940032784931701 0
3.008984349108578 -3.291563172015111 0
0.1246181266451077 0.1015094212375271 0
1.647629797821397 -4.933224881362587 0
1.121614782153955 -4.955631739057801 0
1.107945327443127 -4.65791401690812 0
0.7744021290858533 0.1493991714030332 0
0.7598787111559192 0.1443355943752039 0
0.7631273156889588 0.130868325632906 0
0.778823716268859 0.1196985124481489 0
7.06205173837551 -7.73506888510896 0
2.536290815860098 2.40835960985908 0
0.394891762654708 -0.09582970557523562 0
0.09756050740741289 0.2726184476878724 0
0.06083811615032037 -0.4311078673791232 0
0.4642391329437695 0.1949716437467491 0
0.2060776452637664 -4.014091928744939 0
0.06775293426664514 -3.880665217581013 0
0.04199202056693874 -0.0366242877338569 0
0.04205311039006644 -0.04110613035523265 0
0.4574700938887463 0.3849848161337047 0
0.03719211755530146 -0.03817740501166678 0
0.1209841663607819 0.09089638514157716 0
0.1124773006321542 0.09206558861359425 0
0.5344277868430521 0.5025344890467235 0
0.5562820970074349 0.09341346651253869 0
2.220434462306731 4.588088714567196 0
2.002527091918187 4.702713508314189 0
-0.283553678622698 -0.5537873695494725 0
1.684982487750857 5.386905603184824 0
1.47734120540944 5.503280876963534 0
1.349149483678115 5.329818772390503 0
0.9498800113724408 0.06971594497388474 0
5.401935315079069 -10.42708176346508 0
5.199326322496121 -10.65761815725458 0
0.3218202515618182 0.08894968300725958 0
0.3218794926087412 0.0974848573074044 0
0.726072954025254 -4.719994540245905 0
0.7231068008540074 4.719849077150499 0
0.067678260098812 -0.04402989284557975 0
2.8238771369937 2.199551244257132 0
1.634191809584498 -3.125275818756367 0
6.206953517101762 4.162861847510808 0
0.9682299930967805 0.09745274606480361 0
0.9827438005633666 0.1087992034123568 0
-0.009996808957970355 0.001601434453662884 0
3.241686119755216 7.407507052798719 0
0.08121179636552264 0.04766277013677098 0
0.7580855201788826 0.2703795646548099 0
4.066277787342634 3.7845991601748 0
0.04633897935895913 0.03747005442687085 0
0.844187576374283 0.1499358236940101 0
0.1335454030147993 0.06036077763833137 0
0.3377572570336962 0.4719648001857602 0
-0.1545293580619875 -0.579460025485669 0
-2.308565170487266 -0.5937465474882491 0
-2.135299401756027 -0.7720509031375562 0
-2.112380374116901 -0.8906497226577463 0
-2.002973081201083 -0.7874330910327203 0
-2.204923128413176 -0.976782226372781 0
-2.040353327652766 -1.066139483156253 0
0.6700663665776218 -0.04882867272498962 0
0.6647468989414786 -0.04907298161738392 0
-2.35456689654033 0.5109049143365918 0
0.3559649563615707 -1.205434530457146 0
0.2778368639115578 0.1062949655228248 0
2.494504080756796 0.2329435684008043 0
3.618857465642701 -0.5919868177476181 0
-2.341048126890566 -0.2265092160330014 0
0.6442480524602541 -0.1071167222687568 0
0.05323351413802373 0.04022540814452977 0
-0.6595544009354022 -2.670185335857536 0
-0.5303746370136498 -2.724470054315781 0
-0.5734007058832948 -2.857516487404302 0
0.06145549568844324 0.04236709480668894 0
1.352649972623035 5.090766302983524 0
0.3391148843458593 0.2875202986288996 0
0.3949707565826156 0.07160122199482202 0
-2.313843362310362 0.889689816805065 0
0.0744653291753662 0.1107404904248721 0
0.3085244425186775 0.1111209513491445 0
0.2008986126237216 0.1036444165987395 0
2.62558561693552 -1.18130824165651 0
2.679940060518867 -1.344618582548954 0
0.5410878821392904 0.1422396025268378 0
5.781878118456529 10.50729478329302 0
0.65409313935491 0.06072375858235873 0
0.6457822883775116 0.05075770430651251 0
0.8980940092031823 0.5674762335099161 0
7.537686574911421 8.699544666408499 0
0.040924836396235 -0.0460956665309627 0
0.986423023220953 0.03817623561136375 0
0.9570922574960391 -5.080930053576381 0
0.9550012963896742 5.088547033572362 0
1.889390033447394 5.960512908706703 0
0.1962445833042312 4.016301237472248 0
0.05833298594362256 3.891737951921272 0
0.9288635032692901 0.01794357622317451 0
2.175158771239917 0.6441969544289825 0
-1.304356984097843 -0.5166156207824838 0
0.245825353973221 0.07147893215625509 0
5.762117473751683 -0.9753036125512432 0
7.024475074538078 -2.799689633094992 0
0.4228560909035494 -0.07241164968437021 0
-2.160015894781679 -1.356105542231261 0
0.6217027390357799 0.04834470770669198 0
-1.263963232462676 2.030282538765534 0
-1.320141700715891 0.2607702308936195 0
6.238451629123018 12.22202143964016 0
0.9990424963769673 0.6217401515567594 0
1.034859164548678 0.6644365614933826 0
0.7879079237923281 4.076150772949466 0
0.7862929822146847 -0.3969522181851359 0
0.86304607256327 0.08555407059004197 0
0.44831578575863 3.146854374448933 0
3.598191753332529 3.410544424180328 0
-2.212102537378358 1.26563579156396 0
-2.015839397689774 1.322394104348556 0
-2.006067370474327 1.494401964388135 0
-2.126228254708249 1.711743881023265 0
-1.969001435627591 1.666286944163299 0
-2.069987190499421 1.889041472120493 0
1.037722273274433 -2.608094851976527 0
1.088939891474564 0.9381974697213318 0
0.5448405904668384 0.212421186815868 0
0.01895578181491886 0.025941518360872 0
4.159993316312959 -6.966854802813521 0
3.533834295385332 6.273019549902892 0
1.377730616902919 0.1042412612145033 0
0.3311419787665443 0.1882422308560822 0
0.346790806847434 0.1950324364444822 0
0.3172667795172123 0.1700084195958986 0
0.07693533021753485 0.04626007055786219 0
0.4693876020701229 0.3472663623033361 0
0.2631573398469296 0.06652779701741625 0
0.03422117360520603 -0.03708383720223315 0
1.706857379979602 -1.198923916965835 0
0.0208966411040131 -0.02675385415696775 0
1.324221182817726 5.630408798605334 0
3.93979643135253 8.906129200774155 0
2.649666877659373 3.93850021734672 0
0.1671847590409938 2.743880632339622 0
-0.2491195476206871 -1.673438604014397 0
0.01321744155476483 0.02498630674261899 0
0.1278918487541884 0.05627011110091976 0
7.537355878210519 11.44361927805236 0
5.74473575973356 -3.320595151866318 0
1.118316379721073 2.516943163997726 0
0.7984301302541104 -0.1762597514262179 0
0.0163670699062911 -0.02410151668107601 0
0.7251962380999647 -0.9421805174356498 0
0.7831761599411625 -0.9986606776769538 0
2.297075263407145 2.050044449621591 0
0.3684310343677362 0.1075283608640147 0
0.7703455237630961 -0.0676633927640472 0
0.01460854079809911 0.02303981330814806 0
0.9518811770368494 -0.01715120957554399 0
-0.1826531217666838 1.227069307259875 0
0.07644827248701677 -0.05075042763865541 0
0.5151752459797596 -0.06472256023048643 0
0.4535688825464873 -0.06881152713776829 0
0.004091313941873585 -0.2279199571155736 0
4.783562313033972 -8.146416362031539 0
0.6777688679817945 -1.143321992140375 0
1.229126903750255 -1.737305573240143 0
0.01467901608418427 -0.02601860478918503 0
0.8297008548409233 0.02734799833200651 0
4.480926085539463 8.58580219591537 0
0.7610085186395676 0.8041802245487611 0
0.0238142613626507 0.02830516996369539 0
0.02333397614960663 0.03092236827490999 0
3.275451553308665 5.964413800370421 0
0.8073371861564224 0.09953261481226162 0
1.000886946049961 0.3132448220859652 0
1.026281809542866 0.275715906136196 0
0.548946128116589 -0.1833757508604986 0
0.122098552468774 -0.07470548187271918 0
0.3936074392147692 -0.1954443140632573 0
0.9658251989710532 0.1682744108139688 0
4.748726491630956 -4.416861595181485 0
1.062109985602662 0.2984514584165385 0
4.44925046560282 7.335811905122204 0
0.2054846018419205 -0.06765232188338391 0
0.2366369538784842 0.06532431552343634 0
0.02617788013255131 0.04667049489062598 0
0.8249813608310342 0.1581340647183685 0
0.02874795839271949 0.03028011178431347 0
0.02962016289811315 0.03332451416828856 0
1.584608326462357 2.532485327300659 0
0.07144013828929739 -0.04950369308761476 0
4.055218297015292 -7.250750828670548 0
1.742385445358264 0.8732445748088853 0
1.010880121310151 -0.1810474014164111 0
2.599811559899905 1.9199825899936 0
0.6239253477709611 -0.186047151823356 0
7.12431678513654 -12.1445738365668 0
1.026469410019162 0.1762487659294392 0
0.2363103241293767 -0.06505916489623395 0
1.89714113705841 -6.421793083966155 0
0.2552755440617926 -0.07204439229994207 0
0.713622133968798 -0.05915849272518821 0
2.543506875800984 2.153636360884035 0
-0.2146326315475888 -2.734353553522975 0
0.1050105443834175 0.05270589558987791 0
7.132049683430894 10.60646804057355 0
1.519455891936527 -0.9234708867788206 0
0.2931044122930519 -0.06696803992759995 0
0.9680823729268477 0.01303472147872628 0
0.1039393044656262 -0.05698969884411891 0
3.327191292886167 1.379415247411131 0
0.1204336459351678 0.1690723729479329 0
0.1032165226323563 0.1576821581967685 0
-0.01507134081273797 -0.1461913986872462 0
0.330474260881335 0.06648582807687062 0
0.03533507277885922 0.03666493178843909 0
0.4685779261281665 -2.823134368184081 0
5.158455631948213 -1.345353234082489 0
-0.2561866928532103 -0.1716591130600301 0
-0.4629215940656825 -1.816286366021721 0
0.1048236309479185 -0.05224075002611601 0
0.9073209835609228 0.03508641997462791 0
0.04186529424531855 0.05711338208177997 0
0.08247888596029773 0.1347469218624137 0
7.141421305065156 -1.794159608842224 0
0.206610100373663 0.224835017554242 0
5.448027979209515 -0.7904351137542666 0
0.1772935131142955 0.0979071657638988 0
0.3376217401385173 -0.06644574979119384 0
2.187557409711455 -6.85224106287288 0
0.1850817814484099 0.2197035850001778 0
0.005019368163380361 2.016767452946647 0
-0.07460921906980018 1.900740871608993 0
0.9030066878318384 2.038099047427333 0
2.390080319896022 7.145301265864546 0
0.1813961710569174 0.06211223843514566 0
7.255237168023878 -14.13033839834658 0
7.174399831086838 13.95660073144352 0
0.5020784333829681 -0.05961020442908099 0
0.1600824539129898 0.06036664392698182 0
-0.002965851546339699 0.00690292328515435 0
2.718827369121027 7.606906364167886 0
0.7995822295870448 0.04750750205282939 0
3.072359305106177 8.087257038180375 0
0.5967863864967312 0.115037228335898 0
0.9612212696976256 0.06852644531165616 0
0.7645730379375847 -0.03982717324540892 0
0.7589709049230517 -0.0400961889200969 0
3.463885521768268 -8.710215247574901 0
4.467109147365822 -2.22943490165757 0
4.237336754269994 -2.057642100557463 0
3.692157203236585 9.04207045980025 0
0.3457010451646325 -0.07395164466355815 0
0.3533051369144984 -0.07858848672167756 0
4.153910121409841 -9.714868133036289 0
-1.454894849940081 0.7421088314545516 0
0.2224524104877612 -0.06444252115549309 0
0.4073524010606094 -0.2681182279482171 0
0.4381110854384804 0.0639855478827048 0
0.4391413713143658 -0.06370704133406507 0
-0.1590049045401329 -0.4223090365824544 0
1.388513812541507 -1.499392936250218 0
1.184649390580092 -1.332224377567125 0
0.1508888925407614 0.7895114314781748 0
0.1538939188485115 -0.1833514192755877 0
0.3967669037352098 -0.1227322463541599 0
1.082168632265199 -2.119032893413278 0
6.549714759845145 13.1929060668218 0
6.482161542039608 -13.08087105756403 0
0.5280749208537672 -3.348012332748676 0
4.78039867257709 1.576124205332332 0
3.186083096682409 -0.06345974466535741 0
0.2851839071088783 0.06624096960706352 0
0.2759051946719579 0.07349799846234339 0
0.7736864758692443 -3.940620578319916 0
0.3359880801128989 0.1056692179923662 0
2.359670444376694 0.488035643747997 0
2.023085472193474 3.184768590226214 0
2.161298421994583 2.958636373649496 0
0.994834331396437 0.06278542346423156 0
1.013848269705637 0.06852843138836494 0
0.1432440330796906 -0.05748987410174534 0
0.1457101189304584 -0.06347588756305106 0
0.04938482551281128 0.06592869405073087 0
0.08365117633120567 -0.04801351698386493 0
0.3227106746841943 -0.06672540780661056 0
-0.03370261705058179 0.05606926213455381 0
1.875831813447059 -0.7282264386706143 0
0.4167297681638735 -0.09839524616506075 0
1.874927145095336 1.07536294764585 0
2.555082989963533 -1.917511578076828 0
0.1145825618958545 -0.05401060484056047 0
0.3816304357187454 -0.06502359557278245 0
0.08988199459300943 0.3001815062877515 0
-1.025134069312478 -2.92429245358425 0
-0.947058214256672 -3.154331144559559 0
0.09532074213320244 0.05082118369714408 0
0.1713818960570031 0.06098583734188373 0
0.07512767404529445 -0.04596567242330021 0
-0.307200374099502 -3.031192808254156 0
4.29371385051321 2.703340306681939 0
0.1500001584183056 0.05846882085758199 0
5.99019071716664 -9.237824019238705 0
0.131829049209413 0.5475096997804741 0
0.1670270907128167 0.5923114155649384 0
0.1813020241010354 0.5320484114428238 0
0.2065275431526217 0.5712868885663795 0
-1.162134727161054 -0.4455259353098672 0
0.7390284068112374 0.530867030246176 0
0.0957954520605402 -0.05284029900565891 0
0.2940327257905831 -0.1450710483480089 0
6.107347589309796 3.034979637760603 0
0.2153208820539698 -0.08496567430438177 0
0.9564971630716202 0.01125174939862331 0
0.9644250432673774 0.01585011399925216 0
0.9560872425155982 -0.01092370548984433 0
0.09338329441656754 -0.09983203980166896 0
0.499894692373675 -0.08706699875528637 0
0.7260661441091054 0.03825956003712639 0
0.7293387163036578 -0.03681052300809483 0
0.8285731402337573 0.08956167379968949 0
4.865834700589093 -8.671996072602582 0
5.095783279643889 9.558458582787063 0
0.6658323973936209 0.04448181803370929 0
0.9150057870671675 -0.01636279614562204 0
-0.03342093034850797 0.4432074872541955 0
0.04407004380303597 0.3293405851691423 0
0.7886219033370708 0.03204580933158092 0
0.7911853144499994 -0.03098671049086956 0
-0.6714675403419123 0.1928093382574529 0
0.007593210573359625 -0.01743900444966712 0
0.006034884539653155 -0.01872032699957775 0
0.007863293546069324 -0.02086476272675205 0
0.004740824466976336 -0.02148650692087952 0
0.004632432183020176 -0.01703839630632301 0
0.612024130153713 0.04885439989501849 0
0.6105176709321888 -0.04968935952742062 0
0.7363913037582205 0.03724518617982561 0
0.737399893922366 0.04208931262909831 0
0.7398230861771016 -0.03741428104339548 0
0.9661066448343743 -0.009046288515728028 0
0.8450135572346484 0.02484210970306999 0
0.844906805395775 -0.02543986351820195 0
0.167672144886778 3.696653477831253 0
1.248271599471909 -4.115127449645603 0
5.324505044026481 -4.993925131698609 0
5.259029306617339 -5.317187998795805 0
5.477832908065078 -5.47817452345082 0
5.247686020973629 -5.786550917653322 0
4.918049630745638 -5.042702776625629 0
5.889324634339531 -5.371430098871295 0
2.636960693624618 3.68223079787243 0
0.2492702454585421 0.06555491622658269 0
2.565194399137929 5.127860205201801 0
0.4224300486229254 0.06421571682175047 0
0.6804525602661903 -0.04287214192364237 0
0.9011345083667642 0.01835121057608693 0
0.905493771557438 -0.01838692299447981 0
0.4864218325670738 -0.06237064586830318 0
0.4869006707016274 0.0609753617895734 0
0.3078833376180267 -0.06683501951221076 0
0.01105390634671109 0.02023160731226913 0
-1.84726503886602 2.380448399576313 0
0.1783627571535106 -0.0662608187665371 0
0.2954240806115992 3.007013434905716 0
-0.09683172679013433 0.6101179040887953 0
-0.08784109638274357 0.6511828741002734 0
-0.00653456099081117 -0.03821160883874714 0
0.9145391540026799 -0.08615979954157868 0
0.3451383936290931 0.06673365935275283 0
0.03336239791267451 -0.0329230303324803 0
0.156535667759566 0.06545936748153501 0
-0.5141099728466277 -0.900579553700786 0
0.4789824086231429 0.09796076087527478 0
2.326750838640349 2.478175256824608 0
0.002603092949897628 -3.437545135714049 0
-0.2296350348950654 0.2137877163811165 0
0.1502015820354369 -1.915245829190334 0
0.3520668902122815 -0.06599960130458357 0
-0.1645688139530565 -2.592893971660814 0
-0.3565775574936416 -2.645930719334365 0
0.7300011810148557 -0.06982081592532069 0
0.1557846185364611 0.3780635639283529 0
1.216430207596529 -0.006674947564812909 0
-1.918632268477987 1.828096934830089 0
0.2432695683226749 -0.06531756535225143 0
0.328696418654707 0.1539430057973271 0
1.185077273254599 0.05520201524205091 0
0.7559175831628764 0.1041749144141052 0
0.7436923904279915 0.112046772186887 0
0.2162752660039452 0.06427731842684485 0
1.001845112684595 4.800622375361517 0
0.3618299756111153 -0.09871332995707632 0
0.1964400271726749 -0.09811194172082895 0
3.94040056277668 1.315033109621504 0
0.585648280271614 0.1196211876384842 0
1.804779845766098 -3.882684518212768 0
-1.498509735864314 -1.275117840206569 0
0.05136704139128186 -1.295042379370426 0
5.774319630230607 8.302539281424872 0
4.35529040507792 6.701799173583791 0
-0.1600656693243144 3.484562244703092 0
-0.3028499437340544 3.459479102400765 0
-0.4404574630666028 3.439286723976257 0
1.865576231041947 3.437286747957057 0
0.8608199625188029 -0.02575898394052305 0
1.267567913941673 3.948677771765989 0
1.503184161864893 0.5180957047107948 0
5.706745119975862 -8.158495957283529 0
0.1883954631212419 -2.906062849004917 0
0.8859017957161932 -0.1401151835142531 0
0.3935075847261558 -0.06450218905320076 0
0.4054939075619761 -0.07273401914661809 0
0.5627492371128104 0.2015686338696419 0
0.6925439059669468 -0.05289622110222197 0
0.6935759872119795 -0.04567622452602163 0
2.173551690483373 -3.411317206196281 0
2.056044228152399 -0.3146471663951711 0
1.300241781976905 0.7630767427081337 0
1.362782423087308 0.8130711582618734 0
0.3053598174049812 -2.174220157459402 0
0.6874286347814004 -0.3027366141724586 0
0.4636863590432587 0.8958673881064596 0
0.7225598699374867 0.03844089206854331 0
0.7833734337054334 0.03248404728284201 0
0.4541690242161119 0.06316535107509257 0
0.4633585092496915 0.07038890856924691 0
4.422754554451966 -0.9264527912564471 0
0.3085330276833895 0.06663284720485814 0
0.04652501063068398 -0.07090757910679441 0
0.2966331160225141 0.06599085422652769 0
0.7499263391482927 -0.03579828338104093 0
0.7462883688153532 -0.04268860296019588 0
0.6606322209457293 0.04488265630069237 0
0.650587808133943 0.04568213799287219 0
0.01039506644989691 0.0423488438826429 0
0.01837183074844814 0.03862080242899021 0
0.9511384218191921 0.01183646904862164 0
0.7009831311123811 0.1080590339472115 0
0.9757877281563356 -0.007916498576354533 0
0.9760477345208985 -0.01343989241472681 0
-0.4177000659976456 3.248036869213173 0
-1.133390563810601 -2.68191597291285 0
5.423266868911885 6.674414015071572 0
0.6889796528285608 1.281917776917858 0
0.4062807901204906 -0.06496732009037517 0
0.6022422567854037 0.04972313962037671 0
1.17220405042872 4.414784261225966 0
0.4078372421501467 0.06495037122964355 0
5.934070201515436 -6.152058886093636 0
3.737925052496482 -5.541163996032995 0
0.8037783794765734 0.03004952402634871 0
-1.696631083899601 0.8527739818572246 0
0.4537439136418004 -0.06221193657215551 0
0.5301018646577933 -0.4169253494156143 0
0.5533086880777014 -0.4438977872483835 0
0.6366321918505269 0.04721516946211125 0
2.842812444922069 -0.8421777459511297 0
4.401695728891477 -4.217360031887293 0
0.8125900397961476 0.03412956365244857 0
-2.164843959968534 0.7744328006950074 0
0.4692580255839396 -0.06170803218955378 0
0.4705006908057492 0.06204580172024159 0
-2.030232850083541 -0.4489707903219879 0
2.226894459478651 -2.992569974850213 0
0.9670775114758098 0.03166856961697039 0
0.6403578364503563 -0.04706965434193591 0
0.6352723816229009 -0.05317726686277865 0
0.6409864190342213 -0.05243602162154232 0
0.1671504564986279 -0.06050564257448937 0
0.1828152272247392 -2.608281897850252 0
5.575759212875615 11.70121238319052 0
5.722792583201181 -3.589842532760893 0
-1.707520250104891 0.5561923448003521 0
1.242702174803632 -0.4711245959224786 0
1.319916176026835 -0.4906368367508248 0
-0.7319700582060772 3.01963670499271 0
-0.8079230757212109 3.153134766699276 0
-0.948908035554733 3.064429837090723 0
0.1548519269928668 -0.05925197811011978 0
0.7242067070852092 -0.03934884209343251 0
0.7213866636120512 -0.04440467653886325 0
1.170961803107472 0.2982096522132914 0
-0.01799624399469832 0.005562686257758487 0
-0.02323679705245377 0.00298072355371133 0
0.4443842816739635 -0.4082548139098083 0
0.3980676806315548 -0.4051199465519318 0
0.7860320615982127 -0.03183502775796838 0
0.7875348653164556 -0.03648187852712623 0
0.9454785704380725 -0.04398659123067573 0
-0.9716064281451502 2.879437255751256 0
0.7134139105034853 -0.04034354432009526 0
1.013120993550802 0.08068518393138283 0
1.390851571363504 1.371789491655025 0
0.8030679081407068 -1.958605740701943 0
0.3686579328121584 -0.3807351037902323 0
0.77545500661991 -0.03332741439017543 0
2.127092121710629 0.5154398350731196 0
0.9172268995152807 0.01615560397114383 0
0.8678293373081973 -0.02188065418927451 0
0.6957862432389337 0.04105511827269756 0
0.9862160791401573 0.006911713334141823 0
0.8810170533477278 0.02055635859367594 0
0.2156032407691942 -0.06383509796271272 0
-0.3624599500282948 -0.9419139523671527 0
7.024718662422075 -0.9812880849389326 0
-1.404040408116037 -2.362684706936728 0
1.485404704681019 -2.244819264872335 0
0.8153430378712772 -0.1901964355016817 0
-0.9819685537806579 0.8769954922983975 0
0.6682320749814237 0.0761127868083709 0
0.6193698962381898 -0.1093442153173249 0
-1.454974598613003 2.454650463645835 0
-1.419064848100274 2.606632035873401 0
-0.864865677818919 -0.8073949459475457 0
-0.8520183558074709 -0.6757371012766001 0
-0.6216577948589938 -2.351768778882656 0
1.084026591647749 -2.751431207560617 0
0.8182098787103836 0.1001282686598398 0
0.131802913117107 0.5097889542138816 0
0.8387467796795393 2.567299578036785 0
7.126738937643404 -2.253015271245034 0
0.4331825250691327 -0.4919889465797743 0
0.8959198791494759 0.0188499748888947 0
0.8859715368641635 0.01993200187225267 0
0.007783186167077832 0.01774285911430614 0
0.8401415221152071 0.02571741763716421 0
0.813777904393338 0.02897928779017872 0
0.01438582611040116 -0.02276237580910596 0
0.7416079809019755 0.03651716627515391 0
0.6889821893080382 -0.0919078178127323 0
6.233458935706802 -9.778133510698103 0
0.8905715842165989 -1.424639019441946 0
0.0634877395289745 -0.8888393570479929 0
0.9958256802088411 0.005224397660415998 0
0.9958768954517463 0.009811213509973668 0
0.6924552556878601 0.04101621040310492 0
0.01268600854962603 -0.0244104979989877 0
0.6924574421535443 -0.2110457856657328 0
0.6751909982745318 -0.1747309292162299 0
0.7843176886845566 0.07227661222310784 0
0.9507378917045317 -0.0118269291450746 0
3.823653051960861 4.435886394991143 0
0.9299791367171021 -0.01424866464719863 0
0.9252867642705833 -0.02022175948429317 0
0.9197457377134041 -0.02093171740122147 0
-0.8258368297933523 -1.716326330519516 0
0.645743045460128 0.04609067749620181 0
2.814496177671226 -7.744935290548645 0
2.082655074724489 4.505683732016871 0
0.01253291838195429 -0.02817262592394336 0
7.429078996998502 -0.6310206742397232 0
0.7595496170275716 -0.03500410872192241 0
-0.9567531938146248 -1.187157402132318 0
-1.440952732340559 -0.0636529363575067 0
1.800531016140809 2.869614022144931 0
0.1219265033471808 -0.1541822430760272 0
0.9327495260547739 1.929672832706724 0
-1.343327338079097 3.127235895882988 0
-1.286167705656096 2.920075079204631 0
-1.362609395819992 2.766805122953893 0
-1.510970295018399 2.868529301340938 0
-1.605263832520039 2.664151755463472 0
1.434264500102806 -1.067690981934162 0
0.5960835654227556 -1.785015182475178 0
0.9199590869047728 -0.01585117722505165 0
0.9858015361197802 -0.006724054889320931 0
0.9891061765209782 -0.01208033293795777 0
0.21886013482368 0.5138712779664241 0
0.2465710550359202 0.55123032793661 0
0.2523792141657504 0.4929730956512748 0
4.754913675587958 -5.735492966895264 0
0.4001799811705485 -0.1778874297433395 0
5.986119509983704 -7.063200461191108 0
1.919596864104501 -2.01848203992117 0
2.512315156651625 -2.142994389844298 0
2.411999361968322 -2.034916442850076 0
-1.759521185050051 1.467152355652357 0
-1.451590965018799 -1.960642334830222 0
-1.338238730444855 1.749393934780855 0
-1.321467426560862 1.89404860820717 0
3.185940351376749 -6.949688198876208 0
4.188892621501592 4.323499303563202 0
0.515555151052528 -0.1006677394689834 0
0.9715067428869482 0.008752693843072533 0
-2.134042937507887 1.014842210371479 0
-2.109374909109993 1.144635545072786 0
0.2247816086703593 0.1495908086808596 0
-0.5721745598044414 2.166992341788255 0
0.6554939507441077 -0.04497026046926961 0
2.131669880892907 -4.903112024449678 0
2.074533994356665 -5.444621270180226 0
1.414215877362402 0.4478875576285962 0
0.6858349776001518 -0.04215577776535082 0
-0.08378418009705632 -1.00407754032835 0
-0.008545670951131287 0.5520096222172505 0
0.6457167099698008 -0.04654112360690949 0
0.6053019741043781 -0.05015506081829362 0
4.778889250263283 -10.5777015386441 0
0.5052001396082773 0.2317408435269049 0
0.6663126363261231 2.358986666935208 0
1.579606775430743 2.10446307155038 0
2.253382920467286 3.914386157839413 0
0.9810878669793741 0.007531760640279539 0
0.3373667649559856 -0.2989205407563307 0
0.697184867500372 -0.04071516464006415 0
-1.460467972229338 1.283941831348994 0
-0.4114811825232932 0.3930327955186939 0
6.654460499916805 10.72612966769515 0
-0.03208432697335069 -0.197892363951512 0
-0.04648139035514777 -0.1787521152006762 0
0.6078070200310027 0.08127492104178324 0
0.4648982287491903 -0.2144610262626091 0
0.3579950673029287 -0.4177925257536035 0
0.3890911831511777 -0.3844948558162748 0
0.8258239918443486 -0.02647841612518977 0
0.8220248313161993 -0.03242980209066967 0
-0.6900786337920941 -0.9671958612609879 0
-0.9458079367202727 1.207533521911416 0
-0.5004971479920717 -2.571621849037316 0
0.7081398592818011 -0.04084523210813545 0
-0.001457706209887598 0.001666538825230706 0
-0.002960385030649272 0.003857881052078246 0
2.774712545593131 -4.310476540439874 0
7.556184901494491 8.158856455041411 0
1.040605202510663 0.5892885848557688 0
6.031699902674882 7.455968696945297 0
-1.011887815867929 0.4396913830105938 0
6.677613785227908 9.800292595537256 0
0.8400556617264494 0.0502248360970828 0
0.8451132761889398 0.05203700189026323 0
3.122785165926734 -5.555166334734186 0
0.8147195015231232 -0.02882126380291675 0
0.7701209198319603 -0.03401936676963178 0
0.6753460124359723 -3.326474337485412 0
5.524691343019018 -7.466975562535635 0
0.9399052304633568 0.5396913340531816 0
0.8760281252426644 -0.03245218021822464 0
0.8395315918966997 -0.02616072498333302 0
0.1907366502596918 -0.3473407416700273 0
0.9983105505988096 -0.005096292015467951 0
0.8730418464697177 -0.02161497833693989 0
4.175855617060645 -4.703298549354122 0
0.9631626994044205 -0.2261464079840197 0
0.2486820691687678 0.6601064226477601 0
-0.5599440696151192 1.451339642374817 0
0.9414429759407277 0.4097303655064675 0
-0.2247819042090955 -1.541258300248799 0
1.752140042726466 -0.7393407145094683 0
-1.007745945097346 -2.040022959409661 0
-0.8416635838262387 0.1274030885842909 0
0.5228995940346119 -0.05762391770932433 0
0.5259823329816535 0.05672256245575332 0
0.5294441266657047 0.06223591968766626 0
0.006233895539699063 0.01625679050803843 0
1.035192530141959 0.004109744366117483 0
0.2767878713070525 -1.828649379886256 0
1.651757529591564 1.974017574031228 0
4.641495795225557 -6.0336740191554 0
1.089977689061897 0.0001157114381389979 0
2.101660739731244 1.713976494537662 0
-0.1587255988501409 0.3714655385178509 0
0.7080413234379209 -0.1750325468415845 0
1.196779085418586 1.696061653368511 0
0.49916677406356 -1.079610046866389 0
0.5540582166837711 0.5901136183993959 0
0.7392116547973369 1.754449686296522 0
7.276565644252582 -10.71056994334641 0
2.414652658179742 -1.736346088218839 0
1.790321927532129 -2.144171725273287 0
0.5141670700896195 0.1253331885686798 0
-0.3971667014265979 -2.800250475795918 0
-1.037162775254731 3.192912020080505 0
3.265695407551671 6.24854065661606 0
0.6231113984837909 -0.801893663316068 0
4.232707682609266 7.537332834652466 0
5.554124225680121 7.622584045225365 0
0.4156766416363665 0.1359472056311375 0
0.9442862093529636 0.03510644712253772 0
-0.3658829492507069 -1.049378049173157 0
-0.7541568722763256 1.305655762366793 0
0.2238587635642814 -0.4815003553202425 0
0.5476299690935685 -0.5089945107099642 0
-1.800534013565017 -1.206673986891377 0
2.056288397902418 -0.671551318660814 0
0.04094306662398381 -0.05870484367998122 0
-0.001450737212222554 0.01056196447343939 0
2.089906612590092 -6.278481652585729 0
0.1369416426034269 -0.2105188512922413 0
-0.4376257311145233 1.096110841866525 0
6.593988698925989 0.09366530395443598 0
0.9347632069425008 0.04244891617611515 0
-0.7589070737550085 -3.477250695654804 0
-0.8037342288214272 -3.251339900997182 0
0.2312859955484899 0.09392692459889453 0
1.096537435640505 -0.1781621597034949 0
0.899357508614928 -0.0204209663563432 0
0.5346988533189945 -0.08635922320479569 0
4.919657424882543 -1.154111446723154 0
0.3179326127393544 0.567679199636002 0
0.760223409303346 0.3727253242450833 0
-1.93972816946439 0.1320491311341343 0
0.8770021601847643 0.1431527929815153 0
0.5252551441270522 0.08780375489587243 0
-1.630859662606839 -0.3833059992328224 0
0.8602119924859745 0.05654881775570211 0
1.648663578319446 -1.003342560661266 0
2.275893811324889 -1.896881807147165 0
1.681132702026169 0.3441560038371518 0
-1.362839031748888 -0.2375344844186612 0
3.054268067853275 -2.282200777095031 0
0.6744400135165435 -4.245819807079588 0
0.2927675171823067 -0.4099310140893336 0
0.364362143816978 -0.121262257099921 0
0.4153070722066611 1.494347783950258 0
0.3172158001123546 -2.443703102137811 0
-0.4420886623472993 -3.657469454840039 0
-0.9815488276115465 -1.035852653381131 0
2.002755967251522 2.837230416330415 0
3.545873160376221 5.3143019939694 0
0.8721615386324195 0.07650420749554634 0
0.1636183416619672 -0.251304611969202 0
2.047792319142682 -4.046984894810702 0
0.6282561826477187 -0.1697055027546567 0
1.541667550869339 1.999429936778489 0
-1.073328474468961 -1.3983305461188 0
0.4321756303504314 0.6512605363469235 0
0.5787146026235415 0.09867654143887759 0
3.344379974465211 3.432503169542735 0
2.746436091870847 2.829230658257116 0
0.1663564021684206 0.07067031486099251 0
0.3139574715386825 0.2192708963553345 0
0.5222868647346069 1.131390047841943 0
0.6800365425816565 0.2367335385568572 0
0.7837572817887861 0.0648094040255509 0
-2.079333407222935 0.3983965882218423 0
0.4246981375848435 0.1312294033654726 0
0.07345794797107093 0.1002135076922278 0
-2.045641709582492 -1.20402745978062 0
4.688120710998415 9.864045606858156 0
0.9982003009358005 0.03132074021134414 0
0.5410945022767866 2.962491994062562 0
-0.6486129377522146 -0.6658253113571172 0
-0.5819429848708698 -0.5526891919285506 0
6.69399638049545 -4.336523509578604 0
6.843833086992917 2.250981994870707 0
0.2303448634076684 0.6138204773306279 0
-0.02146795476966369 0.01463680826811062 0
1.401845647418689 -1.385077051434197 0
6.764017047592844 -10.67613280595976 0
0.6723253118094605 0.04803332754194224 0
-0.3637065402270859 0.01095694425284001 0
2.64698023344577 4.202284363805771 0
2.890533126644373 4.226355474037285 0
0.6093541080290266 -0.0680334968435246 0
0.8320117749671033 -0.05426055974576041 0
-0.305677564190468 -2.46637838698639 0
5.052093215858624 -3.601770890065796 0
1.414120162430929 -0.2204271546038225 0
-0.0367664234080833 0.2556827036525424 0
0.3341465022310373 -0.5912020874578351 0
0.9193630768845845 0.1803645882159309 0
3.157384952011937 0.3430891704366986 0
0.238146124922005 1.372637751766778 0
2.829994073777083 1.638726074990966 0
0.5361695548992427 0.3770441783828509 0
6.76760146755416 -6.52952926542868 0
6.865317869631621 -6.010228337471016 0
0.9688473682994053 0.1433943957508321 0
-0.2202909031514296 0.7444840782375037 0
0.8847312468602806 -0.4741068251732122 0
0.9442581153209573 -0.4963126060168048 0
0.3801344539994 1.19202275501637 0
2.040704716478894 0.1792036691505015 0
1.716391418731823 1.341933372356837 0
0.660923406475647 0.0805021580010296 0
0.2999053937732158 -0.07384606896365362 0
6.462967828101307 9.075929943058302 0
3.707450142077717 -2.239599992208991 0
5.250962351762965 1.175646100800918 0
1.984184371521212 -1.086399579344711 0
5.768154593020572 -2.274498111645773 0
0.6114191428447514 0.1194532423801845 0
0.5158381225067019 -0.05817165963887466 0
0.6268634558748449 0.04798393185981012 0
-0.001265667381745033 -1.916806246001063 0
0.8206304534483952 0.05588625843292868 0
-1.532207974707688 -0.02171788976125509 0
-1.856601864210457 0.1704004813997169 0
1.209964948180992 1.345504227187403 0
1.298487565571925 1.35869039739173 0
0.009733237140356088 0.02176459868926585 0
0.2127735340839534 0.09276873961929119 0
-0.7363097961970926 -2.145217345962217 0
-0.3705001871874982 0.5295711747537398 0
0.1119324385501729 -0.4776184621913607 0
0.4740922320347217 -0.1110204277623858 0
1.801470598747165 0.7577932864423533 0
0.8520657250529121 0.7239685874203545 0
7.122205482165413 -1.348157338008174 0
2.347788714540517 0.9736461946379351 0
-0.00220228629370597 0.01375375158843304 0
0.000862562487476859 0.01356090416171427 0
-0.4473964901636731 3.714773017762822 0
6.577647285301908 5.170107135611298 0
0.5956637016080503 -0.05038937710704237 0
6.119674498071488 0.3608046014122363 0
0.01657084856089996 1.276549937335824 0
0.7571449263337007 -0.05936602048851386 0
-1.062493407199587 -0.1370948804680505 0
0.9994771080581676 0.01917544018557202 0
-0.818738751139155 3.51945211328758 0
-0.7397067093791656 3.372600451213879 0
2.387769553401301 0.07552443429316999 0
5.177868376337855 3.151424179813827 0
-0.7370742136922714 -0.233104220142533 0
6.290828386300065 -1.669157376946073 0
3.105588236328139 -1.350110317693084 0
0.5301895506594531 -0.06307473091292526 0
0.7367331024966731 0.1087502317876294 0
0.8707450281518044 0.02115087884625098 0
0.5255431159610723 0.1214305175745977 0
1.861545307680434 -0.5362147365624704 0
-0.4233574535103627 -0.8540285914607995 0
6.22779844385895 -0.8239637436281144 0
7.22605970473372 1.861506051978424 0
-1.205864509643819 -0.9610462877984512 0
7.124371203882061 -4.280341087299353 0
-0.1646887833431482 -1.328302933696931 0
-1.082872204301464 -0.5977256840398695 0
2.881006579203126 4.498108088213865 0
0.6092744645166775 -0.5923772417057589 0
0.3750272720082867 0.2856592266676971 0
0.02401748748303245 0.7917214054504341 0
0.6864608069828225 0.07115796505042586 0
0.7173213306642428 -0.04519543494245463 0
0.9066558440133602 -0.1485937647191484 0
-0.8208351504492009 -0.4257502356280967 0
0.8730767330758834 0.5320999460447322 0
1.082068725545116 1.207309823249443 0
4.0589840892101 -4.343064562237933 0
5.564391730141276 6.214510235804948 0
0.4495974977061019 -0.3684340176995146 0
0.5421976618263523 -0.194243172184002 0
0.8696731088227038 0.09685929558363825 0
0.6247446677503709 4.248271486200005 0
3.898121059580354 -3.025595236371293 0
0.7683580643092649 -0.9065525053655086 0
0.5730869683486748 -0.1298193473493996 0
0.467924906791407 -0.5890647455722074 0
1.416707791148824 -0.9602944494729428 0
1.956831636514506 -0.3095812884934216 0
2.055418933256353 -0.1959624208030662 0
0.334596788523694 -0.1116455994903141 0
0.9341040652573036 0.214959240436832 0
0.6281686781260413 0.08129584067852982 0
0.5924477219895751 -0.05664231943267301 0
-0.0001254483629567786 -0.006737860496330749 0
-0.001173622551953514 -0.00856382342843894 0
-0.001974501751629765 -0.006798672707572567 0
0.8867136825336916 0.09980133019347637 0
-0.003215136859263558 -0.0001573186800580367 0
-0.002556259483289419 -0.002501455354616778 0
1.161266762931182 -0.3943621378144486 0
3.666980462186302 -2.67685393503091 0
0.1417205477849036 -0.1173806595741814 0
0.9104354120425723 1.111124974895242 0
0.5142804180035854 0.06543896893842746 0
1.43782807146256 0.2581797141130937 0
1.075865553728579 -0.05664538719368706 0
0.3532486984919914 0.8090290383150818 0
0.2899617873916499 -0.1222765209181048 0
4.186683320938854 -0.05988160949521389 0
0.05627451720749523 0.04510401351127973 0
0.4156239937676066 0.1115606108391363 0
-1.775897471400405 1.775490338412548 0
3.936790433151035 -2.455646525255966 0
3.661257073875818 0.6130272399287575 0
0.5117486047462888 -0.3862698596851414 0
-2.043283445578663 -1.69161076255907 0
1.003999692213676 -0.002767388043910947 0
0.2592742430190435 0.132027842806362 0
-0.3025859906503747 1.063639768955885 0
0.6746111665593875 0.9742199032355252 0
0.001440960002023444 -0.01004991270616376 0
0.6826405891112171 0.1116570114836912 0
2.364143098203718 1.313579684350751 0
2.355956274481488 0.8518388601766026 0
0.9326305375134061 0.1697714177751432 0
5.236086485183272 -6.54695726531159 0
1.015582935015775 0.008678635394492748 0
0.5228620637833681 3.88068744651803 0
0.7504837045070702 -0.1051405709087954 0
0.7765064838888196 -0.09835656335670649 0
0.7639897724847261 -0.5067181131616164 0
0.7499306339143587 -0.5537421634489044 0
0.7222374430491296 -0.49702419399924 0
0.2853747722067884 0.1363271510023225 0
0.42966974072585 -0.1277035151942493 0
4.634733211670779 1.938009219743703 0
-0.5824386807709072 0.8856319918655998 0
0.3103866781254656 -0.1155715943174444 0
0.4537351167013404 -0.1195541463023713 0
0.4779777018020874 -0.1231867274831539 0
0.2639123686541713 -0.1184504698468269 0
7.537655289634448 -0.03747921379046315 0
0.4987707567477962 -0.190397649155906 0
0.5765513046376892 -0.376209419591356 0
-0.2944268600644117 -0.3714664575955742 0
-0.9199258688612933 0.4188287441727579 0
0.8564776029147326 -3.700777198585193 0
-0.0774817562822398 -0.1260401622253738 0
0.1524301933550543 0.1477839271429372 0
0.680574161607392 -0.09714323052760801 0
0.1194258702473598 -0.4378475836306039 0
2.291229077848949 -0.4653097239314295 0
-1.178320905768867 -2.843270840614479 0
0.3314143245976588 -0.9718249518497638 0
0.4042439035500328 -0.08157721899556108 0
0.414140560153423 -0.07266606145855269 0
0.7986206625312857 -0.7068004393406915 0
4.576702799894265 -8.411753221757124 0
-1.373838644381213 -2.915394487514944 0
0.2041641638280207 -0.08503392858304382 0
1.493602990463422 3.92923786398695 0
-1.172305784399522 1.756458859272509 0
1.374566220872821 -0.04107117104225905 0
-1.251613192186851 0.7877860794209074 0
0.5704131154534817 -0.6264561578591263 0
0.351509502664177 -0.6969694219760076 0
0.2079602071915218 -0.1266431182574443 0
0.8077333097305113 0.6933264372310448 0
0.1291929938917545 0.1829119237891983 0
0.7773189866260962 0.1092322146321663 0
0.01274731594355824 -0.03299709386177035 0
1.564488472786245 0.5754024499529786 0
0.3770971674249472 0.06589491210295435 0
0.7227260322615621 0.7522132945122006 0
0.8123529737223973 0.7663281954226699 0
0.05165618733817582 0.04394806146685236 0
-0.7140482195185176 -0.083353695022746 0
0.7826292085317701 0.08249155634312862 0
0.7931534118321855 0.06682714422207345 0
0.7655699988292164 0.06493848295925515 0
0.09223331400254277 -0.07081407575350068 0
5.896096235265055 -9.603213673923415 0
3.930130252395758 1.484488072016806 0
0.1806640497908168 0.1265191841365948 0
0.7149314997440828 0.149426616019409 0
1.636057482607371 0.8321345490702767 0
0.2303768116795996 -0.1186697483947238 0
-0.2080525372444617 3.626502861284762 0
0.6449415557216114 -0.4647332568558827 0
0.7086270273651135 -0.08556731718302751 0
0.7389095792391756 -0.2838440849612611 0
0.7493004220151265 -0.3078242197117884 0
0.4552839973299847 0.07963171546219752 0
0.6548475334023338 -0.1008272669814318 0
0.3551895269548205 0.1789231020264854 0
3.142872155765446 -3.912460922158881 0
0.6640348013586903 -0.06575071332331012 0
0.8457366405970697 0.02937706918900451 0
0.3603733039956523 1.652772703191591 0
0.6085165765227236 0.05468672501418395 0
0.3202466170021457 -0.4449263903786279 0
0.2960954772075378 0.2019298082623383 0
0.6174788014286874 0.2047400755271122 0
-0.000582324180834421 0.006219943687146252 0
-0.1422171578662088 0.07877302322006476 0
2.121446262763348 -0.7294594892683868 0
0.4413597045147294 -0.2119008823991897 0
0.988969797564164 -4.790096797742925 0
0.2705557787424547 0.06664029269651275 0
-0.4325983162415616 -0.5063628108448237 0
0.282020171854599 0.08051015888465335 0
0.4426305358305693 0.1123227580837634 0
0.0842268088835314 -0.08599081699687351 0
0.07576803422213248 -0.08848416579928416 0
-0.0005864872679461355 -0.002646760354554666 0
-0.002573609462354071 -0.004839576784217274 0
-1.567151347994322 -2.449410588153558 0
0.5859600345384095 -0.0515458465223082 0
0.3300015675318292 0.07317819125412539 0
-0.03041696225181755 -3.620650593305311 0
1.216455830106349 0.05562657007950975 0
0.6752541780364596 -0.08944625282547222 0
0.8325239835389371 -0.2627628858032165 0
0.8877184736528192 -0.08332016377777442 0
0.1557370501429584 -0.09606956382761977 0
0.116312958196206 0.3304036517467785 0
3.252854191679608 -1.638385986587902 0
0.1731733326429815 -1.309563491642713 0
0.8483577419540749 0.1228715569688339 0
-1.376857908281171 -0.8772846079103997 0
0.5922108431696409 0.2799842736288453 0
-0.4034720186748942 -1.721876527832885 0
0.1141348393389995 -0.1014658950246525 0
0.08029649992089649 -0.3728335734610441 0
0.2127399450774994 0.1347537154979109 0
-0.1410184610687882 -0.08366839218219084 0
1.040233698534698 0.3826924291810359 0
1.582858809065455 -0.1596235435955059 0
1.198845894079215 0.4119217145536257 0
0.8256399456760599 0.3839457492643363 0
0.6626742313208975 0.2928921995124655 0
0.2246199289114622 -0.2231761218145318 0
0.3267962164443112 0.9302191307942338 0
2.82285591515185 0.4621238939131552 0
0.007000083837067505 0.8565929605396194 0
-0.9435585928851674 -1.772411139788439 0
1.250854651862983 -0.1696763094922863 0
-0.6416788862691102 0.652637944981257 0
0.005883106699788066 0.0350168344182739 0
0.002658184914258467 0.01206254968411823 0
0.6020301604514734 0.1245836472237352 0
0.02515300883295941 0.03149817130249907 0
0.1366580510728257 -0.1009734682896883 0
2.031765733457415 -4.295058371086807 0
0.9086965525235787 -0.04014093639134984 0
0.7040353548438061 0.06196443168992423 0
0.3062415496720622 -0.2018256061460811 0
0.3069775304821193 0.4442358483397665 0
0.2441586725317549 0.08786006254204681 0
0.3558070943771163 -0.1072023584307985 0
0.1114541146385211 0.6616618157603503 0
0.1994420963881461 0.1574184559186463 0
0.8258763385383722 3.104364046783162 0
0.7013307004342494 0.04479983706288244 0
0.09084550853788612 0.1712595694679358 0
0.512841344097185 0.4738279395445168 0
0.3158014152265518 0.06669509880112207 0
0.221336491098632 -0.2924969879099727 0
0.2474260489609463 -0.2961645971401081 0
0.1197382459205048 0.08384495749654697 0
0.9308658052420559 0.3614283180717057 0
0.7461346337145425 -0.1862655665165841 0
-1.582327322240052 1.256341471046077 0
-0.003793274594409266 -0.007566164399052532 0
1.018141373110802 -0.03718499972850289 0
0.5050837194171698 0.2133009065664682 0
0.6874339594410794 -0.2833600433456798 0
0.008796911241524987 -0.02366626185315442 0
1.05129408379057 -0.310827222783133 0
1.335981495562169 0.07120371034709559 0
2.852312572807069 -2.172280529037887 0
0.6706760680449491 -0.221414295811898 0
0.09046753647362653 -0.1396918447985772 0
0.1032816013005856 0.2481710018952776 0
0.1258765679780537 0.2503159064450013 0
0.3581948681278228 -0.1883243697265257 0
-0.4441400714685928 -2.943786445602734 0
0.9739409025556331 0.05303763395245181 0
-0.5892849509189358 -0.4557419375638855 0
-0.8007460929057653 0.5513921267353645 0
0.6667746597804414 0.1621226929581958 0
0.4062747688023364 0.129609571658766 0
0.09196312934062773 -0.05071634255816369 0
0.8403041292194677 0.3445893188192282 0
0.3466801210005307 -0.133573737134909 0
1.044996798449985 -3.61816352111388 0
0.3245897104568568 -0.1982153985192416 0
-1.51396307987309 -1.640124892493809 0
1.105927918977748 0.09633339539124196 0
0.09517637247493763 0.08771642907906424 0
0.4312717633643821 0.4956273839481604 0
0.9052323966340965 0.0732116651172955 0
1.02195142962964 -0.2713145568067916 0
0.8211393290985662 -0.05080039545387501 0
0.7622515709310471 0.1810968552045009 0
1.894563344691897 6.330177626869241 0
1.323707678370639 -0.3820150506198657 0
4.364787738437843 -9.977073676036321 0
0.94063224711324 0.01217090143307435 0
0.9523942866964251 0.01682859158804504 0
4.512797468198002 4.182572085516249 0
0.2242144870955694 0.4610649876791295 0
3.615245736531207 -3.481619115809155 0
0.04194051458851616 -0.1924385998665751 0
0.03054187017922214 -0.2196719003875805 0
1.685371719827053 1.429643989393244 0
1.576622493121983 0.1091556279056804 0
0.8688535927779423 -0.04100982951501109 0
0.7268928891020273 -0.2571912267558359 0
1.952004663771858 -0.2014599521718434 0
0.4542444159724228 0.2661558964043467 0
3.241524210363838 6.817431540688107 0
2.025901352106386 -2.145164868970983 0
0.2399750473618886 -0.9004843280777468 0
0.9855058382956638 0.1242614212435242 0
0.6144782763181903 0.05289254656356934 0
1.084960746915561 0.129668409792275 0
1.091075838800317 0.1520172322407227 0
0.5290797616672041 -0.2654062476912625 0
0.591688161918228 -0.0852104389108939 0
1.937601685457578 0.1926333058726932 0
0.2188929655836728 -0.1478250043665403 0
0.6294347572542948 -0.07349328483801638 0
0.6196829036684215 -0.07485217529016967 0
0.06695880979561716 -0.08526901547918476 0
0.820433578528787 0.06543531123611566 0
-0.3206124783436615 0.09668585213597602 0
0.8060593179009004 -0.05466046779883663 0
0.06378246318340426 0.1259017918771881 0
0.1089415668217439 -0.05801261563124294 0
7.565660539357697 -3.658696271520081 0
1.063553718150519 0.03014168154732975 0
1.051613221028986 0.04998756513299712 0
0.3889766516721894 -0.1808072532210607 0
1.271313650162795 1.728543415373014 0
1.118730301286387 -0.1101961337214749 0
0.7945659485519028 -0.0989626874042291 0
0.2727878491406948 -0.2021395384070662 0
1.347201154741271 -5.632857751590939 0
0.8915615599475927 -0.09312311644594212 0
0.08518412778216236 -0.1740665902619215 0
1.067004362825151 3.254374193827932 0
0.000713662964296515 0.009254232431710049 0
0.1139402305213911 -0.2666256365153697 0
1.243240970785857 2.931689899219756 0
0.5773243420160823 0.05210492823097387 0
0.5793888339785082 0.05693409330674502 0
0.5760554764039896 -0.05289336689656574 0
1.75723136788227 -0.6114187548694352 0
0.5288071362228103 0.134086258177793 0
1.656259520970067 0.9089486965970422 0
0.6536662552058169 3.141723964542153 0
1.149016748696166 2.982538302260078 0
0.5452874393421993 -4.157538086770395 0
0.2712592277022693 -0.06638857859820613 0
0.5488066681334921 0.1303495597253291 0
0.9127919169054889 -0.1317677034679957 0
-0.5058265058256209 -3.44124150399347 0
1.841665308209474 3.228657030554167 0
1.683346136444358 0.08917051919526345 0
0.6289605716244051 -0.414894547503997 0
0.6623362386895271 -0.4316672464000422 0
0.5031160293983594 0.05964248165032338 0
2.862281499011394 -0.6478821999051392 0
0.8409373468676522 -0.08860104208896047 0
3.568980144407965 -3.246754684550325 0
-0.5624817273528697 3.304066372903388 0
0.8473947871089182 0.03972334264557655 0
0.7770268639513521 0.2547061806783995 0
0.2658742268786438 0.2662871170395786 0
0.3529637640714139 -0.1201518100358008 0
0.280687517346503 -0.0832323965937147 0
0.8178985834019017 -0.09757795451449641 0
1.946418210641658 1.142714243748508 0
1.070923737200196 -0.5314402385545737 0
0.32247369496863 -0.07398414882336016 0
0.003721370806979997 -0.04976857162145858 0
-0.831541265654082 -0.1636979284071164 0
0.9794595708349685 0.09542738131823839 0
1.274969727948454 -0.7421648729128396 0
5.863920098337895 6.050696770486305 0
0.9096926696628912 -0.5816382737080903 0
0.5573289459863431 0.0821485045766966 0
1.001106426653393 0.01001149656731997 0
1.915213943776175 0.05629087606362913 0
0.1575333708635779 0.125856098189455 0
1.411456672946588 0.9657940708715625 0
0.9279735497399595 -0.446045730821452 0
0.8631378974099755 -0.08489663438396022 0
0.8052254968362607 0.1127171369643262 0
0.8391444742483489 0.1002320113866243 0
0.9152978019618804 0.1114525586143368 0
-0.04963085873039874 0.3421907069359256 0
6.612049463741993 -3.118735304908507 0
0.6318197877124402 0.1957117728691326 0
2.588446412142137 0.860621087831144 0
0.0260394907591079 0.07986349511278232 0
0.961782383121173 -0.5495511107852415 0
0.5582869306994831 -0.2296816868469788 0
0.1757781113636186 0.1388495192841948 0
0.0491727549424461 0.3703071049707198 0
-0.1382744980636067 2.465571859381216 0
1.273459612460444 -0.626457161592792 0
0.8824475071047864 0.07842497107346369 0
7.150639492712852 7.720941075545201 0
2.301468213370652 1.762742763733198 0
2.439540777265218 3.932145737690909 0
0.7076489705447907 0.1189605157959499 0
-1.143288781563108 -3.182287325005707 0
3.512651751343961 6.560401267754185 0
3.772755708221083 -0.1462677772207809 0
0.8184771437178882 -0.05898575956665803 0
0.7724308566823406 0.0326826687567616 0
1.564251528829601 1.511863244649243 0
7.598155855465833 -5.541300978024251 0
0.2974676811216633 -0.304104186433238 0
-0.3391658839183193 -0.09885123801737954 0
0.555929799901001 -0.05185928246018738 0
0.5522845349803982 -0.05437797330589626 0
0.5561287647672912 0.05453121511591263 0
0.5510524581227492 0.0528137771259751 0
0.00304673746599224 -0.3404025408647388 0
0.604911219560278 -0.1081330224351472 0
0.06774905715403319 -0.05350491188858606 0
0.9018946480048943 -0.02458338727383959 0
1.570490997969487 -0.01316515355725032 0
-0.0006312726910116865 -0.005125110789834898 0
5.377107149867085 3.263001586918399 0
0.1519331362946477 -0.0646667880115155 0
0.07559999223710062 0.06480609262171312 0
0.5668148097051283 0.052697725176967 0
0.5648291021857205 -0.05316085699942463 0
0.7378992703673168 0.04736707222242997 0
0.8192285908701527 -3.336079195455389 0
0.1380810683167751 0.1310002577888671 0
0.8539153091410652 -0.2983359534459845 0
2.456624495453881 -2.31507416143503 0
-0.356983829014617 -3.514995976865066 0
1.093787060812762 -0.03654467984750055 0
-0.13842219993081 0.04251118748389598 0
0.6865505045739504 -0.04708778056671861 0
0.9563965132182262 0.07345454910769854 0
0.05857041591793438 -0.1296150126748823 0
1.940135448123777 0.3066500649014149 0
0.2306507488895444 0.2726485628472669 0
0.5968717076505793 0.07699107988778243 0
0.6597281261710441 -0.0488312655360776 0
0.8468237301228135 -0.3532753611685756 0
0.03214035792020697 0.03503935239629406 0
-0.05171223894475983 -0.05108359273584812 0
-0.1601581085781366 -0.2541452942843575 0
0.6754589215673069 -0.0483151377696733 0
2.66379207961973 2.296437379299975 0
1.565855880124382 2.428710313729949 0
0.8092840663653897 -0.7715088500531606 0
-0.1428885581786046 -0.05412826050852727 0
1.66176446623156 0.2040714967282714 0
1.031836084903018 -0.1024039532366734 0
0.6914241306200211 -0.05808560285506018 0
0.6560433406487144 0.04971468499017714 0
1.685856389879596 3.910962756759717 0
0.4369038651187169 -0.2318800598268454 0
-0.458335278353705 -1.064790303882053 0
0.824358513589178 0.02801039969642288 0
0.1673139651225545 0.2254520088740713 0
-0.08877295828020437 -0.3001311897408551 0
-0.1098521555305462 -0.2723834253605983 0
5.203234798591333 2.624285155305324 0
0.1146310027204944 0.1424818752884464 0
-1.501381618205301 1.926069242176108 0
5.415520030275214 -11.5053911156372 0
3.882013238280575 5.417524778601829 0
1.114458250208286 -0.3142200795471073 0
0.06922102462296482 0.04412216876213709 0
0.9812543282792591 0.01234431366624446 0
-0.129812410876655 0.2125958486663499 0
5.816992394842915 1.227275866971804 0
0.00117292844181262 -0.09542091276134441 0
0.2604279149028756 -0.2426450778286421 0
-0.3297191178509145 -0.3006661567720841 0
0.09252424291550525 -0.2081194750220142 0
0.6611453588383691 -0.1089996483952371 0
0.4610973633002756 -0.2629415517681353 0
0.1890975783026869 -3.675661742677301 0
0.6504545895826533 -0.2323626208334568 0
-2.158599075314124 -0.6055221844522005 0
0.5953473371904361 -1.947293612707953 0
-1.44205899321589 -1.473372536976588 0
0.8531781696010803 0.02388614878087036 0
0.8353577058251769 0.03163349966229232 0
0.6271804043466411 -0.2865726783012936 0
0.7819210251686147 -0.03752221139643414 0
0.7486097064975095 0.03985148429888987 0
2.048006471976936 -0.07286166556039256 0
1.021714959243066 0.2472256291995054 0
0.8821194151583406 -0.226076200663853 0
0.3843478792051063 0.09955162427341052 0
1.118383348923272 0.6688043181065465 0
0.6191796199606568 -0.05325734314843088 0
1.362011108692351 -0.08725070543938424 0
1.082343081500754 -0.1383483171179404 0
0.04591145145864554 -0.04150810341622543 0
3.64629932775091 3.72027292062553 0
7.56678678177487 -11.75126170327622 0
0.3010810505274202 0.1437805227577189 0
0.8294565935811276 -0.09897499996035611 0
-1.129714857579716 0.7037511507812497 0
0.9686339284914895 -0.04184265198039484 0
-0.02714371258678519 -0.01757908043988705 0
-1.050933417344179 -3.264034430609883 0
-0.1110267078936892 3.817804673256449 0
0.9118540899981815 0.01700989361430303 0
2.478059808426149 -7.283740912516594 0
0.5251795750665926 0.5548428852588738 0
3.340424147115757 1.569385573964975 0
0.1055001848029548 -0.07890436228140155 0
0.4965035097882249 -0.09959147487289911 0
-1.31839620613959 -0.9988953378335906 0
0.4841361403448169 -0.2012856030073981 0
0.4983967699118437 0.5204282971241221 0
0.337406160938709 -0.6466605502002181 0
0.4698212771596897 -0.06893057411493921 0
-0.3398181785152434 1.136767588653775 0
-0.7095233465574752 0.7740888826064907 0
0.9988971427752101 -0.06117413980057453 0
0.9069133447902111 0.08118246819896241 0
-0.4470158933505669 0.3425723408915259 0
3.369645678259643 -5.685651428048308 0
4.584762366116787 -0.8696296428128281 0
1.087915685712942 -0.7927267413127962 0
6.024251776517517 -7.618810605328544 0
5.492415945724269 2.280543601252667 0
0.9458063800758464 -0.1431416255255364 0
3.435846571880612 -8.271938787380323 0
0.3772275783741836 -1.299545064334348 0
1.198384104877198 5.449455678389827 0
-1.100519913815581 -1.837706736563442 0
0.1181431254262169 -0.05941073389997623 0
4.951883095605041 -2.162976116522065 0
-0.8724371091867373 2.022973522152413 0
0.7936010838688199 0.0495045495914914 0
1.06118743744021 -0.2562236567836784 0
2.43003973948168 3.176513343056517 0
0.7124916919254927 -0.0987564442017787 0
5.924695412496485 7.850342080660192 0
0.6131221948479436 -0.07050619679297428 0
0.01416673422183507 0.5116825221892886 0
-0.447975205599531 -1.160401033909941 0
0.142178470442465 0.1380254153877035 0
0.5912624543006714 0.1332925541613537 0
2.405386819195547 5.291351862120234 0
7.185406269567056 0.4667709369543586 0
4.327304646808659 -9.450481250424284 0
0.5565787869824094 -0.08911375568269744 0
-0.09939901627036113 0.08918719473630507 0
0.4409285589867819 0.1865658177514335 0
1.190974855144529 0.01803562898140953 0
5.774194132165597 1.608320401243877 0
0.8927583575679053 0.194718440215606 0
-0.662232863146171 3.236178809294101 0
0.2087767894481281 -0.955146476455059 0
-0.7573558886861165 0.1120252282893898 0
4.327458836199131 9.821441666564967 0
3.167818976821968 1.588073273111795 0
-0.0002122902308823348 -0.3680615930363916 0
-0.3034973052960104 -1.370496262957676 0
0.7066778245809178 -0.04689931926696003 0
0.3822898467456377 -0.2273550796494014 0
0.9096573416100446 0.1991214779117468 0
1.457890900535357 0.3125142866607615 0
0.1381670496627785 -0.3146862539393723 0
1.022329661333698 0.05665037901153948 0
0.03152729385878558 0.04909666173156695 0
-0.0009530088183182434 0.004722631105191492 0
7.023175644179492 10.988955025546 0
1.932334617376668 0.5425815687772325 0
2.028079505488949 0.4317336286163803 0
0.7134818219745137 0.07704401374988615 0
0.1992217035057474 -0.06400611704000393 0
-0.01480614574140673 0.233602899427752 0
5.431435585233075 -10.95000607652377 0
6.086693690100561 -2.307655813614484 0
0.5409999337408635 -0.05482180542272064 0
-1.128947377796697 -1.512173495251657 0
-0.007496455039737298 -0.03200288708920297 0
0.6450057281400609 -1.362450272610479 0
3.30848138994843 -0.454570085285355 0
0.5310249625596166 -0.2508292890241544 0
1.074203867540724 -0.0003564408515617577 0
7.222732858813093 2.324922511075854 0
5.54306288850535 0.8651518305478718 0
0.3610121488765701 0.06655807281548468 0
3.37266484337518 -6.754650699066725 0
6.866058957575821 13.86908775625972 0
0.01109711191390198 -0.02273435058852051 0
0.7038847949004241 0.1718913191618592 0
2.97141820326724 1.450961719478988 0
-2.014709760360861 -0.620802458012041 0
1.003973831012118 0.08496455045384291 0
0.1718167670591929 -0.06652600893490064 0
2.44843057096936 6.823080624953748 0
0.8964657903852964 0.02350199011834045 0
0.7537966693431689 -0.03988179446135603 0
1.253174760178378 -3.697228346744238 0
0.3663655746131969 -0.06597660280332625 0
0.3565657647106806 -0.07352367876306712 0
-1.185820172518927 -1.316422752117546 0
0.03707635606053782 -0.0488027073944165 0
0.03097502592562195 -0.05146376341443793 0
1.128791821665684 0.02412592030172406 0
7.589303589064352 -5.187929779212351 0
0.2345352890336327 0.1282636743718018 0
0.09056192217088457 0.04987623792497559 0
0.09445635680264731 0.05564065971252114 0
0.6186688923516359 -0.1722407369276974 0
0.09466485027203239 -0.8170767317272646 0
0.03650756991530844 -0.1104246507313509 0
7.815133273843795 -15.37834709809933 0
7.815486599850883 15.38323807668792 0
7.602626857811051 2.887788608617465 0
6.992582297649612 -13.78151266143444 0
0.9549604536793128 1.185645512889543 0
0.0515453446911861 0.08614075317775043 0
0.9985540135031226 -1.491828881838693 0
5.25016440321309 -6.178953894605715 0
-0.464106779534932 0.1591176370777777 0
2.607241260399088 -0.9257461803152567 0
-0.07473366804974724 -0.167985748753929 0
0.7604124309830174 1.018922678019034 0
0.1059555699202442 -0.5671326764146987 0
0.9822554953755446 -0.01144116521383482 0
4.39933346983621 5.443305461109682 0
-0.3608976558512084 -1.89893329582958 0
-0.9890838462585368 0.5358730940010646 0
0.4263951205869872 -0.6144165643040916 0
0.6983076764433757 0.2525176864899911 0
0.8560495565655982 -0.02397332159627089 0
0.7651392808490163 0.03842558129624345 0
0.5356936768043059 -0.05580135492787442 0
0.748737312489143 0.06671303827773641 0
3.494203215888343 6.823447202535338 0
0.6123837735540014 0.5932691668713661 0
0.9194130667342135 0.02080855422459032 0
0.1154984732422889 0.05383713896316813 0
-1.133180750626816 0.7965430284301973 0
-0.02874381565125359 -0.08586147868430549 0
-1.218654911729909 2.688853628162232 0
0.9306134053789659 -0.01899875188159816 0
1.686139257365665 4.121586518790899 0
6.674951023447162 12.74563472927839 0
0.9920438465662982 0.009442847841357151 0
0.8328819943265432 -0.1712868660650915 0
1.467959016575911 0.8910079217644757 0
0.430492157611696 -0.2544534089095914 0
4.06538807025566 9.551883101345194 0
0.3929212718876152 0.06491372598363979 0
0.0340397723028321 0.1111946730948479 0
0.7787550231549704 0.2862861111056993 0
0.7988248343605818 0.03077262509496743 0
0.8608023105211261 0.1410102481533728 0
4.131118722825882 -2.217739146038107 0
6.850498199265918 -8.860263998016105 0
0.7582893469398755 -0.04573847990301982 0
0.1640608976220938 0.07519406376247234 0
3.049865217795461 -1.590480565567265 0
-0.9153931383736561 0.06935203605653571 0
0.2498694359125356 0.1363582155593528 0
3.31659689673229 7.06545240320186 0
-1.198873405349562 3.093902592574434 0
0.561205870637932 0.05892195201136655 0
0.5498327169332551 -0.05990037278710109 0
0.5877571563936427 0.05068023147816644 0
0.1608587990337824 0.6418250480385188 0
0.2214071303040637 0.2388164753999293 0
-0.0416351636824886 -0.2987832294126817 0
-0.06104396204970879 -0.3228207976289382 0
-0.08023390162986264 0.03792871664892535 0
-1.858086502257853 1.981522505314471 0
-0.01794836624995076 -0.1254063768945167 0
5.183523175635835 2.926104336566687 0
0.01571025518573164 -0.6757076589694528 0
0.07512482796785031 0.04964804238403926 0
2.524406510178999 -1.228608209025214 0
2.769455756023302 1.148526486746255 0
0.01781992722811016 0.06882647985705728 0
1.046792843610971 0.03280716762127146 0
0.1782822233542632 0.1703298375734418 0
0.3904790128279236 0.1306507376905876 0
0.7393942062604378 0.1214541099030697 0
7.693631265311721 15.0124629230625 0
7.691754601156895 -14.98934566294123 0
0.8888358948861093 -0.0197260480737864 0
0.5187293681992492 0.05781485238040653 0
0.01094829230343438 -0.02009547763736545 0
-0.07229380157779905 -0.04717704584899092 0
-1.739936838031464 1.362336425190984 0
5.700019241890431 -3.936944262184237 0
-0.3183362590442692 0.004736909816155354 0
0.2816708655607436 0.4693886151961345 0
0.4124137399316834 0.8486860235057021 0
0.8087055592722461 0.06454067913703598 0
0.8013765056246238 0.06705436330633353 0
0.7935979355737874 0.1528811453797518 0
0.4717977530887985 0.06976251856925786 0
0.8008282166692235 -0.1072520226197013 0
0.0003703044205843416 0.01162733895462477 0
2.39099218218914 5.577180569232678 0
3.11749784322541 0.5374168921442628 0
0.7637733314033066 -0.1693825654290741 0
0.3757638182006025 -0.2031979324454929 0
1.375585286036032 1.470629041805322 0
-0.4786678004143481 -0.9794826034726261 0
1.004832915068292 0.05431718800402894 0
-0.3397815380556793 -2.043173529624008 0
4.08093303572405 -0.340002551490469 0
0.07052759829968422 -0.2122977257701658 0
0.7108916984030755 1.119107083122597 0
0.1923133387265935 0.06650880874016907 0
-0.5849279557661594 3.421830204893638 0
7.516583574770691 -7.186550423441553 0
0.1880724970578379 0.06746034174393385 0
-1.140430331696838 -1.975358349573715 0
0.7138975957397889 0.504855065653111 0
0.8571590284942345 0.02393906823657886 0
6.994727991201064 9.334324904531476 0
0.3430018347610913 0.8613079168604824 0
0.6401838066966181 0.08362905444106314 0
0.4614871343789127 -0.06927219687825371 0
-2.177080461190739 -0.4304959744395456 0
7.190802829517809 3.2394488785675 0
0.09095659201540394 0.1461724493910529 0
0.6919599366938786 0.1585713280567172 0
-0.3642801446246832 -3.169959875178507 0
0.04740611891390875 0.1462867188792136 0
-0.6646665676531035 0.9445226975296407 0
0.6444853432643062 0.6715828273595075 0
0.223181582956316 0.06478112955091375 0
0.2603371144577921 -0.4850060812477477 0
0.2957708247623643 -0.4600093542613617 0
1.020291460831393 -0.02098069824443213 0
0.5853712508411135 0.05590382462728669 0
2.3252763909112 0.3725321639582375 0
0.9276121491321927 0.01458692186726653 0
-0.004650170729399907 0.09882973183015709 0
0.002519251829230015 0.1087490473924258 0
6.111361873716245 6.221094049784824 0
4.648089551450804 10.39756472467473 0
0.7982063573905673 -0.03384743923084149 0
0.6755702503325185 0.04687087089353826 0
-1.869808279809363 -0.635503276513288 0
1.069003776072781 -0.03860814458691678 0
3.082525269240077 -6.162488067622406 0
1.026532481140466 0.04641138326175176 0
1.09467097697464 0.1761765685005425 0
0.9254551221824899 -0.02606369299044684 0
0.3727185268031398 -0.07260516859840915 0
0.157659983716434 0.09132576810954791 0
0.5972002595921782 0.3148109259055233 0
1.468470471154694 1.489105782722932 0
-0.1196589201217328 0.676122832968883 0
0.5230164415256349 0.3012701959858842 0
1.037487837978738 -0.564386476994861 0
0.01697305770835723 -0.02763425831670262 0
1.313306612936484 0.8308225246340358 0
-0.3726838629619703 -0.08623475843889175 0
1.101927063281313 0.3204979091745231 0
4.597089902551676 0.2187631434327444 0
0.9624770806634989 -0.01446323051129539 0
0.160666359009707 0.1330464124229597 0
0.8698673854673799 -0.04832684221372162 0
0.9225387183894929 0.2394241376618834 0
0.1848421067947042 -0.09169700723254812 0
0.08108350640326401 -0.05169100909332407 0
7.303541831498626 -5.70729937686706 0
0.8769145796058171 -0.02649124517266016 0
-0.8995400551865004 2.144629506182466 0
1.328999725994626 -0.0398385138927948 0
4.147667997030914 5.275509038181905 0
0.6456025040148977 1.35986555161276 0
0.8904654265625954 0.11623355063217 0
0.1950030652433762 0.1754008010325913 0
0.7146188998186871 0.1635402025640529 0
1.000963122380226 0.004641246897508836 0
-0.02140701464727683 -0.002676078020750337 0
0.3301254377663502 -0.0732071128776729 0
-0.05836703150614847 0.1397793454917574 0
0.657884500066887 0.06580803169276588 0
3.174189538280859 7.749878980135766 0
1.027791732823111 0.4496606467340346 0
-0.02742947964180458 0.03792778075748254 0
0.02533890940248011 -0.1219819816302835 0
0.01231952258376949 -0.1235849017533952 0
-1.859065106718237 1.482004137658112 0
-0.08100650494647527 -0.256514412431792 0
-0.3950494193864555 1.013264185263773 0
0.3483273831376906 -0.2122093519276107 0
1.591084040387246 5.981697297954482 0
0.4588586395044948 -0.1884155715513925 0
0.5501761176681126 -0.4025127843623194 0
2.826832226605155 -7.329835485903533 0
2.583112418140109 0.3599289498316303 0
4.402388555746697 -0.116729658234823 0
0.6998091018764976 -2.031994935620876 0
3.451395858793508 -1.609654250056154 0
4.842711998776652 -4.733672205751232 0
0.3035029766454488 -0.131563282902222 0
0.4361872089788424 -4.022967602273138 0
0.6908017649345028 0.04362544854833902 0
0.6330104087767365 0.05110153138109483 0
0.2330641932315471 -0.3488718184844922 0
1.169102024783054 -0.7308708846123435 0
0.7930757417081687 -0.03530259934760601 0
0.5381073896666927 0.05452799564858333 0
0.8695039820815915 0.3980113510281247 0
-2.191309271976952 -0.2547224635525021 0
1.780302588863304 1.372428208755946 0
-0.08295622610915844 -0.1047194110009399 0
0.9563573370553154 0.0281320720923951 0
0.2884800998714026 0.1464782419670713 0
0.8553645101758287 0.3706820278630387 0
0.2722638532229148 0.1664470837975412 0
-0.8922362509002658 3.285970976813227 0
-0.2752392986703327 1.166566581456823 0
4.968448597999267 -5.882155599560205 0
-1.704328571672044 0.6995518851099166 0
6.853757294272157 1.345204226240149 0
-1.540885218502201 0.8265655499574578 0
1.426544274399228 0.5057659069565368 0
0.2837032718660509 0.07300691529046821 0
2.352199303683354 5.739917796463704 0
4.956381345924394 -5.417308969957198 0
-1.597121546067288 -1.37670580969756 0
0.4906274761682519 -0.1289678598384852 0
0.2554479467235231 -0.1332720174294648 0
5.298895601717253 11.58627265368481 0
-1.132572314872791 3.31822582979686 0
0.8819953529672809 1.388825486860573 0
0.6852523678451314 -0.05955256219568392 0
0.2271156559834061 -0.07113510725563139 0
6.852371345778176 0.897810820789559 0
0.5878299463103537 -0.192594552010544 0
0.05659269760226968 -0.04117729029075812 0
0.09489728185083329 -0.07512677619722886 0
0.6808452251906359 -0.5799930399886697 0
0.8185541989824749 0.2268183587050825 0
-0.1308121065955156 -0.2084604391860569 0
6.60170565810732 3.990062503162631 0
-1.481818357114111 -0.1836958885515322 0
0.1603303204429047 -0.1048846584509151 0
0.8648511950132688 0.8078253041475701 0
0.5639575985916657 -0.05855188465775309 0
2.271155300392239 -5.307344421263929 0
-1.224257235382394 0.2676252970245332 0
1.012630316366594 0.1708717947234608 0
-0.1454328959369368 0.2480617990677744 0
0.4298788424180936 0.07213408474184502 0
0.6874208154786841 -0.104920713688718 0
0.01208388910966033 0.07852784338941243 0
-1.869290017483466 1.33796780027945 0
-0.7411189774566793 -0.6071838635040876 0
0.156655074256454 -0.2259575492196489 0
0.7709265790084335 0.07912915345176898 0
0.8984695353458034 -0.247199587293108 0
1.009608734264429 -2.454697030712287 0
0.1285562612722776 0.1366355154194877 0
0.6363638668838105 -0.2368761875470126 0
0.5532382824768842 0.1921996460373019 0
-0.188486684318351 -2.133969859431487 0
0.1582823252237343 0.4981678105641787 0
0.991096405373309 1.34110939165986 0
0.664155617933495 0.1191742048302781 0
0.3351397004171861 0.2140340967688824 0
0.2249148435821327 -0.1325719724165433 0
-0.5718657024792871 -3.217504162864506 0
0.09008445199741094 -0.4609415177849036 0
0.008729999182976522 0.0203854107090375 0
0.7133941111190253 -0.2962186936217128 0
0.3714955246637702 0.115718758348242 0
-0.004073131062996181 -0.05871135294892021 0
0.05416016851874128 0.4092095521014151 0
0.5926857458461091 0.05011838957647619 0
0.6300826731552238 1.156662990885448 0
-0.200870483050713 -0.3825609827337441 0
5.4692356206879 1.849008649043627 0
0.4038254970345573 -0.08903858092816277 0
0.05834817058295969 -0.04614182186514593 0
-1.827167890619554 -2.202537839319738 0
6.407090215868216 -2.084443538884123 0
2.247561953959031 -6.494969354380292 0
-0.01406901461891204 -0.02611698455789926 0
3.644038123241833 0.9273932495514432 0
0.5560597124840534 0.138616703285188 0
-0.3775178192980751 -0.2643919042618859 0
6.350824379304623 -9.398963019676195 0
0.0255980988711175 -0.02930613275167942 0
2.563512269480089 -2.688878318531611 0
0.6257059724380741 1.622475278125976 0
-2.001350191093563 1.163579909064094 0
0.3864188874118638 0.07274906237885168 0
7.552564019475124 10.44200705454189 0
0.6766560921636128 4.10973971060766 0
0.5056496187877124 -0.1008254538646745 0
-0.7326255121041483 0.8663517753215423 0
0.08275055740618724 -2.270639199517714 0
0.9968879104356265 0.1040754424581519 0
0.01568031370748876 -0.03521254822749684 0
1.766570411698985 1.984654780460862 0
2.569302446075857 0.9575779504325976 0
0.6529943442356743 0.08515579368058754 0
-0.5721976577999155 1.050116940050783 0
0.01834565435624892 0.07563899506928365 0
-1.563721499101083 2.497807649313126 0
0.9682293075697479 -0.09762917734103374 0
0.4277079174414717 -0.717670824251479 0
0.2927623952954346 -0.1567724707723755 0
0.04288749292690818 -0.1520890678119509 0
0.2923672502105419 0.0713087650345005 0
1.109410882182963 0.120694881172983 0
-0.6601840514298387 0.09493639054894636 0
0.3807957981062479 -0.07161230548097064 0
0.279979283168355 0.08865371163007905 0
0.1366556220841547 0.08820498918031384 0
0.5169353611251755 -0.1228818898790819 0
0.9962274260239316 -0.01120917638960478 0
0.8736667519480196 -0.2647851337594645 0
0.01819301007128772 -2.068195785168796 0
0.08287455659724532 -0.05551301851469062 0
0.6425888470517571 -0.05892882739596011 0
1.544118383057381 -1.032807114168643 0
0.3483390805992037 -0.08527673564760162 0
-0.001137403594973739 0.02427242242352595 0
0.9132460303223421 0.08445964091637759 0
0.2856944626517158 -0.06689889489129985 0
0.7149536102093587 0.07184129308512688 0
-0.3438525664105792 -1.225037866735038 0
-0.2237682818759778 0.8354843920335816 0
0.7787596435402071 1.429826328751621 0
4.381782628876592 -4.504511721970484 0
0.7930054097346376 0.03694179566698067 0
1.004981072493026 1.251872668103608 0
0.7751389568141969 -0.1112288765227113 0
0.7604141957554417 0.03521395957745425 0
0.6074539890071122 -0.1940678018932146 0
0.004591344286404424 0.01760452362810952 0
0.003401962664096053 0.01573635427787284 0
1.875780462959967 1.41767351100815 0
0.0206783499511994 0.03009047107279962 0
0.4620914215845682 0.2366617317386992 0
0.503405544735319 -0.1262937777653753 0
7.533457484384416 -6.519732560992551 0
2.01615645783352 1.221621644716314 0
0.7511396859001788 -0.7940345736713993 0
0.05550689186984401 1.010967544292818 0
1.190551747700384 0.6785642649233657 0
0.8546843083122196 -0.2761713715331883 0
0.5945024072263448 0.07113338514645899 0
6.781313285538419 6.812157280520161 0
6.653671356833817 6.125085674377186 0
2.503625549531553 -1.359159226699657 0
0.7186069162163311 -0.09105981588414058 0
1.631265960051261 -2.295782715259309 0
0.422560445535586 -0.06463214944206892 0
6.038883258846892 -12.47666541769254 0
1.850358878900135 0.9164218533189432 0
1.518945906911496 -0.1888480811621844 0
0.2415852130348988 0.06978866300429015 0
-0.6581564210239056 -3.348307421789126 0
0.7508730880272679 0.1266784182779985 0
0.4229585069812654 2.16651791795114 0
0.96736076358228 0.06152005832616325 0
0.9586465156440227 -0.0193065912516687 0
7.140076538580182 3.69996268780265 0
0.6934975606027515 0.281908004412811 0
0.2376689502426274 1.077662147935287 0
2.166965026201968 -0.1981589510023642 0
0.3367316069534633 0.07342686199894405 0
0.886465566430888 -4.633573459928586 0
0.776182329744782 -0.03845465389392294 0
-0.002131090045413778 0.0638838835052243 0
0.2529685010647748 -0.2682607769955171 0
2.28540577166787 1.933788425497323 0
-0.003383450013109953 0.001909741100831289 0
-0.3720735596984467 1.665986794020716 0
7.167268239524715 -6.229636830221013 0
2.293255557847815 -6.142248879223448 0
4.979814859351639 2.223992221828332 0
-0.7956153167263557 -0.2575400717174036 0
0.3589636588437757 0.3040063878838833 0
0.09923358364633358 -0.05502571435803841 0
0.935348739223603 -0.01691597809631619 0
7.11577410299643 -3.322750562788778 0
-0.07114755623312485 -0.01500095007082692 0
0.1514137456178422 2.646720026095726 0
-0.2548780179876421 1.725941870677197 0
0.04781011584044111 -0.2166133117519353 0
1.201102893976375 -0.02268292660658526 0
0.5615086974423986 -0.07863382897128338 0
0.1554591753720568 0.1610905234866389 0
0.463542310484534 0.08688558629750899 0
0.09617488519135631 -1.536549667959792 0
0.9994285765036829 -0.1588641742873203 0
0.2212369530549577 0.2948328196010969 0
0.6712709138574464 0.5104584375399135 0
0.2480606272138681 -0.07825245362772626 0
0.1742802242414772 -0.1033002080295002 0
0.6851821748662937 0.04238889396748848 0
2.248211250138838 -4.997028307456437 0
0.1794598115020029 -0.06113952632792761 0
0.5845632061064888 -0.7401640101550012 0
0.8009498134872812 -0.02885205042556343 0
0.8955186747573549 0.03807008008026098 0
0.6368724933126316 0.7311100711467844 0
0.6646311402245183 0.3343598787821459 0
1.162388027683445 0.264544740316154 0
1.651416095039806 2.058718054732688 0
0.7982096171950542 0.03600990260393209 0
0.374729198434213 0.1047655934003108 0
0.7828895967100595 -3.520390129770672 0
0.6298260068504568 -0.04815034361112597 0
0.4777729453271038 -0.06818897248397553 0
0.7896920865246195 -0.04158098840913208 0
3.863061397526793 3.933009353438988 0
0.9286155499284792 0.07120869338614935 0
0.4158766115340432 0.07009093162418395 0
7.559690949012229 9.770505411506011 0
0.06396231344625458 -0.04308125702889342 0
-0.05803819726988911 0.230149782286445 0
0.7205875312426918 0.04242578441802506 0
-0.107996094282603 -0.6343416625274505 0
0.02328322520776914 0.03317208885754699 0
0.7016520653642897 -3.791249018659832 0
1.215291990878337 -5.447799453368114 0
1.135737236970757 0.3109667516344041 0
0.2700358857034043 -0.9738182574523365 0
-0.1785820746942375 0.4051147451049031 0
0.8241746489092063 -0.05737619161416781 0
0.02970369897029347 -0.04441896706301528 0
0.1931412657099922 0.06257312898302235 0
0.5397388023927261 0.1937493482292349 0
0.5360665362540105 0.06031669263157206 0
0.7535953548351734 -0.09270375502046516 0
-1.180780371959001 -1.054372577348675 0
0.7819826021289072 0.0380555116323977 0
4.014526567443371 -1.915241864681913 0
0.9799898879735577 -0.0187309937949923 0
0.0006912053740380508 -0.02061657161451789 0
0.3491445404714617 -0.1465149711592144 0
0.5115787182321266 0.08245873519078965 0
3.028735386090479 -0.6854896926174837 0
1.151488654529114 -1.43926323380485 0
-0.01738648737495793 0.03652438165400915 0
0.6700141141335245 -0.04393892424728302 0
-0.01667087491689612 -0.05712543148159095 0
0.3368913421664987 -2.56622438052184 0
-0.3459685920239279 0.05858516183493966 0
0.704801108130078 0.04361742582368162 0
1.974569750731643 1.372592270455202 0
0.5636481134530007 0.08810891287681327 0
1.143768645306622 0.4327794164421221 0
3.782662012105388 6.60003265722117 0
-1.093137288349916 -3.073655719900295 0
0.6711159071434754 -0.1028764776883218 0
0.5924304289770149 -0.092437003525319 0
0.7952551313406172 0.0578529227770205 0
2.906552475877555 -4.428351187237455 0
0.2767938265790885 -0.07342632760590047 0
1.297959356724033 0.04561316574522688 0
0.3832458242122296 0.3481864997436327 0
0.1015728868128208 -0.1524694710891075 0
-1.970900341759055 -1.863405499839255 0
0.6782801016753796 -0.06402654657071277 0
0.5964427472070886 -0.1287114767130216 0
0.2356370835633451 -0.2081762696502827 0
0.7573425165241751 0.06883115433222346 0
-0.1254949182008774 0.1043622229796153 0
0.5703420528792328 -0.05936872575641679 0
0.1218496818943162 0.0582708897384204 0
1.047119625543983 1.314559000100174 0
0.6420588258839205 0.05024205475930095 0
2.532409529361136 -4.930839418700992 0
0.9025401898610376 0.03935301218915117 0
-0.01990302410621518 -0.01917005139420551 0
4.735554446058696 4.667463504525317 0
0.6312384519446201 0.3919560561750147 0
0.70141893430511 -0.7602233497616285 0
-0.4541545407076404 3.548579531074773 0
-0.02353454287017413 0.04931059048550659 0
0.4134526468520724 0.3660278630303931 0
0.5753203769373104 -2.34484347632709 0
0.134268489699401 0.05664513090869512 0
0.1380444843234115 0.06294117371965074 0
3.777302058573643 2.873702068452778 0
5.380572346666869 10.89633440803477 0
2.769855317474121 2.441148509497068 0
-0.5200256055833753 0.3784045353750786 0
-0.2293868480428116 1.846688046191914 0
2.807456295802212 7.271090498328894 0
0.01784902488454991 0.02873110628116136 0
1.187595774797537 -0.2309670844920576 0
1.046682578132546 0.1816661396303174 0
0.09236126883378841 0.06034517866516759 0
0.8737172104278093 0.2022739890622992 0
4.884830778467136 -2.636122696424274 0
0.9676774794404742 -0.01321601435485955 0
0.9234641326519523 0.05811608391269135 0
0.1140926925815956 -0.05882530909740546 0
2.215057795443105 -5.638260590621725 0
0.939177361426571 -0.01395694276300492 0
-1.860978410780665 -0.8111162803877492 0
0.846860405013513 -0.0978078663930881 0
0.9045485711351984 -0.04848995836834272 0
0.002915205786287462 0.01435950074030097 0
0.519815793221867 0.2453235124859804 0
0.5161912312981298 0.2199574917042005 0
0.599612782147717 -0.05489655728290958 0
0.438207199012828 0.07220263308212531 0
-1.667051454006355 -2.513562783911408 0
4.378792031902738 -1.828561551562558 0
0.3227497918539977 0.07353965433069955 0
0.5676646377581733 0.05699558003787088 0
-0.1038851053194566 1.125016035323912 0
1.944897572564372 0.9923309278466826 0
4.980527524688909 -10.88961680020916 0
0.9328746899150596 -0.03121962736145404 0
0.4816658222194711 -0.1303830160712848 0
0.1487697494060459 0.2495698816574159 0
0.7166309358829457 -0.06545019682834818 0
0.7657293621400489 0.1178899559942955 0
0.2568972181718884 0.1444523452691334 0
-0.004575493778564042 -0.002492513709736378 0
-0.4876054626205195 1.719770997161862 0
1.961906170130663 2.98574814869677 0
0.4975702375208518 0.06776553541358006 0
5.990772283135835 -4.278759862623157 0
5.225723751474612 2.387629519992799 0
7.719053927043872 -14.0702034346686 0
7.690663066951068 14.02534971933486 0
3.316799709777746 1.87873471533096 0
0.5139963351143613 -0.2713399322453443 0
1.095758938483933 0.2020160124031455 0
0.8829817635183219 -0.02568150912143186 0
0.1102116171419221 0.05884376012717433 0
0.4735483361519569 0.137655125157993 0
0.112815511442866 0.08396765626540842 0
0.7055868546097122 -2.35374980644245 0
0.6036228063351747 1.804039639376939 0
0.8915560485193614 0.03692279755654228 0
0.07606660650613253 0.1846073586346666 0
0.3376133567575004 -1.04004742021615 0
0.03626735101152209 -0.06330286271680885 0
1.07575821634765 0.4671100422688947 0
1.287128799915248 0.2314740601685144 0
1.219095176839014 0.09931578473277144 0
-0.1668614273376527 0.01096243732181931 0
-0.3948986020661567 0.0937125530114388 0
0.03876813750928489 0.03800565952079856 0
0.7059714872687949 0.07373146362236253 0
0.6447967166096065 0.09026240841943438 0
-2.201141938060589 -0.08023474826147786 0
0.5428645349079905 -0.1298042165487422 0
0.8194057593248761 0.1199993138073935 0
-0.02965220508655944 -0.336133725639882 0
0.1534251326386908 0.06299882184028993 0
0.4913561135151432 -0.2516147125243954 0
1.05499630836351 0.267976833979464 0
0.5682909811446699 0.1507016394537297 0
3.355437575625851 3.949530179724593 0
0.7775830895686917 -2.116141055372524 0
1.662925509859959 4.319090209701813 0
0.4351500436200105 -2.449454090845928 0
-1.190803907389623 -0.5540684178333416 0
1.036716900088347 -0.1172026283855879 0
0.03244902754755481 0.1256593184389236 0
1.424227507200302 -4.141730319213312 0
0.8294888865683691 -0.02516573535746092 0
0.8892629111560221 0.1281924180302353 0
0.7236978410402826 -0.0830708726678544 0
0.6465077610073268 -0.05176652226248232 0
-0.5096723722518561 0.1050001940442416 0
1.172594780428267 -2.87330365367268 0
2.779685125992371 0.3251013527036729 0
2.607080324981731 -4.714024619113578 0
2.151316146219326 -2.030463405037556 0
0.6488993952572869 -0.06358114264057128 0
0.752936388565226 0.1947990228072927 0
1.168755660774274 0.9424918391259344 0
0.01404238316896067 0.4083744690398572 0
0.8486217013721032 0.04849932584118935 0
0.3971299013657588 0.1648380101331657 0
0.5462055896345335 -0.05779772240779824 0
-1.484163279762949 -2.798754757777626 0
0.840633612609659 -2.34114009553375 0
1.862217396478977 -0.6145832758282005 0
0.1345895995021576 -0.05497419605248106 0
1.617520534071059 -6.015124085369465 0
-0.0560024218967554 0.04686547667593136 0
-0.04150632246632284 0.6677635266950738 0
5.018483905553647 -10.35615219661043 0
0.7145957035214145 0.03960705404575966 0
1.108295986627507 -0.1515805016270755 0
0.2399101408473692 0.09595102982434224 0
0.7429018702352461 -0.09429991914935028 0
0.3625638109214099 2.295979270830242 0
0.2777938002775212 -1.311946736564405 0
1.615451673991857 0.07679121186006677 0
0.8351432364104601 -0.9189136330993144 0
0.1447636875742225 0.05782099340059289 0
0.2055008151368082 0.06167669478969307 0
1.24380429051047 0.4932362615281882 0
0.8741155464948821 0.08496902520516979 0
-0.5833809894656792 -1.014811849591554 0
-0.5446123139756901 1.802391765593305 0
0.6852131581972923 -0.1202036936035092 0
0.7317190657373588 0.04284245041483022 0
0.6608583924370697 0.04944423785512497 0
0.06965762668044664 -0.04760754590360051 0
0.09918232651741382 0.05703549979686973 0
0.2131310484965827 -0.1369418926868938 0
0.8486114327165768 -0.04774489657258436 0
4.645982940954538 -0.1432378114780427 0
0.9878043980902251 0.1422047404765076 0
2.196003994176345 -1.325384426518616 0
0.6003095395977778 -0.2116293025455403 0
5.701886356060664 3.468085062046576 0
0.03213720605463482 -0.05948319081479948 0
0.9115468728996723 0.118687263591376 0
0.3847543519041686 -0.6335311406649754 0
0.3071275843631613 -0.07379122378410694 0
-0.04417513019174048 3.658315470225488 0
0.9950251625145755 -0.04925669521053692 0
1.01261664272349 -0.05542482868359844 0
1.627987848710807 0.4293993822433436 0
0.5294643894320347 -0.1193689754893942 0
0.2067789267176877 -2.21841466056736 0
0.1485819390407001 -0.1232584766245844 0
0.8195717612384424 0.1343089472270052 0
0.778767107421971 0.3199633108647118 0
-1.060563935743181 2.957108860411719 0
1.008459676945568 0.01155343380756927 0
0.8398860264850417 -0.09874159346188881 0
7.105395019875144 -11.08372376844002 0
1.669208972308893 -1.102741465497372 0
4.09448295266969 6.341915468334352 0
0.7602202922790682 -0.8560888236830271 0
0.8821053536029454 0.02506088989032991 0
0.8843553289879028 0.04068878527756478 0
-2.074472295770581 0.6604158203632081 0
0.2271227870278457 0.08690262359456721 0
0.5780014266599603 0.1437923984178947 0
6.8328147939371 12.99327203069934 0
0.8667465661917704 0.02081455108680826 0
6.983539171970606 -13.13516100032442 0
1.063559315310166 -0.8754281167333293 0
0.1324460523828187 -0.07246882729176896 0
0.8517579729734449 -0.1035523747050253 0
0.02385562382459791 -0.1478889625357868 0
-0.09307874917777614 -0.1478702632141294 0
7.144709501890635 7.266533876525942 0
1.080241266945123 -1.291143669234186 0
1.528880017803234 0.3613838816723193 0
0.04879262898471418 -0.04150705653002561 0
0.2730970230222242 2.032031187969854 0
0.248463778596559 -0.07180347542763919 0
-1.111432175726158 0.4673792082033812 0
0.08440832218682764 0.3316199197941295 0
0.7767127008102706 -0.3161143657620035 0
0.6462406984587536 -0.6207639670522336 0
1.215378748568396 0.7648029309435532 0
0.4631833118685806 0.09305026156127616 0
0.7268911045563864 -0.1215902773294706 0
0.248382589744829 -0.1500541976491521 0
1.230366495086074 5.16299075808155 0
0.05519575130409062 0.04903731060097645 0
-0.2965702137769743 0.2398225413953826 0
2.099745380235303 0.442209575528177 0
7.125796145821731 -8.779380075776746 0
7.116972910639635 6.940641493433223 0
0.889573827224922 4.627908431845827 0
5.550132814264384 -5.906784084236808 0
0.009356271696991856 -0.1077511965859289 0
0.9078284631020531 0.02281029689421233 0
-1.225408100408189 0.3737174817899001 0
0.1673599245716288 0.0788347225396417 0
1.000385057711775 0.01398865146379071 0
0.1359853984111626 1.053038957515397 0
6.389286961764013 -7.452009057030442 0
0.8837757006311461 -0.02049427823288223 0
0.3731191911255352 0.8932512322211827 0
0.8924159130303044 -0.02322005060565938 0
0.9214631643392509 0.02594742919831207 0
6.390656657236639 7.615871820407278 0
1.653482126886538 2.190873167851131 0
0.9404545039724718 -0.05357174675531607 0
0.7604585882918754 -1.204769110688896 0
1.292888406167519 -2.976266642860948 0
0.04636790523270075 0.06216290434977501 0
2.024995003341287 6.105014049059136 0
1.368594533271261 -0.5072790947327027 0
0.2279983790220356 0.07136637284715065 0
-0.006072388758295753 0.002073108749632552 0
-0.02750141704140977 0.02548841808034897 0
3.336027944336947 1.693113785935815 0
0.8641061094575785 0.02998016765435949 0
0.6649246681697542 -0.04428826854635817 0
0.8692649298349947 0.2302062905680424 0
1.070048906736788 0.2058913677082238 0
-0.0170512011933672 0.02059885802097182 0
0.8597539623931524 -0.02140653285268602 0
0.3372192284349672 -0.07297908712089765 0
0.8767208435439729 -0.1227211386942904 0
0.6430473433192928 0.3522442357217681 0
3.063003010959082 2.579155312484674 0
-1.037915666291243 0.1137716019834703 0
2.340429871637746 -5.828515900798775 0
0.1408663351200518 -0.9229771610651888 0
2.99023450928166 1.1020751245295 0
3.577226801688554 -6.941955070850224 0
1.211373212796422 0.2802389892522483 0
0.5635843468952755 0.0563523137647579 0
-2.014084070468734 -0.9331748895731481 0
0.03490038282327206 -0.07313807048437415 0
-0.8538340889622471 1.31998251125875 0
-0.8102315162654314 -0.5458836015508356 0
3.598908214504933 -1.299711122671828 0
6.667553601474681 -1.861940475397769 0
1.377254829300236 0.01964796303168193 0
0.4706626442896313 -0.0770196720238351 0
0.02949806714675595 -0.03382980942799441 0
0.5656260267328784 0.1005091115733382 0
-0.01373070666464046 -0.01643355177915901 0
0.5115498270193741 0.1405630004757341 0
0.3045849785468013 3.87205536157201 0
-0.002309198660333584 0.005058202136127251 0
1.20826146173046 -0.2666953544522626 0
1.406851869519793 -0.1162108822038939 0
4.420287097910544 5.738854928759299 0
0.6048064151861758 0.1395062504125992 0
0.8317365121090208 -0.2047573043533082 0
1.513039709677122 -1.632858926196047 0
-0.4226579021820767 -0.04420452745521766 0
-0.02000376609755063 -0.02615504269625723 0
-0.2098050547077636 -0.171101304953384 0
-0.01511129983463856 -0.2149630036341243 0
0.6553650970589916 0.5887541575935513 0
3.366299544665376 8.576631679560299 0
0.1305037354064762 -1.633140338770816 0
-0.1090371186855656 0.2648098179745308 0
1.901293880619772 1.917314143970283 0
0.9200210337628291 -0.1414967330148354 0
0.08879565584648283 -0.07752645815710837 0
-1.839602414450004 0.7033061072408272 0
0.8343429322862737 0.1543981635150611 0
0.03163142546977012 1.369971104745717 0
0.1441632251860233 2.149532966626423 0
0.5308402963590717 -0.2122002901192891 0
0.08215267265428716 -0.07948875582466655 0
0.07259995991139515 1.91042466486586 0
6.108702649886976 -11.94063924478639 0
2.871048439829712 -4.594543694485833 0
7.241849425453588 12.44557965508428 0
0.08221088247122016 -0.09797670200149189 0
0.08498323315953721 -0.0529033633165019 0
0.7293908762997598 1.827296820091505 0
0.3182881205757366 -2.316935536668099 0
0.7355358768522893 -0.04245460366163722 0
1.115278537760824 0.1432415847404469 0
0.3517215889206208 -0.0709033494927586 0
-0.3715554121107681 -0.0439090250473683 0
-2.012663898122232 -1.345018938191171 0
0.1811610339683812 -1.420257898816238 0
0.6167037584405445 0.05703066622354547 0
1.597522263117244 -4.326751939970322 0
0.450991295942785 -0.1280015681045002 0
0.5944265153745243 0.05318183252194285 0
0.9667081481406657 0.009515892422546961 0
0.2875746709942693 0.09614804533388967 0
3.920979204375061 1.070687652702639 0
0.4549063694896037 0.07120055833680225 0
-0.9482783437948716 1.9538879524824 0
0.861878375933622 -0.04979586016210644 0
0.003411376520851074 -0.01547651679232715 0
0.5414900009228654 0.05304988613254583 0
0.7987473882928933 -0.06461505542511704 0
2.512975631900406 -6.927109945665872 0
-0.1800961233337552 2.588510516525155 0
-1.629349730015083 2.407003039961871 0
0.1224926068335291 -0.1095278924632975 0
0.447815468422429 -0.06780803013583772 0
0.8764968617932852 -0.03901415257783014 0
-0.01385954734438379 -0.03204150487222154 0
3.737179675776133 8.680713223438339 0
0.5894021457583217 -0.1342907642627519 0
-0.06135047037391146 -0.03987156315335086 0
4.111197201031445 -9.23594617942984 0
6.664905838744458 -7.620861098084843 0
0.07243896531039411 0.2651688543969927 0
0.5259355326455837 -0.7733035060139928 0
-1.633883221831618 -0.2788159798777627 0
1.187724224269217 -0.342585952791097 0
0.3441585061739487 -0.1186437958706668 0
0.01581948894437189 -0.1331618175734011 0
1.748257297131888 -1.314457458274951 0
0.8096580853293591 -0.06214220188100417 0
0.6557664010096915 0.07492292349816913 0
0.01009623754118013 -0.02128460562718889 0
3.090135813712282 -2.480991137852965 0
0.8175814758149132 0.1521574617351281 0
0.1504275310314026 0.1364593940949037 0
-0.07721278666964089 1.305258194497076 0
3.558466321108345 1.596617629643822 0
0.8994268003854641 -0.02851745279616809 0
0.1224307531396648 -0.2894566644068909 0
-1.144364527449703 1.952465743071428 0
0.7277820668938169 -0.07527377116517275 0
0.6198709901246195 -0.04852958336713743 0
0.4467559664163918 0.2025591974773515 0
-2.216768245656858 0.4306004177682425 0
0.5906474381768638 0.5665989821660491 0
0.8181698247446689 0.03396064999247955 0
7.225648149386381 9.761728003200767 0
0.7870709439322676 -0.0993042999273443 0
1.44125911539805 1.60825745556558 0
0.2824719166765459 0.1836731528248 0
0.1692587707212171 0.06508715554979078 0
4.554772293130212 -9.15583456395332 0
0.7625367805145002 0.07407280594998253 0
0.3695260893487146 0.07386173244330761 0
-0.1750330228805118 -0.02118119377366328 0
1.212197036871377 -1.228106477203135 0
0.7852915917004943 -0.04898432676098522 0
0.06701619613056145 -0.2764157703760233 0
-0.02916180301587037 -0.1626834371434874 0
-0.08410306312733648 -0.011621893632785 0
0.746741266468123 0.1386160908630371 0
0.2482712896636667 0.2812376227768252 0
0.3758584638768737 -0.2509055394894927 0
0.07572537406314683 0.0717764295660123 0
1.41074662655852 -2.53968501226844 0
1.118054534763193 -0.02930714771093888 0
0.06919422431064583 -0.09559539485502229 0
0.1290116718409912 0.2289338774531864 0
0.9258507536406747 0.08064470190070655 0
0.8115551755516559 0.2486214567660816 0
0.682304625910535 -0.4828969199096957 0
0.2727649871931977 -2.751993137138192 0
0.1682175262791337 -0.3172678738882721 0
0.3608861779421947 0.9822832666712609 0
-0.06767322749880599 0.2784120378181982 0
0.1515928851274909 0.7274925205294902 0
6.365256282571352 -3.929543738259592 0
0.03496697731174818 1.8340601554484 0
0.7429968129415744 0.04136598289022015 0
0.7640979456091433 0.04425253866983697 0
1.61074642777407 0.3176290653812883 0
0.988255855872305 -0.4700011319887506 0
-1.49841156869727 -0.6669060795843663 0
0.6593941766906644 -0.1243506714603554 0
0.0393382541958139 -0.04044136881878707 0
4.309344170726595 9.409693161482592 0
6.760773967008961 7.705119358431485 0
6.060934738865233 12.43409962168058 0
-1.92979377254419 2.222994704214144 0
0.1250978220433168 -0.05416013039484777 0
-0.1593257057975548 0.8766573828647105 0
0.807744345749996 0.03429431295595837 0
3.674267028198126 1.738020916296681 0
1.598525801252992 -2.449781630965538 0
0.661557510284924 1.230271232782272 0
1.319645556357229 -3.951153059556034 0
0.01255378403318517 -0.03844165607353622 0
0.5368939596774897 -0.06137286255668892 0
0.5097777129163281 -0.06385684850891861 0
-0.2863377605879699 0.6308322192010505 0
1.945877874880041 -6.076109167163429 0
-0.774410856282121 0.02595443141111175 0
-0.1747327326283881 -0.05222177723779018 0
4.074807600648842 3.055569760872836 0
0.4018611077007365 0.07002622128854642 0
0.7541293570131683 0.1151474079229445 0
0.5960927562535761 -0.05383067775040837 0
6.400673048603757 -12.55446061377112 0
0.4316013498040157 -0.07262932764012009 0
0.3702023120684267 0.1852679748043868 0
0.03250489969560046 -0.3869621343825034 0
0.6052243504481118 -0.07063786298811418 0
0.8091472432087249 0.08877228585477731 0
0.1584155455625837 -0.06559700381350304 0
0.6742880537783817 0.05110511645117653 0
0.4776581473632789 1.162370178322033 0
0.7339689741890757 -0.1111019385127568 0
0.8592035002515861 -1.052249329033848 0
0.2050611241178085 -0.06141398181045148 0
0.1020407630944984 0.0926639189215126 0
0.9438835735534712 -2.175167028769092 0
0.551436805906479 -0.07072936538155754 0
-0.1448004561937233 0.1498115281026371 0
0.8772154179241038 0.04748807635134847 0
0.6176082796705944 0.05162612548250814 0
0.01527967437336516 0.02689814874585574 0
-0.6389012253001906 0.4216450200598285 0
0.6018426674226561 0.1557857561838676 0
0.3879526526745029 -0.1228508410029212 0
0.9453354518451107 0.04259019298098098 0
-0.005148993883336638 -0.009606584193495098 0
1.574072367313929 -0.2752797177897444 0
-0.0003903725952426654 0.02032163269363754 0
-0.50086459836999 -0.5309274248499432 0
0.5157482398548656 -0.1111302872025577 0
0.03615662862902489 -0.03418626600525076 0
1.051706885173435 0.06941256828932324 0
-0.002538318938550099 -0.008843926113072116 0
0.06127026752585252 0.04675921303664624 0
0.9366901469728115 0.01178636135293154 0
0.3002780416975773 0.0731322793632625 0
0.7893851377101031 0.3915349862335036 0
3.797594958271628 -9.234573289091792 0
1.206584339841726 -0.4265989227451952 0
0.67544955277598 0.04344293515816133 0
2.173872478332267 -1.013949493764468 0
1.142538027005598 -0.1658341175854328 0
0.2422570371920569 -0.3235215181758643 0
0.2727367208862203 -0.3010245036304205 0
-0.03130634930689833 -0.6303315340047528 0
-0.05665673004175779 -0.1650462674112803 0
0.8656914707285197 -0.02644110104918655 0
1.156249783934335 0.05359603696201089 0
-0.002304553892931152 -0.01317590062002961 0
0.0112600765808943 0.02677671255625283 0
0.9097118616995004 0.1057238221259403 0
0.15228455446204 0.09090512974504777 0
-0.153243912387744 0.05734655638250959 0
0.9857135836271296 -1.029010350407769 0
0.910841854845899 -0.02063784132698658 0
0.4968698193706095 -0.06544005618442567 0
0.9858584249688715 -0.01003442412469065 0
0.4560499140445844 -0.7594513272340643 0
-0.003766862631624089 -0.129487310747227 0
0.007377569404164607 -0.02784545559948682 0
0.1895862296297158 0.07261005912493748 0
0.6466316522228044 -4.031446165156882 0
0.3608367043522872 0.07438008485841871 0
0.2824804530434627 0.5278169100970607 0
0.834787748787667 -0.03140595955187313 0
6.492384126847766 12.3252020748428 0
3.543269407334294 3.937350319269211 0
2.304743988665079 5.975151186601903 0
0.04230883096930339 0.03899001779201958 0
0.5334057665020042 0.06798588647408894 0
0.3764853795549852 0.1246130971309782 0
0.03561199194860834 0.05619561132782065 0
-1.07135241263862 -1.084409659395999 0
0.8427573126849459 -0.05619437643322626 0
0.3793444372412347 -0.3612824157642963 0
0.1731049123223467 -0.1714159148793535 0
0.9771002647301492 0.01142325694955413 0
2.701330327008602 -1.50962965939726 0
0.6561666042796436 -0.04824106133734277 0
0.2507932851134315 -0.5202075764700893 0
1.483208438595056 -2.744996571331817 0
-0.2094119793291948 -0.2206097266008395 0
1.115906919649512 -0.1272697047466912 0
-2.221627946741315 0.5895848017835427 0
1.136922092820134 -0.3404812100658077 0
-0.8726235076958523 -2.094814761757191 0
-0.01322896487030445 0.05224781915947489 0
4.002488510889512 4.069909329052029 0
0.6721944010463471 0.1213396962169739 0
-0.02521441499323627 -0.01151656430842005 0
0.5212935252893751 0.2744651844023469 0
0.2827825979124224 -0.1605151029374427 0
0.06229573581142395 0.1003462873991991 0
0.4982757347815413 -0.07354297244686941 0
0.968689073048122 0.5791797780509979 0
6.801685191180177 -9.157434812614657 0
0.2674974671399969 -0.2207525962732048 0
0.670056546315088 -0.06760341538309599 0
-0.04195025498406094 -0.1014249251233428 0
-0.3915626599975445 2.42681804374359 0
0.1456779606272862 1.421892129641062 0
7.587648276809662 -10.75230951231957 0
1.644218932538166 2.370228898162837 0
0.02305620892557416 -0.04522441767720989 0
7.565205958973054 -9.730044463196462 0
-0.7409426236615133 1.413214433302677 0
0.560540665968269 -0.09796817416745346 0
0.241519282518321 -0.08565686995210578 0
-0.0006989350925017966 0.07135016443892253 0
0.9740991748100908 -0.04638602555351709 0
3.121421989594047 -8.241172105624427 0
1.624323231376595 -0.04751921121444887 0
0.6509215188158141 0.05046571539982212 0
0.3363382864600296 -0.1493125775836248 0
0.6032614640872036 -0.6598815437974113 0
-0.6573767438360648 2.262536494919247 0
1.982768604788885 -0.7002218441805004 0
1.260205018959501 -5.139728146409789 0
2.452980592374138 2.005832243124419 0
0.03747869567886272 -0.9674258638924771 0
5.293436615836268 -2.78198115568879 0
2.16040149562304 -1.41638318745406 0
0.7330430626438168 0.05221806201733123 0
0.6358398520663677 -0.3017602507788206 0
-0.009194481643853862 -0.1801258992761058 0
0.04499534909627427 0.03941690171331071 0
0.3236274949913123 -0.08201576803906376 0
0.5042631817518759 -0.7281139770611961 0
0.7318701176774318 -0.4590958485071189 0
-1.647590833760373 2.041149559459097 0
0.8550254079683159 -0.04545322438176198 0
-0.001299940108502435 0.008508341116865029 0
0.01673100732100687 0.1064480232668178 0
0.8927440319355811 -0.150390749352026 0
1.792174256062174 -4.527087714494454 0
0.9901168099355577 0.02938316273153053 0
0.1433498445300335 -0.1110063612148697 0
-0.1010518995605492 0.3586441717287073 0
0.5037391720372698 0.1317213096195772 0
6.961625029345919 5.360413411219884 0
-0.7611810380283447 -2.300597179222249 0
0.3757977061129161 0.1710268686653152 0
1.037620614677651 0.04944061697331525 0
0.8093558576024165 -0.03328613978798667 0
4.715870071572378 -0.9861552917496088 0
0.9990821098240628 0.02381729896059741 0
2.331374329683278 -2.915709218752629 0
1.033299320716105 -0.005540691077920888 0
0.5938483745317764 -0.1068911533141921 0
0.2193327584201669 0.09730272798715489 0
0.3607071441553005 -0.2005344092466477 0
2.98498888532082 7.51121965129432 0
3.475484024490255 -0.5329105950975189 0
-0.6209692490361686 1.483917602165034 0
0.7050164796832784 0.04028074234659523 0
0.8913642173175673 0.1416799571838552 0
-1.987164295717975 0.8392408645712555 0
0.6878943063411362 -0.174989550583435 0
1.074832027816066 0.2307384250032571 0
0.9895304591761276 -0.02019208600648686 0
0.950896065526546 0.03529000663781404 0
3.891450570706568 -6.862079478518992 0
0.4230708570909195 0.3090260536882843 0
5.817957073513871 -5.703538091617028 0
0.8915809467199906 0.02367719627980282 0
-0.04817558172390993 0.5481224427408496 0
1.392656207635089 -2.867528123132325 0
-1.925336660923213 -1.212732011037632 0
0.5820293395065482 -0.05584754193694506 0
0.9713828404195136 -0.0115659430151425 0
1.090916126650053 -0.01729438680771413 0
-0.8844975879198295 -0.3020141757927026 0
1.023099409380588 0.8646205712168167 0
0.8043291426475268 -0.02774472918122456 0
1.877799340971563 6.18977176429056 0
0.2571590374905577 -0.06582200926773776 0
4.99378252921218 4.86165762321394 0
0.8584715821639797 -0.09494165989519726 0
0.6156625537185675 -0.05251671912388382 0
0.02221145252556629 -0.03036326851377356 0
3.153788516749332 -0.7138768041829353 0
0.6517623278626097 0.05554610397472584 0
0.1243801817511452 0.05345895949309726 0
4.302510848154006 7.004764107879954 0
0.1329183721512161 0.09324314823674969 0
2.989908515897361 2.804562272043492 0
0.134545801163466 -0.05990092100483387 0
0.9253828788974252 0.01935752173917122 0
-0.2195709140514517 -0.5744621281034457 0
0.05882611448028063 -0.05882103058386501 0
-0.01291797876601521 -0.04362845231598238 0
0.3891896958923249 -0.0698373351700886 0
3.303020041339621 2.13768956282413 0
0.7138889397925822 0.1830451129097893 0
0.4386077487534794 0.1230511548769278 0
-0.004913750261334709 0.01876631288082652 0
-0.3590601326985918 0.2730386989088133 0
2.000190513748944 1.895673658918173 0
0.6162219395754189 -0.2173083206960734 0
1.303980027023639 -0.4348969824243847 0
1.232685196054507 -0.208388744195308 0
-0.1664582578937457 0.7088937926645001 0
0.1181876065385506 0.360119700297804 0
-0.1014940635605209 -3.791641077004577 0
-0.2024628373000272 -3.572170135209455 0
-1.369252541114314 0.7635989541714736 0
0.7204274995457727 -0.04907357645139504 0
-0.009039717299398413 0.06171191233649546 0
-0.4079878657121049 0.2201090483640937 0
0.7291723789839331 -0.04303701025210184 0
-0.4273510077720485 -0.2746341508449985 0
0.99201719078798 -0.8528473159069679 0
0.718796004984293 -0.05567790749799245 0
0.9812270599790821 -0.04371275620708377 0
0.6943587824189852 -0.03956945167365675 0
0.3774994467383359 0.0900063769379767 0
7.115261627942347 -7.415433763145398 0
0.04694024841958754 -0.5398376429488387 0
1.010961069972634 2.076854434310081 0
0.3222132185382896 0.08093058687210772 0
0.6971620905613717 0.05358848687628836 0
-0.4695678264625385 2.175533159521155 0
-0.02335460663768461 -0.05393128974741728 0
1.102677924040703 0.4766626529883548 0
0.6440239590865223 -0.06809340685610282 0
1.14463671115074 1.336009971783915 0
0.0008864293998784698 0.01692520326116281 0
1.232457187810555 0.2401092760421615 0
0.9648471130018927 -0.1100952321254186 0
0.8303704266279776 1.926796688396798 0
1.082269664606384 -0.3413427253725704 0
-1.10860090703304 0.01283007868221387 0
1.597806924728191 5.675418601480927 0
6.450256346297234 -0.2638177388149843 0
0.004519548592347641 -0.01952342715083739 0
0.07252247470501362 0.04766319339414343 0
-2.042406686999968 0.2158947887062608 0
0.7640011988175381 -0.0641792372593404 0
0.8406764166795833 0.03049443052320907 0
0.002731807177423619 -0.01389913056484405 0
-1.214441672322235 1.872677725330268 0
1.093863467796553 0.2875621323215239 0
0.9036668790117677 -0.08680576614488106 0
0.5176858744029016 0.1333135638162157 0
0.3172111977156621 0.1552478571447694 0
0.1200370695942049 -0.06437629290704396 0
1.631225231283221 0.2761743555125172 0
0.6036034966301579 0.05309180116422613 0
0.7031744657578757 -0.09236121975924179 0
0.7984492915027522 0.04150765254469617 0
0.3661260834412657 0.3382366627153978 0
-2.205262836392146 0.09359472115676612 0
0.6937469474196529 0.07577167775114099 0
0.948823038878453 -0.1139201632030333 0
0.9573520272478248 -0.01566865661713363 0
0.72359543971296 0.0786259438960346 0
0.0601082974828302 0.1986559144992018 0
0.9031430175716646 0.1283204116694721 0
0.5870828820444104 0.07433574353657067 0
4.671930045664134 10.06697745942671 0
-1.721370040279418 1.912072366811424 0
1.552463498636953 0.93684583018545 0
0.8470468957890246 0.05827408483611163 0
0.680490416149219 0.1718852464891274 0
0.08458834024836961 -1.782874012221395 0
-0.0387841880813682 -0.01398471051939258 0
6.136084632935061 3.803715376340546 0
0.02302621095621758 0.04346001823718201 0
0.2343033877783473 -0.07129257676906445 0
0.1252673770055251 -0.1215642576524971 0
0.6695185578268363 0.7797527220321858 0
0.5346846138241546 -0.1761377170243211 0
0.6808705860885491 -0.04775412985908506 0
0.1099044005347858 0.06523220007214783 0
7.161629531485705 -9.214969582520657 0
2.089696605735524 6.720002446450063 0
0.1420089464755273 -0.1796588591884431 0
0.7501918343970813 -0.03929561653872049 0
0.6922049626371121 0.1110058719331472 0
0.02167387672113872 0.03974261142009477 0
0.02965880198434879 0.03744804758442256 0
3.494932913312934 -6.093683832372602 0
0.9553778177827136 -0.1533964344513238 0
7.569685814586224 -4.686323397711843 0
1.598674092657289 -1.243660808072633 0
0.1456082249881262 -0.279714472480355 0
1.141676991235182 0.3551183859175341 0
0.9596074965607978 0.02118279056184376 0
0.4247055126995 -1.103909751696363 0
0.1345344706602571 -0.1100645341418789 0
-0.6252717708474961 1.729152428751992 0
4.675021362791649 -5.050598578649069 0
0.3140851039811079 0.1059817232946622 0
2.290192463118983 -0.3375934470774662 0
0.01139260568899611 0.02334357062327112 0
1.622188745947899 -0.1365365670662844 0
0.9621982989081918 -0.2730259733913266 0
0.5793533067517005 -0.4129914096197349 0
1.025516009162456 0.003461140335524554 0
-0.2131640748318232 2.372931812291529 0
0.8507052112919166 -0.02931784963369324 0
0.8506791864904325 -0.3288550732771622 0
0.9825642780443552 -0.1979178032420174 0
1.138429906976246 0.1306963238114004 0
0.02242444364684272 2.691199223414171 0
0.1893521092090686 0.6304247665510185 0
0.816756512323737 -0.3639236280041447 0
0.2076502041695114 0.09858668482796221 0
0.3210307965404484 -0.3028990677485072 0
0.01950245464964655 -0.02913284064172067 0
1.402414566341556 -3.08082234346057 0
0.1851731519886089 -0.06172868741071965 0
-0.1198362086451666 0.8256209442801498 0
0.7500297080223507 0.03426394097576155 0
0.1537246673859282 -0.1041031343054002 0
0.9072990227613194 0.4047920666330752 0
0.7735842256786668 -0.1281104016491337 0
4.738429699755086 6.084015748675465 0
0.2928120655466369 -0.1297616813848857 0
0.9203860012297136 0.03797836774824351 0
0.02791247018612225 0.0317593693212104 0
-0.8625545685443977 0.5874006867287913 0
1.903984887826714 -1.246776963946402 0
0.9162046028141722 0.2565258922095093 0
1.092474144132304 0.8717817646261634 0
0.3302015291100947 0.1027398104914502 0
0.7697010378755236 0.03186745234981842 0
-0.3666753902426542 0.5835908307133914 0
-1.945164921006202 -1.104966194535802 0
0.09132903459791837 0.1299368143792136 0
0.9415521412862708 -0.01153067718669617 0
0.2135844283867009 0.7798745863149499 0
-1.567997995266603 -1.859087200645635 0
0.4803375011085324 0.0692116060681818 0
-0.3562522618814604 3.587228971929219 0
0.06512211161002045 0.0458674644680143 0
0.2876331321093622 2.76839588720169 0
0.4834858303530953 -0.06772255504523492 0
0.2674956531311489 -0.1554713024717012 0
0.9345124371380613 -0.03916372474135363 0
0.4251974631625636 -0.3863593481991492 0
0.5952451501148746 -0.06323127371080484 0
0.07900192646041138 -0.06018749270568961 0
0.4357971227830397 -0.132820864171232 0
2.196239017482444 3.125930055055993 0
0.6145209786610198 4.013535553831742 0
0.02824917509769806 0.1603157153149575 0
0.2616907960317788 -0.5819928520452798 0
0.03936077138833809 -0.03878004431525248 0
0.7784682828362832 0.3541632722484371 0
5.051800988534477 11.00156978171117 0
0.8513486403164112 0.02776044107233677 0
$EndNodes
$Elements
207 8931 1 8931
1 1 1 2
1 1 207 
2 207 2 
1 2 1 2
3 2 208 
4 208 3 
1 3 1 2
5 3 209 
6 209 4 
1 4 1 2
7 4 210 
8 210 5 
1 5 1 2
9 5 211 
10 211 6 
1 6 1 2
11 6 212 
12 212 7 
1 7 1 2
13 7 213 
14 213 8 
1 8 1 2
15 8 214 
16 214 9 
1 9 1 2
17 9 215 
18 215 10 
1 10 1 2
19 10 216 
20 216 11 
1 11 1 2
21 11 217 
22 217 12 
1 12 1 2
23 12 218 
24 218 13 
1 13 1 2
25 13 219 
26 219 14 
1 14 1 2
27 14 220 
28 220 15 
1 15 1 2
29 15 221 
30 221 16 
1 16 1 2
31 16 222 
32 222 17 
1 17 1 2
33 17 223 
34 223 18 
1 18 1 2
35 18 224 
36 224 19 
1 19 1 2
37 19 225 
38 225 20 
1 20 1 2
39 20 226 
40 226 21 
1 21 1 2
41 21 227 
42 227 22 
1 22 1 2
43 22 228 
44 228 23 
1 23 1 2
45 23 229 
46 229 24 
1 24 1 2
47 24 230 
48 230 25 
1 25 1 2
49 25 231 
50 231 26 
1 26 1 2
51 26 232 
52 232 27 
1 27 1 2
53 27 233 
54 233 28 
1 28 1 2
55 28 234 
56 234 29 
1 29 1 2
57 29 235 
58 235 30 
1 30 1 2
59 30 236 
60 236 31 
1 31 1 2
61 31 237 
62 237 32 
1 32 1 2
63 32 238 
64 238 33 
1 33 1 2
65 33 239 
66 239 34 
1 34 1 2
67 34 240 
68 240 35 
1 35 1 2
69 35 241 
70 241 36 
1 36 1 2
71 36 242 
72 242 37 
1 37 1 2
73 37 243 
74 243 38 
1 38 1 2
75 38 244 
76 244 39 
1 39 1 2
77 39 245 
78 245 40 
1 40 1 2
79 40 246 
80 246 41 
1 41 1 2
81 41 247 
82 247 42 
1 42 1 2
83 42 248 
84 248 43 
1 43 1 2
85 43 249 
86 249 44 
1 44 1 2
87 44 250 
88 250 45 
1 45 1 2
89 45 251 
90 251 46 
1 46 1 2
91 46 252 
92 252 47 
1 47 1 2
93 47 253 
94 253 48 
1 48 1 2
95 48 254 
96 254 49 
1 49 1 2
97 49 255 
98 255 50 
1 50 1 2
99 50 256 
100 256 51 
1 51 1 2
101 51 257 
102 257 52 
1 52 1 2
103 52 258 
104 258 53 
1 53 1 2
105 53 259 
106 259 54 
1 54 1 2
107 54 260 
108 260 55 
1 55 1 2
109 55 261 
110 261 56 
1 56 1 2
111 56 262 
112 262 57 
1 57 1 2
113 57 263 
114 263 58 
1 58 1 2
115 58 264 
116 264 59 
1 59 1 2
117 59 265 
118 265 60 
1 60 1 2
119 60 266 
120 266 61 
1 61 1 2
121 61 267 
122 267 62 
1 62 1 2
123 62 268 
124 268 63 
1 63 1 2
125 63 269 
126 269 64 
1 64 1 2
127 64 270 
128 270 65 
1 65 1 2
129 65 271 
130 271 66 
1 66 1 2
131 66 272 
132 272 67 
1 67 1 2
133 67 273 
134 273 68 
1 68 1 2
135 68 274 
136 274 69 
1 69 1 2
137 69 275 
138 275 70 
1 70 1 2
139 70 276 
140 276 71 
1 71 1 2
141 71 277 
142 277 72 
1 72 1 2
143 72 278 
144 278 73 
1 73 1 2
145 73 279 
146 279 74 
1 74 1 2
147 74 280 
148 280 75 
1 75 1 2
149 75 281 
150 281 76 
1 76 1 2
151 76 282 
152 282 77 
1 77 1 2
153 77 283 
154 283 78 
1 78 1 2
155 78 284 
156 284 79 
1 79 1 2
157 79 285 
158 285 80 
1 80 1 2
159 80 286 
160 286 81 
1 81 1 2
161 81 287 
162 287 82 
1 82 1 2
163 82 288 
164 288 83 
1 83 1 2
165 83 289 
166 289 84 
1 84 1 2
167 84 290 
168 290 85 
1 85 1 2
169 85 291 
170 291 86 
1 86 1 2
171 86 292 
172 292 87 
1 87 1 2
173 87 293 
174 293 88 
1 88 1 2
175 88 294 
176 294 89 
1 89 1 2
177 89 295 
178 295 90 
1 90 1 2
179 90 296 
180 296 91 
1 91 1 2
181 91 297 
182 297 92 
1 92 1 2
183 92 298 
184 298 93 
1 93 1 2
185 93 299 
186 299 94 
1 94 1 2
187 94 300 
188 300 95 
1 95 1 2
189 95 301 
190 301 96 
1 96 1 2
191 96 302 
192 302 97 
1 97 1 2
193 97 303 
194 303 98 
1 98 1 2
195 98 304 
196 304 99 
1 99 1 2
197 99 305 
198 305 100 
1 100 1 2
199 100 306 
200 306 101 
1 101 1 2
201 101 307 
202 307 102 
1 102 1 2
203 102 308 
204 308 103 
1 103 1 2
205 103 309 
206 309 104 
1 104 1 2
207 104 310 
208 310 105 
1 105 1 2
209 105 311 
210 311 106 
1 106 1 2
211 106 312 
212 312 107 
1 107 1 2
213 107 313 
214 313 108 
1 108 1 2
215 108 314 
216 314 109 
1 109 1 2
217 109 315 
218 315 110 
1 110 1 2
219 110 316 
220 316 111 
1 111 1 2
221 111 317 
222 317 112 
1 112 1 2
223 112 318 
224 318 113 
1 113 1 2
225 113 319 
226 319 114 
1 114 1 2
227 114 320 
228 320 115 
1 115 1 2
229 115 321 
230 321 116 
1 116 1 2
231 116 322 
232 322 117 
1 117 1 2
233 117 323 
234 323 118 
1 118 1 2
235 118 324 
236 324 119 
1 119 1 2
237 119 325 
238 325 120 
1 120 1 2
239 120 326 
240 326 121 
1 121 1 2
241 121 327 
242 327 122 
1 122 1 2
243 122 328 
244 328 123 
1 123 1 2
245 123 329 
246 329 124 
1 124 1 2
247 124 330 
248 330 125 
1 125 1 2
249 125 331 
250 331 126 
1 126 1 2
251 126 332 
252 332 127 
1 127 1 2
253 127 333 
254 333 128 
1 128 1 2
255 128 334 
256 334 129 
1 129 1 2
257 129 335 
258 335 130 
1 130 1 2
259 130 336 
260 336 131 
1 131 1 2
261 131 337 
262 337 132 
1 132 1 2
263 132 338 
264 338 133 
1 133 1 2
265 133 339 
266 339 134 
1 134 1 2
267 134 340 
268 340 135 
1 135 1 2
269 135 341 
270 341 136 
1 136 1 2
271 136 342 
272 342 137 
1 137 1 2
273 137 343 
274 343 138 
1 138 1 2
275 138 344 
276 344 139 
1 139 1 2
277 139 345 
278 345 140 
1 140 1 2
279 140 346 
280 346 141 
1 141 1 2
281 141 347 
282 347 142 
1 142 1 2
283 142 348 
284 348 143 
1 143 1 2
285 143 349 
286 349 144 
1 144 1 2
287 144 350 
288 350 145 
1 145 1 2
289 145 351 
290 351 146 
1 146 1 2
291 146 352 
292 352 147 
1 147 1 2
293 147 353 
294 353 148 
1 148 1 2
295 148 354 
296 354 149 
1 149 1 2
297 149 355 
298 355 150 
1 150 1 2
299 150 356 
300 356 151 
1 151 1 2
301 151 357 
302 357 152 
1 152 1 2
303 152 358 
304 358 153 
1 153 1 2
305 153 359 
306 359 154 
1 154 1 2
307 154 360 
308 360 155 
1 155 1 2
309 155 361 
310 361 156 
1 156 1 2
311 156 362 
312 362 157 
1 157 1 2
313 157 363 
314 363 158 
1 158 1 2
315 158 364 
316 364 159 
1 159 1 2
317 159 365 
318 365 160 
1 160 1 2
319 160 366 
320 366 161 
1 161 1 2
321 161 367 
322 367 162 
1 162 1 2
323 162 368 
324 368 163 
1 163 1 2
325 163 369 
326 369 164 
1 164 1 2
327 164 370 
328 370 165 
1 165 1 2
329 165 371 
330 371 166 
1 166 1 2
331 166 372 
332 372 167 
1 167 1 2
333 167 373 
334 373 168 
1 168 1 2
335 168 374 
336 374 169 
1 169 1 2
337 169 375 
338 375 170 
1 170 1 2
339 170 376 
340 376 171 
1 171 1 2
341 171 377 
342 377 172 
1 172 1 2
343 172 378 
344 378 173 
1 173 1 2
345 173 379 
346 379 174 
1 174 1 2
347 174 380 
348 380 175 
1 175 1 2
349 175 381 
350 381 176 
1 176 1 2
351 176 382 
352 382 177 
1 177 1 2
353 177 383 
354 383 178 
1 178 1 2
355 178 384 
356 384 179 
1 179 1 2
357 179 385 
358 385 180 
1 180 1 2
359 180 386 
360 386 181 
1 181 1 2
361 181 387 
362 387 182 
1 182 1 2
363 182 388 
364 388 183 
1 183 1 2
365 183 389 
366 389 184 
1 184 1 2
367 184 390 
368 390 185 
1 185 1 2
369 185 391 
370 391 186 
1 186 1 2
371 186 392 
372 392 187 
1 187 1 2
373 187 393 
374 393 188 
1 188 1 2
375 188 394 
376 394 189 
1 189 1 2
377 189 395 
378 395 190 
1 190 1 2
379 190 396 
380 396 191 
1 191 1 2
381 191 397 
382 397 192 
1 192 1 2
383 192 398 
384 398 193 
1 193 1 2
385 193 399 
386 399 194 
1 194 1 2
387 194 400 
388 400 195 
1 195 1 2
389 195 401 
390 401 196 
1 196 1 2
391 196 402 
392 402 197 
1 197 1 2
393 197 403 
394 403 198 
1 198 1 2
395 198 404 
396 404 1 
1 2203 1 26
397 199 405 
398 405 406 
399 406 407 
400 407 408 
401 408 409 
402 409 410 
403 410 411 
404 411 412 
405 412 413 
406 413 414 
407 414 415 
408 415 416 
409 416 417 
410 417 418 
411 418 419 
412 419 420 
413 420 421 
414 421 422 
415 422 423 
416 423 424 
417 424 425 
418 425 426 
419 426 427 
420 427 428 
421 428 429 
422 429 201 
1 2204 1 26
423 201 430 
424 430 431 
425 431 432 
426 432 433 
427 433 434 
428 434 435 
429 435 436 
430 436 437 
431 437 438 
432 438 439 
433 439 440 
434 440 441 
435 441 442 
436 442 443 
437 443 444 
438 444 445 
439 445 446 
440 446 447 
441 447 448 
442 448 449 
443 449 450 
444 450 451 
445 451 452 
446 452 453 
447 453 454 
448 454 200 
1 2211 1 8
449 202 455 
450 455 456 
451 456 457 
452 457 458 
453 458 459 
454 459 460 
455 460 461 
456 461 204 
1 2212 1 8
457 203 462 
458 462 463 
459 463 464 
460 464 465 
461 465 466 
462 466 467 
463 467 468 
464 468 204 
1 2230 1 22
465 202 469 
466 469 470 
467 470 471 
468 471 472 
469 472 473 
470 473 474 
471 474 475 
472 475 476 
473 476 477 
474 477 478 
475 478 479 
476 479 480 
477 480 481 
478 481 482 
479 482 483 
480 483 484 
481 484 485 
482 485 486 
483 486 487 
484 487 488 
485 488 489 
486 489 205 
1 2231 1 22
487 203 490 
488 490 491 
489 491 492 
490 492 493 
491 493 494 
492 494 495 
493 495 496 
494 496 497 
495 497 498 
496 498 499 
497 499 500 
498 500 501 
499 501 502 
500 502 503 
501 503 504 
502 504 505 
503 505 506 
504 506 507 
505 507 508 
506 508 509 
507 509 510 
508 510 206 
1 2232 1 46
509 199 511 
510 511 512 
511 512 513 
512 513 514 
513 514 515 
514 515 516 
515 516 517 
516 517 518 
517 518 519 
518 519 520 
519 520 521 
520 521 522 
521 522 523 
522 523 524 
523 524 525 
524 525 526 
525 526 527 
526 527 528 
527 528 529 
528 529 530 
529 530 531 
530 531 532 
531 532 533 
532 533 534 
533 534 535 
534 535 536 
535 536 537 
536 537 538 
537 538 539 
538 539 540 
539 540 541 
540 541 542 
541 542 543 
542 543 544 
543 544 545 
544 545 546 
545 546 547 
546 547 548 
547 548 549 
548 549 550 
549 550 551 
550 551 552 
551 552 553 
552 553 554 
553 554 555 
554 555 205 
1 2233 1 46
555 200 556 
556 556 557 
557 557 558 
558 558 559 
559 559 560 
560 560 561 
561 561 562 
562 562 563 
563 563 564 
564 564 565 
565 565 566 
566 566 567 
567 567 568 
568 568 569 
569 569 570 
570 570 571 
571 571 572 
572 572 573 
573 573 574 
574 574 575 
575 575 576 
576 576 577 
577 577 578 
578 578 579 
579 579 580 
580 580 581 
581 581 582 
582 582 583 
583 583 584 
584 584 585 
585 585 586 
586 586 587 
587 587 588 
588 588 589 
589 589 590 
590 590 591 
591 591 592 
592 592 593 
593 593 594 
594 594 595 
595 595 596 
596 596 597 
597 597 598 
598 598 599 
599 599 600 
600 600 206 
2 9 3 8331
601 1131 320 115 5605 
602 3990 4342 7651 5548 
603 5825 7394 4076 5827 
604 2734 2736 3868 5985 
605 4510 6379 3356 5865 
606 7710 1974 5063 6803 
607 7547 3827 7759 4776 
608 7272 678 7382 5934 
609 5422 6907 711 5425 
610 5593 5582 5592 3050 
611 4789 7772 4597 3592 
612 8223 5552 850 805 
613 5548 8452 4676 3990 
614 8207 1010 2076 5681 
615 3928 7897 5755 6260 
616 7717 8057 4836 4419 
617 1931 6195 4338 7291 
618 3395 4062 4665 3835 
619 7670 6333 6596 2352 
620 3893 5056 6168 5663 
621 7154 2895 7143 5846 
622 2352 6596 6598 7103 
623 716 6174 4662 5022 
624 6590 6589 6588 6541 
625 1313 5569 2576 1410 
626 2777 7597 5194 7088 
627 6808 4659 8320 2821 
628 6912 5949 6886 1890 
629 6642 6514 6641 6523 
630 4943 5267 5268 3720 
631 7990 5446 5809 1755 
632 4119 6836 2928 5126 
633 4816 1504 5205 4814 
634 3135 3838 5251 5252 
635 8284 6986 6159 4715 
636 4356 5458 1732 4884 
637 6587 4007 7448 6588 
638 8232 5058 1115 1045 
639 7422 6027 721 6264 
640 668 7099 5622 5623 
641 5070 6576 654 7601 
642 6036 3689 4133 6035 
643 7132 661 6855 4719 
644 2577 1378 1354 5343 
645 7754 887 8086 4813 
646 5197 2327 2328 4929 
647 6666 6370 5684 4706 
648 5821 4775 6628 2189 
649 6828 1647 5839 5925 
650 6572 7556 4893 6573 
651 3530 4334 7847 3409 
652 5849 7143 2895 7054 
653 2008 5019 6056 6577 
654 6812 4753 7610 2562 
655 4841 7901 4497 8107 
656 5311 3150 7173 5312 
657 4578 8020 4931 8353 
658 3353 6149 6412 6903 
659 4510 7208 6169 6379 
660 6292 5885 5683 4089 
661 6688 3151 8477 4808 
662 8184 2540 2537 6013 
663 8018 2381 6324 7415 
664 7902 3536 3423 4830 
665 7638 4515 4806 7738 
666 5692 5839 1647 6914 
667 3156 6245 6726 5192 
668 8033 2380 6736 4728 
669 4715 6159 7673 5403 
670 6463 7040 3039 2999 
671 8311 3806 5319 7134 
672 8152 4751 8436 3634 
673 7898 4875 6262 655 
674 7123 5091 5888 5900 
675 6460 5125 6367 2592 
676 5483 5484 613 6076 
677 1454 5760 1677 1565 
678 2185 2730 7656 4839 
679 2601 7289 4616 5466 
680 4124 6987 5717 5716 
681 3084 6597 6334 6774 
682 6094 2655 8177 4838 
683 6174 686 7376 4662 
684 3350 4989 4990 4087 
685 5641 3493 1063 5037 
686 5680 2076 5682 5678 
687 7127 4657 7502 1925 
688 3530 3678 8328 4334 
689 4806 7580 873 7738 
690 3020 5358 5101 3364 
691 415 6590 676 416 
692 7612 4555 7181 3673 
693 6944 641 6950 5229 
694 6967 5159 4698 4697 
695 6129 5456 2235 6380 
696 4491 7461 4489 7020 
697 2506 5174 7247 2887 
698 5011 2504 2502 6725 
699 5056 3893 3889 6196 
700 6957 974 972 5212 
701 7087 7405 5071 4674 
702 1118 8391 7227 4812 
703 5422 5420 7871 6907 
704 5016 7401 4205 4045 
705 2190 7378 5970 7245 
706 7885 5359 1185 5557 
707 2776 7081 8601 4873 
708 4324 5554 5555 4625 
709 4134 6039 674 5951 
710 4292 7359 7278 4669 
711 1462 4905 5083 3635 
712 5535 8178 4116 5534 
713 7538 4770 8100 635 
714 4181 7367 2903 6856 
715 5295 3970 3552 4859 
716 2579 8105 6091 7248 
717 4133 7096 1383 5287 
718 6399 7964 4443 4053 
719 7403 4684 6384 6551 
720 5456 4866 6163 2235 
721 855 850 5552 7136 
722 2062 2064 6273 7243 
723 7092 5874 7321 3263 
724 5178 5184 5733 5180 
725 5388 4783 8240 3933 
726 6211 1945 6531 5353 
727 6730 4488 4489 7461 
728 1848 1855 4044 5900 
729 5593 7803 5627 5582 
730 5484 5483 5482 4406 
731 1927 6546 4794 6348 
732 1842 7181 4555 7204 
733 6259 5744 8155 3839 
734 4132 3647 4822 5748 
735 7633 6425 4616 7289 
736 3075 3957 6151 7665 
737 3886 5359 7885 5812 
738 3319 6718 4190 6834 
739 3957 4749 6545 6151 
740 1 7584 4953 6908 
741 7828 4678 8249 6787 
742 6526 7444 8467 2561 
743 7842 2975 5314 6920 
744 5777 5776 7577 4640 
745 3086 6512 7585 5137 
746 5145 7838 4427 7410 
747 7135 6206 7511 2009 
748 6045 6046 7285 4187 
749 6667 4887 7611 1027 
750 6968 2883 7179 4847 
751 5218 5217 4464 7055 
752 6951 6340 5225 2851 
753 5202 2589 8423 5001 
754 6982 7678 3293 7110 
755 1552 7072 6009 6010 
756 7207 4808 7782 1498 
757 6022 4877 7173 3150 
758 7053 7582 5412 4306 
759 6211 5353 4425 4424 
760 4391 6186 898 7624 
761 6353 4829 7348 1542 
762 5669 4932 7587 1965 
763 7066 2826 2297 5478 
764 5015 4045 3303 5012 
765 4933 8297 4413 7277 
766 3930 5553 8456 5376 
767 5243 4844 6718 4226 
768 2568 2567 8238 4600 
769 7829 5102 6346 6451 
770 4661 8309 7724 7750 
771 3396 3967 5124 2926 
772 5219 901 7036 4856 
773 3019 6754 3979 5871 
774 1079 2254 5601 5600 
775 7280 7781 2958 4941 
776 5513 8315 4727 5511 
777 5982 5981 6790 5983 
778 7117 6363 2566 6991 
779 8231 3440 3439 5331 
780 6874 5524 7167 1110 
781 5296 8074 3971 3970 
782 8277 1595 1067 5349 
783 7769 8235 6036 6037 
784 1776 5737 3984 1834 
785 4729 4517 3339 5018 
786 8300 4378 4525 7899 
787 7829 6020 5099 5100 
788 4119 5126 5127 7464 
789 8489 5695 6509 6508 
790 2827 6249 7882 5028 
791 7362 7115 1544 7835 
792 4567 7213 4949 8204 
793 5910 5840 7485 3052 
794 3730 4948 3113 3114 
795 4827 3147 2742 5462 
796 6042 5581 7076 7075 
797 905 5205 1504 859 
798 5485 5484 4406 4407 
799 3477 5263 5261 5264 
800 5203 5758 4782 5204 
801 7532 4891 7056 6240 
802 6135 6608 7271 4335 
803 2491 1511 1512 6441 
804 7956 3672 7427 4705 
805 1536 5286 8193 4031 
806 7903 1367 8106 4793 
807 6446 8069 4805 7565 
808 6119 6048 7303 4430 
809 1281 5894 3160 1284 
810 7066 4920 7541 2826 
811 7775 5255 4178 4947 
812 4959 4478 7747 7858 
813 6362 4531 4530 8182 
814 2903 7367 5892 7736 
815 4379 6463 3119 6464 
816 3757 5297 4074 6795 
817 5506 7302 4093 3737 
818 7283 6985 2710 7863 
819 6349 3400 8226 4798 
820 7596 914 7711 6717 
821 6655 7435 1119 6937 
822 5085 5084 1363 2498 
823 3744 5346 1384 2057 
824 3449 6677 8365 5995 
825 605 6895 4831 7494 
826 1328 6960 6239 1422 
827 4292 7685 5745 7359 
828 6641 4913 4290 6992 
829 3616 3854 8010 5747 
830 3719 2862 2860 5170 
831 7151 5393 5395 6113 
832 1580 1741 5651 5780 
833 5740 5739 3643 6475 
834 1079 5600 1084 1081 
835 7076 5581 5583 7927 
836 4990 4989 4649 7877 
837 6301 607 7000 4865 
838 1589 5394 7944 1664 
839 5185 2437 2260 6401 
840 6710 4019 6483 4937 
841 4349 7106 1145 6190 
842 7453 2576 8139 6536 
843 5248 4148 4775 5822 
844 8329 4062 4063 4378 
845 5166 5167 5161 5162 
846 2678 2410 5902 8094 
847 6095 5971 7543 2218 
848 5172 6316 2423 2810 
849 8304 3785 6719 6017 
850 8417 5555 5554 4747 
851 7779 7293 5332 4233 
852 7924 6063 7382 678 
853 6655 8065 5608 7435 
854 2247 7747 4478 7617 
855 6924 6922 6923 4707 
856 4715 5403 2948 3996 
857 4431 5222 7687 4880 
858 7739 6208 7606 3848 
859 3537 6760 5277 7683 
860 2488 5025 4601 7558 
861 5024 7451 8051 5924 
862 5492 5039 5493 3667 
863 4114 5415 5414 8562 
864 1870 5665 8241 5216 
865 1731 8072 4819 8618 
866 7457 6106 8279 3478 
867 4071 3864 8439 4925 
868 6030 5676 5678 5682 
869 5528 5912 6291 3108 
870 5582 5572 1210 5592 
871 6919 3823 8133 5928 
872 7509 5985 5983 6790 
873 5274 5322 8220 5275 
874 6155 6219 4686 8441 
875 6644 4944 6660 1415 
876 6005 3371 6776 6289 
877 4815 8140 5764 6289 
878 5025 2488 2457 6255 
879 3761 7469 4876 6075 
880 7083 4396 5009 7489 
881 6035 4133 5287 7504 
882 6653 2507 8374 6138 
883 5055 3831 8420 6544 
884 5891 3160 5894 5893 
885 3034 3618 3799 3111 
886 3927 6176 2695 5248 
887 5477 5764 5763 6193 
888 6207 1390 6916 4940 
889 2563 2785 8383 5145 
890 3537 7683 7518 4735 
891 6828 5925 3505 6915 
892 7124 5294 2267 7125 
893 3720 5699 4308 4943 
894 5167 3368 2858 5161 
895 4509 6025 8003 4820 
896 7285 6046 8483 7011 
897 8525 5434 6205 4624 
898 7358 4551 8327 6415 
899 4615 5875 5870 7537 
900 5710 5709 6499 682 
901 2042 1258 1236 5206 
902 1824 7416 6223 7744 
903 2715 5411 4253 5357 
904 5989 7912 2709 2416 
905 1546 5364 7961 1608 
906 6529 6631 7276 4501 
907 2832 7200 5526 7389 
908 2729 2466 7270 7666 
909 2647 1177 1178 6336 
910 3664 5265 5266 4637 
911 1935 2031 8542 5607 
912 4204 5608 3897 7308 
913 6449 7068 3293 7678 
914 7732 3555 3334 3262 
915 7269 7481 4364 3620 
916 3618 4339 4708 3799 
917 2478 7130 4892 6251 
918 5639 5640 7987 3059 
919 3731 4338 5322 5274 
920 5841 5258 6702 964 
921 5677 5675 6444 3913 
922 5494 4263 8342 5916 
923 4130 3556 3667 5493 
924 7993 4939 8295 4361 
925 8180 1896 8214 4861 
926 7954 6006 2153 2147 
927 8372 4547 6108 6765 
928 4234 5997 5357 7112 
929 2717 6974 5852 3138 
930 5587 6258 7266 5590 
931 6210 1962 8463 4874 
932 692 7132 4719 7792 
933 4906 6276 662 7335 
934 6008 3406 7238 6010 
935 5873 5874 1239 3019 
936 7858 777 7752 4959 
937 2392 1641 1644 5370 
938 7907 4623 4621 7131 
939 7546 7545 1739 1686 
940 6076 6161 7483 5483 
941 6049 5334 7889 5338 
942 5878 1273 8224 3703 
943 5719 6560 2173 5303 
944 4115 3649 3083 5196 
945 4057 5547 6185 4789 
946 3719 5170 5171 8128 
947 1074 4000 6285 5057 
948 3241 4557 8271 3035 
949 4107 4228 7292 5950 
950 7340 1982 7904 6000 
951 4915 5304 7706 4811 
952 1775 1686 1586 1685 
953 6936 4850 7684 2795 
954 6609 7394 8118 3825 
955 2699 5704 5706 5762 
956 7837 6783 5156 2557 
957 6724 4849 8090 2417 
958 3248 2778 2390 5187 
959 1433 6726 6245 1559 
960 5659 5660 6271 663 
961 5240 2202 2198 5239 
962 3906 6757 4110 5486 
963 6397 3603 7777 4826 
964 5788 5789 6871 6204 
965 6916 6789 5481 4940 
966 8333 5519 5518 4904 
967 4789 3592 3032 3591 
968 3328 5026 8040 5027 
969 2474 6052 8294 5139 
970 5606 5123 2363 2361 
971 5641 5037 7027 5036 
972 6933 5243 7353 650 
973 6920 3951 8291 4820 
974 6639 3965 7247 5174 
975 6733 5079 8542 2031 
976 6493 4833 7619 2981 
977 5363 5362 1640 3721 
978 3822 5464 5465 7830 
979 1798 1801 7663 5330 
980 1895 1710 1712 5644 
981 6277 2624 7340 6000 
982 5416 8035 4494 7705 
983 4545 7579 2611 7433 
984 5119 6229 3130 5117 
985 5159 5086 4700 4698 
986 3592 4597 4755 3859 
987 5716 3739 5715 5714 
988 7820 1470 6495 5073 
989 3810 3807 8311 4917 
990 6759 4303 6993 5224 
991 7963 5066 4368 7477 
992 5379 5380 5901 8607 
993 1781 2044 5142 4800 
994 4446 4445 7659 5143 
995 2445 8009 5064 4854 
996 6122 688 8073 5741 
997 7895 4711 8113 756 
998 7867 5021 7156 622 
999 6248 6237 7790 2384 
1000 3810 4916 5304 4915 
1001 4936 6996 7876 7356 
1002 6240 7056 1422 6239 
1003 8156 5789 7200 2832 
1004 3002 2515 5324 5323 
1005 5760 2351 5759 5686 
1006 6435 3779 7629 5337 
1007 6460 5124 3967 5125 
1008 1676 5325 7959 5737 
1009 8185 5945 7314 696 
1010 3663 5311 5312 4554 
1011 5911 5865 3356 7344 
1012 3786 5099 6020 4465 
1013 4259 1786 1788 5241 
1014 1246 5525 2220 1248 
1015 7196 6994 5723 5722 
1016 7367 4181 6675 5897 
1017 5570 6810 7042 5571 
1018 5032 5031 8378 3910 
1019 754 5938 4354 5406 
1020 892 6990 5881 5882 
1021 7660 3754 7699 6146 
1022 2008 7970 5834 5019 
1023 2345 5522 4625 7836 
1024 1755 5809 1665 1666 
1025 6385 624 8334 5273 
1026 3860 5061 7846 3863 
1027 4796 700 6276 4906 
1028 4393 7700 5563 5562 
1029 5600 5599 5598 1084 
1030 2969 6567 4799 3587 
1031 3994 4057 4789 3591 
1032 7557 5409 7406 2494 
1033 2159 2151 7953 5867 
1034 2835 4991 7571 3544 
1035 6697 4359 4221 5708 
1036 8099 5818 5149 5375 
1037 5335 3668 6963 5336 
1038 5151 1872 1852 5150 
1039 4903 4901 6249 2827 
1040 1365 5238 8106 1367 
1041 4916 6520 7400 5304 
1042 5987 5988 7982 5978 
1043 5094 7021 2916 2914 
1044 3128 5387 1176 1174 
1045 8492 5696 3397 3726 
1046 1897 5360 7680 5443 
1047 8113 4711 5318 8465 
1048 3561 3562 3791 5309 
1049 5081 2426 7156 5021 
1050 1516 1543 6113 5395 
1051 6321 4109 6354 8066 
1052 5141 642 5269 5267 
1053 2812 5348 6157 2350 
1054 3295 7026 4958 6615 
1055 5372 3930 5376 5384 
1056 1897 2101 2102 1907 
1057 5400 6449 5729 4056 
1058 5384 5385 8597 2793 
1059 6138 6139 1179 6653 
1060 2101 2563 2565 2102 
1061 966 2123 5258 5841 
1062 4894 4183 5273 8334 
1063 4629 8086 891 7775 
1064 5671 3902 3159 8234 
1065 2527 8344 5133 5226 
1066 6757 3906 8465 5318 
1067 7041 4212 7507 6830 
1068 1987 4667 2340 1940 
1069 3875 4880 3310 3309 
1070 6129 7767 4768 4769 
1071 5392 5391 1521 3956 
1072 7690 6715 7786 4170 
1073 4873 4046 7325 4176 
1074 2410 2678 2679 2409 
1075 1781 4800 6314 1966 
1076 5708 4221 5707 5378 
1077 5384 2793 6869 5372 
1078 6558 2692 8528 5144 
1079 7774 1350 7437 5300 
1080 7060 7059 2958 7781 
1081 6519 5120 7368 6648 
1082 4388 5664 2189 6628 
1083 4720 1555 6753 7408 
1084 5921 4725 6224 5918 
1085 1752 5149 5818 1114 
1086 1457 1458 8596 5048 
1087 2791 7295 6880 7111 
1088 7218 5203 5097 7566 
1089 1326 6232 4907 7943 
1090 405 199 6125 7312 
1091 4306 5412 1297 2262 
1092 1639 1837 5545 5544 
1093 5398 7622 4297 4161 
1094 5660 7589 699 6271 
1095 3654 3652 4388 6628 
1096 8162 7005 7004 4612 
1097 685 4910 4249 6873 
1098 3106 5026 2283 2285 
1099 5547 7909 8610 1316 
1100 2178 5781 7478 4935 
1101 6093 5038 8568 2654 
1102 7634 4550 4661 7750 
1103 1150 5335 5336 2105 
1104 4207 4205 7401 6391 
1105 5666 7082 4590 5759 
1106 2345 6023 3801 5522 
1107 6053 7057 3263 7321 
1108 7410 2565 2563 5145 
1109 2424 2183 1895 6293 
1110 8276 7363 7720 3117 
1111 6647 5055 6544 1744 
1112 5054 5733 5184 7849 
1113 6408 6647 1744 6784 
1114 5092 3660 3333 3332 
1115 6392 2404 8616 5855 
1116 2665 2112 2111 5294 
1117 4859 3552 2978 3553 
1118 5778 698 6576 5070 
1119 5539 5344 3272 3275 
1120 4756 4101 7046 5439 
1121 6423 7351 7042 6272 
1122 2897 7268 4371 7252 
1123 6350 5059 6767 4332 
1124 7955 3127 8332 7241 
1125 6604 6603 7238 4222 
1126 5285 6420 7051 4238 
1127 5057 6285 7455 2255 
1128 2051 5093 8298 2393 
1129 6772 3284 8251 4718 
1130 4350 3900 7968 4511 
1131 8512 638 7598 5289 
1132 956 5813 3983 5538 
1133 8425 6768 2281 3328 
1134 3059 2329 2331 5639 
1135 6722 4765 8429 5160 
1136 4071 4922 4923 4921 
1137 6625 4980 7916 2115 
1138 8063 5743 7770 3519 
1139 4355 7607 3508 6929 
1140 6865 4012 8451 5069 
1141 1396 1386 1381 5138 
1142 4966 4969 7300 5074 
1143 6734 8043 3914 7730 
1144 6908 4953 4952 4923 
1145 3607 5617 7398 5619 
1146 7536 7711 914 6928 
1147 5052 4122 5471 7873 
1148 3415 5887 7587 4932 
1149 7852 7591 7888 3152 
1150 664 4777 7759 5993 
1151 5273 4756 8212 7226 
1152 4743 4821 7751 7521 
1153 4068 6872 4487 6888 
1154 917 5249 2695 935 
1155 4880 3875 4430 4431 
1156 5067 3764 3762 5066 
1157 3130 5116 5118 5117 
1158 2106 5361 1496 1531 
1159 4868 4700 5086 4869 
1160 4796 4797 8195 5520 
1161 3229 3968 5430 5429 
1162 6341 6465 7101 4834 
1163 7284 2255 7455 4992 
1164 5001 8423 4944 4565 
1165 7982 5988 7602 2010 
1166 1899 6381 5556 1901 
1167 1920 8350 6015 1830 
1168 5791 2854 1147 5807 
1169 3976 6064 6065 3980 
1170 8492 5121 8486 5696 
1171 1343 5386 8316 6728 
1172 6310 5014 5188 5432 
1173 3895 5672 6785 4784 
1174 7331 3673 2026 8054 
1175 1263 1287 1290 1264 
1176 4646 2226 2792 7559 
1177 5406 5407 8472 754 
1178 3265 3365 3481 3266 
1179 4101 4183 4893 3365 
1180 2869 7985 4973 4972 
1181 2190 7377 5943 7378 
1182 2185 4839 6404 4730 
1183 1130 5784 6678 1440 
1184 2131 2129 2128 2130 
1185 8091 3665 3495 5158 
1186 6963 5604 5810 4147 
1187 4189 5706 3431 3432 
1188 5169 8189 6189 5168 
1189 1068 6246 5758 1125 
1190 6317 7175 2104 7923 
1191 6753 7385 5466 7408 
1192 5776 5777 3187 5775 
1193 6731 5053 7849 2986 
1194 4196 7022 4646 7559 
1195 816 3960 8575 5509 
1196 5635 3212 3213 5634 
1197 7258 4863 8526 919 
1198 8153 6214 2498 5087 
1199 8053 5919 5920 6027 
1200 2709 3265 3266 3264 
1201 2125 2126 2128 2127 
1202 7687 4881 3310 4880 
1203 5209 6413 2249 8064 
1204 5026 3328 2281 2283 
1205 3894 5864 4229 3669 
1206 98 6995 1782 303 
1207 2477 2476 2569 2567 
1208 3536 3422 2569 3423 
1209 3305 5909 4163 5191 
1210 4714 5446 7990 5447 
1211 1589 1526 5391 5394 
1212 7526 680 6118 5326 
1213 3402 3421 5814 3401 
1214 5601 7940 5599 5600 
1215 7902 4407 4406 3536 
1216 3051 5558 2059 2061 
1217 1447 5006 5007 5005 
1218 1907 1884 1885 1897 
1219 7301 5832 7578 6954 
1220 8301 5833 7896 4852 
1221 5525 7104 7167 5524 
1222 4709 5390 5389 3981 
1223 2416 2709 3264 2415 
1224 3068 8603 5817 2801 
1225 39 6134 6812 244 
1226 3514 5369 8174 6930 
1227 5791 5807 8125 5793 
1228 6026 5705 6186 4391 
1229 7535 4892 7130 5104 
1230 8395 1636 7577 5776 
1231 3849 5131 7471 4394 
1232 7414 5485 7415 6324 
1233 1897 1885 1887 5360 
1234 5021 3977 3888 5081 
1235 5284 5285 7731 6281 
1236 7510 5673 5606 7063 
1237 4329 3805 8274 5382 
1238 5634 5633 8541 5636 
1239 4045 5015 8288 5016 
1240 6345 3238 5354 5355 
1241 5172 2810 6041 7686 
1242 4918 4916 3810 4917 
1243 7641 7627 5930 5650 
1244 3919 8202 4836 8057 
1245 2544 2546 2547 2545 
1246 2435 7392 4669 7278 
1247 5441 8615 8313 5295 
1248 469 202 5442 660 
1249 7405 1924 8270 5071 
1250 8216 5132 5074 7300 
1251 6406 8168 6280 3142 
1252 1877 1878 2194 1876 
1253 4644 3733 3333 3660 
1254 1236 1258 1259 1257 
1255 4723 4417 4020 3797 
1256 3365 4893 7556 3481 
1257 5868 5870 5875 5869 
1258 4875 7402 697 6262 
1259 7368 5117 5118 5122 
1260 5382 8274 5901 5381 
1261 8456 5553 733 1121 
1262 6268 4748 4417 4723 
1263 1441 1428 1447 5005 
1264 2026 2016 2018 5518 
1265 7680 4069 7178 5443 
1266 1391 5087 1366 1368 
1267 985 987 991 5464 
1268 5169 5168 3368 5167 
1269 5438 3854 3617 7030 
1270 2546 2751 2752 2547 
1271 5593 3050 1216 5594 
1272 5448 4583 4563 4561 
1273 6328 5610 8278 1111 
1274 2920 7430 4735 7518 
1275 2172 1294 1271 5878 
1276 1878 2544 2545 2194 
1277 916 5381 907 903 
1278 6817 5500 5501 6818 
1279 4951 3410 2122 1471 
1280 8051 6012 5923 5924 
1281 6941 7863 2710 7013 
1282 8231 4560 4559 3440 
1283 1213 1207 1205 5823 
1284 7467 4818 8114 1440 
1285 948 953 7387 5303 
1286 7155 6739 684 5929 
1287 2246 5719 5303 7387 
1288 5110 3127 1302 2405 
1289 5631 4157 3458 3459 
1290 5904 5858 8186 5771 
1291 2389 8264 5908 5435 
1292 3032 3031 3994 3591 
1293 3565 5347 8127 5348 
1294 2544 1878 1879 5017 
1295 5151 1944 1873 1872 
1296 6119 7409 4427 4426 
1297 5190 7009 2580 6884 
1298 5280 997 998 999 
1299 4583 5448 7613 7549 
1300 2474 5139 2469 2467 
1301 7947 2604 7698 5882 
1302 752 5474 748 749 
1303 667 5663 6168 6279 
1304 3840 4605 7844 5088 
1305 5971 6095 5962 6841 
1306 8272 4192 4191 6846 
1307 4978 4974 4972 4973 
1308 7199 6799 8256 3503 
1309 7313 5189 7444 6526 
1310 4818 5835 8511 8114 
1311 2835 2522 2524 4991 
1312 5989 2522 2835 3331 
1313 506 721 6027 5920 
1314 1413 6438 8413 1409 
1315 5578 5575 5573 5627 
1316 8326 5002 4581 6433 
1317 3036 5980 7982 7035 
1318 5046 5047 7506 5114 
1319 3552 3970 3971 3554 
1320 8468 5463 1827 6057 
1321 7431 998 980 5596 
1322 3275 5597 8254 5539 
1323 6207 4940 4287 4286 
1324 3127 5110 6996 8332 
1325 7303 8062 4431 4430 
1326 3149 5225 6340 3943 
1327 5133 4570 6644 5226 
1328 3978 6857 4404 5136 
1329 4727 3878 3022 5511 
1330 2096 2093 2095 5561 
1331 2643 2928 6836 5246 
1332 4913 3346 2635 6550 
1333 8386 2039 2038 5157 
1334 6285 4000 8237 5221 
1335 5650 5649 650 7353 
1336 2637 2636 4019 6710 
1337 6253 1299 6258 5587 
1338 7652 4592 4613 5089 
1339 3165 5850 5851 3167 
1340 974 6957 4360 7715 
1341 2663 2568 4600 2759 
1342 3663 2937 2774 5311 
1343 5046 1457 5048 5047 
1344 2117 2112 2665 4960 
1345 6615 4958 7053 4306 
1346 8500 3304 7047 4184 
1347 1445 1334 8536 4889 
1348 4960 2869 2336 2117 
1349 1826 2030 2681 5366 
1350 3241 3249 8339 3497 
1351 7485 5618 8117 3052 
1352 8288 1851 6497 5016 
1353 2365 5598 5599 4150 
1354 5218 4307 8500 5217 
1355 4832 7101 5876 4092 
1356 1561 2107 2108 2106 
1357 3107 3108 6291 8250 
1358 4406 4405 3422 3536 
1359 4625 5522 3804 4154 
1360 7571 4991 2660 8181 
1361 2488 7558 8331 5130 
1362 2173 5475 943 946 
1363 8164 6694 2604 7947 
1364 5527 6874 1110 6892 
1365 1572 3674 5535 5534 
1366 4708 4085 3800 3799 
1367 5778 4462 7335 5779 
1368 1416 1417 1454 1453 
1369 8286 2985 2653 2983 
1370 2557 2533 2535 4949 
1371 1989 3041 4527 3086 
1372 6110 2449 2541 8587 
1373 1002 1004 1014 1003 
1374 2978 3552 3554 2977 
1375 4760 5440 3574 3575 
1376 5116 2696 2402 3062 
1377 8386 5493 5039 2039 
1378 5150 5155 8036 5152 
1379 7094 7343 4214 7070 
1380 2548 2795 2796 2549 
1381 1506 1425 1241 5903 
1382 2124 1071 1114 5818 
1383 5309 4671 4670 3561 
1384 1453 1454 1565 1564 
1385 2700 3439 3440 3438 
1386 5273 4183 4101 4756 
1387 4565 4563 4583 5001 
1388 5604 799 798 5810 
1389 7525 5112 8104 1400 
1390 6031 2463 2475 8464 
1391 5536 725 724 660 
1392 5602 1344 1345 1346 
1393 3007 3644 5378 5707 
1394 1831 1834 2087 2086 
1395 5584 5583 5577 5578 
1396 2374 2376 2377 2375 
1397 5573 2229 1215 5572 
1398 7009 5190 8448 705 
1399 1003 1001 1000 1002 
1400 18 224 7265 6195 
1401 4270 5347 3565 3567 
1402 7568 5780 4343 8021 
1403 7172 7051 3218 6741 
1404 3331 2835 3544 3332 
1405 3791 5308 7892 5309 
1406 5247 4017 3908 4016 
1407 1907 5402 1881 1884 
1408 5294 2111 2114 2267 
1409 5319 3806 2940 2868 
1410 3114 3401 4374 3730 
1411 2306 7326 8032 2304 
1412 4546 5320 737 7102 
1413 1293 5349 1067 1124 
1414 4823 4788 3835 4665 
1415 4263 5494 3601 3604 
1416 2643 5246 2618 2620 
1417 983 3822 8324 7482 
1418 2372 1865 1867 5215 
1419 3763 4368 5066 3762 
1420 5274 3709 3708 3731 
1421 2268 5082 7125 2267 
1422 2321 2322 2755 2727 
1423 614 5306 7148 7147 
1424 8581 5206 1144 7249 
1425 7373 3092 7514 6308 
1426 4446 5143 2044 7545 
1427 7917 7657 5261 3771 
1428 7745 4824 4788 4823 
1429 5155 5150 1852 1853 
1430 1741 1994 2728 5651 
1431 5072 4962 4963 4965 
1432 5666 1417 1416 1405 
1433 5987 5978 5977 5956 
1434 4049 6402 3542 6040 
1435 8159 5783 7764 683 
1436 5229 6950 7992 5228 
1437 5334 6049 1198 6162 
1438 5374 4224 4102 5373 
1439 4191 3580 3579 4152 
1440 5838 2322 2321 2319 
1441 3706 3708 3709 3707 
1442 6013 2615 2700 3438 
1443 7298 4255 8495 5029 
1444 5594 1216 1217 1218 
1445 1697 5063 1974 1695 
1446 2880 3437 8622 3232 
1447 2526 2660 4991 2524 
1448 1859 1860 3713 1858 
1449 7923 5632 7765 4689 
1450 6800 879 876 5276 
1451 1441 1413 1414 1428 
1452 5658 4946 8130 6054 
1453 810 7161 4864 7258 
1454 787 5298 781 783 
1455 5694 3967 3396 3966 
1456 5063 1697 1766 2046 
1457 2762 2842 2843 2764 
1458 6759 5224 1230 5223 
1459 4660 6997 833 5281 
1460 6575 1395 7880 6116 
1461 5131 3849 3228 3850 
1462 3671 4691 8141 5436 
1463 7658 5144 4155 4156 
1464 2228 4060 5008 4059 
1465 5446 4714 3996 3997 
1466 4398 3924 3300 4252 
1467 5230 3516 2755 3053 
1468 5092 4645 4644 3660 
1469 999 1779 8627 5280 
1470 818 820 1069 4930 
1471 5252 3064 2680 3135 
1472 6301 4865 3783 4244 
1473 5859 3058 7631 8347 
1474 5820 5065 4267 4264 
1475 5350 7880 1395 6484 
1476 3005 6070 4790 3735 
1477 5157 2167 2502 2504 
1478 6421 2851 2248 2215 
1479 8576 5051 7094 1260 
1480 2548 2549 6057 2429 
1481 6702 4280 7886 5843 
1482 2070 2061 2060 2062 
1483 4142 5829 5830 4144 
1484 5266 5265 3477 5264 
1485 2061 2059 2058 2060 
1486 4908 4670 7878 5340 
1487 5105 2083 2046 1766 
1488 2319 1942 1791 1793 
1489 2778 3248 5012 2970 
1490 1586 1497 8626 1685 
1491 2901 5436 3407 2899 
1492 7504 5287 5084 5085 
1493 7142 5242 7870 4168 
1494 5232 5230 3271 5231 
1495 4909 3883 3649 4115 
1496 5225 3149 2701 2348 
1497 8473 7397 1396 5138 
1498 5449 4854 4760 4761 
1499 3309 3515 3876 3875 
1500 5645 1349 1348 1347 
1501 2387 7401 5016 6497 
1502 4462 3345 3246 5540 
1503 2341 1969 1813 6450 
1504 2533 2557 5156 2531 
1505 5847 3884 3043 5848 
1506 7314 5945 7601 654 
1507 5028 2553 2555 2827 
1508 5565 1967 7048 5505 
1509 6801 5964 5963 5972 
1510 1574 5534 4116 5533 
1511 2372 5215 8162 6344 
1512 7853 625 7253 6090 
1513 1944 2213 2215 1946 
1514 5438 7030 5305 7860 
1515 2644 2926 2928 2643 
1516 5215 1867 1869 1870 
1517 4826 5916 1667 6397 
1518 2463 2461 5130 2475 
1519 6969 4879 7663 1801 
1520 2122 1467 1469 1471 
1521 4996 7542 7148 4999 
1522 2816 2814 7133 5319 
1523 5932 8590 4790 6070 
1524 1879 5402 8122 5017 
1525 2598 2601 5466 7385 
1526 5275 3711 3709 5274 
1527 2801 2802 3069 3068 
1528 1872 1855 1848 1852 
1529 5088 3816 3343 3576 
1530 2840 5689 8510 3281 
1531 2529 4931 2660 2526 
1532 7084 6337 4017 5247 
1533 4258 4003 4064 5193 
1534 2850 7523 6677 3449 
1535 5543 1750 1639 5544 
1536 8162 5216 8241 7005 
1537 2348 2248 2851 5225 
1538 6991 8527 4993 4247 
1539 5287 1383 1361 5084 
1540 4737 1493 1494 4736 
1541 3248 5013 5015 5012 
1542 7267 7268 7595 1244 
1543 4792 3946 3338 5866 
1544 2125 2021 1071 2124 
1545 3410 4951 8014 4156 
1546 5817 3700 3699 3697 
1547 4805 5640 5811 7565 
1548 2059 2057 1388 2058 
1549 2591 6580 6275 7404 
1550 3303 4045 4205 3962 
1551 4760 4855 8340 5440 
1552 1363 1366 5087 2498 
1553 5436 2901 3161 3671 
1554 1384 5346 1404 1380 
1555 3163 2907 2908 4358 
1556 5624 5158 3495 3985 
1557 8476 2078 2077 5883 
1558 1417 5666 5759 2351 
1559 7032 7774 5300 4473 
1560 6667 5135 8247 3826 
1561 5048 5049 7506 5047 
1562 808 919 6736 806 
1563 7386 6395 5129 8191 
1564 4000 1074 1044 1122 
1565 3944 3942 4432 5208 
1566 5671 8234 7793 2575 
1567 2405 3110 4009 5110 
1568 5184 5178 2839 5177 
1569 5450 3736 3061 3028 
1570 5869 3979 1763 5868 
1571 4843 6041 3190 3780 
1572 4778 3596 2195 6015 
1573 2106 1531 1532 1561 
1574 7174 5114 7506 3155 
1575 4260 3858 2586 3857 
1576 3783 5455 3682 3610 
1577 2136 2135 2134 2133 
1578 3857 2586 1101 2365 
1579 4389 3780 3781 5283 
1580 4877 6022 2746 3718 
1581 5223 1226 2946 3077 
1582 4305 2262 2172 3480 
1583 2869 6988 8377 2336 
1584 3942 3715 2701 3149 
1585 5598 2365 1101 1087 
1586 4126 7851 5476 7425 
1587 5223 1224 1219 1226 
1588 7320 6640 7599 4412 
1589 1344 1186 1182 1343 
1590 7766 5030 8306 2738 
1591 4520 4521 7449 7791 
1592 2977 2760 2663 2759 
1593 2715 2174 1288 2175 
1594 2772 2353 6120 2789 
1595 2937 3663 3770 3025 
1596 2799 2798 2802 2801 
1597 5632 787 790 791 
1598 7488 5146 7799 1338 
1599 2932 5824 2725 2706 
1600 2730 2185 2081 2602 
1601 6197 6965 8550 2090 
1602 5465 5464 991 5463 
1603 4519 4520 5547 4057 
1604 4129 3349 3350 4087 
1605 2742 3147 3718 2746 
1606 3396 2926 2644 2927 
1607 2767 3150 5311 2774 
1608 1343 1182 1180 5386 
1609 5157 2038 2040 2167 
1610 5177 2480 2481 2986 
1611 3445 4286 4287 3444 
1612 7860 1163 5437 5438 
1613 6228 5081 3888 4828 
1614 1216 1212 1207 1213 
1615 693 5442 202 455 
1616 978 980 998 997 
1617 959 958 955 957 
1618 4659 5281 833 8320 
1619 5975 5960 5959 5958 
1620 2262 1297 1294 2172 
1621 4649 3829 3830 4592 
1622 963 962 960 961 
1623 7557 5283 5284 5409 
1624 7652 7233 629 7877 
1625 3966 3396 2927 3397 
1626 2133 2132 2129 2131 
1627 1457 5046 1447 1448 
1628 5613 5616 5839 5692 
1629 3423 3425 3974 4830 
1630 3884 5847 7143 5849 
1631 3888 4827 7805 4828 
1632 4227 3523 6710 4937 
1633 3439 2700 6183 3441 
1634 6352 6593 6573 4894 
1635 3408 3249 3242 3250 
1636 1997 7861 4673 8044 
1637 5702 3964 3392 5701 
1638 1834 1831 1777 1776 
1639 1109 6610 4546 7102 
1640 5256 970 972 974 
1641 5223 1230 1225 1224 
1642 6827 6252 8126 4602 
1643 3011 1513 1439 5278 
1644 3019 5871 5872 5873 
1645 3082 6056 5019 3741 
1646 4387 8192 6168 5056 
1647 8305 3678 3679 3844 
1648 5624 6126 8467 5158 
1649 1350 1349 6077 1351 
1650 5379 1599 932 926 
1651 2480 5177 2839 2347 
1652 6801 5972 7186 7122 
1653 5369 3514 6824 6931 
1654 7878 2388 7445 5340 
1655 2577 1381 1379 1378 
1656 5130 2459 2457 2488 
1657 5153 5151 5150 5152 
1658 1895 2183 2184 2182 
1659 1771 1773 7181 1842 
1660 793 791 790 792 
1661 6421 5020 6951 2851 
1662 1312 1409 8413 6864 
1663 8118 5826 8441 4686 
1664 2036 1545 1546 1608 
1665 1259 1258 2042 1261 
1666 1302 3127 7955 5080 
1667 5639 2331 2333 5637 
1668 8148 3366 5700 8249 
1669 5224 1233 1231 1230 
1670 5174 2506 2193 5173 
1671 2708 5160 2447 2444 
1672 4049 6040 7254 6230 
1673 1233 5224 6993 1273 
1674 7204 5375 5149 1842 
1675 3108 6861 7036 5528 
1676 8358 7248 4974 4978 
1677 5389 2146 3545 3981 
1678 3559 4908 8553 3427 
1679 5359 3886 1192 1188 
1680 6853 5648 691 5930 
1681 5187 5014 5013 3248 
1682 647 7391 5078 7421 
1683 4087 4990 8448 5190 
1684 1377 5624 4091 5625 
1685 5006 7307 8041 5007 
1686 2183 2423 2425 2184 
1687 3069 3071 3445 3444 
1688 5461 4769 4771 7050 
1689 3618 7707 5725 4339 
1690 8302 1408 1406 5521 
1691 3610 3611 4244 3783 
1692 8302 5278 1439 1408 
1693 2506 2887 8538 2886 
1694 2257 2258 2260 2259 
1695 6265 720 5923 6012 
1696 5367 1709 1895 2182 
1697 770 768 5612 5691 
1698 5511 5512 5514 5513 
1699 797 5472 7215 1653 
1700 3122 3120 2885 2884 
1701 4086 4085 5782 6164 
1702 5958 5955 5954 5974 
1703 5931 1731 1726 1728 
1704 2858 3368 5170 2860 
1705 3002 5323 4051 5566 
1706 783 785 790 787 
1707 5097 5096 5095 3407 
1708 5099 3786 3501 3364 
1709 5380 5379 926 924 
1710 2923 5339 2442 2440 
1711 970 5256 2123 968 
1712 3309 3038 3018 3308 
1713 8474 6764 1753 5288 
1714 5074 5132 7820 5073 
1715 4465 4464 4184 3786 
1716 4903 2827 2555 8599 
1717 975 5211 5213 5212 
1718 3665 3066 3067 3495 
1719 1203 1200 1197 5338 
1720 4838 3609 2439 6094 
1721 3597 2197 2195 3596 
1722 1766 1767 1785 5105 
1723 975 978 997 5211 
1724 5458 1720 1722 1732 
1725 5260 3771 3121 3120 
1726 2163 7555 7941 2162 
1727 3692 3574 5440 3693 
1728 5407 5406 5404 5405 
1729 3721 1640 1641 2392 
1730 2256 8357 6112 5802 
1731 2425 3095 5161 2856 
1732 6110 3573 2659 2454 
1733 3736 5450 8406 4757 
1734 3597 3598 3600 3599 
1735 1594 7915 5077 6153 
1736 7360 4793 4774 7370 
1737 3979 5869 5872 5871 
1738 3599 3600 3604 3601 
1739 5163 5164 5166 5162 
1740 6622 5468 3104 2368 
1741 1436 1475 7388 5806 
1742 5317 5179 5178 5180 
1743 4064 5194 7597 5193 
1744 2923 3609 3611 3610 
1745 2376 2396 4611 2721 
1746 1827 5463 991 993 
1747 5355 5354 5356 5371 
1748 2685 2687 2881 5095 
1749 3857 5526 7200 4260 
1750 8283 6132 7763 2496 
1751 1521 5391 1526 1523 
1752 3238 2941 3719 5354 
1753 4224 3360 3361 4102 
1754 3570 3189 3187 5777 
1755 5721 5299 6761 1592 
1756 3561 4670 4908 3559 
1757 3970 5295 8313 5296 
1758 1445 4889 8626 1497 
1759 2492 3722 5721 5723 
1760 3975 5494 5916 4826 
1761 4900 3947 3946 4791 
1762 3604 3606 4523 4263 
1763 2659 3573 3575 3574 
1764 3879 5237 8244 5915 
1765 5245 4058 3924 5244 
1766 2031 1935 1936 1995 
1767 3816 5597 3276 3343 
1768 6443 7242 6621 2338 
1769 2984 3349 5233 2983 
1770 4851 1598 8301 4852 
1771 3287 5898 4337 5480 
1772 8247 5135 1025 7372 
1773 6188 5383 5531 8273 
1774 3227 3113 4948 3631 
1775 5453 5452 1714 1778 
1776 2319 5328 5329 5838 
1777 5516 4207 6391 5517 
1778 1058 6637 8144 1054 
1779 5299 5721 3722 3724 
1780 3575 4759 4761 4760 
1781 3730 4754 8172 4948 
1782 4860 5441 5295 4859 
1783 6091 6090 4977 4976 
1784 1901 5556 1948 1903 
1785 5542 5543 5544 5603 
1786 3020 2727 2755 5358 
1787 2930 5751 2325 2324 
1788 5845 5844 1508 3891 
1789 8618 5628 1726 1731 
1790 5572 5582 5627 5573 
1791 5931 1730 1734 5888 
1792 5656 2105 5336 5337 
1793 5317 5182 5181 5179 
1794 757 760 2349 6069 
1795 3602 3601 5494 3975 
1796 5612 768 767 766 
1797 3731 4265 7291 4338 
1798 1501 736 734 6001 
1799 8538 4997 3228 2886 
1800 717 6224 5113 7305 
1801 4671 5309 7892 6081 
1802 5337 5336 6963 6435 
1803 3878 2912 2656 3022 
1804 4255 3664 4637 4393 
1805 7488 1338 1323 1321 
1806 2869 4960 8504 7985 
1807 997 5280 5213 5211 
1808 2234 2233 2656 2655 
1809 2842 6250 8351 2843 
1810 1977 1492 6622 2368 
1811 5290 5291 5292 3767 
1812 4053 4443 5308 3793 
1813 2046 6538 6803 5063 
1814 948 5303 2173 946 
1815 5088 3576 3577 3840 
1816 1709 5367 1671 1673 
1817 974 7715 8337 5256 
1818 2785 2563 2101 2564 
1819 3933 4257 5389 5388 
1820 2404 6392 6143 6769 
1821 4062 3395 7040 4063 
1822 5955 5958 5959 5957 
1823 3022 3852 5512 5511 
1824 7372 8213 8565 4450 
1825 5796 5805 5799 5794 
1826 1424 6217 1035 1117 
1827 2440 2439 3609 2923 
1828 5730 1100 1094 5729 
1829 2798 6202 3070 2802 
1830 924 913 907 5380 
1831 7829 5100 5101 5102 
1832 6674 8595 1173 1169 
1833 7323 8128 5171 7529 
1834 5578 5577 5576 5575 
1835 5391 5392 5568 5394 
1836 2752 2751 8469 5532 
1837 4866 4865 7000 6163 
1838 3249 3241 3240 3242 
1839 3179 5904 5771 3638 
1840 6454 5183 5182 7505 
1841 7506 5049 8222 7138 
1842 785 6127 3941 790 
1843 4449 7462 6278 6277 
1844 5758 5203 7218 1125 
1845 4152 3579 4123 5383 
1846 4722 5565 5505 5564 
1847 5583 5581 5580 5577 
1848 876 877 5277 5276 
1849 1621 5744 6259 1623 
1850 3947 3617 3338 3946 
1851 2194 5665 1871 1876 
1852 4115 5196 8104 5112 
1853 4574 4706 5684 4576 
1854 5248 5822 6548 3927 
1855 5931 5090 8072 1731 
1856 3762 3097 6288 3763 
1857 890 901 5219 895 
1858 6184 2181 8574 6172 
1859 8252 6260 6259 8158 
1860 4533 3878 4727 4726 
1861 1105 1036 1033 1032 
1862 1943 1805 1806 1807 
1863 1471 1472 1493 4951 
1864 5151 2214 2213 1944 
1865 8213 7372 1040 1115 
1866 8232 1045 1046 1048 
1867 5903 7146 7154 5846 
1868 3213 3453 5633 5634 
1869 649 435 434 6088 
1870 3746 3761 6075 5662 
1871 8082 5189 7313 609 
1872 1133 5604 6963 3668 
1873 7234 5103 8402 3516 
1874 2553 5028 2228 2552 
1875 4381 7635 4819 8072 
1876 759 761 762 760 
1877 5064 4855 4760 4854 
1878 6460 5127 5126 5124 
1879 5320 7884 8456 1121 
1880 5325 1676 1677 1679 
1881 5369 6931 7926 5370 
1882 2564 2101 1897 5443 
1883 5754 1822 1627 5753 
1884 1776 1675 1676 5737 
1885 7045 2269 8414 5313 
1886 3944 5208 8548 5209 
1887 5665 1870 1869 1871 
1888 7999 4315 6062 6063 
1889 2137 2136 3545 2146 
1890 8549 1860 1859 1861 
1891 606 6964 5563 7700 
1892 7403 4681 4683 4684 
1893 1967 5565 8376 7139 
1894 1848 1849 1853 1852 
1895 3821 8199 5324 7649 
1896 1318 1479 3099 5715 
1897 3425 3427 8553 3974 
1898 3018 3038 8469 2751 
1899 5070 3824 3787 5778 
1900 3986 4091 5624 3985 
1901 4966 5074 5073 4965 
1902 3977 5021 7867 4878 
1903 5299 5300 7437 6761 
1904 2372 1864 1863 1865 
1905 5539 5345 5231 5344 
1906 905 3146 8140 5205 
1907 5288 1753 1666 1663 
1908 5263 3477 3476 3125 
1909 5544 5545 8123 5603 
1910 5268 8349 3675 3720 
1911 5535 3674 5986 6905 
1912 5339 2923 3610 3682 
1913 4331 8245 6924 4707 
1914 4432 3942 3149 3943 
1915 4809 3811 4915 4811 
1916 1115 1040 1041 1045 
1917 1863 1864 5207 1861 
1918 2363 5123 4656 3629 
1919 2929 3360 5196 3083 
1920 2051 2054 2084 5093 
1921 4930 3960 816 818 
1922 2647 5667 3348 2750 
1923 5335 1150 1149 1137 
1924 1853 1857 1858 5155 
1925 7885 3118 8112 5236 
1926 734 736 737 735 
1927 4014 8583 4835 6006 
1928 2110 2109 2114 2111 
1929 1920 7489 5009 8350 
1930 4264 3694 3692 3693 
1931 4525 4378 4063 4379 
1932 2726 6186 5705 8210 
1933 4461 5495 3087 3375 
1934 6786 2738 2125 2127 
1935 4632 2976 2377 7317 
1936 5819 4350 6781 6858 
1937 8474 5288 2257 2259 
1938 6070 5738 1702 5932 
1939 5362 1551 1607 1640 
1940 6183 2618 5246 8517 
1941 3891 5846 7143 5845 
1942 4333 5491 7796 7517 
1943 7468 2906 7413 5401 
1944 7369 5195 7511 4322 
1945 5470 4596 4215 3687 
1946 2123 966 967 968 
1947 4071 4925 7725 4922 
1948 3908 3232 8622 4016 
1949 787 5632 7923 5298 
1950 2139 2137 2146 5396 
1951 3975 4441 4442 3976 
1952 5116 3130 3129 2696 
1953 7957 4869 5086 8348 
1954 5841 963 965 966 
1955 3112 5321 5905 5785 
1956 5237 4731 8106 5238 
1957 6116 7880 5350 5814 
1958 741 740 739 738 
1959 736 738 739 737 
1960 5080 1293 1301 1302 
1961 7209 4713 3662 3335 
1962 4374 4753 4754 3730 
1963 2021 1069 1070 1071 
1964 2409 2328 2407 2408 
1965 5095 5096 8490 2685 
1966 5559 5560 7733 3912 
1967 3682 7050 8002 5339 
1968 5156 8353 4931 2529 
1969 1564 5570 3473 1453 
1970 5404 3013 2717 3138 
1971 7961 5365 8034 2040 
1972 3950 3635 5083 3951 
1973 4913 3921 3922 4290 
1974 5760 5686 8368 7672 
1975 3339 4517 3641 3126 
1976 7479 646 8263 5148 
1977 5230 3053 3054 3271 
1978 1074 5057 1078 1075 
1979 6762 6970 7865 3869 
1980 3838 3135 3136 3304 
1981 4576 5684 8580 4579 
1982 1163 1159 1157 5437 
1983 3804 4153 4323 4154 
1984 2224 5867 4792 5866 
1985 5429 5430 8382 4477 
1986 555 7420 7491 554 
1987 600 599 7492 7419 
1988 5814 5350 4374 3401 
1989 743 742 740 741 
1990 5656 1152 1150 2105 
1991 1561 4122 6539 2107 
1992 2345 2079 1972 6023 
1993 5442 693 7531 7773 
1994 7979 4978 4973 4979 
1995 3391 7784 5754 7795 
1996 6121 6033 8397 689 
1997 2655 6094 2237 2234 
1998 5324 8199 4050 5323 
1999 5564 4006 4721 4722 
2000 4383 1785 1786 4259 
2001 5805 5796 5798 5800 
2002 5455 3783 4865 4866 
2003 2198 2197 3597 5239 
2004 5675 5674 1502 6444 
2005 5890 3656 1487 5889 
2006 5853 1088 1087 1101 
2007 3131 8080 8443 6477 
2008 2880 2752 5532 3437 
2009 3693 4304 5820 4264 
2010 3190 3217 3781 3780 
2011 8421 8284 4714 5447 
2012 5656 5337 7629 5657 
2013 1290 1287 1313 1312 
2014 5987 5962 6095 5988 
2015 7553 4385 8561 5827 
2016 2751 2546 6457 3018 
2017 5290 3767 3766 3712 
2018 5114 5006 1447 5046 
2019 953 948 951 952 
2020 2382 2605 3087 2758 
2021 1714 5452 5644 1712 
2022 7787 4345 7269 7936 
2023 3411 3410 4156 4155 
2024 3718 3147 4827 3888 
2025 2758 3087 5495 3329 
2026 3816 5088 7844 5175 
2027 5445 3769 3896 3897 
2028 5343 1354 1356 1357 
2029 1574 5533 1690 1575 
2030 2981 2773 2772 6493 
2031 4768 6212 635 8100 
2032 2842 2762 6311 8097 
2033 2203 2233 2234 2205 
2034 3395 3835 7732 3262 
2035 2245 2355 2797 2356 
2036 1648 1758 1971 1759 
2037 1504 4816 4837 4817 
2038 1536 1538 1545 5286 
2039 3408 4548 8339 3249 
2040 5793 5794 5799 5792 
2041 3875 3876 6119 4430 
2042 3122 7800 5183 6984 
2043 2810 2423 2183 2424 
2044 3441 3458 5331 3439 
2045 5497 5504 7638 1031 
2046 1178 1176 5387 1180 
2047 5533 4116 2266 2265 
2048 6018 6019 7824 4055 
2049 4323 4324 4625 4154 
2050 2476 2473 2471 2472 
2051 6350 4332 3837 3836 
2052 1387 1394 7196 5722 
2053 5720 5504 5497 5498 
2054 3068 3069 3444 5214 
2055 1113 2360 8125 5807 
2056 4416 5746 4286 3445 
2057 4708 8129 5782 4085 
2058 3850 4999 7148 5306 
2059 6244 5996 8246 4803 
2060 271 66 2235 6163 
2061 2680 3064 3065 2623 
2062 3997 4344 5809 5446 
2063 5328 1797 5330 5329 
2064 1239 5874 7092 1237 
2065 8542 4825 3704 5607 
2066 4761 4763 4770 5449 
2067 2716 5333 5334 6162 
2068 5676 6030 1142 2972 
2069 3700 4731 5237 3699 
2070 7654 6136 4429 8083 
2071 764 766 767 765 
2072 6123 5289 7598 695 
2073 4056 1090 1088 5853 
2074 3999 3736 4757 4493 
2075 3165 3884 5849 5850 
2076 2277 6078 740 742 
2077 7112 3701 7749 5321 
2078 4656 5123 5606 5673 
2079 4298 5042 7306 7620 
2080 6274 6275 6580 1411 
2081 6771 1282 6770 5254 
2082 5497 1031 869 867 
2083 1383 1359 1360 1361 
2084 5084 1361 1362 1363 
2085 4955 5828 7996 637 
2086 2720 3113 3227 2719 
2087 2908 4507 7563 5310 
2088 3105 3104 5468 3686 
2089 3574 3692 6255 2659 
2090 4425 5353 5352 5351 
2091 5240 8572 6109 2202 
2092 5603 6646 2082 5542 
2093 5553 731 732 733 
2094 8435 5341 8537 7977 
2095 1592 5722 5723 5721 
2096 5161 3095 5163 5162 
2097 4817 853 859 1504 
2098 2376 2374 6344 2396 
2099 4775 5821 6548 5822 
2100 5406 4354 3533 5404 
2101 5455 5461 7050 3682 
2102 5902 2410 2411 2412 
2103 2082 2005 2003 5542 
2104 7141 5939 2657 7015 
2105 1702 5738 1683 1684 
2106 2399 5198 3062 2402 
2107 4307 5250 5251 3838 
2108 2353 2772 2773 2354 
2109 1391 1368 1369 1370 
2110 729 727 725 728 
2111 1404 1374 1375 1380 
2112 1203 3622 5823 1205 
2113 1907 4108 8122 5402 
2114 4965 5073 6495 5072 
2115 2976 2385 2378 2377 
2116 1000 1001 1779 999 
2117 6052 2474 6031 6051 
2118 1247 5717 6987 1141 
2119 2156 2153 6006 4835 
2120 6342 4518 3641 4517 
2121 6546 6201 7191 4795 
2122 1312 1313 1410 1409 
2123 2162 2156 4835 2163 
2124 2197 2196 1938 2195 
2125 6114 4675 3795 3626 
2126 5970 5969 5967 5966 
2127 3635 1461 1460 1462 
2128 2201 2202 6109 2203 
2129 7894 4885 3795 4675 
2130 3770 3663 4554 4553 
2131 2057 1384 1385 1388 
2132 6037 6036 6035 3768 
2133 4971 4969 4968 4970 
2134 3453 3455 4278 5633 
2135 3195 4293 4294 3820 
2136 2424 3023 6041 2810 
2137 5635 5637 2333 3212 
2138 1156 1155 5510 1157 
2139 962 963 5841 964 
2140 5667 4614 3882 3348 
2141 6800 5276 8290 4179 
2142 1565 1675 1678 1564 
2143 5403 2946 2947 2948 
2144 5558 3744 2057 2059 
2145 7704 4046 3330 3329 
2146 5212 972 973 975 
2147 2260 2437 2438 2259 
2148 2188 865 864 863 
2149 3996 2948 2949 3009 
2150 4084 5747 1491 5657 
2151 7192 4794 4483 3357 
2152 1219 1224 1225 1218 
2153 5817 2803 2799 2801 
2154 4273 5912 4630 4275 
2155 5475 1286 941 943 
2156 907 5381 5901 5380 
2157 1036 1105 8323 7217 
2158 4055 3051 2061 2070 
2159 1895 1709 1682 1710 
2160 4208 5516 5515 4422 
2161 3687 3686 5469 5470 
2162 5206 1236 1235 1144 
2163 7299 5467 4677 5220 
2164 5586 5587 5590 5584 
2165 1152 1151 1149 1150 
2166 5586 7246 1906 7475 
2167 867 865 2188 5497 
2168 4008 4413 8297 4009 
2169 5838 5329 7875 7441 
2170 1460 1461 8596 1458 
2171 2262 4305 6615 4306 
2172 1155 1229 1153 1154 
2173 1843 1690 5533 2265 
2174 5985 3868 6905 5984 
2175 5262 6114 3258 3837 
2176 1233 1273 5878 1271 
2177 8223 805 797 1653 
2178 5713 3959 3463 5711 
2179 5955 2176 1308 5954 
2180 3421 6115 8461 5814 
2181 800 801 5810 798 
2182 5237 3879 3698 3699 
2183 2695 5249 8498 4840 
2184 6874 4293 5523 5524 
2185 1827 1056 5906 2428 
2186 1663 1664 2257 5288 
2187 1347 1348 1939 1346 
2188 4122 1561 1532 5471 
2189 7807 5250 7609 1768 
2190 8069 1229 7755 5220 
2191 3256 3836 3837 3258 
2192 4741 4742 5487 3918 
2193 4259 5241 8535 7379 
2194 5602 3118 1186 1344 
2195 6218 6326 2271 6187 
2196 4656 4653 3630 3629 
2197 1549 5362 5363 5364 
2198 1409 1410 1414 1413 
2199 2290 2293 8427 6683 
2200 1354 1378 1379 1352 
2201 5705 6026 3390 3964 
2202 5657 1491 1154 5656 
2203 6209 4171 7567 8521 
2204 1153 1152 5656 1154 
2205 5328 1794 1796 1797 
2206 5620 3400 2864 3398 
2207 6563 7452 4501 4500 
2208 3968 3828 4807 5507 
2209 5241 1788 1790 1791 
2210 6193 5763 921 939 
2211 1832 1831 2086 5173 
2212 5018 3339 3855 3856 
2213 1027 1020 1023 6667 
2214 2753 4109 8197 1335 
2215 3899 3048 6153 5077 
2216 5487 4742 5489 5488 
2217 1133 3668 5335 1135 
2218 1506 5903 5846 3891 
2219 3120 3122 6984 5260 
2220 5368 1670 1646 1671 
2221 768 770 771 769 
2222 5412 1298 1295 1297 
2223 3034 2785 2564 2786 
2224 3917 3918 4343 3916 
2225 1916 1918 1991 5595 
2226 6060 6059 6058 3743 
2227 5486 2395 2312 3906 
2228 1357 1359 1383 5342 
2229 2986 2481 2483 6731 
2230 3699 3698 3696 3697 
2231 5429 3205 3210 3229 
2232 5790 5791 5793 5792 
2233 3773 3828 3968 3229 
2234 2104 779 780 781 
2235 1294 1272 1234 1271 
2236 4289 6966 6826 6959 
2237 6455 2854 5490 5489 
2238 1464 1466 1469 1467 
2239 6772 4718 4719 6855 
2240 660 724 470 469 
2241 1271 1234 1231 1233 
2242 1297 1295 1272 1294 
2243 7710 7959 5325 1974 
2244 5186 2390 2386 2385 
2245 2559 5937 1706 1708 
2246 3064 3300 3301 3065 
2247 745 746 6144 744 
2248 1846 1847 5888 1734 
2249 4183 4894 6573 4893 
2250 2653 7121 2984 2983 
2251 1087 1085 1084 5598 
2252 1589 1664 1663 1590 
2253 1695 1974 5325 1679 
2254 684 6003 7778 6066 
2255 5308 3791 3792 3793 
2256 8379 5772 8579 1632 
2257 5510 1155 1154 1491 
2258 3631 4247 4248 3632 
2259 5490 2854 5791 5790 
2260 3714 5854 6392 5855 
2261 6054 4140 2485 5658 
2262 6411 2141 2140 2139 
2263 2018 2690 4904 5518 
2264 3696 2803 5817 3697 
2265 3889 3893 4585 3890 
2266 2437 2884 2885 2438 
2267 6011 3421 3402 3420 
2268 3518 3919 8057 3292 
2269 5961 5960 5968 5963 
2270 771 770 774 772 
2271 5981 5982 1557 6299 
2272 4799 4030 2210 6566 
2273 6018 4055 2070 6061 
2274 7186 5972 7295 2791 
2275 1428 1429 1448 1447 
2276 2076 5680 6008 5681 
2277 3300 3924 4058 3301 
2278 720 485 484 5923 
2279 5802 6845 7466 2256 
2280 8040 5026 3106 6918 
2281 1526 1589 1590 1528 
2282 5390 4709 8362 7137 
2283 2705 3889 3890 2932 
2284 5179 6401 2839 5178 
2285 2079 2077 1973 1972 
2286 2031 1995 2050 6733 
2287 4040 5933 4035 4037 
2288 6380 3683 7767 6129 
2289 5938 5609 3892 4354 
2290 5564 5505 5194 4064 
2291 4854 5449 6418 2445 
2292 2665 4961 8504 4960 
2293 3673 2015 2016 2026 
2294 5831 6032 3306 4144 
2295 6127 6525 5943 3941 
2296 5396 7797 6411 2139 
2297 2043 1937 2206 6986 
2298 5640 5639 5637 5638 
2299 3644 3007 3005 3735 
2300 1298 1320 1321 1300 
2301 2790 5868 1763 1765 
2302 1910 1911 8502 1892 
2303 5932 1702 1703 1704 
2304 8535 2739 7735 7379 
2305 1169 1173 1174 1172 
2306 6252 6827 690 5647 
2307 5653 3384 3386 4390 
2308 924 926 927 925 
2309 6578 3497 8339 4549 
2310 5097 5203 5204 5096 
2311 2503 2963 6725 2502 
2312 4447 6274 1411 6661 
2313 1310 5674 2972 1255 
2314 5699 7184 3615 4308 
2315 3960 4930 8306 5030 
2316 2990 2988 2317 2989 
2317 4944 4568 4566 4565 
2318 1693 6432 1509 1583 
2319 3264 5902 2412 2415 
2320 3384 5653 5652 3382 
2321 3619 3489 7333 3620 
2322 8525 5435 5433 5434 
2323 731 5553 3930 3313 
2324 7353 4225 7641 5650 
2325 1423 1596 6331 6547 
2326 2928 2926 5124 5126 
2327 3461 3252 4025 6034 
2328 5724 2819 3546 4113 
2329 1603 1604 1684 1683 
2330 6155 5595 2988 6219 
2331 4799 6566 2359 7073 
2332 5174 5173 2086 6639 
2333 1192 1194 1195 1193 
2334 5659 4387 3578 3690 
2335 5983 1654 1567 5982 
2336 891 885 884 883 
2337 5012 3303 3302 2970 
2338 3169 5851 6143 4077 
2339 3690 3578 2930 2951 
2340 5554 4324 4829 6353 
2341 1207 1206 1204 1205 
2342 5363 5365 7961 5364 
2343 4769 5461 5456 6129 
2344 956 5538 8005 7336 
2345 760 757 758 759 
2346 6800 881 880 879 
2347 7239 6744 714 7159 
2348 1001 5417 8359 1779 
2349 1752 1771 1842 5149 
2350 3601 3602 6303 3599 
2351 5974 5954 1120 5976 
2352 5786 4242 3327 6339 
2353 1346 1939 7814 5602 
2354 5255 883 882 881 
2355 6609 3825 3824 4395 
2356 5729 1092 1090 4056 
2357 7141 4217 4703 5939 
2358 4501 3856 4499 4500 
2359 1192 1191 1190 1188 
2360 673 474 473 5992 
2361 3095 6316 5172 5163 
2362 3455 3758 4688 4278 
2363 2899 3407 5095 2881 
2364 1675 1776 1777 1678 
2365 5892 5890 5889 5891 
2366 4763 4766 8100 4770 
2367 752 749 750 751 
2368 1159 1158 1156 1157 
2369 3719 2941 2863 2862 
2370 5158 8467 7444 8091 
2371 7112 5321 3112 4234 
2372 5161 2858 2857 2856 
2373 4265 3731 3708 3732 
2374 472 664 5993 5991 
2375 5703 5701 3394 3995 
2376 8615 5441 7275 2314 
2377 5629 429 428 657 
2378 4366 3656 5890 5897 
2379 6441 7668 7840 6153 
2380 5912 5528 4945 4630 
2381 5065 5820 6263 2397 
2382 1182 1181 1178 1180 
2383 4003 4001 1122 4002 
2384 4915 3811 3809 3810 
2385 4817 851 852 853 
2386 4102 4586 8046 5373 
2387 2429 2430 2550 2548 
2388 2951 2930 2324 2326 
2389 2727 3020 3021 2739 
2390 7775 891 883 5255 
2391 5976 6943 8573 5974 
2392 3705 3704 4825 3706 
2393 5989 2416 2418 2419 
2394 6084 432 431 656 
2395 5575 5574 2229 5573 
2396 2506 2886 3144 2837 
2397 8477 4807 4428 4808 
2398 2886 3228 3615 3144 
2399 7577 4861 4639 4640 
2400 5674 1310 1478 1502 
2401 2081 2185 4730 2080 
2402 3020 3364 3501 3021 
2403 4851 5909 6357 4853 
2404 4247 4993 4994 4248 
2405 1703 1702 1684 1701 
2406 2908 5310 4314 5413 
2407 6235 2744 6804 5697 
2408 6693 7315 5873 5872 
2409 6111 6112 7760 7484 
2410 7824 6019 7906 3747 
2411 2467 2465 6031 2474 
2412 3228 3849 4308 3615 
2413 2141 2149 7012 2143 
2414 1212 1208 1206 1207 
2415 1515 1514 1512 1513 
2416 3017 3675 3676 3016 
2417 3985 3495 3067 3496 
2418 4406 5482 7231 4405 
2419 5515 4424 4423 4422 
2420 3849 4394 4943 4308 
2421 2095 2272 5548 5561 
2422 1050 1052 6190 1145 
2423 8500 4184 4464 5217 
2424 1386 1382 1379 1381 
2425 5133 4574 4573 4571 
2426 6895 605 7164 5734 
2427 5660 5659 3690 3745 
2428 1619 1617 1998 5742 
2429 2146 5389 4257 5396 
2430 4010 2806 2666 2667 
2431 6088 6086 8121 6089 
2432 5778 3787 3345 4462 
2433 1161 1160 1158 1159 
2434 5857 3714 5855 5856 
2435 2317 2988 5595 1991 
2436 1881 1883 1885 1884 
2437 5664 1613 1611 2189 
2438 6399 4053 4054 4288 
2439 5794 5795 5797 5796 
2440 4394 5141 5267 4943 
2441 1244 7476 7477 7267 
2442 5649 5650 5930 691 
2443 2224 5866 3338 2748 
2444 1205 1204 1202 1203 
2445 4807 3828 3773 4428 
2446 3712 3711 5275 5290 
2447 6114 5262 7894 4675 
2448 424 651 6107 425 
2449 1349 1350 7774 1348 
2450 5647 648 6549 6252 
2451 6945 7950 4596 7835 
2452 1832 5173 2193 2192 
2453 3150 2767 2747 6022 
2454 8567 4832 7619 4833 
2455 4980 6625 6364 4971 
2456 1164 1162 1160 1161 
2457 5933 6062 4033 4035 
2458 2804 7052 5953 7474 
2459 5697 5312 7173 5698 
2460 2553 2554 2556 2555 
2461 658 512 513 5926 
2462 659 5929 558 557 
2463 2189 1611 1609 5821 
2464 6141 1098 1096 5732 
2465 5593 5594 7171 8236 
2466 4927 3844 3845 3847 
2467 1925 1926 1929 7127 
2468 4436 4265 3732 4435 
2469 6092 427 426 710 
2470 2665 5294 7124 4961 
2471 6342 4517 4729 6236 
2472 3313 3930 5372 3929 
2473 2963 2964 4123 3579 
2474 2521 2522 5989 2419 
2475 1919 1913 2103 5825 
2476 3398 4032 5623 5620 
2477 1065 1595 7027 5037 
2478 4352 7508 7631 3058 
2479 5647 690 467 466 
2480 5649 691 459 460 
2481 6933 650 461 204 
2482 5787 648 465 464 
2483 5648 647 457 458 
2484 1168 1167 1165 1166 
2485 5227 5228 7992 675 
2486 7358 6415 7012 2149 
2487 4552 5881 3434 3436 
2488 5604 1133 1132 799 
2489 3550 6138 8374 4786 
2490 5917 5918 6224 717 
2491 6150 420 419 646 
2492 4945 901 890 7754 
2493 4003 4004 5564 4064 
2494 6478 1562 1736 6014 
2495 7421 5078 7531 693 
2496 7281 6936 2550 3139 
2497 4809 3815 3813 3811 
2498 1015 1020 1021 1014 
2499 3693 5440 8340 4304 
2500 2050 1995 1936 1996 
2501 708 201 429 5629 
2502 8159 4724 4725 5783 
2503 3100 3463 3959 3099 
2504 6674 1169 1167 1168 
2505 3252 3461 3462 3460 
2506 2415 2412 2413 2414 
2507 727 726 724 725 
2508 5076 7562 2175 2226 
2509 3058 5859 3090 3057 
2510 6303 8605 5240 5239 
2511 3745 3690 2951 3691 
2512 2428 2429 6057 1827 
2513 3464 3465 5711 3463 
2514 4102 4103 4587 4586 
2515 3345 3787 3788 3608 
2516 6342 4834 8567 4518 
2517 1487 1427 5896 5889 
2518 435 649 6133 436 
2519 1393 1387 1382 1386 
2520 5496 5176 3816 5175 
2521 2393 2050 1996 2051 
2522 3246 3345 3608 2990 
2523 8298 5093 4059 5098 
2524 2096 6197 2090 2091 
2525 3253 3594 5366 2681 
2526 2072 2074 7079 2071 
2527 4530 4334 8328 5948 
2528 5474 2312 1016 748 
2529 729 731 3313 730 
2530 4800 5142 8487 5611 
2531 4352 3058 3057 3056 
2532 939 940 942 941 
2533 3202 3205 5429 4477 
2534 7798 5271 8296 3830 
2535 5526 3857 2365 4150 
2536 5777 4640 4639 3570 
2537 1403 1394 1387 1393 
2538 4390 3386 6026 4391 
2539 717 504 505 5917 
2540 2929 3083 3648 2587 
2541 3324 3489 3619 3326 
2542 3742 3154 3082 3741 
2543 1706 1704 1703 1705 
2544 7601 4395 3824 5070 
2545 4547 7130 2478 6108 
2546 2972 1142 1254 1255 
2547 2657 5939 4703 5940 
2548 5662 3745 3691 3746 
2549 3741 4165 4166 3742 
2550 5462 2742 2741 2702 
2551 6938 4082 6302 7832 
2552 3461 3755 3756 3462 
2553 2167 2919 2503 2502 
2554 4999 3850 3228 4997 
2555 3645 3183 3181 5769 
2556 5486 3356 3354 2395 
2557 941 942 944 943 
2558 6003 4079 3756 3755 
2559 3886 6793 1194 1192 
2560 5595 6155 1914 1916 
2561 6029 3651 3653 6028 
2562 5922 483 482 716 
2563 4904 2690 2967 3162 
2564 5301 3162 3525 4078 
2565 6097 430 201 708 
2566 2537 2539 2615 6013 
2567 3160 5891 5889 5896 
2568 6183 2616 2617 2618 
2569 7639 3062 5198 7872 
2570 3156 5192 3917 6254 
2571 2228 2084 2056 2085 
2572 7400 2316 7706 5304 
2573 4403 4847 7179 4402 
2574 433 709 6088 434 
2575 8196 4591 8496 6039 
2576 6331 6332 6334 6333 
2577 6145 712 6147 6146 
2578 6764 6705 1754 1753 
2579 4903 8599 3066 3665 
2580 2641 1270 1228 5588 
2581 5994 4240 5785 5905 
2582 6174 481 480 686 
2583 4165 5739 5740 4166 
2584 3675 3017 5699 3720 
2585 5183 6454 8179 6984 
2586 6754 1761 1763 3979 
2587 5738 3003 1812 1683 
2588 2679 2678 6517 3031 
2589 5532 7225 4898 3437 
2590 3768 6038 7929 6037 
2591 1642 6947 6440 6473 
2592 2993 2843 8351 2994 
2593 2254 1078 5057 2255 
2594 3007 5707 3251 3008 
2595 734 735 1121 733 
2596 2569 3422 8238 2567 
2597 5952 5951 496 497 
2598 5586 5584 5578 5585 
2599 3016 2485 4140 3017 
2600 8186 5772 5770 5771 
2601 6350 3836 3256 5824 
2602 5560 5559 3744 5558 
2603 5752 3466 3468 3472 
2604 2074 2075 6120 2353 
2605 1403 1405 1406 1394 
2606 956 952 951 5813 
2607 6326 6218 8017 1106 
2608 8548 6226 6413 5209 
2609 3787 3824 3825 3788 
2610 1020 1027 1028 1021 
2611 3594 3595 3896 3769 
2612 1929 1930 5607 3704 
2613 1938 1841 6015 2195 
2614 506 5920 5917 505 
2615 2697 5523 4293 3195 
2616 5099 3364 5101 5100 
2617 5813 2263 2344 3983 
2618 7958 4383 4259 7379 
2619 5951 674 495 496 
2620 1365 1362 7646 5238 
2621 6196 3889 2705 5751 
2622 5715 3739 1267 1318 
2623 3916 3915 6254 3917 
2624 5992 473 472 5991 
2625 3200 1437 1419 5977 
2626 5690 6842 7481 4346 
2627 5760 1454 1417 2351 
2628 685 514 515 6067 
2629 2058 1388 1389 5444 
2630 684 6066 560 559 
2631 1759 1971 6023 1972 
2632 4260 4261 5000 3858 
2633 5923 484 483 5922 
2634 5775 3185 3183 3645 
2635 2220 5525 5524 5523 
2636 5899 664 472 471 
2637 2269 7045 1637 1985 
2638 4092 5876 5625 4091 
2639 4944 6644 4570 4568 
2640 3053 2755 2322 2756 
2641 3669 3090 5859 3894 
2642 1962 6210 2034 1963 
2643 3126 3641 4833 6493 
2644 2109 6539 2630 2114 
2645 4774 4793 8106 4773 
2646 8566 7834 7567 4173 
2647 3709 3711 3712 3710 
2648 3024 3190 6041 3023 
2649 1819 6055 3080 1898 
2650 1001 1003 6709 5417 
2651 2648 3540 4786 6117 
2652 3338 3617 3854 3616 
2653 680 477 476 6118 
2654 6590 415 414 6589 
2655 1998 1617 1616 1615 
2656 5808 5790 5792 6096 
2657 5664 1615 1614 1613 
2658 681 5952 497 498 
2659 2748 3338 3616 3337 
2660 2125 2124 3486 2126 
2661 4796 4906 5540 4066 
2662 1121 735 737 5320 
2663 3645 5769 5770 5773 
2664 6062 4315 4032 4033 
2665 1794 5328 2319 1793 
2666 4461 3375 3376 3377 
2667 1042 1037 1033 1036 
2668 5720 5498 5499 5500 
2669 795 794 800 798 
2670 3714 5857 3177 3175 
2671 7815 3443 7834 6510 
2672 5419 5418 7688 645 
2673 1807 1808 1926 1925 
2674 422 712 6145 423 
2675 4713 5685 4285 3662 
2676 5848 3043 3042 2371 
2677 5464 3822 983 985 
2678 5837 8593 2320 7294 
2679 5913 2790 1765 1814 
2680 4976 4975 4972 4974 
2681 1907 2102 5459 4108 
2682 3146 911 921 5763 
2683 5235 5234 7559 2792 
2684 4040 5934 7382 5933 
2685 4941 3532 8376 7280 
2686 3179 3638 5769 3181 
2687 5858 5904 3177 5857 
2688 3272 5344 5231 3271 
2689 7297 4655 4654 5569 
2690 2492 5723 6994 2490 
2691 6056 3082 3081 3080 
2692 1044 1043 1037 1042 
2693 5156 2529 2530 2531 
2694 1508 5844 2023 1582 
2695 1111 6002 3772 6328 
2696 2038 2039 3558 2037 
2697 2153 2156 2160 2154 
2698 2228 4059 5093 2084 
2699 1267 3739 5716 5717 
2700 3576 3343 3342 3344 
2701 4658 6570 4543 6610 
2702 1519 5395 5393 3956 
2703 943 944 945 946 
2704 1028 1027 7611 1032 
2705 1926 1928 1930 1929 
2706 2643 2620 2621 2622 
2707 3288 3614 3887 3613 
2708 2254 1079 1077 1078 
2709 1675 1565 1677 1676 
2710 4395 7601 5945 5944 
2711 6120 2075 2278 2279 
2712 6674 2245 2356 7062 
2713 5854 3714 3175 3173 
2714 5744 1621 1620 1619 
2715 1802 1804 1806 1805 
2716 3459 4119 7464 5631 
2717 6124 511 512 658 
2718 6045 659 557 556 
2719 2904 2273 2275 6152 
2720 2156 2162 2164 2160 
2721 5727 4192 8272 5728 
2722 3173 3171 4077 5854 
2723 3083 3649 3650 3648 
2724 1312 1314 5414 1290 
2725 2150 2158 2350 6157 
2726 1708 1706 1705 1707 
2727 8220 5322 7265 1392 
2728 7312 640 406 405 
2729 1584 7434 4460 7515 
2730 1735 2099 2559 1708 
2731 3287 3288 3613 2560 
2732 1044 1074 1075 1043 
2733 2615 2539 2613 2614 
2734 5831 4025 2953 6032 
2735 8465 3906 2312 5474 
2736 1020 1015 1024 1023 
2737 2268 2653 2985 5082 
2738 4191 4192 4266 3580 
2739 5266 6476 3478 8279 
2740 5423 5421 5420 5422 
2741 6464 4526 4525 4379 
2742 6577 6056 3080 6055 
2743 772 774 778 777 
2744 1264 1290 5414 1292 
2745 3352 3829 4649 4989 
2746 5231 7294 8253 5232 
2747 6244 5480 4013 5996 
2748 5752 3465 3464 3466 
2749 1848 5900 5888 1847 
2750 3705 6814 4657 7127 
2751 4155 7345 4363 3411 
2752 6023 1971 2722 3801 
2753 6058 4772 4320 3989 
2754 802 2380 5810 801 
2755 5937 1947 1704 1706 
2756 3859 3593 3032 3592 
2757 2489 5880 4251 6423 
2758 4801 3614 3288 3688 
2759 1140 1142 6030 1107 
2760 4498 4658 8367 7823 
2761 471 470 724 5899 
2762 5659 5661 8192 4387 
2763 1830 1828 7489 1920 
2764 5484 5485 7414 613 
2765 421 6148 712 422 
2766 4873 4047 3330 4046 
2767 5862 5861 3894 5860 
2768 5612 766 764 2323 
2769 755 757 6069 756 
2770 3085 1138 1745 6304 
2771 5516 623 7380 5515 
2772 648 5647 466 465 
2773 691 5648 458 459 
2774 650 5649 460 461 
2775 2540 2535 2536 2537 
2776 2242 2237 6094 2439 
2777 2483 2484 5658 2485 
2778 3449 5995 3750 3450 
2779 6969 1801 1800 1802 
2780 3005 3003 5738 6070 
2781 5537 4692 8147 7801 
2782 1122 4001 8237 4000 
2783 3113 2720 3115 3114 
2784 2449 6110 2454 2451 
2785 1034 6176 1242 1116 
2786 4457 2028 2006 5877 
2787 733 732 2207 734 
2788 3278 3259 6114 3626 
2789 3241 3497 6962 4557 
2790 8518 6554 1931 7291 
2791 953 952 956 954 
2792 5845 3612 2023 5844 
2793 5940 4703 8111 5397 
2794 5118 6442 6443 5122 
2795 2623 3065 3457 6538 
2796 948 946 945 947 
2797 4031 5471 1532 1534 
2798 3900 4350 5819 3226 
2799 2656 2233 2203 6109 
2800 2916 3776 3777 3198 
2801 5690 738 736 1501 
2802 5522 3801 3802 3804 
2803 2481 2482 2484 2483 
2804 5540 3246 3955 4066 
2805 4166 6104 3743 3742 
2806 2206 6414 8524 6160 
2807 3044 3043 3884 3165 
2808 8301 929 927 5833 
2809 2559 2099 3287 2560 
2810 748 747 750 749 
2811 3028 3026 3025 5450 
2812 876 875 7580 877 
2813 5769 3638 5771 5770 
2814 1346 1345 2020 1347 
2815 7987 6152 2275 3059 
2816 677 7636 6499 4885 
2817 5652 3377 3378 3382 
2818 3064 5252 4252 3300 
2819 692 5787 464 463 
2820 1352 1351 1356 1354 
2821 413 644 6589 414 
2822 6098 3655 2106 2108 
2823 3996 3009 4240 3997 
2824 4107 5950 5000 7667 
2825 1081 1084 1085 1083 
2826 4892 4891 7532 6251 
2827 3915 3916 5651 2728 
2828 2899 2881 2689 2882 
2829 1464 1467 2122 4905 
2830 2082 2382 2383 2005 
2831 2111 2112 2113 2110 
2832 8420 3831 3750 5995 
2833 5597 3275 3274 3276 
2834 1216 1213 2227 1217 
2835 5819 2499 3224 3226 
2836 870 869 7738 873 
2837 5851 3169 3168 3167 
2838 5472 797 796 789 
2839 1479 4169 3100 3099 
2840 5673 6177 6536 4656 
2841 2615 2616 6183 2700 
2842 7632 6377 6373 6374 
2843 5977 5978 5979 3200 
2844 5929 684 559 558 
2845 5926 513 514 685 
2846 4432 3943 6340 5351 
2847 3667 7121 7864 5492 
2848 3997 4240 5994 4344 
2849 739 740 6078 1109 
2850 1791 1942 8535 5241 
2851 5210 6855 661 8563 
2852 4527 8102 6775 3086 
2853 5171 5170 3368 5168 
2854 1499 6672 3589 1651 
2855 2708 2444 2443 2442 
2856 2715 5357 5997 2716 
2857 4220 3405 3073 3251 
2858 5755 1625 1624 1623 
2859 2194 4065 8241 5665 
2860 4077 3171 3170 3169 
2861 1194 1198 6049 1195 
2862 2047 7645 4707 6923 
2863 4866 5456 5461 5455 
2864 5824 3256 3255 2725 
2865 2787 3362 3922 3921 
2866 3425 3423 2569 3424 
2867 5926 5927 5928 658 
2868 1286 6193 939 941 
2869 5753 1627 1626 1625 
2870 2389 5435 8525 7339 
2871 6309 5432 8466 627 
2872 5381 916 6797 5382 
2873 4639 3571 3381 3570 
2874 1695 1679 1677 1680 
2875 5740 4911 8079 6419 
2876 4404 6335 2666 2806 
2877 1985 1999 2339 2269 
2878 5330 1797 1796 1798 
2879 3196 2953 4025 3252 
2880 6318 6604 6735 6696 
2881 729 728 7648 6071 
2882 6010 6009 5681 6008 
2883 5878 3703 3480 2172 
2884 6456 2199 8315 5513 
2885 2357 2828 6032 2953 
2886 3007 3006 3004 3005 
2887 4708 4339 8459 5115 
2888 4305 3480 5398 4690 
2889 5963 5964 5965 5961 
2890 5726 7564 8589 5725 
2891 8007 3866 8292 6180 
2892 1793 1791 1790 1792 
2893 2454 2453 2452 2451 
2894 959 957 5990 2654 
2895 1870 5216 8162 5215 
2896 743 744 2277 742 
2897 2541 2449 2448 2447 
2898 6615 5401 7413 3295 
2899 7362 7835 4596 5470 
2900 4987 4986 4984 4985 
2901 3197 5865 5911 4508 
2902 8542 5079 7989 6658 
2903 6255 2457 2456 2455 
2904 8298 5098 8047 3361 
2905 2326 2324 2035 2034 
2906 2239 7183 7199 4507 
2907 2039 5039 5040 3558 
2908 2080 2079 2345 2081 
2909 5107 5550 8497 5109 
2910 1010 1012 5682 2076 
2911 5710 3796 3795 5709 
2912 3612 2025 2024 2023 
2913 1073 1018 1598 5642 
2914 5023 4269 3796 5710 
2915 2229 5574 5579 6410 
2916 6647 6408 6699 6101 
2917 7406 5409 7407 1674 
2918 5834 4165 3741 5019 
2919 3978 5136 8124 6543 
2920 1310 1255 1254 1309 
2921 5751 2705 2513 2325 
2922 6702 5843 5842 964 
2923 1478 1310 1309 1477 
2924 4526 5307 5315 7831 
2925 2481 2480 2479 2482 
2926 6034 4594 3755 3461 
2927 3146 905 910 911 
2928 5848 2371 2370 2025 
2929 3888 3977 4877 3718 
2930 5904 3179 3178 3177 
2931 5251 5250 7807 5253 
2932 3838 3304 8500 4307 
2933 3643 5739 4165 5834 
2934 6148 6150 6412 6149 
2935 842 846 852 851 
2936 6188 6811 6679 4474 
2937 6500 6175 2834 4021 
2938 3523 4227 4331 3524 
2939 2977 2759 4600 2978 
2940 3167 3166 3044 3165 
2941 3434 5881 6990 4189 
2942 684 6739 4079 6003 
2943 5674 5675 5676 2972 
2944 865 867 868 866 
2945 3114 3115 3402 3401 
2946 1695 1696 1698 1697 
2947 3288 6244 4803 3688 
2948 2312 2395 3354 2394 
2949 1773 1771 1770 1772 
2950 2402 2696 3129 2403 
2951 3860 3859 4755 5061 
2952 7919 2624 6277 6278 
2953 665 7785 6795 7575 
2954 2136 2137 2138 2135 
2955 1559 6245 1980 1699 
2956 3200 5979 5981 6299 
2957 820 826 1070 1069 
2958 1839 5543 5542 2003 
2959 1701 1684 1604 1700 
2960 4095 5050 8582 6221 
2961 3507 5388 5389 5390 
2962 2501 2711 6191 2318 
2963 1898 3080 3081 2041 
2964 1839 2003 2004 2002 
2965 2175 2180 2792 2226 
2966 4329 5382 6797 8481 
2967 2106 3655 8258 5361 
2968 1613 1612 1610 1611 
2969 2117 2116 2113 2112 
2970 8357 844 7760 6112 
2971 1767 1784 1786 1785 
2972 1599 1648 4785 932 
2973 1747 6837 2667 2032 
2974 2129 2132 4440 6786 
2975 1564 1678 6810 5570 
2976 7706 6073 7116 4811 
2977 6067 515 516 633 
2978 6066 634 561 560 
2979 3375 3087 2605 3088 
2980 3761 3746 3759 3760 
2981 1052 1050 1049 1051 
2982 3154 3153 3081 3082 
2983 1050 1048 1046 1049 
2984 2202 2201 2200 2198 
2985 6379 6169 4512 4029 
2986 7240 7552 2303 8450 
2987 590 589 7272 5936 
2988 670 7623 6700 7637 
2989 1359 1357 1356 1358 
2990 5622 7354 8226 5621 
2991 7734 6235 5697 5698 
2992 5690 6024 741 738 
2993 2806 4010 8451 4012 
2994 6681 6680 7494 4831 
2995 1644 1670 5369 5370 
2996 2260 2261 2346 2347 
2997 6499 5709 3795 4885 
2998 2480 2347 2346 2479 
2999 2940 3806 8311 3807 
3000 1697 1698 1767 1766 
3001 3724 4473 5300 5299 
3002 6030 5682 1012 1029 
3003 5621 5620 5623 5622 
3004 3005 3004 1812 3003 
3005 4041 5935 5934 4040 
3006 955 954 5990 957 
3007 1278 6542 6543 2505 
3008 2922 2796 6288 3097 
3009 5773 5774 5775 3645 
3010 1226 1650 2947 2946 
3011 3913 6492 8426 5677 
3012 4923 4922 6668 6908 
3013 1366 1363 1362 1365 
3014 7152 4278 4688 6220 
3015 2003 2005 2006 2004 
3016 5335 1137 1136 1135 
3017 4240 3009 2949 5785 
3018 747 748 1016 746 
3019 5675 5677 5678 5676 
3020 1611 1610 1554 1609 
3021 5404 3533 3014 3013 
3022 4354 3892 3680 3533 
3023 3137 6043 8285 7025 
3024 1935 1934 6142 1936 
3025 7101 4832 8567 4834 
3026 968 969 971 970 
3027 7304 8346 4498 7823 
3028 665 7751 4821 7785 
3029 867 869 870 868 
3030 1872 1873 4044 1855 
3031 5986 3674 1572 1570 
3032 4220 3251 5707 4221 
3033 2117 2336 2337 2116 
3034 5801 5798 6845 5802 
3035 6131 6549 648 5787 
3036 1833 4993 8527 6474 
3037 1165 1164 7590 1166 
3038 1919 1736 1737 1913 
3039 1845 7033 2779 2049 
3040 4962 5072 7729 4964 
3041 1368 1366 1365 1367 
3042 5338 1197 1195 6049 
3043 7975 6372 8270 4607 
3044 2901 2899 2882 2900 
3045 4795 7191 3220 7962 
3046 2062 2063 2065 2064 
3047 753 751 5938 754 
3048 2745 6313 7177 5062 
3049 3226 3586 4498 3900 
3050 4449 4295 3820 4294 
3051 2372 2373 5207 1864 
3052 5964 5966 5967 5965 
3053 1261 2042 7726 7664 
3054 2753 3526 6354 4109 
3055 2719 3227 3965 6639 
3056 1124 1252 1301 1293 
3057 5213 5280 8627 5508 
3058 5537 3983 2344 4692 
3059 4639 6135 4335 3571 
3060 4902 5189 8082 4685 
3061 1827 993 994 1056 
3062 6046 6045 556 200 
3063 5813 951 995 2263 
3064 1370 1371 1373 1372 
3065 4079 4080 4081 3756 
3066 5634 5636 7188 5635 
3067 2999 3039 3040 3001 
3068 1372 1373 1375 1374 
3069 3324 3322 7359 5745 
3070 3400 6349 2712 2864 
3071 3656 2612 1488 1487 
3072 5856 5855 8616 6170 
3073 489 488 7491 7420 
3074 510 7419 7492 509 
3075 1364 6848 5374 5373 
3076 1218 1225 7171 5594 
3077 4955 637 7140 5829 
3078 4879 6969 1943 6568 
3079 2248 2216 1946 2215 
3080 2856 2855 2184 2425 
3081 939 938 6294 940 
3082 5775 3187 3186 3185 
3083 6410 5579 8482 5588 
3084 1380 1390 1385 1384 
3085 3794 5259 8331 4330 
3086 4332 4787 5262 3837 
3087 8428 5492 7864 2652 
3088 2702 2701 3715 5462 
3089 2730 2602 3367 3366 
3090 5640 5638 7188 5811 
3091 5198 2399 2337 2398 
3092 798 799 1132 795 
3093 4170 3470 3471 3925 
3094 4009 3110 3214 4008 
3095 4708 5815 1123 8129 
3096 8619 5626 6517 4504 
3097 3767 5292 8529 6270 
3098 1491 5747 8010 5510 
3099 6002 1111 741 6024 
3100 3427 3425 3424 3426 
3101 970 971 973 972 
3102 5266 5264 5529 7825 
3103 1948 5556 4352 3056 
3104 3554 6311 2760 2977 
3105 3950 3951 6920 5314 
3106 5762 6990 892 6742 
3107 5631 6274 4447 4157 
3108 2044 5143 8388 5142 
3109 3894 5861 5863 5864 
3110 4063 7040 6463 4379 
3111 1304 1242 6176 3927 
3112 6923 1810 2045 2047 
3113 2137 2139 2140 2138 
3114 5419 645 7871 5420 
3115 5185 8070 2884 2437 
3116 3664 3853 3479 5265 
3117 6892 4231 6904 5527 
3118 2015 1773 1772 1774 
3119 6113 1543 7693 7157 
3120 5896 1306 1284 3160 
3121 2206 6160 4302 6158 
3122 2454 2659 6255 2455 
3123 2627 4216 8522 6396 
3124 4810 6207 4286 5746 
3125 7173 4878 7867 5698 
3126 3298 4322 7511 6206 
3127 1370 1372 8435 6730 
3128 3039 3262 3334 3040 
3129 3769 4429 5366 3594 
3130 1023 1024 1026 1025 
3131 5259 7723 8464 2475 
3132 5735 2130 2128 2155 
3133 1182 1186 5557 1183 
3134 3729 5310 7563 7176 
3135 3606 3604 3600 3605 
3136 6296 703 8282 5921 
3137 3052 2487 2171 5910 
3138 1634 5749 5546 1837 
3139 5426 5423 5422 5425 
3140 8418 5568 5392 8132 
3141 853 858 904 859 
3142 6207 4810 8022 6796 
3143 7084 5247 8163 628 
3144 6139 5467 7299 1179 
3145 4041 4538 4725 4724 
3146 2071 2066 2067 2068 
3147 859 904 910 905 
3148 8345 5024 5022 5023 
3149 633 516 517 6122 
3150 7806 5479 7573 2427 
3151 783 781 780 782 
3152 3644 3735 8360 5377 
3153 4207 4206 3962 4205 
3154 1617 1619 1620 1618 
3155 7665 4361 2315 3075 
3156 2215 2213 2427 6421 
3157 5957 5956 2176 5955 
3158 1516 1515 7967 1543 
3159 6148 421 420 6150 
3160 5918 5917 5920 5919 
3161 3329 3330 6537 2758 
3162 2356 2797 6202 2798 
3163 5497 2188 5499 5498 
3164 2667 2666 2033 2032 
3165 2340 1911 1912 1940 
3166 3626 3795 3796 3627 
3167 6015 1841 1840 1830 
3168 2647 6336 5668 5667 
3169 3597 3596 4778 3598 
3170 3882 4614 8145 4615 
3171 7354 8195 4797 8226 
3172 6298 4650 3244 1844 
3173 6121 689 563 562 
3174 7397 8473 4822 7583 
3175 3262 3039 7040 3395 
3176 3238 3237 2863 2941 
3177 6031 2465 2464 2463 
3178 1424 3202 4477 6217 
3179 6125 199 511 6124 
3180 6311 2762 2761 2760 
3181 2796 2795 7684 6288 
3182 5263 3125 3124 3121 
3183 1826 5366 4429 6136 
3184 785 783 782 784 
3185 618 8166 5694 8489 
3186 1837 1639 1638 1634 
3187 4231 6806 2664 6904 
3188 2880 2879 2547 2752 
3189 4859 3553 5482 4860 
3190 518 688 6122 517 
3191 5991 5993 7758 8078 
3192 2328 2409 2679 4929 
3193 5465 6083 5108 7830 
3194 5879 8185 696 6257 
3195 2348 2250 2216 2248 
3196 2079 2080 5883 2077 
3197 4037 4039 4041 4040 
3198 3028 3061 4238 3029 
3199 1288 2174 6162 1198 
3200 4151 6203 3070 6202 
3201 1935 5607 1930 1934 
3202 3025 2938 2775 2937 
3203 2995 3119 6463 2997 
3204 876 879 880 878 
3205 6202 2797 2800 4151 
3206 7264 7349 5893 5895 
3207 7358 2149 2141 6411 
3208 2252 1980 6245 3156 
3209 1709 1673 1681 1682 
3210 3386 3387 3390 6026 
3211 1226 1219 6105 1650 
3212 5756 3468 3469 3470 
3213 2610 7428 5801 6111 
3214 5130 2461 2460 2459 
3215 1210 1208 1212 5592 
3216 3366 8148 7656 2730 
3217 481 6174 716 482 
3218 3056 2168 1949 1948 
3219 3171 3173 3174 3172 
3220 649 6766 8170 6133 
3221 6022 2747 2743 2746 
3222 4157 4233 5331 3458 
3223 5801 5802 6112 6111 
3224 8142 4667 7310 7883 
3225 3904 6241 8233 4733 
3226 3369 4249 4910 3725 
3227 4051 4451 5567 5566 
3228 4032 3398 2865 3399 
3229 3427 3428 3560 3559 
3230 2922 2921 2549 2796 
3231 2937 2775 2768 2774 
3232 4905 1462 1463 1464 
3233 3964 3390 3391 3392 
3234 7334 8562 5414 1314 
3235 793 792 5942 794 
3236 2373 2372 6344 2374 
3237 3608 6219 2988 2990 
3238 5617 3607 8117 5618 
3239 6176 1034 935 2695 
3240 8296 5727 7472 4613 
3241 6114 3259 3257 3258 
3242 3250 3409 7847 3408 
3243 1997 1953 1951 6156 
3244 1063 3493 8058 1061 
3245 6703 2326 2034 6210 
3246 4484 6797 916 7737 
3247 4389 4842 4843 3780 
3248 7080 6771 5254 4236 
3249 5714 8160 7866 5716 
3250 3104 2585 2369 2368 
3251 3407 5436 8141 5097 
3252 731 729 6071 732 
3253 2990 2989 3955 3246 
3254 1282 5906 1056 1057 
3255 1834 3984 6883 2087 
3256 789 776 7747 2247 
3257 2981 2980 2979 2773 
3258 5164 6132 8283 5166 
3259 3042 2960 2370 2371 
3260 5569 1313 1287 7297 
3261 5348 2812 3564 3565 
3262 5290 6487 8266 5291 
3263 1405 1416 5521 1406 
3264 3043 3044 3948 3042 
3265 3173 3175 3176 3174 
3266 2850 3449 3450 3448 
3267 7576 7942 4645 6665 
3268 6100 3937 3936 3832 
3269 709 433 432 6084 
3270 5701 3392 3393 3394 
3271 7711 7536 5495 4461 
3272 5239 3597 3599 6303 
3273 1582 2023 2024 1692 
3274 1487 1486 1485 1427 
3275 5548 7651 2096 5561 
3276 4144 3306 3307 4142 
3277 1466 6690 1473 1469 
3278 4559 4558 3438 3440 
3279 5609 5938 751 750 
3280 6032 2828 2829 3306 
3281 4716 3766 3767 6270 
3282 4690 5401 6615 4305 
3283 963 961 6692 965 
3284 4969 4966 4967 4968 
3285 5361 1494 1495 1496 
3286 656 431 430 6097 
3287 760 762 6222 2349 
3288 1457 1448 1451 1452 
3289 657 428 427 6092 
3290 3398 2864 2714 2865 
3291 5931 1728 1729 1730 
3292 4574 4576 4577 4575 
3293 3745 5662 7589 5660 
3294 7721 7557 2494 6320 
3295 1670 1644 1645 1646 
3296 3161 2901 2900 2902 
3297 4066 4067 4797 4796 
3298 2774 2768 2766 2767 
3299 3820 3819 3109 3195 
3300 3175 3177 3178 3176 
3301 7446 6955 5877 2383 
3302 5829 4142 4143 4955 
3303 6127 786 1138 3085 
3304 784 786 6127 785 
3305 3963 7806 5153 7650 
3306 6040 3542 3949 4418 
3307 2746 2743 2741 2742 
3308 5718 4078 3525 4125 
3309 1683 1812 6444 1603 
3310 1338 5765 1325 1323 
3311 7445 1326 7943 5340 
3312 5557 1185 1184 1183 
3313 1135 1134 1132 1133 
3314 5364 1546 1548 1549 
3315 3570 3381 3380 3189 
3316 2409 2408 2411 2410 
3317 6717 5653 4390 7324 
3318 4093 6723 4097 4094 
3319 3852 3022 2656 3851 
3320 885 887 889 886 
3321 2025 3612 5847 5848 
3322 5629 8531 7960 708 
3323 3332 3333 4534 3331 
3324 7354 5622 7099 6282 
3325 1493 1472 1473 1474 
3326 5985 5984 1654 5983 
3327 1970 2089 2091 2090 
3328 3559 3560 3562 3561 
3329 4560 4561 4562 4559 
3330 1281 6645 8012 5894 
3331 2860 2859 2857 2858 
3332 3258 3257 3255 3256 
3333 710 426 425 6107 
3334 3995 3394 3430 3431 
3335 3126 2789 3855 3339 
3336 4249 3369 2960 6140 
3337 6590 7713 8187 676 
3338 5017 6457 2546 2544 
3339 3708 6657 4437 3732 
3340 6118 476 475 6652 
3341 4495 4018 3908 4017 
3342 2348 2701 2702 2250 
3343 4166 5740 6419 5741 
3344 5480 6244 3288 3287 
3345 2978 4600 8238 7231 
3346 5359 1188 1187 1185 
3347 4812 8006 7161 1118 
3348 2653 2268 2630 2652 
3349 1991 1992 2318 2317 
3350 5626 3994 3031 6517 
3351 5543 1839 1838 1750 
3352 5362 1549 1550 1551 
3353 6500 5672 3895 6175 
3354 5383 6188 4474 4152 
3355 8127 7071 6157 5348 
3356 5980 3036 7509 6790 
3357 1545 1538 1539 1540 
3358 3562 3790 3792 3791 
3359 5457 8023 8401 4846 
3360 3179 3181 3182 3180 
3361 4086 6164 6050 4426 
3362 3989 3153 3154 6058 
3363 8475 3774 3334 3555 
3364 6511 6512 3086 6775 
3365 4313 2892 2894 6373 
3366 6914 5691 5612 5692 
3367 5755 1623 6259 6260 
3368 3450 3750 3751 3749 
3369 3760 5757 7469 3761 
3370 939 921 937 938 
3371 5395 1519 1518 1516 
3372 2405 1302 1301 1421 
3373 2932 2706 2513 2705 
3374 7340 1979 1981 1982 
3375 4031 1534 1535 1536 
3376 1503 6750 4609 6424 
3377 5394 5568 2261 7944 
3378 5996 4013 2954 6437 
3379 711 437 436 6133 
3380 6085 6086 6088 709 
3381 1218 1217 6105 1219 
3382 773 776 788 775 
3383 3181 3183 3184 3182 
3384 2213 2214 7806 2427 
3385 2862 2861 2859 2860 
3386 1621 1623 1624 1622 
3387 8585 4618 6672 6774 
3388 2883 6843 7788 7179 
3389 5816 4113 3546 4114 
3390 2143 2142 2140 2141 
3391 776 789 796 788 
3392 6398 5782 8129 1123 
3393 2327 2310 2407 2328 
3394 6219 3608 3788 4686 
3395 1069 2021 8306 4930 
3396 3360 4224 8104 5196 
3397 8193 5041 5052 7873 
3398 8239 4149 8268 5377 
3399 4851 4853 5642 1598 
3400 4814 5205 8140 4815 
3401 1545 2036 6876 5286 
3402 4081 4080 6302 4082 
3403 2423 6316 3095 2425 
3404 3956 1521 1520 1519 
3405 6100 6101 6102 3937 
3406 1735 5898 3287 2099 
3407 1629 1628 1626 1627 
3408 2062 2060 6072 2063 
3409 5725 7707 6962 5726 
3410 5516 4208 4206 4207 
3411 5259 3794 3793 3792 
3412 521 638 6167 520 
3413 1531 1496 1529 1530 
3414 5480 4337 3510 4013 
3415 3183 3185 3186 3184 
3416 651 424 423 6145 
3417 2505 7661 5254 6770 
3418 797 805 849 804 
3419 5780 5651 3916 4343 
3420 2299 2301 2305 2304 
3421 7161 810 811 812 
3422 3927 6548 1431 1304 
3423 2211 2209 7063 5606 
3424 4759 3575 3573 4758 
3425 5923 5922 8161 5924 
3426 4576 4579 4580 4577 
3427 6336 7524 7804 5668 
3428 6572 7449 4521 7556 
3429 1305 2221 2780 6486 
3430 1436 5806 8460 7850 
3431 6381 1899 1898 2041 
3432 2989 2317 2318 6191 
3433 3909 6939 7618 3910 
3434 805 850 854 849 
3435 5133 4571 4569 4570 
3436 5692 5612 2323 5613 
3437 4410 3539 6852 4752 
3438 6030 1029 1030 1107 
3439 7643 950 7687 5222 
3440 3793 3794 4054 4053 
3441 4189 3432 3433 3434 
3442 1972 1973 6635 1759 
3443 5717 1247 1249 1267 
3444 4761 4762 4764 4763 
3445 921 911 910 920 
3446 3918 3917 5192 4741 
3447 2778 2517 2386 2390 
3448 3431 5706 5704 3995 
3449 1739 1687 1586 1686 
3450 3925 5879 7690 4170 
3451 4989 3350 3351 3352 
3452 5452 5454 8303 5644 
3453 7748 4526 7831 6199 
3454 7726 2042 7237 7756 
3455 5790 5808 7516 5490 
3456 2904 2272 2121 2273 
3457 5867 2224 2223 2159 
3458 5810 2380 8033 4147 
3459 3962 3961 3302 3303 
3460 3750 3831 3832 3751 
3461 6064 3852 3851 6065 
3462 3762 3764 5106 3097 
3463 3251 3073 3072 3008 
3464 1403 1393 8543 7082 
3465 7990 1829 8421 5447 
3466 772 773 775 771 
3467 2341 6450 4664 3270 
3468 3902 5671 5035 5670 
3469 4270 3567 3568 3833 
3470 5798 5801 6485 5800 
3471 6496 7729 5072 6495 
3472 926 932 5833 927 
3473 5803 5804 6845 5797 
3474 6016 4439 4438 3492 
3475 1513 1512 1511 1439 
3476 2970 2845 2517 2778 
3477 4208 4422 4423 4421 
3478 987 989 992 991 
3479 5741 6419 633 6122 
3480 759 763 6792 761 
3481 3382 3383 3385 3384 
3482 562 561 634 6121 
3483 3232 3230 2879 2880 
3484 3925 4075 5944 4636 
3485 3895 2584 2834 6175 
3486 5861 5862 7097 653 
3487 4946 5658 2484 3549 
3488 5120 6519 1450 6863 
3489 2789 3126 6493 2772 
3490 2103 1913 1737 1914 
3491 8292 3866 8333 5301 
3492 2656 2912 8177 2655 
3493 5055 6100 3832 3831 
3494 6426 3403 3133 2782 
3495 463 462 7132 692 
3496 3499 7940 5601 7965 
3497 2340 5473 8502 1911 
3498 3829 3352 3556 3557 
3499 6231 2013 2431 2433 
3500 3189 3188 3186 3187 
3501 6587 6588 6589 644 
3502 4579 4581 4582 4580 
3503 4408 3760 3759 3905 
3504 1203 5338 7889 3622 
3505 3733 5439 4534 3333 
3506 6102 3938 3936 3937 
3507 5897 6675 6171 4366 
3508 5147 7570 8209 6940 
3509 1203 1202 1201 1200 
3510 6966 4289 6965 6197 
3511 2524 2522 2521 2523 
3512 1625 5755 7897 5753 
3513 1963 2034 2035 2012 
3514 5960 5975 7776 5968 
3515 6193 1286 5476 5477 
3516 7898 4876 4230 4875 
3517 2108 2107 6539 2109 
3518 2304 2305 2309 2306 
3519 4763 4764 4767 4766 
3520 3016 3676 5053 6731 
3521 7162 7163 6980 4938 
3522 4581 5002 5003 4582 
3523 1738 2804 6332 6331 
3524 8498 6261 3969 4840 
3525 4913 6550 2787 3921 
3526 1562 1563 1737 1736 
3527 685 6067 8079 4910 
3528 6837 1747 8511 5835 
3529 4881 4883 7225 4882 
3530 5452 5453 6741 5454 
3531 6254 6130 2252 3156 
3532 5404 3138 8267 5405 
3533 4673 6428 1957 8044 
3534 1609 1554 1553 1431 
3535 2385 2976 6205 5186 
3536 4552 3436 3519 3520 
3537 6149 6147 712 6148 
3538 7841 6681 8349 5268 
3539 2306 2309 5724 2310 
3540 3167 3168 3823 3166 
3541 1585 1657 1658 1656 
3542 5444 6072 2060 2058 
3543 4623 4622 4620 4621 
3544 3908 3907 3230 3232 
3545 6120 2279 6768 8415 
3546 1116 1242 1303 1240 
3547 862 861 860 855 
3548 2840 2334 5688 5689 
3549 1490 1584 1585 1579 
3550 6145 6146 7699 6614 
3551 1736 1919 8561 6014 
3552 4822 8473 2577 5748 
3553 4087 5190 6884 4129 
3554 4561 4563 4564 4562 
3555 6697 6602 7114 4359 
3556 5957 5959 6841 5962 
3557 4100 7965 5601 7284 
3558 6029 3520 3521 3651 
3559 6947 5165 6946 6440 
3560 3669 4229 4230 3670 
3561 2786 3035 8271 3034 
3562 7461 1391 1370 6730 
3563 7893 5610 3892 5609 
3564 4153 3804 3802 3805 
3565 1959 1962 1963 1961 
3566 6143 6392 5854 4077 
3567 2128 2129 6786 2127 
3568 7153 1688 6769 6143 
3569 4570 4569 4566 4568 
3570 2266 2717 2718 2265 
3571 1781 1739 7545 2044 
3572 8417 3367 6689 5555 
3573 3653 3969 6261 4687 
3574 3090 3669 3670 3091 
3575 3346 4913 6641 6514 
3576 2333 2936 3213 3212 
3577 5323 4050 3625 4051 
3578 3384 3385 3387 3386 
3579 4166 5741 8073 6104 
3580 2357 2339 2829 2828 
3581 4393 5562 8495 4255 
3582 1665 5809 4344 7357 
3583 6770 1275 1278 2505 
3584 6180 996 962 6179 
3585 2260 2347 2839 6401 
3586 7516 5808 7212 2677 
3587 2153 2152 2148 2147 
3588 4178 5255 881 6800 
3589 1242 1304 1430 1303 
3590 2083 2623 6538 2046 
3591 8513 4844 4410 4752 
3592 4081 6372 3462 3756 
3593 2728 3585 4414 3915 
3594 2439 2440 2441 2242 
3595 1835 6823 1004 1002 
3596 1567 1654 5986 1568 
3597 5564 4004 4005 4006 
3598 2643 2622 2645 2644 
3599 6638 8325 4733 8233 
3600 5683 5885 1846 2048 
3601 1078 1077 1076 1075 
3602 890 895 896 894 
3603 4563 4565 4566 4564 
3604 6788 5508 8627 4942 
3605 5562 4523 3606 8495 
3606 5136 4404 2806 4012 
3607 5167 5166 8283 5169 
3608 5572 1215 1214 1210 
3609 3056 3057 3089 2168 
3610 790 3941 5942 792 
3611 2615 2614 2617 2616 
3612 1819 1818 6577 6055 
3613 1693 3197 4508 6432 
3614 1876 1871 1874 1875 
3615 1629 1631 1633 1630 
3616 2654 5990 7336 6093 
3617 2194 2545 7126 4065 
3618 4013 3510 2955 2954 
3619 4428 3773 4049 6181 
3620 1994 2436 3585 2728 
3621 791 793 6825 2732 
3622 895 897 899 896 
3623 6349 6949 6191 2711 
3624 2934 3372 6373 2894 
3625 5764 5477 6005 6289 
3626 5620 5621 8226 3400 
3627 3057 3090 3091 3089 
3628 3229 3210 4049 3773 
3629 1257 1256 1235 1236 
3630 3742 3743 6058 3154 
3631 5509 814 815 816 
3632 4320 4772 8512 5289 
3633 1304 1431 1553 1430 
3634 3664 4255 7298 3853 
3635 4294 5527 6904 4449 
3636 1318 1319 1480 1479 
3637 2175 1288 6793 2180 
3638 3171 3172 4117 3170 
3639 7485 5840 5839 5616 
3640 8463 1962 1959 6428 
3641 862 863 2543 861 
3642 7580 6472 8269 877 
3643 1895 5644 8303 6293 
3644 416 676 6390 417 
3645 3512 2955 3510 3511 
3646 3458 3441 4118 3459 
3647 937 2315 6294 938 
3648 897 900 902 899 
3649 2415 2414 2418 2416 
3650 1351 1352 7437 1350 
3651 2576 5569 4654 8139 
3652 2587 3648 5079 6733 
3653 7103 6598 7500 3267 
3654 6059 6060 7337 6167 
3655 3466 3467 3469 3468 
3656 3726 3397 2927 3581 
3657 7954 2147 2145 2144 
3658 4645 5092 8190 6665 
3659 3620 4364 4365 3619 
3660 5289 6123 4321 4320 
3661 1631 1634 1638 1633 
3662 8157 8151 4611 7004 
3663 3071 3069 2802 3070 
3664 6082 4235 1238 1211 
3665 919 808 810 7258 
3666 6463 2999 2998 2997 
3667 3854 5438 5437 8010 
3668 5547 1316 6569 6185 
3669 4100 4463 6640 3543 
3670 5750 4204 4048 4047 
3671 3322 3321 3318 3320 
3672 5936 683 591 590 
3673 4424 5515 7380 6211 
3674 3967 5694 8166 5125 
3675 1478 1477 1984 1637 
3676 4082 4674 5071 4081 
3677 3522 2640 6710 3523 
3678 8447 6766 6089 8608 
3679 1603 1503 6424 1604 
3680 1493 4737 8014 4951 
3681 1503 1603 6444 1502 
3682 1257 1259 8576 1260 
3683 7438 6433 4581 5914 
3684 6177 5673 7510 1459 
3685 3989 4320 4321 4319 
3686 734 2207 8025 6001 
3687 7352 4352 5556 6381 
3688 6769 1688 1553 1554 
3689 2237 2236 2205 2234 
3690 6543 6542 1317 3978 
3691 2084 2054 2055 2056 
3692 3659 2924 2925 3658 
3693 2344 2263 995 2343 
3694 3324 3323 3321 3322 
3695 2960 3042 3948 6140 
3696 2280 2281 6768 2279 
3697 3213 3452 3454 3453 
3698 6437 2014 1836 2807 
3699 5106 3098 2922 3097 
3700 1750 1749 1638 1639 
3701 3631 4309 6991 4247 
3702 7832 4433 7819 6938 
3703 1903 1948 1949 1905 
3704 3605 3600 3598 6182 
3705 7152 6220 4121 6977 
3706 2231 3131 6477 2691 
3707 7967 8050 4858 4857 
3708 5850 5849 7054 7153 
3709 3119 2995 6213 8547 
3710 4502 4203 3659 3658 
3711 3975 3976 3980 3602 
3712 3387 3389 3391 3390 
3713 2674 2914 2915 2913 
3714 2432 2954 2955 2925 
3715 1128 1144 1235 1143 
3716 900 903 906 902 
3717 2087 2719 6639 2086 
3718 5005 5397 8111 1441 
3719 1054 1052 1051 1053 
3720 1701 1700 3494 1924 
3721 1215 2229 6410 1221 
3722 1661 1668 1669 1662 
3723 6816 3002 5566 6729 
3724 1267 1268 1319 1318 
3725 6088 6089 6766 649 
3726 2560 6545 7981 2559 
3727 1094 1100 5732 1096 
3728 991 992 994 993 
3729 1659 1661 1662 1660 
3730 8240 4783 3506 7240 
3731 851 4817 4837 4846 
3732 6255 3692 3694 5025 
3733 1482 1483 1563 1562 
3734 455 456 7421 693 
3735 4414 6852 2871 6130 
3736 2205 2204 2201 2203 
3737 7305 5113 8042 687 
3738 4029 3354 3356 6379 
3739 6318 848 857 1552 
3740 5788 4262 7200 5789 
3741 903 907 912 906 
3742 6040 4418 7895 7254 
3743 3453 3454 3677 3455 
3744 5283 3781 5285 5284 
3745 3571 4335 4336 3572 
3746 4483 4794 6546 4795 
3747 2013 6231 6407 1757 
3748 1424 6583 3203 3202 
3749 3190 3024 3218 3217 
3750 6130 6254 3915 4414 
3751 3513 3639 4433 3640 
3752 1102 1128 1143 1126 
3753 3326 3325 3323 3324 
3754 3135 2680 6862 3136 
3755 5402 1879 1880 1881 
3756 2032 1748 1602 1747 
3757 2383 2382 2758 6537 
3758 7209 3335 3045 2518 
3759 1985 1986 2000 1999 
3760 3686 3687 4015 3105 
3761 2074 2072 2278 2075 
3762 2717 3013 3014 2718 
3763 4971 8458 7300 4969 
3764 2431 2432 2925 2924 
3765 1843 1691 1581 1690 
3766 850 855 860 854 
3767 5272 8532 4383 7958 
3768 6165 4472 8602 8203 
3769 7605 5803 8125 2360 
3770 3153 3989 4319 3988 
3771 3397 5696 5695 3966 
3772 4099 4097 6723 4895 
3773 5513 5514 7058 6456 
3774 3550 3945 6139 6138 
3775 7669 5693 7727 2007 
3776 2454 2455 2456 2453 
3777 492 493 7751 665 
3778 6298 1844 1691 1843 
3779 4617 3589 6672 4618 
3780 3121 3771 5261 5263 
3781 5083 4905 2122 8071 
3782 5410 3782 6473 6440 
3783 3784 4283 6405 3235 
3784 5824 2932 3890 6350 
3785 4453 4454 4616 3777 
3786 2197 2198 2200 2196 
3787 5164 5163 5172 5165 
3788 3202 3203 3204 3205 
3789 2340 5128 8191 5129 
3790 1617 1618 1635 1616 
3791 4453 4720 7408 4454 
3792 1140 1107 1030 1108 
3793 4106 4105 3936 3938 
3794 3816 5176 8254 5597 
3795 3034 3111 8383 2785 
3796 1295 6253 7475 1272 
3797 3313 3929 4776 3314 
3798 4337 6297 3511 3510 
3799 1977 2368 2369 2367 
3800 1437 3200 6299 1476 
3801 1637 1984 1986 1985 
3802 7975 4607 3494 4608 
3803 937 2578 3075 2315 
3804 6059 6167 638 8512 
3805 5146 4195 7201 5147 
3806 8143 8361 4781 6246 
3807 4328 6393 4323 4153 
3808 3513 3511 6297 3639 
3809 5588 1228 1221 6410 
3810 2914 2916 2917 2915 
3811 5751 2930 3578 6196 
3812 4890 7949 7056 4891 
3813 5467 6139 3945 3991 
3814 2501 2712 6349 2711 
3815 4846 8401 842 851 
3816 3138 5852 8211 8267 
3817 2916 3198 3199 2917 
3818 4873 4176 7039 2776 
3819 1018 934 8301 1598 
3820 4449 6277 6000 4295 
3821 1008 1010 8207 1007 
3822 5821 1609 1431 6548 
3823 7754 4813 4630 4945 
3824 3706 3707 6814 3705 
3825 3594 3253 4088 3595 
3826 948 947 995 951 
3827 3477 5265 3479 3476 
3828 3343 3276 3341 3342 
3829 2620 2618 2617 2619 
3830 5729 6449 7678 5730 
3831 8230 6290 8060 2967 
3832 3749 3748 3448 3450 
3833 4217 4216 3488 4702 
3834 3208 3211 3949 3542 
3835 5619 7398 763 7365 
3836 3891 1508 1507 1506 
3837 7364 6767 5059 5060 
3838 6134 39 245 604 
3839 3179 3180 3563 3178 
3840 8152 4663 3871 4751 
3841 6444 1812 3004 3913 
3842 4025 5831 8397 6033 
3843 1712 1710 1682 1711 
3844 770 5691 6914 774 
3845 3237 3238 6345 7318 
3846 3110 2405 1421 2676 
3847 6393 6394 7998 2119 
3848 3940 4199 6171 3485 
3849 3325 3326 6339 3327 
3850 6351 6461 8016 4398 
3851 3078 6018 4439 6017 
3852 2440 2442 2443 2441 
3853 4029 3355 2394 3354 
3854 5204 7694 8490 5096 
3855 2491 6441 6153 3048 
3856 6370 617 8580 5684 
3857 2526 2524 2523 2525 
3858 6247 1490 1489 1488 
3859 3007 3008 3072 3006 
3860 715 7887 6431 7520 
3861 3936 3935 3751 3832 
3862 3099 3959 5714 5715 
3863 683 5936 5935 8159 
3864 2360 1039 1009 7605 
3865 106 6358 1047 311 
3866 5023 5022 4662 4269 
3867 1087 6935 1086 1085 
3868 8211 5852 4185 4186 
3869 1801 1798 1799 1800 
3870 865 866 893 864 
3871 3270 4664 8248 3569 
3872 4032 4315 7999 5623 
3873 3436 3434 3433 3435 
3874 5819 1902 1904 2499 
3875 2834 3509 4588 4021 
3876 3369 3725 6475 3370 
3877 6034 6999 7778 4594 
3878 3665 8091 4902 4903 
3879 3210 3205 3204 3206 
3880 3356 5486 4110 7344 
3881 3656 4366 7023 2612 
3882 1044 1042 8588 6632 
3883 4516 7638 5504 7671 
3884 2634 6482 6483 4019 
3885 6355 6452 7844 4605 
3886 2582 2047 2045 2581 
3887 1656 1655 1579 1585 
3888 3169 3170 6371 3168 
3889 6406 1674 7407 8168 
3890 5285 4238 3061 7731 
3891 4785 1648 1759 6635 
3892 5653 6717 7711 5652 
3893 6970 1943 1807 7503 
3894 2210 2212 2359 6566 
3895 2960 3369 3370 2961 
3896 1902 5819 6858 1900 
3897 3275 3272 3273 3274 
3898 2433 2431 2924 6327 
3899 1344 1343 6728 1345 
3900 1357 5342 7986 5343 
3901 5881 4552 7947 5882 
3902 7235 6662 5898 1735 
3903 4262 5788 7642 4886 
3904 6604 6318 1552 6603 
3905 4825 6657 3708 3706 
3906 3633 2962 6480 3634 
3907 1149 1148 1136 1137 
3908 2380 802 806 6736 
3909 2444 2447 2448 2446 
3910 2242 2241 2236 2237 
3911 4002 1122 1044 6632 
3912 959 960 6192 958 
3913 7827 5549 7687 950 
3914 6038 3768 3221 2704 
3915 2432 2431 2013 2014 
3916 2630 6539 4122 7224 
3917 5475 2173 6560 7425 
3918 2002 2001 1838 1839 
3919 4761 4759 6820 4762 
3920 2210 4030 6690 2208 
3921 5312 5697 6804 4554 
3922 4279 2582 2581 4280 
3923 6373 3372 6375 6374 
3924 3864 4071 4920 4070 
3925 5179 5181 5185 6401 
3926 2605 6646 3379 3088 
3927 2645 2622 2621 6025 
3928 5747 4084 3337 3616 
3929 2008 1816 1743 1815 
3930 907 913 923 912 
3931 4946 3549 3952 3954 
3932 1058 1442 6638 6637 
3933 3327 4242 4243 4241 
3934 1386 1396 8543 1393 
3935 7750 3721 2392 7634 
3936 8133 3823 3168 6371 
3937 1753 1754 1755 1666 
3938 2316 7180 6073 7706 
3939 2030 2516 2682 2681 
3940 91 6154 2187 296 
3941 449 679 6720 450 
3942 6405 6684 2783 3235 
3943 474 673 6652 475 
3944 8147 4692 2344 4740 
3945 3195 3109 2698 2697 
3946 3653 3651 3521 3652 
3947 1399 7214 5496 5175 
3948 8445 6623 7348 4829 
3949 3197 4128 4510 5865 
3950 2451 2450 2448 2449 
3951 1771 1752 1769 1770 
3952 5523 2697 2221 2220 
3953 1634 1631 8570 5749 
3954 1692 1583 1509 1582 
3955 2864 2712 2713 2714 
3956 7669 4460 3940 5693 
3957 2033 2666 6335 2668 
3958 1673 1671 1646 1672 
3959 5935 5936 7272 5934 
3960 2844 3779 6435 3223 
3961 3571 3572 6540 3381 
3962 2537 2538 2613 2539 
3963 839 840 843 842 
3964 5271 7798 4130 7355 
3965 755 756 8113 753 
3966 4536 3642 3643 4535 
3967 5875 4615 8145 7443 
3968 7908 8115 4957 4956 
3969 5055 6647 6101 6100 
3970 5880 3954 4250 4251 
3971 1640 1607 1643 1641 
3972 1025 5135 6667 1023 
3973 1479 1480 6478 4169 
3974 2014 6437 2954 2432 
3975 6789 1402 7370 5481 
3976 960 959 6692 961 
3977 3810 3809 3808 3807 
3978 7810 6702 5258 8198 
3979 2531 2532 2534 2533 
3980 4840 3969 3654 4148 
3981 7562 5076 8370 5411 
3982 1147 2854 6455 1434 
3983 1170 2245 6674 1168 
3984 6762 3972 4879 6568 
3985 7191 2703 3219 3220 
3986 2881 2687 2688 2689 
3987 3969 3653 3652 3654 
3988 7331 4358 2908 5413 
3989 2684 2685 8490 3139 
3990 7198 4445 4444 3299 
3991 764 765 6222 762 
3992 827 824 6445 1760 
3993 3649 3883 7169 3650 
3994 2695 4840 4148 5248 
3995 3968 5507 7708 5431 
3996 6430 3684 6469 6431 
3997 5419 4052 4083 5418 
3998 8620 6513 3346 6514 
3999 3448 3447 2849 2850 
4000 5601 2254 2255 7284 
4001 2526 2528 2530 2529 
4002 4839 7656 7277 4413 
4003 2382 2082 6646 2605 
4004 3194 2898 7080 4236 
4005 3935 3936 4105 6322 
4006 1666 1665 1590 1663 
4007 2690 2018 2019 2420 
4008 323 1106 6068 117 
4009 3120 3121 3124 2885 
4010 4906 7335 4462 5540 
4011 5350 6484 2562 7610 
4012 5307 4872 8560 5315 
4013 6513 2633 2635 3346 
4014 7429 1442 1060 1061 
4015 861 5249 917 860 
4016 826 821 823 6850 
4017 4502 3658 2925 6403 
4018 6142 1968 2243 6872 
4019 2533 2534 2536 2535 
4020 1029 1012 1011 1013 
4021 6357 5643 5642 4853 
4022 3025 3770 8406 5450 
4023 2472 2471 2470 2469 
4024 2485 3016 6731 2483 
4025 1846 5885 8355 1847 
4026 1757 1836 2014 2013 
4027 4512 4511 3355 4029 
4028 848 6318 6696 845 
4029 1021 6709 1003 1014 
4030 4955 4143 4956 5828 
4031 7192 3357 2888 2179 
4032 6132 5164 5165 6947 
4033 5785 2949 2950 3112 
4034 570 569 6227 652 
4035 5740 6475 3725 4911 
4036 2028 4457 7628 2509 
4037 1449 5122 6443 6633 
4038 2130 5735 8135 2165 
4039 5319 2868 2867 2816 
4040 746 1016 6756 6144 
4041 3306 2829 4090 3307 
4042 451 714 6744 452 
4043 3957 3075 2578 3076 
4044 2096 2091 2092 2093 
4045 6246 4781 4782 5758 
4046 835 836 838 837 
4047 1579 1578 1489 1490 
4048 1526 1528 6044 1523 
4049 3512 6403 2925 2955 
4050 4152 4474 6846 4191 
4051 3455 3677 6317 3758 
4052 1487 1488 1489 1486 
4053 4316 7237 8581 4317 
4054 6710 2640 2639 2637 
4055 1164 1165 2507 1162 
4056 2109 2110 6098 2108 
4057 4756 5439 3733 8212 
4058 5913 1814 1969 1970 
4059 687 502 503 7305 
4060 2748 2225 2223 2224 
4061 1172 1171 1167 1169 
4062 7302 8001 6723 4093 
4063 325 628 6312 119 
4064 8475 3797 4020 3774 
4065 1668 1746 6498 1669 
4066 7638 4516 4201 4515 
4067 6225 4416 4497 7901 
4068 3957 4606 4750 4749 
4069 3579 3580 6725 2963 
4070 5262 4787 7548 5460 
4071 1176 1175 1172 1174 
4072 2064 2065 2067 2066 
4073 5761 8427 2293 2295 
4074 1629 1630 1636 1628 
4075 1286 5475 7425 5476 
4076 3842 4468 4701 3843 
4077 3264 3266 8619 4504 
4078 88 6004 871 293 
4079 4871 4870 8560 4872 
4080 3925 3471 4076 4075 
4081 4057 3994 5626 4519 
4082 2715 2716 6162 2174 
4083 5383 4123 6345 5530 
4084 6628 4775 4148 3654 
4085 1863 1861 1859 1862 
4086 2310 2327 7326 2306 
4087 929 928 925 927 
4088 502 687 8381 501 
4089 4527 4218 7997 4528 
4090 2831 2830 2600 2599 
4091 1334 1445 1446 1336 
4092 1971 1758 6822 2722 
4093 4448 3880 3698 3879 
4094 6465 1397 5876 7101 
4095 7633 3199 3198 6425 
4096 2784 3842 3843 3102 
4097 5292 5291 8266 5293 
4098 2596 1484 1485 2495 
4099 3174 6429 4117 3172 
4100 569 568 694 6227 
4101 7885 5557 1186 3118 
4102 1263 1264 6671 1262 
4103 5896 1427 1426 1306 
4104 6408 6231 2433 6699 
4105 5229 5228 5227 3752 
4106 1661 1659 7669 2007 
4107 2360 1113 1112 1039 
4108 1582 1509 1507 1508 
4109 3746 3691 6703 3759 
4110 5964 6801 5970 5966 
4111 5180 5733 7934 5907 
4112 1182 1183 1184 1181 
4113 8173 4608 4609 5313 
4114 4050 2918 3624 3625 
4115 2025 2370 6434 2024 
4116 3085 6304 7543 5973 
4117 1489 1578 4139 4131 
4118 2681 2682 6501 3253 
4119 6200 1951 1950 1949 
4120 90 6198 1223 295 
4121 762 761 6792 764 
4122 3059 2275 2276 2329 
4123 1545 1540 1548 1546 
4124 3886 5812 2180 6793 
4125 2393 2587 6733 2050 
4126 4387 5056 6196 3578 
4127 862 6691 2188 863 
4128 3337 2749 2225 2748 
4129 900 897 8265 7737 
4130 4242 4694 7648 4243 
4131 1999 6618 2829 2339 
4132 3241 3035 3239 3240 
4133 2560 3613 6151 6545 
4134 2601 2598 2599 2600 
4135 1457 1452 1459 1458 
4136 4230 4229 7402 4875 
4137 6537 3330 4047 4048 
4138 4157 4447 7779 4233 
4139 575 574 654 6576 
4140 814 1118 7161 812 
4141 1707 1705 7087 2169 
4142 4696 3971 8074 4697 
4143 3744 7193 8027 5346 
4144 576 575 6576 698 
4145 5116 3062 7639 7260 
4146 1197 1196 1193 1195 
4147 6622 4027 8399 5468 
4148 4192 5727 8296 4266 
4149 7351 6423 4251 4858 
4150 2028 2509 2962 2508 
4151 5976 1120 841 831 
4152 4585 5059 6350 3890 
4153 4080 4079 6739 4469 
4154 940 1019 6522 942 
4155 1714 1712 1711 1713 
4156 1949 2168 3089 6200 
4157 5718 4125 6560 5719 
4158 1493 1474 1495 1494 
4159 520 6167 7337 519 
4160 6163 7000 65 271 
4161 1828 1830 1840 1829 
4162 2006 2028 2508 2027 
4163 572 571 6257 696 
4164 1991 1918 1921 1992 
4165 5009 3853 7298 5010 
4166 1841 1938 2206 1937 
4167 87 6007 2253 292 
4168 146 352 630 6287 
4169 5165 5172 7686 6946 
4170 3348 3882 4373 3881 
4171 4786 3540 3541 3550 
4172 3938 6102 7078 4281 
4173 3463 3100 6659 3464 
4174 6274 5631 7464 6275 
4175 2750 3348 3881 3289 
4176 5500 5499 5502 5501 
4177 3372 2934 3283 6378 
4178 5313 4609 6750 7045 
4179 85 6099 872 290 
4180 5807 1147 1146 1113 
4181 3782 5410 8471 6439 
4182 1716 1714 1713 1715 
4183 4672 5148 8263 6390 
4184 2006 2005 2383 5877 
4185 4025 6033 6999 6034 
4186 8436 4351 3633 3634 
4187 7170 5915 8244 1597 
4188 1718 1716 1715 1717 
4189 3466 3464 6659 3467 
4190 1669 1757 6407 1662 
4191 6640 7320 2809 3543 
4192 1515 1516 1518 1514 
4193 1012 1010 1008 1011 
4194 1277 1276 6400 3502 
4195 54 6286 615 259 
4196 1743 1816 1818 1817 
4197 1216 3050 5592 1212 
4198 6130 2871 2870 2252 
4199 5068 5551 8497 5550 
4200 1720 1718 1717 1719 
4201 2272 2095 2120 2121 
4202 931 1006 1008 1007 
4203 6253 1295 1298 1299 
4204 5659 663 8146 5661 
4205 4965 4963 4967 4966 
4206 2322 5838 7441 2756 
4207 1722 1720 1719 1721 
4208 1655 1656 1744 6544 
4209 921 920 6535 937 
4210 5869 5875 6693 5872 
4211 3236 2651 2944 3233 
4212 324 2271 6326 118 
4213 526 527 6262 697 
4214 2038 2037 7961 2040 
4215 571 570 652 6257 
4216 2002 2379 2651 2001 
4217 3748 3749 6470 3752 
4218 1716 1718 8393 7848 
4219 4985 4984 4983 4977 
4220 2001 2651 3236 6607 
4221 3819 3820 4295 5999 
4222 6128 2670 2669 2668 
4223 5619 6238 2737 3607 
4224 3375 3088 3379 3376 
4225 1815 1743 1742 1694 
4226 89 6215 2232 294 
4227 4277 4360 8028 7436 
4228 2890 4313 7606 6208 
4229 5729 1094 1093 1092 
4230 644 413 412 6586 
4231 527 528 655 6262 
4232 1210 1209 1206 1208 
4233 2737 2735 8117 3607 
4234 6477 3757 3285 2691 
4235 5796 5797 6845 5798 
4236 1724 1722 1721 1723 
4237 4269 4268 3627 3796 
4238 6428 1959 1958 1957 
4239 5189 4902 8091 7444 
4240 3687 4215 4232 4015 
4241 3394 3393 3928 3430 
4242 4032 3399 4034 4033 
4243 3235 2783 2784 3101 
4244 3447 3448 3748 6534 
4245 5646 6989 8518 4436 
4246 2821 5457 8602 6808 
4247 3567 3565 3564 3566 
4248 1317 1443 3268 3234 
4249 1102 6141 8586 1128 
4250 3197 1693 1694 1742 
4251 5954 1308 1307 1120 
4252 6430 6429 3174 3684 
4253 7225 5532 8469 4882 
4254 6136 1601 1825 1826 
4255 5467 3991 4676 4677 
4256 528 529 6269 655 
4257 4538 4041 4039 4537 
4258 259 615 6453 53 
4259 529 530 699 6269 
4260 1531 1530 1533 1532 
4261 1471 1469 1473 1472 
4262 2369 2585 6426 2782 
4263 1898 1899 1900 1821 
4264 352 147 6481 630 
4265 3094 4333 7517 7282 
4266 530 531 6271 699 
4267 3642 3370 6475 3643 
4268 3389 3387 3385 3388 
4269 741 1111 8278 743 
4270 531 532 663 6271 
4271 2326 6703 3691 2951 
4272 1887 1891 7680 5360 
4273 2720 6883 3419 3115 
4274 84 6103 2314 289 
4275 3381 6540 6541 3380 
4276 583 582 666 6282 
4277 4325 5094 8257 2672 
4278 5140 4784 3109 3819 
4279 7829 1398 8000 6020 
4280 5944 5945 8185 4636 
4281 5840 5910 7197 7709 
4282 6718 3319 4225 4226 
4283 1190 1189 1187 1188 
4284 1726 1724 1723 1725 
4285 580 579 6276 700 
4286 4697 4698 4699 4696 
4287 579 578 662 6276 
4288 3234 3268 4325 4104 
4289 3382 3378 3926 3383 
4290 2188 6691 5502 5499 
4291 853 852 2244 858 
4292 4099 4895 8321 5451 
4293 4827 5462 3715 8387 
4294 7278 3320 2911 2435 
4295 4368 3763 4370 4369 
4296 535 536 667 6279 
4297 534 535 6279 701 
4298 1323 1322 1300 1321 
4299 4324 4323 8445 4829 
4300 765 767 7207 1498 
4301 3500 2848 6676 6315 
4302 3278 3277 3257 3259 
4303 830 832 834 833 
4304 3415 4932 4933 3877 
4305 7561 3535 7998 6394 
4306 6235 342 137 2744 
4307 491 7412 8563 490 
4308 779 2104 7175 7752 
4309 5037 1063 1064 1065 
4310 4590 4285 5686 5759 
4311 7571 7109 8190 3544 
4312 3545 2136 2133 7038 
4313 1161 8503 7952 1164 
4314 2341 3270 3429 2968 
4315 4360 4277 3490 7715 
4316 4451 4051 3625 4256 
4317 4681 4679 4587 4680 
4318 7630 6301 4244 7002 
4319 3760 4408 7442 5757 
4320 1898 1821 1820 1819 
4321 267 631 6242 61 
4322 4522 7304 6144 6756 
4323 586 585 668 6626 
4324 3285 3404 6601 2691 
4325 6143 5851 5850 7153 
4326 1536 1537 1539 1538 
4327 1425 1506 1507 1505 
4328 4643 2944 2651 2379 
4329 86 6079 2270 291 
4330 356 151 6811 620 
4331 901 4945 5528 7036 
4332 1641 1643 1645 1644 
4333 408 407 6831 715 
4334 3500 4660 5281 4659 
4335 1819 2847 1817 1818 
4336 5457 2821 837 8023 
4337 4799 6567 8437 4030 
4338 3870 7971 6743 8165 
4339 1453 3473 5521 1416 
4340 546 682 6499 545 
4341 6169 6780 6781 4512 
4342 4413 4008 6404 4839 
4343 4869 4870 4871 4868 
4344 2402 2401 2400 2399 
4345 1485 1484 1426 1427 
4346 1685 3311 7974 1775 
4347 1178 1177 1175 1176 
4348 3174 3176 6469 3684 
4349 1746 1668 7705 4494 
4350 410 409 6839 670 
4351 5906 1282 6771 8308 
4352 6333 6334 6597 6596 
4353 6209 4151 2800 4171 
4354 273 68 635 6212 
4355 1108 1246 1247 1141 
4356 1502 1478 6750 1503 
4357 834 835 8320 833 
4358 6265 6012 718 7395 
4359 4862 4863 3621 3359 
4360 794 795 6825 793 
4361 5578 5627 7803 5585 
4362 7622 3703 8224 4299 
4363 2267 2114 2630 2268 
4364 1532 1533 1535 1534 
4365 4091 3986 4638 4092 
4366 2767 2766 2765 2747 
4367 1108 1141 6987 1140 
4368 4544 4546 6610 4543 
4369 4754 4753 6812 6134 
4370 3270 3569 4178 3429 
4371 5884 8204 2540 8184 
4372 1555 6581 1306 1426 
4373 4107 3074 2811 3245 
4374 723 487 486 7938 
4375 722 7937 507 508 
4376 1477 1309 4124 6651 
4377 4052 3447 6534 4083 
4378 4175 7211 6156 6701 
4379 7284 4992 4463 4100 
4380 2176 1419 1418 1308 
4381 2499 2603 3225 3224 
4382 1604 6424 3494 1700 
4383 7142 4168 2571 4476 
4384 6261 6585 8509 4687 
4385 2324 2325 2512 2035 
4386 1607 1551 1550 1606 
4387 3542 6402 3206 3208 
4388 5191 7980 3161 3305 
4389 5385 5384 5376 4648 
4390 1306 6581 1283 1284 
4391 2228 2085 2551 2552 
4392 5788 6204 1540 1539 
4393 2339 2357 8414 2269 
4394 1722 1724 8371 7716 
4395 764 6792 5614 2323 
4396 4792 5867 7953 5941 
4397 5722 1592 1382 1387 
4398 6195 1931 223 18 
4399 2803 3696 4633 3695 
4400 1739 1781 1964 1687 
4401 1562 6478 1480 1482 
4402 3482 3484 3485 3483 
4403 1198 1194 6793 1288 
4404 1482 1480 1319 1481 
4405 6305 7160 6432 4508 
4406 355 150 6266 2510 
4407 4400 4399 3389 3388 
4408 3770 4553 8029 5062 
4409 2097 4168 7870 6584 
4410 2721 7317 2377 2376 
4411 2577 5343 7986 5748 
4412 2960 2961 6434 2370 
4413 7433 4648 4647 4545 
4414 3176 3178 3563 6469 
4415 658 5928 8133 6124 
4416 7871 439 438 6907 
4417 2077 2078 2608 1973 
4418 883 884 888 882 
4419 1521 1523 1524 1522 
4420 3349 2984 3351 3350 
4421 1116 1240 1241 1117 
4422 278 2397 6263 72 
4423 2377 2378 7024 2375 
4424 1648 1599 6822 1758 
4425 6328 3772 3681 3680 
4426 4663 3192 3818 3871 
4427 7478 3158 3872 4935 
4428 1466 1464 1463 1465 
4429 6018 6061 4438 4439 
4430 3235 3101 6448 3784 
4431 4003 4002 4005 4004 
4432 3749 3751 3935 6470 
4433 4971 4970 4981 4980 
4434 1858 3713 8036 5155 
4435 351 146 6287 2496 
4436 8053 6027 7422 719 
4437 3671 3672 7956 4691 
4438 1014 1004 6942 1015 
4439 1034 1116 1117 1035 
4440 2982 3911 4472 4471 
4441 2983 5233 4981 8286 
4442 2958 2779 7033 4941 
4443 3754 3269 2962 3633 
4444 6131 4022 4146 6549 
4445 566 565 7140 637 
4446 2795 2548 2550 6936 
4447 7701 479 478 7826 
4448 3485 6171 6675 3483 
4449 2849 2831 7523 2850 
4450 1899 1901 1902 1900 
4451 4159 2588 2931 2956 
4452 4696 4695 3554 3971 
4453 1916 1914 1737 1915 
4454 826 820 819 821 
4455 317 1123 5815 111 
4456 3198 3777 4616 6425 
4457 935 1034 1035 936 
4458 2124 5818 8099 3486 
4459 2397 6325 8225 5065 
4460 5734 5054 4136 6895 
4461 3244 4650 7787 4651 
4462 5534 1574 1573 1572 
4463 989 987 986 988 
4464 5961 5965 5971 6841 
4465 553 723 6265 552 
4466 6234 1770 1769 1908 
4467 2012 2011 1961 1963 
4468 4916 4918 6308 6520 
4469 3452 3213 2936 3451 
4470 260 2497 6286 54 
4471 797 804 1593 796 
4472 4033 4034 4036 4035 
4473 8115 7908 5752 3472 
4474 5262 5460 8630 7894 
4475 831 829 6943 5976 
4476 1374 5341 8435 1372 
4477 2313 918 935 936 
4478 6457 3312 3308 3018 
4479 549 6295 702 548 
4480 594 593 703 6296 
4481 4035 4036 4038 4037 
4482 6549 4146 8126 6252 
4483 1690 1581 1580 1575 
4484 2054 2051 1996 2053 
4485 2979 2980 6016 3492 
4486 5839 5840 7709 5925 
4487 2212 2358 2811 2359 
4488 1189 1190 6053 2240 
4489 4017 6337 7790 4495 
4490 4396 7083 4367 6902 
4491 2989 6191 6949 3955 
4492 3182 6504 3563 3180 
4493 2918 2673 2674 2913 
4494 917 915 854 860 
4495 7174 7307 5006 5114 
4496 5049 5048 8596 7742 
4497 1248 2220 2221 1305 
4498 4241 4198 3325 3327 
4499 6091 4976 4974 7248 
4500 2670 2672 2673 2671 
4501 1524 1523 6044 1525 
4502 345 6256 632 139 
4503 1865 1866 1868 1867 
4504 5038 6093 4232 4215 
4505 3639 6297 6662 4529 
4506 7438 5914 8580 617 
4507 4146 4022 3417 3418 
4508 8043 6734 2982 4471 
4509 4300 6160 8524 5042 
4510 2780 2221 2697 2698 
4511 6208 2780 2781 2890 
4512 714 451 450 6720 
4513 4990 7877 629 7149 
4514 4313 2890 2891 2892 
4515 72 6263 608 277 
4516 6506 6505 6504 3657 
4517 2648 6117 6866 2646 
4518 8566 4174 7860 5305 
4519 6591 2422 2421 2019 
4520 595 594 6296 719 
4521 550 718 6295 549 
4522 1406 1408 1438 1407 
4523 1408 1439 1511 1438 
4524 5075 4386 3898 3899 
4525 4243 7648 5536 7773 
4526 4937 4938 6980 4227 
4527 1276 1277 1278 1275 
4528 6002 4346 4345 3772 
4529 4947 4276 4629 7775 
4530 5039 5492 8428 5040 
4531 1424 1425 1505 6583 
4532 1757 1669 6498 1836 
4533 4395 5944 4075 6609 
4534 5273 7226 6724 6385 
4535 2016 2017 2019 2018 
4536 1317 6542 1280 1311 
4537 1486 6574 2495 1485 
4538 3133 3482 3483 3134 
4539 7801 3403 8171 5537 
4540 1200 1199 1196 1197 
4541 3752 5227 6534 3748 
4542 930 1009 1038 1005 
4543 1280 6542 1278 1279 
4544 1459 1452 1451 6177 
4545 6289 6776 3636 4815 
4546 2586 3858 5000 5950 
4547 3821 2669 2670 2671 
4548 1955 1954 1952 1953 
4549 3184 3657 6504 3182 
4550 6559 4042 4038 4036 
4551 3106 2285 2286 2287 
4552 2130 2165 8480 2131 
4553 3225 4542 4544 4543 
4554 966 965 4028 967 
4555 1284 1283 1280 1281 
4556 139 632 6313 344 
4557 935 918 915 917 
4558 5960 5961 6841 5959 
4559 820 818 817 819 
4560 2457 2459 2460 2458 
4561 7768 6721 4106 7675 
4562 1831 1832 2191 1777 
4563 4663 6501 2682 3192 
4564 1726 1727 1729 1728 
4565 7923 4689 3758 6317 
4566 1953 1952 1950 1951 
4567 3268 7021 5094 4325 
4568 2315 4361 8295 6294 
4569 3208 3209 4110 3211 
4570 5784 1130 1129 1073 
4571 6166 315 110 2186 
4572 7535 5104 7974 3311 
4573 4784 5140 8400 3895 
4574 3558 6876 2036 2037 
4575 5591 8384 499 500 
4576 320 1131 5946 114 
4577 2946 5403 7673 3077 
4578 5986 1570 1569 1568 
4579 3186 6518 3657 3184 
4580 2706 2725 3254 2724 
4581 2312 2394 6756 1016 
4582 6652 4392 5326 6118 
4583 1057 1274 1276 1275 
4584 3370 3642 6434 2961 
4585 1659 1660 6784 1658 
4586 468 467 690 6579 
4587 3313 3314 6832 730 
4588 2015 1774 2017 2016 
4589 8488 4162 3193 2609 
4590 4741 5192 6726 8424 
4591 5029 7818 5010 7298 
4592 4556 944 942 6522 
4593 3631 3632 3965 3227 
4594 3326 3619 4365 6339 
4595 143 621 6320 348 
4596 3766 3765 3710 3712 
4597 3192 2682 2516 3191 
4598 1901 1903 1904 1902 
4599 4985 7253 8552 4987 
4600 1117 1241 1425 1424 
4601 1494 5361 8258 4736 
4602 4506 3260 3740 4158 
4603 4815 3636 3637 4814 
4604 5825 5826 8118 7394 
4605 3208 3206 3204 3207 
4606 3104 3105 6426 2585 
4607 338 6226 636 132 
4608 5243 4845 4410 4844 
4609 1079 1081 1082 1080 
4610 64 270 607 6300 
4611 1730 1733 1845 1734 
4612 4010 2667 6837 4011 
4613 3128 7031 8316 5387 
4614 2936 2333 2332 2935 
4615 6308 4918 4919 7373 
4616 3640 4187 7285 3513 
4617 2623 2083 6862 2680 
4618 4293 6874 5527 4294 
4619 5045 5044 4043 4042 
4620 5773 5998 8395 5774 
4621 2784 3102 6448 3101 
4622 5863 7402 4229 5864 
4623 6855 5210 3548 6772 
4624 3206 6402 4049 3210 
4625 2550 2683 2684 3139 
4626 7087 4674 4082 6938 
4627 1734 1845 2048 1846 
4628 5151 5153 7806 2214 
4629 2844 3223 4141 3222 
4630 1296 1149 1151 6447 
4631 3976 4442 8499 6064 
4632 2782 3133 3134 2808 
4633 4327 3677 3454 4326 
4634 2207 8546 5786 8025 
4635 1632 5998 5773 8379 
4636 287 6076 613 81 
4637 8368 5685 6913 2675 
4638 6676 2848 1908 1769 
4639 344 6313 2745 138 
4640 3006 6492 3913 3004 
4641 2275 2273 2121 2274 
4642 639 453 452 6744 
4643 2343 6684 4740 2344 
4644 5482 5483 7483 4860 
4645 2133 2131 8480 7038 
4646 1114 1751 1769 1752 
4647 975 977 979 978 
4648 1317 1311 3261 1443 
4649 842 843 6696 846 
4650 6306 3209 3208 3207 
4651 2543 863 864 6585 
4652 2719 2087 6883 2720 
4653 4656 6536 8139 4653 
4654 6716 2572 2570 4089 
4655 2325 2513 6427 2512 
4656 437 711 6907 438 
4657 5606 2361 2217 2211 
4658 4186 3096 2737 6238 
4659 1221 1220 1214 1215 
4660 5982 1567 1566 1557 
4661 2727 2739 8535 2321 
4662 1980 2252 2870 2251 
4663 3404 3666 4743 4591 
4664 2333 2331 2330 2332 
4665 4683 4681 4680 4682 
4666 7262 1583 1692 6952 
4667 1056 994 1274 1057 
4668 1554 1610 2404 6769 
4669 4037 4038 6777 4039 
4670 1699 1980 2251 1979 
4671 2318 2500 6436 2501 
4672 2713 2905 6330 2714 
4673 319 6047 949 113 
4674 3409 3529 3531 3530 
4675 2461 2463 2464 2462 
4676 1009 1039 1112 1038 
4677 2331 2329 2276 2330 
4678 4363 7345 7761 4509 
4679 150 356 620 6266 
4680 2178 4935 4936 7356 
4681 3226 3224 6570 3586 
4682 4977 6090 7253 4985 
4683 6299 1557 1556 1476 
4684 3576 3344 3869 3577 
4685 4602 3538 3539 4409 
4686 5973 6525 6127 3085 
4687 4496 4495 7790 6237 
4688 3445 3867 4497 4416 
4689 5345 5836 7743 5837 
4690 1249 1247 1246 1248 
4691 6345 5355 8373 5530 
4692 3362 2787 2638 2838 
4693 1651 3589 3590 1978 
4694 1656 1658 6784 1744 
4695 2687 2685 2684 2686 
4696 685 6873 5927 5926 
4697 4290 3922 4942 4377 
4698 1052 1054 8144 6190 
4699 4982 8621 4129 6884 
4700 2008 6577 1818 1816 
4701 4927 3847 4928 7931 
4702 4142 3307 6619 4143 
4703 1983 2583 2833 2584 
4704 2603 4541 4542 3225 
4705 909 6738 6009 7072 
4706 2584 2833 3417 2834 
4707 314 6178 6556 108 
4708 5898 6662 6297 4337 
4709 1662 6407 6784 1660 
4710 1977 2367 2903 2366 
4711 1317 3234 6857 3978 
4712 1201 1202 6082 1211 
4713 1228 1227 1220 1221 
4714 1087 1088 1089 6935 
4715 2896 2276 2275 2274 
4716 4808 7207 769 6688 
4717 6210 4874 3759 6703 
4718 5212 5213 7322 6957 
4719 958 2246 7387 955 
4720 1456 1602 1825 1601 
4721 3421 6011 7588 6115 
4722 8086 4629 4630 4813 
4723 3539 4410 6533 4409 
4724 1445 1497 1558 1446 
4725 3852 6064 8499 5512 
4726 3680 3892 5610 6328 
4727 2894 2933 3282 2934 
4728 7675 4347 7159 7768 
4729 2749 3337 4084 6620 
4730 5605 115 321 7643 
4731 2873 2872 2421 2422 
4732 348 6320 2494 142 
4733 2894 2892 2891 2893 
4734 1147 1434 1433 1289 
4735 1761 1762 1764 1763 
4736 1492 1977 2366 1976 
4737 729 730 6832 727 
4738 1763 1764 1813 1765 
4739 5956 5957 5962 5987 
4740 6654 2931 2588 2514 
4741 5711 7881 7983 5713 
4742 3324 5745 7333 3489 
4743 2030 1826 1825 2029 
4744 1804 1802 1800 1803 
4745 1853 1854 1856 1857 
4746 4203 4347 7534 3659 
4747 4182 4072 3452 3451 
4748 4167 3818 3192 3191 
4749 988 1492 1976 990 
4750 725 5536 7648 728 
4751 173 6367 618 378 
4752 3474 2891 2890 2781 
4753 132 636 6284 337 
4754 4200 2920 7518 4348 
4755 2840 3281 6891 3279 
4756 1765 1813 1969 1814 
4757 7951 8026 4466 6713 
4758 3318 3317 2911 3320 
4759 2476 2472 8294 7091 
4760 5177 2986 7849 5184 
4761 1351 6077 7170 1356 
4762 1015 6942 3137 1024 
4763 1844 3244 4292 3243 
4764 818 816 815 817 
4765 4900 4791 8119 6510 
4766 40 6363 604 245 
4767 4439 6016 8304 6017 
4768 3533 3680 3681 3014 
4769 835 834 2610 836 
4770 5749 4400 8433 5546 
4771 5505 7048 7088 5194 
4772 2516 2030 2029 2515 
4773 812 813 815 814 
4774 195 401 6368 616 
4775 2093 2094 2120 2095 
4776 1741 1993 2434 1994 
4777 5119 5120 6863 5121 
4778 937 6535 4149 2578 
4779 795 1132 4121 6825 
4780 7743 5836 7439 1355 
4781 3673 7181 1773 2015 
4782 944 4556 6592 945 
4783 4592 3830 8296 4613 
4784 1802 1805 1943 6969 
4785 2089 1970 1969 2088 
4786 2725 3255 6805 3254 
4787 4542 4545 4647 4544 
4788 2390 5186 8055 5187 
4789 4285 4284 3661 3662 
4790 1499 3084 6774 6672 
4791 1435 1559 1699 1560 
4792 598 597 6264 722 
4793 8528 7345 4155 5144 
4794 1951 6200 6701 6156 
4795 987 985 984 986 
4796 4959 4327 4326 4478 
4797 1602 1456 8511 1747 
4798 1342 1456 1601 1455 
4799 4186 4185 3998 3096 
4800 3518 6241 8338 3919 
4801 6050 6164 8310 949 
4802 3642 4536 6952 6434 
4803 3447 4052 6606 2849 
4804 1018 1017 933 934 
4805 290 872 6103 84 
4806 7806 3963 3961 5479 
4807 2958 7059 3103 2957 
4808 1595 1065 1066 1067 
4809 4725 4538 5113 6224 
4810 6725 3580 4266 5011 
4811 5297 3283 3548 4074 
4812 1325 1324 1322 1323 
4813 3134 4181 6856 2808 
4814 3271 3054 3273 3272 
4815 1419 2176 5956 5977 
4816 1500 1652 1762 1761 
4817 1006 931 930 1005 
4818 6158 4302 4303 4384 
4819 8384 5591 4043 5044 
4820 1726 5628 8371 1724 
4821 3662 3661 3045 3335 
4822 6160 4300 4301 4302 
4823 4996 4995 4248 4994 
4824 1655 6821 1578 1579 
4825 5042 4298 4299 4300 
4826 4131 6574 1486 1489 
4827 492 7216 7412 491 
4828 1152 1153 6446 1151 
4829 447 446 6950 641 
4830 2855 6926 2182 2184 
4831 6443 6442 4988 7242 
4832 1741 1580 1581 1740 
4833 857 908 930 909 
4834 4403 4402 5835 4818 
4835 5378 8268 7762 5708 
4836 3286 2905 3010 3148 
4837 1843 2265 2718 6298 
4838 2567 2568 2662 2477 
4839 5235 2792 2180 5812 
4840 1961 1960 1958 1959 
4841 923 913 7039 4176 
4842 3055 4487 6872 2243 
4843 6231 6408 6784 6407 
4844 5326 4392 4158 3740 
4845 3010 3923 4134 3148 
4846 4153 3805 4329 4328 
4847 1878 1877 1880 1879 
4848 5491 4333 4024 4524 
4849 1793 1792 1795 1794 
4850 2831 2849 6606 2830 
4851 1477 6651 2991 1984 
4852 5924 8161 5022 5024 
4853 4011 6837 5835 4402 
4854 848 856 908 857 
4855 7759 4777 3314 4776 
4856 4685 4901 4903 4902 
4857 2948 2947 2950 2949 
4858 2815 6687 7390 2813 
4859 2379 2002 2004 6634 
4860 4011 4402 7179 4401 
4861 6800 4179 3429 4178 
4862 4608 3494 6424 4609 
4863 279 74 2391 6267 
4864 1309 1254 6987 4124 
4865 808 809 811 810 
4866 8395 6616 1628 1636 
4867 978 979 981 980 
4868 6101 6699 7078 6102 
4869 6721 6323 4105 4106 
4870 5451 4950 8480 7900 
4871 1918 1916 1915 1917 
4872 3752 6470 6944 5229 
4873 3624 6491 4256 3625 
4874 3217 6420 5285 3781 
4875 1497 1586 5887 1558 
4876 715 6839 409 408 
4877 234 6346 603 28 
4878 4890 7535 8626 4889 
4879 2300 6897 3506 2307 
4880 3801 2722 3803 3802 
4881 2974 3290 7717 2943 
4882 2644 6409 3581 2927 
4883 1478 1637 7045 6750 
4884 4806 4515 4201 4202 
4885 149 355 2510 6386 
4886 5672 3474 2781 6785 
4887 119 6312 2271 324 
4888 1341 1250 1251 1340 
4889 806 807 809 808 
4890 5218 7609 5250 4307 
4891 3360 2929 8298 3361 
4892 1483 1482 1481 1605 
4893 4135 4136 5053 3676 
4894 8541 5633 4278 7152 
4895 51 6387 2511 256 
4896 1251 1250 1129 1130 
4897 291 2270 6099 85 
4898 28 603 6365 233 
4899 1174 1173 7615 3128 
4900 2206 1938 2196 6414 
4901 1930 1932 1933 1934 
4902 1580 5780 7568 1575 
4903 211 6341 601 5 
4904 3359 6896 7371 4862 
4905 7364 7456 537 538 
4906 16 222 6369 602 
4907 640 6831 407 406 
4908 1289 1433 1559 1435 
4909 6142 1934 1933 1968 
4910 845 847 856 848 
4911 4677 4745 8069 5220 
4912 6601 2230 2231 2691 
4913 2848 3500 3911 2982 
4914 2634 2632 6906 6482 
4915 1570 1572 1573 1571 
4916 6790 5981 5979 5980 
4917 3823 6919 3044 3166 
4918 5615 5613 2323 5614 
4919 3626 3627 6636 3278 
4920 802 803 807 806 
4921 227 22 6355 611 
4922 4527 3041 3157 4218 
4923 4685 4683 6249 4901 
4924 5887 3415 2817 1558 
4925 240 6351 610 34 
4926 3459 4118 6836 4119 
4927 1922 1689 7348 6623 
4928 995 947 945 6592 
4929 3829 3557 7798 3830 
4930 5502 5503 7512 5501 
4931 5119 5117 7368 5120 
4932 2693 7201 4193 6975 
4933 2627 6396 2414 2413 
4934 4202 4201 4200 4348 
4935 824 822 6879 6445 
4936 2934 3282 3548 3283 
4937 7047 3304 3136 5272 
4938 4716 4180 3765 3766 
4939 4325 2672 2670 6128 
4940 337 6284 6531 131 
4941 3412 3201 2956 2931 
4942 1088 1090 1091 1089 
4943 269 64 6300 3012 
4944 7705 2007 7727 5416 
4945 7877 4649 4592 7652 
4946 11 6384 609 216 
4947 4066 3955 6949 4067 
4948 3629 3140 2364 2363 
4949 55 6382 2497 260 
4950 1944 1946 6958 1873 
4951 2341 2968 3537 2625 
4952 779 778 1647 780 
4953 5640 4805 4804 7987 
4954 4342 3990 3945 3551 
4955 4258 5193 7597 5195 
4956 2964 4668 6345 4123 
4957 378 618 6347 172 
4958 1026 1040 7372 1025 
4959 2158 2222 2629 2350 
4960 3945 3550 3541 3551 
4961 2706 2724 6427 2513 
4962 1276 1274 6851 6400 
4963 6830 7507 6714 6829 
4964 204 468 6579 6933 
4965 585 584 7099 668 
4966 1359 1358 1597 1360 
4967 1784 1767 1698 1783 
4968 4745 4677 4676 4744 
4969 1946 2216 2723 6958 
4970 1120 1307 4237 841 
4971 828 829 831 830 
4972 2151 2159 2222 2158 
4973 3945 3990 4676 3991 
4974 2836 2749 6620 2844 
4975 2648 3015 3541 3540 
4976 5094 2914 2674 8257 
4977 999 998 7431 1000 
4978 3197 1742 6630 4128 
4979 288 2342 6161 82 
4980 988 990 6532 989 
4981 1267 1249 6868 1268 
4982 2465 2467 2468 2466 
4983 4356 4610 8393 5458 
4984 830 831 841 832 
4985 2597 2598 7385 2596 
4986 1926 1927 6348 1928 
4987 1488 2612 7023 6247 
4988 2826 2295 2296 2297 
4989 4277 2965 2966 3490 
4990 6437 2807 8246 5996 
4991 4369 4370 4372 4371 
4992 7334 4479 8533 5816 
4993 125 6309 627 330 
4994 53 6453 3123 258 
4995 1695 1680 2675 1696 
4996 1142 1140 6987 1254 
4997 4543 6570 3224 3225 
4998 2290 2292 2294 2293 
4999 5706 4189 6990 5762 
5000 2489 6755 8130 5880 
5001 6145 6614 6613 651 
5002 2590 2783 6684 2343 
5003 1081 1083 6906 1082 
5004 293 871 6007 87 
5005 1960 1961 2011 6471 
5006 8008 612 7892 5655 
5007 1720 5458 8393 1718 
5008 1239 1420 6754 3019 
5009 384 626 6356 178 
5010 1817 6630 1742 1743 
5011 651 6613 6488 6107 
5012 1073 1072 1017 1018 
5013 2712 2501 6436 2713 
5014 292 2253 6079 86 
5015 118 6326 1106 323 
5016 7077 8430 7597 2777 
5017 3522 2853 2639 2640 
5018 2856 2857 3901 2855 
5019 1280 1279 6645 1281 
5020 984 4027 6622 986 
5021 4796 5520 8317 700 
5022 4621 4620 4619 4496 
5023 379 2592 6367 173 
5024 5837 7294 5231 5345 
5025 342 6235 7734 136 
5026 4206 5479 3961 3962 
5027 4068 8011 6142 6872 
5028 1175 6866 1171 1172 
5029 3377 3376 6708 3378 
5030 7151 6113 7157 3953 
5031 4108 5459 8026 7951 
5032 5575 5576 5579 5574 
5033 2484 3315 3952 3549 
5034 2245 1170 7028 2355 
5035 3420 3402 3115 3419 
5036 4698 4700 4867 4699 
5037 1073 5642 5643 5784 
5038 2944 3353 6903 3233 
5039 1891 1887 1888 1889 
5040 4112 3834 3534 3535 
5041 1781 1966 2178 1964 
5042 4182 3451 2936 6521 
5043 3357 4483 4490 3358 
5044 769 771 775 6688 
5045 3025 3026 3027 2938 
5046 4261 8024 8478 5000 
5047 401 196 2595 6368 
5048 5409 5284 6281 7407 
5049 1437 1436 1418 1419 
5050 147 353 2910 6481 
5051 2514 2588 6471 2011 
5052 4742 7330 6455 5489 
5053 6331 6333 7670 6547 
5054 5310 3729 3992 4314 
5055 1832 2192 6272 2191 
5056 167 6383 625 372 
5057 6230 7254 6069 2349 
5058 2687 2686 2898 2688 
5059 333 2387 6497 127 
5060 246 2566 6363 40 
5061 160 366 619 6364 
5062 6528 6564 7609 5218 
5063 2469 5139 8294 2472 
5064 3485 3939 6813 3940 
5065 1745 2010 7602 2218 
5066 1820 1821 1900 6858 
5067 4994 4998 7542 4996 
5068 3277 3278 6636 3874 
5069 1476 1475 1436 1437 
5070 3107 2264 2794 2987 
5071 904 858 2244 6602 
5072 4701 4468 7969 4939 
5073 4234 3112 2950 3504 
5074 2071 2068 6307 2072 
5075 143 349 3782 6439 
5076 828 825 824 827 
5077 1856 2097 6584 1857 
5078 5460 7548 540 541 
5079 151 357 6679 6811 
5080 3973 823 824 825 
5081 138 2745 6388 343 
5082 1090 1092 1093 1091 
5083 4630 4629 4276 4275 
5084 3856 4501 7276 5018 
5085 58 6964 606 263 
5086 3537 4735 6911 2625 
5087 930 931 6738 909 
5088 3670 4175 6701 3091 
5089 1071 1070 1751 1114 
5090 1213 5823 8530 2227 
5091 2421 2872 6776 3371 
5092 6434 6952 1692 2024 
5093 4498 3586 6570 4658 
5094 6780 1820 6858 6781 
5095 2006 2027 6634 2004 
5096 1079 1080 6870 1077 
5097 5279 7351 4858 8050 
5098 5624 1377 7544 6126 
5099 1969 2341 2625 2088 
5100 2582 4279 8394 8068 
5101 3974 4907 8018 4830 
5102 6876 3558 5040 5041 
5103 8069 6446 1153 1229 
5104 326 6337 7084 120 
5105 6442 5118 5116 7260 
5106 2177 1556 1557 1566 
5107 1270 1269 1227 1228 
5108 5637 5635 7188 5638 
5109 653 7097 523 524 
5110 1682 1681 3296 6600 
5111 400 195 616 6343 
5112 73 6325 2397 278 
5113 285 2381 6232 79 
5114 61 6242 3603 266 
5115 3614 7946 7993 3887 
5116 2698 3109 4784 6785 
5117 866 868 2604 6694 
5118 6607 3236 7271 6608 
5119 4292 4669 6807 3243 
5120 5856 6170 7794 8584 
5121 1430 1553 7054 2895 
5122 7155 7608 4188 8341 
5123 67 273 6212 3683 
5124 6141 1102 1099 1098 
5125 4999 4997 4995 4996 
5126 8294 6052 7945 3426 
5127 4858 4251 4250 4857 
5128 5324 2515 2029 6815 
5129 7311 448 447 7210 
5130 3029 4238 7051 4239 
5131 4431 5605 7643 5222 
5132 8372 4513 4514 4547 
5133 4940 5481 6882 4287 
5134 2343 995 6592 2590 
5135 4135 4831 6895 4136 
5136 3047 3647 4132 3689 
5137 354 149 6386 1547 
5138 2374 2375 7024 2373 
5139 4507 2908 2907 2239 
5140 1786 1787 1789 1788 
5141 1794 1795 6416 1796 
5142 1750 1838 6953 1749 
5143 7221 5141 4394 7471 
5144 1202 1204 7049 6082 
5145 331 3413 6309 125 
5146 257 1517 6387 51 
5147 1432 1423 1269 1270 
5148 343 6388 2744 137 
5149 2963 2503 6611 2964 
5150 5803 7605 7018 5804 
5151 6106 4637 5266 8279 
5152 212 1397 6465 6 
5153 4261 4260 7200 4262 
5154 574 573 7314 654 
5155 1298 1300 6258 1299 
5156 1500 1651 1978 1652 
5157 6033 6121 634 6999 
5158 1770 6234 6878 1772 
5159 184 617 6370 389 
5160 82 6161 6076 287 
5161 294 2232 6004 88 
5162 1788 1789 2311 1790 
5163 1057 1275 6770 1282 
5164 2366 2788 6707 1976 
5165 984 982 7417 6561 
5166 2032 2033 6737 1748 
5167 2492 3049 3723 3722 
5168 326 121 6248 2384 
5169 3164 3446 8007 3753 
5170 7393 8342 8228 2493 
5171 228 23 1399 6452 
5172 3722 3723 3987 3724 
5173 29 6451 6346 234 
5174 6282 7099 584 583 
5175 341 622 7156 135 
5176 874 875 6742 892 
5177 2402 2403 2692 2401 
5178 261 1527 6382 55 
5179 62 7058 631 267 
5180 1492 988 986 6622 
5181 4318 5732 1100 5731 
5182 2994 2995 2996 2993 
5183 1158 1160 6653 1179 
5184 1420 1499 1651 1500 
5185 2001 6607 6953 1838 
5186 4976 4977 4983 4975 
5187 4078 5302 8292 5301 
5188 3096 3060 2736 2737 
5189 6354 3526 3527 4209 
5190 7236 7666 5767 7350 
5191 4377 7540 6992 4290 
5192 1949 1950 6747 1905 
5193 269 6458 2199 63 
5194 22 228 6452 6355 
5195 2495 6574 4131 7037 
5196 2588 4159 6869 6471 
5197 2441 6909 2241 2242 
5198 6947 1642 7763 6132 
5199 264 2493 6964 58 
5200 3194 3132 2688 2898 
5201 241 1401 6461 35 
5202 3084 1499 1420 6727 
5203 1748 6582 1825 1602 
5204 3130 4458 4459 3129 
5205 3125 3476 6902 3475 
5206 349 144 6473 3782 
5207 3538 2871 6852 3539 
5208 5724 2309 2707 2819 
5209 2231 6917 7426 3131 
5210 5778 5779 8390 698 
5211 821 822 824 823 
5212 4181 3134 3483 6675 
5213 4768 4767 4771 4769 
5214 2236 6925 2204 2205 
5215 2787 6550 2637 2638 
5216 5107 5106 5068 5550 
5217 4275 4274 4272 4273 
5218 35 6461 6351 240 
5219 855 7136 6691 862 
5220 2909 3164 3753 7256 
5221 6697 5708 7762 922 
5222 1278 1277 6645 1279 
5223 2714 6330 6973 2865 
5224 3091 6701 6200 3089 
5225 5169 8283 2496 6287 
5226 5050 4095 4096 4353 
5227 6 6465 6341 211 
5228 272 67 3683 6380 
5229 4661 4550 3685 3920 
5230 1921 2230 6663 1992 
5231 3949 3211 4110 6757 
5232 4366 6171 4199 7023 
5233 1096 1095 1093 1094 
5234 255 605 7494 49 
5235 2811 3074 7073 2359 
5236 2647 2750 3015 2648 
5237 6762 6568 1943 6970 
5238 6225 7655 5746 4416 
5239 4496 6237 7131 4621 
5240 4883 5549 7827 6068 
5241 876 878 6742 875 
5242 74 280 6329 2391 
5243 1819 1820 6780 2847 
5244 258 3123 6490 52 
5245 1465 2208 6690 1466 
5246 6382 1527 7825 5529 
5247 266 3603 6397 60 
5248 2780 2698 6785 2781 
5249 4221 4359 7114 4220 
5250 7027 1595 8277 7257 
5251 4561 4560 7822 5448 
5252 396 6352 624 190 
5253 3438 4558 8184 6013 
5254 140 3142 6256 345 
5255 1422 1330 1329 1328 
5256 1930 1928 6348 1932 
5257 6901 6967 4697 8074 
5258 3383 6673 3388 3385 
5259 2737 2736 2734 2735 
5260 1420 1239 1238 6727 
5261 412 411 7637 713 
5262 262 3478 6476 56 
5263 3199 6711 3623 2917 
5264 7967 3011 5279 8050 
5265 2830 2852 7089 2600 
5266 2379 6634 7064 4643 
5267 4008 3214 3841 6404 
5268 2155 2128 2126 7098 
5269 6184 92 298 2181 
5270 446 445 7992 6950 
5271 1177 2647 2648 2646 
5272 5609 750 747 7893 
5273 844 845 6696 843 
5274 5400 4056 5853 8403 
5275 105 5134 5947 310 
5276 3640 4188 7608 4187 
5277 6206 3296 3297 3298 
5278 4164 3193 4162 4163 
5279 3612 5845 7143 5847 
5280 2081 6689 3367 2602 
5281 4036 4034 6973 6559 
5282 69 275 2445 6418 
5283 233 6365 6557 27 
5284 3017 4140 7184 5699 
5285 114 5946 6047 319 
5286 552 6265 7395 551 
5287 5516 5517 8591 623 
5288 3317 3319 6834 2911 
5289 5767 5768 6239 5766 
5290 222 17 6554 6369 
5291 789 2247 7107 5472 
5292 1865 1863 7074 1866 
5293 3588 4482 7744 6223 
5294 6470 3935 6322 6944 
5295 1858 1857 6584 1859 
5296 1432 1541 1596 1423 
5297 63 2199 6456 268 
5298 1903 1905 6747 1904 
5299 4042 4043 6777 4038 
5300 3073 3405 7238 3406 
5301 3444 4287 6882 5214 
5302 4526 6464 8559 5307 
5303 724 726 8419 5899 
5304 353 148 6489 2910 
5305 295 1223 6215 89 
5306 217 6551 6384 11 
5307 1569 2677 7212 1568 
5308 4601 4054 3794 4330 
5309 3125 3475 4120 3124 
5310 5009 4396 3479 3853 
5311 3332 3544 8190 5092 
5312 5811 7188 7454 1296 
5313 1643 1607 1606 6934 
5314 5681 6009 6738 8207 
5315 20 226 6479 2558 
5316 664 5899 8419 4777 
5317 1248 1305 6868 1249 
5318 7860 5541 8503 1163 
5319 7928 6229 8492 3726 
5320 2307 3506 3507 2874 
5321 523 695 7598 522 
5322 4443 6329 8008 5655 
5323 7086 4610 4356 4357 
5324 753 754 8472 755 
5325 3700 5817 8603 4773 
5326 6683 2287 2289 2290 
5327 3081 7352 6381 2041 
5328 3543 2809 2823 3498 
5329 6741 3218 3024 5454 
5330 6667 3826 4503 4887 
5331 7256 3753 8045 7753 
5332 5688 2334 1285 1256 
5333 3704 3705 7127 1929 
5334 4139 4532 7037 4131 
5335 5453 1778 7848 7086 
5336 962 996 6192 960 
5337 1211 1238 1239 1237 
5338 3424 2569 2476 7091 
5339 852 846 6696 6735 
5340 1262 6671 5051 8576 
5341 962 964 5842 6179 
5342 6217 4477 8382 7255 
5343 2688 6843 2883 2689 
5344 4216 2627 3487 3488 
5345 2011 2012 6704 2514 
5346 2798 2799 7062 2356 
5347 3254 3260 6427 2724 
5348 1536 1535 1824 1537 
5349 346 6406 3142 140 
5350 6375 6376 7632 6374 
5351 1954 2611 7273 1952 
5352 174 6459 2592 379 
5353 5210 4470 4074 3548 
5354 1130 1440 8114 1251 
5355 1160 1162 2507 6653 
5356 52 6490 1517 257 
5357 2629 3359 3621 3033 
5358 5909 4851 4164 4163 
5359 3260 3254 6805 3740 
5360 133 6413 6226 338 
5361 4811 7116 8022 4809 
5362 256 2511 7164 50 
5363 3899 3898 3049 3048 
5364 1165 1167 1171 6664 
5365 1521 1522 1594 1520 
5366 1555 1426 1484 6753 
5367 2264 1923 1922 2118 
5368 36 6462 1401 241 
5369 148 354 1547 6489 
5370 1098 1097 1095 1096 
5371 6795 6794 3285 3757 
5372 2879 7126 2545 2547 
5373 225 20 2558 6555 
5374 7077 2009 7511 8430 
5375 7335 662 8390 5779 
5376 4849 4644 4888 8090 
5377 3365 3265 7046 4101 
5378 2716 5997 8442 5333 
5379 144 350 1642 6473 
5380 6018 3078 7906 6019 
5381 2873 3636 6776 2872 
5382 3255 3257 3277 6656 
5383 339 2249 6413 133 
5384 2487 2735 2734 2733 
5385 7607 4355 4356 4884 
5386 2770 2769 1524 1525 
5387 5814 8461 8392 6116 
5388 5581 6042 6321 5580 
5389 4220 7114 7984 4222 
5390 4746 7928 3726 3581 
5391 910 904 6602 6697 
5392 5424 442 441 7688 
5393 5233 8621 4982 4981 
5394 7559 5234 4197 4196 
5395 6509 5695 5696 8486 
5396 4018 6972 3907 3908 
5397 2905 2713 6436 3010 
5398 332 1851 6507 126 
5399 3941 5943 7377 5942 
5400 2958 2957 2574 2779 
5401 6097 708 7960 7616 
5402 5690 4346 6002 6024 
5403 196 402 6467 2595 
5404 4952 4924 4921 4923 
5405 172 6347 6508 377 
5406 6338 4626 4311 4312 
5407 3813 3812 3809 3811 
5408 5903 1241 1240 7146 
5409 60 6397 1667 265 
5410 1268 6670 1481 1319 
5411 2394 3355 4522 6756 
5412 4410 4845 6579 6533 
5413 3777 3776 7319 4453 
5414 5825 2103 8441 5826 
5415 1841 1937 2043 1840 
5416 1190 1191 7057 6053 
5417 38 2562 6484 243 
5418 56 6476 1527 261 
5419 920 910 6697 922 
5420 377 6508 1450 171 
5421 1100 5730 6983 5731 
5422 5106 5107 5108 3098 
5423 1210 1214 3267 1209 
5424 4174 4172 7028 4642 
5425 190 624 6385 395 
5426 6331 1596 1689 1738 
5427 2499 1904 6747 2603 
5428 5014 5187 8055 5188 
5429 2451 2452 2959 2450 
5430 3516 5230 5232 7234 
5431 8249 4137 2754 6787 
5432 4107 3245 5400 4228 
5433 4421 4420 4206 4208 
5434 6223 3294 3587 3588 
5435 41 6474 2566 246 
5436 315 6166 976 109 
5437 7206 673 5992 8059 
5438 1917 1915 6686 4145 
5439 1230 1231 7171 1225 
5440 1287 1263 7664 7297 
5441 297 1222 6154 91 
5442 3985 3496 6706 3986 
5443 1673 1672 2649 1681 
5444 4094 4095 6221 3738 
5445 2918 6732 2671 2673 
5446 270 65 7000 607 
5447 1619 5742 8155 5744 
5448 296 2187 6198 90 
5449 268 6456 7058 62 
5450 5762 6742 878 2699 
5451 178 6356 6515 383 
5452 1618 1620 8579 7203 
5453 2171 2487 2733 2486 
5454 1468 6617 8358 4978 
5455 73 279 6267 1339 
5456 3066 2556 6719 3067 
5457 1638 1749 6953 1896 
5458 5799 5806 7388 8432 
5459 7758 5993 7759 3827 
5460 1085 1086 6906 1083 
5461 2702 2741 3414 2740 
5462 2318 1992 6663 2500 
5463 5617 5618 7485 5615 
5464 2241 2650 6925 2236 
5465 289 2314 7275 83 
5466 1745 1823 2170 2010 
5467 2055 2100 7093 2056 
5468 2369 6856 2903 2367 
5469 608 6263 5820 7522 
5470 5478 2297 2298 2299 
5471 4711 3949 6757 5318 
5472 1192 1193 7057 1191 
5473 3143 5905 5321 7749 
5474 2993 2992 2764 2843 
5475 3975 4826 7777 4441 
5476 7194 4137 8249 5700 
5477 5460 541 542 8630 
5478 6353 4486 4747 5554 
5479 6532 990 1976 6707 
5480 6853 5930 7627 4061 
5481 1823 2171 2486 2170 
5482 2865 6973 4034 3399 
5483 3417 2833 7383 3418 
5484 3110 2676 3215 3214 
5485 2838 3363 6788 3362 
5486 2019 2017 6878 6591 
5487 1798 1796 6416 1799 
5488 1496 1495 2969 1529 
5489 2133 2134 4440 2132 
5490 5861 653 8555 5863 
5491 3585 2436 6834 4190 
5492 4459 4458 7928 4746 
5493 2429 2428 7001 2430 
5494 1058 1054 1053 1055 
5495 4932 5669 8297 4933 
5496 66 272 6380 2235 
5497 6342 6236 8176 601 
5498 1804 1803 2658 1809 
5499 2332 2330 6867 3037 
5500 5260 6984 8179 5399 
5501 327 122 6319 1850 
5502 2635 2636 2637 6550 
5503 383 6515 1412 177 
5504 4083 6534 5227 7008 
5505 2668 2669 6737 2033 
5506 5351 5352 7640 4432 
5507 6749 2574 2957 3063 
5508 7622 4299 4298 4297 
5509 2385 2386 3934 2378 
5510 1045 1041 1243 1046 
5511 929 933 2776 928 
5512 6349 4798 4067 6949 
5513 3688 4803 7855 4802 
5514 2650 4161 4297 4296 
5515 1923 1738 1689 1922 
5516 1483 6599 6686 1563 
5517 244 6812 2562 38 
5518 881 882 6791 880 
5519 3874 4593 6656 3277 
5520 2396 4612 7004 4611 
5521 4743 3666 6794 4821 
5522 1691 6807 1740 1581 
5523 3954 5880 8130 4946 
5524 141 1674 6406 346 
5525 788 3151 6688 775 
5526 7402 5863 8555 697 
5527 2337 2336 8377 2398 
5528 2962 3269 7064 2508 
5529 959 2654 8568 6692 
5530 8330 7193 3744 5559 
5531 4487 3055 4489 4488 
5532 163 6494 1470 368 
5533 6845 5804 7018 7466 
5534 5064 276 71 7839 
5535 5672 6500 7498 3474 
5536 1994 2434 6834 2436 
5537 2067 2069 6307 2068 
5538 2848 2982 6734 1908 
5539 6423 6272 2192 2489 
5540 120 7084 628 325 
5541 5197 8031 7326 2327 
5542 2206 6158 6159 6986 
5543 5266 7825 1527 6476 
5544 1983 1981 6809 2583 
5545 5587 5586 7475 6253 
5546 1563 6686 1915 1737 
5547 5463 8468 6083 5465 
5548 1817 2847 7208 6630 
5549 3476 3479 4396 6902 
5550 1032 1033 6740 1028 
5551 1283 6745 1311 1280 
5552 4167 3191 2516 6816 
5553 5491 1048 1050 1145 
5554 2091 2089 6911 2092 
5555 3617 3947 5305 7030 
5556 6780 6169 7208 2847 
5557 6627 2769 2770 3336 
5558 312 2219 6358 106 
5559 918 6629 6752 915 
5560 8291 8071 3411 4363 
5561 4021 4712 7498 6500 
5562 4254 3336 3701 4253 
5563 242 6575 6462 36 
5564 2012 2035 2512 6704 
5565 6173 7891 76 282 
5566 1779 8359 4942 8627 
5567 4375 4896 4897 4376 
5568 12 2052 6551 217 
5569 2876 4068 6888 2878 
5570 7322 8028 4360 6957 
5571 2606 2607 2823 2809 
5572 399 194 6569 1316 
5573 17 223 1931 6554 
5574 2521 7015 2657 2523 
5575 6280 6281 7731 3999 
5576 5950 7292 1101 2586 
5577 1511 2491 2492 2490 
5578 27 6557 2320 232 
5579 2260 2258 7944 2261 
5580 7802 3547 3738 6221 
5581 5351 6340 6951 4425 
5582 3214 3215 3931 3841 
5583 5153 5152 8036 5154 
5584 1933 2179 2243 1968 
5585 2491 3048 3049 2492 
5586 2353 2354 7079 2074 
5587 1799 6961 1803 1800 
5588 985 983 982 984 
5589 4962 4961 7124 4963 
5590 1328 1327 1324 1325 
5591 885 886 6835 884 
5592 3912 2877 2878 3373 
5593 5829 7140 7833 5830 
5594 1629 8013 8570 1631 
5595 1681 2649 3297 3296 
5596 3377 5652 7711 4461 
5597 373 6621 6383 167 
5598 2487 3052 8117 2735 
5599 2506 2837 6755 2193 
5600 215 6526 2561 9 
5601 2251 2870 6844 4603 
5602 19 225 6555 1392 
5603 2274 2121 2120 6894 
5604 3871 3818 6763 4467 
5605 3323 3325 4198 6773 
5606 3321 3323 6773 4061 
5607 6038 2704 2703 2658 
5608 3492 4438 6273 7771 
5609 109 976 6178 314 
5610 1177 2646 6866 1175 
5611 3977 4878 7173 4877 
5612 6173 7878 4670 4671 
5613 5525 1246 1108 7104 
5614 1953 1997 8044 1955 
5615 3584 3298 3297 3583 
5616 8475 3555 7732 8307 
5617 50 7164 605 255 
5618 2419 2520 7015 2521 
5619 6107 6488 8363 710 
5620 8616 1614 7794 6170 
5621 243 6484 1395 37 
5622 79 6232 1326 284 
5623 7781 4721 8323 7060 
5624 380 2591 6459 174 
5625 5013 7230 8288 5015 
5626 8037 4492 4491 4490 
5627 171 1450 6519 376 
5628 80 6324 2381 285 
5629 1786 1784 6466 1787 
5630 5014 6310 7230 5013 
5631 1058 1059 1060 1442 
5632 7575 7216 492 665 
5633 5221 3584 3583 4291 
5634 3541 6826 4342 3551 
5635 3046 3646 3647 3047 
5636 3221 3219 2703 2704 
5637 2457 2458 2693 2456 
5638 895 5219 8265 897 
5639 3276 3274 6971 3341 
5640 1138 1139 1823 1745 
5641 5283 7557 7721 4389 
5642 6478 6014 7329 4169 
5643 3493 5641 7618 6939 
5644 219 1364 6530 13 
5645 127 6497 1851 332 
5646 7005 7126 2879 3231 
5647 4357 4356 4355 3116 
5648 788 796 1593 3151 
5649 878 880 6791 2699 
5650 2158 2150 2148 2151 
5651 1530 1529 3294 6751 
5652 218 6552 2052 12 
5653 2089 2088 2625 6911 
5654 2147 2148 2150 2145 
5655 3055 2243 2179 2888 
5656 2535 2540 8204 4949 
5657 2230 1921 6917 2231 
5658 6432 7160 1507 1509 
5659 13 6530 6552 218 
5660 2350 2629 3033 2812 
5661 2406 7592 4397 7418 
5662 2573 2048 1845 2049 
5663 2361 2363 2364 2362 
5664 2452 4193 4194 2959 
5665 5518 5519 8054 2026 
5666 194 400 6343 6569 
5667 3826 3103 7059 4503 
5668 365 160 6364 6625 
5669 3203 6746 3207 3204 
5670 2518 3045 3046 2519 
5671 2493 8228 5563 6964 
5672 5424 7918 443 442 
5673 8146 701 8192 5661 
5674 4573 4572 4569 4571 
5675 6220 2732 6825 4121 
5676 2453 2456 2693 6975 
5677 7733 5560 8243 4599 
5678 3341 3972 6762 3342 
5679 402 197 2594 6467 
5680 709 6084 7287 6085 
5681 597 596 7422 6264 
5682 3352 3351 3667 3556 
5683 237 6528 1353 31 
5684 4265 4436 8518 7291 
5685 6440 6946 4843 5410 
5686 2100 2876 2878 2877 
5687 2862 2863 6824 2861 
5688 2467 2469 2470 2468 
5689 5001 4583 7549 5202 
5690 2895 7154 1303 1430 
5691 3446 3164 3163 3247 
5692 3506 4783 5388 3507 
5693 768 769 7207 767 
5694 37 1395 6575 242 
5695 1965 7356 7876 5669 
5696 4481 3588 3587 4480 
5697 5589 7202 7681 2641 
5698 661 7132 462 203 
5699 7283 7863 4739 4738 
5700 5908 329 124 7995 
5701 1761 6754 1420 1500 
5702 3587 4799 7073 4480 
5703 3164 2909 2907 3163 
5704 6017 6719 2556 3078 
5705 2782 2808 6856 2369 
5706 924 925 7039 913 
5707 4398 6778 610 6351 
5708 849 854 915 6752 
5709 6721 679 7311 6323 
5710 131 6531 1945 336 
5711 1388 1385 6796 1389 
5712 6699 2433 6327 7078 
5713 4372 4779 7252 4371 
5714 4485 4209 3527 4210 
5715 1699 1979 7340 1560 
5716 3284 6772 3548 3282 
5717 5160 2708 8002 6722 
5718 1529 2969 3587 3294 
5719 4312 4311 4310 3079 
5720 4601 5025 3694 8084 
5721 177 1412 6524 382 
5722 828 827 6943 829 
5723 8552 7242 4988 4987 
5724 2210 2211 2217 2212 
5725 3709 3710 6814 3707 
5726 7256 6948 2238 2909 
5727 8304 6706 3496 3785 
5728 1252 1124 1068 1125 
5729 32 6564 6528 237 
5730 135 7156 2426 340 
5731 247 1833 6474 41 
5732 2208 2209 2211 2210 
5733 7996 5828 8275 694 
5734 2283 2281 2280 2282 
5735 6736 8255 4641 4728 
5736 4137 3527 3526 2754 
5737 6084 656 7530 7287 
5738 6640 4463 7263 6998 
5739 7320 4412 1643 6934 
5740 8536 1334 1333 1332 
5741 1021 1028 6740 3030 
5742 3452 6802 4326 3454 
5743 568 567 7996 694 
5744 5710 682 8262 6137 
5745 4175 3670 4230 7113 
5746 397 2593 6593 191 
5747 310 5947 2022 104 
5748 5968 7295 5972 5963 
5749 4587 4598 8046 4586 
5750 4333 3094 4023 4024 
5751 14 6848 1364 219 
5752 7266 1649 7927 5590 
5753 545 6499 7636 544 
5754 1099 1103 1576 6922 
5755 369 6624 6494 163 
5756 7228 7007 6890 1894 
5757 453 639 8483 454 
5758 4495 4496 4619 4018 
5759 216 609 7313 10 
5760 2192 2193 6755 2489 
5761 656 6097 7616 7530 
5762 2641 5588 8482 5589 
5763 3429 6760 3537 2968 
5764 4202 6472 7580 4806 
5765 3216 2973 7142 4476 
5766 6869 7182 3929 5372 
5767 5411 2715 2175 7562 
5768 1844 3243 6807 1691 
5769 6813 3939 8544 6405 
5770 1981 1979 2251 6809 
5771 2164 2162 7941 2166 
5772 2596 2495 7037 2597 
5773 7516 2677 1569 6900 
5774 5535 6905 3868 7692 
5775 4168 2097 2570 2571 
5776 5067 5068 5106 3764 
5777 6403 3512 7285 7011 
5778 6764 4367 7083 6705 
5779 4588 3509 7195 4589 
5780 954 955 7387 953 
5781 2293 2294 2296 2295 
5782 6513 2631 2632 2633 
5783 2045 1810 1577 1811 
5784 5891 5893 7349 5892 
5785 92 6184 1222 297 
5786 1705 1703 7405 7087 
5787 1250 6655 6937 1129 
5788 4578 8353 5156 6783 
5789 804 849 6752 6685 
5790 7953 2152 8507 5941 
5791 3031 3032 7309 2679 
5792 4834 6342 601 6341 
5793 992 6851 1274 994 
5794 2909 2238 2239 2907 
5795 3897 3896 8485 6955 
5796 6508 6347 618 8489 
5797 3223 6435 6963 4147 
5798 4424 4425 6951 4423 
5799 737 739 1109 7102 
5800 2650 2241 6909 4160 
5801 5915 7170 6077 7459 
5802 791 2732 7765 5632 
5803 833 6997 828 830 
5804 909 7072 1552 857 
5805 3186 3188 7448 4007 
5806 1005 6806 4231 1006 
5807 2779 2574 2573 2049 
5808 8072 5090 4382 4381 
5809 3562 3789 4635 3790 
5810 2936 2935 6818 6521 
5811 111 5815 7696 316 
5812 4574 4575 4578 4573 
5813 5064 8009 70 276 
5814 3734 3063 2957 3103 
5815 3309 3308 6713 3515 
5816 126 6507 3413 331 
5817 6239 5768 7270 6240 
5818 1615 5664 8004 1998 
5819 6786 4440 8136 5654 
5820 186 6527 1266 391 
5821 191 6593 6352 396 
5822 2434 1993 7392 2435 
5823 1037 6523 6641 1232 
5824 1011 1110 7167 1013 
5825 4 6612 2073 209 
5826 4602 4409 6533 6827 
5827 3609 4838 7722 3611 
5828 6203 7296 3071 3070 
5829 3769 5445 8083 4429 
5830 8311 7134 8422 4919 
5831 1405 1403 7082 5666 
5832 3523 3524 6859 3522 
5833 4019 2636 2635 2634 
5834 263 606 7457 57 
5835 5449 4770 7538 6418 
5836 386 6660 2589 180 
5837 5765 1338 7799 5766 
5838 4041 4724 8159 5935 
5839 5432 6309 3413 6310 
5840 3290 3291 3517 3292 
5841 1082 2631 6870 1080 
5842 1037 1232 6740 1033 
5843 2516 2515 3002 6816 
5844 4140 6054 7859 7184 
5845 3500 4659 6808 3911 
5846 122 328 2389 6319 
5847 2029 1825 6582 6815 
5848 7 7100 1397 212 
5849 5888 5091 5090 5931 
5850 3526 2753 1337 2754 
5851 4125 4126 7425 6560 
5852 989 6532 6851 992 
5853 1458 1459 7510 1460 
5854 5852 6974 6422 4185 
5855 2871 3538 6844 2870 
5856 1883 1881 1880 1882 
5857 5837 7743 25 231 
5858 4275 4276 7034 4274 
5859 6588 7448 3380 6541 
5860 6555 2558 8266 6487 
5861 389 6370 6666 183 
5862 4432 7640 8548 5208 
5863 3404 3285 6794 3666 
5864 2435 2911 6834 2434 
5865 3716 2364 3140 3141 
5866 8276 4848 6678 7363 
5867 6386 5687 5371 8617 
5868 3496 3067 6719 3785 
5869 2868 2940 7090 2939 
5870 1029 1013 7167 1030 
5871 3217 3218 7051 6420 
5872 4083 5424 7688 5418 
5873 2537 2536 3155 2538 
5874 5929 659 7608 7155 
5875 2635 2633 2632 2634 
5876 3282 2933 7935 3284 
5877 208 6529 1376 2 
5878 3268 1443 3261 6854 
5879 168 2338 6621 373 
5880 376 6519 6648 170 
5881 3280 3728 3992 3729 
5882 1792 1790 2311 6847 
5883 1008 6892 1110 1011 
5884 1738 1923 7052 2804 
5885 4012 6865 8124 5136 
5886 3107 7052 1923 2264 
5887 4753 4374 5350 7610 
5888 2664 6806 1005 1038 
5889 1397 7100 5625 5876 
5890 192 6571 2593 397 
5891 3595 4088 7628 6283 
5892 6646 5603 8123 3379 
5893 4411 4023 3094 3093 
5894 3966 5695 8489 5694 
5895 121 327 1850 6248 
5896 6788 7322 5213 5508 
5897 1525 3143 7749 2770 
5898 4237 7428 832 841 
5899 7083 7489 1828 1756 
5900 504 717 7305 503 
5901 175 6580 2591 380 
5902 6150 646 7479 6412 
5903 2603 6747 7273 4541 
5904 5108 6083 2922 3098 
5905 696 7314 573 572 
5906 4120 3475 6902 4367 
5907 5471 4031 8193 7873 
5908 313 1104 7495 107 
5909 1613 1614 8616 1612 
5910 4220 4222 7238 3405 
5911 6716 3093 2642 2572 
5912 3028 3029 6881 3026 
5913 5444 6073 7180 6072 
5914 159 365 6625 2115 
5915 6177 1451 7453 6536 
5916 6173 282 77 8462 
5917 832 7428 2610 834 
5918 5908 8264 123 329 
5919 7295 5968 7776 6880 
5920 2689 2883 6968 2882 
5921 2896 6867 2330 2276 
5922 5253 7807 238 33 
5923 4897 5333 8442 4376 
5924 5892 7367 5897 5890 
5925 3279 3727 3728 3280 
5926 3689 4132 7096 4133 
5927 4199 7434 6247 7023 
5928 1379 1382 1592 6761 
5929 1772 6878 2017 1774 
5930 2793 1960 6471 6869 
5931 164 1468 6624 369 
5932 2840 3279 3280 2841 
5933 722 508 509 7492 
5934 723 7491 488 487 
5935 2461 2462 2822 2460 
5936 1708 1707 7235 1735 
5937 3724 3987 7032 4473 
5938 954 956 7336 5990 
5939 2056 7093 2551 2085 
5940 1973 2608 7328 6635 
5941 8604 4744 4676 8452 
5942 4006 7217 8323 4721 
5943 4779 4372 4850 4780 
5944 68 274 7538 635 
5945 7718 8315 2199 6458 
5946 1769 1751 7150 6676 
5947 1810 1576 1127 1577 
5948 3141 4316 4317 3717 
5949 5132 367 162 7820 
5950 1782 8411 6714 7144 
5951 299 1588 6389 93 
5952 3021 3501 7047 3582 
5953 4883 4881 7687 5549 
5954 1298 5412 7582 1320 
5955 5054 5734 7934 5733 
5956 311 1047 5134 105 
5957 8105 371 166 7853 
5958 899 6910 898 896 
5959 593 592 7764 703 
5960 1436 7850 7165 1418 
5961 209 2073 6631 3 
5962 3283 5297 8443 6378 
5963 3269 7497 4643 7064 
5964 6036 8235 3047 3689 
5965 117 6068 7827 322 
5966 6545 4749 4750 7981 
5967 6131 7195 3417 4022 
5968 1615 1616 7794 1614 
5969 5958 5974 8573 5975 
5970 382 6524 6661 176 
5971 197 403 6594 2594 
5972 968 967 6945 969 
5973 7802 6221 8582 5415 
5974 2642 2571 2570 2572 
5975 23 229 7214 1399 
5976 4898 6187 7574 4899 
5977 4993 8175 4998 4994 
5978 2508 7064 6634 2027 
5979 2334 2840 2841 2335 
5980 1126 1103 1099 1102 
5981 165 2579 6617 370 
5982 7036 6861 3534 4856 
5983 370 6617 1468 164 
5984 1601 6136 7654 1455 
5985 448 7311 679 449 
5986 2550 2430 7001 2683 
5987 1936 6748 2053 1996 
5988 5357 4253 3701 7112 
5989 83 7275 2342 288 
5990 2453 6975 4193 2452 
5991 1135 1136 6977 1134 
5992 2066 2071 7079 7771 
5993 6386 2510 8335 5687 
5994 6445 6879 7111 6880 
5995 8096 8446 4790 8590 
5996 2649 4271 6998 3297 
5997 2438 2885 3124 7003 
5998 688 518 519 7337 
5999 3296 6206 7135 6600 
6000 4486 4210 7194 4747 
6001 2718 3014 3681 6927 
6002 4273 8611 6291 5912 
6003 3641 4518 8567 4833 
6004 3264 4504 8094 5902 
6005 7786 6715 8275 4957 
6006 2400 2401 2692 6558 
6007 4755 6468 7846 5061 
6008 2218 7602 5988 6095 
6009 3107 2987 6861 3108 
6010 642 5141 7221 7222 
6011 112 6398 1123 317 
6012 802 801 2190 803 
6013 7278 7359 3322 3320 
6014 4950 5451 8321 3982 
6015 3833 3568 4246 4245 
6016 588 587 7924 678 
6017 2412 2411 2626 2413 
6018 3981 3545 4950 3982 
6019 1256 1257 1260 5688 
6020 3362 6788 4942 3922 
6021 4302 4301 6993 4303 
6022 7287 7399 6087 6085 
6023 5110 5111 7876 6996 
6024 7648 4694 8546 6071 
6025 2407 7714 4693 2408 
6026 7804 1591 8145 5668 
6027 2479 6698 6849 2482 
6028 1124 1067 1066 1068 
6029 2920 4200 6894 2120 
6030 3940 6813 7727 5693 
6031 3530 3531 3679 3678 
6032 1380 1375 6916 1390 
6033 623 129 335 7380 
6034 3786 4184 7047 3501 
6035 1804 6201 8287 1806 
6036 7466 7018 930 908 
6037 786 1022 1139 1138 
6038 1444 7252 4779 8361 
6039 3 6631 6529 208 
6040 2797 2355 7028 2800 
6041 2965 2853 6956 2966 
6042 1576 1103 1126 1127 
6043 4644 4645 7942 4888 
6044 3534 2794 7998 3535 
6045 4549 8339 4548 7069 
6046 142 2494 7406 347 
6047 6336 1178 1181 7524 
6048 1006 4231 6892 1008 
6049 821 819 6879 822 
6050 7247 3965 3632 7757 
6051 2764 2763 2761 2762 
6052 5885 6292 1854 8355 
6053 6835 8210 5702 8154 
6054 2413 2626 3487 2627 
6055 5827 4076 3471 7553 
6056 1068 1066 8143 6246 
6057 3725 4910 8079 4911 
6058 6217 7255 936 1035 
6059 578 577 8390 662 
6060 5969 5973 7543 5967 
6061 2965 4277 7436 6877 
6062 1061 1062 1064 1063 
6063 4581 4579 8580 5914 
6064 3732 4437 7169 4435 
6065 759 5886 7365 763 
6066 2790 5913 8550 7813 
6067 3027 3026 6881 3116 
6068 3840 4604 7740 4605 
6069 3992 3728 6502 3993 
6070 4436 4435 7169 5646 
6071 1505 1507 7160 1600 
6072 3342 6762 3869 3344 
6073 6724 7226 8212 4849 
6074 906 912 6928 914 
6075 1204 1206 1209 7049 
6076 81 613 7414 286 
6077 6630 7208 4510 4128 
6078 7399 7287 7530 6491 
6079 265 1667 7393 59 
6080 417 6390 8263 418 
6081 2442 5339 8002 2708 
6082 5688 1260 7094 7070 
6083 1780 2606 6934 1606 
6084 170 6648 1449 375 
6085 1234 1906 7171 1231 
6086 4968 4967 7125 7347 
6087 392 6669 6527 186 
6088 3520 3519 7770 3521 
6089 868 870 7698 2604 
6090 3850 5306 7921 5131 
6091 5188 5433 8466 5432 
6092 582 581 8317 666 
6093 1170 7590 4642 7028 
6094 3813 3814 4475 3812 
6095 5420 5421 8612 5419 
6096 3132 3194 6865 5069 
6097 375 1449 6633 169 
6098 681 8554 8077 5952 
6099 5058 7145 8213 1115 
6100 6021 8000 235 30 
6101 2465 2466 2729 2464 
6102 1570 1571 6900 1569 
6103 5003 5002 8326 5004 
6104 181 1415 6660 386 
6105 8186 5858 8584 1635 
6106 381 1411 6580 175 
6107 7470 713 7637 6700 
6108 5218 7055 1353 6528 
6109 1577 1127 6798 4138 
6110 1918 1917 6917 1921 
6111 4361 7665 3887 7993 
6112 5090 5091 7123 4382 
6113 2332 6817 6818 2935 
6114 4729 6612 8176 6236 
6115 4141 4641 8061 3222 
6116 2974 2943 2942 2973 
6117 2295 2826 7541 5761 
6118 4650 6298 2718 6927 
6119 6863 1450 6508 6509 
6120 1654 5984 6905 5986 
6121 4956 4957 8275 5828 
6122 2159 2223 6896 2222 
6123 4792 5941 8507 8119 
6124 2803 3695 7062 2799 
6125 4172 4174 8566 4173 
6126 1975 1331 1332 1333 
6127 10 7313 6526 215 
6128 4465 6020 8000 6021 
6129 224 19 1392 7265 
6130 3918 5487 8021 4343 
6131 2995 2997 2998 2996 
6132 7380 8293 1945 6211 
6133 398 1315 6571 192 
6134 3881 4289 6959 3289 
6135 2765 2766 6899 3079 
6136 2975 6921 7742 5314 
6137 975 973 2952 977 
6138 4729 5018 7276 8356 
6139 1678 1777 2191 6810 
6140 3032 3593 3861 7309 
6141 4556 7288 2590 6592 
6142 1371 1402 6789 1373 
6143 1513 3011 7967 1515 
6144 3511 3513 7285 3512 
6145 4347 4203 7239 7159 
6146 1073 1129 6937 1072 
6147 1262 1261 7664 1263 
6148 4574 5133 8344 4706 
6149 2476 2477 6765 2473 
6150 176 6661 1411 381 
6151 874 873 7580 875 
6152 3590 4272 6898 1978 
6153 3700 4773 8106 4731 
6154 7126 7005 8241 4065 
6155 2120 2094 7430 2920 
6156 2556 3066 8599 2555 
6157 183 6666 2527 388 
6158 6339 4365 8025 5786 
6159 1101 7292 8403 5853 
6160 2753 1335 1336 1337 
6161 2853 2965 6877 2639 
6162 3467 4385 7553 3469 
6163 1240 1303 7154 7146 
6164 5489 5490 7516 5488 
6165 403 198 1291 6594 
6166 2834 3417 7195 3509 
6167 4491 6080 1391 7461 
6168 5345 5539 8254 5836 
6169 2493 264 59 7393 
6170 3159 3902 3903 3873 
6171 8071 8291 3951 5083 
6172 5910 2171 1823 7197 
6173 6290 8230 2421 3371 
6174 2794 3534 6861 2987 
6175 6063 6062 5933 7382 
6176 4338 6195 7265 5322 
6177 2475 5130 8331 5259 
6178 3808 3809 3812 7118 
6179 1410 2576 7453 1414 
6180 718 550 551 7395 
6181 1328 1325 5765 6960 
6182 1406 1407 7196 1394 
6183 2283 2284 2286 2285 
6184 2726 7922 898 6186 
6185 1762 1652 1978 6898 
6186 3876 3515 6713 4466 
6187 5562 5563 8228 4523 
6188 548 702 8262 547 
6189 1179 7299 1156 1158 
6190 395 6385 6724 189 
6191 4881 4882 8469 3310 
6192 3503 7563 4507 7199 
6193 6954 4270 8136 7301 
6194 5948 8328 4452 5949 
6195 2631 1082 6906 2632 
6196 2853 3522 6859 6956 
6197 6496 6495 1470 6494 
6198 669 7364 538 539 
6199 3331 4534 7912 5989 
6200 4843 4842 8471 5410 
6201 2743 6932 3414 2741 
6202 6687 2815 2866 2945 
6203 2551 3747 7906 2552 
6204 1764 1762 6898 7501 
6205 7457 606 7700 6106 
6206 2251 4603 7383 6809 
6207 7438 8109 1266 6433 
6208 8315 7718 4726 4727 
6209 3847 6074 8101 4928 
6210 8328 3678 8305 4452 
6211 5243 6933 6579 4845 
6212 1924 7405 1703 1701 
6213 2303 7390 6687 8450 
6214 2299 2304 8032 5478 
6215 4115 5112 8631 4909 
6216 3237 3685 6824 2863 
6217 4704 7158 8150 6864 
6218 2750 3289 6959 3015 
6219 912 923 4177 6928 
6220 2916 7021 7319 3776 
6221 845 844 8357 847 
6222 1017 1072 6937 1119 
6223 387 6643 1415 181 
6224 1674 141 347 7406 
6225 5259 3792 3790 7723 
6226 3392 3391 7795 3393 
6227 32 1768 7609 6564 
6228 1868 1866 7074 2694 
6229 1867 1868 7244 1869 
6230 3065 3301 7588 3457 
6231 5353 6531 6284 5352 
6232 2869 4972 4975 6988 
6233 782 780 1647 6828 
6234 4891 4892 7535 4890 
6235 6038 2658 1803 6961 
6236 187 1265 6669 392 
6237 1871 1869 7244 1874 
6238 284 1326 7445 78 
6239 226 21 7460 6479 
6240 1336 1335 1333 1334 
6241 8274 3803 8607 5901 
6242 2484 2482 6849 3315 
6243 8395 5998 8501 6616 
6244 1525 6044 8217 3143 
6245 2470 2471 6108 2478 
6246 6182 7679 5010 7818 
6247 3632 4248 4995 7757 
6248 7183 4138 6799 7199 
6249 6051 6031 8464 4635 
6250 3053 2756 7441 3054 
6251 3815 4809 8022 4810 
6252 3546 2819 2707 2820 
6253 5132 8216 161 367 
6254 5552 5502 6691 7136 
6255 8479 6503 3993 6502 
6256 6324 80 286 7414 
6257 644 6586 7470 6587 
6258 794 5942 7377 800 
6259 524 525 8555 653 
6260 5101 5103 8015 5102 
6261 1650 6860 2950 2947 
6262 2126 3486 8479 7098 
6263 1332 1331 1329 1330 
6264 1552 6010 7238 6603 
6265 4134 5951 5952 8077 
6266 6572 6573 6593 2593 
6267 1630 1633 8180 7341 
6268 1108 1030 7167 7104 
6269 7487 2288 8422 7134 
6270 3452 4072 7107 6802 
6271 3696 3698 3880 7085 
6272 866 6694 8164 893 
6273 5253 33 239 8319 
6274 4336 4335 7271 8409 
6275 3233 3416 7271 3236 
6276 3260 4506 7346 6427 
6277 1132 1134 6977 4121 
6278 7521 8496 4591 4743 
6279 2859 2861 6824 3514 
6280 1381 2577 8473 5138 
6281 2773 2979 7079 2354 
6282 3956 5393 8132 5392 
6283 719 7422 596 595 
6284 7401 2387 7809 6391 
6285 5485 4407 7902 7415 
6286 6441 1512 1514 7668 
6287 3359 2629 2222 6896 
6288 4540 6415 8327 3778 
6289 5645 8038 4448 7459 
6290 8618 4626 8371 5628 
6291 4616 4454 7408 5466 
6292 2637 2639 6877 2638 
6293 4814 3637 8203 4816 
6294 4061 6773 7391 6853 
6295 4532 7338 2597 7037 
6296 2609 3193 7328 2608 
6297 1960 2793 8597 1958 
6298 3807 3808 7090 2940 
6299 2471 2473 6765 6108 
6300 4567 8204 5884 7129 
6301 3972 3341 6971 4223 
6302 4097 4096 4095 4094 
6303 3863 3862 3861 3860 
6304 1144 1128 8586 7249 
6305 3621 4863 7258 4864 
6306 1193 1196 3263 7057 
6307 1004 6823 7676 6942 
6308 532 533 8146 663 
6309 4088 7626 6480 7628 
6310 3677 4327 7175 6317 
6311 364 159 2115 6833 
6312 7761 7978 6025 4509 
6313 6579 690 6827 6533 
6314 3468 5756 8115 3472 
6315 3646 6976 4340 7583 
6316 2959 4194 7053 4958 
6317 5260 5399 7917 3771 
6318 78 7445 2388 283 
6319 5003 5004 7576 6665 
6320 6238 5619 7365 7316 
6321 6450 7501 8089 4664 
6322 1754 6705 7083 1756 
6323 589 588 678 7272 
6324 3010 6436 7332 3923 
6325 2048 2573 7662 5683 
6326 2364 3716 6983 6982 
6327 5405 5408 7939 5407 
6328 3983 5537 8171 5538 
6329 4550 6931 6824 3685 
6330 1885 1886 1888 1887 
6331 280 75 8008 6329 
6332 5242 2942 2731 2694 
6333 3755 4594 7778 6003 
6334 1693 1583 7262 1694 
6335 774 6914 1647 778 
6336 5608 4204 5750 7435 
6337 7997 4218 7478 5781 
6338 8479 3486 8099 6503 
6339 8585 7474 5953 4618 
6340 4198 4241 7531 5078 
6341 5808 2177 1566 7212 
6342 2970 3302 7016 2845 
6343 1665 7357 1528 1590 
6344 5719 2246 8095 5718 
6345 3924 4398 8016 5244 
6346 3931 3215 7128 4415 
6347 6826 3541 3015 6959 
6348 5577 5580 7017 5576 
6349 2690 2420 8230 2967 
6350 7891 6081 7892 612 
6351 6021 30 236 8434 
6352 4373 6965 4289 3881 
6353 6387 5907 7934 2511 
6354 4957 8115 5756 7786 
6355 5879 6257 652 7690 
6356 2699 6791 8380 5704 
6357 3676 3675 8349 4135 
6358 4089 5683 7662 6716 
6359 5882 7698 874 892 
6360 4213 4214 7343 4098 
6361 3629 3630 7014 3140 
6362 5293 7817 8529 5292 
6363 617 184 390 7438 
6364 5837 231 26 8593 
6365 3862 3863 8439 3864 
6366 2918 2913 7551 3624 
6367 2723 6978 4380 7674 
6368 2882 6968 3117 2900 
6369 2606 1780 8156 2607 
6370 6684 6405 8544 4740 
6371 2238 1811 7183 2239 
6372 825 828 6997 6712 
6373 2754 1337 7381 6787 
6374 3696 7085 7621 4633 
6375 3685 3237 7318 3920 
6376 4269 4662 7376 4268 
6377 1698 1696 2675 6913 
6378 2768 2775 6929 3508 
6379 3373 2878 6888 3374 
6380 2069 2067 2316 7400 
6381 6485 4237 1307 7165 
6382 6048 6119 4426 8259 
6383 1148 1510 6977 1136 
6384 2228 5028 7882 4060 
6385 4105 6323 7862 6322 
6386 5529 7657 2497 6382 
6387 4099 5451 7900 4627 
6388 2307 2302 2301 2300 
6389 4952 4953 8040 6918 
6390 2200 2201 2204 7306 
6391 1308 1418 7165 1307 
6392 5264 5261 7657 5529 
6393 2857 2859 3514 6930 
6394 8516 5567 8531 5630 
6395 8375 8554 5044 5045 
6396 4257 3933 3932 4073 
6397 1567 1568 7212 1566 
6398 2717 2266 6422 6974 
6399 4134 3923 8196 6039 
6400 3105 4015 7019 6426 
6401 4295 6000 7904 5999 
6402 7987 4804 8604 6152 
6403 1970 2090 8550 5913 
6404 6613 6614 7699 4351 
6405 1389 7116 6073 5444 
6406 1815 7450 7970 2008 
6407 2 1376 6562 207 
6408 1355 7439 5176 5496 
6409 3347 4014 4540 3778 
6410 2178 1966 7997 5781 
6411 1329 1331 1975 7075 
6412 2301 2299 2298 2300 
6413 2749 2836 7371 2225 
6414 8119 2161 7815 6510 
6415 7729 6496 7979 4979 
6416 2766 2768 3508 6899 
6417 4637 6106 7700 4393 
6418 2599 7338 7523 2831 
6419 2230 6601 7332 6663 
6420 889 887 7754 890 
6421 1040 1026 7025 1041 
6422 1874 2406 7418 1875 
6423 3504 2950 6860 4375 
6424 300 6682 6553 94 
6425 1370 1369 7360 1371 
6426 2868 2939 3316 2867 
6427 1828 1829 7990 1756 
6428 2775 2938 3027 6929 
6429 1356 7170 1597 1358 
6430 189 6724 2417 394 
6431 2311 7490 6417 6847 
6432 1891 1889 1909 1892 
6433 4392 6652 673 7206 
6434 686 480 479 7701 
6435 1811 2238 6948 2045 
6436 4297 4298 7620 4296 
6437 7358 6411 7797 4073 
6438 4589 4718 8251 4588 
6439 4876 7898 8431 6075 
6440 6590 6541 6540 7713 
6441 5214 7572 8603 3068 
6442 6187 4898 7225 6218 
6443 5159 6967 6099 2270 
6444 1511 2490 6994 1438 
6445 3161 2902 7720 3305 
6446 4171 2800 7028 4172 
6447 4026 4513 7424 2805 
6448 3116 4355 6929 3027 
6449 565 564 7833 7140 
6450 4194 4193 7201 4195 
6451 1553 1688 7153 7054 
6452 2274 6894 7423 2896 
6453 7349 7264 6707 2788 
6454 3478 262 57 7457 
6455 3840 3577 7342 4604 
6456 3585 4752 6852 4414 
6457 2614 2613 8222 6921 
6458 309 6912 1890 103 
6459 4909 5646 7169 3883 
6460 903 900 7737 916 
6461 3100 4169 7329 6659 
6462 786 784 6915 1022 
6463 6279 6168 8192 701 
6464 1448 1429 7453 1451 
6465 5050 4353 7094 5051 
6466 4386 4646 7022 3898 
6467 5797 5795 8125 5803 
6468 2514 6704 7346 6654 
6469 2747 2765 6932 2743 
6470 6516 7613 5448 7822 
6471 1373 6789 6916 1375 
6472 3909 3910 8378 2825 
6473 8186 7203 8579 5772 
6474 3153 3988 7352 3081 
6475 1740 6807 4669 7392 
6476 3987 3723 7022 4196 
6477 5998 1632 1624 8501 
6478 2292 2290 2289 2291 
6479 8059 4127 8261 7206 
6480 2081 2345 7836 6689 
6481 4755 4597 7569 7905 
6482 5435 5908 8466 5433 
6483 6207 6796 1385 1390 
6484 2624 7919 1289 1435 
6485 3984 7528 3419 6883 
6486 7321 7315 2240 6053 
6487 3093 6716 7662 4411 
6488 3747 2551 7093 4599 
6489 5081 6228 8455 2426 
6490 6708 8123 5545 8385 
6491 6840 6839 715 7520 
6492 6469 3563 7361 7168 
6493 6354 4209 4485 7202 
6494 3209 4111 7344 4110 
6495 3079 4310 6932 2765 
6496 5905 3143 8217 5994 
6497 9 2561 7544 214 
6498 6986 8284 8421 2043 
6499 4371 7268 7267 4369 
6500 2598 2597 7338 2599 
6501 4163 4162 7427 5191 
6502 744 6144 7304 2277 
6503 5909 3305 7720 6357 
6504 1139 1022 6915 3505 
6505 611 7460 21 227 
6506 3929 7182 7547 4776 
6507 1670 5368 8174 5369 
6508 2917 3623 7910 2915 
6509 1671 5367 8623 5368 
6510 1745 2218 7543 6304 
6511 6047 5946 7303 6048 
6512 3879 5915 7459 4448 
6513 3650 7169 4437 7989 
6514 1143 6798 1127 1126 
6515 784 782 6828 6915 
6516 5267 5269 7841 5268 
6517 8317 5520 8195 666 
6518 3294 6223 7416 6751 
6519 2783 2590 7288 2784 
6520 129 623 8591 334 
6521 350 145 7763 1642 
6522 4156 8014 4739 7658 
6523 4099 4627 4628 4213 
6524 5787 692 7792 6131 
6525 6747 1950 1952 7273 
6526 647 7421 456 457 
6527 4097 4099 4213 4098 
6528 6111 7484 836 2610 
6529 6373 6377 7606 4313 
6530 7151 3953 3315 6849 
6531 1435 1560 7340 2624 
6532 7049 7500 4235 6082 
6533 7460 611 7740 7817 
6534 4187 7608 659 6045 
6535 2307 2874 2875 2308 
6536 7835 1544 969 6945 
6537 6072 7180 2065 2063 
6538 5690 1501 7229 6842 
6539 6775 4020 4417 6511 
6540 1157 5510 8010 5437 
6541 5506 2302 2307 2308 
6542 7324 6910 7596 6717 
6543 4505 4678 7828 3877 
6544 2447 5160 8429 2541 
6545 3940 4460 7434 4199 
6546 958 6192 8095 2246 
6547 5320 4546 4544 7884 
6548 843 840 7760 844 
6549 4963 7124 7125 4967 
6550 7032 1939 1348 7774 
6551 2062 7243 6061 2070 
6552 3713 1860 8549 5316 
6553 3721 7750 7724 5363 
6554 4421 4423 6951 5020 
6555 6338 1732 1722 7716 
6556 2045 6948 4282 2581 
6557 2898 2686 2684 7080 
6558 1423 6547 7670 1269 
6559 3353 7594 6147 6149 
6560 4341 2824 2771 2757 
6561 1694 7262 7450 1815 
6562 6259 3839 3433 8158 
6563 6220 4688 7765 2732 
6564 6595 4925 8439 4926 
6565 5243 4226 4225 7353 
6566 3737 4093 4094 3738 
6567 1168 1166 7590 1170 
6568 2216 2250 6978 2723 
6569 3001 3000 2998 2999 
6570 2820 3737 3738 3547 
6571 3893 5663 8260 4585 
6572 6773 4198 5078 7391 
6573 3298 3584 7369 4322 
6574 1574 1575 7568 1573 
6575 1792 6847 6417 1795 
6576 1984 2991 7983 1986 
6577 3414 4380 6978 2740 
6578 108 6556 1104 313 
6579 4633 4634 7062 3695 
6580 3874 6636 7376 6233 
6581 5 601 8176 210 
6582 778 779 7752 777 
6583 1624 1632 8579 1622 
6584 2784 7288 7604 3842 
6585 7270 5768 5767 7666 
6586 5558 3051 8243 5560 
6587 5226 6644 1415 6643 
6588 4196 4197 7032 3987 
6589 3859 3860 3861 3593 
6590 340 2426 8455 134 
6591 3646 3046 3045 6976 
6592 2760 2761 7424 2663 
6593 2867 2866 2815 2816 
6594 814 5509 8391 1118 
6595 5767 5766 7799 6940 
6596 1200 1201 7092 1199 
6597 2186 110 316 7696 
6598 1927 8287 6201 6546 
6599 3420 3419 7528 4595 
6600 7497 7660 7594 6605 
6601 2364 6982 7110 2362 
6602 2266 4116 8178 6422 
6603 6903 6412 7479 8540 
6604 7500 7049 1209 3267 
6605 5613 5615 7485 5616 
6606 1650 6105 7789 6860 
6607 4325 6128 7972 4104 
6608 7370 1402 1371 7360 
6609 4460 7669 1657 7515 
6610 1810 6923 6922 1576 
6611 6428 4673 3905 8463 
6612 4572 4573 4578 6783 
6613 6418 7538 274 69 
6614 5584 5590 7927 5583 
6615 4981 4982 7916 4980 
6616 2578 4149 8239 3076 
6617 6061 7243 6273 4438 
6618 1876 1875 7418 1877 
6619 3436 3435 8063 3519 
6620 3240 6395 7386 3242 
6621 3162 5301 8333 4904 
6622 3319 3317 7641 4225 
6623 1211 1237 7092 1201 
6624 2811 2358 7110 3293 
6625 3686 5468 8399 5469 
6626 2918 4050 8199 6732 
6627 819 817 7111 6879 
6628 2702 2740 6978 2250 
6629 5800 7850 8460 5805 
6630 3710 3765 4657 6814 
6631 1584 7515 1657 1585 
6632 5921 8282 5783 4725 
6633 5760 7672 1680 1677 
6634 3152 7888 5611 8366 
6635 4818 7467 4848 4403 
6636 7342 6270 8529 4604 
6637 3036 7035 2170 2486 
6638 5657 7629 6620 4084 
6639 5423 5426 7633 5428 
6640 2154 2160 7815 2161 
6641 3239 3456 6395 3240 
6642 5169 6287 630 8189 
6643 826 7150 1751 1070 
6644 886 2726 8210 6835 
6645 2110 2113 6985 6098 
6646 899 902 7596 6910 
6647 6234 7730 6591 6878 
6648 3357 3358 7020 2888 
6649 2721 4611 8151 7644 
6650 7742 6921 8222 5049 
6651 2693 7570 5147 7201 
6652 3093 3094 7282 2642 
6653 4316 3141 3140 7014 
6654 3898 7022 3723 3049 
6655 1036 7217 8588 1042 
6656 4737 4736 8258 4738 
6657 6450 1813 1764 7501 
6658 4052 5419 8612 6606 
6659 5765 5766 6239 6960 
6660 6801 7122 7245 5970 
6661 3045 3661 4340 6976 
6662 2337 7013 2710 2116 
6663 4490 4491 7020 3358 
6664 1522 1524 2769 7067 
6665 1076 6642 6523 8354 
6666 6758 4288 4054 7465 
6667 1474 6567 2969 1495 
6668 3520 6029 7947 4552 
6669 8064 2249 8455 6228 
6670 4827 8387 3944 7805 
6671 2683 4219 7080 2684 
6672 925 928 2776 7039 
6673 4489 3055 2888 7020 
6674 4864 7108 3033 3621 
6675 6663 7332 6436 2500 
6676 7701 6233 7376 686 
6677 4732 7680 1891 7854 
6678 5005 5007 8056 5397 
6679 4443 5655 7892 5308 
6680 5251 8289 4252 5252 
6681 7133 2814 2813 2291 
6682 4474 6679 672 6846 
6683 6421 2427 7573 5020 
6684 2300 2298 7552 6897 
6685 3758 4689 7765 4688 
6686 3162 2967 8060 3525 
6687 1885 1883 7279 1886 
6688 2570 8556 6292 4089 
6689 1807 1925 7502 7503 
6690 4400 4710 7932 4399 
6691 1377 8 214 7544 
6692 1037 1043 8354 6523 
6693 1227 2352 7103 1220 
6694 4931 5327 8181 2660 
6695 2531 2530 7166 2532 
6696 8262 702 8345 6137 
6697 1400 15 221 7525 
6698 5110 4009 8297 5111 
6699 4958 7026 2450 2959 
6700 2450 7026 3295 2448 
6701 1721 7048 1967 1723 
6702 6966 7651 4342 6826 
6703 8416 5154 8036 6893 
6704 2403 3129 4459 6981 
6705 6641 6992 6740 1232 
6706 1352 1379 6761 7437 
6707 7060 8323 1105 8322 
6708 5180 5907 8613 5317 
6709 2212 2217 7110 2358 
6710 1342 1455 7654 1340 
6711 2167 2040 8034 2919 
6712 7315 6693 8219 2240 
6713 5199 5200 7085 3880 
6714 6391 7809 8591 5517 
6715 2178 7356 1965 1964 
6716 1374 1404 8537 5341 
6717 440 645 7688 441 
6718 5671 7496 5033 5035 
6719 6900 7603 5488 7516 
6720 15 1400 8052 220 
6721 6704 2512 6427 7346 
6722 4103 8047 5008 7948 
6723 721 7937 722 6264 
6724 4263 4523 8228 8342 
6725 3467 6659 7329 4385 
6726 6449 5400 3245 7068 
6727 3492 7771 7079 2979 
6728 3873 3872 3158 3159 
6729 2135 5832 7301 2134 
6730 3583 7263 7455 4291 
6731 2113 2116 2710 6985 
6732 674 7521 494 495 
6733 4195 4666 7053 4194 
6734 1438 6994 7196 1407 
6735 5044 8554 681 8384 
6736 6505 7361 3563 6504 
6737 412 713 7470 6586 
6738 7435 5750 8601 1119 
6739 817 815 2791 7111 
6740 2769 6627 7915 7067 
6741 4933 7277 4505 3877 
6742 7764 5783 8282 703 
6743 4058 5245 8461 6115 
6744 2311 1789 7209 2518 
6745 7638 7738 869 1031 
6746 2083 5105 8532 6862 
6747 1726 1725 7139 1727 
6748 1024 3137 7025 1026 
6749 3199 7633 5426 6711 
6750 2208 1465 7063 2209 
6751 4704 6438 8111 4702 
6752 6669 5004 8326 6527 
6753 1196 1199 7092 3263 
6754 2812 3033 7108 3564 
6755 2444 2446 7413 2443 
6756 1432 1542 7348 1541 
6757 1391 6080 8153 5087 
6758 5227 675 7918 7008 
6759 1428 1414 7453 1429 
6760 6469 7168 7520 6431 
6761 4237 6485 5801 7428 
6762 969 1544 7115 971 
6763 886 889 7922 2726 
6764 4215 4596 7950 5038 
6765 3189 3380 7448 3188 
6766 2980 2981 8440 4912 
6767 2956 3201 7758 3827 
6768 4281 7078 6327 7534 
6769 638 521 522 7598 
6770 982 983 7482 981 
6771 6260 8252 3430 3928 
6772 1490 6247 7434 1584 
6773 336 1945 8293 130 
6774 5799 5805 8460 5806 
6775 5059 4585 8260 5060 
6776 113 949 8310 318 
6777 8048 6488 8436 4751 
6778 2526 2525 7190 2528 
6779 6637 6638 8233 8404 
6780 2658 2703 7191 1809 
6781 6237 6248 1850 7131 
6782 3843 4701 7946 7890 
6783 4270 3833 5654 8136 
6784 5237 5238 7646 8244 
6785 815 813 7186 2791 
6786 7234 6366 8015 5103 
6787 536 537 7456 667 
6788 2978 7231 5482 3553 
6789 1715 7077 2777 1717 
6790 2755 3516 8402 5358 
6791 8130 3145 7859 6054 
6792 6552 6530 8046 4598 
6793 3245 2811 3293 7068 
6794 2574 6749 7662 2573 
6795 5670 7257 3903 3902 
6796 3223 4147 8033 4141 
6797 6090 6091 8105 7853 
6798 6481 6189 8189 630 
6799 2399 2400 7013 2337 
6800 8545 1988 1990 1989 
6801 6934 2606 2809 7320 
6802 1596 1541 7348 1689 
6803 8587 2541 8429 6820 
6804 5630 657 6092 8218 
6805 1555 4720 8352 6581 
6806 5413 4314 4555 7612 
6807 1804 1809 7191 6201 
6808 5784 5643 7363 6678 
6809 3757 6477 8443 5297 
6810 2383 6537 4048 7446 
6811 2841 3503 8256 2335 
6812 3980 6065 5240 8605 
6813 4303 6759 7673 4384 
6814 7113 4230 4876 7469 
6815 203 490 8563 661 
6816 1711 7135 2009 1713 
6817 3961 3963 7016 3302 
6818 1785 4383 8532 5105 
6819 5868 2790 7813 5870 
6820 6809 7383 2833 2583 
6821 6490 3123 6454 7505 
6822 1713 2009 7077 1715 
6823 7086 7172 6741 5453 
6824 4632 7317 4619 4620 
6825 777 7858 773 772 
6826 6429 6979 8030 4117 
6827 1159 1163 8503 1161 
6828 2984 7121 3667 3351 
6829 1578 6821 8365 4139 
6830 1628 6616 8501 1626 
6831 5068 5067 8285 6043 
6832 1220 7103 3267 1214 
6833 93 6389 2181 298 
6834 2182 6926 8623 5367 
6835 6505 7623 6840 7361 
6836 7257 8277 8229 3903 
6837 158 364 6833 2580 
6838 887 885 891 8086 
6839 6558 6941 7013 2400 
6840 1714 1716 7848 1778 
6841 660 5442 7773 5536 
6842 3371 6005 7851 6290 
6843 5918 5919 8053 5921 
6844 2225 7371 6896 2223 
6845 3589 4617 8611 3590 
6846 5732 4318 8586 6141 
6847 6157 7071 2145 2150 
6848 1717 2777 7088 1719 
6849 6074 3847 3845 3958 
6850 5731 8067 3717 4318 
6851 1824 1535 1533 7416 
6852 3315 3953 7157 3952 
6853 3932 3933 8240 3340 
6854 677 543 544 7636 
6855 7202 5589 8066 6354 
6856 2780 6208 7739 6486 
6857 5340 7943 8553 4908 
6858 1732 6338 7607 4884 
6859 3905 4673 7861 4408 
6860 1989 1990 3157 3041 
6861 1741 1740 7392 1993 
6862 3349 4129 8621 5233 
6863 2517 7044 3934 2386 
6864 2422 3914 8564 2873 
6865 3497 6578 5726 6962 
6866 2448 3295 7413 2446 
6867 6786 5654 7766 2738 
6868 4684 8082 609 6384 
6869 6400 6851 6532 7513 
6870 3030 6740 6992 7540 
6871 1113 1146 7845 1112 
6872 4122 5052 8428 7224 
6873 1017 7081 2776 933 
6874 4654 4655 7014 3630 
6875 4327 4959 7752 7175 
6876 2100 2055 7205 2876 
6877 4090 7808 5712 7653 
6878 2102 2565 8026 5459 
6879 1149 1296 7454 1148 
6880 2441 2443 7413 2906 
6881 2816 2815 2813 2814 
6882 3954 3952 7157 4250 
6883 1707 2169 7819 7235 
6884 8545 1987 1941 1988 
6885 1998 8004 7770 5743 
6886 4403 4848 8276 4847 
6887 4138 6798 7189 6799 
6888 2845 2846 7044 2517 
6889 1682 6600 7135 1711 
6890 812 811 7186 813 
6891 2944 4643 7497 6605 
6892 4635 3789 7061 6051 
6893 4700 4868 7374 4867 
6894 3316 2939 7090 3347 
6895 5893 5894 8012 5895 
6896 6939 3909 4733 4734 
6897 3529 3409 3250 3528 
6898 4589 7195 6131 7792 
6899 4765 6722 4771 8049 
6900 2036 1608 7961 2037 
6901 781 5298 7923 2104 
6902 5788 1539 1537 7642 
6903 3499 2823 2832 7389 
6904 4671 6081 7891 6173 
6905 4622 4623 8525 4624 
6906 1704 1947 8590 5932 
6907 391 1266 8109 185 
6908 7280 4722 4721 7781 
6909 5531 8335 2510 6266 
6910 1987 1940 1912 1941 
6911 776 773 7858 7747 
6912 6998 4271 7599 6640 
6913 6042 8197 4109 6321 
6914 2092 6911 4735 7430 
6915 6051 7061 7945 6052 
6916 5168 6189 7529 5171 
6917 3627 4268 7376 6636 
6918 3465 5752 7653 5712 
6919 5985 7509 2733 2734 
6920 7093 2100 2877 7327 
6921 2361 2362 7110 2217 
6922 5678 5679 7697 5680 
6923 7817 5293 6479 7460 
6924 2406 1874 7244 4419 
6925 2556 2554 7906 3078 
6926 1530 6751 7416 1533 
6927 720 6265 723 7938 
6928 3480 3703 7622 5398 
6929 2179 1933 1932 7192 
6930 4767 4768 8100 4766 
6931 8064 7805 3944 5209 
6932 2549 2921 8468 6057 
6933 5375 7204 3992 3993 
6934 1922 2119 7998 2118 
6935 2291 2289 7487 7133 
6936 5058 4024 4023 7145 
6937 4137 7194 4210 3527 
6938 6376 7426 4145 7625 
6939 2511 7934 5734 7164 
6940 1481 3848 8571 1605 
6941 4075 4076 7394 6609 
6942 908 856 2256 7466 
6943 7311 7210 7862 6323 
6944 1245 7163 1093 1095 
6945 1723 1967 7139 1725 
6946 732 6071 8546 2207 
6947 4300 4299 8224 4301 
6948 2668 6335 7972 6128 
6949 1089 1091 7162 2628 
6950 2054 2053 7205 2055 
6951 4794 7192 1932 6348 
6952 7852 3775 8102 7591 
6953 1892 1909 2098 1910 
6954 3639 4529 7819 4433 
6955 7361 6840 7520 7168 
6956 3996 4714 8284 4715 
6957 4465 6021 8434 7857 
6958 5507 4807 8477 8149 
6959 7504 5085 8208 3817 
6960 4455 3374 7581 4456 
6961 2650 4160 7930 4161 
6962 4683 4685 8082 4684 
6963 7856 7128 1421 2661 
6964 896 898 7922 894 
6965 16 7290 7525 221 
6966 2694 2731 7244 1868 
6967 3827 7547 4159 2956 
6968 2093 2092 7430 2094 
6969 3336 4254 7914 6627 
6970 2924 3659 7534 6327 
6971 4373 3882 4615 7537 
6972 1146 7919 6278 7845 
6973 6525 5973 5969 8076 
6974 1558 2817 7381 1446 
6975 5568 8418 2346 2261 
6976 3470 4170 7786 5756 
6977 3445 3071 7296 3867 
6978 4285 5685 8368 5686 
6979 6894 4200 4201 7423 
6980 8096 5937 2559 7981 
6981 4808 4428 6181 7782 
6982 3290 2974 7105 3291 
6983 3736 3999 7731 3061 
6984 1421 7128 3215 2676 
6985 4970 4968 7347 6782 
6986 1002 1000 7431 1835 
6987 6635 7328 7896 4785 
6988 5698 7867 622 7734 
6989 8 1377 8314 213 
6990 5396 4257 4073 7797 
6991 3897 5608 8065 5445 
6992 1484 2596 7385 6753 
6993 3279 6891 8318 3727 
6994 7846 4926 8439 3863 
6995 7933 6305 8624 6306 
6996 1272 7475 1906 1234 
6997 3562 3560 7061 3789 
6998 6272 7042 6810 2191 
6999 394 2417 7493 188 
7000 1413 1441 8111 6438 
7001 7999 6063 7924 6626 
7002 3505 7197 1823 1139 
7003 5390 7137 2874 3507 
7004 3096 3998 7692 3060 
7005 4548 6361 6360 7069 
7006 7075 1975 8197 6042 
7007 2829 6618 7808 4090 
7008 5678 5677 8426 5679 
7009 2123 5256 8337 5257 
7010 2962 2509 7628 6480 
7011 5036 7027 7257 5670 
7012 4227 6980 8245 4331 
7013 4352 7352 3988 7508 
7014 6839 6840 7623 670 
7015 2373 7024 8188 5207 
7016 2568 2663 7424 2662 
7017 2310 5724 7714 2407 
7018 599 598 722 7492 
7019 554 7491 723 553 
7020 3470 3469 7553 3471 
7021 7225 4883 8017 6218 
7022 4411 4914 7145 4023 
7023 3268 6854 7319 7021 
7024 2135 2138 7578 5832 
7025 198 404 6668 1291 
7026 4696 4699 6250 4695 
7027 4070 3885 3862 3864 
7028 7868 7071 8127 2157 
7029 809 7122 7186 811 
7030 5477 5476 7851 6005 
7031 1542 7988 4486 6353 
7032 4201 4516 7741 7423 
7033 5916 8342 7393 1667 
7034 3949 4711 7895 4418 
7035 996 5302 8095 6192 
7036 7660 7497 3269 3754 
7037 923 4176 7325 4177 
7038 4444 4026 2805 3299 
7039 1587 95 301 5270 
7040 7344 4111 8624 5911 
7041 3643 5834 7970 4535 
7042 3011 5278 8302 5279 
7043 1658 1657 7669 1659 
7044 477 680 7826 478 
7045 3406 6008 5680 7697 
7046 5670 5035 5034 5036 
7047 3812 4475 7119 7118 
7048 670 7637 411 410 
7049 3532 4941 7033 7874 
7050 4453 7843 8352 4720 
7051 1349 5645 7459 6077 
7052 6736 919 8526 8255 
7053 5399 8179 6453 615 
7054 3517 3291 7105 4349 
7055 1047 6358 6359 6362 
7056 180 2589 8453 385 
7057 1217 2227 7789 6105 
7058 4587 4679 8444 4598 
7059 2638 6877 7436 2838 
7060 5221 4291 7455 6285 
7061 4538 4537 8042 5113 
7062 5242 7142 2973 2942 
7063 1789 1787 6466 7209 
7064 6115 7588 3301 4058 
7065 4514 5104 7130 4547 
7066 3765 4180 7502 4657 
7067 2600 7089 7289 2601 
7068 7710 6803 8205 4595 
7069 1780 6871 5789 8156 
7070 2679 7309 8389 4929 
7071 2657 5940 8457 7190 
7072 4831 4135 8349 6681 
7073 7552 7240 3506 6897 
7074 1253 7499 1301 1252 
7075 6760 8290 5276 5277 
7076 2671 6732 8199 3821 
7077 3159 3158 3157 8234 
7078 1719 7088 7048 1721 
7079 2731 7717 4419 7244 
7080 2844 6620 7629 3779 
7081 3374 4455 8330 3373 
7082 4564 4566 7095 4567 
7083 3414 6932 4310 7635 
7084 1252 1125 7218 1253 
7085 2630 7224 8428 2652 
7086 3573 6110 8587 4758 
7087 2656 6109 8572 3851 
7088 4566 4569 4572 7095 
7089 2584 3895 8400 1983 
7090 4632 4624 6205 2976 
7091 3813 3815 7655 6225 
7092 485 720 7938 486 
7093 506 507 7937 721 
7094 5371 5687 8373 5355 
7095 746 745 7893 747 
7096 3842 7604 7969 4468 
7097 3661 4284 7533 4340 
7098 7499 6779 7856 2661 
7099 1853 1849 8355 1854 
7100 4672 6390 676 8187 
7101 6582 7649 5324 6815 
7102 254 6680 671 48 
7103 6140 3948 8625 7702 
7104 539 540 7548 669 
7105 1189 1591 7804 1187 
7106 657 5630 8531 5629 
7107 2973 3216 7105 2974 
7108 4138 7183 1811 1577 
7109 3297 6998 7263 3583 
7110 3899 5077 7914 5075 
7111 4092 4638 7619 4832 
7112 3074 4107 7667 7286 
7113 3968 5431 8093 5430 
7114 4650 6927 3681 7787 
7115 3474 7498 2893 2891 
7116 3404 4591 8196 8087 
7117 3729 7176 2841 3280 
7118 3412 8092 8261 4127 
7119 7570 2693 2458 7187 
7120 2738 8306 2021 2125 
7121 3488 7158 4704 4702 
7122 7632 1605 8571 6377 
7123 1075 1076 8354 1043 
7124 4217 7141 8522 4216 
7125 4868 4871 6213 7374 
7126 2486 2733 7509 3036 
7127 3768 6035 7504 3221 
7128 2164 2166 8438 3442 
7129 3613 3887 7665 6151 
7130 5997 4234 3504 8442 
7131 1235 7189 6798 1143 
7132 8059 5992 5991 8078 
7133 4288 1339 6267 6399 
7134 3932 3340 7411 4551 
7135 5003 7109 4584 4582 
7136 2763 2764 2992 7198 
7137 5426 5425 8170 5427 
7138 1270 2641 7681 1432 
7139 1264 1292 8582 6671 
7140 1462 1460 7510 1463 
7141 2138 2140 2157 7578 
7142 1833 247 42 7682 
7143 950 116 322 7827 
7144 4613 7472 7220 5089 
7145 5995 8365 6821 8420 
7146 4733 3909 2825 3904 
7147 6393 4328 7561 6394 
7148 4872 8547 6213 4871 
7149 640 7312 8030 6979 
7150 2825 2824 7480 3904 
7151 4500 4499 8425 6838 
7152 3567 3566 7227 3568 
7153 4463 4992 7455 7263 
7154 1049 1046 1243 7223 
7155 5354 3719 8128 5356 
7156 2069 6308 7514 6307 
7157 4314 3992 7204 4555 
7158 971 7115 2952 973 
7159 2966 3491 8407 3490 
7160 4562 4564 4567 7129 
7161 1021 3030 7539 6709 
7162 4559 4562 7129 5884 
7163 2589 6660 4944 8423 
7164 3581 6409 8215 4746 
7165 2614 6921 2975 2617 
7166 3958 3845 3846 7585 
7167 1476 1556 7388 1475 
7168 5782 6398 8310 6164 
7169 6203 7966 4652 7296 
7170 2272 2904 8452 5548 
7171 6153 7840 1520 1594 
7172 8338 6241 3904 7480 
7173 607 6301 7630 6300 
7174 3193 4164 7896 7328 
7175 7633 7289 7089 5428 
7176 169 6633 8494 374 
7177 8404 8233 6241 3518 
7178 7160 6305 7933 1600 
7179 751 753 8113 752 
7180 1649 7266 1322 1324 
7181 3564 4812 7227 3566 
7182 6369 6989 8631 602 
7183 7560 4182 6521 7512 
7184 5443 7178 2786 2564 
7185 7442 7113 7469 5757 
7186 2319 2321 8535 1942 
7187 1522 7067 7915 1594 
7188 1998 5743 8155 5742 
7189 5220 7755 1156 7299 
7190 5068 6043 7676 5551 
7191 7577 7341 8180 4861 
7192 2153 2154 8507 2152 
7193 6078 2277 7304 7823 
7194 388 2527 7976 182 
7195 5033 2098 5031 5032 
7196 4172 4173 7567 4171 
7197 2991 8160 5713 7983 
7198 5022 8161 5922 716 
7199 2305 2301 2302 7259 
7200 2534 7174 3155 2536 
7201 8461 5245 7261 8392 
7202 4072 7215 5472 7107 
7203 7282 7517 3216 4476 
7204 49 7494 6680 254 
7205 2528 2818 7166 2530 
7206 2458 2460 2822 7187 
7207 5319 7133 7487 7134 
7208 3465 5712 7881 5711 
7209 7172 7086 4357 8201 
7210 3938 4281 7675 4106 
7211 6227 694 8275 6715 
7212 683 7764 592 591 
7213 3631 4948 8172 4309 
7214 1914 6155 8441 2103 
7215 826 6850 7994 7150 
7216 6677 7523 7338 4532 
7217 1421 1301 7499 2661 
7218 1109 8367 4658 6610 
7219 4211 6829 3797 8475 
7220 1646 1645 7599 1672 
7221 2340 4667 8142 5128 
7222 1837 5546 8385 5545 
7223 4195 5146 7488 4666 
7224 2532 7307 7174 2534 
7225 4285 4590 7533 4284 
7226 1571 1573 7568 2542 
7227 3418 7689 8126 4146 
7228 5763 5764 8140 3146 
7229 4059 5008 8047 5098 
7230 5519 8333 3866 3865 
7231 3102 3870 8165 6448 
7232 5716 7866 6651 4124 
7233 5701 5703 8154 5702 
7234 4466 7409 6119 3876 
7235 2007 7705 1668 1661 
7236 6187 2271 6312 7574 
7237 6999 634 6066 7778 
7238 1845 1733 7874 7033 
7239 2805 2763 7198 3299 
7240 6429 6430 8614 6979 
7241 3209 6306 8624 4111 
7242 2837 3144 7859 3145 
7243 7615 7621 7031 3128 
7244 5434 8055 5186 6205 
7245 2789 6120 8415 3855 
7246 2581 4282 7886 4280 
7247 1446 7381 1337 1336 
7248 3802 3803 8274 3805 
7249 6330 7695 6559 6973 
7250 8476 5883 8075 4934 
7251 4738 4739 8014 4737 
7252 5399 615 6286 7917 
7253 1926 1808 8287 1927 
7254 107 7495 2219 312 
7255 6403 7011 8484 4502 
7256 4787 4332 6767 8539 
7257 3265 2709 7912 7046 
7258 4071 4921 7541 4920 
7259 2823 3499 7965 3498 
7260 6507 7230 6310 3413 
7261 3911 6808 8602 4472 
7262 7521 7751 493 494 
7263 4061 7627 3318 3321 
7264 1400 8104 4224 5374 
7265 363 158 2580 7009 
7266 1151 6446 7565 6447 
7267 4097 4098 7343 4096 
7268 3441 6183 8517 4118 
7269 3219 3221 7504 3817 
7270 4952 6918 3106 8578 
7271 4620 4622 4624 4632 
7272 7628 4457 8485 6283 
7273 1256 1285 7189 1235 
7274 3051 4055 7824 8243 
7275 2424 6293 8303 3023 
7276 6952 4536 7450 7262 
7277 4362 7066 5478 8032 
7278 4475 3814 7901 4841 
7279 3964 5702 8210 5705 
7280 893 8164 6028 8509 
7281 3655 6098 6985 7283 
7282 807 803 2190 7245 
7283 763 7398 5614 6792 
7284 2523 2657 7190 2525 
7285 4708 5115 7696 5815 
7286 3995 5704 8380 5703 
7287 872 6099 6967 6901 
7288 4262 4886 8024 4261 
7289 95 1587 6682 300 
7290 4011 4401 8451 4010 
7291 1440 6678 4848 7467 
7292 6817 8505 5720 5500 
7293 4762 4765 8049 4764 
7294 444 443 7918 675 
7295 2611 7579 4541 7273 
7296 914 7596 902 906 
7297 4449 6904 2664 7462 
7298 6553 6682 7745 4823 
7299 4781 4780 7281 4782 
7300 6189 6481 2910 7529 
7301 5314 7742 8596 3950 
7302 5615 5614 7398 5617 
7303 3988 4319 7631 7508 
7304 5965 5967 7543 5971 
7305 6506 6700 7623 6505 
7306 2496 7763 145 351 
7307 5036 5034 7618 5641 
7308 6898 4272 4274 7527 
7309 5667 5668 8145 4614 
7310 996 6180 8292 5302 
7311 7229 4364 7481 6842 
7312 4279 4280 6702 7810 
7313 8415 6768 8425 4499 
7314 4096 7343 7094 4353 
7315 3598 4778 7679 6182 
7316 3657 6518 8039 6506 
7317 6869 4159 7547 7182 
7318 2996 7486 2992 2993 
7319 3763 6288 7684 4370 
7320 8330 4455 8027 7193 
7321 3819 5999 7904 5140 
7322 6556 6178 6194 6565 
7323 1888 1886 7279 2757 
7324 4311 4819 7635 4310 
7325 765 1498 8398 6222 
7326 3378 6708 8385 3926 
7327 2464 7236 2822 2462 
7328 6335 4404 6857 7972 
7329 5413 7612 3673 7331 
7330 689 7833 564 563 
7331 5122 1449 6648 7368 
7332 1627 1822 8013 1629 
7333 3410 3411 8071 2122 
7334 5102 8015 603 6346 
7335 7069 7396 6565 4549 
7336 2587 2393 8298 2929 
7337 4693 2626 2411 2408 
7338 7666 7236 2464 2729 
7339 4400 5749 8570 4710 
7340 1180 5387 8316 5386 
7341 4545 4542 4541 7579 
7342 7093 7327 7733 4599 
7343 809 807 7245 7122 
7344 6152 8604 8452 2904 
7345 1300 1322 7266 6258 
7346 2922 6083 8468 2921 
7347 7503 4717 7865 6970 
7348 2257 1664 7944 2258 
7349 5474 752 8113 8465 
7350 6514 6642 1076 8620 
7351 1540 6204 8551 1548 
7352 837 2821 8320 835 
7353 2820 3547 7802 3546 
7354 8611 4617 8250 6291 
7355 1465 1463 7510 7063 
7356 5547 4520 7791 7909 
7357 6936 7281 4780 4850 
7358 3947 4900 8566 5305 
7359 1917 4145 7426 6917 
7360 3688 4802 7971 4801 
7361 1606 1550 8551 1780 
7362 3894 5859 8347 5860 
7363 6491 3624 7551 7399 
7364 2140 2142 7868 2157 
7365 2518 2519 7490 2311 
7366 4161 7930 4690 5398 
7367 7288 4556 6522 7604 
7368 8101 6074 4417 4748 
7369 5506 3737 2820 7973 
7370 4347 7675 4281 7534 
7371 980 981 7482 5596 
7372 981 979 7417 982 
7373 2226 4646 4386 5076 
7374 3648 3650 7989 5079 
7375 2067 2065 7180 2316 
7376 6313 632 7586 7177 
7377 1155 1156 7755 1229 
7378 1730 1729 7874 1733 
7379 7958 7379 7735 3582 
7380 4730 6404 3841 8075 
7381 7947 6029 6028 8164 
7382 4080 4469 8341 6302 
7383 6345 4668 7703 7318 
7384 679 6721 7768 6720 
7385 94 6553 1588 299 
7386 5857 5856 8584 5858 
7387 4497 3867 7296 4652 
7388 7015 2520 8522 7141 
7389 920 922 7762 6535 
7390 1091 1093 7163 7162 
7391 116 950 7643 321 
7392 6085 6087 8121 6086 
7393 2387 333 128 7809 
7394 8304 4912 8440 6706 
7395 3740 6805 7526 5326 
7396 3851 8572 5240 6065 
7397 7586 4757 8406 7177 
7398 7717 3290 3292 8057 
7399 2877 3912 7733 7327 
7400 6243 7250 8560 4870 
7401 1954 8137 7433 2611 
7402 3035 2786 7178 3239 
7403 5825 5827 8561 1919 
7404 3577 3869 7865 7342 
7405 4780 4781 8361 4779 
7406 930 7018 7605 1009 
7407 873 874 7698 870 
7408 3144 3615 7184 7859 
7409 5566 5567 8516 6729 
7410 3317 3318 7627 7641 
7411 6227 6715 7690 652 
7412 1908 6734 7730 6234 
7413 5648 6853 7391 647 
7414 1412 6515 6516 7293 
7415 5352 6284 636 7640 
7416 3582 7735 2739 3021 
7417 1474 1473 8437 6567 
7418 4047 4873 8601 5750 
7419 5948 5949 6912 2022 
7420 5383 5530 8373 5531 
7421 3253 6501 7626 4088 
7422 5610 7893 745 8278 
7423 3784 5416 7727 4283 
7424 3818 4167 8516 6763 
7425 4003 4258 8237 4001 
7426 229 24 8606 7214 
7427 7549 7613 6356 626 
7428 5488 7603 8021 5487 
7429 5035 5033 5032 5034 
7430 5425 711 6133 8170 
7431 3647 3646 7583 4822 
7432 6491 7530 7616 4256 
7433 5501 7512 6521 6818 
7434 308 6885 7228 102 
7435 6532 6707 7264 7513 
7436 2995 2994 7374 6213 
7437 7297 7664 7726 4655 
7438 1261 1262 8576 1259 
7439 2841 7176 7563 3503 
7440 5646 4909 8631 6989 
7441 7364 669 8539 6767 
7442 3874 6233 7701 4593 
7443 6997 4660 8396 6712 
7444 1873 6958 8019 4044 
7445 1296 6447 7565 5811 
7446 3635 3950 8596 1461 
7447 4267 5065 8225 6758 
7448 2340 5129 8470 5473 
7449 1341 8083 5445 8065 
7450 3611 7722 7002 4244 
7451 2944 6605 7594 3353 
7452 3946 4792 8119 4791 
7453 1086 7600 6482 6906 
7454 7521 674 6039 8496 
7455 2155 5736 8200 5735 
7456 4204 7308 7446 4048 
7457 4331 4707 7645 3524 
7458 1835 5551 7676 6823 
7459 645 440 439 7871 
7460 6140 7702 6873 4249 
7461 5182 5183 7800 5181 
7462 1361 1360 7646 1362 
7463 4078 5718 8095 5302 
7464 626 384 179 7811 
7465 7533 7397 7583 4340 
7466 4083 7008 7918 5424 
7467 358 153 7384 7440 
7468 7951 3312 8122 4108 
7469 1877 7418 4397 1880 
7470 6525 8076 7378 5943 
7471 6158 4384 7673 6159 
7472 7052 3107 8250 5953 
7473 6359 8514 4531 6362 
7474 5979 5978 7982 5980 
7475 4935 3872 7241 4936 
7476 4112 4484 8592 3834 
7477 498 499 8384 681 
7478 4466 7410 4427 7409 
7479 1999 2000 7808 6618 
7480 800 7377 2190 801 
7481 2763 2805 7424 2761 
7482 1131 5605 4431 8062 
7483 4042 6559 7695 5045 
7484 4214 4213 4628 7274 
7485 3103 3826 8247 3734 
7486 4150 7120 7389 5526 
7487 3653 4687 8509 6028 
7488 7087 6938 7819 2169 
7489 3630 4653 8139 4654 
7490 7113 7442 7211 4175 
7491 7412 7216 7575 4470 
7492 4411 7662 6749 4914 
7493 3652 3521 7770 4388 
7494 6626 7924 587 586 
7495 744 743 8278 745 
7496 4823 4665 6819 7677 
7497 4516 7671 7879 7741 
7498 6372 7975 3460 3462 
7499 5596 7482 8324 5109 
7500 5724 4113 8508 7714 
7501 2669 3821 7649 6737 
7502 2744 6388 8029 6804 
7503 6267 2391 7964 6399 
7504 6515 6356 7613 6516 
7505 3644 5377 8268 5378 
7506 4351 7699 3754 3633 
7507 2617 2975 7842 2619 
7508 8242 7076 7927 1649 
7509 4144 5830 8397 5831 
7510 5481 7370 4774 6882 
7511 1643 4412 7599 1645 
7512 2836 8061 4862 7371 
7513 2309 2305 7259 2707 
7514 3998 8178 5535 7692 
7515 4345 4346 7481 7269 
7516 4043 6695 8042 6777 
7517 4072 4182 7560 7215 
7518 4787 8539 669 7548 
7519 6538 3457 8205 6803 
7520 4774 7572 5214 6882 
7521 7744 7642 1537 1824 
7522 7270 2466 2468 2889 
7523 3554 4695 8097 6311 
7524 136 7734 622 341 
7525 1888 7447 1909 1889 
7526 3255 6656 7526 6805 
7527 4254 8370 5075 7914 
7528 6360 6359 6358 2219 
7529 4644 4849 8212 3733 
7530 6489 7323 7529 2910 
7531 4014 6006 7954 4540 
7532 2985 7347 7125 5082 
7533 839 838 7760 840 
7534 4651 7685 4292 3244 
7535 2966 6956 8394 3491 
7536 3203 6583 7933 6746 
7537 8297 5669 7876 5111 
7538 6482 7600 8577 6483 
7539 2571 2642 7282 4476 
7540 836 7484 7760 838 
7541 1099 6922 6924 8408 
7542 3309 3310 8469 3038 
7543 5011 4266 8296 5271 
7544 6308 2069 7400 6520 
7545 4151 6209 7966 6203 
7546 4841 7555 7119 4475 
7547 4551 7358 4073 3932 
7548 43 704 7473 248 
7549 248 7473 7682 42 
7550 5030 7766 4245 7029 
7551 4349 6190 8144 4434 
7552 3618 3034 8271 7707 
7553 4114 8562 7334 5816 
7554 6292 8556 1856 1854 
7555 3073 3406 7697 5679 
7556 4043 5591 8381 6695 
7557 3418 7383 4603 7689 
7558 2736 3060 7692 3868 
7559 4861 8214 6135 4639 
7560 6058 6059 8512 4772 
7561 2653 2652 7864 7121 
7562 7621 7615 4634 4633 
7563 4962 4964 8504 4961 
7564 5004 6669 1265 7576 
7565 5506 2308 2875 7302 
7566 3446 3247 8491 3865 
7567 2419 2418 8522 2520 
7568 4381 4382 7674 4380 
7569 6995 98 304 7375 
7570 3403 7801 3482 3133 
7571 4501 7452 1376 6529 
7572 3494 4607 8270 1924 
7573 3307 4090 7653 6619 
7574 5223 3077 7673 6759 
7575 4472 6165 8043 4471 
7576 2644 2645 8215 6409 
7577 637 7996 567 566 
7578 157 363 7009 705 
7579 6940 7799 5146 5147 
7580 3925 4636 8185 5879 
7581 7007 7228 6885 6887 
7582 4382 7123 8019 7674 
7583 1483 1605 7632 6599 
7584 4180 4717 7503 7502 
7585 404 1 6908 6668 
7586 1253 8169 6779 7499 
7587 3347 7090 7719 4539 
7588 4188 3640 4433 7832 
7589 1571 2542 7603 6900 
7590 3084 6727 8343 6597 
7591 1347 2020 8038 5645 
7592 2788 2366 2903 7736 
7593 7056 7949 1330 1422 
7594 5772 8379 5773 5770 
7595 8566 4900 6510 7834 
7596 4712 7935 2893 7498 
7597 5330 8227 7875 5329 
7598 8411 6268 4723 6714 
7599 1268 6868 7739 6670 
7600 8203 3637 8564 6165 
7601 2441 2906 7468 6909 
7602 7863 6941 7658 4739 
7603 1269 7670 2352 1227 
7604 7810 8198 8407 3491 
7605 4608 8173 3460 7975 
7606 2123 5257 8198 5258 
7607 3044 6919 8625 3948 
7608 3391 3389 4399 7784 
7609 2879 3230 8157 3231 
7610 3336 2770 7749 3701 
7611 3234 4104 7972 6857 
7612 6585 6261 8498 2543 
7613 5204 4782 7281 7694 
7614 3734 4450 8565 3063 
7615 5531 6266 620 8273 
7616 4197 5234 8112 7814 
7617 864 893 8509 6585 
7618 4178 3569 8248 4947 
7619 3671 3161 7980 3672 
7620 4885 7894 8630 677 
7621 4987 4988 7639 4986 
7622 1444 7647 2897 7252 
7623 3743 6104 8073 6060 
7624 6204 6871 1780 8551 
7625 6928 4177 7704 7536 
7626 2649 1672 7599 4271 
7627 631 7058 5514 7920 
7628 2900 3117 7720 2902 
7629 838 839 8023 837 
7630 5235 5236 8112 5234 
7631 8404 4434 8144 6637 
7632 4520 4519 7925 4521 
7633 5775 5774 8395 5776 
7634 4380 3414 7635 4381 
7635 7085 5200 7031 7621 
7636 675 7992 445 444 
7637 277 608 7839 71 
7638 1432 7681 7988 1542 
7639 2098 1909 7447 5031 
7640 2876 7205 8011 4068 
7641 4274 7034 8089 7527 
7642 8381 687 8042 6695 
7643 2998 3628 7486 2996 
7644 6457 5017 8122 3312 
7645 3556 4130 7798 3557 
7646 8138 5571 7042 7351 
7647 4921 4924 5761 7541 
7648 4465 7857 7055 4464 
7649 2396 6344 8162 4612 
7650 1981 1983 8400 1982 
7651 3443 7815 2160 2164 
7652 5874 5873 7315 7321 
7653 7005 3231 8157 7004 
7654 6795 4074 4470 7575 
7655 4920 7066 4362 4070 
7656 4549 6565 6194 6578 
7657 5808 6096 8432 2177 
7658 5041 5040 8428 5052 
7659 4947 8248 7034 4276 
7660 4478 4326 6802 7617 
7661 4242 5786 8546 4694 
7662 281 76 7891 612 
7663 6419 8079 6067 633 
7664 8612 5421 7089 2852 
7665 230 25 7743 1355 
7666 4857 4250 7157 7693 
7667 3456 3239 7178 4069 
7668 207 6562 7584 1 
7669 6371 6125 6124 8133 
7670 1748 6737 7649 6582 
7671 3412 4127 7758 3201 
7672 3959 5713 8160 5714 
7673 4846 4837 8602 5457 
7674 1329 7075 7076 8242 
7675 2145 7071 7868 2144 
7676 979 977 2952 7417 
7677 372 625 7853 166 
7678 4745 4744 8604 4804 
7679 5181 7800 8070 5185 
7680 871 6004 7250 6243 
7681 6015 8350 7679 4778 
7682 2757 2771 7447 1888 
7683 307 1894 7006 101 
7684 2553 2552 7906 2554 
7685 2538 3155 7506 7138 
7686 4856 8592 8265 5219 
7687 4898 4899 8622 3437 
7688 4838 8177 4533 7722 
7689 2905 3286 7695 6330 
7690 3252 3460 8173 3196 
7691 4870 4869 7957 6243 
7692 1891 1892 8502 7854 
7693 8318 6891 8200 5736 
7694 6117 4786 8374 6664 
7695 6179 5842 8045 6875 
7696 4718 4589 7792 4719 
7697 7010 7920 8499 4442 
7698 1095 1097 8408 1245 
7699 3605 5029 8495 3606 
7700 4851 4852 7896 4164 
7701 1250 1341 8065 6655 
7702 861 2543 8498 5249 
7703 3316 7411 2866 2867 
7704 6643 387 182 7976 
7705 4419 4836 7592 2406 
7706 2942 2943 7717 2731 
7707 4605 7740 611 6355 
7708 6182 7818 5029 3605 
7709 7171 1906 7246 8236 
7710 2291 2813 7390 2292 
7711 2561 8467 6126 7544 
7712 5746 7655 3815 4810 
7713 6596 6597 8343 6598 
7714 368 1470 7820 162 
7715 7080 4219 8308 6771 
7716 2200 7306 5042 8524 
7717 3772 4345 7787 3681 
7718 3931 4934 8075 3841 
7719 2823 2607 8156 2832 
7720 4455 4456 8537 8027 
7721 1400 5374 6848 8052 
7722 4706 8344 2527 6666 
7723 7791 7449 6571 1315 
7724 6398 112 318 8310 
7725 612 8008 75 281 
7726 2498 6214 8208 5085 
7727 7281 3139 8490 7694 
7728 8235 7769 7490 2519 
7729 3717 4317 8586 4318 
7730 6743 7855 6498 1746 
7731 4264 4267 8084 3694 
7732 6948 7256 7753 4282 
7733 4759 4758 8587 6820 
7734 6860 7789 4896 4375 
7735 5313 8414 3196 8173 
7736 2650 4296 7620 6925 
7737 6509 8486 5121 6863 
7738 1185 1187 7804 1184 
7739 6680 6681 7841 671 
7740 4554 6804 8029 4553 
7741 32 238 7807 1768 
7742 6173 8462 2388 7878 
7743 7810 3491 8394 4279 
7744 3102 3843 7890 3870 
7745 6880 7776 1760 6445 
7746 7254 7895 756 6069 
7747 2422 6591 7730 3914 
7748 4206 4420 7573 5479 
7749 3942 3944 8387 3715 
7750 6578 6194 7564 5726 
7751 4804 4805 8069 4745 
7752 4686 3788 3825 8118 
7753 97 7144 4212 302 
7754 701 8146 533 534 
7755 3207 6746 7933 6306 
7756 4060 7812 7948 5008 
7757 6700 6506 8039 7470 
7758 4672 4336 8409 5148 
7759 5643 6357 7720 7363 
7760 4939 7969 1019 8295 
7761 1104 6556 6565 7396 
7762 7128 7856 7956 4415 
7763 2302 5506 7973 7259 
7764 303 1782 7144 97 
7765 2964 6611 7703 4668 
7766 3790 4635 8464 7723 
7767 3972 4223 7663 4879 
7768 940 6294 8295 1019 
7769 6787 7381 2817 7828 
7770 5688 7070 8510 5689 
7771 1863 1862 7870 7074 
7772 1171 6866 6117 6664 
7773 4136 5054 7849 5053 
7774 100 5043 6649 305 
7775 7488 7582 7053 4666 
7776 4530 4531 7847 4334 
7777 1956 1955 8044 1957 
7778 8218 6763 8516 5630 
7779 7729 4979 4973 7985 
7780 2047 2582 8068 7645 
7781 306 1893 5043 100 
7782 4349 7105 7796 7106 
7783 4367 6764 8474 4120 
7784 4369 7267 7477 4368 
7785 4217 4702 8111 4703 
7786 2945 2866 7411 3340 
7787 6873 7702 8625 5927 
7788 5949 4452 8312 6886 
7789 6848 14 220 8052 
7790 5975 8573 1760 7776 
7791 7551 2913 2915 7910 
7792 4459 7978 7761 6981 
7793 3560 3428 7945 7061 
7794 2170 7035 7982 2010 
7795 5290 5275 8220 6487 
7796 3878 4533 8177 2912 
7797 1038 1112 7845 2664 
7798 3865 3866 8007 3446 
7799 4392 7206 8261 4158 
7800 5591 500 501 8381 
7801 269 3012 7718 6458 
7802 1181 1184 7804 7524 
7803 4421 5020 7573 4420 
7804 1223 6198 6199 7043 
7805 4480 7073 3074 7286 
7806 1630 7341 7577 1636 
7807 7832 6302 8341 4188 
7808 4233 5332 8231 5331 
7809 5794 5793 8125 5795 
7810 7578 2157 8127 6954 
7811 6270 7342 7865 4716 
7812 1305 6486 7739 6868 
7813 5792 5799 8432 6096 
7814 1481 6670 7739 3848 
7815 362 157 705 7149 
7816 249 7147 704 43 
7817 1754 1756 7990 1755 
7818 1330 7949 8536 1332 
7819 7293 6516 7822 5332 
7820 702 6295 8051 7451 
7821 1528 7357 8217 6044 
7822 3716 8067 5731 6983 
7823 2527 5226 6643 7976 
7824 4349 4434 8404 3517 
7825 2953 3196 8414 2357 
7826 6599 7625 4145 6686 
7827 1368 1367 7903 1369 
7828 6599 7632 6376 7625 
7829 3856 3855 8415 4499 
7830 1519 1520 7840 1518 
7831 4085 4086 7838 3800 
7832 3488 3487 8533 4479 
7833 1799 7929 6038 6961 
7834 4816 8203 8602 4837 
7835 330 627 7995 124 
7836 188 7493 8088 393 
7837 2072 6307 7514 2278 
7838 646 419 418 8263 
7839 2822 8209 7570 7187 
7840 804 6685 7708 1593 
7841 6925 7620 7306 2204 
7842 8031 4362 8032 7326 
7843 2620 2619 7842 2621 
7844 4487 7581 3374 6888 
7845 4180 4716 7865 4717 
7846 8167 7719 7118 7119 
7847 3595 6283 8485 3896 
7848 6405 4283 7727 6813 
7849 856 847 8357 2256 
7850 7010 7777 3603 6242 
7851 5551 1835 7431 8497 
7852 6562 1376 7452 6563 
7853 3602 3980 8605 6303 
7854 4512 6781 4350 4511 
7855 7885 5236 5235 5812 
7856 4582 4584 8410 4580 
7857 8023 839 842 8401 
7858 5415 4114 3546 7802 
7859 7929 8280 7769 6037 
7860 3885 8031 5197 8493 
7861 4102 3361 8047 4103 
7862 3999 4493 8110 6280 
7863 6795 7785 4821 6794 
7864 4847 8276 3117 6968 
7865 7438 390 185 8109 
7866 8408 6924 8245 1245 
7867 4519 5626 8619 7925 
7868 6811 6188 8273 620 
7869 5408 8103 5886 7939 
7870 1238 4235 8343 6727 
7871 933 929 8301 934 
7872 6598 8343 4235 7500 
7873 7198 7712 7659 4445 
7874 6654 7346 4506 8092 
7875 4642 5541 7860 4174 
7876 1265 187 393 8088 
7877 2824 4341 8338 7480 
7878 7977 4488 6730 8435 
7879 1599 5379 8607 6822 
7880 5937 8096 8590 1947 
7881 3284 7935 4712 8251 
7882 3130 6229 7928 4458 
7883 4747 7194 5700 8417 
7884 1049 2971 7476 1051 
7885 682 546 547 8262 
7886 6004 2232 6216 7250 
7887 326 2384 7790 6337 
7888 2143 2144 7868 2142 
7889 2292 7390 2303 2294 
7890 1064 1062 7647 1444 
7891 3986 6706 8440 4638 
7892 5144 7658 6941 6558 
7893 3981 3982 8321 4709 
7894 7423 7741 6867 2896 
7895 759 758 7939 5886 
7896 2894 2893 7935 2933 
7897 4426 4427 7838 4086 
7898 3833 4245 7766 5654 
7899 7090 3808 7118 7719 
7900 7881 2000 1986 7983 
7901 7147 7148 7542 704 
7902 2579 165 371 8105 
7903 2608 2078 8476 2609 
7904 6046 200 454 8483 
7905 4800 5611 7888 6314 
7906 4006 4005 8588 7217 
7907 2788 7736 5892 7349 
7908 604 8299 4754 6134 
7909 6014 8561 4385 7329 
7910 1922 6623 8445 2119 
7911 4049 6230 8398 6181 
7912 700 8317 581 580 
7913 3314 4777 8419 6832 
7914 624 6352 4894 8334 
7915 2287 6683 8578 3106 
7916 104 2022 6912 309 
7917 4490 4483 4795 7962 
7918 1324 1327 8242 1649 
7919 29 1398 7829 6451 
7920 2313 8382 5430 8093 
7921 890 894 7922 889 
7922 4768 7767 3683 6212 
7923 4939 7993 7946 4701 
7924 6657 6658 7989 4437 
7925 1340 1251 8114 1342 
7926 2338 8494 6633 6443 
7927 302 4212 7041 96 
7928 4729 8356 2073 6612 
7929 6043 3137 6942 7676 
7930 4256 7616 7960 4451 
7931 8540 8409 7271 3416 
7932 4661 3920 7318 7703 
7933 2349 6222 8398 6230 
7934 5051 6671 8582 5050 
7935 2593 6571 7449 6572 
7936 4408 7861 7211 7442 
7937 2152 7953 2151 2148 
7938 3054 7441 7875 3273 
7939 1911 1910 7251 1912 
7940 4503 8322 7611 4887 
7941 3388 6673 8433 4400 
7942 4253 5411 8370 4254 
7943 6802 7107 2247 7617 
7944 5033 7251 1910 2098 
7945 7231 8238 3422 4405 
7946 2389 7339 7907 6319 
7947 3427 3426 7945 3428 
7948 4054 4601 8084 7465 
7949 7051 7172 8201 4239 
7950 2279 2278 7514 2280 
7951 4850 4372 4370 7684 
7952 7591 4528 6314 7888 
7953 3880 4448 8038 5199 
7954 103 1890 6885 308 
7955 8229 7955 3873 3903 
7956 698 8390 577 576 
7957 7268 2897 1059 7595 
7958 4223 8227 5330 7663 
7959 6462 6575 6116 8392 
7960 6661 6524 7779 4447 
7961 3770 5062 7177 8406 
7962 1618 7203 8186 1635 
7963 6612 4 210 8176 
7964 6197 2096 7651 6966 
7965 5030 7029 8575 3960 
7966 7209 6466 8558 4713 
7967 4210 4486 7988 4485 
7968 275 70 8009 2445 
7969 5175 7844 6452 1399 
7970 3415 3877 7828 2817 
7971 7701 7826 8221 4593 
7972 3488 4479 8150 7158 
7973 1433 1434 8424 6726 
7974 8422 2288 2284 7554 
7975 4567 7095 7837 7213 
7976 6275 7464 5127 7404 
7977 4426 6050 8628 8259 
7978 6982 6983 5730 7678 
7979 6300 7630 7718 3012 
7980 1147 1289 7919 1146 
7981 3420 4595 8205 6011 
7982 4820 8003 7842 6920 
7983 8488 2609 8476 4934 
7984 8586 4317 8581 7249 
7985 8007 6875 8045 3753 
7986 7323 6489 1547 7821 
7987 3170 4117 8030 6371 
7988 5246 6836 4118 8517 
7989 5877 6955 8485 4457 
7990 1333 1335 8197 1975 
7991 697 8555 525 526 
7992 688 7337 6060 8073 
7993 3355 4511 7968 4522 
7994 4218 3157 3158 7478 
7995 6996 4936 7241 8332 
7996 1894 6890 1893 7006 
7997 154 360 7219 7220 
7998 1377 5625 7100 8314 
7999 3316 8327 4551 7411 
8000 3897 6955 7446 7308 
8001 6315 7994 3973 8396 
8002 5423 5428 7089 5421 
8003 7165 7850 5800 6485 
8004 6540 3572 8187 7713 
8005 6709 7539 8359 5417 
8006 6442 7260 7639 4988 
8007 6093 7336 8005 4232 
8008 4018 4619 7644 6972 
8009 29 235 8000 1398 
8010 5748 7986 7096 4132 
8011 4844 8513 4190 6718 
8012 4651 7333 5745 7685 
8013 707 5089 7220 7219 
8014 1058 1055 7595 1059 
8015 4984 4986 7639 7872 
8016 4398 4252 8289 6778 
8017 2673 2672 8257 2674 
8018 7801 8147 3484 3482 
8019 2889 8609 6251 7532 
8020 4150 5599 7940 7120 
8021 918 2313 8093 6629 
8022 8259 8628 6047 6048 
8023 4484 4112 8481 6797 
8024 1514 1518 7840 7668 
8025 4143 6619 7908 4956 
8026 6650 4748 6268 8134 
8027 2287 2286 7487 2289 
8028 305 6649 3798 99 
8029 898 6910 7324 7624 
8030 7823 8367 1109 6078 
8031 1698 6913 8558 1783 
8032 3116 6881 8201 4357 
8033 1746 4494 8165 6743 
8034 4103 7948 4680 4587 
8035 2757 7279 8081 4341 
8036 6629 7816 6685 6752 
8037 1355 5496 7214 8606 
8038 7910 6087 7399 7551 
8039 1727 3532 7874 1729 
8040 1051 7476 1244 1053 
8041 4498 8346 7968 3900 
8042 3456 4069 7680 4732 
8043 7787 7936 7333 4651 
8044 4683 4682 7882 6249 
8045 5416 3784 6448 8035 
8046 156 362 7149 629 
8047 44 614 7147 249 
8048 3433 3839 8063 3435 
8049 3797 6829 6714 4723 
8050 3274 3273 7875 6971 
8051 4202 4348 8269 6472 
8052 7014 7756 7237 4316 
8053 2264 2118 7998 2794 
8054 3366 3367 8417 5700 
8055 931 1007 8207 6738 
8056 6958 2723 7674 8019 
8057 4641 4141 8033 4728 
8058 4513 4026 7458 4514 
8059 1848 1847 8355 1849 
8060 2297 2296 7552 2298 
8061 625 6383 8552 7253 
8062 6282 666 8195 7354 
8063 7809 128 334 8591 
8064 5753 7897 7795 5754 
8065 360 155 707 7219 
8066 1859 6584 7870 1862 
8067 932 4785 7896 5833 
8068 4990 7149 705 8448 
8069 7150 7994 6315 6676 
8070 6243 7957 6007 871 
8071 7380 335 130 8293 
8072 5254 7661 8124 4236 
8073 727 6832 8419 726 
8074 2119 8445 4323 6393 
8075 3543 3498 7965 4100 
8076 5333 4897 7889 5334 
8077 2283 2282 7554 2284 
8078 5946 1131 8062 7303 
8079 8200 6891 3281 8364 
8080 852 6735 7984 2244 
8081 3614 4801 7890 7946 
8082 7855 6743 7971 4802 
8083 5316 8569 8416 6893 
8084 2232 6215 8600 6216 
8085 5927 8625 6919 5928 
8086 8012 3502 6400 7513 
8087 6720 7768 7159 714 
8088 2980 4912 8304 6016 
8089 2844 3222 8061 2836 
8090 4021 4588 8251 4712 
8091 2688 3132 7788 6843 
8092 6778 7550 8319 610 
8093 5623 7999 6626 668 
8094 7100 7 213 8314 
8095 1505 1600 7933 6583 
8096 3728 3727 8318 6502 
8097 4373 7537 5870 7813 
8098 6242 631 7920 7010 
8099 641 6944 6322 7862 
8100 6041 4843 6946 7686 
8101 3242 7386 3528 3250 
8102 6991 2566 6474 8527 
8103 3329 5495 7536 7704 
8104 7131 1850 6319 7907 
8105 2284 2288 7487 2286 
8106 6854 3261 8352 7843 
8107 357 152 672 6679 
8108 4442 4441 7777 7010 
8109 5710 6137 8345 5023 
8110 7185 8040 4953 7584 
8111 6488 6613 4351 8436 
8112 4480 7286 7667 4481 
8113 4751 3871 4467 8048 
8114 1293 5080 7955 8229 
8115 2080 4730 8075 5883 
8116 3037 7879 5720 8505 
8117 5570 5571 8138 3473 
8118 1065 1064 8143 1066 
8119 3844 3679 3846 3845 
8120 2282 2280 7514 3092 
8121 8012 7513 7264 5895 
8122 1145 7106 7796 5491 
8123 1610 1612 8616 2404 
8124 4740 8544 3484 8147 
8125 447 641 7862 7210 
8126 7095 4572 6783 7837 
8127 4771 4767 4764 8049 
8128 4081 5071 8270 6372 
8129 4508 5911 8624 6305 
8130 4481 7667 5000 8478 
8131 7223 1243 8285 7366 
8132 1164 7952 4642 7590 
8133 4222 7984 6735 6604 
8134 8135 7900 8480 2165 
8135 1019 7969 7604 6522 
8136 1586 1687 7587 5887 
8137 3584 5221 8237 7369 
8138 7247 7757 8538 2887 
8139 1283 6581 8352 6745 
8140 4125 3525 8060 4126 
8141 7277 7656 8148 4505 
8142 6089 8121 3623 8608 
8143 3219 3817 8037 3220 
8144 3029 4239 8201 6881 
8145 7396 7069 6360 8206 
8146 6012 8051 6295 718 
8147 4328 4329 8481 7561 
8148 5921 8053 719 6296 
8149 3457 7588 6011 8205 
8150 4618 5953 8250 4617 
8151 8114 8511 1456 1342 
8152 3993 6503 8099 5375 
8153 2631 6513 8620 6870 
8154 2594 7432 6468 6467 
8155 8248 4664 8089 7034 
8156 2722 6822 8607 3803 
8157 1896 8180 1633 1638 
8158 6459 2591 7404 8557 
8159 4890 4889 8536 7949 
8160 6123 8098 8347 4321 
8161 4625 5555 6689 7836 
8162 1061 1060 7647 1062 
8163 4648 7433 8137 5385 
8164 4734 8058 3493 6939 
8165 632 6256 8110 7586 
8166 46 7222 7221 251 
8167 5433 5188 8055 5434 
8168 1277 3502 8012 6645 
8169 4883 6068 1106 8017 
8170 2249 339 134 8455 
8171 3500 6315 8396 4660 
8172 3186 4007 8039 6518 
8173 1955 1956 8137 1954 
8174 4067 4798 8226 4797 
8175 6662 7235 7819 4529 
8176 5862 5860 8347 8098 
8177 4862 8255 8526 4863 
8178 251 7221 706 45 
8179 2294 2303 7552 2296 
8180 366 161 8216 619 
8181 6198 2187 7748 6199 
8182 1966 6314 4528 7997 
8183 5011 5271 7355 2504 
8184 7389 7120 7940 3499 
8185 4344 5994 8217 7357 
8186 2428 5906 8308 7001 
8187 4544 4647 8456 7884 
8188 6365 603 8015 6366 
8189 7811 179 385 8453 
8190 3957 3076 8239 4606 
8191 5356 7821 8617 5371 
8192 4336 4672 8187 3572 
8193 1807 1806 8287 1808 
8194 4046 7704 4177 7325 
8195 4665 4062 8329 5282 
8196 250 7232 614 44 
8197 361 156 629 7233 
8198 2338 168 374 8494 
8199 7574 6312 628 8163 
8200 1312 6864 8150 1314 
8201 7002 4726 7718 7630 
8202 2945 3340 8240 4631 
8203 5507 8149 1593 7708 
8204 4386 5075 8370 5076 
8205 153 359 643 7384 
8206 1680 7672 8368 2675 
8207 4443 7964 2391 6329 
8208 7364 5060 8260 7456 
8209 5754 7932 8013 1822 
8210 6368 7905 7569 616 
8211 3931 4415 7956 4705 
8212 4578 4575 4577 8020 
8213 7373 7554 2282 3092 
8214 6490 7505 8613 1517 
8215 3431 3430 8252 3432 
8216 2019 2421 8230 2420 
8217 2694 7074 7870 5242 
8218 2889 7532 6240 7270 
8219 3813 6225 7901 3814 
8220 1836 6498 8246 2807 
8221 5502 5552 8223 5503 
8222 1355 8606 24 230 
8223 3485 3484 8544 3939 
8224 5009 5010 7679 8350 
8225 1383 7096 7986 5342 
8226 101 7006 1893 306 
8227 4039 6777 8042 4537 
8228 6551 2052 8444 7403 
8229 1880 4397 8081 1882 
8230 3588 4481 8478 4482 
8231 5062 8029 6388 2745 
8232 4682 4680 7948 7812 
8233 3636 2873 8564 3637 
8234 5737 7959 7528 3984 
8235 2186 7696 5115 8459 
8236 4918 4917 8311 4919 
8237 7261 8016 6461 1401 
8238 3118 5602 7814 8112 
8239 7525 7290 8631 5112 
8240 5925 7709 7197 3505 
8241 7535 3311 1685 8626 
8242 2342 7275 5441 8515 
8243 4500 6838 5027 8085 
8244 543 677 8630 542 
8245 4584 8181 5327 8410 
8246 4030 8437 1473 6690 
8247 6821 1655 6544 8420 
8248 3132 5069 8451 7788 
8249 34 610 8319 239 
8250 6602 2244 7984 7114 
8251 2227 8530 4896 7789 
8252 1556 2177 8432 7388 
8253 5900 4044 8019 7123 
8254 4907 6232 2381 8018 
8255 6467 6468 8449 2595 
8256 4726 7002 7722 4533 
8257 1936 6142 8011 6748 
8258 967 4028 7950 6945 
8259 6524 1412 7293 7779 
8260 523 7097 8454 695 
8261 3433 3432 8252 8158 
8262 1053 1244 7595 1055 
8263 3046 3047 8235 2519 
8264 3079 6899 8598 4312 
8265 4241 4243 7773 7531 
8266 398 193 8610 7909 
8267 1939 7032 4197 7814 
8268 398 7909 7791 1315 
8269 1625 1626 8501 1624 
8270 7332 6601 3404 8087 
8271 4246 8391 5509 8575 
8272 3123 6453 8179 6454 
8273 1017 1119 8601 7081 
8274 1316 8610 193 399 
8275 3157 1990 7793 8234 
8276 1369 7903 4793 7360 
8277 4466 8026 2565 7410 
8278 8170 6766 8447 5427 
8279 8240 7240 8450 4631 
8280 1621 1622 8579 1620 
8281 4532 4139 8365 6677 
8282 1964 1965 7587 1687 
8283 4509 4820 8291 4363 
8284 8128 7323 7821 5356 
8285 8479 6502 8318 5736 
8286 3910 7618 5034 5032 
8287 6744 7239 8484 639 
8288 5377 8360 4606 8239 
8289 5272 7958 3582 7047 
8290 6619 7653 5752 7908 
8291 2187 6154 7899 7748 
8292 7259 7973 2820 2707 
8293 253 7614 8183 47 
8294 6563 7185 7584 6562 
8295 1059 2897 7647 1060 
8296 6286 2497 7657 7917 
8297 5470 5469 8116 7362 
8298 7062 4634 8595 6674 
8299 1321 1320 7582 7488 
8300 4185 6422 8178 3998 
8301 3538 4602 8126 6844 
8302 757 755 8472 758 
8303 7116 1389 6796 8022 
8304 6561 7417 2952 8116 
8305 4978 7979 6624 1468 
8306 6320 621 8471 7721 
8307 7522 7519 7839 608 
8308 7105 3216 7517 7796 
8309 3835 4788 8307 7732 
8310 5200 5199 8629 5201 
8311 3473 8138 8302 5521 
8312 2931 6654 8092 3412 
8313 4459 4746 8215 7978 
8314 45 706 7232 250 
8315 155 361 7233 707 
8316 825 6712 8396 3973 
8317 6269 699 7589 8431 
8318 2143 7012 7954 2144 
8319 6025 2621 7842 8003 
8320 1799 6416 8280 7929 
8321 1273 6993 4301 8224 
8322 8249 4678 4505 8148 
8323 5251 5253 8319 7550 
8324 6854 7843 4453 7319 
8325 3759 4874 8463 3905 
8326 1049 7223 7963 2971 
8327 6251 8609 2470 2478 
8328 6156 7211 7861 1997 
8329 6376 6375 8443 8080 
8330 4391 7624 7324 4390 
8331 5358 8402 5103 5101 
8332 5469 8399 6561 8116 
8333 5559 3912 3373 8330 
8334 7055 7857 8434 1353 
8335 7007 4927 7931 6890 
8336 3073 5679 8426 3072 
8337 2020 8629 5199 8038 
8338 823 3973 7994 6850 
8339 5045 7695 3286 8375 
8340 2134 7301 8136 4440 
8341 3308 3312 7951 6713 
8342 4628 8135 5735 8200 
8343 4002 6632 8588 4005 
8344 6722 8002 7050 4771 
8345 3148 4134 8077 7463 
8346 3141 3717 8067 3716 
8347 4559 5884 8184 4558 
8348 4803 8246 6498 7855 
8349 5373 8046 6530 1364 
8350 152 358 7440 672 
8351 6025 7978 8215 2645 
8352 2240 8219 1591 1189 
8353 4648 5376 8456 4647 
8354 5316 6893 8036 3713 
8355 6146 6147 7594 7660 
8356 6280 8110 6256 3142 
8357 5385 8137 1956 8597 
8358 7555 2163 8167 7119 
8359 328 123 8264 2389 
8360 4015 4232 8005 7019 
8361 6178 976 7564 6194 
8362 6979 8614 6831 640 
8363 5125 8166 618 6367 
8364 6607 6608 8520 6953 
8365 3030 7540 4377 7539 
8366 6758 7465 8084 4267 
8367 2505 6543 8124 7661 
8368 4445 4446 8412 4444 
8369 6629 8093 5431 7816 
8370 6899 3508 7607 8598 
8371 4970 6782 8286 4981 
8372 6229 5119 5121 8492 
8373 4270 6954 8127 5347 
8374 5407 7939 758 8472 
8375 7642 7744 8024 4886 
8376 8537 4456 7581 7977 
8377 4272 3590 8611 4273 
8378 6332 8585 6774 6334 
8379 6179 6875 8007 6180 
8380 1089 2628 8577 6935 
8381 3376 3379 8123 6708 
8382 3456 8470 5129 6395 
8383 5182 5317 8613 7505 
8384 3528 7691 3702 3529 
8385 2874 7137 8362 2875 
8386 4823 7677 1588 6553 
8387 6363 7117 8299 604 
8388 5842 5843 7753 8045 
8389 3372 6378 8443 6375 
8390 7372 4450 3734 8247 
8391 6468 7432 4926 7846 
8392 7375 3798 6650 8134 
8393 8427 4954 8578 6683 
8394 8574 5282 8329 6172 
8395 5586 5585 7803 7246 
8396 884 6835 8154 888 
8397 4375 4376 8442 3504 
8398 5286 6876 5041 8193 
8399 3568 7227 8391 4246 
8400 6415 4540 7954 7012 
8401 1957 1958 8597 1956 
8402 6884 2580 6833 8281 
8403 7014 4655 7726 7756 
8404 73 1339 8225 6325 
8405 1285 8256 6799 7189 
8406 4872 5307 8559 8547 
8407 5195 7369 8237 4258 
8408 704 7542 4998 7473 
8409 2022 5947 8519 5948 
8410 6849 6698 8523 7151 
8411 2804 7474 8585 6332 
8412 31 1353 8434 236 
8413 1501 6001 8025 7229 
8414 4024 5058 8232 4524 
8415 2164 3442 8521 3443 
8416 5245 5244 8016 7261 
8417 4364 7229 8025 4365 
8418 283 2388 8462 77 
8419 1829 1840 2043 8421 
8420 6977 1510 8541 7152 
8421 7645 8068 6859 3524 
8422 3006 3072 8426 6492 
8423 7592 7593 8081 4397 
8424 7545 7546 8412 4446 
8425 96 7041 5270 301 
8426 7059 7060 8322 4503 
8427 7161 8006 7108 4864 
8428 6685 7816 5431 7708 
8429 5439 7046 7912 4534 
8430 8216 7300 8458 619 
8431 6501 4663 8152 7626 
8432 4491 4492 8153 6080 
8433 5089 707 7233 7652 
8434 8141 4691 6779 8169 
8435 5401 4690 7930 7468 
8436 7966 6209 8521 3442 
8437 4389 7721 8471 4842 
8438 7109 7571 8181 4584 
8439 4312 8598 7607 6338 
8440 3194 4236 8124 6865 
8441 5027 6838 8425 3328 
8442 359 154 7220 643 
8443 2837 3145 8130 6755 
8444 4897 7869 3622 7889 
8445 827 1760 8573 6943 
8446 2678 8094 4504 6517 
8447 6901 8313 6103 872 
8448 5491 4524 8232 1048 
8449 965 6692 8568 4028 
8450 4774 4773 8603 7572 
8451 1345 6728 8629 2020 
8452 1795 6417 8280 6416 
8453 4158 8261 8092 4506 
8454 7710 4595 7528 7959 
8455 102 7228 1894 307 
8456 3086 5137 8545 1989 
8457 3347 4539 8583 4014 
8458 4949 7213 7837 2557 
8459 4487 4488 7977 7581 
8460 888 8154 5703 8380 
8461 1883 1882 8081 7279 
8462 1165 6664 8374 2507 
8463 3037 6867 7741 7879 
8464 4007 6587 7470 8039 
8465 2479 2346 8418 6698 
8466 1061 8058 4734 7429 
8467 5596 5109 8497 7431 
8468 6464 3119 8547 8559 
8469 6887 6885 1890 6886 
8470 3799 3800 8383 3111 
8471 5441 4860 7483 8515 
8472 232 2320 8593 26 
8473 976 6166 8589 7564 
8474 3872 3873 7955 7241 
8475 7223 7366 5066 7963 
8476 7202 4485 7988 7681 
8477 4888 7493 2417 8090 
8478 984 6561 8399 4027 
8479 6426 7019 8171 3403 
8480 7162 4938 8577 2628 
8481 616 7569 8534 6343 
8482 47 8183 642 252 
8483 6371 8030 7312 6125 
8484 252 642 7222 46 
8485 6511 3958 7585 6512 
8486 1988 1941 8194 2575 
8487 2334 2335 8256 1285 
8488 2664 7845 6278 7462 
8489 3001 3040 7852 3152 
8490 689 8397 5830 7833 
8491 143 6439 8471 621 
8492 1328 1329 8242 1327 
8493 7761 7345 8528 6981 
8494 6487 8220 1392 6555 
8495 5293 8266 2558 6479 
8496 4984 7872 8377 4983 
8497 8363 4467 6763 8218 
8498 7230 6507 1851 8288 
8499 8525 4623 7907 7339 
8500 6788 3363 8028 7322 
8501 7476 2971 7963 7477 
8502 3870 7890 4801 7971 
8503 710 8363 8218 6092 
8504 7942 8088 7493 4888 
8505 5580 6321 8066 7017 
8506 8361 8143 1064 1444 
8507 3564 7108 8006 4812 
8508 2830 6606 8612 2852 
8509 2253 6007 7957 8348 
8510 7292 4228 5400 8403 
8511 7640 636 6226 8548 
8512 48 671 7614 253 
8513 3623 8121 6087 7910 
8514 3958 6511 4417 6074 
8515 2438 7003 8474 2259 
8516 1098 1099 8408 1097 
8517 7333 7936 7269 3620 
8518 2945 4631 8450 6687 
8519 5315 7043 6199 7831 
8520 6494 6624 7979 6496 
8521 2270 6079 8405 5159 
8522 7163 1245 8245 6980 
8523 4603 6844 8126 7689 
8524 8119 8507 2154 2161 
8525 4722 7280 8376 5565 
8526 2053 6748 8011 7205 
8527 2097 1856 8556 2570 
8528 2503 2919 8309 6611 
8529 7347 2985 8286 6782 
8530 5405 8267 8211 5408 
8531 8309 2919 8034 7724 
8532 4601 4330 8331 7558 
8533 1549 1548 8551 1550 
8534 2589 5202 7811 8453 
8535 4995 4997 8538 7757 
8536 3233 6903 8540 3416 
8537 3230 3907 8151 8157 
8538 6460 8557 7404 5127 
8539 1291 6595 8336 6594 
8540 626 7811 5202 7549 
8541 2378 3934 8188 7024 
8542 8018 7415 7902 4830 
8543 2196 2200 8524 6414 
8544 877 8269 7683 5277 
8545 3534 3834 8592 4856 
8546 7644 8151 3907 6972 
8547 3490 8407 8337 7715 
8548 5414 5415 8582 1292 
8549 3347 3778 8327 3316 
8550 6389 1588 7677 6819 
8551 4757 7586 8110 4493 
8552 4536 4535 7970 7450 
8553 6665 8190 7109 5003 
8554 7115 7362 8116 2952 
8555 4500 8085 7185 6563 
8556 6657 4825 8542 6658 
8557 1360 1597 8244 7646 
8558 3163 4358 8491 3247 
8559 7294 2320 6557 8253 
8560 4580 8410 8020 4577 
8561 4661 7703 6611 8309 
8562 7518 7683 8269 4348 
8563 4855 5064 7839 7519 
8564 3672 7980 5191 7427 
8565 7332 8087 8196 3923 
8566 6714 7507 4212 7144 
8567 5200 5201 8316 7031 
8568 8107 7941 7555 4841 
8569 4681 7403 8444 4679 
8570 1311 6745 8352 3261 
8571 3136 6862 8532 5272 
8572 2884 8070 7800 3122 
8573 3292 3517 8404 3518 
8574 4922 7725 1291 6668 
8575 2857 6930 8174 3901 
8576 5107 5109 8324 5108 
8577 3383 3926 8433 6673 
8578 882 888 8380 6791 
8579 4942 8359 7539 4377 
8580 4705 7427 4162 8488 
8581 4682 7812 4060 7882 
8582 8163 7728 4899 7574 
8583 8088 7942 7576 1265 
8584 6890 6889 5043 1893 
8585 7236 7350 8209 2822 
8586 4993 1833 7682 8175 
8587 3974 8553 7943 4907 
8588 2332 3037 8505 6817 
8589 6050 949 6047 8628 
8590 2219 7495 8206 6360 
8591 4597 7772 8534 7569 
8592 1784 1783 8558 6466 
8593 2575 7793 1990 1988 
8594 6779 4691 7956 7856 
8595 4762 6820 8429 4765 
8596 7198 2992 7486 7712 
8597 6816 6729 8516 4167 
8598 8409 8540 7479 5148 
8599 6638 1442 7429 8325 
8600 2414 6396 8522 2418 
8601 4924 4952 8578 4954 
8602 16 602 8631 7290 
8603 4288 6758 8225 1339 
8604 4070 4362 8031 3885 
8605 7974 7458 8412 1775 
8606 3424 7091 8294 3426 
8607 8447 8608 3623 6711 
8608 4126 8060 6290 7851 
8609 6280 8168 7407 6281 
8610 4742 4741 8424 7330 
8611 695 8454 8098 6123 
8612 1543 7967 4857 7693 
8613 5493 8386 7355 4130 
8614 3148 7463 8375 3286 
8615 6631 2073 8356 7276 
8616 5104 4514 7458 7974 
8617 6433 1266 6527 8326 
8618 6989 6369 6554 8518 
8619 3429 4179 8290 6760 
8620 6898 7527 8089 7501 
8621 4971 6364 619 8458 
8622 7603 2542 7568 8021 
8623 2838 7436 8028 3363 
8624 671 7841 5269 7614 
8625 4626 8618 4819 4311 
8626 7821 1547 6386 8617 
8627 5907 6387 1517 8613 
8628 3266 3481 7925 8619 
8629 8145 1591 8219 7443 
8630 2538 7138 8222 2613 
8631 4016 8622 4899 7728 
8632 3628 7659 7712 7486 
8633 3393 7795 7897 3928 
8634 6864 8413 6438 4704 
8635 2592 6459 8557 6460 
8636 7490 7769 8280 6417 
8637 5504 5720 7879 7671 
8638 4925 6595 1291 7725 
8639 4738 8258 3655 7283 
8640 4641 8255 4862 8061 
8641 4550 7634 7926 6931 
8642 8098 8454 7097 5862 
8643 2595 8449 7905 6368 
8644 5754 7784 4399 7932 
8645 4598 8444 2052 6552 
8646 6651 7866 8160 2991 
8647 5066 7366 8285 5067 
8648 3585 4190 8513 4752 
8649 6739 7155 8341 4469 
8650 7220 7472 7991 643 
8651 6172 8300 1222 6184 
8652 6594 8336 7432 2594 
8653 5875 7443 8219 6693 
8654 2000 7881 5712 7808 
8655 1032 7611 8322 1105 
8656 4619 7317 2721 7644 
8657 7981 4750 8446 8096 
8658 4521 7925 3481 7556 
8659 2771 8378 5031 7447 
8660 2314 6103 8313 8615 
8661 1077 6870 8620 1076 
8662 4203 4502 8484 7239 
8663 4528 7591 8102 4527 
8664 7729 7985 8504 4964 
8665 6365 6366 8253 6557 
8666 7429 4734 4733 8325 
8667 6909 7468 7930 4160 
8668 5473 8470 3456 4732 
8669 6595 4926 7432 8336 
8670 2626 4693 8533 3487 
8671 7248 8358 6617 2579 
8672 6376 8080 3131 7426 
8673 2855 3901 8623 6926 
8674 2662 7424 4513 8372 
8675 936 7255 8382 2313 
8676 3622 7869 8530 5823 
8677 2824 2825 8378 2771 
8678 5077 7915 6627 7914 
8679 7242 8552 6383 6621 
8680 6154 1222 8300 7899 
8681 3152 8366 3000 3001 
8682 5970 7378 8076 5969 
8683 1401 6462 8392 7261 
8684 7043 8600 6215 1223 
8685 4836 8202 7593 7592 
8686 2155 7098 8479 5736 
8687 3848 7606 6377 8571 
8688 8529 7817 7740 4604 
8689 7316 7365 5886 8103 
8690 7512 5503 8223 7560 
8691 2532 7166 8041 7307 
8692 6887 7065 4927 7007 
8693 5370 7926 7634 2392 
8694 3545 7038 8480 4950 
8695 6079 2253 8348 8405 
8696 7813 8550 6965 4373 
8697 5767 6940 8209 7350 
8698 8316 5201 8629 6728 
8699 2683 7001 8308 4219 
8700 2477 2662 8372 6765 
8701 8313 6901 8074 5296 
8702 7218 7566 8169 1253 
8703 7117 8172 4754 8299 
8704 1041 7025 8285 1243 
8705 1148 7454 8541 1510 
8706 5948 8519 8182 4530 
8707 3634 6480 7626 8152 
8708 6250 2842 8097 4695 
8709 7179 7788 8451 4401 
8710 6216 8600 7043 5315 
8711 1593 8149 8477 3151 
8712 1340 7654 8083 1341 
8713 5663 667 7456 8260 
8714 4699 4867 8351 6250 
8715 7221 7471 8120 706 
8716 8369 7310 8545 5137 
8717 7246 7803 5593 8236 
8718 5137 7585 3846 8369 
8719 6238 7316 8211 4186 
8720 6956 6859 8068 8394 
8721 2504 7355 8386 5157 
8722 5306 614 7232 7921 
8723 99 3798 7375 304 
8724 5664 4388 7770 8004 
8725 4975 4983 8377 6988 
8726 4470 5210 8563 7412 
8727 2468 2470 8609 2889 
8728 7070 4214 7274 8510 
8729 7082 8543 7533 4590 
8730 7495 1104 7396 8206 
8731 5154 8416 2846 8594 
8732 5024 8345 702 7451 
8733 2403 6981 8528 2692 
8734 3024 3023 8303 5454 
8735 5576 7017 8482 5579 
8736 4028 8568 5038 7950 
8737 4282 7753 5843 7886 
8738 5363 7724 8034 5365 
8739 8077 8554 8375 7463 
8740 8337 8407 8198 5257 
8741 3885 8493 3861 3862 
8742 4479 7334 1314 8150 
8743 3334 3774 8108 3775 
8744 7883 3702 7691 8142 
8745 8300 6172 8329 4378 
8746 8056 5007 8041 7911 
8747 8059 8078 7758 4127 
8748 4924 4954 8427 5761 
8749 7234 5232 8253 6366 
8750 6775 8108 3774 4020 
8751 8085 5027 8040 7185 
8752 3963 7650 8594 7016 
8753 1727 7139 8376 3532 
8754 5159 8405 8348 5086 
8755 7011 8483 639 8484 
8756 5198 2398 8377 7872 
8757 2818 8457 8056 7911 
8758 3040 3334 3775 7852 
8759 6991 4309 8172 7117 
8760 4928 6889 6890 7931 
8761 4245 4246 8575 7029 
8762 5134 1047 6362 8182 
8763 3535 7561 8481 4112 
8764 6656 4593 8221 7526 
8765 6161 2342 8515 7483 
8766 5512 8499 7920 5514 
8767 3124 4120 8474 7003 
8768 6819 8574 2181 6389 
8769 6829 4211 8506 6830 
8770 7941 8107 8438 2166 
8771 6682 1587 7746 7745 
8772 4628 4627 7900 8135 
8773 7215 7560 8223 1653 
8774 7691 3528 7386 8191 
8775 6455 7330 8424 1434 
8776 2163 4835 8583 8167 
8777 6953 8520 8214 1896 
8778 8182 8519 5947 5134 
8779 1293 8229 8277 5349 
8780 6228 4828 7805 8064 
8781 6338 7716 8371 4626 
8782 4867 7374 2994 8351 
8783 8338 4341 8081 7593 
8784 4788 4824 8506 8307 
8785 6360 6361 8514 6359 
8786 5033 7496 8194 7251 
8787 3931 4705 8488 4934 
8788 8388 7780 8487 5142 
8789 8188 3934 7044 8569 
8790 2845 7016 8594 2846 
8791 4931 8020 8410 5327 
8792 1616 1635 8584 7794 
8793 5671 2575 8194 7496 
8794 5836 8254 5176 7439 
8795 1173 8595 4634 7615 
8796 4665 5282 8574 6819 
8797 8592 4484 7737 8265 
8798 7834 3443 8521 7567 
8799 7522 8340 4855 7519 
8800 4319 4321 8347 7631 
8801 3702 7883 3846 8131 
8802 4016 7728 8163 5247 
8803 4223 6971 7875 8227 
8804 655 6269 8431 7898 
8805 7086 7848 8393 4610 
8806 5662 6075 8431 7589 
8807 7302 2875 8362 8001 
8808 2818 7911 8041 7166 
8809 5153 5154 8594 7650 
8810 2981 7619 4638 8440 
8811 6884 8281 7916 4982 
8812 4548 3408 7847 6361 
8813 6535 7762 8268 4149 
8814 2528 7190 8457 2818 
8815 6830 7913 5270 7041 
8816 642 8183 7614 5269 
8817 3901 8174 5368 8623 
8818 3531 8131 3846 3679 
8819 1861 5207 8188 8549 
8820 6749 3063 8565 4914 
8821 7597 8430 7511 5195 
8822 5728 7991 7472 5727 
8823 6778 8289 5251 7550 
8824 6343 8534 6185 6569 
8825 2115 7916 8281 6833 
8826 8169 7566 5097 8141 
8827 3800 7838 5145 8383 
8828 4026 4444 8412 7458 
8829 3775 8108 6775 8102 
8830 7526 8221 7826 680 
8831 7065 6887 6886 8312 
8832 5728 7384 643 7991 
8833 5743 8063 3839 8155 
8834 2042 5206 8581 7237 
8835 4494 8035 6448 8165 
8836 4490 7962 3220 8037 
8837 4451 7960 8531 5567 
8838 7331 8054 8491 4358 
8839 5346 8027 8537 1404 
8840 7554 7373 4919 8422 
8841 6962 7707 8271 4557 
8842 3747 4599 8243 7824 
8843 1686 1775 8412 7546 
8844 1086 6935 8577 7600 
8845 7921 7232 706 8120 
8846 7397 7533 8543 1396 
8847 1941 1912 7251 8194 
8848 5538 8171 7019 8005 
8849 3529 3702 8131 3531 
8850 6649 5043 6889 7783 
8851 5820 4304 8340 7522 
8852 8200 8364 7274 4628 
8853 7188 5636 8541 7454 
8854 2998 3000 8487 7780 
8855 4789 6185 8534 7772 
8856 4560 8231 5332 7822 
8857 4526 7748 7899 4525 
8858 4937 6483 8577 4938 
8859 3442 8438 4652 7966 
8860 7304 4522 7968 8346 
8861 7471 5131 7921 8120 
8862 1498 7782 6181 8398 
8863 6468 4755 7905 8449 
8864 4897 4896 8530 7869 
8865 5108 8324 3822 7830 
8866 7151 8523 8132 5393 
8867 1982 8400 5140 7904 
8868 8418 8132 8523 6698 
8869 8510 7274 8364 3281 
8870 7473 4998 8175 7682 
8871 6889 4928 8101 7783 
8872 5408 8211 7316 8103 
8873 2998 7780 8388 3628 
8874 5426 5427 8447 6711 
8875 7932 4710 8570 8013 
8876 6488 8048 4467 8363 
8877 1587 5270 7913 7746 
8878 4113 5816 8533 8508 
8879 2846 8416 8569 7044 
8880 7744 4482 8478 8024 
8881 4667 1987 8545 7310 
8882 5908 7995 627 8466 
8883 6166 2186 8459 8589 
8884 4497 4652 8438 8107 
8885 3798 6649 7783 6650 
8886 7384 5728 8272 7440 
8887 4642 7952 8503 5541 
8888 6431 7887 8614 6430 
8889 4790 8446 8360 3735 
8890 715 6831 8614 7887 
8891 4732 7854 8502 5473 
8892 3865 8491 8054 5519 
8893 6723 8001 8321 4895 
8894 7375 8134 6268 6995 
8895 7714 8508 8533 4693 
8896 7017 8066 5589 8482 
8897 6846 672 7440 8272 
8898 7351 5279 8302 8138 
8899 7309 3861 8493 8389 
8900 4927 7065 8305 3844 
8901 7847 4531 8514 6361 
8902 5531 8373 5687 8335 
8903 5315 8560 7250 6216 
8904 4748 6650 7783 8101 
8905 6913 5685 4713 8558 
8906 5397 8056 8457 5940 
8907 7719 8167 8583 4539 
8908 8475 8307 8506 4211 
8909 4452 8305 7065 8312 
8910 4606 8360 8446 4750 
8911 3914 8043 6165 8564 
8912 8321 8001 8362 4709 
8913 6608 6135 8214 8520 
8914 8037 3817 8208 4492 
8915 7593 8202 3919 8338 
8916 3926 8385 5546 8433 
8917 3628 8388 5143 7659 
8918 8142 7691 8191 5128 
8919 8569 5316 8549 8188 
8920 8153 4492 8208 6214 
8921 7145 4914 8565 8213 
8922 3846 7883 7310 8369 
8923 8506 4824 7745 7746 
8924 4339 5725 8589 8459 
8925 1782 6995 6268 8411 
8926 4929 8389 8493 5197 
8927 7746 7913 6830 8506 
8928 3000 8366 5611 8487 
8929 7420 555 205 489 
8930 7419 510 206 600 
8931 2066 7771 6273 2064 
$EndElements
