$MeshFormat
4.1 0 8
$EndMeshFormat
$Entities
401 406 6 0
0 1 -1.66533e-17 0 0 
1 1 3.65828e-05 0 0 
2 0.999748 3.65828e-05 0 0 
3 0.999748 0.000146223 0 0 
4 0.998993 0.000146223 0 0 
5 0.998993 0.000328595 0 0 
6 0.997736 0.000328595 0 0 
7 0.997736 0.00058316 0 0 
8 0.995977 0.00058316 0 0 
9 0.995977 0.0009091700000000001 0 0 
10 0.993719 0.0009091700000000001 0 0 
11 0.993719 0.00130567 0 0 
12 0.990964 0.00130567 0 0 
13 0.990964 0.00177151 0 0 
14 0.987715 0.00177151 0 0 
15 0.987715 0.00230534 0 0 
16 0.983974 0.00230534 0 0 
17 0.983974 0.00290565 0 0 
18 0.979746 0.00290565 0 0 
19 0.979746 0.00357073 0 0 
20 0.975036 0.00357073 0 0 
21 0.975036 0.00429874 0 0 
22 0.969846 0.00429874 0 0 
23 0.969846 0.00508767 0 0 
24 0.964184 0.00508767 0 0 
25 0.964184 0.00593537 0 0 
26 0.958054 0.00593537 0 0 
27 0.958054 0.00683958 0 0 
28 0.9514629999999999 0.00683958 0 0 
29 0.9514629999999999 0.00779793 0 0 
30 0.944418 0.00779793 0 0 
31 0.944418 0.00880793 0 0 
32 0.936925 0.00880793 0 0 
33 0.936925 0.009867030000000001 0 0 
34 0.928992 0.009867030000000001 0 0 
35 0.928992 0.0109726 0 0 
36 0.920627 0.0109726 0 0 
37 0.920627 0.0121219 0 0 
38 0.911838 0.0121219 0 0 
39 0.911838 0.0133121 0 0 
40 0.902635 0.0133121 0 0 
41 0.902635 0.0145406 0 0 
42 0.893027 0.0145406 0 0 
43 0.893027 0.0158044 0 0 
44 0.883022 0.0158044 0 0 
45 0.883022 0.0171006 0 0 
46 0.872632 0.0171006 0 0 
47 0.872632 0.0184265 0 0 
48 0.861867 0.0184265 0 0 
49 0.861867 0.0197789 0 0 
50 0.850737 0.0197789 0 0 
51 0.850737 0.0211551 0 0 
52 0.839255 0.0211551 0 0 
53 0.839255 0.0225521 0 0 
54 0.82743 0.0225521 0 0 
55 0.82743 0.0239669 0 0 
56 0.815276 0.0239669 0 0 
57 0.815276 0.0253966 0 0 
58 0.802805 0.0253966 0 0 
59 0.802805 0.0268382 0 0 
60 0.790028 0.0268382 0 0 
61 0.790028 0.0282887 0 0 
62 0.77696 0.0282887 0 0 
63 0.77696 0.0297451 0 0 
64 0.763613 0.0297451 0 0 
65 0.763613 0.0312044 0 0 
66 0.75 0.0312044 0 0 
67 0.75 0.0326635 0 0 
68 0.736136 0.0326635 0 0 
69 0.736136 0.0341194 0 0 
70 0.722033 0.0341194 0 0 
71 0.722033 0.035569 0 0 
72 0.707708 0.035569 0 0 
73 0.707708 0.0370091 0 0 
74 0.693173 0.0370091 0 0 
75 0.693173 0.0384366 0 0 
76 0.678443 0.0384366 0 0 
77 0.678443 0.0398482 0 0 
78 0.663534 0.0398482 0 0 
79 0.663534 0.0412407 0 0 
80 0.64846 0.0412407 0 0 
81 0.64846 0.0426107 0 0 
82 0.633237 0.0426107 0 0 
83 0.633237 0.0439549 0 0 
84 0.617879 0.0439549 0 0 
85 0.617879 0.0452698 0 0 
86 0.602403 0.0452698 0 0 
87 0.602403 0.0465521 0 0 
88 0.586824 0.0465521 0 0 
89 0.586824 0.0477982 0 0 
90 0.571157 0.0477982 0 0 
91 0.571157 0.0490045 0 0 
92 0.555419 0.0490045 0 0 
93 0.555419 0.0501675 0 0 
94 0.539625 0.0501675 0 0 
95 0.539625 0.0512835 0 0 
96 0.523791 0.0512835 0 0 
97 0.523791 0.0523489 0 0 
98 0.507933 0.0523489 0 0 
99 0.507933 0.0533601 0 0 
100 0.492067 0.0533601 0 0 
101 0.492067 0.0543134 0 0 
102 0.476209 0.0543134 0 0 
103 0.476209 0.0552053 0 0 
104 0.460375 0.0552053 0 0 
105 0.460375 0.0560321 0 0 
106 0.444581 0.0560321 0 0 
107 0.444581 0.0567903 0 0 
108 0.428843 0.0567903 0 0 
109 0.428843 0.0574765 0 0 
110 0.413176 0.0574765 0 0 
111 0.413176 0.0580873 0 0 
112 0.397597 0.0580873 0 0 
113 0.397597 0.0586193 0 0 
114 0.382121 0.0586193 0 0 
115 0.382121 0.0590696 0 0 
116 0.366763 0.0590696 0 0 
117 0.366763 0.059435 0 0 
118 0.35154 0.059435 0 0 
119 0.35154 0.0597128 0 0 
120 0.336466 0.0597128 0 0 
121 0.336466 0.0599003 0 0 
122 0.321557 0.0599003 0 0 
123 0.321557 0.0599951 0 0 
124 0.292292 0.0599951 0 0 
125 0.292292 0.0598982 0 0 
126 0.277967 0.0598982 0 0 
127 0.277967 0.0597028 0 0 
128 0.263864 0.0597028 0 0 
129 0.263864 0.0594075 0 0 
130 0.25 0.0594075 0 0 
131 0.25 0.0590111 0 0 
132 0.236387 0.0590111 0 0 
133 0.236387 0.0585128 0 0 
134 0.22304 0.0585128 0 0 
135 0.22304 0.0579121 0 0 
136 0.209972 0.0579121 0 0 
137 0.209972 0.0572087 0 0 
138 0.197195 0.0572087 0 0 
139 0.197195 0.0564028 0 0 
140 0.184724 0.0564028 0 0 
141 0.184724 0.0554948 0 0 
142 0.17257 0.0554948 0 0 
143 0.17257 0.0544854 0 0 
144 0.160745 0.0544854 0 0 
145 0.160745 0.0533756 0 0 
146 0.149263 0.0533756 0 0 
147 0.149263 0.0521668 0 0 
148 0.138133 0.0521668 0 0 
149 0.138133 0.0508605 0 0 
150 0.127368 0.0508605 0 0 
151 0.127368 0.0494586 0 0 
152 0.116978 0.0494586 0 0 
153 0.116978 0.0479633 0 0 
154 0.106973 0.0479633 0 0 
155 0.106973 0.0463768 0 0 
156 0.0973649 0.0463768 0 0 
157 0.0973649 0.0447018 0 0 
158 0.0881617 0.0447018 0 0 
159 0.0881617 0.042941 0 0 
160 0.0793732 0.042941 0 0 
161 0.0793732 0.0410972 0 0 
162 0.0710083 0.0410972 0 0 
163 0.0710083 0.0391735 0 0 
164 0.0630753 0.0391735 0 0 
165 0.0630753 0.037173 0 0 
166 0.0555823 0.037173 0 0 
167 0.0555823 0.0350989 0 0 
168 0.0485367 0.0350989 0 0 
169 0.0485367 0.0329544 0 0 
170 0.0419458 0.0329544 0 0 
171 0.0419458 0.0307426 0 0 
172 0.035816 0.0307426 0 0 
173 0.035816 0.0284669 0 0 
174 0.0301537 0.0284669 0 0 
175 0.0301537 0.0261302 0 0 
176 0.0249644 0.0261302 0 0 
177 0.0249644 0.0237357 0 0 
178 0.0202535 0.0237357 0 0 
179 0.0202535 0.0212862 0 0 
180 0.0160256 0.0212862 0 0 
181 0.0160256 0.0187844 0 0 
182 0.0122851 0.0187844 0 0 
183 0.0122851 0.0162331 0 0 
184 0.009035649999999999 0.0162331 0 0 
185 0.009035649999999999 0.0136345 0 0 
186 0.00628056 0.0136345 0 0 
187 0.00628056 0.0109908 0 0 
188 0.00402259 0.0109908 0 0 
189 0.00402259 0.008304000000000001 0 0 
190 0.00226404 0.008304000000000001 0 0 
191 0.00226404 0.0055757 0 0 
192 0.00100666 0.0055757 0 0 
193 0.00100666 0.00280732 0 0 
194 0.000251729 0.00280732 0 0 
195 0.000251729 0 0 0 
196 0 0 0 0 
197 0 -0.00280732 0 0 
198 0.000251729 -0.00280732 0 0 
199 0.000251729 -0.0055757 0 0 
200 0.00100666 -0.0055757 0 0 
201 0.00100666 -0.008304000000000001 0 0 
202 0.00226404 -0.008304000000000001 0 0 
203 0.00226404 -0.0109908 0 0 
204 0.00402259 -0.0109908 0 0 
205 0.00402259 -0.0136345 0 0 
206 0.00628056 -0.0136345 0 0 
207 0.00628056 -0.0162331 0 0 
208 0.009035649999999999 -0.0162331 0 0 
209 0.009035649999999999 -0.0187844 0 0 
210 0.0122851 -0.0187844 0 0 
211 0.0122851 -0.0212862 0 0 
212 0.0160256 -0.0212862 0 0 
213 0.0160256 -0.0237357 0 0 
214 0.0202535 -0.0237357 0 0 
215 0.0202535 -0.0261302 0 0 
216 0.0249644 -0.0261302 0 0 
217 0.0249644 -0.0284669 0 0 
218 0.0301537 -0.0284669 0 0 
219 0.0301537 -0.0307426 0 0 
220 0.035816 -0.0307426 0 0 
221 0.035816 -0.0329544 0 0 
222 0.0419458 -0.0329544 0 0 
223 0.0419458 -0.0350989 0 0 
224 0.0485367 -0.0350989 0 0 
225 0.0485367 -0.037173 0 0 
226 0.0555823 -0.037173 0 0 
227 0.0555823 -0.0391735 0 0 
228 0.0630753 -0.0391735 0 0 
229 0.0630753 -0.0410972 0 0 
230 0.0710083 -0.0410972 0 0 
231 0.0710083 -0.042941 0 0 
232 0.0793732 -0.042941 0 0 
233 0.0793732 -0.0447018 0 0 
234 0.0881617 -0.0447018 0 0 
235 0.0881617 -0.0463768 0 0 
236 0.0973649 -0.0463768 0 0 
237 0.0973649 -0.0479633 0 0 
238 0.106973 -0.0479633 0 0 
239 0.106973 -0.0494586 0 0 
240 0.116978 -0.0494586 0 0 
241 0.116978 -0.0508605 0 0 
242 0.127368 -0.0508605 0 0 
243 0.127368 -0.0521668 0 0 
244 0.138133 -0.0521668 0 0 
245 0.138133 -0.0533756 0 0 
246 0.149263 -0.0533756 0 0 
247 0.149263 -0.0544854 0 0 
248 0.160745 -0.0544854 0 0 
249 0.160745 -0.0554948 0 0 
250 0.17257 -0.0554948 0 0 
251 0.17257 -0.0564028 0 0 
252 0.184724 -0.0564028 0 0 
253 0.184724 -0.0572087 0 0 
254 0.197195 -0.0572087 0 0 
255 0.197195 -0.0579121 0 0 
256 0.209972 -0.0579121 0 0 
257 0.209972 -0.0585128 0 0 
258 0.22304 -0.0585128 0 0 
259 0.22304 -0.0590111 0 0 
260 0.236387 -0.0590111 0 0 
261 0.236387 -0.0594075 0 0 
262 0.25 -0.0594075 0 0 
263 0.25 -0.0597028 0 0 
264 0.263864 -0.0597028 0 0 
265 0.263864 -0.0598982 0 0 
266 0.277967 -0.0598982 0 0 
267 0.277967 -0.0599951 0 0 
268 0.306827 -0.0599951 0 0 
269 0.306827 -0.0599003 0 0 
270 0.321557 -0.0599003 0 0 
271 0.321557 -0.0597128 0 0 
272 0.336466 -0.0597128 0 0 
273 0.336466 -0.059435 0 0 
274 0.35154 -0.059435 0 0 
275 0.35154 -0.0590696 0 0 
276 0.366763 -0.0590696 0 0 
277 0.366763 -0.0586193 0 0 
278 0.382121 -0.0586193 0 0 
279 0.382121 -0.0580873 0 0 
280 0.397597 -0.0580873 0 0 
281 0.397597 -0.0574765 0 0 
282 0.413176 -0.0574765 0 0 
283 0.413176 -0.0567903 0 0 
284 0.428843 -0.0567903 0 0 
285 0.428843 -0.0560321 0 0 
286 0.444581 -0.0560321 0 0 
287 0.444581 -0.0552053 0 0 
288 0.460375 -0.0552053 0 0 
289 0.460375 -0.0543134 0 0 
290 0.476209 -0.0543134 0 0 
291 0.476209 -0.0533601 0 0 
292 0.492067 -0.0533601 0 0 
293 0.492067 -0.0523489 0 0 
294 0.507933 -0.0523489 0 0 
295 0.507933 -0.0512835 0 0 
296 0.523791 -0.0512835 0 0 
297 0.523791 -0.0501675 0 0 
298 0.539625 -0.0501675 0 0 
299 0.539625 -0.0490045 0 0 
300 0.555419 -0.0490045 0 0 
301 0.555419 -0.0477982 0 0 
302 0.571157 -0.0477982 0 0 
303 0.571157 -0.0465521 0 0 
304 0.586824 -0.0465521 0 0 
305 0.586824 -0.0452698 0 0 
306 0.602403 -0.0452698 0 0 
307 0.602403 -0.0439549 0 0 
308 0.617879 -0.0439549 0 0 
309 0.617879 -0.0426107 0 0 
310 0.633237 -0.0426107 0 0 
311 0.633237 -0.0412407 0 0 
312 0.64846 -0.0412407 0 0 
313 0.64846 -0.0398482 0 0 
314 0.663534 -0.0398482 0 0 
315 0.663534 -0.0384366 0 0 
316 0.678443 -0.0384366 0 0 
317 0.678443 -0.0370091 0 0 
318 0.693173 -0.0370091 0 0 
319 0.693173 -0.035569 0 0 
320 0.707708 -0.035569 0 0 
321 0.707708 -0.0341194 0 0 
322 0.722033 -0.0341194 0 0 
323 0.722033 -0.0326635 0 0 
324 0.736136 -0.0326635 0 0 
325 0.736136 -0.0312044 0 0 
326 0.75 -0.0312044 0 0 
327 0.75 -0.0297451 0 0 
328 0.763613 -0.0297451 0 0 
329 0.763613 -0.0282887 0 0 
330 0.77696 -0.0282887 0 0 
331 0.77696 -0.0268382 0 0 
332 0.790028 -0.0268382 0 0 
333 0.790028 -0.0253966 0 0 
334 0.802805 -0.0253966 0 0 
335 0.802805 -0.0239669 0 0 
336 0.815276 -0.0239669 0 0 
337 0.815276 -0.0225521 0 0 
338 0.82743 -0.0225521 0 0 
339 0.82743 -0.0211551 0 0 
340 0.839255 -0.0211551 0 0 
341 0.839255 -0.0197789 0 0 
342 0.850737 -0.0197789 0 0 
343 0.850737 -0.0184265 0 0 
344 0.861867 -0.0184265 0 0 
345 0.861867 -0.0171006 0 0 
346 0.872632 -0.0171006 0 0 
347 0.872632 -0.0158044 0 0 
348 0.883022 -0.0158044 0 0 
349 0.883022 -0.0145406 0 0 
350 0.893027 -0.0145406 0 0 
351 0.893027 -0.0133121 0 0 
352 0.902635 -0.0133121 0 0 
353 0.902635 -0.0121219 0 0 
354 0.911838 -0.0121219 0 0 
355 0.911838 -0.0109726 0 0 
356 0.920627 -0.0109726 0 0 
357 0.920627 -0.009867030000000001 0 0 
358 0.928992 -0.009867030000000001 0 0 
359 0.928992 -0.00880793 0 0 
360 0.936925 -0.00880793 0 0 
361 0.936925 -0.00779793 0 0 
362 0.944418 -0.00779793 0 0 
363 0.944418 -0.00683958 0 0 
364 0.9514629999999999 -0.00683958 0 0 
365 0.9514629999999999 -0.00593537 0 0 
366 0.958054 -0.00593537 0 0 
367 0.958054 -0.00508767 0 0 
368 0.964184 -0.00508767 0 0 
369 0.964184 -0.00429874 0 0 
370 0.969846 -0.00429874 0 0 
371 0.969846 -0.00357073 0 0 
372 0.975036 -0.00357073 0 0 
373 0.975036 -0.00290565 0 0 
374 0.979746 -0.00290565 0 0 
375 0.979746 -0.00230534 0 0 
376 0.983974 -0.00230534 0 0 
377 0.983974 -0.00177151 0 0 
378 0.987715 -0.00177151 0 0 
379 0.987715 -0.00130567 0 0 
380 0.990964 -0.00130567 0 0 
381 0.990964 -0.0009091700000000001 0 0 
382 0.993719 -0.0009091700000000001 0 0 
383 0.993719 -0.00058316 0 0 
384 0.995977 -0.00058316 0 0 
385 0.995977 -0.000328595 0 0 
386 0.997736 -0.000328595 0 0 
387 0.997736 -0.000146223 0 0 
388 0.998993 -0.000146223 0 0 
389 0.998993 -3.65828e-05 0 0 
390 0.999748 -3.65828e-05 0 0 
391 0.999748 -1.66533e-17 0 0 
400 0 4 0 0 
401 0 -4 0 0 
402 -2.7 0 0 0 
403 0.3 0 0 0 
410 6 4 0 0 
411 6 -4 0 0 
412 6 0 0 0 
430 6 12 0 0 
431 6 -12 0 0 
0 1 -1.665266774301954e-17 0 1 3.65828e-05 0 1 0 2 0 -1 
1 0.999748 3.65828e-05 0 1 3.65828e-05 0 0 2 1 -2 
2 0.999748 3.65828e-05 0 0.999748 0.000146223 0 0 2 2 -3 
3 0.998993 0.000146223 0 0.999748 0.000146223 0 0 2 3 -4 
4 0.998993 0.000146223 0 0.998993 0.000328595 0 0 2 4 -5 
5 0.997736 0.000328595 0 0.998993 0.000328595 0 0 2 5 -6 
6 0.997736 0.000328595 0 0.997736 0.00058316 0 0 2 6 -7 
7 0.995977 0.00058316 0 0.997736 0.00058316 0 0 2 7 -8 
8 0.995977 0.00058316 0 0.995977 0.0009091700000000001 0 0 2 8 -9 
9 0.993719 0.0009091700000000001 0 0.995977 0.0009091700000000001 0 0 2 9 -10 
10 0.993719 0.0009091700000000001 0 0.993719 0.00130567 0 0 2 10 -11 
11 0.990964 0.00130567 0 0.993719 0.00130567 0 0 2 11 -12 
12 0.990964 0.00130567 0 0.990964 0.00177151 0 0 2 12 -13 
13 0.987715 0.00177151 0 0.990964 0.00177151 0 0 2 13 -14 
14 0.987715 0.00177151 0 0.987715 0.00230534 0 0 2 14 -15 
15 0.983974 0.00230534 0 0.987715 0.00230534 0 0 2 15 -16 
16 0.983974 0.00230534 0 0.983974 0.00290565 0 0 2 16 -17 
17 0.979746 0.00290565 0 0.983974 0.00290565 0 0 2 17 -18 
18 0.979746 0.00290565 0 0.979746 0.00357073 0 0 2 18 -19 
19 0.975036 0.00357073 0 0.979746 0.00357073 0 0 2 19 -20 
20 0.975036 0.00357073 0 0.975036 0.00429874 0 0 2 20 -21 
21 0.969846 0.00429874 0 0.975036 0.00429874 0 0 2 21 -22 
22 0.969846 0.00429874 0 0.969846 0.00508767 0 0 2 22 -23 
23 0.964184 0.00508767 0 0.969846 0.00508767 0 0 2 23 -24 
24 0.964184 0.00508767 0 0.964184 0.00593537 0 0 2 24 -25 
25 0.958054 0.00593537 0 0.964184 0.00593537 0 0 2 25 -26 
26 0.958054 0.00593537 0 0.958054 0.00683958 0 0 2 26 -27 
27 0.9514629999999999 0.00683958 0 0.958054 0.00683958 0 0 2 27 -28 
28 0.9514629999999999 0.00683958 0 0.9514629999999999 0.00779793 0 0 2 28 -29 
29 0.944418 0.00779793 0 0.9514629999999999 0.00779793 0 0 2 29 -30 
30 0.944418 0.00779793 0 0.944418 0.00880793 0 0 2 30 -31 
31 0.936925 0.00880793 0 0.944418 0.00880793 0 0 2 31 -32 
32 0.936925 0.00880793 0 0.936925 0.009867030000000001 0 0 2 32 -33 
33 0.928992 0.009867030000000001 0 0.936925 0.009867030000000001 0 0 2 33 -34 
34 0.928992 0.009867030000000001 0 0.928992 0.0109726 0 0 2 34 -35 
35 0.920627 0.0109726 0 0.928992 0.0109726 0 0 2 35 -36 
36 0.920627 0.0109726 0 0.920627 0.0121219 0 0 2 36 -37 
37 0.911838 0.0121219 0 0.920627 0.0121219 0 0 2 37 -38 
38 0.911838 0.0121219 0 0.911838 0.0133121 0 0 2 38 -39 
39 0.902635 0.0133121 0 0.911838 0.0133121 0 0 2 39 -40 
40 0.902635 0.0133121 0 0.902635 0.0145406 0 0 2 40 -41 
41 0.893027 0.0145406 0 0.902635 0.0145406 0 0 2 41 -42 
42 0.893027 0.0145406 0 0.893027 0.0158044 0 0 2 42 -43 
43 0.883022 0.0158044 0 0.893027 0.0158044 0 0 2 43 -44 
44 0.883022 0.0158044 0 0.883022 0.0171006 0 0 2 44 -45 
45 0.872632 0.0171006 0 0.883022 0.0171006 0 0 2 45 -46 
46 0.872632 0.0171006 0 0.872632 0.0184265 0 0 2 46 -47 
47 0.861867 0.0184265 0 0.872632 0.0184265 0 0 2 47 -48 
48 0.861867 0.0184265 0 0.861867 0.0197789 0 0 2 48 -49 
49 0.850737 0.0197789 0 0.861867 0.0197789 0 0 2 49 -50 
50 0.850737 0.0197789 0 0.850737 0.0211551 0 0 2 50 -51 
51 0.839255 0.0211551 0 0.850737 0.0211551 0 0 2 51 -52 
52 0.839255 0.0211551 0 0.839255 0.0225521 0 0 2 52 -53 
53 0.82743 0.0225521 0 0.839255 0.0225521 0 0 2 53 -54 
54 0.82743 0.0225521 0 0.82743 0.0239669 0 0 2 54 -55 
55 0.815276 0.0239669 0 0.82743 0.0239669 0 0 2 55 -56 
56 0.815276 0.0239669 0 0.815276 0.0253966 0 0 2 56 -57 
57 0.802805 0.0253966 0 0.815276 0.0253966 0 0 2 57 -58 
58 0.802805 0.0253966 0 0.802805 0.0268382 0 0 2 58 -59 
59 0.790028 0.0268382 0 0.802805 0.0268382 0 0 2 59 -60 
60 0.790028 0.0268382 0 0.790028 0.0282887 0 0 2 60 -61 
61 0.77696 0.0282887 0 0.790028 0.0282887 0 0 2 61 -62 
62 0.77696 0.0282887 0 0.77696 0.0297451 0 0 2 62 -63 
63 0.763613 0.0297451 0 0.77696 0.0297451 0 0 2 63 -64 
64 0.763613 0.0297451 0 0.763613 0.0312044 0 0 2 64 -65 
65 0.75 0.0312044 0 0.763613 0.0312044 0 0 2 65 -66 
66 0.75 0.0312044 0 0.75 0.0326635 0 0 2 66 -67 
67 0.736136 0.0326635 0 0.75 0.0326635 0 0 2 67 -68 
68 0.736136 0.0326635 0 0.736136 0.0341194 0 0 2 68 -69 
69 0.722033 0.0341194 0 0.736136 0.0341194 0 0 2 69 -70 
70 0.722033 0.0341194 0 0.722033 0.035569 0 0 2 70 -71 
71 0.707708 0.035569 0 0.722033 0.035569 0 0 2 71 -72 
72 0.707708 0.035569 0 0.707708 0.0370091 0 0 2 72 -73 
73 0.693173 0.0370091 0 0.707708 0.0370091 0 0 2 73 -74 
74 0.693173 0.0370091 0 0.693173 0.0384366 0 0 2 74 -75 
75 0.678443 0.0384366 0 0.693173 0.0384366 0 0 2 75 -76 
76 0.678443 0.0384366 0 0.678443 0.0398482 0 0 2 76 -77 
77 0.663534 0.0398482 0 0.678443 0.0398482 0 0 2 77 -78 
78 0.663534 0.0398482 0 0.663534 0.0412407 0 0 2 78 -79 
79 0.64846 0.0412407 0 0.663534 0.0412407 0 0 2 79 -80 
80 0.64846 0.0412407 0 0.64846 0.0426107 0 0 2 80 -81 
81 0.633237 0.0426107 0 0.64846 0.0426107 0 0 2 81 -82 
82 0.633237 0.0426107 0 0.633237 0.0439549 0 0 2 82 -83 
83 0.617879 0.0439549 0 0.633237 0.0439549 0 0 2 83 -84 
84 0.617879 0.0439549 0 0.617879 0.0452698 0 0 2 84 -85 
85 0.602403 0.0452698 0 0.617879 0.0452698 0 0 2 85 -86 
86 0.602403 0.0452698 0 0.602403 0.0465521 0 0 2 86 -87 
87 0.586824 0.0465521 0 0.602403 0.0465521 0 0 2 87 -88 
88 0.586824 0.0465521 0 0.586824 0.0477982 0 0 2 88 -89 
89 0.571157 0.0477982 0 0.586824 0.0477982 0 0 2 89 -90 
90 0.571157 0.0477982 0 0.571157 0.0490045 0 0 2 90 -91 
91 0.555419 0.0490045 0 0.571157 0.0490045 0 0 2 91 -92 
92 0.555419 0.0490045 0 0.555419 0.0501675 0 0 2 92 -93 
93 0.539625 0.0501675 0 0.555419 0.0501675 0 0 2 93 -94 
94 0.539625 0.0501675 0 0.539625 0.0512835 0 0 2 94 -95 
95 0.523791 0.0512835 0 0.539625 0.0512835 0 0 2 95 -96 
96 0.523791 0.0512835 0 0.523791 0.0523489 0 0 2 96 -97 
97 0.507933 0.0523489 0 0.523791 0.0523489 0 0 2 97 -98 
98 0.507933 0.0523489 0 0.507933 0.0533601 0 0 2 98 -99 
99 0.492067 0.0533601 0 0.507933 0.0533601 0 0 2 99 -100 
100 0.492067 0.0533601 0 0.492067 0.0543134 0 0 2 100 -101 
101 0.476209 0.0543134 0 0.492067 0.0543134 0 0 2 101 -102 
102 0.476209 0.0543134 0 0.476209 0.0552053 0 0 2 102 -103 
103 0.460375 0.0552053 0 0.476209 0.0552053 0 0 2 103 -104 
104 0.460375 0.0552053 0 0.460375 0.0560321 0 0 2 104 -105 
105 0.444581 0.0560321 0 0.460375 0.0560321 0 0 2 105 -106 
106 0.444581 0.0560321 0 0.444581 0.0567903 0 0 2 106 -107 
107 0.428843 0.0567903 0 0.444581 0.0567903 0 0 2 107 -108 
108 0.428843 0.0567903 0 0.428843 0.0574765 0 0 2 108 -109 
109 0.413176 0.0574765 0 0.428843 0.0574765 0 0 2 109 -110 
110 0.413176 0.0574765 0 0.413176 0.0580873 0 0 2 110 -111 
111 0.397597 0.0580873 0 0.413176 0.0580873 0 0 2 111 -112 
112 0.397597 0.0580873 0 0.397597 0.0586193 0 0 2 112 -113 
113 0.382121 0.0586193 0 0.397597 0.0586193 0 0 2 113 -114 
114 0.382121 0.0586193 0 0.382121 0.0590696 0 0 2 114 -115 
115 0.366763 0.0590696 0 0.382121 0.0590696 0 0 2 115 -116 
116 0.366763 0.0590696 0 0.366763 0.059435 0 0 2 116 -117 
117 0.35154 0.059435 0 0.366763 0.059435 0 0 2 117 -118 
118 0.35154 0.059435 0 0.35154 0.0597128 0 0 2 118 -119 
119 0.336466 0.0597128 0 0.35154 0.0597128 0 0 2 119 -120 
120 0.336466 0.0597128 0 0.336466 0.0599003 0 0 2 120 -121 
121 0.321557 0.0599003 0 0.336466 0.0599003 0 0 2 121 -122 
122 0.321557 0.0599003 0 0.321557 0.0599951 0 0 2 122 -123 
123 0.292292 0.0599951 0 0.321557 0.0599951 0 0 2 123 -124 
124 0.292292 0.0598982 0 0.292292 0.0599951 0 0 2 124 -125 
125 0.277967 0.0598982 0 0.292292 0.0598982 0 0 2 125 -126 
126 0.277967 0.0597028 0 0.277967 0.0598982 0 0 2 126 -127 
127 0.263864 0.0597028 0 0.277967 0.0597028 0 0 2 127 -128 
128 0.263864 0.0594075 0 0.263864 0.0597028 0 0 2 128 -129 
129 0.25 0.0594075 0 0.263864 0.0594075 0 0 2 129 -130 
130 0.25 0.0590111 0 0.25 0.0594075 0 0 2 130 -131 
131 0.236387 0.0590111 0 0.25 0.0590111 0 0 2 131 -132 
132 0.236387 0.0585128 0 0.236387 0.0590111 0 0 2 132 -133 
133 0.22304 0.0585128 0 0.236387 0.0585128 0 0 2 133 -134 
134 0.22304 0.0579121 0 0.22304 0.0585128 0 0 2 134 -135 
135 0.209972 0.0579121 0 0.22304 0.0579121 0 0 2 135 -136 
136 0.209972 0.0572087 0 0.209972 0.0579121 0 0 2 136 -137 
137 0.197195 0.0572087 0 0.209972 0.0572087 0 0 2 137 -138 
138 0.197195 0.0564028 0 0.197195 0.0572087 0 0 2 138 -139 
139 0.184724 0.0564028 0 0.197195 0.0564028 0 0 2 139 -140 
140 0.184724 0.0554948 0 0.184724 0.0564028 0 0 2 140 -141 
141 0.17257 0.0554948 0 0.184724 0.0554948 0 0 2 141 -142 
142 0.17257 0.0544854 0 0.17257 0.0554948 0 0 2 142 -143 
143 0.160745 0.0544854 0 0.17257 0.0544854 0 0 2 143 -144 
144 0.160745 0.0533756 0 0.160745 0.0544854 0 0 2 144 -145 
145 0.149263 0.0533756 0 0.160745 0.0533756 0 0 2 145 -146 
146 0.149263 0.0521668 0 0.149263 0.0533756 0 0 2 146 -147 
147 0.138133 0.0521668 0 0.149263 0.0521668 0 0 2 147 -148 
148 0.138133 0.0508605 0 0.138133 0.0521668 0 0 2 148 -149 
149 0.127368 0.0508605 0 0.138133 0.0508605 0 0 2 149 -150 
150 0.127368 0.0494586 0 0.127368 0.0508605 0 0 2 150 -151 
151 0.116978 0.0494586 0 0.127368 0.0494586 0 0 2 151 -152 
152 0.116978 0.0479633 0 0.116978 0.0494586 0 0 2 152 -153 
153 0.106973 0.0479633 0 0.116978 0.0479633 0 0 2 153 -154 
154 0.106973 0.0463768 0 0.106973 0.0479633 0 0 2 154 -155 
155 0.0973649 0.0463768 0 0.106973 0.0463768 0 0 2 155 -156 
156 0.0973649 0.0447018 0 0.0973649 0.0463768 0 0 2 156 -157 
157 0.0881617 0.0447018 0 0.0973649 0.0447018 0 0 2 157 -158 
158 0.0881617 0.042941 0 0.0881617 0.0447018 0 0 2 158 -159 
159 0.0793732 0.042941 0 0.0881617 0.042941 0 0 2 159 -160 
160 0.0793732 0.0410972 0 0.0793732 0.042941 0 0 2 160 -161 
161 0.0710083 0.0410972 0 0.0793732 0.0410972 0 0 2 161 -162 
162 0.0710083 0.0391735 0 0.0710083 0.0410972 0 0 2 162 -163 
163 0.0630753 0.0391735 0 0.0710083 0.0391735 0 0 2 163 -164 
164 0.0630753 0.037173 0 0.0630753 0.0391735 0 0 2 164 -165 
165 0.0555823 0.037173 0 0.0630753 0.037173 0 0 2 165 -166 
166 0.0555823 0.0350989 0 0.0555823 0.037173 0 0 2 166 -167 
167 0.0485367 0.0350989 0 0.0555823 0.0350989 0 0 2 167 -168 
168 0.0485367 0.0329544 0 0.0485367 0.0350989 0 0 2 168 -169 
169 0.0419458 0.0329544 0 0.0485367 0.0329544 0 0 2 169 -170 
170 0.0419458 0.0307426 0 0.0419458 0.0329544 0 0 2 170 -171 
171 0.035816 0.0307426 0 0.0419458 0.0307426 0 0 2 171 -172 
172 0.035816 0.0284669 0 0.035816 0.0307426 0 0 2 172 -173 
173 0.0301537 0.0284669 0 0.035816 0.0284669 0 0 2 173 -174 
174 0.0301537 0.0261302 0 0.0301537 0.0284669 0 0 2 174 -175 
175 0.0249644 0.0261302 0 0.0301537 0.0261302 0 0 2 175 -176 
176 0.0249644 0.0237357 0 0.0249644 0.0261302 0 0 2 176 -177 
177 0.0202535 0.0237357 0 0.0249644 0.0237357 0 0 2 177 -178 
178 0.0202535 0.0212862 0 0.0202535 0.0237357 0 0 2 178 -179 
179 0.0160256 0.0212862 0 0.0202535 0.0212862 0 0 2 179 -180 
180 0.0160256 0.0187844 0 0.0160256 0.0212862 0 0 2 180 -181 
181 0.0122851 0.0187844 0 0.0160256 0.0187844 0 0 2 181 -182 
182 0.0122851 0.0162331 0 0.0122851 0.0187844 0 0 2 182 -183 
183 0.009035649999999999 0.0162331 0 0.0122851 0.0162331 0 0 2 183 -184 
184 0.009035649999999999 0.0136345 0 0.009035649999999999 0.0162331 0 0 2 184 -185 
185 0.00628056 0.0136345 0 0.009035649999999999 0.0136345 0 0 2 185 -186 
186 0.00628056 0.0109908 0 0.00628056 0.0136345 0 0 2 186 -187 
187 0.00402259 0.0109908 0 0.00628056 0.0109908 0 0 2 187 -188 
188 0.00402259 0.008304000000000001 0 0.00402259 0.0109908 0 0 2 188 -189 
189 0.00226404 0.008304000000000001 0 0.00402259 0.008304000000000001 0 0 2 189 -190 
190 0.00226404 0.0055757 0 0.00226404 0.008304000000000001 0 0 2 190 -191 
191 0.00100666 0.0055757 0 0.00226404 0.0055757 0 0 2 191 -192 
192 0.00100666 0.00280732 0 0.00100666 0.0055757 0 0 2 192 -193 
193 0.000251729 0.00280732 0 0.00100666 0.00280732 0 0 2 193 -194 
194 0.000251729 0 0 0.000251729 0.00280732 0 0 2 194 -195 
195 0 0 0 0.000251729 0 0 0 2 195 -196 
196 0 -0.00280732 0 0 0 0 0 2 196 -197 
197 0 -0.00280732 0 0.000251729 -0.00280732 0 0 2 197 -198 
198 0.000251729 -0.0055757 0 0.000251729 -0.00280732 0 0 2 198 -199 
199 0.000251729 -0.0055757 0 0.00100666 -0.0055757 0 0 2 199 -200 
200 0.00100666 -0.008304000000000001 0 0.00100666 -0.0055757 0 0 2 200 -201 
201 0.00100666 -0.008304000000000001 0 0.00226404 -0.008304000000000001 0 0 2 201 -202 
202 0.00226404 -0.0109908 0 0.00226404 -0.008304000000000001 0 0 2 202 -203 
203 0.00226404 -0.0109908 0 0.00402259 -0.0109908 0 0 2 203 -204 
204 0.00402259 -0.0136345 0 0.00402259 -0.0109908 0 0 2 204 -205 
205 0.00402259 -0.0136345 0 0.00628056 -0.0136345 0 0 2 205 -206 
206 0.00628056 -0.0162331 0 0.00628056 -0.0136345 0 0 2 206 -207 
207 0.00628056 -0.0162331 0 0.009035649999999999 -0.0162331 0 0 2 207 -208 
208 0.009035649999999999 -0.0187844 0 0.009035649999999999 -0.0162331 0 0 2 208 -209 
209 0.009035649999999999 -0.0187844 0 0.0122851 -0.0187844 0 0 2 209 -210 
210 0.0122851 -0.0212862 0 0.0122851 -0.0187844 0 0 2 210 -211 
211 0.0122851 -0.0212862 0 0.0160256 -0.0212862 0 0 2 211 -212 
212 0.0160256 -0.0237357 0 0.0160256 -0.0212862 0 0 2 212 -213 
213 0.0160256 -0.0237357 0 0.0202535 -0.0237357 0 0 2 213 -214 
214 0.0202535 -0.0261302 0 0.0202535 -0.0237357 0 0 2 214 -215 
215 0.0202535 -0.0261302 0 0.0249644 -0.0261302 0 0 2 215 -216 
216 0.0249644 -0.0284669 0 0.0249644 -0.0261302 0 0 2 216 -217 
217 0.0249644 -0.0284669 0 0.0301537 -0.0284669 0 0 2 217 -218 
218 0.0301537 -0.0307426 0 0.0301537 -0.0284669 0 0 2 218 -219 
219 0.0301537 -0.0307426 0 0.035816 -0.0307426 0 0 2 219 -220 
220 0.035816 -0.0329544 0 0.035816 -0.0307426 0 0 2 220 -221 
221 0.035816 -0.0329544 0 0.0419458 -0.0329544 0 0 2 221 -222 
222 0.0419458 -0.0350989 0 0.0419458 -0.0329544 0 0 2 222 -223 
223 0.0419458 -0.0350989 0 0.0485367 -0.0350989 0 0 2 223 -224 
224 0.0485367 -0.037173 0 0.0485367 -0.0350989 0 0 2 224 -225 
225 0.0485367 -0.037173 0 0.0555823 -0.037173 0 0 2 225 -226 
226 0.0555823 -0.0391735 0 0.0555823 -0.037173 0 0 2 226 -227 
227 0.0555823 -0.0391735 0 0.0630753 -0.0391735 0 0 2 227 -228 
228 0.0630753 -0.0410972 0 0.0630753 -0.0391735 0 0 2 228 -229 
229 0.0630753 -0.0410972 0 0.0710083 -0.0410972 0 0 2 229 -230 
230 0.0710083 -0.042941 0 0.0710083 -0.0410972 0 0 2 230 -231 
231 0.0710083 -0.042941 0 0.0793732 -0.042941 0 0 2 231 -232 
232 0.0793732 -0.0447018 0 0.0793732 -0.042941 0 0 2 232 -233 
233 0.0793732 -0.0447018 0 0.0881617 -0.0447018 0 0 2 233 -234 
234 0.0881617 -0.0463768 0 0.0881617 -0.0447018 0 0 2 234 -235 
235 0.0881617 -0.0463768 0 0.0973649 -0.0463768 0 0 2 235 -236 
236 0.0973649 -0.0479633 0 0.0973649 -0.0463768 0 0 2 236 -237 
237 0.0973649 -0.0479633 0 0.106973 -0.0479633 0 0 2 237 -238 
238 0.106973 -0.0494586 0 0.106973 -0.0479633 0 0 2 238 -239 
239 0.106973 -0.0494586 0 0.116978 -0.0494586 0 0 2 239 -240 
240 0.116978 -0.0508605 0 0.116978 -0.0494586 0 0 2 240 -241 
241 0.116978 -0.0508605 0 0.127368 -0.0508605 0 0 2 241 -242 
242 0.127368 -0.0521668 0 0.127368 -0.0508605 0 0 2 242 -243 
243 0.127368 -0.0521668 0 0.138133 -0.0521668 0 0 2 243 -244 
244 0.138133 -0.0533756 0 0.138133 -0.0521668 0 0 2 244 -245 
245 0.138133 -0.0533756 0 0.149263 -0.0533756 0 0 2 245 -246 
246 0.149263 -0.0544854 0 0.149263 -0.0533756 0 0 2 246 -247 
247 0.149263 -0.0544854 0 0.160745 -0.0544854 0 0 2 247 -248 
248 0.160745 -0.0554948 0 0.160745 -0.0544854 0 0 2 248 -249 
249 0.160745 -0.0554948 0 0.17257 -0.0554948 0 0 2 249 -250 
250 0.17257 -0.0564028 0 0.17257 -0.0554948 0 0 2 250 -251 
251 0.17257 -0.0564028 0 0.184724 -0.0564028 0 0 2 251 -252 
252 0.184724 -0.0572087 0 0.184724 -0.0564028 0 0 2 252 -253 
253 0.184724 -0.0572087 0 0.197195 -0.0572087 0 0 2 253 -254 
254 0.197195 -0.0579121 0 0.197195 -0.0572087 0 0 2 254 -255 
255 0.197195 -0.0579121 0 0.209972 -0.0579121 0 0 2 255 -256 
256 0.209972 -0.0585128 0 0.209972 -0.0579121 0 0 2 256 -257 
257 0.209972 -0.0585128 0 0.22304 -0.0585128 0 0 2 257 -258 
258 0.22304 -0.0590111 0 0.22304 -0.0585128 0 0 2 258 -259 
259 0.22304 -0.0590111 0 0.236387 -0.0590111 0 0 2 259 -260 
260 0.236387 -0.0594075 0 0.236387 -0.0590111 0 0 2 260 -261 
261 0.236387 -0.0594075 0 0.25 -0.0594075 0 0 2 261 -262 
262 0.25 -0.0597028 0 0.25 -0.0594075 0 0 2 262 -263 
263 0.25 -0.0597028 0 0.263864 -0.0597028 0 0 2 263 -264 
264 0.263864 -0.0598982 0 0.263864 -0.0597028 0 0 2 264 -265 
265 0.263864 -0.0598982 0 0.277967 -0.0598982 0 0 2 265 -266 
266 0.277967 -0.0599951 0 0.277967 -0.0598982 0 0 2 266 -267 
267 0.277967 -0.0599951 0 0.306827 -0.0599951 0 0 2 267 -268 
268 0.306827 -0.0599951 0 0.306827 -0.0599003 0 0 2 268 -269 
269 0.306827 -0.0599003 0 0.321557 -0.0599003 0 0 2 269 -270 
270 0.321557 -0.0599003 0 0.321557 -0.0597128 0 0 2 270 -271 
271 0.321557 -0.0597128 0 0.336466 -0.0597128 0 0 2 271 -272 
272 0.336466 -0.0597128 0 0.336466 -0.059435 0 0 2 272 -273 
273 0.336466 -0.059435 0 0.35154 -0.059435 0 0 2 273 -274 
274 0.35154 -0.059435 0 0.35154 -0.0590696 0 0 2 274 -275 
275 0.35154 -0.0590696 0 0.366763 -0.0590696 0 0 2 275 -276 
276 0.366763 -0.0590696 0 0.366763 -0.0586193 0 0 2 276 -277 
277 0.366763 -0.0586193 0 0.382121 -0.0586193 0 0 2 277 -278 
278 0.382121 -0.0586193 0 0.382121 -0.0580873 0 0 2 278 -279 
279 0.382121 -0.0580873 0 0.397597 -0.0580873 0 0 2 279 -280 
280 0.397597 -0.0580873 0 0.397597 -0.0574765 0 0 2 280 -281 
281 0.397597 -0.0574765 0 0.413176 -0.0574765 0 0 2 281 -282 
282 0.413176 -0.0574765 0 0.413176 -0.0567903 0 0 2 282 -283 
283 0.413176 -0.0567903 0 0.428843 -0.0567903 0 0 2 283 -284 
284 0.428843 -0.0567903 0 0.428843 -0.0560321 0 0 2 284 -285 
285 0.428843 -0.0560321 0 0.444581 -0.0560321 0 0 2 285 -286 
286 0.444581 -0.0560321 0 0.444581 -0.0552053 0 0 2 286 -287 
287 0.444581 -0.0552053 0 0.460375 -0.0552053 0 0 2 287 -288 
288 0.460375 -0.0552053 0 0.460375 -0.0543134 0 0 2 288 -289 
289 0.460375 -0.0543134 0 0.476209 -0.0543134 0 0 2 289 -290 
290 0.476209 -0.0543134 0 0.476209 -0.0533601 0 0 2 290 -291 
291 0.476209 -0.0533601 0 0.492067 -0.0533601 0 0 2 291 -292 
292 0.492067 -0.0533601 0 0.492067 -0.0523489 0 0 2 292 -293 
293 0.492067 -0.0523489 0 0.507933 -0.0523489 0 0 2 293 -294 
294 0.507933 -0.0523489 0 0.507933 -0.0512835 0 0 2 294 -295 
295 0.507933 -0.0512835 0 0.523791 -0.0512835 0 0 2 295 -296 
296 0.523791 -0.0512835 0 0.523791 -0.0501675 0 0 2 296 -297 
297 0.523791 -0.0501675 0 0.539625 -0.0501675 0 0 2 297 -298 
298 0.539625 -0.0501675 0 0.539625 -0.0490045 0 0 2 298 -299 
299 0.539625 -0.0490045 0 0.555419 -0.0490045 0 0 2 299 -300 
300 0.555419 -0.0490045 0 0.555419 -0.0477982 0 0 2 300 -301 
301 0.555419 -0.0477982 0 0.571157 -0.0477982 0 0 2 301 -302 
302 0.571157 -0.0477982 0 0.571157 -0.0465521 0 0 2 302 -303 
303 0.571157 -0.0465521 0 0.586824 -0.0465521 0 0 2 303 -304 
304 0.586824 -0.0465521 0 0.586824 -0.0452698 0 0 2 304 -305 
305 0.586824 -0.0452698 0 0.602403 -0.0452698 0 0 2 305 -306 
306 0.602403 -0.0452698 0 0.602403 -0.0439549 0 0 2 306 -307 
307 0.602403 -0.0439549 0 0.617879 -0.0439549 0 0 2 307 -308 
308 0.617879 -0.0439549 0 0.617879 -0.0426107 0 0 2 308 -309 
309 0.617879 -0.0426107 0 0.633237 -0.0426107 0 0 2 309 -310 
310 0.633237 -0.0426107 0 0.633237 -0.0412407 0 0 2 310 -311 
311 0.633237 -0.0412407 0 0.64846 -0.0412407 0 0 2 311 -312 
312 0.64846 -0.0412407 0 0.64846 -0.0398482 0 0 2 312 -313 
313 0.64846 -0.0398482 0 0.663534 -0.0398482 0 0 2 313 -314 
314 0.663534 -0.0398482 0 0.663534 -0.0384366 0 0 2 314 -315 
315 0.663534 -0.0384366 0 0.678443 -0.0384366 0 0 2 315 -316 
316 0.678443 -0.0384366 0 0.678443 -0.0370091 0 0 2 316 -317 
317 0.678443 -0.0370091 0 0.693173 -0.0370091 0 0 2 317 -318 
318 0.693173 -0.0370091 0 0.693173 -0.035569 0 0 2 318 -319 
319 0.693173 -0.035569 0 0.707708 -0.035569 0 0 2 319 -320 
320 0.707708 -0.035569 0 0.707708 -0.0341194 0 0 2 320 -321 
321 0.707708 -0.0341194 0 0.722033 -0.0341194 0 0 2 321 -322 
322 0.722033 -0.0341194 0 0.722033 -0.0326635 0 0 2 322 -323 
323 0.722033 -0.0326635 0 0.736136 -0.0326635 0 0 2 323 -324 
324 0.736136 -0.0326635 0 0.736136 -0.0312044 0 0 2 324 -325 
325 0.736136 -0.0312044 0 0.75 -0.0312044 0 0 2 325 -326 
326 0.75 -0.0312044 0 0.75 -0.0297451 0 0 2 326 -327 
327 0.75 -0.0297451 0 0.763613 -0.0297451 0 0 2 327 -328 
328 0.763613 -0.0297451 0 0.763613 -0.0282887 0 0 2 328 -329 
329 0.763613 -0.0282887 0 0.77696 -0.0282887 0 0 2 329 -330 
330 0.77696 -0.0282887 0 0.77696 -0.0268382 0 0 2 330 -331 
331 0.77696 -0.0268382 0 0.790028 -0.0268382 0 0 2 331 -332 
332 0.790028 -0.0268382 0 0.790028 -0.0253966 0 0 2 332 -333 
333 0.790028 -0.0253966 0 0.802805 -0.0253966 0 0 2 333 -334 
334 0.802805 -0.0253966 0 0.802805 -0.0239669 0 0 2 334 -335 
335 0.802805 -0.0239669 0 0.815276 -0.0239669 0 0 2 335 -336 
336 0.815276 -0.0239669 0 0.815276 -0.0225521 0 0 2 336 -337 
337 0.815276 -0.0225521 0 0.82743 -0.0225521 0 0 2 337 -338 
338 0.82743 -0.0225521 0 0.82743 -0.0211551 0 0 2 338 -339 
339 0.82743 -0.0211551 0 0.839255 -0.0211551 0 0 2 339 -340 
340 0.839255 -0.0211551 0 0.839255 -0.0197789 0 0 2 340 -341 
341 0.839255 -0.0197789 0 0.850737 -0.0197789 0 0 2 341 -342 
342 0.850737 -0.0197789 0 0.850737 -0.0184265 0 0 2 342 -343 
343 0.850737 -0.0184265 0 0.861867 -0.0184265 0 0 2 343 -344 
344 0.861867 -0.0184265 0 0.861867 -0.0171006 0 0 2 344 -345 
345 0.861867 -0.0171006 0 0.872632 -0.0171006 0 0 2 345 -346 
346 0.872632 -0.0171006 0 0.872632 -0.0158044 0 0 2 346 -347 
347 0.872632 -0.0158044 0 0.883022 -0.0158044 0 0 2 347 -348 
348 0.883022 -0.0158044 0 0.883022 -0.0145406 0 0 2 348 -349 
349 0.883022 -0.0145406 0 0.893027 -0.0145406 0 0 2 349 -350 
350 0.893027 -0.0145406 0 0.893027 -0.0133121 0 0 2 350 -351 
351 0.893027 -0.0133121 0 0.902635 -0.0133121 0 0 2 351 -352 
352 0.902635 -0.0133121 0 0.902635 -0.0121219 0 0 2 352 -353 
353 0.902635 -0.0121219 0 0.911838 -0.0121219 0 0 2 353 -354 
354 0.911838 -0.0121219 0 0.911838 -0.0109726 0 0 2 354 -355 
355 0.911838 -0.0109726 0 0.920627 -0.0109726 0 0 2 355 -356 
356 0.920627 -0.0109726 0 0.920627 -0.009867030000000001 0 0 2 356 -357 
357 0.920627 -0.009867030000000001 0 0.928992 -0.009867030000000001 0 0 2 357 -358 
358 0.928992 -0.009867030000000001 0 0.928992 -0.00880793 0 0 2 358 -359 
359 0.928992 -0.00880793 0 0.936925 -0.00880793 0 0 2 359 -360 
360 0.936925 -0.00880793 0 0.936925 -0.00779793 0 0 2 360 -361 
361 0.936925 -0.00779793 0 0.944418 -0.00779793 0 0 2 361 -362 
362 0.944418 -0.00779793 0 0.944418 -0.00683958 0 0 2 362 -363 
363 0.944418 -0.00683958 0 0.9514629999999999 -0.00683958 0 0 2 363 -364 
364 0.9514629999999999 -0.00683958 0 0.9514629999999999 -0.00593537 0 0 2 364 -365 
365 0.9514629999999999 -0.00593537 0 0.958054 -0.00593537 0 0 2 365 -366 
366 0.958054 -0.00593537 0 0.958054 -0.00508767 0 0 2 366 -367 
367 0.958054 -0.00508767 0 0.964184 -0.00508767 0 0 2 367 -368 
368 0.964184 -0.00508767 0 0.964184 -0.00429874 0 0 2 368 -369 
369 0.964184 -0.00429874 0 0.969846 -0.00429874 0 0 2 369 -370 
370 0.969846 -0.00429874 0 0.969846 -0.00357073 0 0 2 370 -371 
371 0.969846 -0.00357073 0 0.975036 -0.00357073 0 0 2 371 -372 
372 0.975036 -0.00357073 0 0.975036 -0.00290565 0 0 2 372 -373 
373 0.975036 -0.00290565 0 0.979746 -0.00290565 0 0 2 373 -374 
374 0.979746 -0.00290565 0 0.979746 -0.00230534 0 0 2 374 -375 
375 0.979746 -0.00230534 0 0.983974 -0.00230534 0 0 2 375 -376 
376 0.983974 -0.00230534 0 0.983974 -0.00177151 0 0 2 376 -377 
377 0.983974 -0.00177151 0 0.987715 -0.00177151 0 0 2 377 -378 
378 0.987715 -0.00177151 0 0.987715 -0.00130567 0 0 2 378 -379 
379 0.987715 -0.00130567 0 0.990964 -0.00130567 0 0 2 379 -380 
380 0.990964 -0.00130567 0 0.990964 -0.0009091700000000001 0 0 2 380 -381 
381 0.990964 -0.0009091700000000001 0 0.993719 -0.0009091700000000001 0 0 2 381 -382 
382 0.993719 -0.0009091700000000001 0 0.993719 -0.00058316 0 0 2 382 -383 
383 0.993719 -0.00058316 0 0.995977 -0.00058316 0 0 2 383 -384 
384 0.995977 -0.00058316 0 0.995977 -0.000328595 0 0 2 384 -385 
385 0.995977 -0.000328595 0 0.997736 -0.000328595 0 0 2 385 -386 
386 0.997736 -0.000328595 0 0.997736 -0.000146223 0 0 2 386 -387 
387 0.997736 -0.000146223 0 0.998993 -0.000146223 0 0 2 387 -388 
388 0.998993 -0.000146223 0 0.998993 -3.65828e-05 0 0 2 388 -389 
389 0.998993 -3.65828e-05 0 0.999748 -3.65828e-05 0 0 2 389 -390 
390 0.999748 -3.65828e-05 0 0.999748 -1.665605587480856e-17 0 1 303 2 390 -391 
391 0.999748 -1.66533e-17 0 1 -1.66533e-17 0 0 2 391 0 
400 -2.7 0 0 0 0 0 0 2 196 -402 
401 0 0.05640279999999986 0 0.184724 4 0 0 2 400 -140 
402 0 -4 0 0.184724 -0.05720869999999989 0 0 2 401 -253 
403 -2.7 0 0 0 4 0 1 300 2 400 -402 
404 -2.7 -4 0 0 0 0 1 300 2 402 -401 
410 1 -1.66533e-17 0 6 0 0 0 2 0 -412 
411 6 0 0 6 4 0 1 302 2 410 -412 
412 6 -4 0 6 0 0 1 302 2 411 -412 
420 0 4 0 6 4 0 0 2 400 -410 
421 0 -4 0 6 -4 0 0 2 401 -411 
430 6 4 0 6 12 0 1 302 2 410 -430 
431 6 -12 0 6 -4 0 1 302 2 411 -431 
432 0 4 0 6 12 0 1 300 2 400 -430 
433 0 -12 0 6 -4 0 1 300 2 401 -431 
1 -2.7 0 0 0.1847240000000001 4 0 1 236 59 -403 401 140 141 142 143 144 145 146 147 148 149 150 151 152 153 154 155 156 157 158 159 160 161 162 163 164 165 166 167 168 169 170 171 172 173 174 175 176 177 178 179 180 181 182 183 184 185 186 187 188 189 190 191 192 193 194 195 400 
2 -2.7 -4 0 0.1847240000000001 0 0 1 236 60 -400 196 197 198 199 200 201 202 203 204 205 206 207 208 209 210 211 212 213 214 215 216 217 218 219 220 221 222 223 224 225 226 227 228 229 230 231 232 233 234 235 236 237 238 239 240 241 242 243 244 245 246 247 248 249 250 251 252 -402 -404 
5 0 0 0 6 4 0 1 236 74 -401 420 411 -410 0 1 2 3 4 5 6 7 8 9 10 11 12 13 14 15 16 17 18 19 20 21 22 23 24 25 26 27 28 29 30 31 32 33 34 35 36 37 38 39 40 41 42 43 44 45 46 47 48 49 50 51 52 53 54 55 56 57 58 59 60 61 62 63 64 65 66 67 68 69 
6 0 -4 0 6 0 0 1 236 143 402 253 254 255 256 257 258 259 260 261 262 263 264 265 266 267 268 269 270 271 272 273 274 275 276 277 278 279 280 281 282 283 284 285 286 287 288 289 290 291 292 293 294 295 296 297 298 299 300 301 302 303 304 305 306 307 308 309 310 311 312 313 314 315 316 317 318 319 320 321 322 323 324 325 326 327 328 329 330 331 332 333 334 335 336 337 338 339 340 341 342 343 344 345 346 347 348 349 350 351 352 353 354 355 356 357 358 359 360 361 362 363 364 365 366 367 368 369 370 371 372 373 374 375 376 377 378 379 380 381 382 383 384 385 386 387 388 389 390 391 410 -412 -421 
7 0 4 0 6 12 0 1 236 3 432 -430 -420 
8 0 -12 0 6 -4 0 1 236 3 421 431 -433 
$EndEntities
$Nodes
535 1296 1 1296
0 0 0 1
1
1 -1.66533e-17 0
0 1 0 1
2
1 3.65828e-05 0
0 140 0 1
3
0.184724 0.0564028 0
0 141 0 1
4
0.184724 0.0554948 0
0 142 0 1
5
0.17257 0.0554948 0
0 143 0 1
6
0.17257 0.0544854 0
0 144 0 1
7
0.160745 0.0544854 0
0 145 0 1
8
0.160745 0.0533756 0
0 146 0 1
9
0.149263 0.0533756 0
0 147 0 1
10
0.149263 0.0521668 0
0 148 0 1
11
0.138133 0.0521668 0
0 149 0 1
12
0.138133 0.0508605 0
0 150 0 1
13
0.127368 0.0508605 0
0 151 0 1
14
0.127368 0.0494586 0
0 152 0 1
15
0.116978 0.0494586 0
0 153 0 1
16
0.116978 0.0479633 0
0 154 0 1
17
0.106973 0.0479633 0
0 155 0 1
18
0.106973 0.0463768 0
0 156 0 1
19
0.0973649 0.0463768 0
0 157 0 1
20
0.0973649 0.0447018 0
0 158 0 1
21
0.0881617 0.0447018 0
0 159 0 1
22
0.0881617 0.042941 0
0 160 0 1
23
0.0793732 0.042941 0
0 161 0 1
24
0.0793732 0.0410972 0
0 162 0 1
25
0.0710083 0.0410972 0
0 163 0 1
26
0.0710083 0.0391735 0
0 164 0 1
27
0.0630753 0.0391735 0
0 165 0 1
28
0.0630753 0.037173 0
0 166 0 1
29
0.0555823 0.037173 0
0 167 0 1
30
0.0555823 0.0350989 0
0 168 0 1
31
0.0485367 0.0350989 0
0 169 0 1
32
0.0485367 0.0329544 0
0 170 0 1
33
0.0419458 0.0329544 0
0 171 0 1
34
0.0419458 0.0307426 0
0 172 0 1
35
0.035816 0.0307426 0
0 173 0 1
36
0.035816 0.0284669 0
0 174 0 1
37
0.0301537 0.0284669 0
0 175 0 1
38
0.0301537 0.0261302 0
0 176 0 1
39
0.0249644 0.0261302 0
0 177 0 1
40
0.0249644 0.0237357 0
0 178 0 1
41
0.0202535 0.0237357 0
0 179 0 1
42
0.0202535 0.0212862 0
0 180 0 1
43
0.0160256 0.0212862 0
0 181 0 1
44
0.0160256 0.0187844 0
0 182 0 1
45
0.0122851 0.0187844 0
0 183 0 1
46
0.0122851 0.0162331 0
0 184 0 1
47
0.009035649999999999 0.0162331 0
0 185 0 1
48
0.009035649999999999 0.0136345 0
0 186 0 1
49
0.00628056 0.0136345 0
0 187 0 1
50
0.00628056 0.0109908 0
0 188 0 1
51
0.00402259 0.0109908 0
0 189 0 1
52
0.00402259 0.008304000000000001 0
0 190 0 1
53
0.00226404 0.008304000000000001 0
0 191 0 1
54
0.00226404 0.0055757 0
0 192 0 1
55
0.00100666 0.0055757 0
0 193 0 1
56
0.00100666 0.00280732 0
0 194 0 1
57
0.000251729 0.00280732 0
0 195 0 1
58
0.000251729 0 0
0 196 0 1
59
0 0 0
0 197 0 1
60
0 -0.00280732 0
0 198 0 1
61
0.000251729 -0.00280732 0
0 199 0 1
62
0.000251729 -0.0055757 0
0 200 0 1
63
0.00100666 -0.0055757 0
0 201 0 1
64
0.00100666 -0.008304000000000001 0
0 202 0 1
65
0.00226404 -0.008304000000000001 0
0 203 0 1
66
0.00226404 -0.0109908 0
0 204 0 1
67
0.00402259 -0.0109908 0
0 205 0 1
68
0.00402259 -0.0136345 0
0 206 0 1
69
0.00628056 -0.0136345 0
0 207 0 1
70
0.00628056 -0.0162331 0
0 208 0 1
71
0.009035649999999999 -0.0162331 0
0 209 0 1
72
0.009035649999999999 -0.0187844 0
0 210 0 1
73
0.0122851 -0.0187844 0
0 211 0 1
74
0.0122851 -0.0212862 0
0 212 0 1
75
0.0160256 -0.0212862 0
0 213 0 1
76
0.0160256 -0.0237357 0
0 214 0 1
77
0.0202535 -0.0237357 0
0 215 0 1
78
0.0202535 -0.0261302 0
0 216 0 1
79
0.0249644 -0.0261302 0
0 217 0 1
80
0.0249644 -0.0284669 0
0 218 0 1
81
0.0301537 -0.0284669 0
0 219 0 1
82
0.0301537 -0.0307426 0
0 220 0 1
83
0.035816 -0.0307426 0
0 221 0 1
84
0.035816 -0.0329544 0
0 222 0 1
85
0.0419458 -0.0329544 0
0 223 0 1
86
0.0419458 -0.0350989 0
0 224 0 1
87
0.0485367 -0.0350989 0
0 225 0 1
88
0.0485367 -0.037173 0
0 226 0 1
89
0.0555823 -0.037173 0
0 227 0 1
90
0.0555823 -0.0391735 0
0 228 0 1
91
0.0630753 -0.0391735 0
0 229 0 1
92
0.0630753 -0.0410972 0
0 230 0 1
93
0.0710083 -0.0410972 0
0 231 0 1
94
0.0710083 -0.042941 0
0 232 0 1
95
0.0793732 -0.042941 0
0 233 0 1
96
0.0793732 -0.0447018 0
0 234 0 1
97
0.0881617 -0.0447018 0
0 235 0 1
98
0.0881617 -0.0463768 0
0 236 0 1
99
0.0973649 -0.0463768 0
0 237 0 1
100
0.0973649 -0.0479633 0
0 238 0 1
101
0.106973 -0.0479633 0
0 239 0 1
102
0.106973 -0.0494586 0
0 240 0 1
103
0.116978 -0.0494586 0
0 241 0 1
104
0.116978 -0.0508605 0
0 242 0 1
105
0.127368 -0.0508605 0
0 243 0 1
106
0.127368 -0.0521668 0
0 244 0 1
107
0.138133 -0.0521668 0
0 245 0 1
108
0.138133 -0.0533756 0
0 246 0 1
109
0.149263 -0.0533756 0
0 247 0 1
110
0.149263 -0.0544854 0
0 248 0 1
111
0.160745 -0.0544854 0
0 249 0 1
112
0.160745 -0.0554948 0
0 250 0 1
113
0.17257 -0.0554948 0
0 251 0 1
114
0.17257 -0.0564028 0
0 252 0 1
115
0.184724 -0.0564028 0
0 253 0 1
116
0.184724 -0.0572087 0
0 254 0 1
117
0.197195 -0.0572087 0
0 255 0 1
118
0.197195 -0.0579121 0
0 256 0 1
119
0.209972 -0.0579121 0
0 257 0 1
120
0.209972 -0.0585128 0
0 258 0 1
121
0.22304 -0.0585128 0
0 259 0 1
122
0.22304 -0.0590111 0
0 260 0 1
123
0.236387 -0.0590111 0
0 261 0 1
124
0.236387 -0.0594075 0
0 262 0 1
125
0.25 -0.0594075 0
0 263 0 1
126
0.25 -0.0597028 0
0 264 0 1
127
0.263864 -0.0597028 0
0 265 0 1
128
0.263864 -0.0598982 0
0 266 0 1
129
0.277967 -0.0598982 0
0 267 0 1
130
0.277967 -0.0599951 0
0 268 0 1
131
0.306827 -0.0599951 0
0 269 0 1
132
0.306827 -0.0599003 0
0 270 0 1
133
0.321557 -0.0599003 0
0 271 0 1
134
0.321557 -0.0597128 0
0 272 0 1
135
0.336466 -0.0597128 0
0 273 0 1
136
0.336466 -0.059435 0
0 274 0 1
137
0.35154 -0.059435 0
0 275 0 1
138
0.35154 -0.0590696 0
0 276 0 1
139
0.366763 -0.0590696 0
0 277 0 1
140
0.366763 -0.0586193 0
0 278 0 1
141
0.382121 -0.0586193 0
0 279 0 1
142
0.382121 -0.0580873 0
0 280 0 1
143
0.397597 -0.0580873 0
0 281 0 1
144
0.397597 -0.0574765 0
0 282 0 1
145
0.413176 -0.0574765 0
0 283 0 1
146
0.413176 -0.0567903 0
0 284 0 1
147
0.428843 -0.0567903 0
0 285 0 1
148
0.428843 -0.0560321 0
0 286 0 1
149
0.444581 -0.0560321 0
0 287 0 1
150
0.444581 -0.0552053 0
0 288 0 1
151
0.460375 -0.0552053 0
0 289 0 1
152
0.460375 -0.0543134 0
0 290 0 1
153
0.476209 -0.0543134 0
0 291 0 1
154
0.476209 -0.0533601 0
0 292 0 1
155
0.492067 -0.0533601 0
0 293 0 1
156
0.492067 -0.0523489 0
0 294 0 1
157
0.507933 -0.0523489 0
0 295 0 1
158
0.507933 -0.0512835 0
0 296 0 1
159
0.523791 -0.0512835 0
0 297 0 1
160
0.523791 -0.0501675 0
0 298 0 1
161
0.539625 -0.0501675 0
0 299 0 1
162
0.539625 -0.0490045 0
0 300 0 1
163
0.555419 -0.0490045 0
0 301 0 1
164
0.555419 -0.0477982 0
0 302 0 1
165
0.571157 -0.0477982 0
0 303 0 1
166
0.571157 -0.0465521 0
0 304 0 1
167
0.586824 -0.0465521 0
0 305 0 1
168
0.586824 -0.0452698 0
0 306 0 1
169
0.602403 -0.0452698 0
0 307 0 1
170
0.602403 -0.0439549 0
0 308 0 1
171
0.617879 -0.0439549 0
0 309 0 1
172
0.617879 -0.0426107 0
0 310 0 1
173
0.633237 -0.0426107 0
0 311 0 1
174
0.633237 -0.0412407 0
0 312 0 1
175
0.64846 -0.0412407 0
0 313 0 1
176
0.64846 -0.0398482 0
0 314 0 1
177
0.663534 -0.0398482 0
0 315 0 1
178
0.663534 -0.0384366 0
0 316 0 1
179
0.678443 -0.0384366 0
0 317 0 1
180
0.678443 -0.0370091 0
0 318 0 1
181
0.693173 -0.0370091 0
0 319 0 1
182
0.693173 -0.035569 0
0 320 0 1
183
0.707708 -0.035569 0
0 321 0 1
184
0.707708 -0.0341194 0
0 322 0 1
185
0.722033 -0.0341194 0
0 323 0 1
186
0.722033 -0.0326635 0
0 324 0 1
187
0.736136 -0.0326635 0
0 325 0 1
188
0.736136 -0.0312044 0
0 326 0 1
189
0.75 -0.0312044 0
0 327 0 1
190
0.75 -0.0297451 0
0 328 0 1
191
0.763613 -0.0297451 0
0 329 0 1
192
0.763613 -0.0282887 0
0 330 0 1
193
0.77696 -0.0282887 0
0 331 0 1
194
0.77696 -0.0268382 0
0 332 0 1
195
0.790028 -0.0268382 0
0 333 0 1
196
0.790028 -0.0253966 0
0 334 0 1
197
0.802805 -0.0253966 0
0 335 0 1
198
0.802805 -0.0239669 0
0 336 0 1
199
0.815276 -0.0239669 0
0 337 0 1
200
0.815276 -0.0225521 0
0 338 0 1
201
0.82743 -0.0225521 0
0 339 0 1
202
0.82743 -0.0211551 0
0 340 0 1
203
0.839255 -0.0211551 0
0 341 0 1
204
0.839255 -0.0197789 0
0 342 0 1
205
0.850737 -0.0197789 0
0 343 0 1
206
0.850737 -0.0184265 0
0 344 0 1
207
0.861867 -0.0184265 0
0 345 0 1
208
0.861867 -0.0171006 0
0 346 0 1
209
0.872632 -0.0171006 0
0 347 0 1
210
0.872632 -0.0158044 0
0 348 0 1
211
0.883022 -0.0158044 0
0 349 0 1
212
0.883022 -0.0145406 0
0 350 0 1
213
0.893027 -0.0145406 0
0 351 0 1
214
0.893027 -0.0133121 0
0 352 0 1
215
0.902635 -0.0133121 0
0 353 0 1
216
0.902635 -0.0121219 0
0 354 0 1
217
0.911838 -0.0121219 0
0 355 0 1
218
0.911838 -0.0109726 0
0 356 0 1
219
0.920627 -0.0109726 0
0 357 0 1
220
0.920627 -0.009867030000000001 0
0 358 0 1
221
0.928992 -0.009867030000000001 0
0 359 0 1
222
0.928992 -0.00880793 0
0 360 0 1
223
0.936925 -0.00880793 0
0 361 0 1
224
0.936925 -0.00779793 0
0 362 0 1
225
0.944418 -0.00779793 0
0 363 0 1
226
0.944418 -0.00683958 0
0 364 0 1
227
0.9514629999999999 -0.00683958 0
0 365 0 1
228
0.9514629999999999 -0.00593537 0
0 366 0 1
229
0.958054 -0.00593537 0
0 367 0 1
230
0.958054 -0.00508767 0
0 368 0 1
231
0.964184 -0.00508767 0
0 369 0 1
232
0.964184 -0.00429874 0
0 370 0 1
233
0.969846 -0.00429874 0
0 371 0 1
234
0.969846 -0.00357073 0
0 372 0 1
235
0.975036 -0.00357073 0
0 373 0 1
236
0.975036 -0.00290565 0
0 374 0 1
237
0.979746 -0.00290565 0
0 375 0 1
238
0.979746 -0.00230534 0
0 376 0 1
239
0.983974 -0.00230534 0
0 377 0 1
240
0.983974 -0.00177151 0
0 378 0 1
241
0.987715 -0.00177151 0
0 379 0 1
242
0.987715 -0.00130567 0
0 380 0 1
243
0.990964 -0.00130567 0
0 381 0 1
244
0.990964 -0.0009091700000000001 0
0 382 0 1
245
0.993719 -0.0009091700000000001 0
0 383 0 1
246
0.993719 -0.00058316 0
0 384 0 1
247
0.995977 -0.00058316 0
0 385 0 1
248
0.995977 -0.000328595 0
0 386 0 1
249
0.997736 -0.000328595 0
0 387 0 1
250
0.997736 -0.000146223 0
0 388 0 1
251
0.998993 -0.000146223 0
0 389 0 1
252
0.998993 -3.65828e-05 0
0 390 0 1
253
0.999748 -3.65828e-05 0
0 391 0 1
254
0.999748 -1.66533e-17 0
0 400 0 1
255
0 4 0
0 401 0 1
256
0 -4 0
0 402 0 1
257
-2.7 0 0
0 410 0 1
258
6 4 0
0 411 0 1
259
6 -4 0
0 412 0 1
260
6 0 0
0 430 0 1
261
6 12 0
0 431 0 1
262
6 -12 0
1 0 0 1
263
1 1.829139999999167e-05 0
1 140 0 1
264
0.184724 0.0559488 0
1 141 0 1
265
0.178647 0.0554948 0
1 142 0 1
266
0.17257 0.0549901 0
1 143 0 1
267
0.1666575000000108 0.0544854 0
1 144 0 1
268
0.160745 0.05393050000000001 0
1 145 0 1
269
0.155004 0.0533756 0
1 146 0 1
270
0.149263 0.05277120000000271 0
1 147 0 1
271
0.1436980000000108 0.0521668 0
1 148 0 1
272
0.138133 0.05151365000000135 0
1 149 0 1
273
0.1327505000000325 0.0508605 0
1 150 0 1
274
0.127368 0.05015955000000406 0
1 151 0 1
275
0.1221730000000054 0.0494586 0
1 152 0 1
276
0.116978 0.04871095000000271 0
1 153 0 1
277
0.1119755000000136 0.0479633 0
1 154 0 1
278
0.106973 0.04717005000000406 0
1 155 0 1
279
0.102168950000019 0.0463768 0
1 156 0 1
280
0.0973649 0.04553930000000271 0
1 157 0 1
281
0.09276330000001085 0.0447018 0
1 158 0 1
282
0.0881617 0.04382140000000271 0
1 159 0 1
283
0.08376745000000813 0.042941 0
1 160 0 1
284
0.0793732 0.04201910000000271 0
1 161 0 1
285
0.07519075000001627 0.0410972 0
1 162 0 1
286
0.0710083 0.04013535000000271 0
1 163 0 1
287
0.06704180000000813 0.0391735 0
1 164 0 1
288
0.0630753 0.03817325000000135 0
1 165 0 1
289
0.05932880000000543 0.037173 0
1 166 0 1
290
0.0555823 0.03613595000000271 0
1 167 0 1
291
0.05205950000000949 0.0350989 0
1 168 0 1
292
0.0485367 0.03402665000000001 0
1 169 0 1
293
0.04524125000000814 0.0329544 0
1 170 0 1
294
0.0419458 0.03184849999999864 0
1 171 0 1
295
0.03888090000000814 0.0307426 0
1 172 0 1
296
0.035816 0.02960475000000339 0
1 173 0 1
297
0.03298484999999662 0.0284669 0
1 174 0 1
298
0.0301537 0.02729855000000406 0
1 175 0 1
299
0.02755905000000474 0.0261302 0
1 176 0 1
300
0.0249644 0.02493295000000271 0
1 177 0 1
301
0.02260895000000678 0.0237357 0
1 178 0 1
302
0.0202535 0.02251095000000745 0
1 179 0 1
303
0.01813955000000542 0.0212862 0
1 180 0 1
304
0.0160256 0.02003530000000339 0
1 181 0 1
305
0.01415535000000644 0.0187844 0
1 182 0 1
306
0.0122851 0.01750875000000407 0
1 183 0 1
307
0.01066037500000339 0.0162331 0
1 184 0 1
308
0.009035649999999999 0.01493380000000203 0
1 185 0 1
309
0.007658105000004237 0.0136345 0
1 186 0 1
310
0.00628056 0.01231265000000339 0
1 187 0 1
311
0.00515157500000305 0.0109908 0
1 188 0 1
312
0.00402259 0.009647400000004067 0
1 189 0 1
313
0.003143315000002371 0.008304000000000001 0
1 190 0 1
314
0.00226404 0.006939850000004404 0
1 191 0 1
315
0.001635350000001567 0.0055757 0
1 192 0 1
316
0.00100666 0.004191510000003304 0
1 193 0 1
317
0.0006291945000009742 0.00280732 0
1 194 0 1
318
0.000251729 0.001403660000004027 0
1 195 0 1
319
0.0001258645000003549 0 0
1 196 0 1
320
0 -0.00140365999999629 0
1 197 0 1
321
0.000125864499999642 -0.00280732 0
1 198 0 1
322
0.000251729 -0.004191509999996186 0
1 199 0 1
323
0.0006291944999990151 -0.0055757 0
1 200 0 1
324
0.00100666 -0.006939849999996613 0
1 201 0 1
325
0.001635349999998603 -0.008304000000000001 0
1 202 0 1
326
0.00226404 -0.009647399999995934 0
1 203 0 1
327
0.003143314999997629 -0.0109908 0
1 204 0 1
328
0.00402259 -0.01231264999999661 0
1 205 0 1
329
0.005151574999996951 -0.0136345 0
1 206 0 1
330
0.00628056 -0.01493379999999661 0
1 207 0 1
331
0.007658104999996102 -0.0162331 0
1 208 0 1
332
0.009035649999999999 -0.01750874999999593 0
1 209 0 1
333
0.01066037499999661 -0.0187844 0
1 210 0 1
334
0.0122851 -0.02003529999999729 0
1 211 0 1
335
0.01415534999999594 -0.0212862 0
1 212 0 1
336
0.0160256 -0.02251095000000068 0
1 213 0 1
337
0.01813954999999458 -0.0237357 0
1 214 0 1
338
0.0202535 -0.02493294999999729 0
1 215 0 1
339
0.0226089499999939 -0.0261302 0
1 216 0 1
340
0.0249644 -0.02729854999999729 0
1 217 0 1
341
0.02755904999999255 -0.0284669 0
1 218 0 1
342
0.0301537 -0.02960474999999661 0
1 219 0 1
343
0.03298484999998103 -0.0307426 0
1 220 0 1
344
0.035816 -0.03184849999999458 0
1 221 0 1
345
0.03888089999999051 -0.0329544 0
1 222 0 1
346
0.0419458 -0.03402664999999323 0
1 223 0 1
347
0.04524124999998916 -0.0350989 0
1 224 0 1
348
0.0485367 -0.03613594999999729 0
1 225 0 1
349
0.05205949999999052 -0.037173 0
1 226 0 1
350
0.0555823 -0.03817324999999865 0
1 227 0 1
351
0.05932879999999187 -0.0391735 0
1 228 0 1
352
0.0630753 -0.04013534999999729 0
1 229 0 1
353
0.06704179999999187 -0.0410972 0
1 230 0 1
354
0.0710083 -0.04201909999999864 0
1 231 0 1
355
0.07519074999998374 -0.042941 0
1 232 0 1
356
0.0793732 -0.04382139999999729 0
1 233 0 1
357
0.08376744999998645 -0.0447018 0
1 234 0 1
358
0.0881617 -0.04553929999999864 0
1 235 0 1
359
0.09276329999998645 -0.0463768 0
1 236 0 1
360
0.0973649 -0.04717005000000136 0
1 237 0 1
361
0.1021689499999973 -0.0479633 0
1 238 0 1
362
0.106973 -0.04871094999999729 0
1 239 0 1
363
0.1119754999999919 -0.0494586 0
1 240 0 1
364
0.116978 -0.05015954999999864 0
1 241 0 1
365
0.1221729999999864 -0.0508605 0
1 242 0 1
366
0.127368 -0.05151364999999865 0
1 243 0 1
367
0.1327504999999946 -0.0521668 0
1 244 0 1
368
0.138133 -0.05277119999999729 0
1 245 0 1
369
0.1436979999999783 -0.0533756 0
1 246 0 1
370
0.149263 -0.05393049999999729 0
1 247 0 1
371
0.155004 -0.0544854 0
1 248 0 1
372
0.160745 -0.0549901 0
1 249 0 1
373
0.1666574999999783 -0.0554948 0
1 250 0 1
374
0.17257 -0.0559488 0
1 251 0 1
375
0.178647 -0.0564028 0
1 252 0 1
376
0.184724 -0.05680575 0
1 253 0 1
377
0.1909594999999783 -0.0572087 0
1 254 0 1
378
0.197195 -0.05756039999999864 0
1 255 0 1
379
0.2035834999999783 -0.0579121 0
1 256 0 1
380
0.209972 -0.05821244999999865 0
1 257 0 1
381
0.2165059999999837 -0.0585128 0
1 258 0 1
382
0.22304 -0.05876194999999864 0
1 259 0 1
383
0.2297134999999783 -0.0590111 0
1 260 0 1
384
0.236387 -0.05920929999999865 0
1 261 0 1
385
0.2431934999999837 -0.0594075 0
1 262 0 1
386
0.25 -0.05955515 0
1 263 0 1
387
0.2569319999999783 -0.0597028 0
1 264 0 1
388
0.263864 -0.0598005 0
1 265 0 1
389
0.2709154999999675 -0.0598982 0
1 266 0 1
390
0.277967 -0.05994665 0
1 267 0 1
391
0.2923969999999783 -0.0599951 0
1 268 0 1
392
0.306827 -0.0599477 0
1 269 0 1
393
0.314192 -0.0599003 0
1 270 0 1
394
0.321557 -0.05980655000000135 0
1 271 0 1
395
0.3290114999999566 -0.0597128 0
1 272 0 1
396
0.336466 -0.0595739 0
1 273 0 1
397
0.3440029999999783 -0.059435 0
1 274 0 1
398
0.35154 -0.0592523 0
1 275 0 1
399
0.3591514999999892 -0.0590696 0
1 276 0 1
400
0.366763 -0.05884445 0
1 277 0 1
401
0.374442 -0.0586193 0
1 278 0 1
402
0.382121 -0.05835330000000136 0
1 279 0 1
403
0.3898589999999783 -0.0580873 0
1 280 0 1
404
0.397597 -0.05778190000000136 0
1 281 0 1
405
0.4053864999999783 -0.0574765 0
1 282 0 1
406
0.413176 -0.0571334 0
1 283 0 1
407
0.4210094999999675 -0.0567903 0
1 284 0 1
408
0.428843 -0.05641120000000135 0
1 285 0 1
409
0.4367119999999783 -0.0560321 0
1 286 0 1
410
0.444581 -0.05561870000000271 0
1 287 0 1
411
0.4524779999999566 -0.0552053 0
1 288 0 1
412
0.460375 -0.05475935000000542 0
1 289 0 1
413
0.4682919999999675 -0.0543134 0
1 290 0 1
414
0.476209 -0.05383675000000136 0
1 291 0 1
415
0.4841379999999675 -0.0533601 0
1 292 0 1
416
0.492067 -0.05285450000000271 0
1 293 0 1
417
0.4999999999999675 -0.0523489 0
1 294 0 1
418
0.507933 -0.05181620000001085 0
1 295 0 1
419
0.5158619999999783 -0.0512835 0
1 296 0 1
420
0.523791 -0.0507255 0
1 297 0 1
421
0.5317079999999783 -0.0501675 0
1 298 0 1
422
0.539625 -0.04958600000000271 0
1 299 0 1
423
0.5475219999999567 -0.0490045 0
1 300 0 1
424
0.555419 -0.04840135 0
1 301 0 1
425
0.5632879999999784 -0.0477982 0
1 302 0 1
426
0.571157 -0.04717515000000135 0
1 303 0 1
427
0.5789904999999567 -0.0465521 0
1 304 0 1
428
0.586824 -0.04591095000000135 0
1 305 0 1
429
0.5946134999999784 -0.0452698 0
1 306 0 1
430
0.602403 -0.04461235000000136 0
1 307 0 1
431
0.6101409999999566 -0.0439549 0
1 308 0 1
432
0.617879 -0.04328280000000136 0
1 309 0 1
433
0.6255580000000001 -0.0426107 0
1 310 0 1
434
0.633237 -0.04192570000000406 0
1 311 0 1
435
0.6408484999999784 -0.0412407 0
1 312 0 1
436
0.64846 -0.04054445000000136 0
1 313 0 1
437
0.6559969999999783 -0.0398482 0
1 314 0 1
438
0.663534 -0.03914240000000271 0
1 315 0 1
439
0.6709885000000216 -0.0384366 0
1 316 0 1
440
0.678443 -0.03772285000000136 0
1 317 0 1
441
0.6858079999999783 -0.0370091 0
1 318 0 1
442
0.693173 -0.03628905 0
1 319 0 1
443
0.7004405 -0.035569 0
1 320 0 1
444
0.707708 -0.03484420000000271 0
1 321 0 1
445
0.7148704999999567 -0.0341194 0
1 322 0 1
446
0.722033 -0.03339145000000406 0
1 323 0 1
447
0.7290845 -0.0326635 0
1 324 0 1
448
0.736136 -0.03193394999999932 0
1 325 0 1
449
0.7430679999999783 -0.0312044 0
1 326 0 1
450
0.75 -0.03047475000000203 0
1 327 0 1
451
0.7568064999999783 -0.0297451 0
1 328 0 1
452
0.763613 -0.02901690000000339 0
1 329 0 1
453
0.7702865 -0.0282887 0
1 330 0 1
454
0.77696 -0.02756345000000136 0
1 331 0 1
455
0.7834939999999999 -0.0268382 0
1 332 0 1
456
0.790028 -0.02611740000000136 0
1 333 0 1
457
0.7964164999999566 -0.0253966 0
1 334 0 1
458
0.802805 -0.02468175000000271 0
1 335 0 1
459
0.8090405000000001 -0.0239669 0
1 336 0 1
460
0.815276 -0.02325950000000203 0
1 337 0 1
461
0.8213529999999784 -0.0225521 0
1 338 0 1
462
0.82743 -0.02185360000000203 0
1 339 0 1
463
0.8333424999999783 -0.0211551 0
1 340 0 1
464
0.839255 -0.02046700000000136 0
1 341 0 1
465
0.844996 -0.0197789 0
1 342 0 1
466
0.850737 -0.0191027 0
1 343 0 1
467
0.856302 -0.0184265 0
1 344 0 1
468
0.861867 -0.01776355000000271 0
1 345 0 1
469
0.8672494999999784 -0.0171006 0
1 346 0 1
470
0.872632 -0.01645250000000203 0
1 347 0 1
471
0.8778269999999783 -0.0158044 0
1 348 0 1
472
0.883022 -0.01517250000000136 0
1 349 0 1
473
0.8880244999999566 -0.0145406 0
1 350 0 1
474
0.893027 -0.0139263500000017 0
1 351 0 1
475
0.897831 -0.0133121 0
1 352 0 1
476
0.902635 -0.01271700000000203 0
1 353 0 1
477
0.9072364999999784 -0.0121219 0
1 354 0 1
478
0.911838 -0.01154725000000102 0
1 355 0 1
479
0.9162325000000217 -0.0109726 0
1 356 0 1
480
0.920627 -0.010419815 0
1 357 0 1
481
0.9248095000000001 -0.009867030000000001 0
1 358 0 1
482
0.928992 -0.009337480000001355 0
1 359 0 1
483
0.9329584999999566 -0.00880793 0
1 360 0 1
484
0.936925 -0.008302930000001187 0
1 361 0 1
485
0.9406714999999783 -0.00779793 0
1 362 0 1
486
0.944418 -0.007318755000001186 0
1 363 0 1
487
0.9479405 -0.00683958 0
1 364 0 1
488
0.9514629999999999 -0.006387475000000848 0
1 365 0 1
489
0.9547584999999783 -0.00593537 0
1 366 0 1
490
0.958054 -0.005511520000000677 0
1 367 0 1
491
0.9611189999999783 -0.00508767 0
1 368 0 1
492
0.964184 -0.004693205000000509 0
1 369 0 1
493
0.9670149999999783 -0.00429874 0
1 370 0 1
494
0.969846 -0.003934734999999747 0
1 371 0 1
495
0.972441 -0.00357073 0
1 372 0 1
496
0.975036 -0.003238190000000932 0
1 373 0 1
497
0.977391 -0.00290565 0
1 374 0 1
498
0.979746 -0.002605495000000848 0
1 375 0 1
499
0.9818599999999783 -0.00230534 0
1 376 0 1
500
0.983974 -0.002038425000000762 0
1 377 0 1
501
0.9858445 -0.00177151 0
1 378 0 1
502
0.987715 -0.001538590000000509 0
1 379 0 1
503
0.9893395 -0.00130567 0
1 380 0 1
504
0.990964 -0.001107420000000508 0
1 381 0 1
505
0.9923415 -0.0009091700000000001 0
1 382 0 1
506
0.993719 -0.0007461650000003814 0
1 383 0 1
507
0.9948479999999783 -0.00058316 0
1 384 0 1
508
0.995977 -0.0004558775000001375 0
1 385 0 1
509
0.9968565000000217 -0.000328595 0
1 386 0 1
510
0.997736 -0.0002374090000002647 0
1 387 0 1
511
0.9983645 -0.000146223 0
1 388 0 1
512
0.998993 -9.140290000012972e-05 0
1 389 0 1
513
0.9993704999999999 -3.65828e-05 0
1 390 0 1
514
0.999748 -1.829140000005467e-05 0
1 391 0 1
515
0.9998739999999999 -1.66533e-17 0
1 400 0 3
516
517
518
-0.6749999999984755 0 0
-1.349999999996512 0 0
-2.024999999998149 0 0
1 401 0 3
519
520
521
0.04618099999986605 3.01410070000286 0
0.0923619999997321 2.028201400005719 0
0.1385429999998661 1.04230210000286 0
1 402 0 3
522
523
524
0.04618099999988227 -3.014302175002513 0
0.09236199999976036 -2.028604350005115 0
0.1385429999998781 -1.042906525002601 0
1 403 0 5
525
526
527
528
529
-0.8475900098069331 3.766088199941148 0
-1.561459142033744 3.250137726583808 0
-2.098141003014053 2.549928113171937 0
-2.458543177872575 1.743770566714204 0
-2.655471519621087 0.8825300491259565 0
1 404 0 5
530
531
532
533
534
-2.628945821237727 -0.8697705374902482 0
-2.413241170080432 -1.715223892669792 0
-2.045680009493315 -2.506211468470498 0
-1.516875536833195 -3.199035568375943 0
-0.8247988169230123 -3.726889007889059 0
1 410 0 13
535
536
537
538
539
540
541
542
543
544
545
546
547
1.842539388822115 -1.384708775922573e-17 0
2.557301773935656 -1.146645727362347e-17 0
3.163665336471823 -9.446866410426757e-18 0
3.678069596701962 -7.733560717048644e-18 0
4.11446072854376 -6.280090229868439e-18 0
4.484670134034385 -5.047048571377036e-18 0
4.798734620565921 -4.001006548665909e-18 0
5.065168975800454 -3.113604299060461e-18 0
5.291196677980055 -2.360782872518951e-18 0
5.482945695997566 -1.722132088168744e-18 0
5.645614598581092 -1.180337281089899e-18 0
5.783613612873243 -7.207094841476032e-19 0
5.900684075670886 -3.307875765260041e-19 0
1 411 0 11
548
549
550
551
552
553
554
555
556
557
558
6 3.291760177106057 0
6 2.583520354212114 0
6 2.101002165161447 0
6 1.618483976110781 0
6 1.289748140961455 0
6 0.9610123058121292 0
6 0.7370472051669641 0
6 0.513082104521799 0
6 0.3604964504035328 0
6 0.2079107962852667 0
6 0.1039553981426333 0
1 412 0 11
559
560
561
562
563
564
565
566
567
568
569
6 -3.224018714543266 0
6 -2.583520354212114 0
6 -2.054850361111481 0
6 -1.618483976110781 0
6 -1.258305339522256 0
6 -0.9610123058121292 0
6 -0.7156254528728865 0
6 -0.513082104521799 0
6 -0.3459019676192745 0
6 -0.2079107962852667 0
6 -0.09401229573556824 0
1 420 0 5
570
571
572
573
574
0.9999999999956439 4 0
1.999999999992049 4 0
2.999999999988569 4 0
3.999999999992316 4 0
4.999999999996158 4 0
1 421 0 5
575
576
577
578
579
0.9999999999956439 -4 0
1.999999999992049 -4 0
2.999999999988569 -4 0
3.999999999992316 -4 0
4.999999999996158 -4 0
1 430 0 7
580
581
582
583
584
585
586
6 5.000000000009541 0
6 6.000000000008327 0
6 7.000000000006938 0
6 8.000000000005551 0
6 9.000000000004164 0
6 10.00000000000277 0
6 11.00000000000139 0
1 431 0 7
587
588
589
590
591
592
593
6 -5.000000000009541 0
6 -6.000000000008327 0
6 -7.000000000006938 0
6 -8.000000000005551 0
6 -9.000000000004164 0
6 -10.00000000000277 0
6 -11.00000000000139 0
1 432 0 9
594
595
596
597
598
599
600
601
602
0.6000000000028399 4.800000000003786 0
1.200000000002433 5.600000000003244 0
1.800000000001131 6.400000000001508 0
2.399999999999829 7.199999999999772 0
2.999999999998558 7.999999999998078 0
3.599999999998823 8.79999999999843 0
4.199999999999117 9.599999999998822 0
4.799999999999411 10.39999999999921 0
5.399999999999705 11.19999999999961 0
1 433 0 9
603
604
605
606
607
608
609
610
611
0.6000000000028399 -4.800000000003786 0
1.200000000002433 -5.600000000003244 0
1.800000000001131 -6.400000000001508 0
2.399999999999829 -7.199999999999772 0
2.999999999998558 -7.999999999998078 0
3.599999999998823 -8.79999999999843 0
4.199999999999117 -9.599999999998822 0
4.799999999999411 -10.39999999999921 0
5.399999999999705 -11.19999999999961 0
2 1 0 127
612
613
614
615
616
617
618
619
620
621
622
623
624
625
626
627
628
629
630
631
632
633
634
635
636
637
638
639
640
641
642
643
644
645
646
647
648
649
650
651
652
653
654
655
656
657
658
659
660
661
662
663
664
665
666
667
668
669
670
671
672
673
674
675
676
677
678
679
680
681
682
683
684
685
686
687
688
689
690
691
692
693
694
695
696
697
698
699
700
701
702
703
704
705
706
707
708
709
710
711
712
713
714
715
716
717
718
719
720
721
722
723
724
725
726
727
728
729
730
731
732
733
734
735
736
737
738
-0.05115401611151811 0.1512389971639994 0
-0.9082053432308412 1.753466744064453 0
-1.76926518044379 0.7858778470455761 0
-2.157355057061427 0.5655775974637651 0
-1.496617620581292 1.681677183360386 0
-1.182640027151875 2.493876169957921 0
-1.609601295516538 2.243938896923304 0
0.03888084898730929 0.03184856967906573 0
0.03990252262158499 0.03147988129798161 0
0.02225678180565572 0.04543219255955422 0
0.03392855765240781 0.02922547998083401 0
0.01914488176824373 0.04090882146338431 0
0.02842392569343782 0.02690911224902695 0
0.01571226518721182 0.03697874053208455 0
0.02339409391505051 0.02453387724226351 0
0.0117532532342918 0.03441701465022561 0
0.01882006659870097 0.02214738844448198 0
0.01346885225316884 0.02139719887646132 0
0.01462624912555982 0.01992090308595316 0
0.004445914541587274 0.03114569259085883 0
0.01120194517983725 0.01708354370569352 0
0.005952670151614634 0.0187624617221474 0
0.007981157881962542 0.01480630587509884 0
-0.001503992292450646 0.02840732703934278 0
0.005139122510268112 0.01279237639356973 0
-0.002734270944819252 0.02428894453840229 0
0.002654628705453045 0.01113757449960949 0
-0.0007117389472470582 0.005537012619849018 0
0.0007406370135644063 0.003745395153156314 0
-0.7635252957606835 0.3615197125552256 0
-0.5125557656527107 0.05915512780455111 0
-0.1798973438791893 0.08622532632830208 0
-0.4772608670916608 0.1188999348285733 0
-0.03295422109440165 0.05795418698273545 0
-0.03304067648587492 0.05543565803987299 0
-0.003603003783209719 0.06637519010817336 0
-0.001034054984078351 0.06891303912865498 0
0.001715836144460919 0.0607455641522445 0
0.0001400675561481887 0.07369585410708898 0
0.004359461425844635 0.06384769726507969 0
-0.008222860710079884 0.06166697595499656 0
-0.005600764090102806 0.06311794552260772 0
-0.002715110613348439 0.05389670230361236 0
-0.001174476329558088 0.05836320694715523 0
-0.0114342397808069 0.09641038115796162 0
0.004092913101706696 0.07126094375912938 0
-0.006578148127581123 0.09520334481487847 0
0.007510724466500411 0.07364766909378379 0
-0.01467701421026085 0.0629022573080681 0
-0.01078324614776863 0.06060238881397602 0
-0.008395585711083928 0.05186903513861305 0
-0.006658520199343627 0.05495771902764172 0
0.02250731647620776 0.09165871617104109 0
0.01755878536361322 0.09067018556640538 0
0.07493106498824863 0.04225771017664037 0
0.0363299786176545 0.07629305297036643 0
0.07652720703404049 0.04176481087531816 0
0.01216245822905443 0.09036013116087303 0
0.06704174031525043 0.04013540922286971 0
0.03049528011578163 0.07510166177286308 0
0.06836395410186473 0.03981474580224518 0
0.02956390111911599 0.09108767076218535 0
0.08376738276056335 0.04382145699593448 0
0.04283718852746041 0.07714613879395985 0
0.0852321858365326 0.04352794534146207 0
0.006273756424135709 0.09094169128422215 0
0.05932874319466108 0.03817331107876842 0
0.02457839891837219 0.07428405610201096 0
0.06057762137776327 0.03783984618915352 0
0.03654537077853503 0.0909235864890784 0
0.09276322975577075 0.0455393551248079 0
0.04992889162654913 0.07775333191657183 0
0.09429715186666461 0.04526014495072547 0
0.0001534006752805878 0.09232634117464961 0
0.05205944517977197 0.03613601386998144 0
0.01868995345459228 0.07381687722131977 0
0.0532337551318026 0.03579028010607256 0
0.04345354764476166 0.09108666887742251 0
0.1021688762734903 0.04717010364056212 0
0.0571711388194016 0.07848226425835132 0
0.1037702844633058 0.04690564464075014 0
0.04524119682201576 0.03402671710847112 0
0.01282943198679672 0.073807987506794 0
0.04633972215258568 0.03366924744276674 0
0.05028821544723062 0.09150983272792076 0
0.1119754223518755 0.048711002464057 0
0.06456061809461766 0.07929930067096044 0
0.1136429836347827 0.04846174439475953 0
0.05667935156721274 0.09237834182867369 0
0.1221729179938036 0.05015960155227379 0
0.07203115400008298 0.08021648324414866 0
0.1239046493827402 0.04992591086980628 0
-0.01792084329421682 0.05680360556656746 0
-0.01898682606817597 0.06707739200097829 0
-0.01383297656503675 0.05196885265392542 0
-0.01240212967349885 0.05481546791935826 0
0.06188803051648364 0.09405389452008721 0
0.1327504131037366 0.05151370093169681 0
0.07936192819458762 0.08133749413460684 0
0.134544648357138 0.05129594406956896 0
0.06510869415148372 0.09683878271060739 0
0.1436979073652996 0.05277125074820126 0
0.08619815548109316 0.0828185777973395 0
0.1455529804964945 0.05256974402228912 0
0.06566919174202206 0.1008863232148511 0
0.1550038997782455 0.05393055152153109 0
0.09070283551636352 0.08580729757697608 0
0.1569176455981262 0.05374554416654848 0
0.08045702717522002 0.1128085531914057 0
0.1519370327095588 0.06291459803982684 0
0.09762336717756137 0.09035523318735528 0
0.1684823829967223 0.05489908330352631 0
-0.004827438191548027 0.4004606655328632 0
0.1743327703954579 0.06070117545571178 0
0.09644018440567152 0.1109298041003371 0
0.1804655020576447 0.05601653325936978 0
-0.0003627394131413776 0.01137761362056325 0
-0.0167300745219633 0.04659517286924173 0
0.001402628164424469 0.007467450327245932 0
-0.03662506202379753 0.002280174198081985 0
-0.4228565572659929 0.01152893247058343 0
0.0001677735125869181 0.0009357741840725584 0
-0.3944030274761466 1.885414044665214 0
-0.5946281429432996 2.778983647776156 0
-0.6026860895376837 0.9980238640660961 0
-1.169772880649523 0.9415002475750593 0
-0.1541425064186498 0.9814323890129615 0
2 2 0 129
739
740
741
742
743
744
745
746
747
748
749
750
751
752
753
754
755
756
757
758
759
760
761
762
763
764
765
766
767
768
769
770
771
772
773
774
775
776
777
778
779
780
781
782
783
784
785
786
787
788
789
790
791
792
793
794
795
796
797
798
799
800
801
802
803
804
805
806
807
808
809
810
811
812
813
814
815
816
817
818
819
820
821
822
823
824
825
826
827
828
829
830
831
832
833
834
835
836
837
838
839
840
841
842
843
844
845
846
847
848
849
850
851
852
853
854
855
856
857
858
859
860
861
862
863
864
865
866
867
-0.08335363491110463 -0.1684108466364365 0
-0.5665889497883106 -1.830627190689683 0
-0.01524114786046493 -0.003556831345306414 0
-0.003220301620381689 -0.003590173967597392 0
-0.02129505900570901 -0.02336655038073438 0
0.0007501835131376886 -0.006489616123448543 0
-1.269049780320435 -1.137936485176332 0
-0.8618867647823184 -0.3324914864695952 0
-1.797296689886463 -0.7258777606494268 0
-1.300007744696266 -0.6967653854322613 0
-2.154413712924073 -0.571741193564567 0
-0.5450491703944126 -0.05914335844408199 0
-0.1326850057844219 -0.004237976768476619 0
-0.4506218600603853 -0.007714241639996827 0
-0.02263748967389484 -0.003034735570363248 0
-0.05289202895986861 -0.06596626144086008 0
-0.02871023673250186 -0.0633928100155073 0
-0.001270676353506792 -0.01443907093902884 0
-0.02703659293204491 -0.05302676787544497 0
0.001844909042465954 -0.009199607614350758 0
-0.2353875129494486 -0.1001621109469308 0
-0.5235811660566271 -0.1280654720169404 0
-0.07349719814103355 -0.06240524104424212 0
-0.02713238613433195 -0.06853085720966702 0
-0.005737949485990578 -0.02814711101192528 0
-0.02223489591857141 -0.05711644472058012 0
0.001512059161842353 -0.01532106817712766 0
-0.03496469655749678 -0.08684526689387141 0
-0.004784080912951524 -0.03237123943794551 0
-0.0230930547580708 -0.06396412323834763 0
0.00495001765305432 -0.01551677966179583 0
-0.03785825284362164 -0.09555378984697065 0
-0.003538717928650419 -0.03634679029758592 0
-0.02432558706836632 -0.07087626595178544 0
0.008072786925357884 -0.01715858805209465 0
-0.03623352564682513 -0.09680469051497616 0
0.009800224126348773 -0.02142049697902415 0
-0.02117954662940764 -0.07067107624354033 0
0.0110108526144703 -0.01992607878882215 0
-0.03436327328494376 -0.09802944131232666 0
0.01415529733442231 -0.02251103054390057 0
-0.01865847601667288 -0.0720137813489605 0
0.0147787556129641 -0.02210271690528215 0
-0.03224932098926916 -0.09922669261233003 0
0.01813949530128267 -0.02493302924237576 0
-0.01600234213343776 -0.07362844818412023 0
0.01884418851958265 -0.02453388329878458 0
-0.02989386843116969 -0.100395043880699 0
0.02260889300321787 -0.02729862797226811 0
-0.01302274159704661 -0.07520551512326615 0
0.02339408803726563 -0.02690911636554826 0
-0.02729921561347175 -0.1015328951160747 0
0.02755899044261957 -0.02960482673531685 0
-0.009722674339527157 -0.07674298205580686 0
0.02842392083318137 -0.02922548277260397 0
-0.02446806253873004 -0.1026387963164458 0
0.03298478762198811 -0.03184857553309831 0
-0.006105473694817379 -0.07823881564803259 0
0.0339285535745192 -0.03147988252028239 0
-0.02140315915123196 -0.1037110474190405 0
0.03888083454425864 -0.03402672436746049 0
-0.00217477298602109 -0.07969091588833573 0
0.03990251959523541 -0.03366924894230518 0
-0.01736607638554361 -0.1039786896803442 0
0.0452411813118687 -0.03613602313690856 0
0.002211856012956353 -0.08094523528803099 0
0.04633971891477598 -0.03579028201949488 0
-0.01213601076745754 -0.1033688546504274 0
0.05205942821887471 -0.03817332157410719 0
0.007259554996183994 -0.08181547539883041 0
0.0532337515931568 -0.03783984836379568 0
-0.00596980216126282 -0.102278595227903 0
0.0593287253792289 -0.04013541964050437 0
0.01296960884267798 -0.08235587339100421 0
0.06057761765514751 -0.03981474796562815 0
0.0009242680503925805 -0.1009817778524659 0
0.06704172263451746 -0.0420191675641572 0
0.01923440867537264 -0.08271354047424334 0
0.06836395040152363 -0.04171181420512749 0
0.008369698891713066 -0.09966737608347576 0
0.07519066984929236 -0.0438214655070827 0
0.02596561541860987 -0.08298808013541009 0
0.07658488313761323 -0.04352794711568549 0
0.01621257359017903 -0.09846343730646327 0
0.08376736692866336 -0.04553936356385286 0
0.0330881774501597 -0.08324603810328762 0
0.08523218251069525 -0.04526014671659546 0
0.02431249104654619 -0.09745576243441062 0
0.09276321380295442 -0.04717011178801742 0
0.04053590940797464 -0.0835309661308824 0
0.09429714850670956 -0.04690564635197279 0
0.03254542410381037 -0.09669501846146628 0
0.1021688604176073 -0.04871101020889426 0
0.0482494277016068 -0.08386957065086154 0
0.1037702811147546 -0.0484617460276414 0
0.04081711946231951 -0.09619697591663012 0
0.111975406736653 -0.05015960883504882 0
0.05617992091511654 -0.0842736648820025 0
0.1136429803277747 -0.0499259124118631 0
0.04824241226661864 -0.09643100355651037 0
0.1221729026885538 -0.05151370769056242 0
0.06415278730058734 -0.08482308584743534 0
0.123904646133051 -0.05129594550850247 0
0.05201649694371378 -0.09882147972369132 0
0.1327503979507772 -0.05277125693354576 0
0.07147930640755931 -0.08586630494812594 0
0.1345446451395179 -0.05256974534553539 0
0.0499930556380823 -0.1041355089080803 0
0.1436978916150275 -0.05393055699819279 0
0.07705702003629569 -0.08790267349370791 0
0.1455529771724237 -0.0537455453400823 0
0.07930414952103315 -0.09586173815242693 0
0.155003888463792 -0.05499015580565515 0
0.08805027742601851 -0.08771943100126846 0
0.1569176431287912 -0.05482187843727677 0
0.07303712867409164 -0.1213040108086581 0
0.1622729218676648 -0.05824622720430802 0
0.09731587304940986 -0.09240364514725276 0
0.1684800577334583 -0.05587515963505139 0
0.002340182150319017 -0.4388852596246364 0
0.1743845167273871 -0.06167263606089989 0
0.08905163692297274 -0.1195043871550359 0
0.1804622624896831 -0.05690656492638687 0
-0.2992547556966748 -1.934618520877859 0
-1.053106750598454 -2.519848412881605 0
-0.5210571533169832 -2.787428630665238 0
-0.542702333247611 -1.309330573269504 0
-1.199874681853095 -1.821228562627831 0
-0.09925145706641993 -1.024700046746369 0
2 5 0 0
2 6 0 379
868
869
870
871
872
873
874
875
876
877
878
879
880
881
882
883
884
885
886
887
888
889
890
891
892
893
894
895
896
897
898
899
900
901
902
903
904
905
906
907
908
909
910
911
912
913
914
915
916
917
918
919
920
921
922
923
924
925
926
927
928
929
930
931
932
933
934
935
936
937
938
939
940
941
942
943
944
945
946
947
948
949
950
951
952
953
954
955
956
957
958
959
960
961
962
963
964
965
966
967
968
969
970
971
972
973
974
975
976
977
978
979
980
981
982
983
984
985
986
987
988
989
990
991
992
993
994
995
996
997
998
999
1000
1001
1002
1003
1004
1005
1006
1007
1008
1009
1010
1011
1012
1013
1014
1015
1016
1017
1018
1019
1020
1021
1022
1023
1024
1025
1026
1027
1028
1029
1030
1031
1032
1033
1034
1035
1036
1037
1038
1039
1040
1041
1042
1043
1044
1045
1046
1047
1048
1049
1050
1051
1052
1053
1054
1055
1056
1057
1058
1059
1060
1061
1062
1063
1064
1065
1066
1067
1068
1069
1070
1071
1072
1073
1074
1075
1076
1077
1078
1079
1080
1081
1082
1083
1084
1085
1086
1087
1088
1089
1090
1091
1092
1093
1094
1095
1096
1097
1098
1099
1100
1101
1102
1103
1104
1105
1106
1107
1108
1109
1110
1111
1112
1113
1114
1115
1116
1117
1118
1119
1120
1121
1122
1123
1124
1125
1126
1127
1128
1129
1130
1131
1132
1133
1134
1135
1136
1137
1138
1139
1140
1141
1142
1143
1144
1145
1146
1147
1148
1149
1150
1151
1152
1153
1154
1155
1156
1157
1158
1159
1160
1161
1162
1163
1164
1165
1166
1167
1168
1169
1170
1171
1172
1173
1174
1175
1176
1177
1178
1179
1180
1181
1182
1183
1184
1185
1186
1187
1188
1189
1190
1191
1192
1193
1194
1195
1196
1197
1198
1199
1200
1201
1202
1203
1204
1205
1206
1207
1208
1209
1210
1211
1212
1213
1214
1215
1216
1217
1218
1219
1220
1221
1222
1223
1224
1225
1226
1227
1228
1229
1230
1231
1232
1233
1234
1235
1236
1237
1238
1239
1240
1241
1242
1243
1244
1245
1246
4.2052683554651 -1.919709730139431 0
5.203452155113303 -0.8881258935093802 0
0.8428102705127709 -0.3841066255604436 0
5.644525578224626 -0.5047886190542678 0
4.601825137350485 -1.033320733037255 0
3.112445286953001 -1.268823374481525 0
4.955444666974495 -1.581891787978686 0
4.936668284666432 -2.596323487046997 0
4.753021602544214 -0.4826294384030519 0
5.203683387793873 -0.3939815680188115 0
2.742187409831135 -2.396272721600549 0
5.584642992775016 -0.8923809944879927 0
5.399530404739402 -1.243433870801133 0
1.852480725249142 -0.527672631668356 0
5.728317177559377 -0.1991403811090481 0
1.293767838665351 -2.418570981305505 0
5.26496852522807 -1.967073970901449 0
3.566733183780733 -2.723688755928719 0
3.948187469130287 -0.5925087189452736 0
1.887121784412191 -1.454411340511103 0
5.761176778906163 -0.09257250090563433 0
5.604919406583471 -0.1447983547578008 0
5.668672473773421 -0.0748622242278469 0
5.363593338195979 -0.199455445415274 0
5.096890796781253 -0.179519049432449 0
5.250569082954906 -0.1278666724097326 0
5.400092088041588 -0.8686608959850161 0
5.525995002079505 -1.076284770221508 0
5.266530103889912 -1.079269615819612 0
5.397470505429382 -1.007645527806433 0
4.213721190991566 -0.3458645232372745 0
3.75649819706129 -0.3113946297391555 0
4.031207952015038 -0.2117497336740192 0
2.946716082409024 -1.891190267596325 0
2.312928862887834 -2.041456381723273 0
2.480934918650116 -1.326262671305829 0
2.579960054199652 -1.738039943550981 0
4.341657302251731 -1.405874991642035 0
4.798318280577373 -1.344757033619518 0
4.669313958329844 -1.751479922404706 0
4.59761376683965 -1.504730695434869 0
0.1909538542391798 -0.05768088722103814 0
0.1930367460603898 -0.05746992646285676 0
2.104966882687298 -0.4059714119707742 0
1.593148550929968 -0.3543754500179045 0
1.831135729913584 -0.2260118146287484 0
0.2035834567129542 -0.05821328494702135 0
0.2057129908423732 -0.05811250977454097 0
0.2165004599952825 -0.05886746616514735 0
0.2186828565562245 -0.05870065210725407 0
0.2264176929596718 -0.1343633820444579 0
0.2319370547897432 -0.05916477158173401 0
0.2805486021281108 -0.2306425171025193 0
0.2523798771030932 -0.09363823462074289 0
0.4884860042570539 -0.174181741360476 0
0.4690196550633622 -0.1738455756883999 0
0.4366409470698774 -0.1469329313785699 0
0.7837353085058536 -0.187898877369531 0
0.7721173106884912 -0.1784082566541678 0
0.729084553515764 -0.03339162529388567 0
0.7636012615187081 -0.1394235661819225 0
0.7267340112599647 -0.03314883687457594 0
0.7727003962370289 -0.2031345429547548 0
0.7309143097226751 -0.08106544834114228 0
0.7583189985937159 -0.153483128357856 0
0.712483013236727 -0.03460263811575156 0
0.748550933152402 -0.1660501939145446 0
0.7004405663614833 -0.03628922235341007 0
0.7431314334071675 -0.1411434233202176 0
0.6980180139598705 -0.03604906958255533 0
0.7885644304699666 -0.1754912676429295 0
0.7549832683568015 -0.07673552573374653 0
0.7761341100009549 -0.14816455792877 0
0.7407573432521476 -0.03169080367852079 0
0.7336707398263032 -0.1555539715995002 0
0.701336625297262 -0.07402723661213223 0
0.7317594405470609 -0.1400251293558852 0
0.6833586667145588 -0.03749816096257957 0
0.7945868686145531 -0.1652054172005164 0
0.766201225200423 -0.07120718273878981 0
0.7840482357229215 -0.1414692819710485 0
0.7545376746730972 -0.03023156803227996 0
0.722071719129875 -0.1531478419940223 0
0.6712353925974127 -0.03966964609796327 0
0.7159704041414221 -0.1299689799146398 0
0.6685557837967419 -0.03901839944115013 0
0.8014318341742002 -0.1564760204879871 0
0.7770641497584574 -0.06397761242612324 0
0.7922925607364225 -0.1352507300159176 0
0.7680620058943612 -0.02877419707116742 0
0.7092985374052234 -0.149446979224665 0
0.6563232520598931 -0.04118049468119976 0
0.7036681621792751 -0.1287309508841031 0
0.653557115041272 -0.04045360800417381 0
0.8088378688310957 -0.1487628957075866 0
0.788267681043975 -0.05782560729575668 0
0.8008580242048141 -0.1298108839809532 0
0.7813160041515566 -0.02732172631827402 0
0.6979807759105279 -0.1490094665471616 0
0.6412539078751208 -0.04265458645998257 0
0.6915241951743198 -0.128284814332591 0
0.6384012446893407 -0.0418590171162139 0
0.8168448429292723 -0.1437123378277889 0
0.7991978820210005 -0.04976381091802118 0
0.8095535805793378 -0.1246520293093066 0
0.7942953744053629 -0.02594544114656399 0
0.687087505708839 -0.1495678994888794 0
0.6260346701443504 -0.04407606202257133 0
0.6797869473160454 -0.1288755646317434 0
0.6231042047460038 -0.04323495492587227 0
0.8250535352451839 -0.1400469743025854 0
0.8107965959506661 -0.04635354235242835 0
0.8185384305727827 -0.1215922796150136 0
0.8069763523169619 -0.02460867810364785 0
0.6762797615840067 -0.1504198057289209 0
0.6106837889411152 -0.04545256121403864 0
0.6681304898112727 -0.12978118313601 0
0.6076822242728614 -0.04457981725423771 0
0.8332693675691741 -0.1369584094024646 0
0.8223121140764353 -0.04450280805336191 0
0.8274761144994012 -0.1190711130268415 0
0.8193398636139553 -0.02326370487100653 0
0.6654547802159467 -0.1513484815208634 0
0.5951799928423979 -0.04672977780820706 0
0.6564338224302633 -0.1307454519163535 0
0.5921428218886561 -0.04587910040940538 0
0.8414210480853814 -0.1351004502410967 0
0.8335822739416175 -0.04391070821627783 0
0.8362893234076496 -0.116861179247235 0
0.8313748476470351 -0.02175494241814271 0
0.6545955385783174 -0.1522951698239375 0
0.5795743946566321 -0.04796611042524204 0
0.6446807699375278 -0.1317122480703714 0
0.5765090201053897 -0.04714314398430958 0
0.849391630779186 -0.1341538733310757 0
0.8445634025781039 -0.04211943358593713 0
0.8449352359444764 -0.1155775382839374 0
0.8430815541528615 -0.02035750008693973 0
0.6437161481774556 -0.153255973778232 0
0.5638863893160561 -0.04916355499093387 0
0.6328778017706019 -0.1326663896830929 0
0.5607979059667784 -0.0483695903566735 0
0.8571067838320563 -0.1337408994849028 0
0.8552161310899373 -0.04105187590503613 0
0.8533315552532592 -0.1147157797144343 0
0.854443261082654 -0.01898236662350184 0
0.6328925122166504 -0.1543064563505717 0
0.548132648875758 -0.05031962998266676 0
0.6210503031128509 -0.133620152326554 0
0.5450252954013397 -0.04955511016193669 0
0.8643067996831306 -0.1355072829948354 0
0.8670282674591784 -0.0206405138129893 0
0.8616534712554152 -0.1112466501435067 0
0.8654177256106264 -0.01803376538519867 0
0.6225317093367893 -0.1558421045860378 0
0.5323293029298402 -0.05143151502802291 0
0.6093115579361867 -0.1346768336110227 0
0.529206994731797 -0.05069630968388264 0
0.6128789295566448 -0.1579973246316325 0
0.519747430661871 -0.05600874918026755 0
0.5985383459930677 -0.136737444021274 0
0.5135083901804901 -0.05195078469191708 0
0.6032895611629667 -0.1600351213332615 0
0.5101986983310101 -0.06331689210884525 0
0.5886074721105505 -0.139508895437764 0
0.4975001664809263 -0.05283405885632531 0
0.5930459185034654 -0.1613220167933789 0
0.4986018519737128 -0.06797403630509091 0
0.5780930918987019 -0.1414888033317741 0
0.4815907517577208 -0.05377132391197035 0
0.8846137954660129 -0.1373257925339823 0
0.8786452612093795 -0.1327947986523744 0
0.8961313953950697 -0.0249913673879207 0
0.8842742365740384 -0.111132049437394 0
0.8961313953176563 -0.014361382156023 0
0.8714553873692782 -0.1338046067711042 0
0.8855961929994085 -0.03381368886325799 0
0.8768866642467961 -0.1121317583518068 0
0.8859507887145865 -0.0180816769832321 0
0.5819059759557008 -0.1617709605458973 0
0.4835863335857215 -0.06903243552326389 0
0.5664813377884548 -0.1423022723121219 0
0.4657484873540576 -0.05469969720822433 0
0.8908957162055906 -0.135559664854876 0
0.9044639576636948 -0.02993647617407649 0
0.8908386550301675 -0.1131768824878819 0
0.905086973263111 -0.01634277921447348 0
0.5725436837369113 -0.1636315778547949 0
0.4613380477023891 -0.06351713607834389 0
0.5534726306033393 -0.1417759564957152 0
0.4500533113206775 -0.0556660082681656 0
0.8973693571054181 -0.132013045853024 0
0.9133467313036187 -0.02695331482612388 0
0.8976679119710556 -0.1109309744646314 0
0.9141406436157681 -0.01471002288068213 0
0.5639789769860529 -0.1659381786537722 0
0.4606978960117995 -0.07691362263405638 0
0.5458439429591038 -0.1458503000330447 0
0.4341342160023768 -0.0563234826131089 0
0.9035419862852647 -0.1292144525543486 0
0.9218995593237711 -0.02393912164125484 0
0.904317347724509 -0.1084333148781535 0
0.9228158584294828 -0.01302701055791305 0
0.5542263677526797 -0.167131807499817 0
0.447242100336488 -0.07867332455633376 0
0.5352898979412052 -0.1471706114733389 0
0.4184411010431928 -0.05705415044895429 0
0.5446359822092218 -0.1683094838797669 0
0.4345050353118124 -0.08079101360560639 0
0.5246828048256815 -0.1482996769772239 0
0.4028297619794179 -0.05771151943463251 0
0.9091667588492931 -0.1278844761262218 0
0.9300350871927725 -0.0214922421566705 0
0.910665011498824 -0.1062868816502413 0
0.9311490963012049 -0.01118676387079361 0
0.53561333795268 -0.1698279384564083 0
0.4228493700810977 -0.08348314996596394 0
0.5144902938876423 -0.1496008792629011 0
0.3873158283293697 -0.05829217886163923 0
0.9143393631081492 -0.1273427506386699 0
0.9378089642096491 -0.01935650010448488 0
0.9164958389474924 -0.105238742708135 0
0.9389455756743992 -0.009976865212641125 0
0.5274768713966288 -0.1719553572403321 0
0.4128605361671345 -0.08710181251603263 0
0.5050015219166101 -0.1512855652850091 0
0.3719142860911892 -0.05879290169384421 0
0.5228287103371787 -0.1764317180563011 0
0.4026844513237994 -0.09021848040324533 0
0.4964708419852438 -0.1534954820180539 0
0.356647931651998 -0.05921529940440991 0
0.919132597639742 -0.1273056912492754 0
0.9451458622920829 -0.01744841687675331 0
0.9219489344496132 -0.1045082502831019 0
0.9463005585652292 -0.00884731386362279 0
0.5279433427727007 -0.1870743249384799 0
0.3889113706400653 -0.09051565633192803 0
0.4901170919414233 -0.156952958137137 0
0.341537301254836 -0.05955973111627832 0
0.9233633922462172 -0.1292083174601092 0
0.9520426051333142 -0.01573453880215127 0
0.9269950737859682 -0.1043101891110949 0
0.9532073489210046 -0.007794624217217539 0
0.5146326063250024 -0.183354158620023 0
0.3871062000474323 -0.09832257039131256 0
0.4884156790735121 -0.1631877821035388 0
0.3265851654496845 -0.05981432088625861 0
0.9257129490572219 -0.1309395074700038 0
0.9584059181762308 -0.01435691474378864 0
0.9317941554438333 -0.104500186261891 0
0.9596451509619635 -0.006844476149826067 0
0.3656072378853337 -0.09339547861554585 0
0.4640832149475597 -0.1546307494467541 0
0.3118304418953375 -0.05999268789032547 0
0.9278734321225627 -0.1393592132230042 0
0.954377563248924 -0.04436806048388141 0
0.9325292250351047 -0.1158786886652674 0
0.9631440718501765 -0.01504188871369275 0
0.4593213825387049 -0.1965940256329446 0
0.3308111213876611 -0.09682031009136899 0
0.4340843038870219 -0.1600328200122129 0
0.2884265530349028 -0.06983181743785881 0
0.9310984252159251 -0.1392723040273678 0
0.959155218988613 -0.04437073490689542 0
0.9360480522107532 -0.1167240641226257 0
0.968475034771878 -0.01438742886784401 0
0.4461518146362091 -0.3416198151522303 0
0.3190209062287642 -0.1173855824660394 0
0.4391175597645601 -0.2151406519329354 0
0.2747305463769895 -0.0749227658863338 0
0.9341393247971777 -0.1390765779932542 0
0.9636480797656968 -0.04381080440737788 0
0.9416878735689725 -0.1106770408285584 0
0.9739484387217323 -0.01128713034824497 0
0.1755891085306464 -0.6621498691079433 0
0.1629039302315362 -0.7154020047421518 0
0.1757991379546112 -0.5568986015907759 0
0.1621761788562313 -0.6397087825849562 0
0.9368747649007076 -0.1389030711126186 0
0.9677187187907125 -0.04328530195409159 0
0.9467476023024026 -0.105472155925505 0
0.9784811546612109 -0.01047174149863874 0
0.260549231650356 -0.73438117676852 0
0.191239288504248 -0.6703814052642416 0
0.211919334284123 -0.5813119530057184 0
0.1877495140975403 -0.5509267122316787 0
0.9392944031043917 -0.1386756526710136 0
0.9712886116568226 -0.04299596906584589 0
0.9495158469490705 -0.1059797027438903 0
0.9815751631475529 -0.0129637744408229 0
0.9400188723801322 -0.1399863876861792 0
0.9740756083729738 -0.04465732864984318 0
0.9572933488399076 -0.09094349001651682 0
0.9849575498872529 -0.01290685473773206 0
0.9430671359891454 -0.1367785746598647 0
0.9771913992011778 -0.04228888979468719 0
0.9501263437649906 -0.1149918821430283 0
0.988019917602355 -0.01208521787738865 0
0.9445914568853566 -0.1365981116271799 0
0.9795345087248063 -0.04167227707778805 0
0.9519115440293874 -0.1146796356620252 0
0.9905223654871291 -0.01170487854618749 0
0.9455541031445925 -0.1376847956882994 0
0.9813506413874687 -0.04152710089935949 0
0.9532506809903214 -0.114787542242166 0
0.9925324781840635 -0.01145447975626051 0
0.9485060003230601 -0.1360293192020794 0
0.9828983523398636 -0.04142308218670002 0
0.9639796809204447 -0.09080586391758655 0
0.9940688811815968 -0.01133276746302744 0
0.8758760500182087 -0.03857523594565017 0
0.8691475554286719 -0.1151028687853 0
0.8758760499940454 -0.01872302460389092 0
0.9683618515255619 -0.1434398005577635 0
0.9844587531966956 -0.04278006841570114 0
0.9523161294786474 -0.137182016452867 0
0.9957398873035368 -0.0103215598175679 0
1.113964052644636 -0.3183420785426665 0
0.9998404349798397 -0.0003812182068355393 0
0.9848611762119379 -0.1434344846761175 0
0.9998291703735299 -3.030019733626325e-05 0
5.862390943352236 -0.2161793981891559 0
5.880025598687527 -0.1010521765652025 0
0.8578426364855471 -2.28516647372439 0
0.6298391069756396 -1.14535818426467 0
1.297824689342438 -1.036923409588898 0
1.530679001724902 -2.028774432517795 0
1.061730553057341 -1.606962385123767 0
5.613270991976804 -0.696438430644951 0
5.188540121562902 -0.6667777123443162 0
5.451365331341993 -0.4664050819970932 0
5.412038290030486 -0.6725115677779043 0
1.872038011273705 -0.8254294566708967 0
2.83491332233705 -0.6373825373850884 0
2.332207261692325 -0.802442875980674 0
5.19867639072717 -1.408390377480713 0
4.961238160814327 -0.9459049982337199 0
5.050962354550696 -1.19171853159794 0
5.1226422093854 -1.806718482441235 0
5.610359715360637 -1.407786854713648 0
5.553486373202384 -1.85426504428785 0
5.382799366358935 -1.61387481545746 0
3.818155104058693 -2.406919371326723 0
3.210997265719603 -2.616612388423354 0
3.673952526781382 -1.632371155039358 0
3.410377134688279 -2.118396948136932 0
4.929378934294097 -0.4522012436344216 0
4.644549711109834 -0.3303165571706915 0
4.870468432055326 -0.2330563410052766 0
4.687108216267425 -0.6694350233064206 0
4.229920795336708 -0.8330860215942719 0
4.444849810190903 -0.5383994546118543 0
5.684937740781059 -0.3357863505110337 0
5.522400541868268 -0.2823743238762925 0
5.783307362793471 -0.9357964163437554 0
5.735706198997631 -1.172521322945565 0
5.823953402822259 -0.5226494561048114 0
5.806030504805633 -0.7175025153224127 0
4.614565337218879 -3.124351432623801 0
3.690570673020079 -3.13605058737937 0
4.54662811731294 -2.353074571307146 0
4.170305078461012 -2.775536546160347 0
2.467272610547902 -2.993773144468532 0
1.505143742552763 -2.947910373782249 0
1.962515448303546 -2.525527475822779 0
3.6009759785019 -0.8696012322242467 0
3.334071891251762 -0.4580515489296481 0
5.128181559197732 -2.259733129909541 0
4.857701822252602 -2.034870334882291 0
5.432157693626349 -2.66551910057082 0
5.252262115323305 -3.268155944337022 0
3.963300550341847 -1.191491158363487 0
5.842968327043082 -0.3554126221608825 0
0.850182859197561 -3.078939435603412 0
4.941138102060425 -0.6883171297081021 0
1.442597336817322 -0.618850408922332 0
3.087132987631393 -3.219280124537986 0
0.3680677923606826 -0.6321454374968053 0
5.535648340777511 -2.203310084094861 0
2 7 0 25
1247
1248
1249
1250
1251
1252
1253
1254
1255
1256
1257
1258
1259
1260
1261
1262
1263
1264
1265
1266
1267
1268
1269
1270
1271
3.828894433116854 6.045863975066433 0
5.131252935165668 9.393758826667495 0
4.620282980321894 7.920916890827759 0
2.272450799194747 5.158641513068461 0
3.956200659798804 4.922916480935838 0
5.013786242126902 6.009868589163321 0
4.980722155805887 4.991866951584308 0
3.034337627579052 6.706420090748585 0
4.087926497031008 8.319897084961998 0
4.317719323916875 7.156606937853973 0
3.610441053492868 7.525437798871003 0
5.290643148371739 7.919214343703088 0
5.140684594727063 7.00931719443851 0
5.486674773742605 9.617477068956889 0
4.978518939745181 9.794545638563509 0
5.471808805783111 10.41816992679487 0
2.832241008730374 5.464109943290834 0
1.826143122738336 5.351716553748056 0
2.390975066149936 5.986590016629006 0
2.166073598961272 4.673486229934704 0
3.001292057889533 4.776591229326789 0
1.388347738997743 4.700677433365642 0
4.83095152867446 8.495465241304681 0
4.528645755240715 9.077058873923562 0
5.413804559014809 8.780830568943001 0
2 8 0 25
1272
1273
1274
1275
1276
1277
1278
1279
1280
1281
1282
1283
1284
1285
1286
1287
1288
1289
1290
1291
1292
1293
1294
1295
1296
3.835321523538831 -6.063492746335517 0
5.153008416210955 -9.466323206061597 0
4.682537354893396 -8.127133605854748 0
2.274508573789161 -5.161152554195511 0
5.018884588198975 -6.024138438770643 0
3.958556656813773 -4.928818232231157 0
4.982445041777377 -4.996423888903301 0
4.338103317107585 -7.220176096815036 0
4.117297295353924 -8.414498380406005 0
3.04007676458503 -6.723273160251381 0
3.624979476026778 -7.571581611615594 0
5.319969104874491 -8.012170664359981 0
5.155071056381286 -7.054641137426627 0
4.997022659887902 -9.844565166767271 0
5.507391978783323 -9.668369103568782 0
5.479671661315981 -10.43925255573266 0
1.827703636880048 -5.353269197607398 0
2.835152669039918 -5.470579983113058 0
2.39339769257886 -5.992166892770094 0
2.167273978244999 -4.675058657360684 0
3.003077007565096 -4.780347955515905 0
1.389027842950984 -4.701368766720667 0
4.956861522479506 -8.895052270824312 0
4.563680549787468 -9.18822544896679 0
5.449462279202073 -8.891685891409107 0
$EndNodes
$Elements
16 1121 1 1121
1 0 1 2
1 1 263 
2 263 2 
1 390 1 2
3 253 514 
4 514 254 
1 403 1 6
5 255 525 
6 525 526 
7 526 527 
8 527 528 
9 528 529 
10 529 257 
1 404 1 6
11 257 530 
12 530 531 
13 531 532 
14 532 533 
15 533 534 
16 534 256 
1 411 1 12
17 258 548 
18 548 549 
19 549 550 
20 550 551 
21 551 552 
22 552 553 
23 553 554 
24 554 555 
25 555 556 
26 556 557 
27 557 558 
28 558 260 
1 412 1 12
29 259 559 
30 559 560 
31 560 561 
32 561 562 
33 562 563 
34 563 564 
35 564 565 
36 565 566 
37 566 567 
38 567 568 
39 568 569 
40 569 260 
1 430 1 8
41 258 580 
42 580 581 
43 581 582 
44 582 583 
45 583 584 
46 584 585 
47 585 586 
48 586 261 
1 431 1 8
49 259 587 
50 587 588 
51 588 589 
52 589 590 
53 590 591 
54 591 592 
55 592 593 
56 593 262 
1 432 1 10
57 255 594 
58 594 595 
59 595 596 
60 596 597 
61 597 598 
62 598 599 
63 599 600 
64 600 601 
65 601 602 
66 602 261 
1 433 1 10
67 256 603 
68 603 604 
69 604 605 
70 605 606 
71 606 607 
72 607 608 
73 608 609 
74 609 610 
75 610 611 
76 611 262 
2 1 3 189
77 257 529 615 518 
78 517 518 615 614 
79 528 614 615 529 
80 526 617 618 527 
81 528 527 618 616 
82 613 616 618 617 
83 34 295 620 294 
84 33 294 620 619 
85 35 619 620 295 
86 36 297 622 296 
87 35 296 622 621 
88 37 621 622 297 
89 38 299 624 298 
90 37 298 624 623 
91 39 623 624 299 
92 40 301 626 300 
93 39 300 626 625 
94 41 625 626 301 
95 42 303 628 302 
96 41 302 628 627 
97 43 627 628 303 
98 44 305 630 304 
99 43 304 630 629 
100 45 629 630 305 
101 46 307 632 306 
102 45 306 632 631 
103 47 631 632 307 
104 48 309 634 308 
105 47 308 634 633 
106 49 633 634 309 
107 50 311 636 310 
108 49 310 636 635 
109 51 635 636 311 
110 52 313 638 312 
111 51 312 638 637 
112 53 637 638 313 
113 55 316 640 639 
114 57 639 640 317 
115 56 317 640 316 
116 612 643 644 641 
117 517 641 644 642 
118 57 642 644 643 
119 57 643 646 639 
120 55 639 646 645 
121 612 645 646 643 
122 612 648 649 647 
123 41 647 649 625 
124 39 625 649 648 
125 39 648 651 623 
126 37 623 651 650 
127 612 650 651 648 
128 612 653 654 652 
129 45 652 654 629 
130 43 629 654 653 
131 43 653 655 627 
132 41 627 655 647 
133 612 647 655 653 
134 612 656 657 650 
135 37 650 657 621 
136 35 621 657 656 
137 35 656 659 619 
138 33 619 659 658 
139 612 658 659 656 
140 612 661 662 660 
141 49 660 662 633 
142 47 633 662 661 
143 47 661 663 631 
144 45 631 663 652 
145 612 652 663 661 
146 23 666 667 664 
147 612 664 667 665 
148 25 665 667 666 
149 25 666 668 285 
150 24 285 668 284 
151 23 284 668 666 
152 25 670 671 665 
153 612 665 671 669 
154 27 669 671 670 
155 27 670 672 287 
156 26 287 672 286 
157 25 286 672 670 
158 21 674 675 673 
159 612 673 675 664 
160 23 664 675 674 
161 23 674 676 283 
162 22 283 676 282 
163 21 282 676 674 
164 27 678 679 669 
165 612 669 679 677 
166 29 677 679 678 
167 29 678 680 289 
168 28 289 680 288 
169 27 288 680 678 
170 19 682 683 681 
171 612 681 683 673 
172 21 673 683 682 
173 21 682 684 281 
174 20 281 684 280 
175 19 280 684 682 
176 29 686 687 677 
177 612 677 687 685 
178 31 685 687 686 
179 31 686 688 291 
180 30 291 688 290 
181 29 290 688 686 
182 17 690 691 689 
183 612 689 691 681 
184 19 681 691 690 
185 19 690 692 279 
186 18 279 692 278 
187 17 278 692 690 
188 31 693 694 685 
189 612 685 694 658 
190 33 658 694 693 
191 33 693 695 293 
192 32 293 695 292 
193 31 292 695 693 
194 15 697 698 696 
195 612 696 698 689 
196 17 689 698 697 
197 17 697 699 277 
198 16 277 699 276 
199 15 276 699 697 
200 13 701 702 700 
201 612 700 702 696 
202 15 696 702 701 
203 15 701 703 275 
204 14 275 703 274 
205 13 274 703 701 
206 612 705 706 704 
207 53 704 706 637 
208 51 637 706 705 
209 51 705 707 635 
210 49 635 707 660 
211 612 660 707 705 
212 11 709 710 708 
213 612 708 710 700 
214 13 700 710 709 
215 13 709 711 273 
216 12 273 711 272 
217 11 272 711 709 
218 9 713 714 712 
219 612 712 714 708 
220 11 708 714 713 
221 11 713 715 271 
222 10 271 715 270 
223 9 270 715 713 
224 7 717 718 716 
225 612 716 718 712 
226 9 712 718 717 
227 9 717 719 269 
228 8 269 719 268 
229 7 268 719 717 
230 5 721 722 720 
231 612 720 722 716 
232 7 716 722 721 
233 7 721 723 267 
234 6 267 723 266 
235 5 266 723 721 
236 3 725 726 724 
237 612 724 726 720 
238 5 720 726 725 
239 5 725 727 265 
240 4 265 727 264 
241 3 264 727 725 
242 53 728 729 704 
243 612 704 729 645 
244 55 645 729 728 
245 55 728 730 315 
246 54 315 730 314 
247 53 314 730 728 
248 57 731 732 642 
249 517 642 732 516 
250 59 516 732 731 
251 59 731 733 319 
252 58 319 733 318 
253 57 318 733 731 
254 526 525 735 617 
255 613 617 735 734 
256 520 734 735 519 
257 255 519 735 525 
258 612 641 737 736 
259 613 736 737 616 
260 528 616 737 614 
261 517 614 737 641 
262 520 521 738 734 
263 613 734 738 736 
264 612 736 738 724 
265 3 724 738 521 
2 2 3 192
266 60 321 742 741 
267 62 741 742 322 
268 61 322 742 321 
269 63 324 744 323 
270 62 323 744 743 
271 64 743 744 324 
272 531 747 748 745 
273 739 745 748 746 
274 517 746 748 747 
275 517 747 749 518 
276 257 518 749 530 
277 531 530 749 747 
278 59 751 752 516 
279 517 516 752 750 
280 62 750 752 751 
281 62 751 753 741 
282 60 741 753 320 
283 59 320 753 751 
284 64 756 757 754 
285 739 754 757 755 
286 66 755 757 756 
287 66 756 758 326 
288 65 326 758 325 
289 64 325 758 756 
290 62 759 760 750 
291 517 750 760 746 
292 739 746 760 759 
293 739 759 761 754 
294 64 754 761 743 
295 62 743 761 759 
296 66 763 764 755 
297 739 755 764 762 
298 68 762 764 763 
299 68 763 765 328 
300 67 328 765 327 
301 66 327 765 763 
302 68 767 768 762 
303 739 762 768 766 
304 70 766 768 767 
305 70 767 769 330 
306 69 330 769 329 
307 68 329 769 767 
308 70 771 772 766 
309 739 766 772 770 
310 72 770 772 771 
311 72 771 773 332 
312 71 332 773 331 
313 70 331 773 771 
314 72 775 776 770 
315 739 770 776 774 
316 74 774 776 775 
317 74 775 777 334 
318 73 334 777 333 
319 72 333 777 775 
320 74 779 780 774 
321 739 774 780 778 
322 76 778 780 779 
323 76 779 781 336 
324 75 336 781 335 
325 74 335 781 779 
326 76 783 784 778 
327 739 778 784 782 
328 78 782 784 783 
329 78 783 785 338 
330 77 338 785 337 
331 76 337 785 783 
332 78 787 788 782 
333 739 782 788 786 
334 80 786 788 787 
335 80 787 789 340 
336 79 340 789 339 
337 78 339 789 787 
338 80 791 792 786 
339 739 786 792 790 
340 82 790 792 791 
341 82 791 793 342 
342 81 342 793 341 
343 80 341 793 791 
344 82 795 796 790 
345 739 790 796 794 
346 84 794 796 795 
347 84 795 797 344 
348 83 344 797 343 
349 82 343 797 795 
350 84 799 800 794 
351 739 794 800 798 
352 86 798 800 799 
353 86 799 801 346 
354 85 346 801 345 
355 84 345 801 799 
356 86 803 804 798 
357 739 798 804 802 
358 88 802 804 803 
359 88 803 805 348 
360 87 348 805 347 
361 86 347 805 803 
362 88 807 808 802 
363 739 802 808 806 
364 90 806 808 807 
365 90 807 809 350 
366 89 350 809 349 
367 88 349 809 807 
368 90 811 812 806 
369 739 806 812 810 
370 92 810 812 811 
371 92 811 813 352 
372 91 352 813 351 
373 90 351 813 811 
374 92 815 816 810 
375 739 810 816 814 
376 94 814 816 815 
377 94 815 817 354 
378 93 354 817 353 
379 92 353 817 815 
380 94 819 820 814 
381 739 814 820 818 
382 96 818 820 819 
383 96 819 821 356 
384 95 356 821 355 
385 94 355 821 819 
386 96 823 824 818 
387 739 818 824 822 
388 98 822 824 823 
389 98 823 825 358 
390 97 358 825 357 
391 96 357 825 823 
392 98 827 828 822 
393 739 822 828 826 
394 100 826 828 827 
395 100 827 829 360 
396 99 360 829 359 
397 98 359 829 827 
398 100 831 832 826 
399 739 826 832 830 
400 102 830 832 831 
401 102 831 833 362 
402 101 362 833 361 
403 100 361 833 831 
404 102 835 836 830 
405 739 830 836 834 
406 104 834 836 835 
407 104 835 837 364 
408 103 364 837 363 
409 102 363 837 835 
410 104 839 840 834 
411 739 834 840 838 
412 106 838 840 839 
413 106 839 841 366 
414 105 366 841 365 
415 104 365 841 839 
416 106 843 844 838 
417 739 838 844 842 
418 108 842 844 843 
419 108 843 845 368 
420 107 368 845 367 
421 106 367 845 843 
422 108 847 848 842 
423 739 842 848 846 
424 110 846 848 847 
425 110 847 849 370 
426 109 370 849 369 
427 108 369 849 847 
428 110 851 852 846 
429 739 846 852 850 
430 112 850 852 851 
431 112 851 853 372 
432 111 372 853 371 
433 110 371 853 851 
434 112 855 856 850 
435 739 850 856 854 
436 114 854 856 855 
437 114 855 857 374 
438 113 374 857 373 
439 112 373 857 855 
440 114 859 860 854 
441 739 854 860 858 
442 116 858 860 859 
443 116 859 861 376 
444 115 376 861 375 
445 114 375 861 859 
446 256 534 864 522 
447 523 522 864 862 
448 740 862 864 863 
449 533 863 864 534 
450 739 865 866 745 
451 531 745 866 532 
452 533 532 866 863 
453 740 863 866 865 
454 116 524 867 858 
455 739 858 867 865 
456 740 865 867 862 
457 523 862 867 524 
2 6 2 114
458 1111 1113 1103 
459 1103 870 1111 
460 1107 1117 1115 
461 1115 870 1107 
462 922 1120 1111 
463 1111 870 922 
464 1115 1124 1122 
465 1122 870 1115 
466 1122 1132 1130 
467 1130 870 1122 
468 1135 1136 1134 
469 1134 126 1135 
470 1130 1140 1138 
471 1138 870 1130 
472 1143 1144 1142 
473 1142 523 1143 
474 524 1145 1143 
475 1143 523 524 
476 116 909 1145 
477 1145 524 116 
478 1138 1148 1146 
479 1146 870 1138 
480 1142 1153 1151 
481 1151 523 1142 
482 1146 1156 1154 
483 1154 870 1146 
484 1154 1160 1158 
485 1158 870 1154 
486 1162 1164 1163 
487 1163 245 1162 
488 1158 1164 1162 
489 1162 870 1158 
490 243 1163 1164 
491 1164 1158 243 
492 1166 1168 1167 
493 1167 247 1166 
494 1162 1168 1166 
495 1166 870 1162 
496 245 1167 1168 
497 1168 1162 245 
498 1170 1172 1171 
499 1171 249 1170 
500 1166 1172 1170 
501 1170 870 1166 
502 247 1171 1172 
503 1172 1166 247 
504 1174 1176 1175 
505 1175 251 1174 
506 1170 1176 1174 
507 1174 870 1170 
508 249 1175 1176 
509 1176 1170 249 
510 1181 1183 1182 
511 1182 253 1181 
512 1182 1183 1174 
513 1174 251 1182 
514 253 1182 1184 
515 1184 513 253 
516 385 125 386 
517 386 921 385 
518 920 921 386 
519 386 126 920 
520 492 1125 1123 
521 1123 231 492 
522 492 232 493 
523 493 1125 492 
524 389 129 390 
525 390 1129 389 
526 1127 1129 390 
527 390 130 1127 
528 494 1133 1131 
529 1131 233 494 
530 494 234 495 
531 495 1133 494 
532 387 127 388 
533 388 1137 387 
534 1135 1137 388 
535 388 128 1135 
536 496 1141 1139 
537 1139 235 496 
538 496 236 497 
539 497 1141 496 
540 498 1149 1147 
541 1147 237 498 
542 498 238 499 
543 499 1149 498 
544 500 1157 1155 
545 1155 239 500 
546 500 240 501 
547 501 1157 500 
548 502 1161 1159 
549 1159 241 502 
550 502 242 503 
551 503 1161 502 
552 504 1165 1163 
553 1163 243 504 
554 504 244 505 
555 505 1165 504 
556 506 1169 1167 
557 1167 245 506 
558 506 246 507 
559 507 1169 506 
560 508 1173 1171 
561 1171 247 508 
562 508 248 509 
563 509 1173 508 
564 510 1177 1175 
565 1175 249 510 
566 510 250 511 
567 511 1177 510 
568 512 1184 1182 
569 1182 251 512 
570 512 252 513 
571 513 1184 512 
2 6 3 478
572 544 545 890 889 
573 546 888 890 545 
574 882 889 890 888 
575 542 543 893 892 
576 544 891 893 543 
577 877 892 893 891 
578 869 894 897 896 
579 879 895 897 894 
580 880 896 897 895 
581 538 539 900 899 
582 540 898 900 539 
583 886 899 900 898 
584 873 901 904 903 
585 878 902 904 901 
586 887 903 904 902 
587 868 905 908 907 
588 872 906 908 905 
589 874 907 908 906 
590 117 378 910 377 
591 118 909 910 378 
592 116 377 910 909 
593 1 535 913 912 
594 536 911 913 535 
595 881 912 913 911 
596 119 380 915 379 
597 120 914 915 380 
598 118 379 915 914 
599 121 382 917 381 
600 122 916 917 382 
601 120 381 917 916 
602 123 384 919 383 
603 124 918 919 384 
604 122 383 919 918 
605 124 385 921 920 
606 130 391 924 923 
607 131 922 924 391 
608 870 923 924 922 
609 187 925 928 927 
610 870 926 928 925 
611 185 927 928 926 
612 185 446 929 927 
613 186 447 929 446 
614 187 927 929 447 
615 185 926 932 931 
616 870 930 932 926 
617 183 931 932 930 
618 183 444 933 931 
619 184 445 933 444 
620 185 931 933 445 
621 183 930 936 935 
622 870 934 936 930 
623 181 935 936 934 
624 181 442 937 935 
625 182 443 937 442 
626 183 935 937 443 
627 189 938 940 939 
628 870 925 940 938 
629 187 939 940 925 
630 187 448 941 939 
631 188 449 941 448 
632 189 939 941 449 
633 181 934 944 943 
634 870 942 944 934 
635 179 943 944 942 
636 179 440 945 943 
637 180 441 945 440 
638 181 943 945 441 
639 191 946 948 947 
640 870 938 948 946 
641 189 947 948 938 
642 189 450 949 947 
643 190 451 949 450 
644 191 947 949 451 
645 179 942 952 951 
646 870 950 952 942 
647 177 951 952 950 
648 177 438 953 951 
649 178 439 953 438 
650 179 951 953 439 
651 193 954 956 955 
652 870 946 956 954 
653 191 955 956 946 
654 191 452 957 955 
655 192 453 957 452 
656 193 955 957 453 
657 177 950 960 959 
658 870 958 960 950 
659 175 959 960 958 
660 175 436 961 959 
661 176 437 961 436 
662 177 959 961 437 
663 195 962 964 963 
664 870 954 964 962 
665 193 963 964 954 
666 193 454 965 963 
667 194 455 965 454 
668 195 963 965 455 
669 175 958 968 967 
670 870 966 968 958 
671 173 967 968 966 
672 173 434 969 967 
673 174 435 969 434 
674 175 967 969 435 
675 197 970 972 971 
676 870 962 972 970 
677 195 971 972 962 
678 195 456 973 971 
679 196 457 973 456 
680 197 971 973 457 
681 173 966 976 975 
682 870 974 976 966 
683 171 975 976 974 
684 171 432 977 975 
685 172 433 977 432 
686 173 975 977 433 
687 199 978 980 979 
688 870 970 980 978 
689 197 979 980 970 
690 197 458 981 979 
691 198 459 981 458 
692 199 979 981 459 
693 171 974 984 983 
694 870 982 984 974 
695 169 983 984 982 
696 169 430 985 983 
697 170 431 985 430 
698 171 983 985 431 
699 201 986 988 987 
700 870 978 988 986 
701 199 987 988 978 
702 199 460 989 987 
703 200 461 989 460 
704 201 987 989 461 
705 169 982 992 991 
706 870 990 992 982 
707 167 991 992 990 
708 167 428 993 991 
709 168 429 993 428 
710 169 991 993 429 
711 203 994 996 995 
712 870 986 996 994 
713 201 995 996 986 
714 201 462 997 995 
715 202 463 997 462 
716 203 995 997 463 
717 167 990 1000 999 
718 870 998 1000 990 
719 165 999 1000 998 
720 165 426 1001 999 
721 166 427 1001 426 
722 167 999 1001 427 
723 205 1002 1004 1003 
724 870 994 1004 1002 
725 203 1003 1004 994 
726 203 464 1005 1003 
727 204 465 1005 464 
728 205 1003 1005 465 
729 165 998 1008 1007 
730 870 1006 1008 998 
731 163 1007 1008 1006 
732 163 424 1009 1007 
733 164 425 1009 424 
734 165 1007 1009 425 
735 207 1010 1012 1011 
736 870 1002 1012 1010 
737 205 1011 1012 1002 
738 205 466 1013 1011 
739 206 467 1013 466 
740 207 1011 1013 467 
741 163 1006 1016 1015 
742 870 1014 1016 1006 
743 161 1015 1016 1014 
744 161 422 1017 1015 
745 162 423 1017 422 
746 163 1015 1017 423 
747 209 1018 1020 1019 
748 870 1010 1020 1018 
749 207 1019 1020 1010 
750 207 468 1021 1019 
751 208 469 1021 468 
752 209 1019 1021 469 
753 161 1014 1024 1023 
754 870 1022 1024 1014 
755 159 1023 1024 1022 
756 159 420 1025 1023 
757 160 421 1025 420 
758 161 1023 1025 421 
759 159 1022 1028 1027 
760 870 1026 1028 1022 
761 157 1027 1028 1026 
762 157 418 1029 1027 
763 158 419 1029 418 
764 159 1027 1029 419 
765 157 1026 1032 1031 
766 870 1030 1032 1026 
767 155 1031 1032 1030 
768 155 416 1033 1031 
769 156 417 1033 416 
770 157 1031 1033 417 
771 155 1030 1036 1035 
772 870 1034 1036 1030 
773 153 1035 1036 1034 
774 153 414 1037 1035 
775 154 415 1037 414 
776 155 1035 1037 415 
777 215 1038 1041 1040 
778 870 1039 1041 1038 
779 213 1040 1041 1039 
780 213 474 1042 1040 
781 214 475 1042 474 
782 215 1040 1042 475 
783 213 1039 1045 1044 
784 870 1043 1045 1039 
785 211 1044 1045 1043 
786 211 472 1046 1044 
787 212 473 1046 472 
788 213 1044 1046 473 
789 153 1034 1049 1048 
790 870 1047 1049 1034 
791 151 1048 1049 1047 
792 151 412 1050 1048 
793 152 413 1050 412 
794 153 1048 1050 413 
795 217 1051 1053 1052 
796 870 1038 1053 1051 
797 215 1052 1053 1038 
798 215 476 1054 1052 
799 216 477 1054 476 
800 217 1052 1054 477 
801 151 1047 1057 1056 
802 870 1055 1057 1047 
803 149 1056 1057 1055 
804 149 410 1058 1056 
805 150 411 1058 410 
806 151 1056 1058 411 
807 219 1059 1061 1060 
808 870 1051 1061 1059 
809 217 1060 1061 1051 
810 217 478 1062 1060 
811 218 479 1062 478 
812 219 1060 1062 479 
813 149 1055 1065 1064 
814 870 1063 1065 1055 
815 147 1064 1065 1063 
816 147 408 1066 1064 
817 148 409 1066 408 
818 149 1064 1066 409 
819 221 1067 1069 1068 
820 870 1059 1069 1067 
821 219 1068 1069 1059 
822 219 480 1070 1068 
823 220 481 1070 480 
824 221 1068 1070 481 
825 147 1063 1073 1072 
826 870 1071 1073 1063 
827 145 1072 1073 1071 
828 145 406 1074 1072 
829 146 407 1074 406 
830 147 1072 1074 407 
831 145 1071 1077 1076 
832 870 1075 1077 1071 
833 143 1076 1077 1075 
834 143 404 1078 1076 
835 144 405 1078 404 
836 145 1076 1078 405 
837 223 1079 1081 1080 
838 870 1067 1081 1079 
839 221 1080 1081 1067 
840 221 482 1082 1080 
841 222 483 1082 482 
842 223 1080 1082 483 
843 143 1075 1085 1084 
844 870 1083 1085 1075 
845 141 1084 1085 1083 
846 141 402 1086 1084 
847 142 403 1086 402 
848 143 1084 1086 403 
849 225 1087 1089 1088 
850 870 1079 1089 1087 
851 223 1088 1089 1079 
852 223 484 1090 1088 
853 224 485 1090 484 
854 225 1088 1090 485 
855 141 1083 1093 1092 
856 870 1091 1093 1083 
857 139 1092 1093 1091 
858 139 400 1094 1092 
859 140 401 1094 400 
860 141 1092 1094 401 
861 139 1091 1097 1096 
862 870 1095 1097 1091 
863 137 1096 1097 1095 
864 137 398 1098 1096 
865 138 399 1098 398 
866 139 1096 1098 399 
867 227 1099 1101 1100 
868 870 1087 1101 1099 
869 225 1100 1101 1087 
870 225 486 1102 1100 
871 226 487 1102 486 
872 227 1100 1102 487 
873 137 1095 1105 1104 
874 870 1103 1105 1095 
875 135 1104 1105 1103 
876 135 396 1106 1104 
877 136 397 1106 396 
878 137 1104 1106 397 
879 229 1107 1109 1108 
880 870 1099 1109 1107 
881 227 1108 1109 1099 
882 227 488 1110 1108 
883 228 489 1110 488 
884 229 1108 1110 489 
885 135 1103 1113 1112 
886 133 1112 1113 1111 
887 133 394 1114 1112 
888 134 395 1114 394 
889 135 1112 1114 395 
890 231 1115 1117 1116 
891 229 1116 1117 1107 
892 229 490 1118 1116 
893 230 491 1118 490 
894 231 1116 1118 491 
895 133 1111 1120 1119 
896 131 1119 1120 922 
897 131 392 1121 1119 
898 132 393 1121 392 
899 133 1119 1121 393 
900 233 1122 1124 1123 
901 231 1123 1124 1115 
902 233 1123 1125 493 
903 130 923 1128 1127 
904 870 1126 1128 923 
905 128 1127 1128 1126 
906 128 389 1129 1127 
907 235 1130 1132 1131 
908 233 1131 1132 1122 
909 235 1131 1133 495 
910 128 1126 1136 1135 
911 870 1134 1136 1126 
912 126 387 1137 1135 
913 237 1138 1140 1139 
914 235 1139 1140 1130 
915 237 1139 1141 497 
916 118 914 1144 1143 
917 120 1142 1144 914 
918 118 1143 1145 909 
919 239 1146 1148 1147 
920 237 1147 1148 1138 
921 239 1147 1149 499 
922 122 918 1152 1151 
923 124 1150 1152 918 
924 523 1151 1152 1150 
925 120 916 1153 1142 
926 122 1151 1153 916 
927 241 1154 1156 1155 
928 239 1155 1156 1146 
929 241 1155 1157 501 
930 243 1158 1160 1159 
931 241 1159 1160 1154 
932 243 1159 1161 503 
933 245 1163 1165 505 
934 247 1167 1169 507 
935 249 1171 1173 509 
936 251 1175 1177 511 
937 211 1043 1179 1178 
938 870 1018 1179 1043 
939 209 1178 1179 1018 
940 209 470 1180 1178 
941 210 471 1180 470 
942 211 1178 1180 471 
943 870 1174 1183 1181 
944 1 1185 1187 1186 
945 870 1181 1187 1185 
946 253 1186 1187 1181 
947 253 514 1188 1186 
948 254 515 1188 514 
949 1 1186 1188 515 
950 882 888 1190 1189 
951 546 547 1190 888 
952 260 569 1190 547 
953 568 1189 1190 569 
954 883 1191 1195 1194 
955 523 1192 1195 1191 
956 870 1193 1195 1192 
957 887 1194 1195 1193 
958 871 1196 1199 1198 
959 879 894 1199 1196 
960 869 1197 1199 894 
961 877 1198 1199 1197 
962 873 903 1202 1201 
963 887 1200 1202 903 
964 881 911 1202 1200 
965 536 1201 1202 911 
966 869 896 1205 1204 
967 880 1203 1205 896 
968 874 906 1205 1203 
969 872 1204 1205 906 
970 884 1206 1209 1208 
971 874 1203 1209 1206 
972 880 1207 1209 1203 
973 562 1208 1209 1207 
974 868 1210 1213 1212 
975 885 1211 1213 1210 
976 878 901 1213 1211 
977 873 1212 1213 901 
978 542 892 1216 541 
979 877 1214 1216 892 
980 876 1215 1216 1214 
981 540 541 1216 1215 
982 876 1217 1219 1215 
983 872 1218 1219 1217 
984 886 898 1219 1218 
985 540 1215 1219 898 
986 871 1198 1221 1220 
987 877 891 1221 1198 
988 544 889 1221 891 
989 882 1220 1221 889 
990 880 895 1223 1207 
991 879 1222 1223 895 
992 564 563 1223 1222 
993 562 1207 1223 563 
994 566 565 1225 1224 
995 564 1222 1225 565 
996 879 1196 1225 1222 
997 871 1224 1225 1196 
998 875 1226 1229 1228 
999 578 1227 1229 1226 
1000 885 1210 1229 1227 
1001 868 1228 1229 1210 
1002 878 1230 1232 902 
1003 576 1231 1232 1230 
1004 883 1194 1232 1231 
1005 887 902 1232 1194 
1006 538 899 1234 537 
1007 886 1233 1234 899 
1008 873 1201 1234 1233 
1009 536 537 1234 1201 
1010 875 1228 1236 1235 
1011 868 907 1236 1228 
1012 874 1206 1236 907 
1013 884 1235 1236 1206 
1014 259 579 1238 559 
1015 578 1226 1238 579 
1016 875 1237 1238 1226 
1017 560 559 1238 1237 
1018 872 905 1239 1218 
1019 868 1212 1239 905 
1020 873 1233 1239 1212 
1021 886 1218 1239 1233 
1022 566 1224 1240 567 
1023 871 1220 1240 1224 
1024 882 1189 1240 1220 
1025 568 567 1240 1189 
1026 256 522 1241 575 
1027 523 1191 1241 522 
1028 883 1231 1241 1191 
1029 576 575 1241 1231 
1030 876 1214 1242 1217 
1031 877 1197 1242 1214 
1032 869 1204 1242 1197 
1033 872 1217 1242 1204 
1034 881 1200 1243 912 
1035 887 1193 1243 1200 
1036 870 1185 1243 1193 
1037 1 912 1243 1185 
1038 885 1227 1244 1211 
1039 578 577 1244 1227 
1040 576 1230 1244 577 
1041 878 1211 1244 1230 
1042 126 1134 1245 920 
1043 870 1192 1245 1134 
1044 523 1150 1245 1192 
1045 124 920 1245 1150 
1046 560 1237 1246 561 
1047 875 1235 1246 1237 
1048 884 1208 1246 1235 
1049 562 561 1246 1208 
2 7 3 36
1050 581 580 1253 1252 
1051 258 574 1253 580 
1052 573 1251 1253 574 
1053 1247 1252 1253 1251 
1054 1247 1254 1257 1256 
1055 597 598 1257 1254 
1056 599 1255 1257 598 
1057 1249 1256 1257 1255 
1058 1247 1256 1259 1252 
1059 1249 1258 1259 1256 
1060 583 582 1259 1258 
1061 581 1252 1259 582 
1062 261 586 1262 602 
1063 585 1260 1262 586 
1064 1248 1261 1262 1260 
1065 601 602 1262 1261 
1066 595 596 1265 1264 
1067 597 1254 1265 596 
1068 1247 1263 1265 1254 
1069 1250 1264 1265 1263 
1070 571 1266 1267 572 
1071 1250 1263 1267 1266 
1072 1247 1251 1267 1263 
1073 573 572 1267 1251 
1074 255 594 1268 570 
1075 595 1264 1268 594 
1076 1250 1266 1268 1264 
1077 571 570 1268 1266 
1078 601 1261 1270 600 
1079 1248 1269 1270 1261 
1080 1249 1255 1270 1269 
1081 599 600 1270 1255 
1082 585 584 1271 1260 
1083 583 1258 1271 584 
1084 1249 1269 1271 1258 
1085 1248 1260 1271 1269 
2 8 3 36
1086 588 1276 1278 587 
1087 1272 1277 1278 1276 
1088 578 579 1278 1277 
1089 259 587 1278 579 
1090 1272 1279 1282 1281 
1091 1274 1280 1282 1279 
1092 608 607 1282 1280 
1093 606 1281 1282 607 
1094 1272 1276 1284 1279 
1095 588 589 1284 1276 
1096 590 1283 1284 589 
1097 1274 1279 1284 1283 
1098 262 611 1287 593 
1099 610 1285 1287 611 
1100 1273 1286 1287 1285 
1101 592 593 1287 1286 
1102 604 1288 1290 605 
1103 1275 1289 1290 1288 
1104 1272 1281 1290 1289 
1105 606 605 1290 1281 
1106 576 577 1292 1291 
1107 578 1277 1292 577 
1108 1272 1289 1292 1277 
1109 1275 1291 1292 1289 
1110 256 575 1293 603 
1111 576 1291 1293 575 
1112 1275 1288 1293 1291 
1113 604 603 1293 1288 
1114 610 609 1295 1285 
1115 608 1280 1295 609 
1116 1274 1294 1295 1280 
1117 1273 1285 1295 1294 
1118 592 1286 1296 591 
1119 1273 1294 1296 1286 
1120 1274 1283 1296 1294 
1121 590 591 1296 1283 
$EndElements
