$MeshFormat
4.1 0 8
$EndMeshFormat
$Entities
59 64 6 0
1 1 0 0 0 
2 0.996057 0.000572 0 0 
3 0.9842919999999999 0.00226 0 0 
4 0.964888 0.00499 0 0 
5 0.938153 0.008643 0 0 
6 0.904508 0.013071 0 0 
7 0.864484 0.018106 0 0 
8 0.818712 0.023569 0 0 
9 0.767913 0.029279 0 0 
10 0.71289 0.035048 0 0 
11 0.654508 0.040686 0 0 
12 0.593691 0.045992 0 0 
13 0.531395 0.050754 0 0 
14 0.468605 0.054749 0 0 
15 0.406309 0.057755 0 0 
16 0.345492 0.059557 0 0 
17 0.28711 0.059971 0 0 
18 0.232087 0.058863 0 0 
19 0.181288 0.056159 0 0 
20 0.135516 0.051862 0 0 
21 0.09549199999999999 0.046049 0 0 
22 0.061847 0.038859 0 0 
23 0.035112 0.030473 0 0 
24 0.015708 0.021088 0 0 
25 0.003943 0.010884 0 0 
26 0 0 0 0 
27 0.003943 -0.010884 0 0 
28 0.015708 -0.021088 0 0 
29 0.035112 -0.030473 0 0 
30 0.061847 -0.038859 0 0 
31 0.09549199999999999 -0.046049 0 0 
32 0.135516 -0.051862 0 0 
33 0.181288 -0.056159 0 0 
34 0.232087 -0.058863 0 0 
35 0.28711 -0.059971 0 0 
36 0.345492 -0.059557 0 0 
37 0.406309 -0.057755 0 0 
38 0.468605 -0.054749 0 0 
39 0.531395 -0.050754 0 0 
40 0.593691 -0.045992 0 0 
41 0.654508 -0.040686 0 0 
42 0.71289 -0.035048 0 0 
43 0.767913 -0.029279 0 0 
44 0.818712 -0.023569 0 0 
45 0.864484 -0.018106 0 0 
46 0.904508 -0.013071 0 0 
47 0.938153 -0.008643 0 0 
48 0.964888 -0.00499 0 0 
49 0.9842919999999999 -0.00226 0 0 
50 0.996057 -0.000572 0 0 
200 0 4 0 0 
201 0 -4 0 0 
202 -2.7 0 0 0 
203 0.3 0 0 0 
210 6 4 0 0 
211 6 -4 0 0 
212 6 0 0 0 
230 6 12 0 0 
231 6 -12 0 0 
1 0.996057 0 0 1 0.000572 0 1 303 2 1 -2 
2 0.9842919999999999 0.000572 0 0.996057 0.00226 0 1 303 2 2 -3 
3 0.964888 0.00226 0 0.9842919999999999 0.00499 0 1 303 2 3 -4 
4 0.938153 0.00499 0 0.964888 0.008643 0 1 303 2 4 -5 
5 0.904508 0.008643 0 0.938153 0.013071 0 1 303 2 5 -6 
6 0.864484 0.013071 0 0.904508 0.018106 0 1 303 2 6 -7 
7 0.818712 0.018106 0 0.864484 0.023569 0 1 303 2 7 -8 
8 0.767913 0.023569 0 0.818712 0.029279 0 1 303 2 8 -9 
9 0.71289 0.029279 0 0.767913 0.035048 0 1 303 2 9 -10 
10 0.654508 0.035048 0 0.71289 0.040686 0 1 303 2 10 -11 
11 0.593691 0.040686 0 0.654508 0.045992 0 1 303 2 11 -12 
12 0.531395 0.045992 0 0.593691 0.050754 0 1 303 2 12 -13 
13 0.468605 0.050754 0 0.531395 0.054749 0 1 303 2 13 -14 
14 0.406309 0.054749 0 0.468605 0.057755 0 1 303 2 14 -15 
15 0.345492 0.057755 0 0.406309 0.059557 0 1 303 2 15 -16 
16 0.28711 0.059557 0 0.345492 0.059971 0 1 303 2 16 -17 
17 0.232087 0.058863 0 0.28711 0.059971 0 1 303 2 17 -18 
18 0.181288 0.056159 0 0.232087 0.058863 0 1 303 2 18 -19 
19 0.135516 0.051862 0 0.181288 0.056159 0 1 303 2 19 -20 
20 0.09549199999999999 0.046049 0 0.135516 0.051862 0 1 303 2 20 -21 
21 0.061847 0.038859 0 0.09549199999999999 0.046049 0 1 303 2 21 -22 
22 0.035112 0.030473 0 0.061847 0.038859 0 1 303 2 22 -23 
23 0.015708 0.021088 0 0.035112 0.030473 0 1 303 2 23 -24 
24 0.003943 0.010884 0 0.015708 0.021088 0 1 303 2 24 -25 
25 0 0 0 0.003943 0.010884 0 1 303 2 25 -26 
26 0 -0.010884 0 0.003943 0 0 1 303 2 26 -27 
27 0.003943 -0.021088 0 0.015708 -0.010884 0 1 303 2 27 -28 
28 0.015708 -0.030473 0 0.035112 -0.021088 0 1 303 2 28 -29 
29 0.035112 -0.038859 0 0.061847 -0.030473 0 1 303 2 29 -30 
30 0.061847 -0.046049 0 0.09549199999999999 -0.038859 0 1 303 2 30 -31 
31 0.09549199999999999 -0.051862 0 0.135516 -0.046049 0 1 303 2 31 -32 
32 0.135516 -0.056159 0 0.181288 -0.051862 0 1 303 2 32 -33 
33 0.181288 -0.058863 0 0.232087 -0.056159 0 1 303 2 33 -34 
34 0.232087 -0.059971 0 0.28711 -0.058863 0 1 303 2 34 -35 
35 0.28711 -0.059971 0 0.345492 -0.059557 0 1 303 2 35 -36 
36 0.345492 -0.059557 0 0.406309 -0.057755 0 1 303 2 36 -37 
37 0.406309 -0.057755 0 0.468605 -0.054749 0 1 303 2 37 -38 
38 0.468605 -0.054749 0 0.531395 -0.050754 0 1 303 2 38 -39 
39 0.531395 -0.050754 0 0.593691 -0.045992 0 1 303 2 39 -40 
40 0.593691 -0.045992 0 0.654508 -0.040686 0 1 303 2 40 -41 
41 0.654508 -0.040686 0 0.71289 -0.035048 0 1 303 2 41 -42 
42 0.71289 -0.035048 0 0.767913 -0.029279 0 1 303 2 42 -43 
43 0.767913 -0.029279 0 0.818712 -0.023569 0 1 303 2 43 -44 
44 0.818712 -0.023569 0 0.864484 -0.018106 0 1 303 2 44 -45 
45 0.864484 -0.018106 0 0.904508 -0.013071 0 1 303 2 45 -46 
46 0.904508 -0.013071 0 0.938153 -0.008643 0 1 303 2 46 -47 
47 0.938153 -0.008643 0 0.964888 -0.00499 0 1 303 2 47 -48 
48 0.964888 -0.00499 0 0.9842919999999999 -0.00226 0 1 303 2 48 -49 
49 0.9842919999999999 -0.00226 0 0.996057 -0.000572 0 1 303 2 49 -50 
50 0.996057 -0.000572 0 1 0 0 1 303 2 50 -1 
200 -2.7 0 0 0 0 0 0 2 26 -202 
201 0 0.05886300000000011 0 0.232087 4 0 0 2 200 -18 
202 0 -4 0 0.232087 -0.05886300000000011 0 0 2 201 -34 
203 -2.7 0 0 0 4 0 1 300 2 200 -202 
204 -2.7 -4 0 0 0 0 1 300 2 202 -201 
210 1 0 0 6 0 0 0 2 1 -212 
211 6 0 0 6 4 0 1 302 2 210 -212 
212 6 -4 0 6 0 0 1 302 2 211 -212 
220 0 4 0 6 4 0 0 2 200 -210 
221 0 -4 0 6 -4 0 0 2 201 -211 
230 6 4 0 6 12 0 1 302 2 210 -230 
231 6 -12 0 6 -4 0 1 302 2 211 -231 
232 0 4 0 6 12 0 1 300 2 200 -230 
233 0 -12 0 6 -4 0 1 300 2 201 -231 
1 -2.7 0 0 0.2320869999999999 4 0 1 236 11 -203 201 18 19 20 21 22 23 24 25 200 
2 -2.7 -4 0 0.2320869999999999 0 0 1 236 11 -200 26 27 28 29 30 31 32 33 -202 -204 
5 0 0 0 6 4 0 1 236 21 -201 220 211 -210 1 2 3 4 5 6 7 8 9 10 11 12 13 14 15 16 17 
6 0 -4 0 6 0 0 1 236 21 202 34 35 36 37 38 39 40 41 42 43 44 45 46 47 48 49 50 210 -212 -221 
7 0 4 0 6 12 0 1 236 3 232 -230 -220 
8 0 -12 0 6 -4 0 1 236 3 221 231 -233 
$EndEntities
$Nodes
128 7991 1 7991
0 1 0 1
1
1 -0 0
0 2 0 1
2
0.996057 0.000572 0
0 3 0 1
3
0.9842919999999999 0.00226 0
0 4 0 1
4
0.964888 0.00499 0
0 5 0 1
5
0.938153 0.008643 0
0 6 0 1
6
0.904508 0.013071 0
0 7 0 1
7
0.864484 0.018106 0
0 8 0 1
8
0.818712 0.023569 0
0 9 0 1
9
0.767913 0.029279 0
0 10 0 1
10
0.71289 0.035048 0
0 11 0 1
11
0.654508 0.040686 0
0 12 0 1
12
0.593691 0.045992 0
0 13 0 1
13
0.531395 0.050754 0
0 14 0 1
14
0.468605 0.054749 0
0 15 0 1
15
0.406309 0.057755 0
0 16 0 1
16
0.345492 0.059557 0
0 17 0 1
17
0.28711 0.059971 0
0 18 0 1
18
0.232087 0.058863 0
0 19 0 1
19
0.181288 0.056159 0
0 20 0 1
20
0.135516 0.051862 0
0 21 0 1
21
0.09549199999999999 0.046049 0
0 22 0 1
22
0.061847 0.038859 0
0 23 0 1
23
0.035112 0.030473 0
0 24 0 1
24
0.015708 0.021088 0
0 25 0 1
25
0.003943 0.010884 0
0 26 0 1
26
0 0 0
0 27 0 1
27
0.003943 -0.010884 0
0 28 0 1
28
0.015708 -0.021088 0
0 29 0 1
29
0.035112 -0.030473 0
0 30 0 1
30
0.061847 -0.038859 0
0 31 0 1
31
0.09549199999999999 -0.046049 0
0 32 0 1
32
0.135516 -0.051862 0
0 33 0 1
33
0.181288 -0.056159 0
0 34 0 1
34
0.232087 -0.058863 0
0 35 0 1
35
0.28711 -0.059971 0
0 36 0 1
36
0.345492 -0.059557 0
0 37 0 1
37
0.406309 -0.057755 0
0 38 0 1
38
0.468605 -0.054749 0
0 39 0 1
39
0.531395 -0.050754 0
0 40 0 1
40
0.593691 -0.045992 0
0 41 0 1
41
0.654508 -0.040686 0
0 42 0 1
42
0.71289 -0.035048 0
0 43 0 1
43
0.767913 -0.029279 0
0 44 0 1
44
0.818712 -0.023569 0
0 45 0 1
45
0.864484 -0.018106 0
0 46 0 1
46
0.904508 -0.013071 0
0 47 0 1
47
0.938153 -0.008643 0
0 48 0 1
48
0.964888 -0.00499 0
0 49 0 1
49
0.9842919999999999 -0.00226 0
0 50 0 1
50
0.996057 -0.000572 0
0 200 0 1
51
0 4 0
0 201 0 1
52
0 -4 0
0 202 0 1
53
-2.7 0 0
0 210 0 1
54
6 4 0
0 211 0 1
55
6 -4 0
0 212 0 1
56
6 0 0
0 230 0 1
57
6 12 0
0 231 0 1
58
6 -12 0
1 1 0 0
1 2 0 0
1 3 0 0
1 4 0 0
1 5 0 0
1 6 0 0
1 7 0 0
1 8 0 0
1 9 0 0
1 10 0 0
1 11 0 0
1 12 0 0
1 13 0 0
1 14 0 0
1 15 0 0
1 16 0 0
1 17 0 0
1 18 0 0
1 19 0 0
1 20 0 0
1 21 0 0
1 22 0 0
1 23 0 0
1 24 0 0
1 25 0 0
1 26 0 0
1 27 0 0
1 28 0 0
1 29 0 0
1 30 0 0
1 31 0 0
1 32 0 0
1 33 0 0
1 34 0 0
1 35 0 0
1 36 0 0
1 37 0 0
1 38 0 0
1 39 0 0
1 40 0 0
1 41 0 0
1 42 0 0
1 43 0 0
1 44 0 0
1 45 0 0
1 46 0 0
1 47 0 0
1 48 0 0
1 49 0 0
1 50 0 0
1 200 0 23
59
60
61
62
63
64
65
66
67
68
69
70
71
72
73
74
75
76
77
78
79
80
81
-0.0606714327371955 0 0
-0.124376436190966 0 0
-0.1912666895306894 0 0
-0.2615014564065642 0 0
-0.3352479615722201 0 0
-0.4126817915811814 0 0
-0.4939873130965491 0 0
-0.5793581110569952 0 0
-0.6689974494504423 0 0
-0.7631187542998876 0 0
-0.8619461237037497 0 0
-0.9657148611448645 0 0
-1.074672035709908 0 0
-1.18907706982218 0 0
-1.309202355383648 0 0
-1.435333905033043 0 0
-1.567772032384523 0 0
-1.706832065489932 0 0
-1.852845100803519 0 0
-2.006158787962939 0 0
-2.16713815881096 0 0
-2.336166498365237 0 0
-2.513646255373196 0 0
1 201 0 23
82
83
84
85
86
87
88
89
90
91
92
93
94
95
96
97
98
99
100
101
102
103
104
0.01601862278850342 3.727983097024762 0
0.03127445403458089 3.468919379584009 0
0.04580381708713537 3.22219203030182 0
0.05964130569523164 2.987213602641302 0
0.07281986632915119 2.76342462298676 0
0.08537087645013308 2.550292261522411 0
0.09732421937724667 2.347309060896199 0
0.108708355548532 2.153991726113592 0
0.1195503899794472 1.969879979006025 0
0.1298761370721577 1.794535457685469 0
0.139710181943336 1.627540675119187 0
0.1490759388964579 1.468498026194619 0
0.1579957074026235 1.317028837092757 0
0.1664907250629813 1.172772465917767 0
0.1745812181291789 1.035385444794505 0
0.1822864496587452 0.9045406621279168 0
0.1896247653573888 0.7799265841416227 0
0.1966136374211074 0.6612465103822656 0
0.2032697060527262 0.54821786871508 0
0.2096088190691809 0.4405715427410644 0
0.2156460695654663 0.3380512322145006 0
0.2213958318717316 0.2404128424450285 0
0.2268717959964064 0.1474238994088881 0
1 202 0 23
105
106
107
108
109
110
111
112
113
114
115
116
117
118
119
120
121
122
123
124
125
126
127
0.01601862278850342 -3.727983097024762 0
0.03127445403458089 -3.468919379584009 0
0.04580381708713537 -3.22219203030182 0
0.05964130569523164 -2.987213602641302 0
0.07281986632915119 -2.76342462298676 0
0.08537087645013308 -2.550292261522411 0
0.09732421937724667 -2.347309060896199 0
0.108708355548532 -2.153991726113592 0
0.1195503899794472 -1.969879979006025 0
0.1298761370721577 -1.794535457685469 0
0.139710181943336 -1.627540675119187 0
0.1490759388964579 -1.468498026194619 0
0.1579957074026235 -1.317028837092757 0
0.1664907250629813 -1.172772465917767 0
0.1745812181291789 -1.035385444794505 0
0.1822864496587452 -0.9045406621279168 0
0.1896247653573888 -0.7799265841416227 0
0.1966136374211074 -0.6612465103822656 0
0.2032697060527262 -0.54821786871508 0
0.2096088190691809 -0.4405715427410644 0
0.2156460695654663 -0.3380512322145006 0
0.2213958318717316 -0.2404128424450285 0
0.2268717959964064 -0.1474238994088881 0
1 203 0 7
128
129
130
131
132
133
134
-0.6449924687196451 3.854618986651273 0
-1.225486118950766 3.537206193818573 0
-1.712645137241078 3.088769068716429 0
-2.098140940109092 2.549928220720596 0
-2.384289640502264 1.952083230205084 0
-2.57664406094757 1.317649583232451 0
-2.680563645923961 0.6628017788876938 0
1 204 0 7
135
136
137
138
139
140
141
-2.660084791604626 -0.65360679566683 0
-2.539528153591961 -1.29720747463501 0
-2.335952336734872 -1.919481448148381 0
-2.045679873218256 -2.506211697509624 0
-1.664596184437218 -3.038211368225591 0
-1.190525566897918 -3.488852482451403 0
-0.6286049472612243 -3.822713816618453 0
1 210 0 68
142
143
144
145
146
147
148
149
150
151
152
153
154
155
156
157
158
159
160
161
162
163
164
165
166
167
168
169
170
171
172
173
174
175
176
177
178
179
180
181
182
183
184
185
186
187
188
189
190
191
192
193
194
195
196
197
198
199
200
201
202
203
204
205
206
207
208
209
1.072463768115887 0 0
1.144927536231829 0 0
1.217391304347562 0 0
1.289855072463373 0 0
1.362318840579346 0 0
1.434782608695319 0 0
1.507246376811293 0 0
1.579710144927266 0 0
1.652173913043105 0 0
1.72463768115877 0 0
1.797101449274422 0 0
1.869565217390074 0 0
1.942028985505725 0 0
2.014492753621461 0 0
2.086956521737432 0 0
2.159420289853405 0 0
2.231884057969379 0 0
2.304347826085352 0 0
2.376811594201325 0 0
2.449275362317298 0 0
2.521739130433271 0 0
2.594202898549244 0 0
2.666666666665217 0 0
2.739130434781191 0 0
2.811594202897164 0 0
2.884057971013137 0 0
2.95652173912911 0 0
3.028985507245083 0 0
3.101449275361057 0 0
3.17391304347703 0 0
3.246376811593003 0 0
3.318840579708976 0 0
3.391304347824949 0 0
3.463768115940922 0 0
3.536231884056896 0 0
3.608695652172869 0 0
3.681159420288843 0 0
3.753623188404816 0 0
3.82608695652079 0 0
3.898550724636764 0 0
3.971014492752738 0 0
4.043478260868711 0 0
4.115942028984685 0 0
4.188405797100659 0 0
4.260869565216632 0 0
4.333333333332606 0 0
4.40579710144858 0 0
4.478260869564553 0 0
4.550724637680527 0 0
4.6231884057965 0 0
4.695652173912475 0 0
4.768115942028448 0 0
4.840579710144421 0 0
4.913043478260395 0 0
4.985507246376369 0 0
5.057971014492343 0 0
5.130434782608317 0 0
5.20289855072429 0 0
5.275362318840264 0 0
5.347826086956237 0 0
5.420289855072211 0 0
5.492753623188184 0 0
5.565217391304158 0 0
5.637681159420132 0 0
5.710144927536105 0 0
5.782608695652079 0 0
5.855072463768053 0 0
5.927536231884027 0 0
1 211 0 23
210
211
212
213
214
215
216
217
218
219
220
221
222
223
224
225
226
227
228
229
230
231
232
6 3.723920378330727 0
6 3.46098740498634 0
6 3.210575050093922 0
6 2.97208709328407 0
6 2.744955704902008 0
6 2.528640097031975 0
6 2.32262523317385 0
6 2.126420600062168 0
6 1.9395590450264 0
6 1.761595659007769 0
6 1.59210671958077 0
6 1.430688683186753 0
6 1.276957220309824 0
6 1.130546302673315 0
6 0.9911073325249222 0
6 0.8583083126817548 0
6 0.7318330564431434 0
6 0.6113804319751348 0
6 0.4966636467759491 0
6 0.3874095650485296 0
6 0.2833580585652937 0
6 0.1842613869504071 0
6 0.08988360405549045 0
1 212 0 23
233
234
235
236
237
238
239
240
241
242
243
244
245
246
247
248
249
250
251
252
253
254
255
6 -3.723920378330727 0
6 -3.46098740498634 0
6 -3.210575050093922 0
6 -2.97208709328407 0
6 -2.744955704902008 0
6 -2.528640097031975 0
6 -2.32262523317385 0
6 -2.126420600062168 0
6 -1.9395590450264 0
6 -1.761595659007769 0
6 -1.59210671958077 0
6 -1.430688683186753 0
6 -1.276957220309824 0
6 -1.130546302673315 0
6 -0.9911073325249222 0
6 -0.8583083126817548 0
6 -0.7318330564431434 0
6 -0.6113804319751348 0
6 -0.4966636467759491 0
6 -0.3874095650485296 0
6 -0.2833580585652937 0
6 -0.1842613869504071 0
6 -0.08988360405549045 0
1 220 0 85
256
257
258
259
260
261
262
263
264
265
266
267
268
269
270
271
272
273
274
275
276
277
278
279
280
281
282
283
284
285
286
287
288
289
290
291
292
293
294
295
296
297
298
299
300
301
302
303
304
305
306
307
308
309
310
311
312
313
314
315
316
317
318
319
320
321
322
323
324
325
326
327
328
329
330
331
332
333
334
335
336
337
338
339
340
0.06976744186015749 4 0
0.1395348837203106 4 0
0.2093023255804623 4 0
0.279069767440614 4 0
0.3488372093007706 4 0
0.4186046511609586 4 0
0.488372093021174 4 0
0.5581395348813902 4 0
0.6279069767416066 4 0
0.6976744186018228 4 0
0.7674418604619931 4 0
0.837209302322094 4 0
0.9069767441821812 4 0
0.9767441860422683 4 0
1.046511627902427 4 0
1.116279069762643 4 0
1.18604651162286 4 0
1.255813953483076 4 0
1.325581395343292 4 0
1.395348837203509 4 0
1.465116279063725 4 0
1.534883720923941 4 0
1.604651162784158 4 0
1.674418604644374 4 0
1.744186046504591 4 0
1.813953488364807 4 0
1.883720930225023 4 0
1.953488372085239 4 0
2.023255813945456 4 0
2.093023255805672 4 0
2.162790697665889 4 0
2.232558139526105 4 0
2.302325581386321 4 0
2.372093023246538 4 0
2.441860465106754 4 0
2.511627906966971 4 0
2.581395348827187 4 0
2.651162790687403 4 0
2.720930232547619 4 0
2.790697674407836 4 0
2.860465116268052 4 0
2.930232558128268 4 0
2.999999999988572 4 0
3.069767441849218 4 0
3.139534883709951 4 0
3.209302325570684 4 0
3.279069767431417 4 0
3.348837209292149 4 0
3.418604651152883 4 0
3.488372093013616 4 0
3.558139534874349 4 0
3.627906976735082 4 0
3.697674418595815 4 0
3.767441860456547 4 0
3.837209302317279 4 0
3.906976744178013 4 0
3.976744186038745 4 0
4.046511627899479 4 0
4.116279069760211 4 0
4.186046511620945 4 0
4.255813953481677 4 0
4.32558139534241 4 0
4.395348837203143 4 0
4.465116279063876 4 0
4.53488372092461 4 0
4.604651162785342 4 0
4.674418604646075 4 0
4.744186046506808 4 0
4.813953488367541 4 0
4.883720930228273 4 0
4.953488372089007 4 0
5.023255813949739 4 0
5.093023255810473 4 0
5.162790697671205 4 0
5.232558139531938 4 0
5.302325581392671 4 0
5.372093023253403 4 0
5.441860465114137 4 0
5.511627906974869 4 0
5.581395348835603 4 0
5.651162790696335 4 0
5.720930232557069 4 0
5.790697674417801 4 0
5.860465116278534 4 0
5.930232558139267 4 0
1 221 0 85
341
342
343
344
345
346
347
348
349
350
351
352
353
354
355
356
357
358
359
360
361
362
363
364
365
366
367
368
369
370
371
372
373
374
375
376
377
378
379
380
381
382
383
384
385
386
387
388
389
390
391
392
393
394
395
396
397
398
399
400
401
402
403
404
405
406
407
408
409
410
411
412
413
414
415
416
417
418
419
420
421
422
423
424
425
0.06976744186015749 -4 0
0.1395348837203106 -4 0
0.2093023255804623 -4 0
0.279069767440614 -4 0
0.3488372093007706 -4 0
0.4186046511609586 -4 0
0.488372093021174 -4 0
0.5581395348813902 -4 0
0.6279069767416066 -4 0
0.6976744186018228 -4 0
0.7674418604619931 -4 0
0.837209302322094 -4 0
0.9069767441821812 -4 0
0.9767441860422683 -4 0
1.046511627902427 -4 0
1.116279069762643 -4 0
1.18604651162286 -4 0
1.255813953483076 -4 0
1.325581395343292 -4 0
1.395348837203509 -4 0
1.465116279063725 -4 0
1.534883720923941 -4 0
1.604651162784158 -4 0
1.674418604644374 -4 0
1.744186046504591 -4 0
1.813953488364807 -4 0
1.883720930225023 -4 0
1.953488372085239 -4 0
2.023255813945456 -4 0
2.093023255805672 -4 0
2.162790697665889 -4 0
2.232558139526105 -4 0
2.302325581386321 -4 0
2.372093023246538 -4 0
2.441860465106754 -4 0
2.511627906966971 -4 0
2.581395348827187 -4 0
2.651162790687403 -4 0
2.720930232547619 -4 0
2.790697674407836 -4 0
2.860465116268052 -4 0
2.930232558128268 -4 0
2.999999999988572 -4 0
3.069767441849218 -4 0
3.139534883709951 -4 0
3.209302325570684 -4 0
3.279069767431417 -4 0
3.348837209292149 -4 0
3.418604651152883 -4 0
3.488372093013616 -4 0
3.558139534874349 -4 0
3.627906976735082 -4 0
3.697674418595815 -4 0
3.767441860456547 -4 0
3.837209302317279 -4 0
3.906976744178013 -4 0
3.976744186038745 -4 0
4.046511627899479 -4 0
4.116279069760211 -4 0
4.186046511620945 -4 0
4.255813953481677 -4 0
4.32558139534241 -4 0
4.395348837203143 -4 0
4.465116279063876 -4 0
4.53488372092461 -4 0
4.604651162785342 -4 0
4.674418604646075 -4 0
4.744186046506808 -4 0
4.813953488367541 -4 0
4.883720930228273 -4 0
4.953488372089007 -4 0
5.023255813949739 -4 0
5.093023255810473 -4 0
5.162790697671205 -4 0
5.232558139531938 -4 0
5.302325581392671 -4 0
5.372093023253403 -4 0
5.441860465114137 -4 0
5.511627906974869 -4 0
5.581395348835603 -4 0
5.651162790696335 -4 0
5.720930232557069 -4 0
5.790697674417801 -4 0
5.860465116278534 -4 0
5.930232558139267 -4 0
1 230 0 48
426
427
428
429
430
431
432
433
434
435
436
437
438
439
440
441
442
443
444
445
446
447
448
449
450
451
452
453
454
455
456
457
458
459
460
461
462
463
464
465
466
467
468
469
470
471
472
473
6 4.040317164820893 0
6 4.082650187896393 0
6 4.127099861929382 0
6 4.173772017641332 0
6 4.222777779734097 0
6 4.274233829292399 0
6 4.32826268276553 0
6 4.384992979294403 0
6 4.444559790076883 0
6 4.507104942606954 0
6 4.572777352302431 0
6 4.64173338306705 0
6 4.714137213802831 0
6 4.790161236210847 0
6 4.869986460521144 0
6 4.953802946474596 0
6 5.041810257968368 0
6 5.134217933854632 0
6 5.23124599379908 0
6 5.333125457395792 0
6 5.440098894667059 0
6 5.552421001212759 0
6 5.670359211945305 0
6 5.794194335354216 0
6 5.924221214396327 0
6 6.060749435110981 0
6 6.204104068492716 0
6 6.354626433330059 0
6 6.512674915988227 0
6 6.678625825505913 0
6 6.85287428056693 0
6 7.035835158724741 0
6 7.227944078701183 0
6 7.429658442397745 0
6 7.641458526346542 0
6 7.863848614243277 0
6 8.097358205895787 0
6 8.342543276812671 0
6 8.599987601086614 0
6 8.870304141681324 0
6 9.154136509120157 0
6 9.452160494590672 0
6 9.765085679544409 0
6 10.09365712605218 0
6 10.43865714473383 0
6 10.80090716227876 0
6 11.18126967903541 0
6 11.58065032376266 0
1 231 0 48
474
475
476
477
478
479
480
481
482
483
484
485
486
487
488
489
490
491
492
493
494
495
496
497
498
499
500
501
502
503
504
505
506
507
508
509
510
511
512
513
514
515
516
517
518
519
520
521
6 -4.040317164820893 0
6 -4.082650187896393 0
6 -4.127099861929382 0
6 -4.173772017641332 0
6 -4.222777779734097 0
6 -4.274233829292399 0
6 -4.32826268276553 0
6 -4.384992979294403 0
6 -4.444559790076883 0
6 -4.507104942606954 0
6 -4.572777352302431 0
6 -4.64173338306705 0
6 -4.714137213802831 0
6 -4.790161236210847 0
6 -4.869986460521144 0
6 -4.953802946474596 0
6 -5.041810257968368 0
6 -5.134217933854632 0
6 -5.23124599379908 0
6 -5.333125457395792 0
6 -5.440098894667059 0
6 -5.552421001212759 0
6 -5.670359211945305 0
6 -5.794194335354216 0
6 -5.924221214396327 0
6 -6.060749435110981 0
6 -6.204104068492716 0
6 -6.354626433330059 0
6 -6.512674915988227 0
6 -6.678625825505913 0
6 -6.85287428056693 0
6 -7.035835158724741 0
6 -7.227944078701183 0
6 -7.429658442397745 0
6 -7.641458526346542 0
6 -7.863848614243277 0
6 -8.097358205895787 0
6 -8.342543276812671 0
6 -8.599987601086614 0
6 -8.870304141681324 0
6 -9.154136509120157 0
6 -9.452160494590672 0
6 -9.765085679544409 0
6 -10.09365712605218 0
6 -10.43865714473383 0
6 -10.80090716227876 0
6 -11.18126967903541 0
6 -11.58065032376266 0
1 232 0 55
522
523
524
525
526
527
528
529
530
531
532
533
534
535
536
537
538
539
540
541
542
543
544
545
546
547
548
549
550
551
552
553
554
555
556
557
558
559
560
561
562
563
564
565
566
567
568
569
570
571
572
573
574
575
576
0.02088058738454687 4.027840783179395 0
0.04280520207505969 4.057073602766747 0
0.06582604852833689 4.087768064704449 0
0.08999793916351295 4.119997252218017 0
0.1153784241183426 4.153837898824457 0
0.1420279324331027 4.18937057657747 0
0.1700099158637899 4.226679887818387 0
0.1993909985328252 4.265854664710433 0
0.2302411348221404 4.306988179762854 0
0.2626337768528301 4.350178369137107 0
0.2966460518917721 4.395528069189029 0
0.3323589424306544 4.443145256574206 0
0.3698574772602494 4.493143303013666 0
0.4092309381580632 4.545641250877417 0
0.450573071252093 4.60076409500279 0
0.4939823111182674 4.658643081491023 0
0.5395620139951353 4.71941601866018 0
0.5874207013613805 4.783227601815174 0
0.6376723213184212 4.850229761757895 0
0.6904365233017431 4.920582031068991 0
0.7458389356735942 4.994451914231459 0
0.8040114692954492 5.072015292393933 0
0.8650926293578367 5.153456839143782 0
0.9292278463103887 5.238970461747185 0
0.9965698253214281 5.328759767095238 0
1.067278903137041 5.423038537516055 0
1.141523434074079 5.522031245432105 0
1.219480193019492 5.625973590692656 0
1.301334789066402 5.735113052088536 0
1.387282114363044 5.849709485817392 0
1.477526806749891 5.970035742333188 0
1.572283733881295 6.096378311841727 0
1.671778508636213 6.229038011514952 0
1.776248021492943 6.368330695323924 0
1.885941010440744 6.514588013920992 0
2.001118646843787 6.668158195791716 0
2.122055163312633 6.829406884416844 0
2.249038507162211 6.998718009549615 0
2.382371019468701 7.176494692624935 0
2.522370156777389 7.363160209036518 0
2.669369250629383 7.559159000839177 0
2.823718298966568 7.764957731955425 0
2.985784799704551 7.981046399606068 0
3.155954626362488 8.20793950181665 0
3.334632943115898 8.446177257487864 0
3.522245174391258 8.696326899188344 0
3.719238019518007 8.958984026024009 0
3.926080506015778 9.234774008021038 0
4.143265116453863 9.524353488605151 0
4.371308959708227 9.828411946277635 0
4.610754994203438 10.14767332560458 0
4.862173328415677 10.4828977712209 0
5.126162579867863 10.83488343982382 0
5.403351294159533 11.20446839221271 0
5.694399443513767 11.59253259135169 0
1 233 0 55
577
578
579
580
581
582
583
584
585
586
587
588
589
590
591
592
593
594
595
596
597
598
599
600
601
602
603
604
605
606
607
608
609
610
611
612
613
614
615
616
617
618
619
620
621
622
623
624
625
626
627
628
629
630
631
0.02088058738454687 -4.027840783179395 0
0.04280520207505969 -4.057073602766747 0
0.06582604852833689 -4.087768064704449 0
0.08999793916351295 -4.119997252218017 0
0.1153784241183426 -4.153837898824457 0
0.1420279324331027 -4.18937057657747 0
0.1700099158637899 -4.226679887818387 0
0.1993909985328252 -4.265854664710433 0
0.2302411348221404 -4.306988179762854 0
0.2626337768528301 -4.350178369137107 0
0.2966460518917721 -4.395528069189029 0
0.3323589424306544 -4.443145256574206 0
0.3698574772602494 -4.493143303013666 0
0.4092309381580632 -4.545641250877417 0
0.450573071252093 -4.60076409500279 0
0.4939823111182674 -4.658643081491023 0
0.5395620139951353 -4.71941601866018 0
0.5874207013613805 -4.783227601815174 0
0.6376723213184212 -4.850229761757895 0
0.6904365233017431 -4.920582031068991 0
0.7458389356735942 -4.994451914231459 0
0.8040114692954492 -5.072015292393933 0
0.8650926293578367 -5.153456839143782 0
0.9292278463103887 -5.238970461747185 0
0.9965698253214281 -5.328759767095238 0
1.067278903137041 -5.423038537516055 0
1.141523434074079 -5.522031245432105 0
1.219480193019492 -5.625973590692656 0
1.301334789066402 -5.735113052088536 0
1.387282114363044 -5.849709485817392 0
1.477526806749891 -5.970035742333188 0
1.572283733881295 -6.096378311841727 0
1.671778508636213 -6.229038011514952 0
1.776248021492943 -6.368330695323924 0
1.885941010440744 -6.514588013920992 0
2.001118646843787 -6.668158195791716 0
2.122055163312633 -6.829406884416844 0
2.249038507162211 -6.998718009549615 0
2.382371019468701 -7.176494692624935 0
2.522370156777389 -7.363160209036518 0
2.669369250629383 -7.559159000839177 0
2.823718298966568 -7.764957731955425 0
2.985784799704551 -7.981046399606068 0
3.155954626362488 -8.20793950181665 0
3.334632943115898 -8.446177257487864 0
3.522245174391258 -8.696326899188344 0
3.719238019518007 -8.958984026024009 0
3.926080506015778 -9.234774008021038 0
4.143265116453863 -9.524353488605151 0
4.371308959708227 -9.828411946277635 0
4.610754994203438 -10.14767332560458 0
4.862173328415677 -10.4828977712209 0
5.126162579867863 -10.83488343982382 0
5.403351294159533 -11.20446839221271 0
5.694399443513767 -11.59253259135169 0
2 1 0 161
632
633
634
635
636
637
638
639
640
641
642
643
644
645
646
647
648
649
650
651
652
653
654
655
656
657
658
659
660
661
662
663
664
665
666
667
668
669
670
671
672
673
674
675
676
677
678
679
680
681
682
683
684
685
686
687
688
689
690
691
692
693
694
695
696
697
698
699
700
701
702
703
704
705
706
707
708
709
710
711
712
713
714
715
716
717
718
719
720
721
722
723
724
725
726
727
728
729
730
731
732
733
734
735
736
737
738
739
740
741
742
743
744
745
746
747
748
749
750
751
752
753
754
755
756
757
758
759
760
761
762
763
764
765
766
767
768
769
770
771
772
773
774
775
776
777
778
779
780
781
782
783
784
785
786
787
788
789
790
791
792
-2.495279251130158 0.6178064754492106 0
-2.39772016689267 1.228161025390446 0
-2.217302768108429 1.819453873868013 0
-1.949058776780377 2.37661446061096 0
-1.587847683047328 2.878760817363273 0
-1.131549881428172 3.296648067215616 0
-0.5879626689205657 3.59244963764248 0
-2.318817922535869 0.5749538054546137 0
-2.227316458057261 1.142933827339903 0
-2.058267651345313 1.693140201009276 0
-1.807075763909997 2.211553736492167 0
-1.468992964619941 2.678752958683474 0
-1.042086797962209 3.06754508921419 0
-0.5336485738063749 3.342764543038535 0
-2.150759514801517 0.5341417389025003 0
-2.06502721198255 1.061765067509361 0
-1.906805635786599 1.572841465275824 0
-1.671853847253191 2.054353047276636 0
-1.355797994992623 2.488269284260969 0
-0.9568838615564224 2.849351777416793 0
-0.4819208643125091 3.104969215481756 0
-1.990703888542981 0.4952731041285677 0
-1.910466025394516 0.9844614867931567 0
-1.762556097299029 1.458271240878618 0
-1.543071069609577 1.904638105311446 0
-1.247993262118665 2.30685626117694 0
-0.8757382079152276 2.641548623525059 0
-0.4326563791279656 2.87849747517056 0
-1.838269958139124 0.458255356570943 0
-1.763264894698621 0.9108390286621586 0
-1.625175583882515 1.349156740999129 0
-1.420420804677135 1.762052445704267 0
-1.145322087526112 2.134081952759665 0
-0.798456632697542 2.443640857091209 0
-0.3857378216142881 2.662810102549037 0
-1.693094786401826 0.4230003589154432 0
-1.623073341728205 0.8407224019073833 0
-1.494336999744714 1.24523816973965 0
-1.303611028612066 1.626256579482698 0
-1.047540016536704 1.969534992448271 0
-0.7248551325286994 2.255157270109875 0
-0.3410534811484308 2.457393557302581 0
-1.554832718604135 0.389424170799219 0
-1.489557577500038 0.7739446623937298 0
-1.369728824847204 1.146268102248148 0
-1.19236362325704 1.496927183570802 0
-0.9544142349946384 1.81282360226877 0
-0.6547584659666378 2.075649092711967 0
-0.2984969665801703 2.261758753046552 0
-1.423154558215748 0.3574468486426857 0
-1.362399706245439 0.7103468149572804 0
-1.251054372040198 1.052010894697529 0
-1.086413712927599 1.373756329777958 0
-0.8657230140870331 1.663574658582202 0
-0.5879997356129607 1.904688923007322 0
-0.2579669525268029 2.075439891028322 0
-1.297746786625199 0.3269922561630277 0
-1.241296971917992 0.6497774365465614 0
-1.138031083839893 0.9622421257501819 0
-0.9855090365905813 1.256450754931177 0
-0.7812551847911736 1.521432807687232 0
-0.5244199925243109 1.741869714034083 0
-0.2193669392065716 1.897993356066315 0
-1.178310813501697 0.297987882328947 0
-1.125961034289284 0.5920923141632662 0
-1.030389856820026 0.8767480599565454 0
-0.8894093446959866 1.144731159669779 0
-0.7008096329593743 1.386059616153622 0
-0.4638678561579572 1.586803800491318 0
-0.1826050217031829 1.728996655846441 0
-1.064562267426996 0.2703646690947022 0
-1.016117283932256 0.5371541022524507 0
-0.9278744022965908 0.7953251399793814 0
-0.7978858284105625 1.038331544908131 0
-0.6241948215274843 1.257132766798954 0
-0.406199154733597 1.439121977754592 0
-0.1475936716252428 1.568047417198457 0
-0.9562303195599271 0.2440568471551827 0
-0.9115041891030177 0.4848319960452849 0
-0.8302406367827181 0.7177795024610252 0
-0.7107205754293808 0.9369985791938884 0
-0.551228334971835 1.134345292102092 0
-0.351276582341664 1.298472623774115 0
-0.1142495289325715 1.414762429107239 0
-0.8530570361155052 0.2190017786992677 0
-0.8118726704483402 0.4350014188203072 0
-0.7372560984130221 0.6439265145190113 0
-0.6277060489725326 0.8404909930224425 0
-0.4817364431747104 1.017404840280142 0
-0.2989693706607352 1.164520858388042 0
-0.08249320263200516 1.268776726500657 0
-0.754796765758482 0.1951398086417083 0
-0.7169855094289596 0.387543726027111 0
-0.6486993948343232 0.5735903352331959 0
-0.5486445948742582 0.7485790058090653 0
-0.4155536888060956 0.9060329809374852 0
-0.249152978375827 1.03694774796435 0
-0.05224908221957503 1.129742723438193 0
-0.6612155552431154 0.17241412271437 0
-0.6266167840194243 0.3423459230522215 0
-0.5643596765531242 0.5066034973517183 0
-0.4733479713992791 0.6610437792820737 0
-0.3525224937304717 0.799964542729755 0
-0.2017087949170163 0.9154495467148647 0
-0.02344515781671354 0.9973293862662566 0
-0.5720905924084754 0.1507706122007805 0
-0.5405513308244634 0.2993003961974575 0
-0.4840361349372507 0.4428065085789494 0
-0.4016369010698549 0.5776768964648089 0
-0.2924927838389325 0.6989469820343776 0
-0.1565238580669992 0.7997369735263933 0
0.003987151273519354 0.8712214454813979 0
-0.4872096759296874 0.1301577451680124 0
-0.4585842330327453 0.2583046565804679 0
-0.4075375243310763 0.3820474720151541 0
-0.333340644020871 0.4982798656841674 0
-0.2353216319024909 0.6027397819463447 0
-0.1134905851333438 0.6895345235284724 0
0.03011315977495362 0.7511186454507737 0
-0.4063707082043518 0.1105264433169521 0
-0.3805203307116576 0.2192610952093489 0
-0.3346817050213073 0.3241817231570581 0
-0.2682965899698697 0.4226636462201344 0
-0.180872916008076 0.5111138774968975 0
-0.07250651585000277 0.5845798096986843 0
0.05499507252583377 0.6367350268687135 0
-0.3293812151382514 0.09182996536494763 0
-0.3061737570779851 0.1820767510491357 0
-0.2652952104456727 0.2690714861534343 0
-0.206349871830613 0.3506481991168723 0
-0.1290169961124477 0.4238511113610394 0
-0.03347406891636098 0.4846229393920162 0
0.07869213228683 0.5277982472748366 0
-0.2560578880156927 0.0740237957914513 0
-0.2353674960950448 0.1466630897544416 0
-0.1992128343052329 0.2165855458687896 0
-0.1473529970961271 0.2820620586510779 0
-0.07963040547101563 0.3407437145959292 0
0.003699690267255487 0.3894259195423201 0
0.1012607607515659 0.42404893282008 0
-0.1862261478478231 0.05706553904236282 0
-0.1679329617761853 0.1129357932585924 0
-0.1362772379349061 0.1665989360372647 0
-0.09116549730784108 0.2167419248262707 0
-0.03259555720662717 0.2615938128568782 0
0.03910327046806211 0.2987620910476075 0
0.1227546926384884 0.3252400618383888 0
-0.1197197294633507 0.04091481852880068 0
-0.10370959655299 0.08081455889812164 0
-0.07633857546681098 0.1189926415487207 0
-0.03765359340977545 0.1545322743343556 0
0.01219953582416983 0.1862129549905729 0
0.07282096548015024 0.2124155887877927 0
0.1432251037060503 0.2311363763536301 0
-0.05638028311138929 0.0255331798785294 0
-0.04254448655442532 0.05022290699512762 0
-0.01925413477631214 0.07365331327006706 0
0.01331012480683791 0.09528498789764349 0
0.05486152936970251 0.1144216614768686 0
0.1049330561054991 0.1301808243783668 0
0.1627207333777697 0.141513818364976 0
2 2 0 161
793
794
795
796
797
798
799
800
801
802
803
804
805
806
807
808
809
810
811
812
813
814
815
816
817
818
819
820
821
822
823
824
825
826
827
828
829
830
831
832
833
834
835
836
837
838
839
840
841
842
843
844
845
846
847
848
849
850
851
852
853
854
855
856
857
858
859
860
861
862
863
864
865
866
867
868
869
870
871
872
873
874
875
876
877
878
879
880
881
882
883
884
885
886
887
888
889
890
891
892
893
894
895
896
897
898
899
900
901
902
903
904
905
906
907
908
909
910
911
912
913
914
915
916
917
918
919
920
921
922
923
924
925
926
927
928
929
930
931
932
933
934
935
936
937
938
939
940
941
942
943
944
945
946
947
948
949
950
951
952
953
-2.476213845398993 -0.6092461291005625 0
-2.301098658318919 -0.566997875175493 0
-2.134322290118479 -0.5267614429737671 0
-1.975487653891057 -0.4884410313901493 0
-1.824216571140714 -0.4519454011588043 0
-1.680148873358565 -0.4171876580995014 0
-1.542941542657021 -0.3840850457873861 0
-1.412267893793208 -0.3525587482081843 0
-1.287816799843527 -0.322533702944322 0
-1.169291948284134 -0.2939384216973314 0
-1.056411137034244 -0.2667048204516235 0
-0.9489056032801284 -0.2407680575461491 0
-0.8465193808938416 -0.2160663786456507 0
-0.7490086925000748 -0.1925409700708445 0
-0.6561413695737321 -0.1701358188912174 0
-0.5676962996843686 -0.1487975795674276 0
-0.4834629002924556 -0.1284754469994004 0
-0.4032406155043335 -0.1091210351135623 0
-0.32683843952125 -0.09068826189032135 0
-0.2540744620045617 -0.07313323967889789 0
-0.1847754357474352 -0.05641417089386355 0
-0.1187763639383445 -0.04049124843848641 0
-0.0559201048031035 -0.02532656032074981 0
-2.363165995952216 -1.209129829194925 0
-2.195202036086648 -1.125246357243119 0
-2.035236360453176 -1.0453573365508 0
-1.882888098092752 -0.9692725550126755 0
-1.737794514289058 -0.8968108580084839 0
-1.599610148833971 -0.8277997180405654 0
-1.468005991756025 -0.7620748230818369 0
-1.342668698747765 -0.6994796847497403 0
-1.223299848461579 -0.639865267389205 0
-1.109615228969903 -0.5830896317217461 0
-1.001344162556261 -0.5290175976373844 0
-0.8982288619480968 -0.4775204226876028 0
-0.8000238139768591 -0.4284754942773654 0
-0.7064951964711839 -0.3817660384537099 0
-0.6174203220360909 -0.3372808421214399 0
-0.5325871078704782 -0.2949139882629899 0
-0.451793571052087 -0.2545646038767272 0
-0.3748473458436196 -0.2161366189131617 0
-0.3015652266028394 -0.1795385379981941 0
-0.2317727317138002 -0.1446832226543446 0
-0.1653036889136492 -0.1114876842073085 0
-0.1019998394111783 -0.07987288607753559 0
-0.04171045867420005 -0.04976355439632114 0
-2.17230170047518 -1.789102263725293 0
-2.016443951462812 -1.664931611739675 0
-1.868008000420507 -1.546673848260867 0
-1.726640428136251 -1.434047406961439 0
-1.592004644448589 -1.326784129087529 0
-1.463780088622613 -1.224628626403871 0
-1.341661464488847 -1.127337671835365 0
-1.225358012419674 -1.03467961945656 0
-1.114592820156426 -0.9464338554322288 0
-1.009102160698914 -0.8623902705198488 0
-0.908634865763043 -0.7823487609087336 0
-0.8129517284138392 -0.7061187523010058 0
-0.7218249311490577 -0.6335187442709799 0
-0.6350375048205154 -0.5643758791920359 0
-0.5523828125035786 -0.4985255310393014 0
-0.4736640575282406 -0.4358109134420952 0
-0.3986938151420256 -0.3760827065631597 0
-0.3272935846068743 -0.3191987002578263 0
-0.2592933650545826 -0.2650234561615266 0
-0.19453125084821 -0.2134279853171998 0
-0.1328530467969636 -0.1642894416199321 0
-0.074111900808412 -0.1174908291540195 0
-0.01816795200808108 -0.07292072185259739 0
-1.900218567764427 -2.335915247697173 0
-1.761683990969649 -2.17372815243641 0
-1.629746299137942 -2.019264252602142 0
-1.504091354658064 -1.872155776711823 0
-1.384419978465372 -1.732052465757697 0
-1.270447239293821 -1.598620741109228 0
-1.161901773827152 -1.471542908591761 0
-1.058525139593216 -1.350516400898309 0
-0.9600712023907173 -1.235253060428523 0
-0.8663055477706223 -1.125478450291012 0
-0.7770049241323221 -1.020931202317972 0
-0.6919567117522936 -0.9213623954373928 0
-0.6109584144347405 -0.8265349605322194 0
-0.533817178572377 -0.7362231173886341 0
-0.4603493343824269 -0.650211837605388 0
-0.3903799586187522 -0.5682963326464586 0
-0.3237424582891532 -0.4902815664845534 0
-0.2602781725354949 -0.4159817895088605 0
-0.1998359956316918 -0.345220097156306 0
-0.1422720173196011 -0.2778280088404405 0
-0.08744918079173886 -0.213645067540208 0
-0.03523695617323185 -0.1525184575344857 0
0.01448897224802022 -0.0943026382319022 0
-1.543115064421382 -2.831692604578419 0
-1.427418759500689 -2.635008067527493 0
-1.317231802728827 -2.447689461314475 0
-1.212291844000148 -2.269290788903231 0
-1.112349025747775 -2.099387290662448 0
-1.017165389366704 -1.937574435279616 0
-0.9265143074422564 -1.783466954546032 0
-0.8401799433237341 -1.636697924628421 0
-0.7579567395375714 -1.496917896366643 0
-0.6796489262896684 -1.363794059725189 0
-0.6050700563705951 -1.237009453129526 0
-0.5340425617180333 -1.116262209617111 0
-0.4663973288719618 -1.001264835109191 0
-0.4019732973212105 -0.8917435255971394 0
-0.3406170763695002 -0.7874375158117807 0
-0.2821825799371647 -0.6880984583840726 0
-0.2265306789051825 -0.5934898328271362 0
-0.1735288686278038 -0.5033863803054811 0
-0.1230509540816321 -0.4175735683864608 0
-0.07497674949433332 -0.3358470804066904 0
-0.02919179271098749 -0.2580123298927359 0
0.01441292749545164 -0.1838839969872136 0
0.05594123263197476 -0.1132855843936536 0
-1.099002303371342 -3.251631724433574 0
-1.011837290380629 -3.025707192707646 0
-0.9288229925168326 -2.810540972593081 0
-0.8497617565326578 -2.605620763158397 0
-0.7744653409965776 -2.41045865812363 0
-0.702754469094942 -2.224589986759101 0
-0.6344584008757842 -2.047572205177293 0
-0.5694145260943438 -1.878983841022257 0
-0.5074679787860732 -1.718423494473478 0
-0.4484712669748136 -1.56550887848107 0
-0.3922839222727516 -1.419875910558579 0
-0.3387721657967171 -1.281177846863405 0
-0.2878085883183001 -1.149084453173326 0
-0.2392718476601702 -1.023281220562726 0
-0.1930463800448721 -0.9034686172422066 0
-0.1490221249562982 -0.7893613754225629 0
-0.1070942632174196 -0.6806878124334484 0
-0.06716296649597904 -0.5771891814628912 0
-0.02913316009740655 -0.4786190567363407 0
0.007085703333408577 -0.3847427469700238 0
0.04157985900707152 -0.2953367376032602 0
0.07443143543259781 -0.2101881583076207 0
0.1057186512100665 -0.1290942729165852 0
-0.5727062126432259 -3.56274655942764 0
-0.5194693224647353 -3.315158695129141 0
-0.4687675224306906 -3.079360729762666 0
-0.4204800938736023 -2.854791239154681 0
-0.374492066485179 -2.640915532924701 0
-0.3306939451857676 -2.437224384240717 0
-0.2889814488680692 -2.243232814799868 0
-0.2492552617235459 -2.058478938326811 0
-0.2114207978390416 -1.88252286578631 0
-0.175387975037448 -1.714945653589064 0
-0.1410710008674609 -1.555348308298849 0
-0.1083881685585821 -1.403350837682004 0
-0.07726166166969579 -1.258591342191038 0
-0.04761736927089182 -1.120725155434032 0
-0.01938470964688989 -0.9894240242750378 0
0.007503537746511232 -0.8643753273172466 0
0.03311139225405539 -0.745281330925427 0
0.05749982501288904 -0.6318584777095015 0
0.08072690382911377 -0.5238367127499708 0
0.1028479313916691 -0.4209588408087849 0
0.1239155767047739 -0.3229799150787211 0
0.1439800005642002 -0.2296666536333504 0
0.1630889757503234 -0.14079688044734 0
2 5 0 1955
954
955
956
957
958
959
960
961
962
963
964
965
966
967
968
969
970
971
972
973
974
975
976
977
978
979
980
981
982
983
984
985
986
987
988
989
990
991
992
993
994
995
996
997
998
999
1000
1001
1002
1003
1004
1005
1006
1007
1008
1009
1010
1011
1012
1013
1014
1015
1016
1017
1018
1019
1020
1021
1022
1023
1024
1025
1026
1027
1028
1029
1030
1031
1032
1033
1034
1035
1036
1037
1038
1039
1040
1041
1042
1043
1044
1045
1046
1047
1048
1049
1050
1051
1052
1053
1054
1055
1056
1057
1058
1059
1060
1061
1062
1063
1064
1065
1066
1067
1068
1069
1070
1071
1072
1073
1074
1075
1076
1077
1078
1079
1080
1081
1082
1083
1084
1085
1086
1087
1088
1089
1090
1091
1092
1093
1094
1095
1096
1097
1098
1099
1100
1101
1102
1103
1104
1105
1106
1107
1108
1109
1110
1111
1112
1113
1114
1115
1116
1117
1118
1119
1120
1121
1122
1123
1124
1125
1126
1127
1128
1129
1130
1131
1132
1133
1134
1135
1136
1137
1138
1139
1140
1141
1142
1143
1144
1145
1146
1147
1148
1149
1150
1151
1152
1153
1154
1155
1156
1157
1158
1159
1160
1161
1162
1163
1164
1165
1166
1167
1168
1169
1170
1171
1172
1173
1174
1175
1176
1177
1178
1179
1180
1181
1182
1183
1184
1185
1186
1187
1188
1189
1190
1191
1192
1193
1194
1195
1196
1197
1198
1199
1200
1201
1202
1203
1204
1205
1206
1207
1208
1209
1210
1211
1212
1213
1214
1215
1216
1217
1218
1219
1220
1221
1222
1223
1224
1225
1226
1227
1228
1229
1230
1231
1232
1233
1234
1235
1236
1237
1238
1239
1240
1241
1242
1243
1244
1245
1246
1247
1248
1249
1250
1251
1252
1253
1254
1255
1256
1257
1258
1259
1260
1261
1262
1263
1264
1265
1266
1267
1268
1269
1270
1271
1272
1273
1274
1275
1276
1277
1278
1279
1280
1281
1282
1283
1284
1285
1286
1287
1288
1289
1290
1291
1292
1293
1294
1295
1296
1297
1298
1299
1300
1301
1302
1303
1304
1305
1306
1307
1308
1309
1310
1311
1312
1313
1314
1315
1316
1317
1318
1319
1320
1321
1322
1323
1324
1325
1326
1327
1328
1329
1330
1331
1332
1333
1334
1335
1336
1337
1338
1339
1340
1341
1342
1343
1344
1345
1346
1347
1348
1349
1350
1351
1352
1353
1354
1355
1356
1357
1358
1359
1360
1361
1362
1363
1364
1365
1366
1367
1368
1369
1370
1371
1372
1373
1374
1375
1376
1377
1378
1379
1380
1381
1382
1383
1384
1385
1386
1387
1388
1389
1390
1391
1392
1393
1394
1395
1396
1397
1398
1399
1400
1401
1402
1403
1404
1405
1406
1407
1408
1409
1410
1411
1412
1413
1414
1415
1416
1417
1418
1419
1420
1421
1422
1423
1424
1425
1426
1427
1428
1429
1430
1431
1432
1433
1434
1435
1436
1437
1438
1439
1440
1441
1442
1443
1444
1445
1446
1447
1448
1449
1450
1451
1452
1453
1454
1455
1456
1457
1458
1459
1460
1461
1462
1463
1464
1465
1466
1467
1468
1469
1470
1471
1472
1473
1474
1475
1476
1477
1478
1479
1480
1481
1482
1483
1484
1485
1486
1487
1488
1489
1490
1491
1492
1493
1494
1495
1496
1497
1498
1499
1500
1501
1502
1503
1504
1505
1506
1507
1508
1509
1510
1511
1512
1513
1514
1515
1516
1517
1518
1519
1520
1521
1522
1523
1524
1525
1526
1527
1528
1529
1530
1531
1532
1533
1534
1535
1536
1537
1538
1539
1540
1541
1542
1543
1544
1545
1546
1547
1548
1549
1550
1551
1552
1553
1554
1555
1556
1557
1558
1559
1560
1561
1562
1563
1564
1565
1566
1567
1568
1569
1570
1571
1572
1573
1574
1575
1576
1577
1578
1579
1580
1581
1582
1583
1584
1585
1586
1587
1588
1589
1590
1591
1592
1593
1594
1595
1596
1597
1598
1599
1600
1601
1602
1603
1604
1605
1606
1607
1608
1609
1610
1611
1612
1613
1614
1615
1616
1617
1618
1619
1620
1621
1622
1623
1624
1625
1626
1627
1628
1629
1630
1631
1632
1633
1634
1635
1636
1637
1638
1639
1640
1641
1642
1643
1644
1645
1646
1647
1648
1649
1650
1651
1652
1653
1654
1655
1656
1657
1658
1659
1660
1661
1662
1663
1664
1665
1666
1667
1668
1669
1670
1671
1672
1673
1674
1675
1676
1677
1678
1679
1680
1681
1682
1683
1684
1685
1686
1687
1688
1689
1690
1691
1692
1693
1694
1695
1696
1697
1698
1699
1700
1701
1702
1703
1704
1705
1706
1707
1708
1709
1710
1711
1712
1713
1714
1715
1716
1717
1718
1719
1720
1721
1722
1723
1724
1725
1726
1727
1728
1729
1730
1731
1732
1733
1734
1735
1736
1737
1738
1739
1740
1741
1742
1743
1744
1745
1746
1747
1748
1749
1750
1751
1752
1753
1754
1755
1756
1757
1758
1759
1760
1761
1762
1763
1764
1765
1766
1767
1768
1769
1770
1771
1772
1773
1774
1775
1776
1777
1778
1779
1780
1781
1782
1783
1784
1785
1786
1787
1788
1789
1790
1791
1792
1793
1794
1795
1796
1797
1798
1799
1800
1801
1802
1803
1804
1805
1806
1807
1808
1809
1810
1811
1812
1813
1814
1815
1816
1817
1818
1819
1820
1821
1822
1823
1824
1825
1826
1827
1828
1829
1830
1831
1832
1833
1834
1835
1836
1837
1838
1839
1840
1841
1842
1843
1844
1845
1846
1847
1848
1849
1850
1851
1852
1853
1854
1855
1856
1857
1858
1859
1860
1861
1862
1863
1864
1865
1866
1867
1868
1869
1870
1871
1872
1873
1874
1875
1876
1877
1878
1879
1880
1881
1882
1883
1884
1885
1886
1887
1888
1889
1890
1891
1892
1893
1894
1895
1896
1897
1898
1899
1900
1901
1902
1903
1904
1905
1906
1907
1908
1909
1910
1911
1912
1913
1914
1915
1916
1917
1918
1919
1920
1921
1922
1923
1924
1925
1926
1927
1928
1929
1930
1931
1932
1933
1934
1935
1936
1937
1938
1939
1940
1941
1942
1943
1944
1945
1946
1947
1948
1949
1950
1951
1952
1953
1954
1955
1956
1957
1958
1959
1960
1961
1962
1963
1964
1965
1966
1967
1968
1969
1970
1971
1972
1973
1974
1975
1976
1977
1978
1979
1980
1981
1982
1983
1984
1985
1986
1987
1988
1989
1990
1991
1992
1993
1994
1995
1996
1997
1998
1999
2000
2001
2002
2003
2004
2005
2006
2007
2008
2009
2010
2011
2012
2013
2014
2015
2016
2017
2018
2019
2020
2021
2022
2023
2024
2025
2026
2027
2028
2029
2030
2031
2032
2033
2034
2035
2036
2037
2038
2039
2040
2041
2042
2043
2044
2045
2046
2047
2048
2049
2050
2051
2052
2053
2054
2055
2056
2057
2058
2059
2060
2061
2062
2063
2064
2065
2066
2067
2068
2069
2070
2071
2072
2073
2074
2075
2076
2077
2078
2079
2080
2081
2082
2083
2084
2085
2086
2087
2088
2089
2090
2091
2092
2093
2094
2095
2096
2097
2098
2099
2100
2101
2102
2103
2104
2105
2106
2107
2108
2109
2110
2111
2112
2113
2114
2115
2116
2117
2118
2119
2120
2121
2122
2123
2124
2125
2126
2127
2128
2129
2130
2131
2132
2133
2134
2135
2136
2137
2138
2139
2140
2141
2142
2143
2144
2145
2146
2147
2148
2149
2150
2151
2152
2153
2154
2155
2156
2157
2158
2159
2160
2161
2162
2163
2164
2165
2166
2167
2168
2169
2170
2171
2172
2173
2174
2175
2176
2177
2178
2179
2180
2181
2182
2183
2184
2185
2186
2187
2188
2189
2190
2191
2192
2193
2194
2195
2196
2197
2198
2199
2200
2201
2202
2203
2204
2205
2206
2207
2208
2209
2210
2211
2212
2213
2214
2215
2216
2217
2218
2219
2220
2221
2222
2223
2224
2225
2226
2227
2228
2229
2230
2231
2232
2233
2234
2235
2236
2237
2238
2239
2240
2241
2242
2243
2244
2245
2246
2247
2248
2249
2250
2251
2252
2253
2254
2255
2256
2257
2258
2259
2260
2261
2262
2263
2264
2265
2266
2267
2268
2269
2270
2271
2272
2273
2274
2275
2276
2277
2278
2279
2280
2281
2282
2283
2284
2285
2286
2287
2288
2289
2290
2291
2292
2293
2294
2295
2296
2297
2298
2299
2300
2301
2302
2303
2304
2305
2306
2307
2308
2309
2310
2311
2312
2313
2314
2315
2316
2317
2318
2319
2320
2321
2322
2323
2324
2325
2326
2327
2328
2329
2330
2331
2332
2333
2334
2335
2336
2337
2338
2339
2340
2341
2342
2343
2344
2345
2346
2347
2348
2349
2350
2351
2352
2353
2354
2355
2356
2357
2358
2359
2360
2361
2362
2363
2364
2365
2366
2367
2368
2369
2370
2371
2372
2373
2374
2375
2376
2377
2378
2379
2380
2381
2382
2383
2384
2385
2386
2387
2388
2389
2390
2391
2392
2393
2394
2395
2396
2397
2398
2399
2400
2401
2402
2403
2404
2405
2406
2407
2408
2409
2410
2411
2412
2413
2414
2415
2416
2417
2418
2419
2420
2421
2422
2423
2424
2425
2426
2427
2428
2429
2430
2431
2432
2433
2434
2435
2436
2437
2438
2439
2440
2441
2442
2443
2444
2445
2446
2447
2448
2449
2450
2451
2452
2453
2454
2455
2456
2457
2458
2459
2460
2461
2462
2463
2464
2465
2466
2467
2468
2469
2470
2471
2472
2473
2474
2475
2476
2477
2478
2479
2480
2481
2482
2483
2484
2485
2486
2487
2488
2489
2490
2491
2492
2493
2494
2495
2496
2497
2498
2499
2500
2501
2502
2503
2504
2505
2506
2507
2508
2509
2510
2511
2512
2513
2514
2515
2516
2517
2518
2519
2520
2521
2522
2523
2524
2525
2526
2527
2528
2529
2530
2531
2532
2533
2534
2535
2536
2537
2538
2539
2540
2541
2542
2543
2544
2545
2546
2547
2548
2549
2550
2551
2552
2553
2554
2555
2556
2557
2558
2559
2560
2561
2562
2563
2564
2565
2566
2567
2568
2569
2570
2571
2572
2573
2574
2575
2576
2577
2578
2579
2580
2581
2582
2583
2584
2585
2586
2587
2588
2589
2590
2591
2592
2593
2594
2595
2596
2597
2598
2599
2600
2601
2602
2603
2604
2605
2606
2607
2608
2609
2610
2611
2612
2613
2614
2615
2616
2617
2618
2619
2620
2621
2622
2623
2624
2625
2626
2627
2628
2629
2630
2631
2632
2633
2634
2635
2636
2637
2638
2639
2640
2641
2642
2643
2644
2645
2646
2647
2648
2649
2650
2651
2652
2653
2654
2655
2656
2657
2658
2659
2660
2661
2662
2663
2664
2665
2666
2667
2668
2669
2670
2671
2672
2673
2674
2675
2676
2677
2678
2679
2680
2681
2682
2683
2684
2685
2686
2687
2688
2689
2690
2691
2692
2693
2694
2695
2696
2697
2698
2699
2700
2701
2702
2703
2704
2705
2706
2707
2708
2709
2710
2711
2712
2713
2714
2715
2716
2717
2718
2719
2720
2721
2722
2723
2724
2725
2726
2727
2728
2729
2730
2731
2732
2733
2734
2735
2736
2737
2738
2739
2740
2741
2742
2743
2744
2745
2746
2747
2748
2749
2750
2751
2752
2753
2754
2755
2756
2757
2758
2759
2760
2761
2762
2763
2764
2765
2766
2767
2768
2769
2770
2771
2772
2773
2774
2775
2776
2777
2778
2779
2780
2781
2782
2783
2784
2785
2786
2787
2788
2789
2790
2791
2792
2793
2794
2795
2796
2797
2798
2799
2800
2801
2802
2803
2804
2805
2806
2807
2808
2809
2810
2811
2812
2813
2814
2815
2816
2817
2818
2819
2820
2821
2822
2823
2824
2825
2826
2827
2828
2829
2830
2831
2832
2833
2834
2835
2836
2837
2838
2839
2840
2841
2842
2843
2844
2845
2846
2847
2848
2849
2850
2851
2852
2853
2854
2855
2856
2857
2858
2859
2860
2861
2862
2863
2864
2865
2866
2867
2868
2869
2870
2871
2872
2873
2874
2875
2876
2877
2878
2879
2880
2881
2882
2883
2884
2885
2886
2887
2888
2889
2890
2891
2892
2893
2894
2895
2896
2897
2898
2899
2900
2901
2902
2903
2904
2905
2906
2907
2908
0.2822261168899504 0.1485070016505672 0
0.2770980396984714 0.2414698020408471 0
0.2717135586704962 0.339080742032283 0
0.2660598535211615 0.4415722302915525 0
0.2601234631187098 0.549188292884932 0
0.2538902532295291 0.6621851580026198 0
0.247345382845403 0.7808318663850005 0
0.2404732689123485 0.9054109107253201 0
0.2332575492395723 1.036218908063415 0
0.2256810436204727 1.173567304591948 0
0.2177257127758101 1.317783119942755 0
0.2093726154237605 1.469209725429403 0
0.2006018631838358 1.628207661557894 0
0.1913925732659871 1.79515549568796 0
0.1817228188728731 1.970450721150591 0
0.1715695767754895 2.154510707607409 0
0.1609086725556077 2.347773693706638 0
0.1497147231741172 2.550699828215551 0
0.1379610762790582 2.763772270256512 0
0.125619747032795 2.98749833451646 0
0.1126613513780838 3.222410701012931 0
0.09905503592747612 3.4690686860728 0
0.08476840466604482 3.728059571079949 0
0.3408639580269887 0.1481023046035893 0
0.3360045140255196 0.2410748730944005 0
0.3309020978458455 0.3386960695913496 0
0.325544560790892 0.4411983271815415 0
0.3199191468873134 0.5488256975723824 0
0.3140124623201992 0.6618344358773404 0
0.307810443524269 0.7804936111063553 0
0.3012983237603769 0.9050857456356989 0
0.2944605979674775 1.035907487672352 0
0.2872809859202937 1.173270316134297 0
0.2797423933232412 1.317501285015083 0
0.2718268711293564 1.468943801708141 0
0.2635155728065671 1.627958444603403 0
0.2547887095051641 1.794923820838702 0
0.2456255030582375 1.97023746551179 0
0.2360041363035437 2.154316792139551 0
0.2259017011944096 2.3476000854183 0
0.2152941443766166 2.550547542465612 0
0.204156209675771 2.763642373171977 0
0.1924613782337697 2.987391945530612 0
0.1801818052707117 3.2223289955306 0
0.1672882536470292 3.469012898269187 0
0.1537500244058783 3.72803099683909 0
0.4018820825200582 0.1463407971672188 0
0.3972338192332614 0.2393558828492256 0
0.3923531428030432 0.3370217223967383 0
0.3872284324878995 0.4395708551906025 0
0.3818474866609418 0.547247444545264 0
0.3761974935729047 0.6603078627619563 0
0.370265000830025 0.7790213018982957 0
0.3640358834230606 0.9036704135305784 0
0.3574953101067086 1.034551981525674 0
0.3506277081583627 1.171977627243672 0
0.343416726162809 1.316274554242857 0
0.3358451950990629 1.467786326959944 0
0.3278950874637541 1.626873688680606 0
0.3195474743869205 1.793915419683121 0
0.3107824806749423 1.969309236861613 0
0.3015792372913104 2.153472744619914 0
0.2919158317225168 2.346844428085872 0
0.2817692559200474 2.549884694829343 0
0.2711153512871242 2.763076975717044 0
0.2599287514167066 2.986928870766134 0
0.2481828216015934 3.221973359590653 0
0.2358495952837949 3.468770073095106 0
0.2228997076154013 3.727906622969513 0
0.4643459725505283 0.1434023446956689 0
0.4598739937931788 0.2364883552815228 0
0.4551784161180867 0.3342286659777551 0
0.4502480594982306 0.4368559934787431 0
0.4450711850511751 0.5446146872758252 0
0.4396354669108876 0.6577613151565971 0
0.4339279628631618 0.7765652744402254 0
0.4279350835871301 0.9013094322275752 0
0.4216425603097388 1.032290798686086 0
0.4150354109010184 1.169821232790153 0
0.4080979040701673 1.314228187593945 0
0.4008135219281614 1.465855489505387 0
0.3931649206613764 1.625064156880403 0
0.3851338892737595 1.792233258820901 0
0.3767013063347494 1.967760815483989 0
0.3678470942622047 2.152064749700897 0
0.3585501715706585 2.345583880948631 0
0.348788402787601 2.548778967862281 0
0.3385385455265898 2.762133809929288 0
0.3277761953969016 2.986156394216735 0
0.3164757278077027 3.221380106740785 0
0.3046102368275664 3.468365005129924 0
0.2921514712650362 3.727699149133812 0
0.5272927619558977 0.1394971159452217 0
0.5229854120718079 0.2326773863417434 0
0.5184626947128976 0.3305166698387523 0
0.5137138414272785 0.4332479187818419 0
0.5087275454810322 0.5411157300930516 0
0.5034919347655223 0.6543769313630433 0
0.4979945435138282 0.7733011927053606 0
0.492222282674585 0.898171667654882 0
0.4861614087572035 1.029285667134465 0
0.4797974911752955 1.16695536590997 0
0.4731153777608193 1.311508548617755 0
0.4660991587048881 1.463289389827747 0
0.4587321286791328 1.622659273466615 0
0.4509967470967132 1.78999765248537 0
0.442874596452498 1.965702950080247 0
0.4343463382889941 2.150193512275242 0
0.4253916672025061 2.343908602900291 0
0.4159892626031743 2.547309447159209 0
0.4061167377365036 2.760880334439568 0
0.3957505866210798 2.98512976620115 0
0.3848661279951292 3.220591668572051 0
0.3734374464268262 3.467826666300626 0
0.3614373307479518 3.727423414611654 0
0.5897566519863686 0.1348421223758522 0
0.5856255866317268 0.2281347495229119 0
0.5812879680279436 0.3260920076074791 0
0.5767334684376131 0.4289471298690385 0
0.5719512438712698 0.5369450081645473 0
0.5669299081035107 0.6503427797673207 0
0.5616575055469714 0.7694104399590688 0
0.5561214828386625 0.8944314837011459 0
0.5503086589602427 1.025703580413855 0
0.5442051939179614 1.163539281283324 0
0.5377965556681895 1.308266766188559 0
0.5310674855339995 1.460230624705108 0
0.5240019618767697 1.619792676516308 0
0.5165831619835684 1.787332832117454 0
0.5087934221123229 1.963249995123389 0
0.5006141952599077 2.147963015999652 0
0.4920260070506688 2.341911688240413 0
0.4830084094707509 2.545557793194745 0
0.473539931975994 2.759386204206263 0
0.4635980306013018 2.983906035885702 0
0.4531590342012677 3.219651858169174 0
0.442198087970629 3.467184971806235 0
0.4306890943976204 3.727094741822041 0
0.6507747764794396 0.1296553529766341 0
0.6468548918394721 0.2230731722527053 0
0.642739012985146 0.3211618820721709 0
0.6384173401346266 0.4241550286570818 0
0.6338795836449065 0.5322978324920041 0
0.629114939356226 0.6458477759103465 0
0.6241120628527392 0.7650752165084529 0
0.6188590425013598 0.8902640296779337 0
0.6133433710994893 1.021712284290469 0
0.6075519161560483 1.159732950953841 0
0.6014708885077773 1.304654649941323 0
0.5950858095037288 1.456822433243382 0
0.5883814765339821 1.616598606079863 0
0.5813419268653526 1.784363588759162 0
0.5739503997290587 1.960516820196654 0
0.5661892962477081 2.145477712925668 0
0.558040137578813 2.339686650612244 0
0.5494835210142219 2.543606034283475 0
0.5404990735873909 2.757721387948823 0
0.5310654037842861 2.982542509414941 0
0.5211600505322004 3.218604685973109 0
0.5107594296074498 3.466469971598922 0
0.4998387776072025 3.726728522203882 0
0.7094126176164794 0.1241440439165526 0
0.7057613661665227 0.2176948886776157 0
0.7019275521605 0.3159232752557233 0
0.6979020474043633 0.4190630824390238 0
0.6936752674135175 0.5273598799021433 0
0.6892371484469059 0.6410715166292262 0
0.6845771235316167 0.7604687352015217 0
0.6796840973494016 0.8858358152446739 0
0.6745464198274103 1.017471250075681 0
0.6691518584558872 1.155688455967479 0
0.6634875690552287 1.300816521143373 0
0.6575400652093473 1.453200988942359 0
0.6512951861567384 1.613204680501141 0
0.6447380631045574 1.781208557840567 0
0.6378530839144537 1.957612628670654 0
0.6306238557757959 2.142836902761488 0
0.6230331662176514 2.337322390878429 0
0.6150629422167614 2.541532152500258 0
0.606694206984147 2.755952403014892 0
0.5979070349853077 2.981093666172923 0
0.5886805044248791 3.217491991506204 0
0.5789926473270575 3.465710233346223 0
0.568820397347095 3.726339387977124 0
0.7647669385100246 0.1185046785445039 0
0.7614635739932656 0.2121916396629485 0
0.7579950412655339 0.3105629484156938 0
0.7543530818563496 0.4138528238842211 0
0.7505290244795086 0.5223071930467142 0
0.7465137642553364 0.6361842800572526 0
0.7422977410196419 0.7557552214271882 0
0.7378709166030176 0.8813047104086542 0
0.7332227509378184 1.013131674626033 0
0.7283421770133952 1.15154998637253 0
0.723217574428434 1.296889212694388 0
0.7178367417366713 1.449495399695711 0
0.7121868673972617 1.609731896417486 0
0.7062544992984127 1.777980219179803 0
0.7000255128079081 1.954640957703379 0
0.6934850770027845 2.14013473287196 0
0.6866176193960466 2.334903197121 0
0.6794067889407827 2.53941008368022 0
0.6718354169340945 2.754142315380296 0
0.6638854763229151 2.979611158783209 0
0.6555380387158749 3.216353443372189 0
0.6467732292200038 3.464932842431039 0
0.6375701792246913 3.725941212142757 0
0.8159921764894522 0.1129229873892953 0
0.8131363618446273 0.2067446727928237 0
0.8101377564804129 0.3052574420443002 0
0.8069892208090265 0.4086958510383337 0
0.8036832583564943 0.5173061804024949 0
0.8002119977999322 0.631347025623907 0
0.7965671742152701 0.7510899131152721 0
0.7927401094348246 0.8768199455250218 0
0.7887216913913717 1.00883648034323 0
0.7845023524665252 1.147453841219614 0
0.7800720466262854 1.293002069126402 0
0.7754202255134386 1.445827707790984 0
0.7705358133336608 1.606294628759716 0
0.7654071805081785 1.774784896983068 0
0.7600221160529084 1.951699678240188 0
0.7543677983834374 2.137460198278579 0
0.7484307648206721 2.332508744641381 0
0.7421968796072689 2.537309717418748 0
0.7356513001084179 2.752350739649051 0
0.7287784416310299 2.97814381310887 0
0.7215619402597702 3.215226539256185 0
0.7139846138126169 3.464163401951633 0
0.7060284210218053 3.72554710848281 0
0.8623033756882755 0.1075827459215361 0
0.860013720194037 0.2015333277820547 0
0.8576095819353898 0.3001814383127899 0
0.8550852367325736 0.4037619556518043 0
0.8524346742715599 0.5125214987780868 0
0.8496515837024051 0.6267190184488867 0
0.8467293386045746 0.7466264141121202 0
0.843660981238584 0.8725291801030807 0
0.8404392059850632 1.004727085182643 0
0.8370563419855255 1.143534884832509 0
0.8335043348107452 1.289283073450062 0
0.8297747272927831 1.44231867086007 0
0.8258586393898729 1.60300604851201 0
0.8217467470623803 1.771727796254388 0
0.8174292601277215 1.948885631005965 0
0.8128958988531919 2.134901357213145 0
0.8081358695070604 2.330217870053612 0
0.80313783871567 2.535300207631286 0
0.797889906364845 2.750636662903029 0
0.792379577393596 2.97673994105652 0
0.7865937319978351 3.214148382130838 0
0.7805185943264082 3.463427245499967 0
0.7741396997543448 3.725170052739502 0
0.9029957376261251 0.1026608869081429 0
0.9014078621564905 0.1967302668028817 0
0.8997405929205198 0.2955031152690132 0
0.8979899602010881 0.3992146074418143 0
0.8961517958470332 0.5081116741434732 0
0.8942217232856149 0.6224535935676443 0
0.892195147095974 0.7425126089719281 0
0.8900672420876504 0.8685745756916817 0
0.8878329418155746 1.000939641537475 0
0.8854869265414467 1.139922959991016 0
0.8830236105207661 1.285855443351147 0
0.88043712870984 1.439084550240054 0
0.8777213228020928 1.599975112845307 0
0.874869726578543 1.768910204790193 0
0.8718755505502012 1.946292050953924 0
0.8687316657251963 2.132542989143501 0
0.8654305866534777 2.328106474565892 0
0.8619644536434607 2.53344813335344 0
0.8583250139691676 2.749056875896581 0
0.8545036023091597 2.97544605568519 0
0.8504911200828301 3.213154693475133 0
0.8462780137411069 3.462748763395972 0
0.8418542520704819 3.724822537515713 0
0.9374524414415415 0.09833238805783417 0
0.9367168549657829 0.1925062441582387 0
0.9359444891695454 0.2913887926398486 0
0.9351335050734622 0.3952154698303281 0
0.9342819717731999 0.5042334808004609 0
0.9333878618127142 0.6187023917058494 0
0.9324490463541324 0.7388947481654204 0
0.931463290118362 0.865096722993833 0
0.9304282460646254 0.9976087973545946 0
0.9293414498135505 1.136746474748092 0
0.9282003137578702 1.282841034994049 0
0.9270021209044025 1.436240322612362 0
0.9257440184053565 1.597309574983908 0
0.9244230107718996 1.766432291184741 0
0.9230359527597273 1.944011142816797 0
0.9215795418491404 2.130468936747796 0
0.9200503103904886 2.326249620699037 0
0.9184446173659835 2.531819337940868 0
0.9167586396838732 2.747667541861915 0
0.9149883631167278 2.974308156097453 0
0.9131295727289523 3.212280800055576 0
0.9111778428198977 3.46215207645327 0
0.9091285264099503 3.724516917374512 0
0.9651544191829631 0.09476147425923961 0
0.9654341593210309 0.1890215208698741 0
0.9657278864647425 0.2879945693868372 0
0.9660362999694567 0.3919162716156134 0
0.9663601341491714 0.5010340588758857 0
0.9667001600360494 0.6156077348853587 0
0.9670571872172959 0.7359100947042263 0
0.9674320657592306 0.8622275730604014 0
0.9678256882306111 0.9948609261260373 0
0.9682389918235206 1.134125946159024 0
0.9686729605930573 1.280354216175515 0
0.9691286277991678 1.433893899052302 0
0.9696070783666928 1.595110566445588 0
0.9701094514661898 1.764388068420355 0
0.9706369432195335 1.942129445114695 0
0.9711908095596888 2.128757890360828 0
0.9717723692178053 2.324717758193252 0
0.9723830068561274 2.530475618509495 0
0.9730241763787959 2.746521372659423 0
0.9736974043779447 2.973369414635394 0
0.9744042937741132 3.211559857720065 0
0.9751465276408045 3.461659823200854 0
0.9759258732029861 3.724264787660013 0
0.9856901310997193 0.09209281981900913 0
0.9871581687332158 0.1864172792664704 0
0.9886996082417796 0.2854579612618112 0
0.9903181197458006 0.3894506786437634 0
0.9920175568237799 0.4986430318148163 0
0.9938019657460975 0.6132950020301893 0
0.9956755951146672 0.7336795707652574 0
0.9976429059601801 0.8600833684838176 0
0.9997085823602982 0.9928073568804987 0
1.001877542569734 1.132167544010613 0
1.004154950773788 1.278495739478393 0
1.006546229378067 1.432140344078596 0
1.009057071918367 1.593467179281723 0
1.011693456604555 1.762860357457652 0
1.014461660519143 1.940723194162951 0
1.017368274625037 2.127479172420393 0
1.020420219441261 2.323572949914912 0
1.023624761484151 2.529471415375732 0
1.026989530641926 2.745664804928025 0
1.030522538259432 2.972667864076558 0
1.034232196242392 3.211021075191743 0
1.038127337128264 3.461291947104737 0
1.042217235069476 3.724076363318211 0
0.9987584982293214 0.09044275069992205 0
1.001595071329132 0.1848070375717658 0
1.004573473071166 0.2838895383625288 0
1.007700794939001 0.387926165480218 0
1.010984482897824 0.4971646238737613 0
1.014432355236118 0.6118650045724899 0
1.01805262119159 0.7323004043150841 0
1.021853900461285 0.8587575745917791 0
1.025845243718288 0.9915376041748367 0
1.030036154117492 1.130956634550355 0
1.034436610006022 1.277346615425379 0
1.039057088669701 1.431056094702917 0
1.043908591277781 1.592451048317406 0
1.049002669052732 1.761915750825776 0
1.054351450705017 1.939853688079977 0
1.05996767143138 2.126688521913642 0
1.065864703203801 2.322865097763329 0
1.072056586537515 2.52885050149669 0
1.078558064062532 2.745135176235499 0
1.08538461546736 2.972234084829922 0
1.092552494412635 3.210687937862874 0
1.100078767312449 3.461064483789624 0
1.107981353878537 3.723959857717858 0
1.004180632746654 0.08988360405530335 0
1.008570297067229 0.184261386950102 0
1.013179444584075 0.2833580585649067 0
1.018019049536653 0.3874095650480236 0
1.023100634733139 0.4966636467752555 0
1.028436299160864 0.6113804319742687 0
1.034038746810387 0.7318330564421629 0
1.039921316867838 0.8583083126805021 0
1.046098015465027 0.991107332523399 0
1.052583548960125 1.13054630267165 0
1.059393359082569 1.276957220307898 0
1.066543659681303 1.430688683184629 0
1.074051475327333 1.592106719578324 0
1.081934681812096 1.761595659005034 0
1.090212048603436 1.939559045023437 0
1.098903283721143 2.126420600059471 0
1.10802908060981 2.32262523317169 0
1.117611167300624 2.528640097030576 0
1.127672358364073 2.744955704901306 0
1.138236608986206 2.972087093284261 0
1.149329072093339 3.210575050095029 0
1.160976158367087 3.460987404988521 0
1.173205598987426 3.723920378331949 0
1.076583811982149 0.08988360405530607 0
1.08090985797923 0.1842613869501065 0
1.085452206256695 0.2833580585649123 0
1.090221672007055 0.387409565048031 0
1.095229611041266 0.4966636467752655 0
1.100487946999016 0.6113804319742812 0
1.10600919975506 0.731833056442177 0
1.111806515173989 0.8583083126805204 0
1.117893696400195 0.991107332523421 0
1.124285236656225 1.130546302671674 0
1.130996353878334 1.276957220307926 0
1.138043026932148 1.43068868318466 0
1.145442033655761 1.592106719578359 0
1.153210990771169 1.761595659005074 0
1.161368395724941 1.93955904502348 0
1.169933670913393 2.12642060005951 0
1.178927209876124 2.322625233171721 0
1.188370425745319 2.528640097030596 0
1.198285802445515 2.744955704901316 0
1.208696947986153 2.972087093284257 0
1.219628650758384 3.210575050095013 0
1.231106938680322 3.46098740498849 0
1.243159141030783 3.723920378331932 0
1.148986991217697 0.08988360405530876 0
1.153249418891285 0.1842613869501109 0
1.157724967929368 0.2833580585649178 0
1.162424294477507 0.3874095650480384 0
1.167358587349442 0.4966636467752756 0
1.172539594837216 0.6113804319742939 0
1.177979652699778 0.7318330564421912 0
1.183691713480183 0.8583083126805383 0
1.189689377335405 0.991107332523443 0
1.195986924352364 1.130546302671697 0
1.202599348674136 1.276957220307954 0
1.209542394183028 1.430688683184691 0
1.216832591984222 1.592106719578394 0
1.224487299730272 1.761595659005113 0
1.232524742846475 1.939559045023523 0
1.240964058105669 2.126420600059549 0
1.249825339142462 2.322625233171752 0
1.259129684190034 2.528640097030617 0
1.268899246526974 2.744955704901325 0
1.279157286986114 2.972087093284256 0
1.28992822942344 3.210575050094997 0
1.301237718993564 3.460987404988457 0
1.313112683074144 3.723920378331914 0
1.221390170453041 0.08988360405531148 0
1.22558897980314 0.1842613869501153 0
1.229997729601845 0.2833580585649235 0
1.234626916947771 0.3874095650480457 0
1.239487563657434 0.4966636467752856 0
1.244591242675237 0.6113804319743065 0
1.249950105644326 0.7318330564422055 0
1.255576911786213 0.8583083126805566 0
1.261485058270457 0.9911073325234649 0
1.267688612048353 1.130546302671722 0
1.274202343469796 1.276957220307982 0
1.281041761433774 1.430688683184721 0
1.288223150312557 1.59210671957843 0
1.295763608689258 1.761595659005153 0
1.303681089967899 1.939559045023566 0
1.311994445297847 2.126420600059588 0
1.320723468408711 2.322625233171783 0
1.329888942634672 2.528640097030637 0
1.339512690608367 2.744955704901336 0
1.34961762598602 2.972087093284252 0
1.360227808088453 3.210575050094981 0
1.371368499306777 3.460987404988426 0
1.38306622511749 3.723920378331896 0
1.293793349688461 0.08988360405531418 0
1.297928540715069 0.1842613869501197 0
1.302270491274395 0.2833580585649291 0
1.306829539418104 0.387409565048053 0
1.311616539965495 0.4966636467752956 0
1.316642890513326 0.6113804319743188 0
1.321920558588936 0.7318330564422196 0
1.327462110092304 0.8583083126805749 0
1.333280739205569 0.9911073325234872 0
1.339390299744398 1.130546302671746 0
1.345805338265509 1.276957220308009 0
1.352541128684571 1.430688683184753 0
1.35961370864094 1.592106719578466 0
1.367039917648288 1.761595659005193 0
1.374837437089365 1.939559045023609 0
1.383024832490062 2.126420600059627 0
1.391621597674994 2.322625233171816 0
1.400648201079338 2.528640097030657 0
1.410126134689785 2.744955704901347 0
1.420077964985948 2.972087093284251 0
1.430527386753484 3.210575050094964 0
1.441499279620002 3.460987404988394 0
1.453019767160842 3.723920378331879 0
1.366196528924041 0.08988360405531692 0
1.370268101627153 0.1842613869501242 0
1.374543252947096 0.2833580585649346 0
1.379032161888585 0.3874095650480603 0
1.383745516273698 0.4966636467753057 0
1.388694538351551 0.6113804319743312 0
1.393891011533681 0.731833056442234 0
1.399347308398523 0.8583083126805928 0
1.405076420140802 0.9911073325235091 0
1.411091987440559 1.13054630267177 0
1.417408333061332 1.276957220308037 0
1.424040495935471 1.430688683184783 0
1.43100426696942 1.592106719578501 0
1.438316226607409 1.761595659005232 0
1.445993784210915 1.939559045023652 0
1.454055219682352 2.126420600059667 0
1.462519726941345 2.322625233171846 0
1.471407459524065 2.528640097030677 0
1.480739578771254 2.744955704901356 0
1.490538303985916 2.972087093284247 0
1.500826965418545 3.210575050094949 0
1.511630059933248 3.460987404988363 0
1.522973309204205 3.723920378331862 0
1.43859970815962 0.08988360405531962 0
1.442607662539237 0.1842613869501286 0
1.446816014619796 0.2833580585649403 0
1.451234784359065 0.3874095650480677 0
1.4558744925819 0.4966636467753157 0
1.460746186189777 0.6113804319743439 0
1.465861464478424 0.7318330564422482 0
1.471232506704741 0.858308312680611 0
1.476872101076035 0.9911073325235311 0
1.482793675136722 1.130546302671794 0
1.489011327857155 1.276957220308066 0
1.495539863186371 1.430688683184814 0
1.5023948252979 1.592106719578537 0
1.50959253556653 1.761595659005272 0
1.517150131332464 1.939559045023695 0
1.525085606874643 2.126420600059705 0
1.533417856207695 2.322625233171877 0
1.542166717968791 2.528640097030698 0
1.551353022852723 2.744955704901367 0
1.560998642985885 2.972087093284244 0
1.571126544083607 3.210575050094933 0
1.581760840246494 3.460987404988331 0
1.592926851247568 3.723920378331844 0
1.511002887395199 0.08988360405532234 0
1.514947223451321 0.184261386950133 0
1.519088776292497 0.2833580585649458 0
1.523437406829545 0.3874095650480749 0
1.528003468890103 0.4966636467753257 0
1.532797834028003 0.6113804319743565 0
1.537831917423168 0.7318330564422623 0
1.54311770501096 0.8583083126806291 0
1.548667782011268 0.9911073325235535 0
1.554495362832883 1.130546302671819 0
1.560614322652979 1.276957220308093 0
1.567039230437272 1.430688683184844 0
1.57378538362638 1.592106719578572 0
1.58086884452565 1.761595659005311 0
1.588306478454014 1.939559045023738 0
1.596115994066934 2.126420600059745 0
1.604315985474046 2.322625233171908 0
1.612925976413518 2.528640097030717 0
1.621966466934192 2.744955704901377 0
1.631458981985854 2.972087093284242 0
1.641426122748668 3.210575050094917 0
1.65189162055974 3.4609874049883 0
1.662880393290931 3.723920378331826 0
1.583406066630777 0.08988360405532506 0
1.587286784363406 0.1842613869501375 0
1.591361537965198 0.2833580585649516 0
1.595640029300025 0.3874095650480824 0
1.600132445198306 0.4966636467753358 0
1.604849481866228 0.6113804319743691 0
1.609802370367911 0.7318330564422766 0
1.615002903317179 0.8583083126806472 0
1.620463462946502 0.9911073325235757 0
1.626197050529044 1.130546302671842 0
1.632217317448801 1.276957220308121 0
1.638538597688173 1.430688683184875 0
1.64517594195486 1.592106719578607 0
1.652145153484771 1.761595659005351 0
1.659462825575563 1.939559045023781 0
1.667146381259224 2.126420600059784 0
1.675214114740397 2.32262523317194 0
1.683685234858245 2.528640097030737 0
1.692579911015661 2.744955704901387 0
1.701919320985823 2.972087093284239 0
1.71172570141373 3.210575050094901 0
1.722022400872987 3.460987404988269 0
1.732833935334294 3.723920378331809 0
1.655809245866226 0.08988360405532775 0
1.659626345275362 0.1842613869501418 0
1.663634299637775 0.2833580585649571 0
1.667842651770385 0.3874095650480897 0
1.672261421506392 0.4966636467753459 0
1.676901129704341 0.6113804319743819 0
1.681772823312545 0.7318330564422906 0
1.686888101623292 0.8583083126806654 0
1.692259143881634 0.9911073325235975 0
1.69789873822511 1.130546302671867 0
1.703820312244535 1.276957220308149 0
1.710037964938988 1.430688683184906 0
1.71656650028326 1.592106719578643 0
1.723421462443817 1.761595659005391 0
1.730619172697044 1.939559045023824 0
1.738176768451453 2.126420600059823 0
1.746112244006692 2.322625233171971 0
1.754444493302922 2.528640097030758 0
1.763193355097088 2.744955704901396 0
1.772379659985757 2.972087093284236 0
1.782025280078765 3.210575050094885 0
1.792153181186215 3.460987404988236 0
1.802787477377648 3.72392037833179 0
1.728212425101503 0.08988360405533047 0
1.731965906187152 0.1842613869501463 0
1.735907061310189 0.2833580585649628 0
1.740045274240587 0.387409565048097 0
1.744390397814324 0.496663646775356 0
1.748952777542305 0.6113804319743943 0
1.753743276257037 0.7318330564423051 0
1.758773299929268 0.8583083126806836 0
1.764054824816635 0.9911073325236197 0
1.76960042592105 1.130546302671891 0
1.775423307040147 1.276957220308177 0
1.78153733218969 1.430688683184937 0
1.787957058611554 1.592106719578678 0
1.794697771402764 1.76159565900543 0
1.801775519818434 1.939559045023866 0
1.809207155643598 2.126420600059862 0
1.817010373272912 2.322625233172003 0
1.825203751747535 2.528640097030778 0
1.833806799178461 2.744955704901407 0
1.842839998985646 2.972087093284233 0
1.852324858743766 3.210575050094869 0
1.862283961499419 3.460987404988205 0
1.872741019420989 3.723920378331772 0
1.800615604336768 0.08988360405533319 0
1.804305467098929 0.1842613869501507 0
1.808179822982591 0.2833580585649683 0
1.812247896710776 0.3874095650481044 0
1.816519374122245 0.4966636467753661 0
1.821004425380258 0.6113804319744067 0
1.825713729201518 0.731833056442319 0
1.830658498235235 0.8583083126807018 0
1.835850505751627 0.9911073325236417 0
1.841302113616981 1.130546302671915 0
1.847026301835752 1.276957220308205 0
1.853036699440384 1.430688683184968 0
1.85934761693984 1.592106719578714 0
1.865974080361705 1.76159565900547 0
1.872931866939817 1.939559045023909 0
1.880237542835739 2.126420600059901 0
1.887908502539129 2.322625233172033 0
1.895963010192143 2.528640097030798 0
1.904420243259828 2.744955704901417 0
1.913300337985532 2.97208709328423 0
1.922624437408764 3.210575050094853 0
1.932414741812621 3.460987404988173 0
1.94269456146433 3.723920378331755 0
1.873018783572033 0.08988360405533591 0
1.876645028010707 0.1842613869501551 0
1.880452584654993 0.2833580585649739 0
1.884450519180966 0.3874095650481117 0
1.888648350430167 0.496663646775376 0
1.893056073218211 0.6113804319744194 0
1.897684182145999 0.7318330564423334 0
1.902543696541201 0.8583083126807199 0
1.907646186686618 0.9911073325236639 0
1.913003801312912 1.130546302671939 0
1.918629296631356 1.276957220308233 0
1.924536066691078 1.430688683184999 0
1.930738175268127 1.59210671957875 0
1.937250389320646 1.76159565900551 0
1.944088214061201 1.939559045023953 0
1.951267930027879 2.12642060005994 0
1.958806631805345 2.322625233172065 0
1.966722268636751 2.52864009703082 0
1.975033687341197 2.744955704901427 0
1.983760676985419 2.972087093284227 0
1.992924016073763 3.210575050094836 0
2.002545522125825 3.460987404988141 0
2.01264810350767 3.723920378331737 0
1.945421962807298 0.08988360405533863 0
1.948984588922483 0.1842613869501595 0
1.952725346327394 0.2833580585649796 0
1.956653141651156 0.387409565048119 0
1.960777326738087 0.4966636467753862 0
1.965107721056164 0.6113804319744318 0
1.969654635090479 0.7318330564423476 0
1.974428894847167 0.858308312680738 0
1.979441867621609 0.9911073325236859 0
1.984705489008842 1.130546302671963 0
1.99023229142696 1.276957220308261 0
1.996035433941771 1.430688683185029 0
2.002128733596412 1.592106719578785 0
2.008526698279586 1.761595659005549 0
2.015244561182585 1.939559045023995 0
2.022298317220019 2.126420600059979 0
2.029704761071561 2.322625233172097 0
2.03748152708136 2.528640097030839 0
2.045647131422565 2.744955704901437 0
2.054221015985304 2.972087093284225 0
2.06322359473876 3.21057505009482 0
2.072676302439028 3.46098740498811 0
2.082601645551011 3.723920378331719 0
2.017825142042644 0.08988360405534132 0
2.02132414983434 0.184261386950164 0
2.024998107999874 0.2833580585649852 0
2.028855764121422 0.3874095650481264 0
2.032906303046082 0.4966636467753962 0
2.037159368894188 0.6113804319744445 0
2.041625088035029 0.7318330564423619 0
2.046314093153199 0.8583083126807562 0
2.051237548556663 0.9911073325237079 0
2.056407176704834 1.130546302671987 0
2.061835286222621 1.276957220308289 0
2.06753480119252 1.43068868318506 0
2.07351929192475 1.59210671957882 0
2.079803007238575 1.761595659005589 0
2.086400908304012 1.939559045024038 0
2.093328704412199 2.126420600060018 0
2.100602890337811 2.322625233172128 0
2.108240785525999 2.52864009703086 0
2.11626057550396 2.744955704901448 0
2.124681354985213 2.972087093284221 0
2.133523173403776 3.210575050094804 0
2.142807082752242 3.460987404988078 0
2.152555187594358 3.723920378331702 0
2.090228321278222 0.08988360405534401 0
2.093663710746422 0.1842613869501684 0
2.097270869672573 0.2833580585649908 0
2.101058386591901 0.3874095650481336 0
2.105035279354282 0.4966636467754063 0
2.109211016732411 0.6113804319744569 0
2.11359554097977 0.7318330564423761 0
2.118199291459416 0.8583083126807745 0
2.123033229491895 0.9911073325237298 0
2.128108864400993 1.130546302672012 0
2.133438281018443 1.276957220308317 0
2.139034168443419 1.430688683185091 0
2.144909850253229 1.592106719578855 0
2.151079316197694 1.761595659005629 0
2.15755725542556 1.939559045024081 0
2.164359091604488 2.126420600060058 0
2.171501019604161 2.322625233172159 0
2.179000043970725 2.52864009703088 0
2.186874019585428 2.744955704901458 0
2.19514169398518 2.97208709328422 0
2.203822752068837 3.210575050094788 0
2.212937863065488 3.460987404988046 0
2.222508729637721 3.723920378331684 0
2.1626315005138 0.08988360405534673 0
2.166003271658508 0.1842613869501728 0
2.169543631345274 0.2833580585649964 0
2.173261009062381 0.3874095650481409 0
2.177164255662486 0.4966636467754163 0
2.181262664570638 0.6113804319744696 0
2.185565993924514 0.7318330564423903 0
2.190084489765635 0.8583083126807927 0
2.194828910427129 0.9911073325237525 0
2.199810552097154 1.130546302672035 0
2.205041275814267 1.276957220308344 0
2.210533535694319 1.430688683185121 0
2.216300408581709 1.592106719578891 0
2.222355625156815 1.761595659005668 0
2.228713602547109 1.939559045024124 0
2.235389478796779 2.126420600060096 0
2.242399148870512 2.322625233172189 0
2.24975930241545 2.5286400970309 0
2.257487463666896 2.744955704901468 0
2.265602032985149 2.972087093284216 0
2.274122330733899 3.210575050094772 0
2.283068643378734 3.460987404988015 0
2.292462271681084 3.723920378331667 0
2.23503467974938 0.08988360405534945 0
2.238342832570591 0.1842613869501772 0
2.241816393017974 0.283358058565002 0
2.245463631532862 0.3874095650481483 0
2.249293231970689 0.4966636467754263 0
2.253314312408864 0.6113804319744822 0
2.257536446869258 0.7318330564424044 0
2.261969688071853 0.8583083126808108 0
2.266624591362361 0.9911073325237743 0
2.271512239793316 1.130546302672059 0
2.27664427061009 1.276957220308373 0
2.28203290294522 1.430688683185152 0
2.287690966910189 1.592106719578926 0
2.293631934115934 1.761595659005708 0
2.299869949668658 1.939559045024168 0
2.30641986598907 2.126420600060135 0
2.313297278136863 2.322625233172221 0
2.320518560860177 2.52864009703092 0
2.328100907748366 2.744955704901478 0
2.336062371985118 2.972087093284214 0
2.34442190939896 3.210575050094755 0
2.35319942369198 3.460987404987984 0
2.362415813724447 3.723920378331648 0
2.307437858984958 0.08988360405535217 0
2.310682393482677 0.1842613869501816 0
2.314089154690676 0.2833580585650076 0
2.317666254003342 0.3874095650481556 0
2.321422208278891 0.4966636467754365 0
2.325365960247089 0.6113804319744948 0
2.329506899814002 0.7318330564424187 0
2.333854886378071 0.8583083126808289 0
2.338420272297595 0.9911073325237965 0
2.343213927489477 1.130546302672084 0
2.348247265405913 1.2769572203084 0
2.35353227019612 1.430688683185183 0
2.35908152523867 1.592106719578962 0
2.364908243075056 1.761595659005747 0
2.371026296790209 1.93955904502421 0
2.37745025318136 2.126420600060175 0
2.384195407403214 2.322625233172253 0
2.391277819304904 2.528640097030941 0
2.398714351829835 2.744955704901488 0
2.406522710985087 2.972087093284212 0
2.414721488064023 3.21057505009474 0
2.423330204005226 3.460987404987952 0
2.432369355767809 3.723920378331631 0
2.379841038220538 0.08988360405535487 0
2.383021954394759 0.184261386950186 0
2.386361916363377 0.2833580585650132 0
2.389868876473822 0.387409565048163 0
2.393551184587094 0.4966636467754464 0
2.397417608085314 0.6113804319745072 0
2.401477352758746 0.7318330564424329 0
2.40574008468429 0.8583083126808472 0
2.410215953232828 0.9911073325238182 0
2.414915615185639 1.130546302672108 0
2.419850260201737 1.276957220308428 0
2.425031637447021 1.430688683185214 0
2.43047208356715 1.592106719578998 0
2.436184552034176 1.761595659005787 0
2.442182643911758 1.939559045024253 0
2.448480640373651 2.126420600060213 0
2.455093536669565 2.322625233172285 0
2.46203707774963 2.528640097030961 0
2.469327795911304 2.744955704901499 0
2.476983049985056 2.972087093284208 0
2.485021066729084 3.210575050094724 0
2.493460984318472 3.460987404987921 0
2.502322897811173 3.723920378331613 0
2.452244217456116 0.08988360405535757 0
2.455361515306844 0.1842613869501905 0
2.458634678036077 0.2833580585650189 0
2.462071498944302 0.3874095650481704 0
2.465680160895296 0.4966636467754564 0
2.469469255923539 0.6113804319745197 0
2.473447805703489 0.7318330564424471 0
2.477625282990509 0.8583083126808652 0
2.48201163416806 0.9911073325238404 0
2.4866173028818 1.130546302672132 0
2.49145325499756 1.276957220308456 0
2.496531004697921 1.430688683185245 0
2.501862641895629 1.592106719579033 0
2.507460860993297 1.761595659005826 0
2.513338991033306 1.939559045024296 0
2.519511027565942 2.126420600060253 0
2.525991665935915 2.322625233172316 0
2.532796336194357 2.528640097030982 0
2.539941239992772 2.744955704901509 0
2.547443388985025 2.972087093284205 0
2.555320645394145 3.210575050094708 0
2.563591764631719 3.46098740498789 0
2.572276439854536 3.723920378331595 0
2.524647396691694 0.08988360405536031 0
2.527701076218928 0.1842613869501949 0
2.530907439708777 0.2833580585650244 0
2.534274121414781 0.3874095650481776 0
2.537809137203499 0.4966636467754665 0
2.541520903761765 0.6113804319745323 0
2.545418258648233 0.7318330564424611 0
2.549510481296727 0.8583083126808833 0
2.553807315103294 0.9911073325238626 0
2.558318990577962 1.130546302672156 0
2.563056249793383 1.276957220308484 0
2.568030371948822 1.430688683185276 0
2.57325320022411 1.592106719579069 0
2.578737169952419 1.761595659005866 0
2.584495338154856 1.939559045024339 0
2.590541414758232 2.126420600060292 0
2.596889795202265 2.322625233172348 0
2.603555594639083 2.528640097031001 0
2.610554684074241 2.744955704901519 0
2.617903727984992 2.972087093284203 0
2.625620224059206 3.210575050094692 0
2.633722544944964 3.460987404987858 0
2.642229981897899 3.723920378331577 0
2.597050575927274 0.08988360405536301 0
2.600040637131013 0.1842613869501993 0
2.603180201381479 0.28335805856503 0
2.606476743885263 0.387409565048185 0
2.609938113511702 0.4966636467754767 0
2.613572551599992 0.6113804319745448 0
2.617388711592977 0.7318330564424755 0
2.621395679602946 0.8583083126809015 0
2.625602996038528 0.9911073325238846 0
2.630020678274124 1.13054630267218 0
2.634659244589207 1.276957220308512 0
2.639529739199722 1.430688683185307 0
2.64464375855259 1.592106719579104 0
2.650013478911538 1.761595659005906 0
2.655651685276404 1.939559045024382 0
2.661571801950523 2.126420600060331 0
2.667787924468616 2.322625233172379 0
2.674314853083809 2.528640097031022 0
2.68116812815571 2.744955704901529 0
2.688364066984962 2.972087093284199 0
2.695919802724269 3.210575050094675 0
2.703853325258211 3.460987404987826 0
2.712183523941261 3.72392037833156 0
2.669453755162853 0.08988360405536575 0
2.672380198043095 0.1842613869502037 0
2.675452963054179 0.2833580585650356 0
2.678679366355743 0.3874095650481924 0
2.682067089819903 0.4966636467754867 0
2.685624199438216 0.6113804319745575 0
2.689359164537719 0.7318330564424896 0
2.693280877909165 0.8583083126809197 0
2.697398676973759 0.9911073325239068 0
2.701722365970284 1.130546302672204 0
2.70626223938503 1.27695722030854 0
2.711029106450622 1.430688683185337 0
2.716034316881069 1.592106719579139 0
2.721289787870658 1.761595659005946 0
2.726808032397954 1.939559045024424 0
2.732602189142813 2.126420600060369 0
2.738686053734966 2.32262523317241 0
2.745074111528536 2.528640097031043 0
2.751781572237179 2.74495570490154 0
2.75882440598493 2.972087093284197 0
2.76621938138933 3.21057505009466 0
2.773984105571456 3.460987404987794 0
2.782137065984624 3.723920378331543 0
2.741856934398433 0.08988360405536841 0
2.74471975895518 0.1842613869502082 0
2.74772572472688 0.2833580585650412 0
2.750881988826224 0.3874095650481997 0
2.754196066128107 0.4966636467754966 0
2.757675847276443 0.61138043197457 0
2.761329617482463 0.7318330564425038 0
2.765166076215384 0.858308312680938 0
2.769194357908994 0.9911073325239288 0
2.773424053666446 1.130546302672229 0
2.777865234180853 1.276957220308568 0
2.782528473701523 1.430688683185368 0
2.787424875209549 1.592106719579175 0
2.79256609682978 1.761595659005985 0
2.797964379519503 1.939559045024468 0
2.803632576335105 2.126420600060409 0
2.809584183001317 2.322625233172441 0
2.815833369973262 2.528640097031062 0
2.822395016318649 2.74495570490155 0
2.829284744984899 2.972087093284195 0
2.836518960054393 3.210575050094644 0
2.844114885884703 3.460987404987762 0
2.852090608027988 3.723920378331524 0
2.814260113634011 0.08988360405537116 0
2.817059319867262 0.1842613869502125 0
2.819998486399581 0.2833580585650469 0
2.823084611296703 0.387409565048207 0
2.826325042436309 0.4966636467755068 0
2.829727495114668 0.6113804319745826 0
2.833300070427207 0.7318330564425182 0
2.837051274521603 0.8583083126809559 0
2.840990038844227 0.9911073325239506 0
2.845125741362608 1.130546302672253 0
2.849468228976677 1.276957220308595 0
2.854027840952424 1.430688683185399 0
2.858815433538029 1.59210671957921 0
2.8638424057889 1.761595659006025 0
2.869120726641052 1.939559045024511 0
2.874662963527395 2.126420600060449 0
2.880482312267667 2.322625233172473 0
2.886592628417988 2.528640097031083 0
2.893008460400117 2.74495570490156 0
2.899745083984868 2.972087093284191 0
2.906818538719453 3.210575050094628 0
2.914245666197948 3.460987404987731 0
2.92204415007135 3.723920378331507 0
2.886663292869591 0.08988360405537385 0
2.889398880779352 0.184261386950217 0
2.892271248072288 0.2833580585650526 0
2.895287233767192 0.3874095650482143 0
2.898454018744522 0.4966636467755168 0
2.901779142952907 0.611380431974595 0
2.905270523371966 0.7318330564425323 0
2.90893647282784 0.8583083126809742 0
2.91278571977948 0.9911073325239728 0
2.916827429058793 1.130546302672277 0
2.921071223772526 1.276957220308624 0
2.925527208203355 1.43068868318543 0
2.930205991866544 1.592106719579245 0
2.935118714748059 1.761595659006064 0
2.940277073762645 1.939559045024553 0
2.945693350719732 2.126420600060487 0
2.951380441534068 2.322625233172503 0
2.95735188686277 2.528640097031103 0
2.963621904481646 2.74495570490157 0
2.970205422984901 2.972087093284189 0
2.977118117384585 3.210575050094612 0
2.984376446511271 3.4609874049877 0
2.991997692114794 3.723920378331489 0
2.959066472105181 0.08988360405537657 0
2.961738441691457 0.1842613869502214 0
2.964544009745019 0.2833580585650581 0
2.967489856237714 0.3874095650482217 0
2.97058299505278 0.496663646775527 0
2.973830790791198 0.6113804319746077 0
2.977240976316788 0.7318330564425467 0
2.98082167113415 0.8583083126809922 0
2.98458140071482 0.991107332523995 0
2.988529116755078 1.130546302672301 0
2.992674218568488 1.276957220308652 0
2.997026575454409 1.43068868318546 0
3.001596550195195 1.592106719579281 0
3.006395023707369 1.761595659006104 0
3.011433420884402 1.939559045024597 0
3.016723737912252 2.126420600060527 0
3.022278570800669 2.322625233172535 0
3.028111145307769 2.528640097031124 0
3.034235348563411 2.744955704901581 0
3.04066576198519 2.972087093284187 0
3.047417696049992 3.210575050094596 0
3.054507226824889 3.460987404987667 0
3.061951234158558 3.723920378331472 0
3.031469651340772 0.0898836040553793 0
3.034078002603564 0.1842613869502258 0
3.036816771417756 0.2833580585650637 0
3.039692478708245 0.387409565048229 0
3.042711971361046 0.496663646775537 0
3.045882438629502 0.6113804319746202 0
3.049211429261626 0.7318330564425609 0
3.052706869440479 0.8583083126810104 0
3.056377081650182 0.9911073325240169 0
3.060230804451384 1.130546302672325 0
3.064277213364475 1.27695722030868 0
3.068525942705494 1.430688683185491 0
3.07298710852388 1.592106719579316 0
3.077671332666718 1.761595659006144 0
3.082589768006201 1.93955904502464 0
3.087754125104817 2.126420600060566 0
3.093176700067319 2.322625233172566 0
3.098870403752821 2.528640097031144 0
3.104848792645234 2.74495570490159 0
3.111126100985542 2.972087093284184 0
3.117717274715469 3.21057505009458 0
3.124638007138582 3.460987404987636 0
3.131904776202401 3.723920378331453 0
3.103872830576362 0.08988360405538198 0
3.106417563515672 0.1842613869502302 0
3.109089533090493 0.2833580585650693 0
3.111895101178774 0.3874095650482363 0
3.114840947669313 0.496663646775547 0
3.117934086467808 0.6113804319746328 0
3.121181882206465 0.731833056442575 0
3.12459206774681 0.8583083126810286 0
3.128172762585543 0.9911073325240392 0
3.131932492147691 1.130546302672349 0
3.135880208160465 1.276957220308708 0
3.14002530995658 1.430688683185522 0
3.144377666852566 1.592106719579352 0
3.148947641626066 1.761595659006183 0
3.153746115128001 1.939559045024682 0
3.158784512297382 2.126420600060604 0
3.16407482933397 2.322625233172597 0
3.169629662197875 2.528640097031164 0
3.175462236727057 2.7449557049016 0
3.181586439985895 2.972087093284181 0
3.188016853380944 3.210575050094564 0
3.194768787452275 3.460987404987604 0
3.201858318246245 3.723920378331436 0
3.176276009811951 0.0898836040553847 0
3.17875712442778 0.1842613869502347 0
3.181362294763231 0.2833580585650749 0
3.184097723649304 0.3874095650482436 0
3.186969923977579 0.496663646775557 0
3.189985734306112 0.6113804319746452 0
3.193152335151303 0.7318330564425892 0
3.196477266053138 0.8583083126810467 0
3.199968443520904 0.9911073325240611 0
3.203634179843998 1.130546302672373 0
3.207483202956452 1.276957220308735 0
3.211524677207665 1.430688683185553 0
3.215768225181252 1.592106719579387 0
3.220223950585414 1.761595659006223 0
3.224902462249802 1.939559045024725 0
3.229814899489948 2.126420600060644 0
3.23497295860062 2.322625233172629 0
3.240388920642927 2.528640097031185 0
3.246075680808881 2.74495570490161 0
3.252046778986247 2.972087093284179 0
3.25831643204642 3.210575050094548 0
3.264899567765968 3.460987404987573 0
3.271811860290089 3.723920378331418 0
3.248679189047543 0.08988360405538739 0
3.251096685339888 0.1842613869502391 0
3.253635056435968 0.2833580585650806 0
3.256300346119835 0.387409565048251 0
3.259098900285847 0.4966636467755672 0
3.262037382144416 0.6113804319746577 0
3.26512278809614 0.7318330564426034 0
3.268362464359467 0.8583083126810649 0
3.271764124456265 0.9911073325240833 0
3.275335867540306 1.130546302672398 0
3.27908619775244 1.276957220308764 0
3.283024044458751 1.430688683185583 0
3.287158783509938 1.592106719579423 0
3.291500259544762 1.761595659006263 0
3.296058809371601 1.939559045024768 0
3.300845286682512 2.126420600060683 0
3.305871087867271 2.322625233172661 0
3.31114817908798 2.528640097031205 0
3.316689124890704 2.744955704901621 0
3.3225071179866 2.972087093284176 0
3.328616010711897 3.210575050094532 0
3.335030348079661 3.460987404987541 0
3.341765402333932 3.723920378331401 0
3.321082368283133 0.08988360405539011 0
3.323436246251993 0.1842613869502435 0
3.325907818108705 0.2833580585650861 0
3.328502968590365 0.3874095650482583 0
3.331227876594114 0.4966636467755772 0
3.33408902998272 0.6113804319746703 0
3.337093241040978 0.7318330564426175 0
3.340247662665797 0.8583083126810831 0
3.343559805391625 0.9911073325241055 0
3.347037555236614 1.130546302672421 0
3.350689192548428 1.276957220308791 0
3.354523411709835 1.430688683185614 0
3.358549341838622 1.592106719579458 0
3.36277656850411 1.761595659006302 0
3.367215156493401 1.939559045024811 0
3.371875673875077 2.126420600060722 0
3.376769217133921 2.322625233172691 0
3.381907437533033 2.528640097031225 0
3.387302568972526 2.744955704901631 0
3.392967456986952 2.972087093284172 0
3.398915589377373 3.210575050094515 0
3.405161128393353 3.46098740498751 0
3.411718944377776 3.723920378331383 0
3.393485547518723 0.08988360405539284 0
3.395775807164103 0.1842613869502479 0
3.398180579781442 0.2833580585650917 0
3.400705591060895 0.3874095650482657 0
3.403356852902381 0.4966636467755872 0
3.406140677821025 0.6113804319746828 0
3.409063693985817 0.7318330564426316 0
3.412132860972127 0.8583083126811013 0
3.415355486326987 0.9911073325241271 0
3.418739242932921 1.130546302672446 0
3.422292187344415 1.276957220308819 0
3.426022778960921 1.430688683185645 0
3.429939900167309 1.592106719579494 0
3.434052877463459 1.761595659006342 0
3.4383715036152 1.939559045024854 0
3.442906061067641 2.126420600060762 0
3.447667346400572 2.322625233172722 0
3.452666695978087 2.528640097031245 0
3.45791601305435 2.744955704901641 0
3.463427795987304 2.97208709328417 0
3.46921516804285 3.210575050094499 0
3.475291908707047 3.460987404987478 0
3.48167248642162 3.723920378331365 0
3.465888726754315 0.08988360405539554 0
3.46811536807621 0.1842613869502523 0
3.47045334145418 0.2833580585650974 0
3.472908213531425 0.3874095650482731 0
3.475485829210647 0.4966636467755972 0
3.478192325659329 0.6113804319746954 0
3.481034146930654 0.7318330564426461 0
3.484018059278456 0.8583083126811195 0
3.487151167262349 0.9911073325241495 0
3.490440930629228 1.13054630267247 0
3.493895182140404 1.276957220308847 0
3.497522146212006 1.430688683185676 0
3.501330458495993 1.592106719579529 0
3.505329186422806 1.761595659006381 0
3.509527850737 1.939559045024897 0
3.513936448260208 2.1264206000608 0
3.518565475667224 2.322625233172753 0
3.523425954423139 2.528640097031265 0
3.528529457136175 2.744955704901651 0
3.533888134987657 2.972087093284167 0
3.539514746708326 3.210575050094484 0
3.545422689020739 3.460987404987447 0
3.551626028465465 3.723920378331346 0
3.538291905989906 0.08988360405539826 0
3.540454928988319 0.1842613869502568 0
3.542726103126917 0.2833580585651029 0
3.545110836001956 0.3874095650482803 0
3.547614805518915 0.4966636467756071 0
3.550243973497635 0.6113804319747078 0
3.553004599875494 0.7318330564426603 0
3.555903257584786 0.8583083126811376 0
3.558946848197709 0.9911073325241715 0
3.562142618325537 1.130546302672494 0
3.565498176936393 1.276957220308875 0
3.569021513463093 1.430688683185707 0
3.572721016824681 1.592106719579565 0
3.576605495382155 1.761595659006421 0
3.5806841978588 1.93955904502494 0
3.584966835452774 2.12642060006084 0
3.589463604933874 2.322625233172785 0
3.594185212868192 2.528640097031285 0
3.599142901217997 2.744955704901662 0
3.604348473988011 2.972087093284164 0
3.609814325373803 3.210575050094468 0
3.615553469334434 3.460987404987415 0
3.621579570509309 3.723920378331329 0
3.610695085225496 0.08988360405540098 0
3.612794489900427 0.1842613869502612 0
3.614998864799654 0.2833580585651086 0
3.617313458472487 0.3874095650482877 0
3.61974378182718 0.4966636467756175 0
3.622295621335939 0.6113804319747205 0
3.624975052820331 0.7318330564426746 0
3.627788455891117 0.8583083126811556 0
3.630742529133071 0.9911073325241937 0
3.633844306021844 1.130546302672518 0
3.637101171732381 1.276957220308903 0
3.640520880714177 1.430688683185737 0
3.644111575153365 1.5921067195796 0
3.647881804341503 1.761595659006461 0
3.651840544980601 1.939559045024983 0
3.655997222645339 2.126420600060878 0
3.660361734200524 2.322625233172817 0
3.664944471313246 2.528640097031306 0
3.669756345299822 2.744955704901672 0
3.674808812988363 2.972087093284161 0
3.68011390403928 3.210575050094451 0
3.685684249648127 3.460987404987383 0
3.691533112553153 3.723920378331312 0
3.683098264461087 0.08988360405540369 0
3.685134050812535 0.1842613869502656 0
3.687271626472393 0.2833580585651142 0
3.689516080943017 0.387409565048295 0
3.691872758135449 0.4966636467756275 0
3.694347269174243 0.6113804319747331 0
3.696945505765171 0.7318330564426887 0
3.699673654197445 0.8583083126811737 0
3.702538210068433 0.9911073325242159 0
3.705545993718152 1.130546302672542 0
3.708704166528369 1.276957220308931 0
3.712020247965263 1.430688683185768 0
3.715502133482051 1.592106719579635 0
3.719158113300852 1.7615956590065 0
3.7229968921024 1.939559045025026 0
3.727027609837904 2.126420600060918 0
3.731259863467175 2.322625233172848 0
3.735703729758299 2.528640097031326 0
3.740369789381645 2.744955704901682 0
3.745269151988714 2.972087093284158 0
3.750413482704755 3.210575050094436 0
3.755815029961819 3.460987404987351 0
3.761486654596995 3.723920378331294 0
3.755501443696677 0.08988360405540639 0
3.757473611724642 0.18426138695027 0
3.75954438814513 0.2833580585651198 0
3.761718703413548 0.3874095650483023 0
3.764001734443715 0.4966636467756375 0
3.766398917012547 0.6113804319747457 0
3.768915958710008 0.7318330564427029 0
3.771558852503775 0.8583083126811919 0
3.774333891003793 0.9911073325242374 0
3.77724768141446 1.130546302672566 0
3.780307161324358 1.276957220308959 0
3.783519615216348 1.430688683185799 0
3.786892691810737 1.592106719579671 0
3.790434422260199 1.76159565900654 0
3.794153239224199 1.939559045025069 0
3.798057997030469 2.126420600060956 0
3.802157992733825 2.322625233172879 0
3.806462988203352 2.528640097031346 0
3.810983233463467 2.744955704901693 0
3.815729490989068 2.972087093284156 0
3.820713061370232 3.21057505009442 0
3.825945810275512 3.460987404987319 0
3.831440196640839 3.723920378331276 0
3.827904622932269 0.08988360405540911 0
3.829813172636752 0.1842613869502744 0
3.831817149817867 0.2833580585651254 0
3.833921325884078 0.3874095650483096 0
3.836130710751983 0.4966636467756474 0
3.838450564850854 0.6113804319747584 0
3.840886411654846 0.7318330564427171 0
3.843444050810104 0.8583083126812101 0
3.846129571939156 0.9911073325242596 0
3.848949369110768 1.13054630267259 0
3.851910156120347 1.276957220308987 0
3.855018982467433 1.43068868318583 0
3.858283250139423 1.592106719579706 0
3.861710731219548 1.76159565900658 0
3.865309586345999 1.939559045025111 0
3.869088384223035 2.126420600060996 0
3.873056122000476 2.322625233172911 0
3.877222246648405 2.528640097031367 0
3.881596677545292 2.744955704901702 0
3.88618982998942 2.972087093284152 0
3.891012640035708 3.210575050094404 0
3.896076590589205 3.460987404987288 0
3.901393738684684 3.723920378331258 0
3.90030780216786 0.08988360405541182 0
3.902152733548859 0.1842613869502789 0
3.904089911490606 0.2833580585651311 0
3.906123948354609 0.387409565048317 0
3.90825968706025 0.4966636467756577 0
3.910502212689158 0.6113804319747709 0
3.912856864599685 0.7318330564427312 0
3.915329249116435 0.8583083126812283 0
3.917925252874517 0.9911073325242818 0
3.920651056807074 1.130546302672615 0
3.923513150916334 1.276957220309015 0
3.926518349718518 1.43068868318586 0
3.929673808468109 1.592106719579742 0
3.932987040178896 1.761595659006619 0
3.9364659334678 1.939559045025154 0
3.9401187714156 2.126420600061035 0
3.943954251267127 2.322625233172943 0
3.947981505093458 2.528640097031387 0
3.952210121627115 2.744955704901713 0
3.956650168989772 2.97208709328415 0
3.961312218701183 3.210575050094387 0
3.966207370902899 3.460987404987256 0
3.971347280728527 3.723920378331242 0
3.972710981403451 0.08988360405541451 0
3.974492294460967 0.1842613869502833 0
3.976362673163342 0.2833580585651366 0
3.978326570825141 0.3874095650483242 0
3.980388663368517 0.4966636467756678 0
3.982553860527463 0.6113804319747835 0
3.984827317544523 0.7318330564427454 0
3.987214447422765 0.8583083126812464 0
3.989720933809878 0.9911073325243041 0
3.992352744503384 1.130546302672639 0
3.995116145712323 1.276957220309042 0
3.998017716969605 1.430688683185891 0
4.001064366796796 1.592106719579777 0
4.004263349138244 1.761595659006659 0
4.007622280589599 1.939559045025198 0
4.011149158608167 2.126420600061074 0
4.014852380533778 2.322625233172974 0
4.01874076353851 2.528640097031407 0
4.02282356570894 2.744955704901723 0
4.027110507990126 2.972087093284147 0
4.03161179736666 3.210575050094371 0
4.036338151216591 3.460987404987224 0
4.041300822772371 3.723920378331223 0
4.045114160639042 0.08988360405541723 0
4.046831855373075 0.1842613869502877 0
4.048635434836081 0.2833580585651422 0
4.05052919329567 0.3874095650483316 0
4.052517639676784 0.4966636467756778 0
4.054605508365768 0.611380431974796 0
4.056797770489362 0.7318330564427598 0
4.059099645729095 0.8583083126812645 0
4.061516614745239 0.9911073325243263 0
4.064054432199688 1.130546302672663 0
4.066719140508311 1.27695722030907 0
4.06951708422069 1.430688683185922 0
4.072454925125481 1.592106719579813 0
4.075539658097592 1.761595659006699 0
4.0787786277114 1.939559045025241 0
4.082179545800732 2.126420600061113 0
4.085750509800429 2.322625233173005 0
4.089500021983564 2.528640097031427 0
4.093437009790764 2.744955704901733 0
4.097570846990477 2.972087093284144 0
4.101911376032136 3.210575050094355 0
4.106468931530284 3.460987404987193 0
4.111254364816215 3.723920378331205 0
4.117517339874635 0.08988360405541995 0
4.119171416285184 0.1842613869502921 0
4.120908196508819 0.2833580585651478 0
4.122731815766201 0.387409565048339 0
4.124646615985052 0.4966636467756878 0
4.126657156204074 0.6113804319748085 0
4.1287682234342 0.731833056442774 0
4.130984844035424 0.8583083126812826 0
4.133312295680603 0.9911073325243482 0
4.135756119895999 1.130546302672687 0
4.138322135304301 1.276957220309098 0
4.141016451471776 1.430688683185953 0
4.14384548345417 1.592106719579848 0
4.146815967056942 1.761595659006738 0
4.1499349748332 1.939559045025284 0
4.153209932993298 2.126420600061152 0
4.156648639067079 2.322625233173035 0
4.160259280428617 2.528640097031448 0
4.164050453872587 2.744955704901743 0
4.168031185990833 2.972087093284141 0
4.172210954697613 3.21057505009434 0
4.176599711843978 3.460987404987162 0
4.181207906860061 3.723920378331188 0
4.189920519110224 0.08988360405542266 0
4.191510977197293 0.1842613869502966 0
4.193180958181555 0.2833580585651535 0
4.19493443823673 0.3874095650483463 0
4.196775592293321 0.4966636467756976 0
4.198708804042377 0.6113804319748211 0
4.200738676379038 0.7318330564427883 0
4.202870042341755 0.8583083126813009 0
4.205107976615965 0.9911073325243704 0
4.207457807592306 1.130546302672712 0
4.209925130100288 1.276957220309126 0
4.212515818722861 1.430688683185984 0
4.215236041782852 1.592106719579884 0
4.218092276016289 1.761595659006778 0
4.221091321955 1.939559045025326 0
4.224240320185863 2.126420600061191 0
4.227546768333731 2.322625233173067 0
4.231018538873672 2.528640097031469 0
4.234663897954409 2.744955704901753 0
4.238491524991184 2.972087093284139 0
4.24251053336309 3.210575050094323 0
4.246730492157671 3.460987404987129 0
4.251161448903903 3.723920378331171 0
4.262323698345814 0.08988360405542535 0
4.263850538109403 0.184261386950301 0
4.265453719854293 0.2833580585651592 0
4.267137060707263 0.3874095650483537 0
4.268904568601586 0.4966636467757078 0
4.270760451880684 0.6113804319748335 0
4.272709129323878 0.7318330564428025 0
4.274755240648084 0.8583083126813189 0
4.276903657551326 0.9911073325243922 0
4.279159495288615 1.130546302672735 0
4.281528124896278 1.276957220309154 0
4.284015185973947 1.430688683186014 0
4.286626600111538 1.592106719579919 0
4.289368584975638 1.761595659006817 0
4.292247669076799 1.939559045025369 0
4.295270707378428 2.12642060006123 0
4.298444897600382 2.322625233173099 0
4.301777797318723 2.528640097031489 0
4.305277342036234 2.744955704901763 0
4.308951863991535 2.972087093284137 0
4.312810112028568 3.210575050094307 0
4.316861272471364 3.460987404987099 0
4.321114990947747 3.723920378331152 0
4.334726877581407 0.0898836040554281 0
4.336190099021507 0.1842613869503054 0
4.337726481527033 0.2833580585651647 0
4.339339683177793 0.387409565048361 0
4.341033544909852 0.4966636467757179 0
4.342812099718987 0.611380431974846 0
4.344679582268715 0.7318330564428166 0
4.346640438954414 0.8583083126813373 0
4.348699338486686 0.9911073325244142 0
4.35086118298492 1.13054630267276 0
4.353131119692264 1.276957220309182 0
4.355514553225033 1.430688683186045 0
4.358017158440224 1.592106719579955 0
4.360644893934986 1.761595659006857 0
4.363404016198601 1.939559045025412 0
4.366301094570993 2.12642060006127 0
4.369343026867032 2.32262523317313 0
4.372537055763777 2.528640097031509 0
4.375890786118057 2.744955704901774 0
4.379412202991888 2.972087093284133 0
4.383109690694042 3.210575050094291 0
4.386992052785057 3.460987404987067 0
4.391068532991589 3.723920378331135 0
4.407130056816996 0.08988360405543078 0
4.408529659933619 0.1842613869503098 0
4.409999243199771 0.2833580585651703 0
4.411542305648325 0.3874095650483682 0
4.41316252121812 0.4966636467757279 0
4.414863747557292 0.6113804319748586 0
4.416650035213554 0.7318330564428308 0
4.418525637260744 0.8583083126813553 0
4.420495019422047 0.9911073325244364 0
4.422562870681229 1.130546302672784 0
4.424734114488253 1.27695722030921 0
4.427013920476119 1.430688683186076 0
4.42940771676891 1.59210671957999 0
4.431921202894335 1.761595659006896 0
4.434560363320399 1.939559045025455 0
4.43733148176356 2.126420600061309 0
4.440241156133683 2.322625233173161 0
4.443296314208832 2.528640097031529 0
4.446504230199881 2.744955704901784 0
4.449872541992241 2.972087093284131 0
4.453409269359519 3.210575050094275 0
4.457122833098751 3.460987404987035 0
4.461022075035435 3.723920378331117 0
4.479533236052587 0.08988360405543352 0
4.480869220845727 0.1842613869503142 0
4.482272004872509 0.2833580585651759 0
4.483744928118856 0.3874095650483756 0
4.485291497526388 0.4966636467757379 0
4.4869153953956 0.6113804319748712 0
4.488620488158395 0.7318330564428449 0
4.490410835567074 0.8583083126813735 0
4.492290700357411 0.9911073325244586 0
4.494264558377537 1.130546302672808 0
4.496337109284243 1.276957220309237 0
4.498513287727204 1.430688683186107 0
4.500798275097597 1.592106719580026 0
4.503197511853684 1.761595659006936 0
4.505716710442201 1.939559045025498 0
4.508361868956126 2.126420600061347 0
4.511139285400334 2.322625233173192 0
4.514055572653885 2.528640097031549 0
4.517117674281705 2.744955704901794 0
4.520332880992595 2.972087093284127 0
4.523708848024996 3.210575050094259 0
4.527253613412445 3.460987404987004 0
4.530975617079279 3.723920378331099 0
4.551936415288181 0.08988360405543622 0
4.553208781757834 0.1842613869503186 0
4.554544766545245 0.2833580585651816 0
4.555947550589385 0.387409565048383 0
4.557420473834655 0.4966636467757479 0
4.558967043233901 0.6113804319748837 0
4.560590941103229 0.731833056442859 0
4.562296033873403 0.8583083126813916 0
4.564086381292771 0.9911073325244808 0
4.565966246073844 1.130546302672832 0
4.567940104080232 1.276957220309266 0
4.570012654978289 1.430688683186137 0
4.572188833426282 1.592106719580061 0
4.574473820813031 1.761595659006976 0
4.576873057564 1.939559045025541 0
4.579392256148691 2.126420600061387 0
4.582037414666983 2.322625233173224 0
4.584814831098937 2.52864009703157 0
4.587731118363527 2.744955704901805 0
4.590793219992946 2.972087093284125 0
4.594008426690471 3.210575050094243 0
4.597384393726138 3.460987404986972 0
4.600929159123124 3.723920378331082 0
4.624339594523771 0.08988360405543894 0
4.625548342669942 0.1842613869503231 0
4.626817528217982 0.2833580585651871 0
4.628150173059918 0.3874095650483902 0
4.629549450142923 0.4966636467757581 0
4.631018691072208 0.6113804319748962 0
4.632561394048069 0.7318330564428736 0
4.634181232179734 0.8583083126814097 0
4.635882062228131 0.991107332524503 0
4.637667933770152 1.130546302672856 0
4.639543098876219 1.276957220309294 0
4.641512022229374 1.430688683186168 0
4.643579391754967 1.592106719580097 0
4.645750129772381 1.761595659007015 0
4.6480294046858 1.939559045025584 0
4.650422643341256 2.126420600061425 0
4.652935543933634 2.322625233173256 0
4.65557408954399 2.52864009703159 0
4.658344562445351 2.744955704901815 0
4.661253558993298 2.972087093284122 0
4.664308005355949 3.210575050094227 0
4.66751517403983 3.46098740498694 0
4.670882701166966 3.723920378331064 0
4.696742773759362 0.08988360405544166 0
4.69788790358205 0.1842613869503275 0
4.699090289890722 0.2833580585651928 0
4.700352795530448 0.3874095650483977 0
4.70167842645119 0.4966636467757681 0
4.703070338910513 0.6113804319749088 0
4.704531846992908 0.7318330564428877 0
4.706066430486063 0.858308312681428 0
4.707677743163495 0.9911073325245245 0
4.709369621466461 1.13054630267288 0
4.711146093672209 1.276957220309321 0
4.71301138948046 1.430688683186199 0
4.714969950083654 1.592106719580132 0
4.717026438731729 1.761595659007055 0
4.719185751807601 1.939559045025627 0
4.721453030533823 2.126420600061465 0
4.723833673200287 2.322625233173286 0
4.726333347989043 2.528640097031611 0
4.728958006527176 2.744955704901825 0
4.731713897993654 2.972087093284119 0
4.734607584021425 3.210575050094211 0
4.737645954353523 3.460987404986909 0
4.740836243210812 3.723920378331045 0
4.769145952994952 0.08988360405544435 0
4.77022746449416 0.1842613869503319 0
4.771363051563457 0.2833580585651983 0
4.772555418000978 0.387409565048405 0
4.773807402759457 0.4966636467757781 0
4.775121986748815 0.6113804319749212 0
4.776502299937745 0.7318330564429019 0
4.777951628792392 0.8583083126814461 0
4.779473424098854 0.991107332524547 0
4.781071309162767 1.130546302672904 0
4.782749088468195 1.27695722030935 0
4.784510756731546 1.43068868318623 0
4.786360508412338 1.592106719580167 0
4.788302747691078 1.761595659007095 0
4.790342098929401 1.93955904502567 0
4.792483417726388 2.126420600061504 0
4.794731802466936 2.322625233173317 0
4.797092606434097 2.528640097031631 0
4.799571450608998 2.744955704901835 0
4.802174236994004 2.972087093284117 0
4.804907162686901 3.210575050094195 0
4.807776734667216 3.460987404986877 0
4.810789785254654 3.723920378331029 0
4.841549132230544 0.0898836040554471 0
4.842567025406267 0.1842613869503363 0
4.843635813236195 0.283358058565204 0
4.844758040471509 0.3874095650484123 0
4.845936379067726 0.4966636467757881 0
4.847173634587122 0.6113804319749337 0
4.848472752882584 0.7318330564429162 0
4.849836827098723 0.8583083126814643 0
4.851269105034214 0.991107332524569 0
4.852772996859075 1.130546302672929 0
4.854352083264184 1.276957220309377 0
4.856010123982632 1.430688683186261 0
4.857751066741026 1.592106719580203 0
4.859579056650425 1.761595659007134 0
4.861498446051201 1.939559045025713 0
4.863513804918952 2.126420600061543 0
4.865629931733588 2.322625233173349 0
4.867851864879149 2.52864009703165 0
4.870184894690823 2.744955704901844 0
4.872634575994358 2.972087093284114 0
4.875206741352379 3.210575050094178 0
4.877907514980908 3.460987404986845 0
4.880743327298498 3.72392037833101 0
4.913952311466134 0.08988360405544978 0
4.914906586318375 0.1842613869503407 0
4.915908574908932 0.2833580585652096 0
4.916960662942038 0.3874095650484196 0
4.918065355375989 0.4966636467757983 0
4.919225282425426 0.6113804319749465 0
4.920443205827422 0.7318330564429304 0
4.921722025405052 0.8583083126814823 0
4.923064785969578 0.9911073325245912 0
4.924474684555382 1.130546302672953 0
4.925955078060173 1.276957220309406 0
4.927509491233717 1.430688683186291 0
4.929141625069711 1.592106719580238 0
4.930855365609775 1.761595659007174 0
4.932654793173 1.939559045025756 0
4.934544192111519 2.126420600061582 0
4.93652806100024 2.322625233173381 0
4.938611123324203 2.528640097031671 0
4.940798338772646 2.744955704901855 0
4.94309491499471 2.972087093284111 0
4.945506320017856 3.210575050094163 0
4.948038295294602 3.460987404986814 0
4.950696869342343 3.723920378330992 0
4.986355490701725 0.08988360405545251 0
4.987246147230485 0.1842613869503451 0
4.98818133658167 0.2833580585652152 0
4.989163285412569 0.3874095650484269 0
4.990194331684258 0.4966636467758084 0
4.991276930263731 0.6113804319749591 0
4.992413658772261 0.7318330564429445 0
4.993607223711384 0.8583083126815008 0
4.994860466904939 0.9911073325246132 0
4.996176372251692 1.130546302672977 0
4.997558072856162 1.276957220309433 0
4.999008858484801 1.430688683186322 0
5.000532183398398 1.592106719580274 0
5.002131674569123 1.761595659007213 0
5.0038111402948 1.939559045025799 0
5.005574579304083 2.126420600061621 0
5.007426190266889 2.322625233173412 0
5.009370381769256 2.528640097031691 0
5.01141178285447 2.744955704901865 0
5.013555253995063 2.972087093284109 0
5.015805898683329 3.210575050094147 0
5.018169075608295 3.460987404986783 0
5.020650411386185 3.723920378330975 0
5.058758669937316 0.08988360405545522 0
5.059585708142591 0.1842613869503496 0
5.060454098254412 0.2833580585652207 0
5.0613659078831 0.3874095650484343 0
5.062323307992526 0.4966636467758184 0
5.063328578102036 0.6113804319749716 0
5.064384111717099 0.7318330564429587 0
5.065492422017712 0.8583083126815187 0
5.066656147840302 0.9911073325246352 0
5.067878059947999 1.130546302673001 0
5.06916106765215 1.276957220309461 0
5.070508225735889 1.430688683186353 0
5.071922741727084 1.592106719580309 0
5.073407983528472 1.761595659007253 0
5.0749674874166 1.939559045025842 0
5.076604966496649 2.12642060006166 0
5.078324319533539 2.322625233173443 0
5.080129640214309 2.528640097031711 0
5.082025226936293 2.744955704901875 0
5.084015592995415 2.972087093284105 0
5.086105477348807 3.210575050094131 0
5.088299855921991 3.460987404986751 0
5.090603953430031 3.723920378330957 0
5.131161849172908 0.08988360405545789 0
5.131925269054701 0.184261386950354 0
5.132726859927147 0.2833580585652264 0
5.133568530353632 0.3874095650484417 0
5.134452284300793 0.4966636467758284 0
5.135380225940342 0.6113804319749844 0
5.136354564661938 0.7318330564429728 0
5.137377620324044 0.8583083126815368 0
5.138451828775662 0.9911073325246571 0
5.139579747644309 1.130546302673025 0
5.140764062448138 1.276957220309489 0
5.142007592986973 1.430688683186384 0
5.143313300055771 1.592106719580344 0
5.144684292487819 1.761595659007293 0
5.1461238345384 1.939559045025885 0
5.147635353689216 2.126420600061699 0
5.149222448800191 2.322625233173474 0
5.150888898659362 2.528640097031732 0
5.152638671018117 2.744955704901886 0
5.15447593199577 2.972087093284103 0
5.156405056014284 3.210575050094114 0
5.158430636235683 3.460987404986719 0
5.160557495473874 3.72392037833094 0
5.2035650284085 0.08988360405546061 0
5.204264829966809 0.1842613869503585 0
5.204999621599884 0.2833580585652321 0
5.205771152824163 0.3874095650484489 0
5.206581260609062 0.4966636467758384 0
5.207431873778646 0.6113804319749967 0
5.208325017606777 0.7318330564429869 0
5.209262818630371 0.8583083126815551 0
5.210247509711023 0.9911073325246793 0
5.211281435340615 1.130546302673049 0
5.212367057244126 1.276957220309517 0
5.213506960238057 1.430688683186415 0
5.214703858384455 1.59210671958038 0
5.215960601447167 1.761595659007333 0
5.2172801816602 1.939559045025927 0
5.218665740881779 2.126420600061738 0
5.22012057806684 2.322625233173505 0
5.221648157104415 2.528640097031752 0
5.223252115099939 2.744955704901896 0
5.224936270996121 2.9720870932841 0
5.226704634679761 3.210575050094099 0
5.228561416549376 3.460987404986688 0
5.230511037517716 3.723920378330922 0
5.275968207644089 0.08988360405546333 0
5.276604390878918 0.1842613869503628 0
5.277272383272625 0.2833580585652377 0
5.277973775294694 0.3874095650484563 0
5.27871023691733 0.4966636467758487 0
5.27948352161695 0.6113804319750095 0
5.280295470551615 0.7318330564430011 0
5.281148016936701 0.8583083126815733 0
5.282043190646386 0.9911073325247014 0
5.282983123036921 1.130546302673074 0
5.283970052040115 1.276957220309545 0
5.285006327489144 1.430688683186445 0
5.286094416713141 1.592106719580415 0
5.287236910406516 1.761595659007372 0
5.288436528782 1.93955904502597 0
5.289696128074344 2.126420600061778 0
5.291018707333492 2.322625233173538 0
5.292407415549468 2.528640097031772 0
5.293865559181763 2.744955704901906 0
5.295396609996471 2.972087093284097 0
5.297004213345235 3.210575050094083 0
5.298692196863068 3.460987404986656 0
5.30046457956156 3.723920378330904 0
5.34837138687968 0.08988360405546605 0
5.348943951791024 0.1842613869503673 0
5.34954514494536 0.2833580585652433 0
5.350176397765224 0.3874095650484637 0
5.350839213225598 0.4966636467758587 0
5.351535169455256 0.6113804319750219 0
5.352265923496454 0.7318330564430153 0
5.353033215243031 0.8583083126815914 0
5.353838871581747 0.9911073325247236 0
5.354684810733231 1.130546302673098 0
5.355573046836104 1.276957220309573 0
5.35650569474023 1.430688683186476 0
5.357484975041828 1.592106719580451 0
5.358513219365865 1.761595659007412 0
5.3595928759038 1.939559045026014 0
5.360726515266911 2.126420600061817 0
5.361916836600143 2.322625233173569 0
5.363166673994521 2.528640097031793 0
5.364479003263588 2.744955704901917 0
5.365856948996826 2.972087093284094 0
5.367303792010712 3.210575050094066 0
5.368822977176762 3.460987404986624 0
5.370418121605404 3.723920378330886 0
5.420774566115273 0.08988360405546877 0
5.421283512703134 0.1842613869503716 0
5.421817906618097 0.2833580585652488 0
5.422379020235754 0.3874095650484709 0
5.42296818953386 0.4966636467758686 0
5.423586817293561 0.6113804319750344 0
5.424236376441293 0.7318330564430298 0
5.42491841354936 0.8583083126816096 0
5.42563455251711 0.9911073325247458 0
5.426386498429536 1.130546302673121 0
5.427176041632091 1.276957220309601 0
5.428005061991314 1.430688683186507 0
5.428875533370514 1.592106719580487 0
5.429789528325213 1.761595659007452 0
5.430749223025598 1.939559045026056 0
5.431756902459474 2.126420600061856 0
5.432814965866793 2.3226252331736 0
5.433925932439574 2.528640097031813 0
5.435092447345411 2.744955704901927 0
5.436317287997179 2.972087093284092 0
5.437603370676189 3.21057505009405 0
5.438953757490454 3.460987404986593 0
5.440371663649248 3.723920378330869 0
5.493177745350862 0.08988360405547145 0
5.493623073615242 0.1842613869503761 0
5.494090668290835 0.2833580585652545 0
5.494581642706286 0.3874095650484783 0
5.495097165842129 0.4966636467758786 0
5.495638465131865 0.6113804319750471 0
5.49620682938613 0.7318330564430439 0
5.496803611855692 0.8583083126816278 0
5.497430233452469 0.9911073325247677 0
5.498088186125845 1.130546302673146 0
5.498779036428083 1.276957220309628 0
5.499504429242401 1.430688683186538 0
5.500266091699198 1.592106719580522 0
5.50106583728456 1.761595659007491 0
5.501905570147399 1.9395590450261 0
5.502787289652042 2.126420600061895 0
5.503713095133445 2.322625233173631 0
5.504685190884627 2.528640097031833 0
5.505705891427234 2.744955704901937 0
5.506777626997531 2.972087093284089 0
5.507902949341664 3.210575050094034 0
5.509084537804147 3.460987404986561 0
5.510325205693093 3.72392037833085 0
5.565580924586454 0.0898836040554742 0
5.565962634527351 0.1842613869503806 0
5.566363429963573 0.2833580585652601 0
5.566784265176816 0.3874095650484857 0
5.567226142150396 0.4966636467758889 0
5.567690112970171 0.6113804319750595 0
5.56817728233097 0.7318330564430583 0
5.568688810162022 0.8583083126816458 0
5.569225914387831 0.9911073325247897 0
5.569789873822154 1.13054630267317 0
5.570382031224069 1.276957220309657 0
5.571003796493488 1.430688683186568 0
5.571656650027885 1.592106719580557 0
5.57234214624391 1.761595659007531 0
5.573061917269199 1.939559045026142 0
5.573817676844609 2.126420600061934 0
5.574611224400095 2.322625233173663 0
5.57544444932968 2.528640097031854 0
5.576319335509059 2.744955704901948 0
5.577237965997884 2.972087093284086 0
5.578202528007143 3.210575050094018 0
5.579215318117842 3.460987404986529 0
5.580278747736937 3.723920378330833 0
5.637984103822046 0.08988360405547689 0
5.638302195439459 0.184261386950385 0
5.638636191636312 0.2833580585652657 0
5.638986887647345 0.387409565048493 0
5.639355118458663 0.4966636467758989 0
5.639741760808476 0.6113804319750721 0
5.640147735275809 0.7318330564430724 0
5.64057400846835 0.8583083126816641 0
5.641021595323193 0.9911073325248118 0
5.64149156151846 1.130546302673194 0
5.641985026020057 1.276957220309685 0
5.64250316374457 1.430688683186599 0
5.64304720835657 1.592106719580592 0
5.643618455203258 1.761595659007571 0
5.644218264390999 1.939559045026185 0
5.644848064037171 2.126420600061973 0
5.645509353666745 2.322625233173694 0
5.646203707774735 2.528640097031874 0
5.646932779590882 2.744955704901956 0
5.647698304998237 2.972087093284084 0
5.648502106672617 3.210575050094002 0
5.649346098431534 3.460987404986499 0
5.650232289780781 3.723920378330816 0
5.710387283057637 0.08988360405547957 0
5.710641756351567 0.1842613869503894 0
5.710908953309048 0.2833580585652712 0
5.711189510117876 0.3874095650485004 0
5.711484094766932 0.4966636467759089 0
5.711793408646781 0.6113804319750846 0
5.712118188220644 0.7318330564430866 0
5.712459206774677 0.8583083126816821 0
5.712817276258554 0.991107332524834 0
5.713193249214768 1.130546302673218 0
5.713588020816045 1.276957220309712 0
5.714002530995659 1.43068868318663 0
5.714437766685256 1.592106719580628 0
5.714894764162606 1.761595659007611 0
5.7153746115128 1.939559045026228 0
5.715878451229738 2.126420600062012 0
5.716407482933398 2.322625233173725 0
5.716962966219787 2.528640097031894 0
5.717546223672706 2.744955704901967 0
5.718158643998589 2.972087093284081 0
5.718801685338095 3.210575050093985 0
5.719476878745228 3.460987404986466 0
5.720185831824624 3.723920378330797 0
5.782790462293226 0.08988360405548233 0
5.782981317263675 0.1842613869503938 0
5.783181714981786 0.2833580585652768 0
5.783392132588408 0.3874095650485077 0
5.783613071075198 0.4966636467759189 0
5.783845056485085 0.6113804319750971 0
5.784088641165484 0.7318330564431007 0
5.784344405081011 0.8583083126817005 0
5.784612957193916 0.9911073325248561 0
5.784894936911078 1.130546302673243 0
5.785191015612035 1.27695722030974 0
5.785501898246743 1.430688683186661 0
5.785828325013942 1.592106719580663 0
5.786171073121954 1.76159565900765 0
5.786530958634598 1.939559045026271 0
5.786908838422302 2.126420600062051 0
5.787305612200049 2.322625233173756 0
5.78772222466484 2.528640097031914 0
5.78815966775453 2.744955704901978 0
5.788618982998942 2.972087093284078 0
5.78910126400357 3.21057505009397 0
5.789607659058921 3.460987404986435 0
5.790139373868469 3.723920378330781 0
5.855193641528819 0.08988360405548501 0
5.855320878175785 0.1842613869503982 0
5.855454476654526 0.2833580585652825 0
5.85559475505894 0.3874095650485149 0
5.855742047383466 0.496663646775929 0
5.85589670432339 0.6113804319751096 0
5.856059094110325 0.731833056443115 0
5.856229603387341 0.8583083126817185 0
5.856408638129278 0.991107332524878 0
5.856596624607385 1.130546302673266 0
5.856794010408023 1.276957220309768 0
5.857001265497829 1.430688683186692 0
5.857218883342629 1.592106719580699 0
5.857447382081302 1.76159565900769 0
5.8576873057564 1.939559045026314 0
5.857939225614869 2.12642060006209 0
5.8582037414667 2.322625233173787 0
5.858481483109893 2.528640097031934 0
5.858773111836355 2.744955704901987 0
5.859079321999295 2.972087093284075 0
5.859400842669046 3.210575050093954 0
5.859738439372613 3.460987404986403 0
5.860092915912311 3.723920378330762 0
5.927596820764408 0.08988360405548773 0
5.927660439087893 0.1842613869504026 0
5.927727238327263 0.2833580585652882 0
5.927797377529468 0.3874095650485224 0
5.927871023691733 0.496663646775939 0
5.927948352161694 0.6113804319751222 0
5.928029547055161 0.7318330564431292 0
5.92811480169367 0.8583083126817366 0
5.928204319064639 0.9911073325249001 0
5.928298312303692 1.13054630267329 0
5.928397005204011 1.276957220309797 0
5.928500632748914 1.430688683186722 0
5.928609441671313 1.592106719580735 0
5.92872369104065 1.761595659007729 0
5.9288436528782 1.939559045026357 0
5.928969612807435 2.126420600062129 0
5.929101870733348 2.322625233173819 0
5.929240741554947 2.528640097031956 0
5.929386555918176 2.744955704901998 0
5.929539660999648 2.972087093284073 0
5.929700421334522 3.210575050093939 0
5.929869219686306 3.460987404986371 0
5.930046457956156 3.723920378330744 0
2 6 0 1955
2909
2910
2911
2912
2913
2914
2915
2916
2917
2918
2919
2920
2921
2922
2923
2924
2925
2926
2927
2928
2929
2930
2931
2932
2933
2934
2935
2936
2937
2938
2939
2940
2941
2942
2943
2944
2945
2946
2947
2948
2949
2950
2951
2952
2953
2954
2955
2956
2957
2958
2959
2960
2961
2962
2963
2964
2965
2966
2967
2968
2969
2970
2971
2972
2973
2974
2975
2976
2977
2978
2979
2980
2981
2982
2983
2984
2985
2986
2987
2988
2989
2990
2991
2992
2993
2994
2995
2996
2997
2998
2999
3000
3001
3002
3003
3004
3005
3006
3007
3008
3009
3010
3011
3012
3013
3014
3015
3016
3017
3018
3019
3020
3021
3022
3023
3024
3025
3026
3027
3028
3029
3030
3031
3032
3033
3034
3035
3036
3037
3038
3039
3040
3041
3042
3043
3044
3045
3046
3047
3048
3049
3050
3051
3052
3053
3054
3055
3056
3057
3058
3059
3060
3061
3062
3063
3064
3065
3066
3067
3068
3069
3070
3071
3072
3073
3074
3075
3076
3077
3078
3079
3080
3081
3082
3083
3084
3085
3086
3087
3088
3089
3090
3091
3092
3093
3094
3095
3096
3097
3098
3099
3100
3101
3102
3103
3104
3105
3106
3107
3108
3109
3110
3111
3112
3113
3114
3115
3116
3117
3118
3119
3120
3121
3122
3123
3124
3125
3126
3127
3128
3129
3130
3131
3132
3133
3134
3135
3136
3137
3138
3139
3140
3141
3142
3143
3144
3145
3146
3147
3148
3149
3150
3151
3152
3153
3154
3155
3156
3157
3158
3159
3160
3161
3162
3163
3164
3165
3166
3167
3168
3169
3170
3171
3172
3173
3174
3175
3176
3177
3178
3179
3180
3181
3182
3183
3184
3185
3186
3187
3188
3189
3190
3191
3192
3193
3194
3195
3196
3197
3198
3199
3200
3201
3202
3203
3204
3205
3206
3207
3208
3209
3210
3211
3212
3213
3214
3215
3216
3217
3218
3219
3220
3221
3222
3223
3224
3225
3226
3227
3228
3229
3230
3231
3232
3233
3234
3235
3236
3237
3238
3239
3240
3241
3242
3243
3244
3245
3246
3247
3248
3249
3250
3251
3252
3253
3254
3255
3256
3257
3258
3259
3260
3261
3262
3263
3264
3265
3266
3267
3268
3269
3270
3271
3272
3273
3274
3275
3276
3277
3278
3279
3280
3281
3282
3283
3284
3285
3286
3287
3288
3289
3290
3291
3292
3293
3294
3295
3296
3297
3298
3299
3300
3301
3302
3303
3304
3305
3306
3307
3308
3309
3310
3311
3312
3313
3314
3315
3316
3317
3318
3319
3320
3321
3322
3323
3324
3325
3326
3327
3328
3329
3330
3331
3332
3333
3334
3335
3336
3337
3338
3339
3340
3341
3342
3343
3344
3345
3346
3347
3348
3349
3350
3351
3352
3353
3354
3355
3356
3357
3358
3359
3360
3361
3362
3363
3364
3365
3366
3367
3368
3369
3370
3371
3372
3373
3374
3375
3376
3377
3378
3379
3380
3381
3382
3383
3384
3385
3386
3387
3388
3389
3390
3391
3392
3393
3394
3395
3396
3397
3398
3399
3400
3401
3402
3403
3404
3405
3406
3407
3408
3409
3410
3411
3412
3413
3414
3415
3416
3417
3418
3419
3420
3421
3422
3423
3424
3425
3426
3427
3428
3429
3430
3431
3432
3433
3434
3435
3436
3437
3438
3439
3440
3441
3442
3443
3444
3445
3446
3447
3448
3449
3450
3451
3452
3453
3454
3455
3456
3457
3458
3459
3460
3461
3462
3463
3464
3465
3466
3467
3468
3469
3470
3471
3472
3473
3474
3475
3476
3477
3478
3479
3480
3481
3482
3483
3484
3485
3486
3487
3488
3489
3490
3491
3492
3493
3494
3495
3496
3497
3498
3499
3500
3501
3502
3503
3504
3505
3506
3507
3508
3509
3510
3511
3512
3513
3514
3515
3516
3517
3518
3519
3520
3521
3522
3523
3524
3525
3526
3527
3528
3529
3530
3531
3532
3533
3534
3535
3536
3537
3538
3539
3540
3541
3542
3543
3544
3545
3546
3547
3548
3549
3550
3551
3552
3553
3554
3555
3556
3557
3558
3559
3560
3561
3562
3563
3564
3565
3566
3567
3568
3569
3570
3571
3572
3573
3574
3575
3576
3577
3578
3579
3580
3581
3582
3583
3584
3585
3586
3587
3588
3589
3590
3591
3592
3593
3594
3595
3596
3597
3598
3599
3600
3601
3602
3603
3604
3605
3606
3607
3608
3609
3610
3611
3612
3613
3614
3615
3616
3617
3618
3619
3620
3621
3622
3623
3624
3625
3626
3627
3628
3629
3630
3631
3632
3633
3634
3635
3636
3637
3638
3639
3640
3641
3642
3643
3644
3645
3646
3647
3648
3649
3650
3651
3652
3653
3654
3655
3656
3657
3658
3659
3660
3661
3662
3663
3664
3665
3666
3667
3668
3669
3670
3671
3672
3673
3674
3675
3676
3677
3678
3679
3680
3681
3682
3683
3684
3685
3686
3687
3688
3689
3690
3691
3692
3693
3694
3695
3696
3697
3698
3699
3700
3701
3702
3703
3704
3705
3706
3707
3708
3709
3710
3711
3712
3713
3714
3715
3716
3717
3718
3719
3720
3721
3722
3723
3724
3725
3726
3727
3728
3729
3730
3731
3732
3733
3734
3735
3736
3737
3738
3739
3740
3741
3742
3743
3744
3745
3746
3747
3748
3749
3750
3751
3752
3753
3754
3755
3756
3757
3758
3759
3760
3761
3762
3763
3764
3765
3766
3767
3768
3769
3770
3771
3772
3773
3774
3775
3776
3777
3778
3779
3780
3781
3782
3783
3784
3785
3786
3787
3788
3789
3790
3791
3792
3793
3794
3795
3796
3797
3798
3799
3800
3801
3802
3803
3804
3805
3806
3807
3808
3809
3810
3811
3812
3813
3814
3815
3816
3817
3818
3819
3820
3821
3822
3823
3824
3825
3826
3827
3828
3829
3830
3831
3832
3833
3834
3835
3836
3837
3838
3839
3840
3841
3842
3843
3844
3845
3846
3847
3848
3849
3850
3851
3852
3853
3854
3855
3856
3857
3858
3859
3860
3861
3862
3863
3864
3865
3866
3867
3868
3869
3870
3871
3872
3873
3874
3875
3876
3877
3878
3879
3880
3881
3882
3883
3884
3885
3886
3887
3888
3889
3890
3891
3892
3893
3894
3895
3896
3897
3898
3899
3900
3901
3902
3903
3904
3905
3906
3907
3908
3909
3910
3911
3912
3913
3914
3915
3916
3917
3918
3919
3920
3921
3922
3923
3924
3925
3926
3927
3928
3929
3930
3931
3932
3933
3934
3935
3936
3937
3938
3939
3940
3941
3942
3943
3944
3945
3946
3947
3948
3949
3950
3951
3952
3953
3954
3955
3956
3957
3958
3959
3960
3961
3962
3963
3964
3965
3966
3967
3968
3969
3970
3971
3972
3973
3974
3975
3976
3977
3978
3979
3980
3981
3982
3983
3984
3985
3986
3987
3988
3989
3990
3991
3992
3993
3994
3995
3996
3997
3998
3999
4000
4001
4002
4003
4004
4005
4006
4007
4008
4009
4010
4011
4012
4013
4014
4015
4016
4017
4018
4019
4020
4021
4022
4023
4024
4025
4026
4027
4028
4029
4030
4031
4032
4033
4034
4035
4036
4037
4038
4039
4040
4041
4042
4043
4044
4045
4046
4047
4048
4049
4050
4051
4052
4053
4054
4055
4056
4057
4058
4059
4060
4061
4062
4063
4064
4065
4066
4067
4068
4069
4070
4071
4072
4073
4074
4075
4076
4077
4078
4079
4080
4081
4082
4083
4084
4085
4086
4087
4088
4089
4090
4091
4092
4093
4094
4095
4096
4097
4098
4099
4100
4101
4102
4103
4104
4105
4106
4107
4108
4109
4110
4111
4112
4113
4114
4115
4116
4117
4118
4119
4120
4121
4122
4123
4124
4125
4126
4127
4128
4129
4130
4131
4132
4133
4134
4135
4136
4137
4138
4139
4140
4141
4142
4143
4144
4145
4146
4147
4148
4149
4150
4151
4152
4153
4154
4155
4156
4157
4158
4159
4160
4161
4162
4163
4164
4165
4166
4167
4168
4169
4170
4171
4172
4173
4174
4175
4176
4177
4178
4179
4180
4181
4182
4183
4184
4185
4186
4187
4188
4189
4190
4191
4192
4193
4194
4195
4196
4197
4198
4199
4200
4201
4202
4203
4204
4205
4206
4207
4208
4209
4210
4211
4212
4213
4214
4215
4216
4217
4218
4219
4220
4221
4222
4223
4224
4225
4226
4227
4228
4229
4230
4231
4232
4233
4234
4235
4236
4237
4238
4239
4240
4241
4242
4243
4244
4245
4246
4247
4248
4249
4250
4251
4252
4253
4254
4255
4256
4257
4258
4259
4260
4261
4262
4263
4264
4265
4266
4267
4268
4269
4270
4271
4272
4273
4274
4275
4276
4277
4278
4279
4280
4281
4282
4283
4284
4285
4286
4287
4288
4289
4290
4291
4292
4293
4294
4295
4296
4297
4298
4299
4300
4301
4302
4303
4304
4305
4306
4307
4308
4309
4310
4311
4312
4313
4314
4315
4316
4317
4318
4319
4320
4321
4322
4323
4324
4325
4326
4327
4328
4329
4330
4331
4332
4333
4334
4335
4336
4337
4338
4339
4340
4341
4342
4343
4344
4345
4346
4347
4348
4349
4350
4351
4352
4353
4354
4355
4356
4357
4358
4359
4360
4361
4362
4363
4364
4365
4366
4367
4368
4369
4370
4371
4372
4373
4374
4375
4376
4377
4378
4379
4380
4381
4382
4383
4384
4385
4386
4387
4388
4389
4390
4391
4392
4393
4394
4395
4396
4397
4398
4399
4400
4401
4402
4403
4404
4405
4406
4407
4408
4409
4410
4411
4412
4413
4414
4415
4416
4417
4418
4419
4420
4421
4422
4423
4424
4425
4426
4427
4428
4429
4430
4431
4432
4433
4434
4435
4436
4437
4438
4439
4440
4441
4442
4443
4444
4445
4446
4447
4448
4449
4450
4451
4452
4453
4454
4455
4456
4457
4458
4459
4460
4461
4462
4463
4464
4465
4466
4467
4468
4469
4470
4471
4472
4473
4474
4475
4476
4477
4478
4479
4480
4481
4482
4483
4484
4485
4486
4487
4488
4489
4490
4491
4492
4493
4494
4495
4496
4497
4498
4499
4500
4501
4502
4503
4504
4505
4506
4507
4508
4509
4510
4511
4512
4513
4514
4515
4516
4517
4518
4519
4520
4521
4522
4523
4524
4525
4526
4527
4528
4529
4530
4531
4532
4533
4534
4535
4536
4537
4538
4539
4540
4541
4542
4543
4544
4545
4546
4547
4548
4549
4550
4551
4552
4553
4554
4555
4556
4557
4558
4559
4560
4561
4562
4563
4564
4565
4566
4567
4568
4569
4570
4571
4572
4573
4574
4575
4576
4577
4578
4579
4580
4581
4582
4583
4584
4585
4586
4587
4588
4589
4590
4591
4592
4593
4594
4595
4596
4597
4598
4599
4600
4601
4602
4603
4604
4605
4606
4607
4608
4609
4610
4611
4612
4613
4614
4615
4616
4617
4618
4619
4620
4621
4622
4623
4624
4625
4626
4627
4628
4629
4630
4631
4632
4633
4634
4635
4636
4637
4638
4639
4640
4641
4642
4643
4644
4645
4646
4647
4648
4649
4650
4651
4652
4653
4654
4655
4656
4657
4658
4659
4660
4661
4662
4663
4664
4665
4666
4667
4668
4669
4670
4671
4672
4673
4674
4675
4676
4677
4678
4679
4680
4681
4682
4683
4684
4685
4686
4687
4688
4689
4690
4691
4692
4693
4694
4695
4696
4697
4698
4699
4700
4701
4702
4703
4704
4705
4706
4707
4708
4709
4710
4711
4712
4713
4714
4715
4716
4717
4718
4719
4720
4721
4722
4723
4724
4725
4726
4727
4728
4729
4730
4731
4732
4733
4734
4735
4736
4737
4738
4739
4740
4741
4742
4743
4744
4745
4746
4747
4748
4749
4750
4751
4752
4753
4754
4755
4756
4757
4758
4759
4760
4761
4762
4763
4764
4765
4766
4767
4768
4769
4770
4771
4772
4773
4774
4775
4776
4777
4778
4779
4780
4781
4782
4783
4784
4785
4786
4787
4788
4789
4790
4791
4792
4793
4794
4795
4796
4797
4798
4799
4800
4801
4802
4803
4804
4805
4806
4807
4808
4809
4810
4811
4812
4813
4814
4815
4816
4817
4818
4819
4820
4821
4822
4823
4824
4825
4826
4827
4828
4829
4830
4831
4832
4833
4834
4835
4836
4837
4838
4839
4840
4841
4842
4843
4844
4845
4846
4847
4848
4849
4850
4851
4852
4853
4854
4855
4856
4857
4858
4859
4860
4861
4862
4863
0.2822261168899503 -0.1485070016505672 0
0.3408639580269889 -0.1481023046035893 0
0.4018820825200582 -0.1463407971672188 0
0.4643459725505285 -0.1434023446956689 0
0.5272927619558978 -0.1394971159452217 0
0.5897566519863687 -0.1348421223758522 0
0.6507747764794394 -0.1296553529766341 0
0.7094126176164794 -0.1241440439165527 0
0.7647669385100246 -0.1185046785445039 0
0.8159921764894522 -0.1129229873892953 0
0.8623033756882756 -0.1075827459215361 0
0.9029957376261248 -0.1026608869081429 0
0.9374524414415415 -0.0983323880578342 0
0.9651544191829631 -0.09476147425923959 0
0.9856901310997188 -0.09209281981900913 0
0.9987584982293214 -0.09044275069992203 0
1.004180632746654 -0.08988360405530338 0
1.076583811982148 -0.08988360405530607 0
1.148986991217697 -0.08988360405530876 0
1.221390170453041 -0.08988360405531148 0
1.293793349688461 -0.0898836040553142 0
1.366196528924041 -0.08988360405531692 0
1.43859970815962 -0.08988360405531962 0
1.511002887395199 -0.08988360405532234 0
1.583406066630777 -0.08988360405532506 0
1.655809245866226 -0.08988360405532778 0
1.728212425101503 -0.08988360405533047 0
1.800615604336768 -0.08988360405533316 0
1.873018783572033 -0.08988360405533591 0
1.945421962807298 -0.08988360405533863 0
2.017825142042644 -0.08988360405534135 0
2.090228321278221 -0.08988360405534404 0
2.1626315005138 -0.08988360405534676 0
2.235034679749379 -0.08988360405534945 0
2.307437858984959 -0.08988360405535217 0
2.379841038220538 -0.08988360405535487 0
2.452244217456117 -0.08988360405535761 0
2.524647396691695 -0.08988360405536031 0
2.597050575927274 -0.08988360405536303 0
2.669453755162853 -0.08988360405536572 0
2.741856934398431 -0.08988360405536841 0
2.814260113634012 -0.08988360405537116 0
2.886663292869592 -0.08988360405537385 0
2.95906647210518 -0.08988360405537656 0
3.031469651340772 -0.0898836040553793 0
3.103872830576361 -0.08988360405538198 0
3.176276009811951 -0.08988360405538473 0
3.248679189047543 -0.08988360405538742 0
3.321082368283133 -0.08988360405539011 0
3.393485547518724 -0.08988360405539286 0
3.465888726754315 -0.08988360405539554 0
3.538291905989905 -0.08988360405539826 0
3.610695085225497 -0.08988360405540098 0
3.683098264461087 -0.08988360405540369 0
3.755501443696677 -0.08988360405540639 0
3.827904622932269 -0.08988360405540909 0
3.90030780216786 -0.08988360405541182 0
3.972710981403451 -0.08988360405541451 0
4.045114160639041 -0.08988360405541723 0
4.117517339874635 -0.08988360405541995 0
4.189920519110224 -0.08988360405542267 0
4.262323698345815 -0.08988360405542535 0
4.334726877581407 -0.0898836040554281 0
4.407130056816998 -0.08988360405543078 0
4.479533236052588 -0.08988360405543348 0
4.55193641528818 -0.08988360405543622 0
4.624339594523771 -0.08988360405543891 0
4.696742773759364 -0.08988360405544166 0
4.769145952994952 -0.08988360405544435 0
4.841549132230542 -0.0898836040554471 0
4.913952311466133 -0.08988360405544979 0
4.986355490701725 -0.0898836040554525 0
5.058758669937316 -0.08988360405545523 0
5.131161849172908 -0.08988360405545789 0
5.203565028408499 -0.08988360405546061 0
5.275968207644091 -0.08988360405546333 0
5.348371386879681 -0.08988360405546603 0
5.420774566115271 -0.08988360405546877 0
5.493177745350862 -0.08988360405547147 0
5.565580924586456 -0.08988360405547421 0
5.637984103822046 -0.08988360405547691 0
5.710387283057635 -0.08988360405547957 0
5.782790462293226 -0.08988360405548232 0
5.855193641528817 -0.08988360405548501 0
5.927596820764408 -0.08988360405548773 0
0.2770980396984714 -0.2414698020408471 0
0.3360045140255196 -0.2410748730944005 0
0.3972338192332615 -0.2393558828492256 0
0.4598739937931788 -0.2364883552815228 0
0.5229854120718082 -0.2326773863417435 0
0.5856255866317269 -0.2281347495229119 0
0.6468548918394721 -0.2230731722527054 0
0.7057613661665229 -0.2176948886776157 0
0.7614635739932654 -0.2121916396629485 0
0.8131363618446273 -0.2067446727928237 0
0.860013720194037 -0.2015333277820546 0
0.9014078621564907 -0.1967302668028817 0
0.9367168549657829 -0.1925062441582387 0
0.9654341593210314 -0.1890215208698741 0
0.9871581687332158 -0.1864172792664703 0
1.001595071329132 -0.1848070375717659 0
1.008570297067229 -0.184261386950102 0
1.08090985797923 -0.1842613869501065 0
1.153249418891285 -0.1842613869501109 0
1.22558897980314 -0.1842613869501153 0
1.297928540715069 -0.1842613869501197 0
1.370268101627153 -0.1842613869501242 0
1.442607662539237 -0.1842613869501286 0
1.514947223451321 -0.1842613869501331 0
1.587286784363406 -0.1842613869501374 0
1.659626345275362 -0.1842613869501418 0
1.731965906187152 -0.1842613869501463 0
1.804305467098929 -0.1842613869501507 0
1.876645028010707 -0.1842613869501551 0
1.948984588922483 -0.1842613869501596 0
2.021324149834342 -0.1842613869501639 0
2.093663710746423 -0.1842613869501683 0
2.166003271658507 -0.1842613869501727 0
2.238342832570591 -0.1842613869501772 0
2.310682393482676 -0.1842613869501816 0
2.38302195439476 -0.184261386950186 0
2.455361515306844 -0.1842613869501905 0
2.527701076218928 -0.1842613869501949 0
2.600040637131012 -0.1842613869501993 0
2.672380198043095 -0.1842613869502037 0
2.74471975895518 -0.1842613869502081 0
2.817059319867264 -0.1842613869502126 0
2.889398880779352 -0.184261386950217 0
2.961738441691457 -0.1842613869502214 0
3.034078002603563 -0.1842613869502258 0
3.106417563515672 -0.1842613869502303 0
3.17875712442778 -0.1842613869502346 0
3.251096685339887 -0.1842613869502391 0
3.323436246251994 -0.1842613869502435 0
3.395775807164103 -0.184261386950248 0
3.46811536807621 -0.1842613869502523 0
3.540454928988319 -0.1842613869502568 0
3.612794489900427 -0.1842613869502612 0
3.685134050812535 -0.1842613869502656 0
3.757473611724642 -0.18426138695027 0
3.829813172636752 -0.1842613869502744 0
3.90215273354886 -0.1842613869502788 0
3.974492294460967 -0.1842613869502833 0
4.046831855373075 -0.1842613869502877 0
4.119171416285186 -0.1842613869502921 0
4.191510977197294 -0.1842613869502965 0
4.263850538109403 -0.1842613869503009 0
4.336190099021509 -0.1842613869503054 0
4.408529659933619 -0.1842613869503098 0
4.480869220845727 -0.1842613869503142 0
4.553208781757834 -0.1842613869503186 0
4.625548342669943 -0.1842613869503231 0
4.69788790358205 -0.1842613869503275 0
4.770227464494158 -0.1842613869503319 0
4.842567025406269 -0.1842613869503363 0
4.914906586318375 -0.1842613869503407 0
4.987246147230485 -0.1842613869503451 0
5.059585708142593 -0.1842613869503496 0
5.131925269054703 -0.184261386950354 0
5.204264829966809 -0.1842613869503584 0
5.276604390878918 -0.1842613869503628 0
5.348943951791026 -0.1842613869503673 0
5.421283512703134 -0.1842613869503716 0
5.49362307361524 -0.1842613869503761 0
5.565962634527351 -0.1842613869503806 0
5.638302195439459 -0.184261386950385 0
5.710641756351565 -0.1842613869503894 0
5.782981317263675 -0.1842613869503938 0
5.855320878175784 -0.1842613869503982 0
5.927660439087892 -0.1842613869504026 0
0.2717135586704961 -0.3390807420322831 0
0.3309020978458456 -0.3386960695913496 0
0.3923531428030433 -0.3370217223967384 0
0.4551784161180868 -0.3342286659777551 0
0.5184626947128976 -0.3305166698387523 0
0.5812879680279438 -0.3260920076074791 0
0.642739012985146 -0.3211618820721709 0
0.7019275521605 -0.3159232752557234 0
0.7579950412655341 -0.3105629484156937 0
0.8101377564804129 -0.3052574420443002 0
0.8576095819353898 -0.3001814383127899 0
0.8997405929205196 -0.2955031152690132 0
0.9359444891695456 -0.2913887926398486 0
0.9657278864647425 -0.2879945693868372 0
0.9886996082417792 -0.2854579612618113 0
1.004573473071166 -0.2838895383625289 0
1.013179444584075 -0.2833580585649066 0
1.085452206256695 -0.2833580585649123 0
1.157724967929368 -0.2833580585649178 0
1.229997729601845 -0.2833580585649234 0
1.302270491274395 -0.2833580585649292 0
1.374543252947096 -0.2833580585649346 0
1.446816014619796 -0.2833580585649403 0
1.519088776292497 -0.2833580585649458 0
1.591361537965198 -0.2833580585649516 0
1.663634299637775 -0.2833580585649571 0
1.735907061310189 -0.2833580585649626 0
1.808179822982591 -0.2833580585649684 0
1.880452584654993 -0.2833580585649739 0
1.952725346327395 -0.2833580585649795 0
2.024998107999874 -0.2833580585649851 0
2.097270869672573 -0.2833580585649908 0
2.169543631345274 -0.2833580585649964 0
2.241816393017974 -0.283358058565002 0
2.314089154690676 -0.2833580585650076 0
2.386361916363376 -0.2833580585650132 0
2.458634678036077 -0.2833580585650189 0
2.530907439708778 -0.2833580585650244 0
2.603180201381479 -0.28335805856503 0
2.675452963054179 -0.2833580585650356 0
2.747725724726881 -0.2833580585650412 0
2.819998486399581 -0.2833580585650469 0
2.892271248072288 -0.2833580585650525 0
2.964544009745019 -0.283358058565058 0
3.036816771417755 -0.2833580585650637 0
3.109089533090494 -0.2833580585650693 0
3.18136229476323 -0.283358058565075 0
3.253635056435968 -0.2833580585650806 0
3.325907818108705 -0.2833580585650861 0
3.398180579781442 -0.2833580585650917 0
3.47045334145418 -0.2833580585650974 0
3.542726103126917 -0.2833580585651029 0
3.614998864799655 -0.2833580585651086 0
3.687271626472393 -0.2833580585651142 0
3.75954438814513 -0.2833580585651198 0
3.831817149817868 -0.2833580585651254 0
3.904089911490606 -0.2833580585651311 0
3.976362673163344 -0.2833580585651366 0
4.048635434836081 -0.2833580585651423 0
4.120908196508819 -0.2833580585651478 0
4.193180958181557 -0.2833580585651535 0
4.265453719854295 -0.2833580585651591 0
4.337726481527031 -0.2833580585651647 0
4.40999924319977 -0.2833580585651703 0
4.482272004872509 -0.2833580585651759 0
4.554544766545245 -0.2833580585651816 0
4.626817528217982 -0.2833580585651871 0
4.699090289890722 -0.2833580585651926 0
4.771363051563459 -0.2833580585651983 0
4.843635813236195 -0.283358058565204 0
4.915908574908934 -0.2833580585652095 0
4.988181336581671 -0.2833580585652152 0
5.060454098254412 -0.2833580585652207 0
5.132726859927148 -0.2833580585652264 0
5.204999621599884 -0.2833580585652321 0
5.277272383272622 -0.2833580585652377 0
5.34954514494536 -0.2833580585652433 0
5.421817906618097 -0.2833580585652488 0
5.494090668290836 -0.2833580585652544 0
5.566363429963573 -0.2833580585652601 0
5.638636191636312 -0.2833580585652657 0
5.710908953309048 -0.2833580585652712 0
5.783181714981787 -0.2833580585652768 0
5.855454476654526 -0.2833580585652825 0
5.927727238327263 -0.2833580585652882 0
0.2660598535211613 -0.4415722302915523 0
0.3255445607908921 -0.4411983271815416 0
0.3872284324878996 -0.4395708551906023 0
0.4502480594982305 -0.436855993478743 0
0.5137138414272787 -0.4332479187818419 0
0.5767334684376131 -0.4289471298690386 0
0.6384173401346267 -0.4241550286570818 0
0.6979020474043633 -0.4190630824390238 0
0.7543530818563495 -0.4138528238842211 0
0.8069892208090267 -0.4086958510383337 0
0.8550852367325739 -0.4037619556518042 0
0.8979899602010881 -0.3992146074418143 0
0.9351335050734622 -0.3952154698303281 0
0.9660362999694567 -0.3919162716156134 0
0.9903181197458002 -0.3894506786437634 0
1.007700794939001 -0.3879261654802179 0
1.018019049536653 -0.3874095650480236 0
1.090221672007055 -0.387409565048031 0
1.162424294477508 -0.3874095650480384 0
1.23462691694777 -0.3874095650480457 0
1.306829539418104 -0.387409565048053 0
1.379032161888585 -0.3874095650480603 0
1.451234784359065 -0.3874095650480677 0
1.523437406829545 -0.3874095650480749 0
1.595640029300025 -0.3874095650480823 0
1.667842651770385 -0.3874095650480898 0
1.740045274240586 -0.387409565048097 0
1.812247896710776 -0.3874095650481044 0
1.884450519180966 -0.3874095650481116 0
1.956653141651156 -0.387409565048119 0
2.028855764121422 -0.3874095650481264 0
2.101058386591901 -0.3874095650481336 0
2.173261009062381 -0.3874095650481411 0
2.245463631532862 -0.3874095650481483 0
2.317666254003341 -0.3874095650481557 0
2.389868876473821 -0.387409565048163 0
2.462071498944302 -0.3874095650481704 0
2.534274121414782 -0.3874095650481777 0
2.606476743885263 -0.387409565048185 0
2.678679366355742 -0.3874095650481924 0
2.750881988826224 -0.3874095650481997 0
2.823084611296703 -0.387409565048207 0
2.895287233767192 -0.3874095650482143 0
2.967489856237714 -0.3874095650482216 0
3.039692478708245 -0.387409565048229 0
3.111895101178775 -0.3874095650482363 0
3.184097723649304 -0.3874095650482436 0
3.256300346119835 -0.387409565048251 0
3.328502968590365 -0.3874095650482583 0
3.400705591060894 -0.3874095650482656 0
3.472908213531426 -0.387409565048273 0
3.545110836001957 -0.3874095650482804 0
3.617313458472487 -0.3874095650482877 0
3.689516080943017 -0.387409565048295 0
3.761718703413548 -0.3874095650483023 0
3.833921325884079 -0.3874095650483095 0
3.906123948354609 -0.387409565048317 0
3.978326570825141 -0.3874095650483242 0
4.05052919329567 -0.3874095650483316 0
4.122731815766201 -0.387409565048339 0
4.194934438236732 -0.3874095650483463 0
4.267137060707263 -0.3874095650483537 0
4.339339683177793 -0.387409565048361 0
4.411542305648325 -0.3874095650483683 0
4.483744928118856 -0.3874095650483757 0
4.555947550589386 -0.387409565048383 0
4.628150173059918 -0.3874095650483902 0
4.700352795530449 -0.3874095650483977 0
4.772555418000978 -0.387409565048405 0
4.844758040471508 -0.3874095650484123 0
4.916960662942039 -0.3874095650484197 0
4.989163285412569 -0.3874095650484269 0
5.0613659078831 -0.3874095650484343 0
5.133568530353633 -0.3874095650484417 0
5.205771152824162 -0.387409565048449 0
5.277973775294693 -0.3874095650484563 0
5.350176397765224 -0.3874095650484637 0
5.422379020235754 -0.387409565048471 0
5.494581642706286 -0.3874095650484783 0
5.566784265176816 -0.3874095650484857 0
5.638986887647347 -0.3874095650484931 0
5.711189510117878 -0.3874095650485004 0
5.783392132588408 -0.3874095650485077 0
5.855594755058938 -0.3874095650485149 0
5.92779737752947 -0.3874095650485224 0
0.2601234631187099 -0.549188292884932 0
0.3199191468873133 -0.5488256975723824 0
0.3818474866609418 -0.547247444545264 0
0.4450711850511751 -0.5446146872758252 0
0.5087275454810322 -0.5411157300930517 0
0.5719512438712699 -0.536945008164547 0
0.6338795836449065 -0.5322978324920044 0
0.6936752674135176 -0.5273598799021434 0
0.7505290244795086 -0.5223071930467142 0
0.8036832583564947 -0.5173061804024949 0
0.8524346742715599 -0.5125214987780867 0
0.8961517958470333 -0.5081116741434732 0
0.9342819717732002 -0.5042334808004609 0
0.9663601341491714 -0.5010340588758857 0
0.9920175568237797 -0.4986430318148163 0
1.010984482897824 -0.4971646238737613 0
1.023100634733139 -0.4966636467752555 0
1.095229611041266 -0.4966636467752655 0
1.167358587349442 -0.4966636467752756 0
1.239487563657434 -0.4966636467752854 0
1.311616539965495 -0.4966636467752956 0
1.383745516273697 -0.4966636467753057 0
1.4558744925819 -0.4966636467753157 0
1.528003468890103 -0.4966636467753257 0
1.600132445198306 -0.4966636467753358 0
1.672261421506392 -0.4966636467753458 0
1.744390397814324 -0.496663646775356 0
1.816519374122245 -0.496663646775366 0
1.888648350430167 -0.4966636467753762 0
1.960777326738087 -0.4966636467753862 0
2.032906303046082 -0.4966636467753962 0
2.105035279354283 -0.4966636467754063 0
2.177164255662486 -0.4966636467754163 0
2.249293231970688 -0.4966636467754262 0
2.321422208278891 -0.4966636467754363 0
2.393551184587094 -0.4966636467754464 0
2.465680160895296 -0.4966636467754564 0
2.5378091372035 -0.4966636467754667 0
2.609938113511702 -0.4966636467754765 0
2.682067089819903 -0.4966636467754865 0
2.754196066128107 -0.4966636467754966 0
2.82632504243631 -0.4966636467755069 0
2.898454018744522 -0.4966636467755168 0
2.970582995052779 -0.4966636467755268 0
3.042711971361046 -0.496663646775537 0
3.114840947669313 -0.496663646775547 0
3.186969923977581 -0.496663646775557 0
3.259098900285847 -0.496663646775567 0
3.331227876594113 -0.4966636467755772 0
3.40335685290238 -0.4966636467755872 0
3.475485829210647 -0.4966636467755972 0
3.547614805518915 -0.4966636467756073 0
3.619743781827181 -0.4966636467756173 0
3.691872758135449 -0.4966636467756275 0
3.764001734443715 -0.4966636467756375 0
3.836130710751983 -0.4966636467756474 0
3.908259687060251 -0.4966636467756578 0
3.980388663368517 -0.4966636467756678 0
4.052517639676784 -0.4966636467756778 0
4.124646615985052 -0.4966636467756878 0
4.196775592293321 -0.4966636467756976 0
4.268904568601586 -0.4966636467757077 0
4.341033544909854 -0.4966636467757179 0
4.41316252121812 -0.4966636467757279 0
4.485291497526388 -0.4966636467757379 0
4.557420473834654 -0.4966636467757479 0
4.629549450142922 -0.4966636467757581 0
4.70167842645119 -0.4966636467757679 0
4.773807402759457 -0.4966636467757781 0
4.845936379067724 -0.4966636467757882 0
4.918065355375991 -0.4966636467757982 0
4.990194331684259 -0.4966636467758084 0
5.062323307992527 -0.4966636467758184 0
5.134452284300795 -0.4966636467758284 0
5.20658126060906 -0.4966636467758384 0
5.27871023691733 -0.4966636467758486 0
5.350839213225596 -0.4966636467758587 0
5.422968189533862 -0.4966636467758686 0
5.495097165842129 -0.4966636467758787 0
5.567226142150398 -0.4966636467758888 0
5.639355118458663 -0.4966636467758989 0
5.711484094766931 -0.4966636467759089 0
5.783613071075198 -0.4966636467759189 0
5.855742047383466 -0.496663646775929 0
5.927871023691733 -0.4966636467759389 0
0.253890253229529 -0.6621851580026197 0
0.3140124623201993 -0.6618344358773404 0
0.3761974935729048 -0.6603078627619565 0
0.4396354669108875 -0.6577613151565971 0
0.5034919347655221 -0.654376931363043 0
0.5669299081035106 -0.6503427797673207 0
0.6291149393562258 -0.6458477759103466 0
0.6892371484469059 -0.6410715166292266 0
0.7465137642553364 -0.6361842800572528 0
0.8002119977999322 -0.631347025623907 0
0.8496515837024051 -0.6267190184488867 0
0.8942217232856149 -0.6224535935676443 0
0.9333878618127142 -0.6187023917058493 0
0.9667001600360494 -0.6156077348853589 0
0.993801965746097 -0.6132950020301893 0
1.014432355236118 -0.61186500457249 0
1.028436299160864 -0.6113804319742687 0
1.100487946999016 -0.6113804319742812 0
1.172539594837216 -0.6113804319742937 0
1.244591242675237 -0.6113804319743062 0
1.316642890513326 -0.611380431974319 0
1.388694538351551 -0.6113804319743312 0
1.460746186189777 -0.6113804319743441 0
1.532797834028003 -0.6113804319743568 0
1.604849481866228 -0.6113804319743692 0
1.676901129704341 -0.6113804319743816 0
1.748952777542305 -0.6113804319743943 0
1.821004425380258 -0.6113804319744067 0
1.893056073218211 -0.6113804319744192 0
1.965107721056164 -0.6113804319744318 0
2.037159368894188 -0.6113804319744442 0
2.109211016732411 -0.6113804319744569 0
2.181262664570638 -0.6113804319744693 0
2.253314312408864 -0.6113804319744822 0
2.325365960247089 -0.6113804319744945 0
2.397417608085314 -0.6113804319745072 0
2.469469255923539 -0.6113804319745197 0
2.541520903761766 -0.6113804319745323 0
2.613572551599991 -0.6113804319745448 0
2.685624199438216 -0.6113804319745575 0
2.757675847276443 -0.6113804319745698 0
2.829727495114668 -0.6113804319745826 0
2.901779142952907 -0.611380431974595 0
2.973830790791197 -0.6113804319746077 0
3.045882438629502 -0.6113804319746202 0
3.117934086467806 -0.6113804319746328 0
3.189985734306111 -0.6113804319746452 0
3.262037382144416 -0.6113804319746577 0
3.33408902998272 -0.6113804319746703 0
3.406140677821024 -0.6113804319746828 0
3.47819232565933 -0.6113804319746954 0
3.550243973497634 -0.611380431974708 0
3.622295621335939 -0.6113804319747207 0
3.694347269174244 -0.6113804319747331 0
3.766398917012547 -0.6113804319747457 0
3.838450564850853 -0.6113804319747582 0
3.910502212689158 -0.6113804319747707 0
3.982553860527463 -0.6113804319747833 0
4.054605508365767 -0.611380431974796 0
4.126657156204072 -0.6113804319748085 0
4.198708804042377 -0.6113804319748211 0
4.270760451880683 -0.6113804319748335 0
4.342812099718987 -0.611380431974846 0
4.414863747557294 -0.6113804319748586 0
4.486915395395597 -0.6113804319748711 0
4.558967043233903 -0.6113804319748837 0
4.631018691072208 -0.6113804319748962 0
4.703070338910512 -0.611380431974909 0
4.775121986748817 -0.6113804319749212 0
4.84717363458712 -0.611380431974934 0
4.919225282425426 -0.6113804319749465 0
4.991276930263731 -0.6113804319749591 0
5.063328578102036 -0.6113804319749716 0
5.135380225940342 -0.6113804319749843 0
5.207431873778646 -0.6113804319749967 0
5.27948352161695 -0.6113804319750094 0
5.351535169455256 -0.611380431975022 0
5.423586817293561 -0.6113804319750346 0
5.495638465131864 -0.6113804319750471 0
5.567690112970173 -0.6113804319750594 0
5.639741760808476 -0.6113804319750721 0
5.711793408646781 -0.6113804319750846 0
5.783845056485085 -0.6113804319750972 0
5.855896704323392 -0.6113804319751097 0
5.927948352161696 -0.6113804319751222 0
0.2473453828454031 -0.7808318663850005 0
0.307810443524269 -0.7804936111063551 0
0.370265000830025 -0.7790213018982955 0
0.4339279628631616 -0.7765652744402254 0
0.4979945435138282 -0.7733011927053608 0
0.5616575055469715 -0.769410439959069 0
0.6241120628527392 -0.765075216508453 0
0.6845771235316167 -0.7604687352015215 0
0.7422977410196419 -0.7557552214271883 0
0.7965671742152701 -0.751089913115272 0
0.8467293386045743 -0.7466264141121202 0
0.8921951470959739 -0.7425126089719281 0
0.9324490463541326 -0.7388947481654203 0
0.9670571872172959 -0.7359100947042262 0
0.9956755951146672 -0.7336795707652572 0
1.018052621191591 -0.7323004043150841 0
1.034038746810387 -0.7318330564421629 0
1.10600919975506 -0.7318330564421771 0
1.177979652699778 -0.7318330564421912 0
1.249950105644326 -0.7318330564422054 0
1.321920558588936 -0.7318330564422196 0
1.39389101153368 -0.731833056442234 0
1.465861464478424 -0.7318330564422482 0
1.537831917423167 -0.7318330564422623 0
1.609802370367911 -0.7318330564422764 0
1.681772823312546 -0.7318330564422907 0
1.753743276257037 -0.7318330564423049 0
1.825713729201518 -0.731833056442319 0
1.897684182145999 -0.7318330564423333 0
1.969654635090479 -0.7318330564423476 0
2.041625088035029 -0.7318330564423619 0
2.11359554097977 -0.7318330564423761 0
2.185565993924515 -0.7318330564423903 0
2.257536446869258 -0.7318330564424044 0
2.329506899814002 -0.7318330564424187 0
2.401477352758745 -0.7318330564424329 0
2.473447805703488 -0.7318330564424471 0
2.545418258648233 -0.7318330564424612 0
2.617388711592977 -0.7318330564424755 0
2.689359164537719 -0.7318330564424896 0
2.761329617482463 -0.7318330564425038 0
2.833300070427207 -0.7318330564425182 0
2.905270523371966 -0.7318330564425325 0
2.977240976316789 -0.7318330564425465 0
3.049211429261626 -0.7318330564425609 0
3.121181882206464 -0.731833056442575 0
3.193152335151303 -0.7318330564425892 0
3.26512278809614 -0.7318330564426034 0
3.337093241040979 -0.7318330564426178 0
3.409063693985817 -0.7318330564426316 0
3.481034146930654 -0.7318330564426461 0
3.553004599875494 -0.7318330564426605 0
3.624975052820331 -0.7318330564426744 0
3.69694550576517 -0.7318330564426887 0
3.768915958710007 -0.7318330564427029 0
3.840886411654847 -0.7318330564427171 0
3.912856864599685 -0.7318330564427312 0
3.984827317544523 -0.7318330564427454 0
4.056797770489362 -0.7318330564427598 0
4.1287682234342 -0.7318330564427742 0
4.200738676379039 -0.7318330564427884 0
4.272709129323878 -0.7318330564428025 0
4.344679582268715 -0.7318330564428166 0
4.416650035213554 -0.7318330564428308 0
4.488620488158394 -0.731833056442845 0
4.560590941103229 -0.731833056442859 0
4.632561394048069 -0.7318330564428732 0
4.704531846992908 -0.7318330564428877 0
4.776502299937746 -0.7318330564429019 0
4.848472752882584 -0.7318330564429162 0
4.920443205827422 -0.7318330564429304 0
4.992413658772261 -0.7318330564429445 0
5.0643841117171 -0.7318330564429587 0
5.136354564661939 -0.7318330564429729 0
5.208325017606777 -0.7318330564429869 0
5.280295470551615 -0.7318330564430011 0
5.352265923496454 -0.7318330564430153 0
5.424236376441293 -0.7318330564430298 0
5.49620682938613 -0.7318330564430439 0
5.568177282330968 -0.7318330564430583 0
5.640147735275807 -0.7318330564430725 0
5.712118188220646 -0.7318330564430866 0
5.784088641165484 -0.7318330564431007 0
5.856059094110323 -0.7318330564431149 0
5.928029547055161 -0.7318330564431292 0
0.2404732689123485 -0.9054109107253201 0
0.301298323760377 -0.9050857456356988 0
0.3640358834230605 -0.9036704135305784 0
0.4279350835871302 -0.9013094322275752 0
0.4922222826745849 -0.8981716676548822 0
0.5561214828386625 -0.8944314837011458 0
0.6188590425013598 -0.8902640296779341 0
0.6796840973494016 -0.885835815244674 0
0.7378709166030176 -0.8813047104086543 0
0.7927401094348244 -0.8768199455250218 0
0.8436609812385837 -0.8725291801030807 0
0.8900672420876505 -0.8685745756916819 0
0.9314632901183624 -0.8650967229938329 0
0.9674320657592304 -0.8622275730604014 0
0.9976429059601806 -0.8600833684838175 0
1.021853900461285 -0.8587575745917791 0
1.039921316867838 -0.8583083126805021 0
1.111806515173989 -0.8583083126805204 0
1.183691713480183 -0.8583083126805384 0
1.255576911786212 -0.8583083126805566 0
1.327462110092304 -0.8583083126805746 0
1.399347308398523 -0.8583083126805928 0
1.471232506704741 -0.858308312680611 0
1.543117705010959 -0.8583083126806295 0
1.615002903317178 -0.8583083126806472 0
1.686888101623293 -0.8583083126806657 0
1.758773299929268 -0.8583083126806833 0
1.830658498235235 -0.8583083126807018 0
1.902543696541201 -0.8583083126807201 0
1.974428894847167 -0.858308312680738 0
2.046314093153199 -0.8583083126807564 0
2.118199291459415 -0.8583083126807747 0
2.190084489765635 -0.8583083126807927 0
2.261969688071854 -0.8583083126808105 0
2.333854886378072 -0.8583083126808289 0
2.405740084684291 -0.8583083126808471 0
2.477625282990509 -0.8583083126808652 0
2.549510481296728 -0.8583083126808834 0
2.621395679602947 -0.8583083126809015 0
2.693280877909165 -0.8583083126809197 0
2.765166076215384 -0.858308312680938 0
2.837051274521602 -0.8583083126809561 0
2.90893647282784 -0.8583083126809742 0
2.98082167113415 -0.8583083126809924 0
3.05270686944048 -0.8583083126810104 0
3.12459206774681 -0.8583083126810286 0
3.196477266053139 -0.8583083126810467 0
3.268362464359468 -0.8583083126810649 0
3.340247662665797 -0.8583083126810829 0
3.412132860972127 -0.8583083126811013 0
3.484018059278456 -0.8583083126811195 0
3.555903257584787 -0.8583083126811376 0
3.627788455891117 -0.8583083126811556 0
3.699673654197445 -0.8583083126811737 0
3.771558852503775 -0.8583083126811921 0
3.843444050810104 -0.8583083126812103 0
3.915329249116435 -0.8583083126812283 0
3.987214447422765 -0.8583083126812463 0
4.059099645729093 -0.8583083126812645 0
4.130984844035424 -0.8583083126812828 0
4.202870042341755 -0.8583083126813009 0
4.274755240648084 -0.8583083126813191 0
4.346640438954414 -0.8583083126813373 0
4.418525637260744 -0.8583083126813552 0
4.490410835567074 -0.8583083126813732 0
4.562296033873403 -0.8583083126813916 0
4.634181232179733 -0.8583083126814097 0
4.706066430486064 -0.858308312681428 0
4.777951628792392 -0.8583083126814459 0
4.849836827098724 -0.8583083126814645 0
4.921722025405052 -0.8583083126814823 0
4.993607223711384 -0.8583083126815008 0
5.065492422017712 -0.8583083126815187 0
5.137377620324042 -0.8583083126815371 0
5.209262818630371 -0.8583083126815551 0
5.281148016936701 -0.8583083126815731 0
5.353033215243032 -0.8583083126815914 0
5.42491841354936 -0.8583083126816096 0
5.496803611855692 -0.8583083126816278 0
5.568688810162021 -0.8583083126816458 0
5.64057400846835 -0.8583083126816642 0
5.71245920677468 -0.8583083126816821 0
5.78434440508101 -0.8583083126817005 0
5.856229603387342 -0.8583083126817185 0
5.92811480169367 -0.8583083126817366 0
0.2332575492395724 -1.036218908063415 0
0.2944605979674777 -1.035907487672351 0
0.3574953101067085 -1.034551981525674 0
0.4216425603097387 -1.032290798686086 0
0.4861614087572034 -1.029285667134465 0
0.5503086589602425 -1.025703580413855 0
0.6133433710994893 -1.021712284290469 0
0.6745464198274103 -1.017471250075682 0
0.7332227509378182 -1.013131674626033 0
0.7887216913913717 -1.00883648034323 0
0.8404392059850632 -1.004727085182643 0
0.8878329418155748 -1.000939641537475 0
0.9304282460646252 -0.9976087973545946 0
0.9678256882306113 -0.9948609261260377 0
0.9997085823602982 -0.9928073568804987 0
1.025845243718287 -0.9915376041748367 0
1.046098015465027 -0.991107332523399 0
1.117893696400195 -0.991107332523421 0
1.189689377335405 -0.9911073325234434 0
1.261485058270457 -0.9911073325234649 0
1.333280739205569 -0.9911073325234872 0
1.405076420140802 -0.9911073325235091 0
1.476872101076035 -0.9911073325235311 0
1.548667782011268 -0.9911073325235535 0
1.620463462946502 -0.9911073325235755 0
1.692259143881634 -0.991107332523598 0
1.764054824816635 -0.9911073325236197 0
1.835850505751627 -0.9911073325236415 0
1.907646186686618 -0.9911073325236639 0
1.979441867621609 -0.9911073325236861 0
2.051237548556664 -0.9911073325237081 0
2.123033229491894 -0.9911073325237298 0
2.194828910427129 -0.9911073325237525 0
2.266624591362361 -0.9911073325237745 0
2.338420272297595 -0.9911073325237965 0
2.410215953232827 -0.9911073325238182 0
2.482011634168061 -0.9911073325238404 0
2.553807315103294 -0.9911073325238626 0
2.625602996038528 -0.9911073325238846 0
2.697398676973759 -0.9911073325239068 0
2.769194357908994 -0.9911073325239288 0
2.840990038844226 -0.9911073325239506 0
2.912785719779482 -0.991107332523973 0
2.984581400714821 -0.991107332523995 0
3.056377081650182 -0.9911073325240169 0
3.128172762585544 -0.9911073325240392 0
3.199968443520905 -0.9911073325240611 0
3.271764124456265 -0.9911073325240833 0
3.343559805391625 -0.9911073325241051 0
3.415355486326987 -0.9911073325241277 0
3.487151167262349 -0.9911073325241495 0
3.55894684819771 -0.9911073325241715 0
3.630742529133071 -0.9911073325241937 0
3.702538210068433 -0.9911073325242157 0
3.774333891003793 -0.9911073325242374 0
3.846129571939156 -0.9911073325242596 0
3.917925252874516 -0.9911073325242818 0
3.989720933809879 -0.9911073325243043 0
4.06151661474524 -0.9911073325243263 0
4.133312295680603 -0.9911073325243482 0
4.205107976615964 -0.9911073325243704 0
4.276903657551326 -0.9911073325243924 0
4.348699338486686 -0.9911073325244144 0
4.420495019422047 -0.9911073325244364 0
4.492290700357411 -0.9911073325244586 0
4.564086381292771 -0.9911073325244808 0
4.635882062228131 -0.9911073325245028 0
4.707677743163496 -0.9911073325245245 0
4.779473424098855 -0.991107332524547 0
4.851269105034214 -0.991107332524569 0
4.923064785969578 -0.9911073325245912 0
4.994860466904939 -0.991107332524613 0
5.066656147840302 -0.9911073325246352 0
5.138451828775662 -0.9911073325246571 0
5.210247509711023 -0.9911073325246795 0
5.282043190646386 -0.9911073325247014 0
5.353838871581747 -0.9911073325247237 0
5.425634552517107 -0.9911073325247455 0
5.497430233452469 -0.9911073325247679 0
5.569225914387832 -0.9911073325247899 0
5.641021595323193 -0.9911073325248119 0
5.712817276258552 -0.991107332524834 0
5.784612957193916 -0.9911073325248562 0
5.856408638129277 -0.9911073325248783 0
5.928204319064639 -0.9911073325249 0
0.2256810436204726 -1.173567304591948 0
0.2872809859202938 -1.173270316134296 0
0.3506277081583625 -1.171977627243673 0
0.4150354109010184 -1.169821232790153 0
0.4797974911752954 -1.16695536590997 0
0.5442051939179616 -1.163539281283323 0
0.6075519161560483 -1.159732950953841 0
0.669151858455887 -1.155688455967479 0
0.7283421770133953 -1.151549986372529 0
0.7845023524665252 -1.147453841219615 0
0.8370563419855256 -1.143534884832509 0
0.8854869265414467 -1.139922959991016 0
0.9293414498135506 -1.136746474748092 0
0.9682389918235206 -1.134125946159024 0
1.001877542569734 -1.132167544010613 0
1.030036154117492 -1.130956634550355 0
1.052583548960125 -1.13054630267165 0
1.124285236656225 -1.130546302671674 0
1.195986924352364 -1.130546302671698 0
1.267688612048353 -1.130546302671722 0
1.339390299744398 -1.130546302671746 0
1.411091987440559 -1.13054630267177 0
1.482793675136722 -1.130546302671794 0
1.554495362832883 -1.130546302671819 0
1.626197050529044 -1.130546302671842 0
1.69789873822511 -1.130546302671867 0
1.76960042592105 -1.130546302671891 0
1.84130211361698 -1.130546302671915 0
1.913003801312911 -1.130546302671939 0
1.984705489008842 -1.130546302671963 0
2.056407176704833 -1.130546302671987 0
2.128108864400993 -1.130546302672011 0
2.199810552097154 -1.130546302672035 0
2.271512239793316 -1.130546302672059 0
2.343213927489478 -1.130546302672084 0
2.414915615185639 -1.130546302672108 0
2.486617302881801 -1.130546302672132 0
2.558318990577962 -1.130546302672156 0
2.630020678274124 -1.13054630267218 0
2.701722365970284 -1.130546302672204 0
2.773424053666447 -1.130546302672229 0
2.845125741362608 -1.130546302672253 0
2.916827429058793 -1.130546302672277 0
2.988529116755077 -1.130546302672301 0
3.060230804451384 -1.130546302672325 0
3.131932492147692 -1.130546302672349 0
3.203634179843999 -1.130546302672373 0
3.275335867540306 -1.130546302672397 0
3.347037555236614 -1.130546302672421 0
3.418739242932921 -1.130546302672446 0
3.490440930629228 -1.13054630267247 0
3.562142618325537 -1.130546302672494 0
3.633844306021844 -1.130546302672518 0
3.705545993718152 -1.130546302672542 0
3.777247681414459 -1.130546302672566 0
3.848949369110767 -1.13054630267259 0
3.920651056807074 -1.130546302672615 0
3.992352744503384 -1.130546302672639 0
4.064054432199688 -1.130546302672663 0
4.135756119895999 -1.130546302672687 0
4.207457807592306 -1.130546302672712 0
4.279159495288614 -1.130546302672736 0
4.35086118298492 -1.13054630267276 0
4.422562870681229 -1.130546302672784 0
4.494264558377537 -1.130546302672808 0
4.565966246073844 -1.130546302672832 0
4.637667933770152 -1.130546302672856 0
4.709369621466461 -1.13054630267288 0
4.781071309162767 -1.130546302672904 0
4.852772996859075 -1.130546302672929 0
4.924474684555383 -1.130546302672953 0
4.99617637225169 -1.130546302672977 0
5.067878059948001 -1.130546302673001 0
5.139579747644308 -1.130546302673025 0
5.211281435340615 -1.130546302673049 0
5.282983123036921 -1.130546302673074 0
5.354684810733231 -1.130546302673098 0
5.426386498429536 -1.130546302673121 0
5.498088186125845 -1.130546302673146 0
5.569789873822154 -1.13054630267317 0
5.64149156151846 -1.130546302673194 0
5.713193249214768 -1.130546302673218 0
5.784894936911075 -1.130546302673243 0
5.856596624607385 -1.130546302673266 0
5.928298312303694 -1.13054630267329 0
0.2177257127758102 -1.317783119942755 0
0.2797423933232412 -1.317501285015083 0
0.3434167261628088 -1.316274554242857 0
0.4080979040701673 -1.314228187593945 0
0.4731153777608192 -1.311508548617755 0
0.5377965556681895 -1.308266766188559 0
0.6014708885077775 -1.304654649941323 0
0.6634875690552284 -1.300816521143373 0
0.7232175744284342 -1.296889212694388 0
0.7800720466262856 -1.293002069126403 0
0.8335043348107452 -1.289283073450062 0
0.8830236105207663 -1.285855443351147 0
0.9282003137578702 -1.282841034994049 0
0.9686729605930573 -1.280354216175515 0
1.004154950773788 -1.278495739478393 0
1.034436610006022 -1.277346615425379 0
1.059393359082569 -1.276957220307897 0
1.130996353878334 -1.276957220307926 0
1.202599348674136 -1.276957220307954 0
1.274202343469795 -1.276957220307982 0
1.345805338265508 -1.276957220308009 0
1.417408333061332 -1.276957220308037 0
1.489011327857155 -1.276957220308065 0
1.560614322652979 -1.276957220308093 0
1.632217317448801 -1.276957220308122 0
1.703820312244535 -1.276957220308149 0
1.775423307040147 -1.276957220308177 0
1.847026301835751 -1.276957220308205 0
1.918629296631356 -1.276957220308233 0
1.99023229142696 -1.276957220308261 0
2.061835286222623 -1.276957220308289 0
2.133438281018443 -1.276957220308317 0
2.205041275814267 -1.276957220308345 0
2.27664427061009 -1.276957220308373 0
2.348247265405913 -1.276957220308401 0
2.419850260201737 -1.276957220308428 0
2.491453254997561 -1.276957220308456 0
2.563056249793384 -1.276957220308484 0
2.634659244589206 -1.276957220308512 0
2.706262239385029 -1.27695722030854 0
2.777865234180853 -1.276957220308568 0
2.849468228976677 -1.276957220308595 0
2.921071223772527 -1.276957220308624 0
2.992674218568488 -1.276957220308652 0
3.064277213364475 -1.27695722030868 0
3.135880208160465 -1.276957220308707 0
3.207483202956452 -1.276957220308735 0
3.27908619775244 -1.276957220308763 0
3.350689192548427 -1.276957220308791 0
3.422292187344416 -1.276957220308819 0
3.493895182140404 -1.276957220308847 0
3.565498176936393 -1.276957220308875 0
3.637101171732381 -1.276957220308903 0
3.70870416652837 -1.276957220308931 0
3.780307161324358 -1.276957220308959 0
3.851910156120347 -1.276957220308987 0
3.923513150916334 -1.276957220309015 0
3.995116145712323 -1.276957220309042 0
4.066719140508311 -1.27695722030907 0
4.138322135304301 -1.276957220309098 0
4.209925130100288 -1.276957220309126 0
4.281528124896278 -1.276957220309154 0
4.353131119692264 -1.276957220309182 0
4.424734114488253 -1.27695722030921 0
4.496337109284243 -1.276957220309238 0
4.567940104080232 -1.276957220309266 0
4.639543098876221 -1.276957220309294 0
4.711146093672209 -1.276957220309321 0
4.782749088468197 -1.27695722030935 0
4.854352083264184 -1.276957220309377 0
4.925955078060173 -1.276957220309406 0
4.99755807285616 -1.276957220309433 0
5.069161067652151 -1.276957220309461 0
5.140764062448137 -1.276957220309489 0
5.212367057244126 -1.276957220309517 0
5.283970052040115 -1.276957220309545 0
5.355573046836104 -1.276957220309573 0
5.427176041632091 -1.276957220309601 0
5.498779036428082 -1.276957220309628 0
5.570382031224069 -1.276957220309657 0
5.641985026020057 -1.276957220309685 0
5.713588020816045 -1.276957220309712 0
5.785191015612034 -1.27695722030974 0
5.856794010408023 -1.276957220309768 0
5.928397005204012 -1.276957220309796 0
0.2093726154237605 -1.469209725429404 0
0.2718268711293566 -1.468943801708141 0
0.3358451950990629 -1.467786326959944 0
0.4008135219281613 -1.465855489505386 0
0.4660991587048881 -1.463289389827747 0
0.5310674855339997 -1.460230624705108 0
0.5950858095037288 -1.456822433243382 0
0.6575400652093473 -1.453200988942359 0
0.717836741736671 -1.449495399695711 0
0.7754202255134386 -1.445827707790984 0
0.8297747272927831 -1.442318670860069 0
0.8804371287098403 -1.439084550240054 0
0.9270021209044025 -1.436240322612362 0
0.9691286277991678 -1.433893899052302 0
1.006546229378066 -1.432140344078596 0
1.0390570886697 -1.431056094702918 0
1.066543659681303 -1.430688683184629 0
1.138043026932148 -1.43068868318466 0
1.209542394183028 -1.430688683184691 0
1.281041761433774 -1.430688683184721 0
1.352541128684571 -1.430688683184753 0
1.424040495935471 -1.430688683184783 0
1.495539863186372 -1.430688683184814 0
1.567039230437272 -1.430688683184845 0
1.638538597688173 -1.430688683184875 0
1.710037964938988 -1.430688683184906 0
1.781537332189689 -1.430688683184937 0
1.853036699440384 -1.430688683184968 0
1.924536066691078 -1.430688683184999 0
1.996035433941771 -1.430688683185029 0
2.06753480119252 -1.43068868318506 0
2.139034168443419 -1.430688683185091 0
2.210533535694319 -1.430688683185121 0
2.28203290294522 -1.430688683185152 0
2.353532270196121 -1.430688683185183 0
2.425031637447021 -1.430688683185214 0
2.496531004697921 -1.430688683185245 0
2.568030371948822 -1.430688683185276 0
2.639529739199722 -1.430688683185307 0
2.711029106450622 -1.430688683185337 0
2.782528473701523 -1.430688683185368 0
2.854027840952423 -1.430688683185399 0
2.925527208203355 -1.43068868318543 0
2.997026575454409 -1.43068868318546 0
3.068525942705495 -1.430688683185491 0
3.14002530995658 -1.430688683185522 0
3.211524677207665 -1.430688683185553 0
3.283024044458751 -1.430688683185583 0
3.354523411709836 -1.430688683185614 0
3.426022778960921 -1.430688683185645 0
3.497522146212007 -1.430688683185676 0
3.569021513463092 -1.430688683185707 0
3.640520880714177 -1.430688683185737 0
3.712020247965262 -1.430688683185768 0
3.783519615216348 -1.430688683185799 0
3.855018982467434 -1.43068868318583 0
3.926518349718519 -1.43068868318586 0
3.998017716969605 -1.430688683185891 0
4.06951708422069 -1.430688683185922 0
4.141016451471778 -1.430688683185953 0
4.212515818722861 -1.430688683185984 0
4.284015185973947 -1.430688683186014 0
4.355514553225033 -1.430688683186045 0
4.427013920476119 -1.430688683186076 0
4.498513287727204 -1.430688683186107 0
4.570012654978289 -1.430688683186137 0
4.641512022229374 -1.430688683186168 0
4.713011389480462 -1.430688683186199 0
4.784510756731546 -1.43068868318623 0
4.856010123982632 -1.430688683186261 0
4.927509491233716 -1.430688683186291 0
4.999008858484801 -1.430688683186322 0
5.070508225735887 -1.430688683186353 0
5.142007592986975 -1.430688683186384 0
5.213506960238059 -1.430688683186415 0
5.285006327489144 -1.430688683186445 0
5.35650569474023 -1.430688683186476 0
5.428005061991316 -1.430688683186507 0
5.499504429242401 -1.430688683186538 0
5.571003796493486 -1.430688683186568 0
5.64250316374457 -1.430688683186599 0
5.714002530995659 -1.43068868318663 0
5.785501898246743 -1.430688683186661 0
5.857001265497829 -1.430688683186691 0
5.928500632748914 -1.430688683186722 0
0.2006018631838358 -1.628207661557895 0
0.2635155728065672 -1.627958444603403 0
0.3278950874637541 -1.626873688680606 0
0.3931649206613765 -1.625064156880403 0
0.4587321286791328 -1.622659273466616 0
0.5240019618767697 -1.619792676516308 0
0.5883814765339819 -1.616598606079862 0
0.6512951861567384 -1.613204680501142 0
0.7121868673972616 -1.609731896417486 0
0.7705358133336606 -1.606294628759715 0
0.825858639389873 -1.60300604851201 0
0.8777213228020928 -1.599975112845307 0
0.9257440184053564 -1.597309574983908 0
0.9696070783666931 -1.595110566445587 0
1.009057071918367 -1.593467179281723 0
1.043908591277781 -1.592451048317406 0
1.074051475327333 -1.592106719578324 0
1.145442033655761 -1.592106719578359 0
1.216832591984222 -1.592106719578395 0
1.288223150312557 -1.59210671957843 0
1.35961370864094 -1.592106719578466 0
1.43100426696942 -1.592106719578501 0
1.5023948252979 -1.592106719578536 0
1.57378538362638 -1.592106719578573 0
1.64517594195486 -1.592106719578607 0
1.71656650028326 -1.592106719578642 0
1.787957058611554 -1.592106719578678 0
1.859347616939841 -1.592106719578714 0
1.930738175268127 -1.59210671957875 0
2.002128733596413 -1.592106719578785 0
2.07351929192475 -1.59210671957882 0
2.144909850253229 -1.592106719578855 0
2.216300408581709 -1.592106719578891 0
2.28769096691019 -1.592106719578927 0
2.35908152523867 -1.592106719578962 0
2.43047208356715 -1.592106719578998 0
2.501862641895629 -1.592106719579033 0
2.57325320022411 -1.592106719579068 0
2.644643758552589 -1.592106719579104 0
2.716034316881069 -1.59210671957914 0
2.78742487520955 -1.592106719579174 0
2.858815433538029 -1.59210671957921 0
2.930205991866544 -1.592106719579246 0
3.001596550195195 -1.592106719579281 0
3.07298710852388 -1.592106719579316 0
3.144377666852567 -1.592106719579352 0
3.215768225181252 -1.592106719579387 0
3.287158783509938 -1.592106719579423 0
3.358549341838622 -1.592106719579458 0
3.429939900167309 -1.592106719579494 0
3.501330458495994 -1.59210671957953 0
3.572721016824681 -1.592106719579565 0
3.644111575153365 -1.5921067195796 0
3.715502133482051 -1.592106719579635 0
3.786892691810738 -1.592106719579671 0
3.858283250139424 -1.592106719579707 0
3.929673808468109 -1.592106719579742 0
4.001064366796796 -1.592106719579777 0
4.072454925125481 -1.592106719579812 0
4.143845483454168 -1.592106719579848 0
4.215236041782852 -1.592106719579884 0
4.286626600111538 -1.592106719579919 0
4.358017158440223 -1.592106719579955 0
4.42940771676891 -1.59210671957999 0
4.500798275097597 -1.592106719580026 0
4.572188833426282 -1.592106719580061 0
4.643579391754967 -1.592106719580097 0
4.714969950083656 -1.592106719580132 0
4.786360508412338 -1.592106719580167 0
4.857751066741026 -1.592106719580203 0
4.929141625069712 -1.592106719580238 0
5.000532183398398 -1.592106719580274 0
5.071922741727082 -1.592106719580309 0
5.14331330005577 -1.592106719580344 0
5.214703858384457 -1.59210671958038 0
5.286094416713141 -1.592106719580415 0
5.357484975041826 -1.592106719580451 0
5.428875533370514 -1.592106719580487 0
5.500266091699198 -1.592106719580522 0
5.571656650027887 -1.592106719580557 0
5.643047208356569 -1.592106719580592 0
5.714437766685256 -1.592106719580628 0
5.785828325013943 -1.592106719580663 0
5.857218883342631 -1.592106719580699 0
5.928609441671313 -1.592106719580735 0
0.1913925732659871 -1.795155495687959 0
0.2547887095051641 -1.794923820838703 0
0.3195474743869207 -1.793915419683121 0
0.3851338892737595 -1.792233258820901 0
0.4509967470967132 -1.78999765248537 0
0.5165831619835681 -1.787332832117454 0
0.5813419268653526 -1.784363588759162 0
0.6447380631045574 -1.781208557840567 0
0.7062544992984127 -1.777980219179803 0
0.7654071805081784 -1.774784896983068 0
0.8217467470623803 -1.771727796254388 0
0.874869726578543 -1.768910204790193 0
0.9244230107718998 -1.766432291184742 0
0.9701094514661895 -1.764388068420356 0
1.011693456604555 -1.762860357457652 0
1.049002669052732 -1.761915750825776 0
1.081934681812096 -1.761595659005034 0
1.153210990771169 -1.761595659005074 0
1.224487299730272 -1.761595659005113 0
1.295763608689258 -1.761595659005153 0
1.367039917648288 -1.761595659005193 0
1.438316226607408 -1.761595659005232 0
1.509592535566529 -1.761595659005272 0
1.58086884452565 -1.761595659005311 0
1.652145153484771 -1.761595659005351 0
1.723421462443817 -1.761595659005391 0
1.794697771402764 -1.76159565900543 0
1.865974080361705 -1.76159565900547 0
1.937250389320646 -1.761595659005509 0
2.008526698279586 -1.761595659005549 0
2.079803007238575 -1.761595659005589 0
2.151079316197694 -1.761595659005629 0
2.222355625156815 -1.761595659005668 0
2.293631934115935 -1.761595659005708 0
2.364908243075055 -1.761595659005747 0
2.436184552034176 -1.761595659005788 0
2.507460860993297 -1.761595659005826 0
2.578737169952418 -1.761595659005866 0
2.650013478911537 -1.761595659005907 0
2.721289787870658 -1.761595659005946 0
2.79256609682978 -1.761595659005985 0
2.8638424057889 -1.761595659006025 0
2.93511871474806 -1.761595659006064 0
3.00639502370737 -1.761595659006104 0
3.077671332666718 -1.761595659006144 0
3.148947641626067 -1.761595659006183 0
3.220223950585414 -1.761595659006223 0
3.291500259544762 -1.761595659006263 0
3.36277656850411 -1.761595659006302 0
3.434052877463459 -1.761595659006342 0
3.505329186422807 -1.761595659006381 0
3.576605495382155 -1.761595659006421 0
3.647881804341503 -1.761595659006461 0
3.719158113300852 -1.7615956590065 0
3.7904344222602 -1.76159565900654 0
3.861710731219548 -1.76159565900658 0
3.932987040178895 -1.761595659006619 0
4.004263349138244 -1.761595659006659 0
4.075539658097592 -1.761595659006699 0
4.146815967056942 -1.761595659006738 0
4.218092276016291 -1.761595659006777 0
4.289368584975638 -1.761595659006817 0
4.360644893934986 -1.761595659006857 0
4.431921202894337 -1.761595659006896 0
4.503197511853684 -1.761595659006936 0
4.574473820813031 -1.761595659006976 0
4.645750129772379 -1.761595659007016 0
4.717026438731729 -1.761595659007055 0
4.788302747691078 -1.761595659007094 0
4.859579056650425 -1.761595659007134 0
4.930855365609775 -1.761595659007174 0
5.002131674569123 -1.761595659007213 0
5.073407983528472 -1.761595659007253 0
5.14468429248782 -1.761595659007293 0
5.215960601447167 -1.761595659007333 0
5.287236910406515 -1.761595659007372 0
5.358513219365865 -1.761595659007412 0
5.429789528325213 -1.761595659007452 0
5.50106583728456 -1.761595659007491 0
5.57234214624391 -1.761595659007531 0
5.643618455203258 -1.761595659007571 0
5.714894764162606 -1.761595659007611 0
5.786171073121954 -1.76159565900765 0
5.857447382081302 -1.76159565900769 0
5.928723691040652 -1.761595659007729 0
0.1817228188728731 -1.970450721150591 0
0.2456255030582374 -1.97023746551179 0
0.3107824806749424 -1.969309236861613 0
0.3767013063347494 -1.967760815483989 0
0.4428745964524982 -1.965702950080247 0
0.5087934221123229 -1.963249995123388 0
0.5739503997290585 -1.960516820196653 0
0.6378530839144535 -1.957612628670655 0
0.7000255128079081 -1.954640957703379 0
0.7600221160529084 -1.951699678240188 0
0.8174292601277215 -1.948885631005966 0
0.8718755505502011 -1.946292050953923 0
0.9230359527597274 -1.944011142816797 0
0.9706369432195336 -1.942129445114695 0
1.014461660519143 -1.940723194162951 0
1.054351450705017 -1.939853688079976 0
1.090212048603436 -1.939559045023437 0
1.161368395724941 -1.93955904502348 0
1.232524742846475 -1.939559045023523 0
1.303681089967899 -1.939559045023566 0
1.374837437089365 -1.939559045023609 0
1.445993784210915 -1.939559045023652 0
1.517150131332464 -1.939559045023695 0
1.588306478454014 -1.939559045023738 0
1.659462825575563 -1.939559045023781 0
1.730619172697044 -1.939559045023824 0
1.801775519818434 -1.939559045023866 0
1.872931866939817 -1.939559045023909 0
1.944088214061201 -1.939559045023952 0
2.015244561182584 -1.939559045023995 0
2.086400908304012 -1.939559045024039 0
2.15755725542556 -1.939559045024081 0
2.228713602547109 -1.939559045024124 0
2.299869949668658 -1.939559045024168 0
2.371026296790209 -1.93955904502421 0
2.442182643911758 -1.939559045024253 0
2.513338991033307 -1.939559045024296 0
2.584495338154856 -1.939559045024339 0
2.655651685276405 -1.939559045024382 0
2.726808032397954 -1.939559045024425 0
2.797964379519504 -1.939559045024468 0
2.869120726641052 -1.939559045024511 0
2.940277073762644 -1.939559045024554 0
3.011433420884402 -1.939559045024597 0
3.082589768006202 -1.939559045024639 0
3.153746115128001 -1.939559045024683 0
3.224902462249802 -1.939559045024725 0
3.296058809371601 -1.939559045024769 0
3.367215156493401 -1.939559045024811 0
3.4383715036152 -1.939559045024854 0
3.509527850737001 -1.939559045024897 0
3.580684197858801 -1.93955904502494 0
3.651840544980601 -1.939559045024983 0
3.7229968921024 -1.939559045025026 0
3.794153239224199 -1.939559045025069 0
3.865309586346 -1.939559045025111 0
3.936465933467799 -1.939559045025154 0
4.007622280589601 -1.939559045025198 0
4.078778627711398 -1.93955904502524 0
4.1499349748332 -1.939559045025284 0
4.221091321955 -1.939559045025326 0
4.292247669076799 -1.939559045025369 0
4.363404016198601 -1.939559045025412 0
4.434560363320399 -1.939559045025455 0
4.505716710442201 -1.939559045025498 0
4.576873057564 -1.939559045025541 0
4.648029404685798 -1.939559045025584 0
4.719185751807601 -1.939559045025627 0
4.790342098929401 -1.93955904502567 0
4.861498446051201 -1.939559045025713 0
4.932654793173 -1.939559045025756 0
5.003811140294799 -1.939559045025799 0
5.0749674874166 -1.939559045025842 0
5.146123834538402 -1.939559045025885 0
5.217280181660199 -1.939559045025927 0
5.288436528782 -1.93955904502597 0
5.3595928759038 -1.939559045026014 0
5.430749223025598 -1.939559045026056 0
5.501905570147399 -1.939559045026099 0
5.573061917269201 -1.939559045026142 0
5.644218264390999 -1.939559045026185 0
5.715374611512798 -1.939559045026228 0
5.7865309586346 -1.939559045026271 0
5.8576873057564 -1.939559045026314 0
5.928843652878198 -1.939559045026357 0
0.1715695767754895 -2.154510707607409 0
0.2360041363035438 -2.154316792139551 0
0.3015792372913104 -2.153472744619914 0
0.3678470942622046 -2.152064749700896 0
0.4343463382889941 -2.150193512275242 0
0.5006141952599075 -2.147963015999652 0
0.566189296247708 -2.145477712925668 0
0.6306238557757959 -2.142836902761488 0
0.6934850770027847 -2.14013473287196 0
0.7543677983834374 -2.137460198278579 0
0.8128958988531919 -2.134901357213144 0
0.8687316657251963 -2.1325429891435 0
0.9215795418491404 -2.130468936747796 0
0.9711908095596886 -2.128757890360828 0
1.017368274625037 -2.127479172420393 0
1.059967671431381 -2.126688521913642 0
1.098903283721143 -2.126420600059471 0
1.169933670913393 -2.12642060005951 0
1.240964058105669 -2.12642060005955 0
1.311994445297847 -2.126420600059588 0
1.383024832490062 -2.126420600059627 0
1.454055219682353 -2.126420600059667 0
1.525085606874644 -2.126420600059705 0
1.596115994066934 -2.126420600059745 0
1.667146381259225 -2.126420600059784 0
1.738176768451453 -2.126420600059823 0
1.809207155643599 -2.126420600059862 0
1.880237542835739 -2.126420600059901 0
1.951267930027879 -2.12642060005994 0
2.022298317220019 -2.126420600059979 0
2.093328704412198 -2.126420600060018 0
2.164359091604488 -2.126420600060058 0
2.235389478796779 -2.126420600060096 0
2.306419865989069 -2.126420600060135 0
2.377450253181361 -2.126420600060174 0
2.448480640373651 -2.126420600060213 0
2.519511027565942 -2.126420600060253 0
2.590541414758233 -2.126420600060292 0
2.661571801950523 -2.126420600060331 0
2.732602189142813 -2.12642060006037 0
2.803632576335105 -2.126420600060409 0
2.874662963527395 -2.126420600060448 0
2.945693350719732 -2.126420600060487 0
3.016723737912252 -2.126420600060527 0
3.087754125104817 -2.126420600060565 0
3.158784512297382 -2.126420600060604 0
3.229814899489948 -2.126420600060643 0
3.300845286682511 -2.126420600060683 0
3.371875673875078 -2.126420600060722 0
3.442906061067642 -2.12642060006076 0
3.513936448260208 -2.1264206000608 0
3.584966835452773 -2.126420600060839 0
3.65599722264534 -2.126420600060878 0
3.727027609837903 -2.126420600060917 0
3.798057997030469 -2.126420600060956 0
3.869088384223035 -2.126420600060996 0
3.940118771415601 -2.126420600061035 0
4.011149158608166 -2.126420600061073 0
4.082179545800733 -2.126420600061113 0
4.153209932993298 -2.126420600061152 0
4.224240320185863 -2.126420600061191 0
4.295270707378428 -2.12642060006123 0
4.366301094570991 -2.12642060006127 0
4.43733148176356 -2.126420600061309 0
4.508361868956124 -2.126420600061347 0
4.579392256148691 -2.126420600061387 0
4.650422643341254 -2.126420600061426 0
4.721453030533823 -2.126420600061465 0
4.792483417726388 -2.126420600061504 0
4.863513804918954 -2.126420600061543 0
4.934544192111519 -2.126420600061582 0
5.005574579304083 -2.126420600061621 0
5.076604966496649 -2.12642060006166 0
5.147635353689216 -2.126420600061699 0
5.218665740881779 -2.126420600061738 0
5.289696128074346 -2.126420600061778 0
5.360726515266911 -2.126420600061817 0
5.431756902459474 -2.126420600061856 0
5.502787289652042 -2.126420600061895 0
5.573817676844607 -2.126420600061934 0
5.644848064037171 -2.126420600061973 0
5.715878451229738 -2.126420600062012 0
5.786908838422304 -2.126420600062051 0
5.857939225614871 -2.12642060006209 0
5.928969612807434 -2.126420600062129 0
0.1609086725556077 -2.347773693706638 0
0.2259017011944096 -2.347600085418299 0
0.2919158317225168 -2.346844428085872 0
0.3585501715706585 -2.345583880948631 0
0.4253916672025061 -2.343908602900291 0
0.4920260070506689 -2.341911688240413 0
0.5580401375788132 -2.339686650612245 0
0.6230331662176514 -2.337322390878429 0
0.6866176193960468 -2.334903197120999 0
0.7484307648206721 -2.33250874464138 0
0.8081358695070607 -2.330217870053612 0
0.8654305866534777 -2.328106474565891 0
0.9200503103904888 -2.326249620699036 0
0.9717723692178053 -2.324717758193252 0
1.02042021944126 -2.323572949914913 0
1.065864703203801 -2.322865097763328 0
1.10802908060981 -2.322625233171689 0
1.178927209876124 -2.322625233171721 0
1.249825339142462 -2.322625233171752 0
1.320723468408711 -2.322625233171784 0
1.391621597674994 -2.322625233171814 0
1.462519726941345 -2.322625233171846 0
1.533417856207696 -2.322625233171878 0
1.604315985474046 -2.322625233171908 0
1.675214114740397 -2.32262523317194 0
1.746112244006692 -2.322625233171971 0
1.817010373272913 -2.322625233172003 0
1.887908502539129 -2.322625233172033 0
1.958806631805344 -2.322625233172065 0
2.029704761071561 -2.322625233172096 0
2.100602890337812 -2.322625233172128 0
2.171501019604161 -2.322625233172158 0
2.242399148870512 -2.32262523317219 0
2.313297278136863 -2.322625233172222 0
2.384195407403214 -2.322625233172253 0
2.455093536669564 -2.322625233172285 0
2.525991665935915 -2.322625233172316 0
2.596889795202264 -2.322625233172347 0
2.667787924468616 -2.322625233172379 0
2.738686053734966 -2.32262523317241 0
2.809584183001317 -2.322625233172441 0
2.880482312267667 -2.322625233172473 0
2.951380441534068 -2.322625233172503 0
3.022278570800669 -2.322625233172535 0
3.09317670006732 -2.322625233172566 0
3.16407482933397 -2.322625233172598 0
3.23497295860062 -2.322625233172629 0
3.305871087867271 -2.32262523317266 0
3.376769217133922 -2.322625233172691 0
3.447667346400572 -2.322625233172722 0
3.518565475667224 -2.322625233172754 0
3.589463604933875 -2.322625233172785 0
3.660361734200525 -2.322625233172817 0
3.731259863467175 -2.322625233172848 0
3.802157992733825 -2.322625233172879 0
3.873056122000477 -2.322625233172911 0
3.943954251267127 -2.322625233172943 0
4.014852380533778 -2.322625233172974 0
4.085750509800429 -2.322625233173005 0
4.156648639067079 -2.322625233173035 0
4.227546768333731 -2.322625233173067 0
4.298444897600382 -2.322625233173098 0
4.369343026867032 -2.32262523317313 0
4.440241156133683 -2.322625233173161 0
4.511139285400335 -2.322625233173193 0
4.582037414666983 -2.322625233173224 0
4.652935543933635 -2.322625233173255 0
4.723833673200286 -2.322625233173287 0
4.794731802466936 -2.322625233173317 0
4.865629931733588 -2.322625233173349 0
4.93652806100024 -2.322625233173381 0
5.007426190266889 -2.322625233173411 0
5.078324319533541 -2.322625233173443 0
5.149222448800191 -2.322625233173475 0
5.22012057806684 -2.322625233173505 0
5.291018707333492 -2.322625233173538 0
5.361916836600143 -2.322625233173569 0
5.432814965866793 -2.322625233173599 0
5.503713095133445 -2.322625233173631 0
5.574611224400097 -2.322625233173663 0
5.645509353666744 -2.322625233173694 0
5.716407482933396 -2.322625233173726 0
5.787305612200049 -2.322625233173756 0
5.858203741466698 -2.322625233173787 0
5.929101870733348 -2.322625233173819 0
0.1497147231741172 -2.550699828215552 0
0.2152941443766166 -2.550547542465612 0
0.2817692559200474 -2.549884694829343 0
0.348788402787601 -2.548778967862281 0
0.4159892626031743 -2.547309447159209 0
0.483008409470751 -2.545557793194745 0
0.5494835210142219 -2.543606034283474 0
0.6150629422167614 -2.541532152500259 0
0.6794067889407827 -2.53941008368022 0
0.7421968796072689 -2.537309717418748 0
0.8031378387156698 -2.535300207631286 0
0.8619644536434606 -2.533448133353439 0
0.9184446173659835 -2.531819337940868 0
0.9723830068561274 -2.530475618509495 0
1.02362476148415 -2.529471415375731 0
1.072056586537515 -2.52885050149669 0
1.117611167300624 -2.528640097030575 0
1.188370425745319 -2.528640097030596 0
1.259129684190034 -2.528640097030617 0
1.329888942634672 -2.528640097030637 0
1.400648201079339 -2.528640097030657 0
1.471407459524065 -2.528640097030677 0
1.542166717968791 -2.528640097030698 0
1.612925976413518 -2.528640097030718 0
1.683685234858245 -2.528640097030737 0
1.754444493302922 -2.528640097030758 0
1.825203751747535 -2.528640097030778 0
1.895963010192143 -2.528640097030799 0
1.966722268636751 -2.528640097030819 0
2.03748152708136 -2.52864009703084 0
2.108240785525999 -2.52864009703086 0
2.179000043970725 -2.52864009703088 0
2.249759302415451 -2.5286400970309 0
2.320518560860178 -2.528640097030921 0
2.391277819304904 -2.528640097030941 0
2.462037077749629 -2.528640097030961 0
2.532796336194356 -2.528640097030982 0
2.603555594639084 -2.528640097031001 0
2.674314853083809 -2.528640097031022 0
2.745074111528536 -2.528640097031043 0
2.815833369973263 -2.528640097031063 0
2.886592628417988 -2.528640097031083 0
2.95735188686277 -2.528640097031103 0
3.028111145307769 -2.528640097031124 0
3.098870403752822 -2.528640097031144 0
3.169629662197875 -2.528640097031164 0
3.240388920642927 -2.528640097031184 0
3.31114817908798 -2.528640097031205 0
3.381907437533034 -2.528640097031225 0
3.452666695978087 -2.528640097031245 0
3.523425954423139 -2.528640097031265 0
3.594185212868193 -2.528640097031285 0
3.664944471313246 -2.528640097031306 0
3.735703729758299 -2.528640097031326 0
3.806462988203352 -2.528640097031346 0
3.877222246648405 -2.528640097031367 0
3.947981505093458 -2.528640097031387 0
4.018740763538512 -2.528640097031407 0
4.089500021983564 -2.528640097031427 0
4.160259280428617 -2.528640097031448 0
4.23101853887367 -2.528640097031469 0
4.301777797318723 -2.528640097031489 0
4.372537055763777 -2.528640097031509 0
4.443296314208832 -2.528640097031529 0
4.514055572653885 -2.528640097031549 0
4.584814831098935 -2.52864009703157 0
4.65557408954399 -2.528640097031591 0
4.726333347989043 -2.528640097031611 0
4.797092606434097 -2.528640097031631 0
4.867851864879149 -2.52864009703165 0
4.938611123324201 -2.528640097031671 0
5.009370381769256 -2.528640097031691 0
5.080129640214309 -2.528640097031711 0
5.150888898659362 -2.528640097031732 0
5.221648157104415 -2.528640097031752 0
5.292407415549468 -2.528640097031772 0
5.363166673994521 -2.528640097031793 0
5.433925932439574 -2.528640097031813 0
5.504685190884628 -2.528640097031833 0
5.57544444932968 -2.528640097031854 0
5.646203707774735 -2.528640097031874 0
5.716962966219787 -2.528640097031894 0
5.78772222466484 -2.528640097031914 0
5.858481483109895 -2.528640097031934 0
5.929240741554946 -2.528640097031956 0
0.1379610762790582 -2.76377227025651 0
0.2041562096757711 -2.763642373171977 0
0.2711153512871242 -2.763076975717045 0
0.3385385455265898 -2.762133809929288 0
0.4061167377365035 -2.760880334439567 0
0.4735399319759941 -2.759386204206263 0
0.5404990735873907 -2.757721387948823 0
0.606694206984147 -2.755952403014892 0
0.6718354169340945 -2.754142315380296 0
0.7356513001084177 -2.752350739649051 0
0.797889906364845 -2.750636662903029 0
0.8583250139691678 -2.749056875896582 0
0.9167586396838732 -2.747667541861915 0
0.9730241763787961 -2.746521372659423 0
1.026989530641926 -2.745664804928024 0
1.078558064062532 -2.745135176235499 0
1.127672358364073 -2.744955704901306 0
1.198285802445515 -2.744955704901316 0
1.268899246526974 -2.744955704901325 0
1.339512690608367 -2.744955704901336 0
1.410126134689785 -2.744955704901346 0
1.480739578771254 -2.744955704901356 0
1.551353022852723 -2.744955704901366 0
1.621966466934193 -2.744955704901377 0
1.692579911015661 -2.744955704901387 0
1.763193355097088 -2.744955704901397 0
1.833806799178461 -2.744955704901408 0
1.904420243259829 -2.744955704901417 0
1.975033687341197 -2.744955704901427 0
2.045647131422565 -2.744955704901437 0
2.11626057550396 -2.744955704901448 0
2.186874019585428 -2.744955704901458 0
2.257487463666896 -2.744955704901468 0
2.328100907748366 -2.744955704901478 0
2.398714351829835 -2.744955704901488 0
2.469327795911304 -2.744955704901499 0
2.539941239992773 -2.744955704901509 0
2.610554684074241 -2.744955704901519 0
2.68116812815571 -2.744955704901529 0
2.751781572237179 -2.744955704901539 0
2.822395016318649 -2.744955704901549 0
2.893008460400117 -2.74495570490156 0
2.963621904481646 -2.74495570490157 0
3.034235348563411 -2.744955704901581 0
3.104848792645233 -2.74495570490159 0
3.175462236727057 -2.7449557049016 0
3.246075680808881 -2.744955704901611 0
3.316689124890703 -2.744955704901622 0
3.387302568972527 -2.744955704901631 0
3.457916013054351 -2.744955704901641 0
3.528529457136175 -2.744955704901651 0
3.599142901217998 -2.744955704901662 0
3.669756345299822 -2.744955704901672 0
3.740369789381645 -2.744955704901682 0
3.810983233463468 -2.744955704901692 0
3.881596677545292 -2.744955704901701 0
3.952210121627115 -2.744955704901713 0
4.02282356570894 -2.744955704901723 0
4.093437009790764 -2.744955704901733 0
4.164050453872587 -2.744955704901743 0
4.234663897954409 -2.744955704901753 0
4.305277342036234 -2.744955704901763 0
4.375890786118058 -2.744955704901774 0
4.446504230199881 -2.744955704901784 0
4.517117674281705 -2.744955704901794 0
4.587731118363527 -2.744955704901805 0
4.658344562445351 -2.744955704901815 0
4.728958006527176 -2.744955704901825 0
4.799571450608999 -2.744955704901836 0
4.870184894690823 -2.744955704901844 0
4.940798338772645 -2.744955704901855 0
5.01141178285447 -2.744955704901865 0
5.082025226936293 -2.744955704901875 0
5.152638671018117 -2.744955704901886 0
5.223252115099939 -2.744955704901895 0
5.293865559181764 -2.744955704901906 0
5.364479003263588 -2.744955704901917 0
5.435092447345411 -2.744955704901927 0
5.505705891427234 -2.744955704901937 0
5.576319335509059 -2.744955704901947 0
5.646932779590882 -2.744955704901956 0
5.717546223672706 -2.744955704901967 0
5.78815966775453 -2.744955704901978 0
5.858773111836355 -2.744955704901987 0
5.929386555918178 -2.744955704901998 0
0.125619747032795 -2.98749833451646 0
0.1924613782337696 -2.987391945530613 0
0.2599287514167066 -2.986928870766134 0
0.3277761953969017 -2.986156394216735 0
0.3957505866210799 -2.98512976620115 0
0.4635980306013018 -2.983906035885702 0
0.5310654037842861 -2.982542509414941 0
0.5979070349853077 -2.981093666172923 0
0.6638854763229149 -2.979611158783209 0
0.7287784416310299 -2.97814381310887 0
0.792379577393596 -2.97673994105652 0
0.8545036023091597 -2.97544605568519 0
0.914988363116728 -2.974308156097454 0
0.9736974043779445 -2.973369414635394 0
1.030522538259431 -2.972667864076558 0
1.08538461546736 -2.972234084829923 0
1.138236608986206 -2.972087093284261 0
1.208696947986153 -2.972087093284258 0
1.279157286986113 -2.972087093284256 0
1.34961762598602 -2.972087093284252 0
1.420077964985948 -2.972087093284249 0
1.490538303985916 -2.972087093284247 0
1.560998642985885 -2.972087093284244 0
1.631458981985854 -2.972087093284241 0
1.701919320985822 -2.972087093284239 0
1.772379659985757 -2.972087093284236 0
1.842839998985646 -2.972087093284233 0
1.913300337985532 -2.972087093284229 0
1.983760676985418 -2.972087093284228 0
2.054221015985304 -2.972087093284225 0
2.124681354985213 -2.972087093284221 0
2.19514169398518 -2.972087093284219 0
2.265602032985149 -2.972087093284216 0
2.336062371985118 -2.972087093284214 0
2.406522710985087 -2.972087093284212 0
2.476983049985056 -2.972087093284208 0
2.547443388985025 -2.972087093284205 0
2.617903727984992 -2.972087093284203 0
2.688364066984963 -2.9720870932842 0
2.75882440598493 -2.972087093284198 0
2.829284744984899 -2.972087093284195 0
2.899745083984868 -2.972087093284192 0
2.970205422984901 -2.972087093284189 0
3.04066576198519 -2.972087093284187 0
3.111126100985542 -2.972087093284183 0
3.181586439985894 -2.972087093284181 0
3.252046778986247 -2.972087093284178 0
3.322507117986599 -2.972087093284175 0
3.392967456986953 -2.972087093284172 0
3.463427795987304 -2.972087093284169 0
3.533888134987658 -2.972087093284167 0
3.60434847398801 -2.972087093284164 0
3.674808812988362 -2.972087093284161 0
3.745269151988714 -2.972087093284158 0
3.815729490989067 -2.972087093284156 0
3.88618982998942 -2.972087093284153 0
3.956650168989772 -2.97208709328415 0
4.027110507990126 -2.972087093284148 0
4.097570846990477 -2.972087093284145 0
4.168031185990833 -2.972087093284141 0
4.238491524991184 -2.972087093284139 0
4.308951863991536 -2.972087093284136 0
4.379412202991888 -2.972087093284133 0
4.449872541992241 -2.972087093284131 0
4.520332880992595 -2.972087093284128 0
4.590793219992946 -2.972087093284125 0
4.661253558993298 -2.972087093284122 0
4.731713897993652 -2.972087093284119 0
4.802174236994004 -2.972087093284116 0
4.872634575994357 -2.972087093284114 0
4.94309491499471 -2.972087093284111 0
5.013555253995063 -2.972087093284109 0
5.084015592995415 -2.972087093284105 0
5.154475931995768 -2.972087093284103 0
5.224936270996121 -2.9720870932841 0
5.295396609996473 -2.972087093284097 0
5.365856948996826 -2.972087093284094 0
5.436317287997179 -2.972087093284092 0
5.506777626997532 -2.972087093284089 0
5.577237965997885 -2.972087093284086 0
5.647698304998237 -2.972087093284084 0
5.718158643998589 -2.972087093284081 0
5.788618982998942 -2.972087093284078 0
5.859079321999296 -2.972087093284075 0
5.929539660999648 -2.972087093284073 0
0.1126613513780838 -3.222410701012929 0
0.1801818052707117 -3.2223289955306 0
0.2481828216015934 -3.221973359590653 0
0.3164757278077026 -3.221380106740784 0
0.3848661279951292 -3.220591668572051 0
0.4531590342012677 -3.219651858169174 0
0.5211600505322003 -3.21860468597311 0
0.5886805044248791 -3.217491991506204 0
0.6555380387158747 -3.216353443372188 0
0.7215619402597701 -3.215226539256184 0
0.7865937319978351 -3.214148382130838 0
0.8504911200828301 -3.213154693475133 0
0.9131295727289525 -3.212280800055576 0
0.9744042937741132 -3.211559857720064 0
1.034232196242392 -3.211021075191742 0
1.092552494412635 -3.210687937862875 0
1.149329072093339 -3.210575050095029 0
1.219628650758384 -3.210575050095013 0
1.28992822942344 -3.210575050094996 0
1.360227808088453 -3.210575050094981 0
1.430527386753483 -3.210575050094965 0
1.500826965418545 -3.210575050094948 0
1.571126544083607 -3.210575050094933 0
1.641426122748668 -3.210575050094917 0
1.71172570141373 -3.210575050094901 0
1.782025280078765 -3.210575050094885 0
1.852324858743766 -3.210575050094868 0
1.922624437408764 -3.210575050094852 0
1.992924016073762 -3.210575050094836 0
2.06322359473876 -3.210575050094819 0
2.133523173403776 -3.210575050094804 0
2.203822752068837 -3.210575050094788 0
2.274122330733899 -3.210575050094772 0
2.34442190939896 -3.210575050094755 0
2.414721488064023 -3.21057505009474 0
2.485021066729084 -3.210575050094724 0
2.555320645394145 -3.210575050094707 0
2.625620224059206 -3.210575050094692 0
2.695919802724269 -3.210575050094675 0
2.76621938138933 -3.21057505009466 0
2.836518960054393 -3.210575050094644 0
2.906818538719453 -3.210575050094628 0
2.977118117384586 -3.210575050094612 0
3.047417696049992 -3.210575050094596 0
3.117717274715469 -3.21057505009458 0
3.188016853380944 -3.210575050094564 0
3.25831643204642 -3.210575050094548 0
3.328616010711897 -3.210575050094532 0
3.398915589377373 -3.210575050094516 0
3.46921516804285 -3.210575050094499 0
3.539514746708327 -3.210575050094484 0
3.609814325373803 -3.210575050094468 0
3.68011390403928 -3.210575050094451 0
3.750413482704755 -3.210575050094435 0
3.820713061370232 -3.21057505009442 0
3.891012640035708 -3.210575050094404 0
3.961312218701183 -3.210575050094387 0
4.031611797366661 -3.210575050094371 0
4.101911376032137 -3.210575050094355 0
4.172210954697613 -3.210575050094339 0
4.24251053336309 -3.210575050094322 0
4.312810112028567 -3.210575050094307 0
4.383109690694043 -3.210575050094291 0
4.453409269359519 -3.210575050094274 0
4.523708848024996 -3.210575050094259 0
4.594008426690471 -3.210575050094243 0
4.664308005355949 -3.210575050094227 0
4.734607584021425 -3.210575050094211 0
4.8049071626869 -3.210575050094195 0
4.875206741352379 -3.210575050094178 0
4.945506320017854 -3.210575050094163 0
5.015805898683329 -3.210575050094147 0
5.086105477348807 -3.210575050094131 0
5.156405056014284 -3.210575050094114 0
5.226704634679761 -3.210575050094099 0
5.297004213345235 -3.210575050094083 0
5.367303792010712 -3.210575050094066 0
5.437603370676189 -3.21057505009405 0
5.507902949341664 -3.210575050094034 0
5.578202528007142 -3.210575050094018 0
5.648502106672617 -3.210575050094001 0
5.718801685338095 -3.210575050093985 0
5.78910126400357 -3.21057505009397 0
5.859400842669046 -3.210575050093954 0
5.929700421334522 -3.210575050093938 0
0.09905503592747614 -3.4690686860728 0
0.1672882536470292 -3.469012898269187 0
0.2358495952837949 -3.468770073095106 0
0.3046102368275664 -3.468365005129924 0
0.3734374464268262 -3.467826666300627 0
0.4421980879706291 -3.467184971806235 0
0.5107594296074498 -3.466469971598922 0
0.5789926473270575 -3.465710233346223 0
0.6467732292200039 -3.464932842431039 0
0.7139846138126169 -3.464163401951632 0
0.7805185943264082 -3.463427245499967 0
0.8462780137411069 -3.462748763395972 0
0.9111778428198977 -3.46215207645327 0
0.9751465276408045 -3.461659823200853 0
1.038127337128264 -3.461291947104738 0
1.100078767312449 -3.461064483789625 0
1.160976158367087 -3.460987404988522 0
1.231106938680322 -3.460987404988491 0
1.301237718993564 -3.460987404988457 0
1.371368499306777 -3.460987404988427 0
1.441499279620002 -3.460987404988394 0
1.511630059933248 -3.460987404988364 0
1.581760840246494 -3.460987404988331 0
1.65189162055974 -3.4609874049883 0
1.722022400872987 -3.460987404988269 0
1.792153181186215 -3.460987404988236 0
1.862283961499419 -3.460987404988205 0
1.932414741812621 -3.460987404988173 0
2.002545522125825 -3.460987404988142 0
2.072676302439028 -3.46098740498811 0
2.142807082752242 -3.460987404988078 0
2.212937863065488 -3.460987404988047 0
2.283068643378734 -3.460987404988015 0
2.35319942369198 -3.460987404987985 0
2.423330204005225 -3.460987404987953 0
2.493460984318472 -3.460987404987921 0
2.563591764631719 -3.46098740498789 0
2.633722544944965 -3.460987404987857 0
2.703853325258211 -3.460987404987826 0
2.773984105571456 -3.460987404987793 0
2.844114885884703 -3.460987404987762 0
2.914245666197949 -3.460987404987731 0
2.984376446511271 -3.460987404987701 0
3.054507226824889 -3.460987404987667 0
3.124638007138582 -3.460987404987636 0
3.194768787452275 -3.460987404987604 0
3.264899567765967 -3.460987404987572 0
3.335030348079661 -3.460987404987541 0
3.405161128393353 -3.46098740498751 0
3.475291908707047 -3.460987404987478 0
3.545422689020741 -3.460987404987447 0
3.615553469334433 -3.460987404987415 0
3.685684249648127 -3.460987404987383 0
3.755815029961819 -3.460987404987351 0
3.825945810275512 -3.460987404987319 0
3.896076590589205 -3.460987404987288 0
3.966207370902899 -3.460987404987256 0
4.036338151216591 -3.460987404987224 0
4.106468931530284 -3.460987404987193 0
4.176599711843978 -3.460987404987162 0
4.24673049215767 -3.46098740498713 0
4.316861272471364 -3.460987404987099 0
4.386992052785057 -3.460987404987067 0
4.457122833098751 -3.460987404987035 0
4.527253613412445 -3.460987404987003 0
4.597384393726139 -3.460987404986972 0
4.66751517403983 -3.460987404986941 0
4.737645954353523 -3.460987404986909 0
4.807776734667216 -3.460987404986877 0
4.877907514980908 -3.460987404986845 0
4.948038295294602 -3.460987404986814 0
5.018169075608295 -3.460987404986783 0
5.088299855921991 -3.46098740498675 0
5.158430636235683 -3.460987404986719 0
5.228561416549377 -3.460987404986688 0
5.298692196863068 -3.460987404986656 0
5.368822977176762 -3.460987404986624 0
5.438953757490455 -3.460987404986593 0
5.509084537804146 -3.460987404986561 0
5.579215318117841 -3.460987404986529 0
5.649346098431534 -3.460987404986498 0
5.719476878745228 -3.460987404986466 0
5.789607659058921 -3.460987404986435 0
5.859738439372613 -3.460987404986403 0
5.929869219686306 -3.460987404986371 0
0.08476840466604482 -3.728059571079949 0
0.1537500244058783 -3.72803099683909 0
0.2228997076154013 -3.727906622969512 0
0.2921514712650362 -3.727699149133811 0
0.3614373307479518 -3.727423414611654 0
0.4306890943976204 -3.72709474182204 0
0.4998387776072026 -3.726728522203882 0
0.568820397347095 -3.726339387977123 0
0.6375701792246913 -3.725941212142756 0
0.7060284210218053 -3.72554710848281 0
0.7741396997543448 -3.725170052739502 0
0.8418542520704819 -3.724822537515713 0
0.9091285264099505 -3.724516917374512 0
0.9759258732029862 -3.724264787660013 0
1.042217235069476 -3.724076363318211 0
1.107981353878537 -3.723959857717857 0
1.173205598987426 -3.72392037833195 0
1.243159141030783 -3.723920378331933 0
1.313112683074144 -3.723920378331914 0
1.38306622511749 -3.723920378331896 0
1.453019767160841 -3.723920378331879 0
1.522973309204205 -3.723920378331861 0
1.592926851247568 -3.723920378331844 0
1.662880393290931 -3.723920378331826 0
1.732833935334294 -3.723920378331807 0
1.802787477377648 -3.72392037833179 0
1.872741019420989 -3.723920378331772 0
1.94269456146433 -3.723920378331755 0
2.01264810350767 -3.723920378331738 0
2.082601645551011 -3.723920378331719 0
2.152555187594358 -3.723920378331702 0
2.222508729637722 -3.723920378331683 0
2.292462271681084 -3.723920378331667 0
2.362415813724447 -3.723920378331649 0
2.432369355767809 -3.723920378331632 0
2.502322897811172 -3.723920378331613 0
2.572276439854536 -3.723920378331596 0
2.642229981897899 -3.723920378331577 0
2.712183523941261 -3.72392037833156 0
2.782137065984624 -3.723920378331543 0
2.852090608027988 -3.723920378331524 0
2.92204415007135 -3.723920378331507 0
2.991997692114793 -3.723920378331489 0
3.061951234158558 -3.723920378331471 0
3.131904776202401 -3.723920378331453 0
3.201858318246245 -3.723920378331436 0
3.271811860290089 -3.723920378331418 0
3.341765402333932 -3.723920378331401 0
3.411718944377776 -3.723920378331383 0
3.48167248642162 -3.723920378331365 0
3.551626028465465 -3.723920378331346 0
3.621579570509309 -3.723920378331329 0
3.691533112553153 -3.723920378331312 0
3.761486654596995 -3.723920378331294 0
3.831440196640838 -3.723920378331276 0
3.901393738684683 -3.723920378331259 0
3.971347280728527 -3.723920378331242 0
4.041300822772372 -3.723920378331224 0
4.111254364816215 -3.723920378331205 0
4.18120790686006 -3.723920378331188 0
4.251161448903903 -3.723920378331171 0
4.321114990947747 -3.723920378331152 0
4.391068532991589 -3.723920378331134 0
4.461022075035435 -3.723920378331117 0
4.53097561707928 -3.723920378331099 0
4.600929159123123 -3.723920378331082 0
4.670882701166966 -3.723920378331063 0
4.740836243210812 -3.723920378331046 0
4.810789785254654 -3.723920378331028 0
4.880743327298498 -3.723920378331011 0
4.950696869342343 -3.723920378330992 0
5.020650411386185 -3.723920378330974 0
5.090603953430031 -3.723920378330957 0
5.160557495473874 -3.723920378330939 0
5.230511037517716 -3.723920378330922 0
5.300464579561559 -3.723920378330904 0
5.370418121605404 -3.723920378330886 0
5.440371663649248 -3.723920378330869 0
5.510325205693093 -3.723920378330851 0
5.580278747736937 -3.723920378330833 0
5.650232289780781 -3.723920378330816 0
5.720185831824623 -3.723920378330797 0
5.790139373868469 -3.723920378330781 0
5.860092915912312 -3.723920378330762 0
5.930046457956156 -3.723920378330744 0
2 7 0 1564
4864
4865
4866
4867
4868
4869
4870
4871
4872
4873
4874
4875
4876
4877
4878
4879
4880
4881
4882
4883
4884
4885
4886
4887
4888
4889
4890
4891
4892
4893
4894
4895
4896
4897
4898
4899
4900
4901
4902
4903
4904
4905
4906
4907
4908
4909
4910
4911
4912
4913
4914
4915
4916
4917
4918
4919
4920
4921
4922
4923
4924
4925
4926
4927
4928
4929
4930
4931
4932
4933
4934
4935
4936
4937
4938
4939
4940
4941
4942
4943
4944
4945
4946
4947
4948
4949
4950
4951
4952
4953
4954
4955
4956
4957
4958
4959
4960
4961
4962
4963
4964
4965
4966
4967
4968
4969
4970
4971
4972
4973
4974
4975
4976
4977
4978
4979
4980
4981
4982
4983
4984
4985
4986
4987
4988
4989
4990
4991
4992
4993
4994
4995
4996
4997
4998
4999
5000
5001
5002
5003
5004
5005
5006
5007
5008
5009
5010
5011
5012
5013
5014
5015
5016
5017
5018
5019
5020
5021
5022
5023
5024
5025
5026
5027
5028
5029
5030
5031
5032
5033
5034
5035
5036
5037
5038
5039
5040
5041
5042
5043
5044
5045
5046
5047
5048
5049
5050
5051
5052
5053
5054
5055
5056
5057
5058
5059
5060
5061
5062
5063
5064
5065
5066
5067
5068
5069
5070
5071
5072
5073
5074
5075
5076
5077
5078
5079
5080
5081
5082
5083
5084
5085
5086
5087
5088
5089
5090
5091
5092
5093
5094
5095
5096
5097
5098
5099
5100
5101
5102
5103
5104
5105
5106
5107
5108
5109
5110
5111
5112
5113
5114
5115
5116
5117
5118
5119
5120
5121
5122
5123
5124
5125
5126
5127
5128
5129
5130
5131
5132
5133
5134
5135
5136
5137
5138
5139
5140
5141
5142
5143
5144
5145
5146
5147
5148
5149
5150
5151
5152
5153
5154
5155
5156
5157
5158
5159
5160
5161
5162
5163
5164
5165
5166
5167
5168
5169
5170
5171
5172
5173
5174
5175
5176
5177
5178
5179
5180
5181
5182
5183
5184
5185
5186
5187
5188
5189
5190
5191
5192
5193
5194
5195
5196
5197
5198
5199
5200
5201
5202
5203
5204
5205
5206
5207
5208
5209
5210
5211
5212
5213
5214
5215
5216
5217
5218
5219
5220
5221
5222
5223
5224
5225
5226
5227
5228
5229
5230
5231
5232
5233
5234
5235
5236
5237
5238
5239
5240
5241
5242
5243
5244
5245
5246
5247
5248
5249
5250
5251
5252
5253
5254
5255
5256
5257
5258
5259
5260
5261
5262
5263
5264
5265
5266
5267
5268
5269
5270
5271
5272
5273
5274
5275
5276
5277
5278
5279
5280
5281
5282
5283
5284
5285
5286
5287
5288
5289
5290
5291
5292
5293
5294
5295
5296
5297
5298
5299
5300
5301
5302
5303
5304
5305
5306
5307
5308
5309
5310
5311
5312
5313
5314
5315
5316
5317
5318
5319
5320
5321
5322
5323
5324
5325
5326
5327
5328
5329
5330
5331
5332
5333
5334
5335
5336
5337
5338
5339
5340
5341
5342
5343
5344
5345
5346
5347
5348
5349
5350
5351
5352
5353
5354
5355
5356
5357
5358
5359
5360
5361
5362
5363
5364
5365
5366
5367
5368
5369
5370
5371
5372
5373
5374
5375
5376
5377
5378
5379
5380
5381
5382
5383
5384
5385
5386
5387
5388
5389
5390
5391
5392
5393
5394
5395
5396
5397
5398
5399
5400
5401
5402
5403
5404
5405
5406
5407
5408
5409
5410
5411
5412
5413
5414
5415
5416
5417
5418
5419
5420
5421
5422
5423
5424
5425
5426
5427
5428
5429
5430
5431
5432
5433
5434
5435
5436
5437
5438
5439
5440
5441
5442
5443
5444
5445
5446
5447
5448
5449
5450
5451
5452
5453
5454
5455
5456
5457
5458
5459
5460
5461
5462
5463
5464
5465
5466
5467
5468
5469
5470
5471
5472
5473
5474
5475
5476
5477
5478
5479
5480
5481
5482
5483
5484
5485
5486
5487
5488
5489
5490
5491
5492
5493
5494
5495
5496
5497
5498
5499
5500
5501
5502
5503
5504
5505
5506
5507
5508
5509
5510
5511
5512
5513
5514
5515
5516
5517
5518
5519
5520
5521
5522
5523
5524
5525
5526
5527
5528
5529
5530
5531
5532
5533
5534
5535
5536
5537
5538
5539
5540
5541
5542
5543
5544
5545
5546
5547
5548
5549
5550
5551
5552
5553
5554
5555
5556
5557
5558
5559
5560
5561
5562
5563
5564
5565
5566
5567
5568
5569
5570
5571
5572
5573
5574
5575
5576
5577
5578
5579
5580
5581
5582
5583
5584
5585
5586
5587
5588
5589
5590
5591
5592
5593
5594
5595
5596
5597
5598
5599
5600
5601
5602
5603
5604
5605
5606
5607
5608
5609
5610
5611
5612
5613
5614
5615
5616
5617
5618
5619
5620
5621
5622
5623
5624
5625
5626
5627
5628
5629
5630
5631
5632
5633
5634
5635
5636
5637
5638
5639
5640
5641
5642
5643
5644
5645
5646
5647
5648
5649
5650
5651
5652
5653
5654
5655
5656
5657
5658
5659
5660
5661
5662
5663
5664
5665
5666
5667
5668
5669
5670
5671
5672
5673
5674
5675
5676
5677
5678
5679
5680
5681
5682
5683
5684
5685
5686
5687
5688
5689
5690
5691
5692
5693
5694
5695
5696
5697
5698
5699
5700
5701
5702
5703
5704
5705
5706
5707
5708
5709
5710
5711
5712
5713
5714
5715
5716
5717
5718
5719
5720
5721
5722
5723
5724
5725
5726
5727
5728
5729
5730
5731
5732
5733
5734
5735
5736
5737
5738
5739
5740
5741
5742
5743
5744
5745
5746
5747
5748
5749
5750
5751
5752
5753
5754
5755
5756
5757
5758
5759
5760
5761
5762
5763
5764
5765
5766
5767
5768
5769
5770
5771
5772
5773
5774
5775
5776
5777
5778
5779
5780
5781
5782
5783
5784
5785
5786
5787
5788
5789
5790
5791
5792
5793
5794
5795
5796
5797
5798
5799
5800
5801
5802
5803
5804
5805
5806
5807
5808
5809
5810
5811
5812
5813
5814
5815
5816
5817
5818
5819
5820
5821
5822
5823
5824
5825
5826
5827
5828
5829
5830
5831
5832
5833
5834
5835
5836
5837
5838
5839
5840
5841
5842
5843
5844
5845
5846
5847
5848
5849
5850
5851
5852
5853
5854
5855
5856
5857
5858
5859
5860
5861
5862
5863
5864
5865
5866
5867
5868
5869
5870
5871
5872
5873
5874
5875
5876
5877
5878
5879
5880
5881
5882
5883
5884
5885
5886
5887
5888
5889
5890
5891
5892
5893
5894
5895
5896
5897
5898
5899
5900
5901
5902
5903
5904
5905
5906
5907
5908
5909
5910
5911
5912
5913
5914
5915
5916
5917
5918
5919
5920
5921
5922
5923
5924
5925
5926
5927
5928
5929
5930
5931
5932
5933
5934
5935
5936
5937
5938
5939
5940
5941
5942
5943
5944
5945
5946
5947
5948
5949
5950
5951
5952
5953
5954
5955
5956
5957
5958
5959
5960
5961
5962
5963
5964
5965
5966
5967
5968
5969
5970
5971
5972
5973
5974
5975
5976
5977
5978
5979
5980
5981
5982
5983
5984
5985
5986
5987
5988
5989
5990
5991
5992
5993
5994
5995
5996
5997
5998
5999
6000
6001
6002
6003
6004
6005
6006
6007
6008
6009
6010
6011
6012
6013
6014
6015
6016
6017
6018
6019
6020
6021
6022
6023
6024
6025
6026
6027
6028
6029
6030
6031
6032
6033
6034
6035
6036
6037
6038
6039
6040
6041
6042
6043
6044
6045
6046
6047
6048
6049
6050
6051
6052
6053
6054
6055
6056
6057
6058
6059
6060
6061
6062
6063
6064
6065
6066
6067
6068
6069
6070
6071
6072
6073
6074
6075
6076
6077
6078
6079
6080
6081
6082
6083
6084
6085
6086
6087
6088
6089
6090
6091
6092
6093
6094
6095
6096
6097
6098
6099
6100
6101
6102
6103
6104
6105
6106
6107
6108
6109
6110
6111
6112
6113
6114
6115
6116
6117
6118
6119
6120
6121
6122
6123
6124
6125
6126
6127
6128
6129
6130
6131
6132
6133
6134
6135
6136
6137
6138
6139
6140
6141
6142
6143
6144
6145
6146
6147
6148
6149
6150
6151
6152
6153
6154
6155
6156
6157
6158
6159
6160
6161
6162
6163
6164
6165
6166
6167
6168
6169
6170
6171
6172
6173
6174
6175
6176
6177
6178
6179
6180
6181
6182
6183
6184
6185
6186
6187
6188
6189
6190
6191
6192
6193
6194
6195
6196
6197
6198
6199
6200
6201
6202
6203
6204
6205
6206
6207
6208
6209
6210
6211
6212
6213
6214
6215
6216
6217
6218
6219
6220
6221
6222
6223
6224
6225
6226
6227
6228
6229
6230
6231
6232
6233
6234
6235
6236
6237
6238
6239
6240
6241
6242
6243
6244
6245
6246
6247
6248
6249
6250
6251
6252
6253
6254
6255
6256
6257
6258
6259
6260
6261
6262
6263
6264
6265
6266
6267
6268
6269
6270
6271
6272
6273
6274
6275
6276
6277
6278
6279
6280
6281
6282
6283
6284
6285
6286
6287
6288
6289
6290
6291
6292
6293
6294
6295
6296
6297
6298
6299
6300
6301
6302
6303
6304
6305
6306
6307
6308
6309
6310
6311
6312
6313
6314
6315
6316
6317
6318
6319
6320
6321
6322
6323
6324
6325
6326
6327
6328
6329
6330
6331
6332
6333
6334
6335
6336
6337
6338
6339
6340
6341
6342
6343
6344
6345
6346
6347
6348
6349
6350
6351
6352
6353
6354
6355
6356
6357
6358
6359
6360
6361
6362
6363
6364
6365
6366
6367
6368
6369
6370
6371
6372
6373
6374
6375
6376
6377
6378
6379
6380
6381
6382
6383
6384
6385
6386
6387
6388
6389
6390
6391
6392
6393
6394
6395
6396
6397
6398
6399
6400
6401
6402
6403
6404
6405
6406
6407
6408
6409
6410
6411
6412
6413
6414
6415
6416
6417
6418
6419
6420
6421
6422
6423
6424
6425
6426
6427
4.012930076118183 4.067406799803599 0
3.596716185058406 4.062086374622634 0
4.440716499820867 4.077090852577332 0
3.18124857570616 4.078430971063113 0
5.84562032442665 5.981485854909873 0
4.860586694514363 4.064604069163208 0
2.813194532370075 4.05520435768589 0
2.466191196582033 4.051917533818566 0
2.129116860745473 4.067503680462382 0
5.933866952130565 5.417638171324779 0
5.921829378578 4.898441516501569 0
2.429550134745921 6.9914976886894 0
5.852458374100664 6.629658857089021 0
1.987014405355622 6.348010572385336 0
1.769344438878051 4.05603228388507 0
5.220047740901487 4.057996658003328 0
1.568194924921476 5.837870996633522 0
1.50332206423989 4.063915707091777 0
5.918859747740582 4.607916110212965 0
1.202214246403652 5.406268183768288 0
1.227328968607563 4.068868433921696 0
0.9050473616598704 5.083185447390872 0
3.143947054185981 7.749676200547039 0
5.490145152072247 4.082233574832602 0
5.84315251119368 7.382286103978966 0
0.9553544001167854 4.053708388223105 0
0.6816239659490444 4.781893522045958 0
5.788643457460615 7.934372846806499 0
5.948302849639878 4.340167443664664 0
4.631454207350776 4.061986205877181 0
4.206860070721334 4.05604594769282 0
3.799598973296521 4.065311039096243 0
3.392376855473696 4.071728808682426 0
0.5164499945583815 4.58921173097612 0
0.7324600880664404 4.051950708398241 0
3.663538907535592 8.391788443820289 0
0.3996568318121418 4.43668146809615 0
5.69945364073788 4.055207187957191 0
5.769314413075288 8.734778958052711 0
0.5163754100251328 4.062801480373987 0
5.954082900134352 4.200555961963995 0
0.2827184767470706 4.318639159435373 0
4.267099375219947 9.192799185761462 0
2.758139207531474 7.397189083255494 0
2.174599800150201 6.665485145589491 0
1.774874060034453 6.065713979170885 0
1.369424633725614 5.65288207811686 0
1.043183524284538 5.248375854234116 0
5.846986018063881 6.959597326807881 0
0.7786292501716594 4.896305284935801 0
5.846378630289212 6.281507027384611 0
5.881365614722673 5.625200435601271 0
5.91749757618113 5.085320237563154 0
5.684641724229044 9.285214485531691 0
5.932745572089981 4.77211925843644 0
5.950330595231162 4.455541857164449 0
0.2165488666045338 4.221983113386901 0
5.353865416666922 4.069449354490686 0
1.095609567523256 4.060755932193725 0
5.04076701478149 4.062777569137716 0
1.34883621054201 4.070953079897381 0
1.618892540676467 4.058919594226881 0
1.88834546607226 4.055311853116455 0
2.274142442536279 4.065521963986942 0
2.616984442726279 4.067612523007385 0
2.962863855169228 4.060508967196004 0
0.3694644588383763 4.066433374201527 0
5.82879415359545 4.071127967315563 0
0.1712117280876906 4.15542060462546 0
4.867153777086908 9.868160922885746 0
5.655470422819859 9.863223935867969 0
5.969211175356028 4.105809962555936 0
0.2604483913238384 4.066512504530106 0
5.382771176818724 10.4506500686947 0
0.1153894523947082 4.095858520804997 0
5.601201617707858 10.7853309634454 0
5.078929623963891 10.2141345369589 0
5.230012683114682 9.729715040037336 0
4.830118230154095 9.444219156564268 0
5.16634808302244 9.438473663780922 0
5.044851502451697 9.130900495319755 0
5.352402375566312 9.036907806388161 0
5.13231576036566 8.835062411004857 0
4.805023844454313 8.975129338056583 0
4.90841106049156 8.727027423021077 0
4.674660888169653 8.636433323140821 0
4.703253790053098 8.358334380875887 0
4.412016194886824 8.485690199097709 0
4.534630819619476 8.150781994759036 0
4.881042425035374 8.172291809514972 0
4.687342539109167 7.974117971423784 0
4.418898160008164 7.955780163728109 0
4.577566499211497 7.733694361161541 0
4.343153863897136 7.764091068888288 0
4.483651737392077 7.528481953732009 0
4.737152253506594 7.46350078046381 0
4.600062133339126 7.281534944856884 0
4.405445805451464 7.332635264215722 0
4.336020980313273 7.150694681542936 0
4.146645437099843 7.192525493854729 0
4.256145182132619 6.979273327180116 0
4.426099552181314 6.914457279828317 0
4.35165499615476 6.739355702126351 0
4.159035271593859 6.810675139798617 0
4.231330525210815 6.615439305177028 0
4.056176555775053 6.623740488353098 0
4.156795738486738 6.496369243919818 0
3.916532498704095 6.476354613993885 0
4.042401991298359 6.357658738135039 0
4.221692665101449 6.303888408379763 0
4.174986749443417 6.164809690539183 0
4.013805033540359 6.177956164704489 0
4.014038457542572 6.024291592484314 0
3.844855604168888 6.003163553854002 0
3.899669982157752 5.895485333627517 0
4.017269135186184 5.868808482501821 0
3.74600300397908 5.891520353132388 0
3.934862950165028 5.757657665795095 0
4.052795831873883 5.732726722013387 0
4.019839924517338 5.61479803566177 0
4.156851148012312 5.572556163846802 0
4.076842383940543 5.458180284112796 0
4.22099423024559 5.450426489829964 0
4.313250811821916 5.557559055095603 0
4.360259187409394 5.437713777393844 0
4.281439906244563 5.366392492588699 0
4.412385290617269 5.352031144123475 0
4.500237927008559 5.417000761601551 0
4.564718719857582 5.313201268741511 0
4.455754652070902 5.248457182667081 0
4.582579064051371 5.192796961705127 0
4.668008809961713 5.413397781421561 0
4.485858685337909 5.127223232805812 0
4.635313693064851 5.118202914949422 0
3.983248960943941 5.500223696020228 0
4.561471007758987 5.035366108580781 0
4.655290788889833 4.978900707939649 0
4.728131102631417 5.07006479650271 0
4.780511222873727 4.98948441731367 0
4.832409982369813 5.052951217749851 0
4.908390715599873 4.992385304329822 0
4.482423269590369 5.041243136059267 0
4.959194068437612 5.073175854538628 0
5.017796597612262 5.006177654128754 0
4.608537343162832 4.896078471998933 0
5.0675086019452 5.06783086836372 0
5.10599079123798 4.976160446705335 0
5.030043730520789 4.900399503700735 0
5.133945970833647 4.866475990295883 0
3.68495698382459 6.005085790420257 0
3.551201335893988 5.945033969675361 0
5.086546242523942 4.784749764195995 0
5.177817821051134 4.764137073618199 0
4.539389619264484 6.708513376303062 0
5.134248291014618 5.052266300436663 0
5.164517140838931 5.137768935125144 0
3.525632012931709 6.064320062199432 0
3.406525734296248 5.970971541785324 0
5.137216139905092 4.692896814405541 0
5.206019303694034 4.660334687626055 0
5.271750340792689 4.735496609417861 0
5.326106440678824 4.683334696459057 0
3.41944857642783 6.090844617400701 0
3.280747281734143 5.965758459037806 0
3.324139121887452 5.831737772922617 0
3.187575148957603 5.824810161915632 0
3.22726183068546 5.694766411355744 0
3.092404763171343 5.696108693436938 0
3.119943041329221 5.583846392148875 0
2.995882775556539 5.565008114150396 0
3.100053593518425 5.476314914387292 0
2.931289319387778 5.471209166505231 0
3.029721096342927 5.362599883085389 0
2.898562754053086 5.312621728215134 0
2.941757962984103 5.202387231790521 0
2.795755856620922 5.270301347042935 0
3.049027401647103 5.218794787644667 0
2.843424302420125 5.167610691788378 0
2.749903260722806 5.127383640937118 0
2.789310396198646 5.054539380713688 0
2.653810046768313 5.090980086369867 0
2.600021320838217 5.192957898776503 0
2.549324306684606 5.067597891935256 0
2.49858551278755 5.169618076605499 0
2.443526739939103 5.053321211370084 0
2.491082733270338 4.955135578671604 0
2.398792994835239 4.948464675953206 0
2.352844398318153 5.035241937189602 0
2.283405020133149 4.973189335249744 0
2.227614483544231 5.052161961625807 0
2.171747485123636 4.956944031931971 0
2.209137378100863 4.834571376714997 0
2.083659102291648 4.841168502836025 0
2.063581464312186 4.950927851329054 0
1.975037928602525 4.845799410824731 0
2.873048055373537 5.569342102761503 0
2.034257380955398 4.759512076022418 0
1.925044442386554 4.769547741945607 0
1.866212032853206 4.857199172795833 0
1.797589324697608 4.789783203234631 0
1.763936125504802 4.885857948112517 0
1.704232993934582 4.803576748069816 0
1.746245593210486 4.729431667762411 0
1.668995386359099 4.710691757729951 0
1.624308150065518 4.793178990952138 0
1.579415219259178 4.696372672447042 0
5.24536066161486 5.10747135889478 0
5.214246411801663 5.227956199459872 0
5.366078915827583 4.741564678515005 0
5.393237530269629 4.663774337083643 0
3.138808937877853 5.958188375440715 0
5.165129620222137 4.595217965155268 0
5.071397569775142 4.618503737388346 0
1.532694858783223 4.782086427394193 0
1.481765746874035 4.670260168843446 0
1.544643964264126 4.597705195792131 0
1.437244523750333 4.595922567292415 0
1.371468757286403 4.660685221690326 0
1.327540406523709 4.596024386127564 0
3.874626580662681 6.710352112153239 0
5.433733950603284 4.726359494118729 0
5.466655979779274 4.645351853973859 0
5.421147477375682 4.577621352082991 0
5.498016077292529 4.55849995631012 0
5.30085463651321 5.177408479353543 0
5.275942735451495 5.316164309326111 0
5.452503081767321 4.475325126752633 0
5.54033179911027 4.467218647324672 0
5.116999401092578 4.537432459382119 0
4.989370381514372 4.552556811044183 0
1.288680108233771 4.688453144488005 0
1.248254772765709 4.631179095544083 0
1.308627684523034 4.518219808994431 0
1.209256621238041 4.55016734796391 0
1.153803314584928 4.623567200487175 0
1.107160065382027 4.509348607640079 0
5.507919434495031 4.711527635583692 0
5.463489915569072 4.784564504287713 0
3.241356094257277 5.56616665817296 0
5.364645138142756 5.258732283875493 0
5.321444976685091 5.380788297063173 0
5.191609338083594 5.367598068968481 0
5.269112798410167 5.463591714810296 0
5.170531814606793 5.497323580385538 0
5.284810837119207 5.590542692496753 0
5.15620947919077 5.597157510095059 0
5.195012196358789 5.727853512273078 0
5.092445900583306 5.756373113237483 0
5.120470715535732 5.851263335468519 0
4.987857436252682 5.900479002752983 0
5.136225369652553 5.978742333560215 0
4.923331430860853 6.030152461176391 0
5.051241703003114 6.130255488874906 0
5.06219026035741 4.481189019862295 0
4.972508918997108 4.474773710192475 0
4.919165121730672 4.557682311659072 0
4.873899770067937 4.493070838183401 0
1.170389748909154 4.444542530829915 0
1.063721418511848 4.439078081939091 0
1.007446546028849 4.514058790964984 0
1.003844446558853 4.452268743871127 0
5.482832688739824 4.405235612530934 0
5.566924962874068 4.404167721897435 0
5.609216849818972 4.470458909457495 0
5.648739736791084 4.415794698382133 0
5.120885619403077 4.453380667317933 0
5.316593234464496 5.706109776505459 0
0.9353340579953374 4.504220166260719 0
0.9259686428954585 4.434903678153864 0
5.21918212605478 6.093873085358176 0
5.150657911955735 6.242169791295398 0
4.835378039015081 4.564520570847739 0
4.773958566337731 4.489096912662238 0
4.802053091119038 7.259153816070473 0
4.997238722401103 7.457950330647663 0
4.99587015624221 7.266659562344651 0
2.890878466616633 5.058039268747136 0
2.856602243128326 4.952745065440971 0
2.934734044235683 4.90943790152775 0
2.889375739607376 4.829095780293679 0
2.968973972223008 4.782081177468726 0
2.914466482546121 4.714983391469175 0
3.033216213739344 4.72006125341819 0
3.097227042857724 4.775714025350463 0
3.145220277478427 4.699341052073237 0
3.204338374263758 4.793590035799056 0
3.255479473299967 4.684725943882058 0
3.334720821696902 4.761858793473907 0
3.369788428058173 4.656673213640562 0
3.435106023338569 4.764324532544503 0
3.443914167886712 4.682180189726781 0
3.530431695726984 4.781378320096303 0
3.535271799778462 4.664062441191444 0
3.639863999528061 4.770557068596422 0
3.643367697017407 4.652549278790271 0
3.73965661385248 4.741483398483732 0
3.758716873706821 4.639061260040971 0
3.582133539954001 4.863327929087581 0
3.821709047072103 4.745228736024467 0
3.852787852217254 4.657700504306658 0
3.08625363254572 4.654126955521813 0
3.467068699475623 4.5867279923594 0
3.818343709076831 4.555006740276341 0
3.890681693639472 4.573874153699158 0
3.92806708186151 4.670171054835476 0
3.968206670456604 4.596756758637422 0
4.037275785236824 4.624893730986872 0
4.079725750370438 4.563775820929464 0
4.124029352217066 4.624856055677197 0
4.192754830053 4.563091979797767 0
4.104027551004214 4.71837627923477 0
2.83562656867444 4.746160570082172 0
3.924740290317687 4.491835199797926 0
4.222831119578738 4.641872991835101 0
4.268480767140507 4.531869607896861 0
4.225563153191978 4.461367942532181 0
4.296740483229028 4.432029513119834 0
4.355746477665335 4.492043984202846 0
4.383837230729974 4.406512999176963 0
3.299274042855232 4.608587217759378 0
5.385633175126482 5.174986065469535 0
4.982547622069082 4.402963737055678 0
3.988724299180837 5.378329767653952 0
3.887185597630425 5.374349263919656 0
3.930205336017605 5.296962291966789 0
3.808386918094102 5.328055004719468 0
4.181484746593842 5.876715190221364 0
2.889499713909825 4.630448259282041 0
2.791971507957603 4.657431536513283 0
2.859711925045962 4.551566224736179 0
2.765966115754415 4.55103501550574 0
2.798575081491058 4.455816001578106 0
2.675943072098287 4.48337444020823 0
2.876189101426631 4.476469331014908 0
4.83795387414221 4.407933615322932 0
2.661994399231192 4.581081089703203 0
2.594287237554109 4.474294385213001 0
2.730577389829262 4.412432213643516 0
4.876838653713297 6.152314577511905 0
1.491209329946804 4.552875716206652 0
1.56041227159642 4.530732563241409 0
1.550934318635047 4.452363727472503 0
1.638808547542281 4.468337363512697 0
2.548887134874548 4.559304853508389 0
2.47879509997253 4.470187322882087 0
2.541035062105665 4.4220380677549 0
2.431791342157571 4.39387073238345 0
2.396902658683112 4.50512773473153 0
2.35665280948631 4.42268737347296 0
1.979816986939273 4.714504789123811 0
5.418666380551963 5.363610869175567 0
5.53583203287275 4.778931605972861 0
5.610485371684139 4.366654737553983 0
5.664782471275414 4.329786462176499 0
0.997792507590566 4.57802802449469 0
4.836568335599107 5.873582979758398 0
1.321216001030636 4.757616965492207 0
1.211809138753244 4.774266532602654 0
1.287557095955764 4.856832536598007 0
4.185554169991109 7.364012413241705 0
1.582957572620776 4.875703958143316 0
2.750423466643343 5.370425396829632 0
1.865805155800728 4.955980491517385 0
2.267819831864231 5.124403268366649 0
2.146340390611996 5.139171966953391 0
2.240271044750071 5.238502329979383 0
2.102164603321653 5.247083424474576 0
2.194190825748048 5.336580356922338 0
2.021117725948997 5.347922975519301 0
2.114915269087938 5.440710343429839 0
2.260561566541046 5.490739032705054 0
2.152236883780275 5.57747238654684 0
2.309882448857636 5.597623892142265 0
2.217017437062488 5.697211109167845 0
2.365723200655947 5.705199421720354 0
2.337240901196151 5.870677794553588 0
2.474361389592403 5.79490817336082 0
2.438888846313824 5.982682019695743 0
1.110938370783613 4.388049772282396 0
1.190551645069027 4.379036253864737 0
4.757477252944212 4.569317745058985 0
0.9785187113979328 4.393962349029954 0
0.8930588776701889 4.379979081359525 0
0.8550802863499428 4.444876443184731 0
0.828787710283547 4.371353795114644 0
3.349051641083927 4.871666163837467 0
3.802987387225148 4.828170283051061 0
5.551589504692463 4.843105572903506 0
1.591281463000005 4.386102592123149 0
1.669188301448497 4.405135737622975 0
4.764629081814948 4.419243516473587 0
4.333853296400441 4.344676795409682 0
4.417404192147981 4.31941543528977 0
2.000452291292068 5.504906348363166 0
1.908902580975995 5.408480370487087 0
5.129777863672877 5.278288040297123 0
5.677801324074911 4.461471770147063 0
3.465880470368664 6.226392950323708 0
3.317256428854208 6.270770251587508 0
3.361829427887836 6.419511380685666 0
3.178842584980256 6.381539309266707 0
3.308044316175361 6.541311781167167 0
4.761395160916074 4.346134472809199 0
2.298970343664222 4.528151325729604 0
2.277445434260065 4.439928878343381 0
3.169812504590281 6.53704789399475 0
3.270253027203206 6.68584764374952 0
2.998101201840081 6.409635938961632 0
5.265008170920482 6.197166940144291 0
5.251690847730666 6.34122734487469 0
2.389753728484339 4.32016072464628 0
0.7696464534298151 4.429231626621964 0
0.7244366945632222 4.364615294737061 0
0.7943317660971194 4.512738538711811 0
2.586025289378056 5.907427421993741 0
2.487284953280831 6.08780227896493 0
5.208576446358085 7.438862143644073 0
4.590571672586951 5.517282142802179 0
5.106556377420281 6.401729531271875 0
5.131013439581216 6.524991368705421 0
1.189358252925741 4.854464619448097 0
1.247130555362277 4.945644978007765 0
0.8419806528953951 4.302323416168431 0
5.184983624610781 7.267447995490909 0
5.626155629424352 4.287773283467317 0
5.571018748170635 4.292927327529388 0
5.688809801939727 4.279543848282188 0
5.73405091749618 4.316683202197456 0
5.760983414199812 4.260777221225823 0
5.397108999256146 4.408450236764879 0
1.51113045521991 4.365153907525249 0
3.751681760088031 5.407073731904898 0
3.655606822492579 5.356652809517799 0
5.618614013732464 4.840526906435785 0
5.600880981257059 4.903787216398309 0
5.625468449888369 4.768365750893532 0
2.340105156049822 4.636900337602193 0
4.798582545900322 4.655262965591944 0
2.090930971921556 5.743390201983182 0
5.047744402511777 5.529039354918938 0
5.46326065318995 4.857047969352223 0
1.852878970733671 5.524391756340806 0
1.765176846110635 5.436748433648224 0
4.451430091775502 4.498220884600942 0
4.4005425513346 4.574358850495986 0
1.183527357897099 4.299119437967715 0
1.268766074953903 4.324984887836398 0
5.428045359751397 6.32434257510756 0
1.703371378649088 4.463010701805183 0
1.750695598197519 4.387131221720234 0
1.766516695704155 4.453426637357448 0
1.831452048439568 4.378745584387857 0
1.727572020558038 4.313387412298487 0
5.418199167998663 6.158807371211408 0
1.549048652983808 4.300040168520483 0
3.914141488748422 7.150432802202541 0
3.953862235871839 7.37441255923005 0
3.692235964909856 7.167582632692743 0
1.842380348512084 4.454672112833208 0
1.904759051290646 4.366946452600022 0
1.94141926573589 4.446264602453589 0
1.982508931972169 4.369207762827187 0
4.763602163584128 5.184388245462608 0
1.980356137143804 4.283097976306037 0
2.069990979622967 4.308798444428689 0
3.143407973112428 4.904175448015735 0
3.007117892004212 6.564300733402444 0
4.670796348713382 4.340820417669103 0
2.226449507062442 4.510796993414574 0
0.6855806806246025 4.440426813012156 0
0.6643231552174703 4.373269372882529 0
0.7074902755769168 4.310835581738108 0
0.6482183958292379 4.311370814495655 0
5.010688464570138 7.082978355521635 0
5.228551362013485 7.06337256592766 0
4.704142032666565 4.284334883381243 0
4.758426878141845 4.278160874045414 0
3.883871759825797 4.832911376415138 0
3.858997823492417 4.917302904460636 0
3.934591689074803 4.943423429387319 0
2.554132534133613 4.674928225375917 0
4.369579880045686 4.260093776955638 0
4.312687297425949 4.288510834798159 0
4.461597943202944 4.255868751413647 0
4.715383679950702 4.684084165280444 0
2.243437239877226 5.985451342173607 0
1.713984705981622 5.540726193286376 0
1.646486289804594 5.398136986107981 0
1.792949174196989 5.609708610086164 0
0.6032187938163129 4.380826618218174 0
0.5746337437579145 4.315666965599854 0
1.347074602696206 4.950980171662008 0
1.307131220563013 5.050730902705268 0
1.417632127616715 5.03251390792703 0
1.374981048954127 5.110839368318746 0
0.5780981250346193 4.252510482205321 0
0.5261845593197565 4.242151397270831 0
4.990891832682476 6.529842940065566 0
5.650471163687721 4.530118711023888 0
5.72739916988199 4.508762316996601 0
2.396989604177555 5.507118422015709 0
1.72678672055637 5.299016579829101 0
5.683851576139223 4.906110888553868 0
5.667239057674675 4.982134259060701 0
4.699773573614862 5.523384098890662 0
2.610429863937599 6.059971142793755 0
2.554603819833105 6.193278589614208 0
5.592429683215604 4.22069100341475 0
5.505600195609152 4.24212799389672 0
1.152034185984148 4.938760452066248 0
1.100771977346678 4.847121349334112 0
3.644868801318367 5.814451637637845 0
2.379744711514981 6.254468718510324 0
5.788956993499188 4.310257776731338 0
5.819569681628523 4.241022018818783 0
4.209567155229259 7.997021613700507 0
2.423593368531368 4.859856525542047 0
5.387821415245878 7.423201216315523 0
5.252237223289669 7.62143898888548 0
3.681311952373328 7.372980597131613 0
3.505659042822616 7.198623890815615 0
3.78678530821176 7.60513609398402 0
2.749359198247663 5.914514288226691 0
4.312577679035892 4.218097741653891 0
4.234859588204054 4.224191343933123 0
2.017878853303574 4.213284705214733 0
1.935389996884527 4.22719793696829 0
2.099459215296268 4.229020278809165 0
0.5105169440817612 4.290838052460365 0
0.4671103460109208 4.237156197064541 0
1.46166610760592 5.130532812381294 0
1.415724239590443 5.235313609578942 0
1.469053225931794 4.290057656967051 0
5.772804985613353 4.204793184208723 0
4.740938329483609 4.214492604515624 0
4.666267339818845 4.23840731157504 0
4.612647136039175 5.641832131275518 0
3.592872753031124 5.466949592888084 0
3.559396765571003 5.304623278815511 0
3.601077445484414 5.200307793120728 0
3.496876366248354 5.162284586018631 0
2.552466025379756 5.690692220738472 0
2.512374922268729 6.343675900784883 0
4.735348215372737 4.759624649291999 0
1.223633008593644 4.237706980327488 0
1.136054864364433 4.245839347362592 0
1.297377947986534 4.266000993454288 0
3.471232399176658 6.676928685485964 0
5.453690386399826 7.587532484531087 0
5.300236252171291 7.8136234035677 0
4.67796312574377 4.428881510685813 0
5.222963572115501 5.030629128178894 0
2.773709868377048 6.051825019066952 0
1.487124572722041 4.231400423648083 0
2.089315418478572 4.694352042158456 0
5.568158247840506 5.017802705644716 0
5.609204808659665 5.100486788311259 0
4.493166525903804 4.596276591604887 0
4.479318177523926 4.695313715410504 0
5.838169265499095 4.189110720545742 0
4.840165955508192 4.747877217969315 0
3.525209268138575 6.374580257296838 0
4.061843619541489 5.288458156616019 0
1.426336065142109 4.383060610303641 0
2.146911910544947 4.30918140813054 0
2.186827602523136 4.215640191225345 0
3.886366706072925 5.024015636896989 0
4.019297360553208 4.981767052240011 0
0.4255464994416601 4.294918407092762 0
0.3790321401456018 4.253396376374937 0
4.28832228005286 6.145696677119663 0
4.379056049579494 6.226359058997849 0
4.434503021976487 6.115685135585697 0
4.552975317012389 6.238089316113611 0
5.687471300741938 4.59391678259247 0
5.760045114130477 4.580568690874332 0
5.807041085157117 4.505249194117046 0
1.551168862935895 4.23721470191792 0
5.771141754539529 4.975015058095713 0
5.146924879249759 6.663461683677488 0
5.313637816021374 6.674272408780696 0
4.963766719142288 6.686045530412852 0
4.850814219572114 6.548638590339273 0
5.567525567087158 6.312866307618053 0
5.568231959259271 6.187269641324959 0
5.48704461147466 6.059284711750345 0
4.732925392901983 5.635111833925728 0
4.817897337985722 4.191549804010331 0
4.832786568757541 4.269161955810231 0
4.901346344072606 4.193567515463151 0
4.910087921424187 4.259784146517166 0
5.251741211883734 8.624941259298071 0
0.9094185520389294 4.564345284856183 0
0.9484360069446494 4.640366715165762 0
0.8571824061297254 4.652856978009925 0
0.9099981156084269 4.71881052826235 0
3.433182483138278 5.272746530441952 0
3.365156623304074 5.207506706803226 0
4.775019770261111 5.398633344452241 0
3.816076729750467 4.997428455917076 0
4.571519103583396 6.0824065924762 0
4.494555141142211 5.957359295814062 0
4.245332840956075 4.29839285301936 0
4.152682153189322 4.233722380371297 0
4.166548554152013 4.314197039332524 0
4.07249280577878 4.255633904858604 0
4.072132162246448 4.33825412639395 0
4.000304845537311 4.251953594647251 0
4.090975925238352 4.175327344460606 0
3.546288799728612 5.064433908883506 0
2.044701926671556 5.144249173244741 0
4.628157178757737 6.860802124338008 0
5.879741068071958 4.226703672971762 0
1.234419111098062 5.137541388552992 0
5.433250265743436 4.358430356815723 0
5.346740085166883 4.35676175204126 0
5.330917742242576 4.429673637126809 0
5.248117961848144 4.388543757833809 0
5.283322888488656 4.308525273632939 0
5.209569880280375 4.321052779340494 0
5.242919372677362 4.237098746139067 0
5.18756855471386 4.264827448604938 0
5.334458927790995 4.252311913591247 0
1.753002337921602 4.986796367108532 0
1.60139165334237 5.516022208586701 0
4.972305618024048 4.168004914195971 0
4.989284632822876 4.249152279162193 0
2.523688752778797 4.858338896010342 0
3.006698223096366 4.988144531444873 0
4.069194513018246 4.894505817416045 0
4.106166878628409 5.029500058825534 0
4.173640944307403 4.918186248043035 0
4.228092085676217 4.988981134410655 0
4.278051263936828 4.871540068826905 0
4.201729793799797 5.087207591042517 0
2.030453140823913 4.472959942821193 0
3.348184505450223 6.870310558507911 0
3.183294659864391 6.91649479216655 0
3.53458835805993 6.833525419493708 0
3.980111024753891 4.329481726369448 0
3.932749203608883 4.246758043142433 0
3.909502601320881 4.315670724425628 0
3.853094001735371 4.259740124088769 0
3.793098986168538 4.340568937639764 0
3.737953257264863 4.29576147479728 0
3.72299218702515 4.360969632097617 0
3.671915706661514 4.288250088147951 0
3.649557526180405 4.375542996744967 0
3.609465878368573 4.276612782774839 0
3.577703778200544 4.33940641638068 0
3.518503209667605 4.294311407659165 0
3.473173270383489 4.370572886595324 0
3.426609798630242 4.292895485176512 0
3.39929963221363 4.360353812516698 0
3.345839483608985 4.314692426469275 0
3.314019743194133 4.391241090523426 0
3.257209289213247 4.333855402857698 0
3.219151636052652 4.408625042770537 0
3.162029443642172 4.350891613135622 0
3.113231261474426 4.426224255850657 0
3.06502481845687 4.362308168108884 0
3.290894085313016 4.262338707419856 0
3.104459966016634 4.304209110580554 0
3.052504046526871 4.2701944772442 0
3.464706546931869 4.237008851565774 0
3.687394096836893 4.220528187986333 0
3.084221240364094 4.209183012410749 0
3.600968114127867 4.450616185291348 0
3.013821077525933 4.216537779372538 0
2.966502694415392 4.272239470707253 0
2.937515279964371 4.213737472104024 0
2.885130246220776 4.26203126139504 0
2.840985985656158 4.218777851067755 0
3.037797774044683 4.426738025812749 0
3.871995978778314 4.193754269504693 0
2.456827169939669 4.681477496354502 0
2.746848746784767 4.793291401265908 0
5.753842870807322 4.373966042695106 0
5.826982412189904 4.36086817625134 0
0.4086416866201962 4.200963348711854 0
0.3633433584552036 4.173307368980334 0
3.178504985835996 4.485206107117919 0
1.796927164511549 5.103443034736427 0
1.6850617900789 5.082876768188357 0
4.581939182921234 4.360238667561666 0
4.482575847937163 6.395490006040504 0
1.060442594684616 4.926637764684938 0
1.035300313135686 4.671557598955413 0
2.550277716422423 5.283694231409577 0
1.115530318008018 5.027042197364453 0
5.449160358723149 6.479340098491807 0
5.713177400757757 4.654618584478585 0
5.318106274698932 4.818664368104747 0
2.453676116922213 5.271499315488269 0
1.834464469770172 4.54128600074628 0
3.558807430594997 7.648954936421377 0
3.671368403321671 7.844383151089186 0
4.358609140354075 4.678998804813915 0
4.425912179209209 4.785631394864207 0
4.543381225469074 4.757343233919212 0
3.326386534988411 5.333294594601381 0
5.759148409109313 4.892321941160541 0
2.215230304633297 4.29280465041666 0
2.259582460869237 4.205322604437443 0
4.492045871932696 5.66596434975908 0
3.141595860978698 4.237625299560656 0
5.29276613012853 4.20302089054518 0
5.376296112869443 4.207604361579092 0
5.789733805748182 4.657546588779887 0
5.780679241541407 4.731125187931934 0
0.5510462248170203 4.190716279207134 0
0.623639107602161 4.185934389239966 0
0.8335738750005659 4.747469545490474 0
0.7845117193295295 4.683255485458528 0
3.381815247844685 4.448907092626571 0
3.710657456378568 5.533276125019668 0
3.533325188009093 5.57566752459478 0
2.053710853032026 4.158029882585403 0
1.528960234340402 5.231997780843345 0
1.429472296278529 5.339235489988516 0
5.613755863202987 4.608851715838709 0
2.803573783275771 4.279416297780989 0
2.754222823303121 4.229489155935668 0
2.014596311082012 4.54418816559026 0
4.114210743993931 4.41386989452021 0
4.325169973193363 8.72793594601333 0
4.182793927089454 8.480081209382728 0
5.045485593172151 4.158393101175854 0
5.600755525602348 6.0621819287037 0
5.5563822864013 5.929504299494066 0
5.437321552283588 5.974072058860693 0
5.682113801692789 5.897946854685091 0
5.646204011374128 5.794197607006456 0
5.760652019953109 5.746197646615161 0
5.648642207666447 5.692818397413152 0
4.821246841685625 4.836262962768735 0
1.273799151355359 4.199100200270742 0
1.343113096214941 4.176213071101919 0
2.918051939184509 4.323406630256045 0
5.542287700111299 4.172036076908361 0
5.609766498981339 4.162351546598135 0
3.782588303223233 4.419304061942957 0
3.24828525637159 7.07591689384837 0
2.837115488142839 6.397023480936761 0
2.793828107440012 6.585237536070959 0
2.845379715678475 6.761498996148346 0
5.145750198150872 4.340715327249793 0
3.062399161929866 7.114328089665404 0
3.130381248399261 7.299512997495238 0
3.802204810462855 6.949369179541552 0
5.097479713015311 7.828936821879648 0
5.356880364539695 8.051389310839976 0
5.600738271956719 6.447957310538073 0
5.651098124993956 6.615968259737093 0
1.504054303000284 5.044275254029704 0
5.557973921622281 5.675742172860324 0
5.575878749806783 5.579834391990854 0
5.677728526919826 5.59584926440375 0
5.589530637427875 5.487028898135928 0
5.710761072552477 5.45855068181998 0
5.645410412557609 5.371995011425484 0
1.541781403952752 4.172629607041524 0
1.618208271087312 4.162070569569066 0
1.475420157693689 4.176117981377182 0
4.660242412447996 4.614945929169398 0
1.0290646637899 4.826073012026537 0
2.211373569651459 4.151520448366841 0
0.4782396717667774 4.347229555916528 0
0.3905962191891469 4.345240074984733 0
4.591826951610788 5.790182176200689 0
4.270825691291581 4.16796086102775 0
4.358721602241811 4.162199509377301 0
2.713547458848564 4.292631807764129 0
2.653996839106445 4.233078983308038 0
2.705228376458449 4.173651943952997 0
2.616471594289741 4.310667303824663 0
2.592775149542514 4.247236601439367 0
4.699302857329303 6.263237429281522 0
5.483467324935848 5.570617472987253 0
1.707890885168023 4.624552070695445 0
3.464591008266825 7.897004497662023 0
4.928638153684347 4.111051419686528 0
5.797379201140025 4.167915963831499 0
5.724035165770683 4.187452697206168 0
5.870217332162271 4.14566394887872 0
1.923190556020039 5.051055064007293 0
1.853847196343264 5.178873127695403 0
2.28315158536906 4.147987940968084 0
2.319214419349604 4.195328198657936 0
2.359721761737346 4.158406716343833 0
2.403110973148754 4.212674822781423 0
4.770253308197931 4.132517184976265 0
5.263742099919991 4.466904660327557 0
5.302060761543597 4.531530930524335 0
1.488126906871023 4.868595972836009 0
2.879026578470473 5.925150891723835 0
2.790032047844133 5.794376479002279 0
2.52752103474823 5.384439412152672 0
2.266710455786482 6.400553292775582 0
2.2323098175765 6.257063156569306 0
3.857697416426279 5.115606876723733 0
5.525111566875542 7.369066847691879 0
5.670490362240591 7.536095912357024 0
0.6047027095088694 4.122708816962356 0
0.9608064503512204 4.898844012635028 0
2.552477904641361 4.322392591004287 0
4.575434426522447 4.445405321090228 0
2.695407448411765 6.735045382986679 0
2.834704295027699 6.937325909544697 0
4.652521365814354 4.785956521090217 0
4.113531611265278 7.787154435546322 0
3.975703670919668 8.022655713081418 0
1.272256690623893 4.399942949624589 0
0.8514480688327954 4.818232956755959 0
4.070834823730068 8.668255147005947 0
5.769439241103584 5.33276635699438 0
5.668195547591419 5.283671614641928 0
5.566199161855996 5.286979015222617 0
5.814503253900845 5.247962867920907 0
5.732035373007753 5.180451185123679 0
5.525435660969999 5.130768728355187 0
5.4809159761559 5.054140879961094 0
4.496417901949533 4.840428545084199 0
4.667575542286722 5.954671926465473 0
2.169589432909125 4.380838721527395 0
4.307494685012156 5.076866001650279 0
4.279194273097888 5.192728134602167 0
3.748278992459098 6.534115859373607 0
4.991014560411333 4.802564441195955 0
1.334083323281011 5.32582594060372 0
1.407704189247225 5.426085887126664 0
3.272163936037806 5.237431322876214 0
3.277292667376826 5.127588034113756 0
3.18023747561613 5.115548755308684 0
4.45151267652375 5.846386305700774 0
0.3336617595847605 4.215016931495968 0
0.2945690672780759 4.178346467823841 0
0.3226708138096189 4.129263655007205 0
5.847322903445955 4.962025589075207 0
2.085179658382315 4.570999582000783 0
2.431326335381405 6.475243467516751 0
0.6732513178612926 4.119524046023181 0
0.6916215109924431 4.181508452229274 0
2.446377268058141 4.168228499308163 0
2.491091634487203 4.202337865532072 0
2.53100027536292 4.156147709288548 0
5.796142989916606 5.05575304837292 0
3.027731791371637 4.139043133827187 0
5.735210561903 6.121434373005667 0
5.552849442040229 4.097775024575233 0
4.350314491566629 4.777559019704961 0
2.886947493152531 4.154231365431864 0
4.180340114701249 4.803230016912596 0
5.240325838967951 6.81158476769605 0
5.417797878446819 6.807548356383387 0
3.978148002625053 5.207822939277181 0
1.369087957979236 4.248619490871444 0
4.300581465699563 4.107886574149326 0
5.752959000593749 4.127955448793454 0
2.920896201025223 5.809509631358331 0
2.941035169968606 6.082366400641026 0
3.580961963330512 8.0753124256728 0
3.632520652907319 5.099064234354081 0
4.912573680902731 4.332142154807156 0
5.795122856956489 4.43545185524493 0
5.88849257565293 4.404911214560257 0
4.49894006399883 9.503201041424125 0
5.455981107522909 4.203450371591226 0
5.420854693129127 4.252886967590895 0
5.415631405547529 4.148368888722986 0
3.586106903436616 4.981412002179415 0
3.464143351638099 5.013686841115367 0
1.300184724442544 4.1170373253959 0
4.785668405678035 6.751039008242983 0
4.823951135711073 6.912070063409516 0
4.685781076596713 6.595323330811538 0
5.564853885099667 7.955483727316198 0
5.523346778301196 8.245314780675953 0
5.212465621460799 8.265040250854208 0
3.16767090799342 5.319282390518655 0
0.777426653039287 4.824307012872948 0
2.406488826591316 4.111749908751044 0
5.865717439960966 4.689309780652636 0
5.852325918129925 4.770036592747827 0
5.746081281357394 4.787576622497162 0
5.879707126732115 4.83110027789884 0
0.2620865816802391 4.125224194939609 0
3.621904102631574 6.644814753983419 0
5.087562219560194 4.235139534231069 0
5.133623120461096 4.161919406282119 0
0.3140664989068263 4.069985454521533 0
0.208095131379508 4.106799906882951 0
5.06773808613088 4.328329615868345 0
5.903863144715796 4.187449394757249 0
5.921084653960382 4.142039940804565 0
5.493234816420554 5.488800285697753 0
1.628248586336142 4.240676840064279 0
1.697094135659012 4.177577896874696 0
0.3477254811571014 4.304003014869036 0
4.568181739176035 9.197579139376204 0
5.616322001771143 4.106940096410661 0
5.230688144466546 4.560749436506787 0
3.446759512044855 5.85314889597216 0
2.107436622298001 6.395463896873128 0
4.502510728831128 4.349613215249602 0
4.535023094044609 4.278503339119178 0
4.507725059097252 4.211986403885866 0
4.566524493748312 4.188078372358205 0
4.531031799813405 4.127227634154091 0
4.461083706199737 4.153543927781254 0
3.203668310914785 5.020435509599117 0
3.311967590380203 5.020554867254321 0
3.199980008122256 4.282346726101001 0
3.236083958122352 4.220266919113095 0
3.322755638418985 4.193020315205567 0
3.260909093135127 4.143553834943491 0
3.376890294478524 4.245184972564466 0
3.411147929924631 4.180928883742206 0
3.511191467917186 4.170842979116126 0
3.707341422012109 6.781554896142144 0
1.578117764808024 4.102649306667293 0
5.484153995401316 9.607821682718736 0
3.392906230764008 4.577462864256225 0
3.425887997915512 4.519970031908113 0
3.528200780748108 4.502972451757276 0
3.589351785632179 4.57023508533759 0
3.704053473635744 4.5612702152788 0
3.837687280060903 5.8166584906444 0
3.193381934614902 4.627628826318572 0
2.794203513912872 4.177346322628878 0
2.753077940606886 4.118573188899221 0
2.974163042867025 4.663581934284597 0
3.02174071390465 4.584765658528414 0
2.938701147904156 4.558902510723041 0
2.954365110641036 4.487655606382715 0
2.887056329070149 6.234391323337523 0
3.066999465552322 6.246875240950159 0
5.39241245961736 7.216127299093106 0
5.560467813136764 7.138546007118057 0
3.768231750841894 4.210437070738495 0
3.730206296831099 4.129998788428965 0
3.672172101730693 4.160739482666469 0
3.688146517276173 4.079454757393463 0
3.836791973009025 4.149570272909735 0
3.886860174265964 4.114615693595141 0
3.927414699548204 4.171585335928807 0
4.00973114642607 4.169798841512451 0
4.053786261297237 4.109018784430514 0
4.147285265596034 4.122425358165204 0
4.188829878351821 4.174528690614954 0
2.938424086317758 7.48362727519596 0
3.191929751902232 7.525554097023406 0
5.836567086047529 4.294795528553196 0
5.896574877438411 4.285588473138012 0
3.099954967426055 4.144743700260906 0
4.623076368037017 4.28962326600853 0
1.867156289564509 4.725327015798571 0
1.925378066744502 4.642844933520313 0
2.829277235421128 4.379791382050949 0
1.059409318504019 4.76533707842977 0
4.344816921904558 6.029713119970459 0
2.321592094160023 4.855937591889923 0
2.360545658465476 4.759261602595021 0
2.279562036201239 4.727661268976092 0
2.206510246248827 4.677620009416655 0
2.726921885103375 4.973666053078323 0
2.586984485707029 4.970727912691113 0
2.639516324806616 4.855811056909063 0
1.130666168988291 4.778629809213458 0
3.364848588160902 5.698630021589272 0
2.632014487040456 4.413097626840909 0
1.959468529204 4.169006348442017 0
1.875034220370126 4.153639191701636 0
1.878804307635769 4.228613944873651 0
1.807724738068946 4.160840856129118 0
2.012806416832281 4.112478582145078 0
1.793154750986735 4.225429212012949 0
1.843062127224907 4.096138106675965 0
5.448852396177666 8.766632305228066 0
5.1848359550658 4.949005450959322 0
2.134854214558965 4.156599102143886 0
2.960837465279006 4.135762470071146 0
4.805463328123592 7.082387802557175 0
2.617697693124285 7.122998955946408 0
4.358955426580064 6.5768192305231 0
5.875389251445771 4.088432588773505 0
1.386475796793173 4.549173424905122 0
1.346367612523798 4.450752148507891 0
4.01909745893943 4.509857640821566 0
3.725446435814396 5.236713952932108 0
0.826257973728446 4.585823750806951 0
0.7418010007561272 4.608525693586906 0
0.7024921469664508 4.670664208426904 0
0.6578954941256534 4.590208607551276 0
0.637064752158038 4.651248037264851 0
0.7001307726807962 4.523242507380302 0
0.613380423658658 4.504247116225443 0
0.5954879526644079 4.565085631903521 0
0.5624019299633871 4.496382130918748 0
5.278686387486259 4.923510775979308 0
5.328683440851489 5.01756135378601 0
5.317227510029685 5.100468398005257 0
3.558103834298119 4.238002261605923 0
3.5824347414395 4.146462701889076 0
3.618569441050108 4.204399042101937 0
5.447953995897031 7.021345820028014 0
5.645790662816772 7.012868164040342 0
4.140485145715497 5.37288083566478 0
4.587838446631327 4.1062306972367 0
1.617028610346921 4.612580680327859 0
4.839180902985808 6.41616155571695 0
2.34981646127702 6.806909791763748 0
1.159057585155399 4.194091657477076 0
1.073673480490417 4.185368385140759 0
1.078835481389257 4.247873344266648 0
1.000707570395354 4.248584964550971 0
0.9978245879158821 4.181853987813689 0
0.9205529277459432 4.244615422161685 0
0.921245113908681 4.174243308536007 0
1.017295105441663 4.318065843573057 0
1.150741413753118 4.122276534523 0
2.319887178289154 4.347343018362269 0
3.391486359167486 5.113800025992944 0
0.8433569102578813 4.236022857122993 0
0.834310035165284 4.157251344745506 0
0.8684809691351636 4.092536414903582 0
0.7794403333666906 4.285891250945748 0
4.717068213121133 4.1585701504632 0
4.732527280531536 4.084224863518782 0
2.613861647393933 4.162699103794115 0
4.680082873683798 5.295118297810098 0
1.904940766137067 6.218429816703238 0
1.931234304892284 6.038201901785007 0
1.795591596807557 5.897375574389873 0
1.93405895056823 5.874473648917541 0
1.829335100082036 5.77544099966704 0
2.056248599159089 6.067033966824434 0
1.697240532376663 5.853590185686353 0
2.024211358075785 6.177008491623863 0
5.771656530209189 5.628954714323785 0
5.886863708990474 5.759721337716399 0
5.802048042611749 5.86896996677067 0
5.058547369746616 4.402241439495287 0
0.4729519738034935 4.541758365730716 0
3.849029863911911 6.32690752252113 0
5.828775742451517 4.566601558916681 0
5.867936381880813 4.499494664853152 0
3.880298176963451 8.496842020268369 0
4.411304691687142 4.210782460113036 0
2.148871865030947 4.747112557863285 0
4.08094981398891 7.029280576976197 0
3.891834373370868 5.642046971585195 0
5.326878205161722 6.034210182783094 0
5.259626100820241 5.936574943790828 0
5.896616490396585 5.286289796725439 0
5.734492617372569 7.723781183224754 0
1.4575821586527 5.737428985765267 0
1.607894228436654 5.696886730939691 0
1.651107245129317 5.981741786688229 0
1.522758513302419 5.625993628504483 0
4.733157394239754 4.919298543923447 0
4.740113664575224 6.124612777629236 0
4.863691734161409 4.125682776194511 0
5.582064375472995 4.69235605251674 0
1.294002087282737 5.544279322476825 0
5.008429263269715 4.114096527444191 0
5.567629493175605 8.581870845989338 0
5.655516669607398 8.981847763666142 0
5.211463211633183 4.186405089108024 0
5.264280757637615 4.138547608207812 0
4.975140099879344 6.420405880669517 0
1.118062811916984 5.291287240110592 0
1.170109193890985 5.204153638287984 0
3.850963736681484 4.480673167447435 0
1.034127869722025 4.379634823709463 0
0.986314728282675 5.114641232282368 0
4.374362956613163 5.200460464570519 0
2.458883011848646 4.274555650064839 0
5.695988786408003 6.251448882253994 0
2.663916520846744 5.756108068574066 0
2.722718521932317 5.637582149231232 0
2.622862051602299 5.590371081501021 0
2.463612718648787 5.616278558791879 0
0.9287614966864901 4.329848246205532 0
5.846742275219968 5.147724451915495 0
0.4479287686861421 4.071480624724426 0
0.4935936371458645 4.124268472018195 0
4.910542721346939 4.401368200975031 0
5.6663791928502 4.174042509439754 0
0.8467703151586791 4.982887167937233 0
0.5422163498795813 4.374226101892609 0
0.4721832747334666 4.418068207182024 0
0.5353066578111549 4.445354167420526 0
4.814525309365267 7.687268288381843 0
5.512623956792565 5.793009341279474 0
3.355595048541397 5.426798965339754 0
4.924726141372871 4.899391309733735 0
5.47742687142941 5.249647644201311 0
4.582804503833504 4.822149440100591 0
4.615769039193053 4.705201659490044 0
5.873563598224286 6.808145879793683 0
5.056929475689641 4.709046362777357 0
5.798591703677074 5.543782301013355 0
5.805388026887303 7.159173603947291 0
5.892633729449624 6.483276795315423 0
3.988862381193338 4.838757193375339 0
3.444170034460917 4.118012301187211 0
3.523255841802498 4.087747799987008 0
5.54948149646837 5.390357923532516 0
4.776377212459422 5.292847229658165 0
4.884539002085059 5.41217171577714 0
4.886818723464682 5.287192185987283 0
4.987530452689998 5.398178848044842 0
4.806906011736412 5.520542319260154 0
4.911967512929587 5.594231922086389 0
4.853259628589121 5.727321642022443 0
5.651622207735959 4.240375131420572 0
1.214881286989207 4.704750053585397 0
1.007942419043574 4.118826835498123 0
5.80187445997419 8.234575565234332 0
0.2297026183958348 4.166265530515766 0
0.1645839740157728 4.098228550792907 0
3.901183043792188 4.750197343209871 0
0.4456033883786493 4.471245865464609 0
5.92705291036384 4.970861317242719 0
5.700386776442962 4.393016100876929 0
2.151744548170472 5.051359693345301 0
2.115742572380327 5.896174337442043 0
4.171998176218101 6.022429915099126 0
4.182537350684866 5.728621043747295 0
5.93923592491151 4.686095939916139 0
5.029467807473045 6.887897307625983 0
1.968150036938713 5.254328582230921 0
5.715259101224697 10.24492627059894 0
5.341661871044697 10.02183450451041 0
1.811120311812407 4.305010616229016 0
2.141530292840336 4.62187908675408 0
5.941261355284659 4.528524957397168 0
1.438814545092788 4.478000502308038 0
0.3767886458553867 4.124029849341456 0
0.3211271811700194 4.352103250084935 0
5.930701489961698 4.239459006774577 0
4.475410556646118 4.425017061325147 0
5.947507098314626 4.395871472685975 0
3.616111618049025 6.999349876365066 0
2.965863321892138 5.121460207409178 0
0.865031353511706 4.501307810975058 0
0.7524426615403038 4.757471807288412 0
2.805063759159766 4.87241425985431 0
2.778623767378781 5.526660717777203 0
5.896286303500151 4.342920134903568 0
1.632366684185112 4.322807589446843 0
4.726461406440992 5.754323444852454 0
5.147668733949063 4.062788076615388 0
4.268052969004698 4.367167190512193 0
0.740633453281259 4.11569737073842 0
5.87768181675168 6.130597185991941 0
5.957988534246926 4.054904975989759 0
1.635308033556226 4.534887316413702 0
5.095803843417891 5.423948099896704 0
4.55509777381258 4.053898766633811 0
1.234489289636513 4.469563368971341 0
1.336950969482613 4.327561332189975 0
5.728268919219762 4.445176796006545 0
1.414220346921274 4.049770768569505 0
1.392808952546126 4.129154987837886 0
4.496985501010032 4.064615669931374 0
3.250558155384967 6.13112361303255 0
3.046106294720639 4.068074499111537 0
5.521525265452022 4.354381067313137 0
2.303228652854862 5.365350782589211 0
4.524963521049862 4.936313975924047 0
4.39672792346839 4.878742767524364 0
1.716068481394374 4.067890012457434 0
3.840668487627455 6.1736706819258 0
3.138559595379184 4.557586678688284 0
4.694452879120956 4.501904850471921 0
3.922268410821277 4.061876567705174 0
4.257618087060044 7.559829225810605 0
5.180902901604357 4.406872542021754 0
2.20203724721183 4.066102129856256 0
0.2461531954465848 4.263964538296361 0
5.382965235579984 4.30600313564211 0
5.22768079106678 4.842197615300117 0
2.247776434148963 4.604474727915234 0
4.976666742854555 4.627268278569653 0
3.855422723096257 4.057723793949989 0
4.312898980872959 4.967698346176209 0
5.283949739201095 4.066244594965192 0
2.537651539573554 4.063830756871636 0
3.980692078914604 6.878359213779136 0
1.639572254381573 4.970719857711576 0
2.888164160467081 4.076084255603816 0
1.023619350419468 5.015992231871958 0
4.310482395382894 8.221033269709878 0
4.883806843667629 5.155282668689917 0
1.097769874636052 5.139109840101942 0
5.540147352665489 4.626295393044464 0
5.376136140902243 4.505664259513682 0
1.432330057498423 4.769518853190573 0
5.840961511074328 8.52824273139786 0
1.558732968491507 5.147372040490001 0
1.675559867770579 4.882784631104347 0
0.6530003622894892 4.058646910836496 0
4.989896065184582 4.326750637479903 0
1.85623305783027 5.273076532706929 0
1.740350775455301 4.119363787822663 0
1.095313634251946 4.313276262438526 0
0.6378509387680087 4.249642908960844 0
0.6119153702246841 4.441864524445871 0
4.67230027484323 5.206101426550073 0
5.961106523729056 4.154605499819795 0
2.123536126687888 4.494998917249333 0
0.4922672097355422 4.495471480078967 0
0.48381263007279 4.168776833216489 0
2.542273254743332 4.768068250330462 0
4.836599472084169 4.339392584452929 0
1.23444758118742 5.289385881999842 0
2.391969259157931 5.151944717890204 0
3.229335951319115 5.426723323779423 0
3.768377118635289 4.497003401546002 0
4.453652256318958 5.533370521320286 0
4.563343850873405 7.077971815811385 0
2.352390156416286 4.068139508555324 0
2.435111199592757 4.594278135508524 0
3.749009421155325 5.694124524768998 0
1.967087222753156 4.94311150893955 0
1.073950965632153 4.598375564230676 0
3.477473330737249 5.407417883289029 0
2.387750115787965 4.693719161542635 0
4.05699036879773 5.124921037941784 0
4.302257886578782 4.601197425625299 0
5.702594772416595 5.079366876562881 0
3.999568244040856 4.718210092865493 0
4.298749006535654 6.443324498629088 0
3.450375158553376 4.865829536961528 0
1.199078311544991 5.028488252121146 0
3.767665046134406 4.92397102237159 0
1.891228030356017 4.297883114271185 0
3.710840184763834 4.843618686067059 0
1.929227861923411 5.58339852273578 0
3.253140522088458 4.918251182000249 0
3.51982297711701 5.723500171976403 0
2.073702315796385 4.395473805372357 0
5.710764295274657 4.238791225906266 0
5.912748745584043 5.510816285341083 0
3.040428246696893 4.862593141146766 0
5.574696463299079 4.541984246001165 0
1.123541978371993 4.702295717600759 0
5.470654382019481 4.302182473180143 0
3.441028180487609 7.450215286149324 0
2.697420798356143 5.230162411758711 0
2.672859470209779 4.694667459016216 0
4.910421672882942 4.061187773155329 0
5.288465384601819 6.505574627215815 0
3.000375142499115 4.330898790551323 0
3.277328211600144 4.470015833028076 0
3.710440378382124 4.436998692729256 0
4.094917792522022 4.805209119656093 0
0.5829467975975916 4.06084053303856 0
1.730579816302196 4.52939068613914 0
2.497237249701427 4.354772146751117 0
4.612547896603018 4.536135113862207 0
3.857803326279948 5.495075399239393 0
3.177614848400998 4.161346008413337 0
5.391243728907821 4.796683919418923 0
5.515535595204677 7.774844370356872 0
2.721523475610533 6.217518872656768 0
2.665775931714573 6.373377907979004 0
5.042051357995326 5.170270110285903 0
4.185471526574296 4.722662681528887 0
1.747275238383002 5.193037881592524 0
3.052135994919333 6.760266793665464 0
5.018038389020737 6.29558214180198 0
5.516449221549043 4.939702389787771 0
3.118105869982361 4.072890478308713 0
4.133870626378464 4.498142389322247 0
2.039328386163665 5.623866656712587 0
4.887123358743685 4.615108036119894 0
3.438889875902631 6.5444172894435 0
3.638688206357051 6.15856447567326 0
2.023813388447463 4.634262164074583 0
4.129285354688431 5.196372644244839 0
2.352782930579292 6.092879167869619 0
1.808248007540494 4.648881565891255 0
0.8070627553715203 4.069511919284313 0
5.347916121893345 4.599260171626233 0
2.671619422065998 5.46870231295866 0
5.630901124809061 5.183305225855043 0
5.357007525906376 5.846106177114295 0
1.623381772877932 5.253624138949421 0
0.08676679285945922 4.057398152921148 0
5.039072691550556 7.649020159107288 0
1.388578578338167 4.861194559895979 0
2.054762641966698 4.067539961424949 0
3.864029801811858 4.393717216052135 0
5.929065901026382 5.205456106626516 0
1.929249506669953 4.545595572980241 0
3.97023414175267 4.106361221154821 0
5.397444402683469 5.477319157875451 0
2.846580818676995 7.183342493990136 0
5.645123306526141 4.667871660681679 0
3.237123055969933 4.547586777437155 0
4.19098390464671 4.389746077343484 0
3.953702532831592 4.409225035814388 0
2.346141894653635 5.255595899265081 0
4.031955401744802 4.422813265107902 0
5.758898186338204 6.733961968642254 0
5.711067660344851 6.867858885073079 0
4.206269291753129 5.280810605551926 0
4.962124429773875 5.496124499717569 0
3.395419237063125 5.546588623095768 0
2.048218824487264 5.051004955686771 0
5.341370105717113 4.146911860119417 0
2.658754298034383 4.11706413917002 0
4.027401264707374 8.293010822568144 0
3.760376384059681 8.206869964958038 0
3.236569287238935 4.073388419295308 0
5.595163378625879 6.780657339691774 0
2.349824238689523 4.251140537728482 0
5.849786116731367 4.884080344599753 0
3.299571963445413 4.072249422109506 0
2.190367395319015 6.126463013085214 0
1.543660403518631 5.342814463282342 0
0.8558469445537459 4.901186281169035 0
4.264445836877787 4.711988711222798 0
1.504296955106442 5.453827534824853 0
1.660151966567498 5.615791159299409 0
5.735865789043267 9.517922711899056 0
2.44713269750136 4.768192201907436 0
4.025282716644168 7.580792519692313 0
2.61620696344479 4.772395761279311 0
3.430933780385443 7.038144691629951 0
4.966924861312697 4.066766082787229 0
5.953235692821954 4.287014884028198 0
5.481760011790931 6.656479198028745 0
5.278485152940079 4.62746204532358 0
1.978177101388579 5.73614464599592 0
4.352174185483952 5.723941534765629 0
1.314970336336133 5.188219366558971 0
2.598669288361892 6.532634698001922 0
5.425088590462663 4.073579609689428 0
5.191351856441382 4.123680838833627 0
2.840192383228771 5.420226407211364 0
5.700522625667044 4.723385880095468 0
4.337082155850449 5.289769088195625 0
5.558234748419712 5.203689944016064 0
1.230954209570751 4.138329890234162 0
5.480397963551351 4.146956434892315 0
1.28213580484753 4.064690321289375 0
3.649631880929015 4.506328491884347 0
0.3603336385368067 4.394363317711031 0
4.831923218292314 4.920721451907424 0
2.286067213709994 4.275278180814365 0
5.370569504750074 4.894887123555204 0
2.574414266261738 4.109787197766192 0
0.1981396332202452 4.192874314912721 0
3.33719798635825 4.528107094199902 0
5.093062196208209 4.113851516195981 0
5.855189962087034 4.623669994848681 0
3.119600105564763 4.993211953445649 0
1.447616033402912 4.954435761726805 0
5.690861737111228 4.834608108235125 0
3.015707951444134 6.949777831583019 0
1.082490583783557 4.12269860708228 0
4.354992908610946 4.065727576202282 0
4.750158238946723 4.835113588817252 0
0.7130905173012643 4.251128825527593 0
1.166691870865884 4.063487651242185 0
0.9365814455155488 4.110330521973334 0
4.897272218489416 7.874627671874238 0
1.026161455856094 4.058416305100403 0
0.5591559685110603 4.629184787357487 0
3.242870973862008 7.951738446006496 0
0.207483544786888 4.057246434640978 0
0.1466266721478743 4.060288142299761 0
2.640055441024527 5.340458080563264 0
4.320044638170089 5.878450704743926 0
0.8953544069559359 4.043209535218722 0
3.356986578736013 4.127838079896675 0
0.6216308152560935 4.711825815571486 0
4.954064758093049 4.705906364265713 0
2.092999793451885 4.112905441008254 0
1.543690771964722 4.960541831605775 0
5.82594279023185 7.508542648467438 0
5.72506213045371 6.004679649049455 0
2.981287497479757 7.328719337670513 0
0.9994994847012719 4.735991041366026 0
5.688158462516981 8.397288935831845 0
5.426171232341238 4.97521322280347 0
2.536039253179018 5.502207339231011 0
3.456719040626423 4.459186147083179 0
3.368301156251847 7.715720959801872 0
1.94771021897153 5.161447226115643 0
2.768901696712677 4.342201216152626 0
3.543640215970958 4.405977450400315 0
2.837953706258765 5.672003547022952 0
1.675776084050042 4.111190045408579 0
5.388253122645562 5.571538993467431 0
0.2543852085983844 4.213350156858901 0
4.09204166457408 4.073935141195673 0
5.015489318147917 8.443035192513397 0
1.457217932283277 4.107126417790375 0
5.797617391987484 4.824394652760036 0
5.831824948132706 5.466583897982846 0
0.9422377450684298 4.801417014526688 0
3.691789225093979 6.347584598637191 0
5.561730980912781 4.052584546169196 0
5.525291161727156 6.901532943411333 0
4.997078819179615 5.301067238782081 0
2.852186617150549 4.315348124657829 0
0.7089911458942405 4.852130358583662 0
2.420927720362653 5.381509424648522 0
1.551876575280471 4.051650172787981 0
4.533164508938822 8.875240452494038 0
5.070728131024941 8.046028773253649 0
4.717349499338059 5.853873319621185 0
5.400128484828099 5.099986058827199 0
3.089749687655376 4.493996199917806 0
4.795327461783918 4.058042631158999 0
3.810415212951489 8.696585398127491 0
2.169574233742063 4.110435677983748 0
2.899416496366923 4.398971489807146 0
5.029353304546141 5.649162630169881 0
4.265696948096068 8.959403938158029 0
2.961438599914515 5.688760003457671 0
3.406538185785441 8.208555686970797 0
2.525576346681567 6.711100450700883 0
5.339981593668279 6.927995443524067 0
5.752684815420663 6.551986165392965 0
3.333904292012991 7.257029456910551 0
2.672791562331847 4.358315417939439 0
1.41720010323295 4.184080343231927 0
3.887887453561647 7.812895967830352 0
2.075293508793485 6.513996399691615 0
5.682593087250369 4.11468119791956 0
4.85790011547742 6.278319031506221 0
4.034918468181141 8.932776386814078 0
5.384164125807949 8.422584698443229 0
4.519217379873528 4.523239885941191 0
4.144303182690104 4.056597056348366 0
5.422467133544782 9.342507757245702 0
5.768549535731632 4.06161158238856 0
1.723317824582223 5.717616110623211 0
5.922903746822112 4.090620005139484 0
5.896309513356887 4.048306329696518 0
4.791573466191505 5.996652400377801 0
4.568983348849824 4.611649709075366 0
3.633880649431184 4.113149227248683 0
4.222173886136689 4.12173411451632 0
1.928502175737616 4.099971501165311 0
0.1430284284139484 4.12341694565013 0
1.308049161729081 5.423777727195406 0
3.060104165878137 5.098007240947545 0
4.906012342389801 4.825738891204219 0
4.638716254680064 4.16033661375796 0
1.42748117609851 4.234375471308542 0
1.976451702323862 4.06526811864008 0
5.439946988084595 5.666289673440023 0
5.750619506749025 11.19257452923614 0
0.7775629453407256 4.230403344221219 0
4.679749397953882 6.414284826621981 0
3.051107549991573 5.818776926302145 0
1.823157180530824 4.04791200580765 0
5.891270750098115 4.550215912450668 0
5.620487836755024 4.045647596420695 0
4.394535888171528 4.112208552488534 0
2.246510320659923 4.365389652356694 0
2.242894190737367 4.107658865022969 0
5.07356106609876 5.326102424113118 0
5.957819884786177 4.251280915824759 0
0.4277390732565722 4.386697105842851 0
2.586591721460085 4.375418982262056 0
3.961152919472859 5.084201575047566 0
2.699008761872632 4.072387946177102 0
0.5393372491417163 4.123745136320899 0
1.598425388125849 5.060189531824069 0
0.7908667575508819 4.111832172233739 0
3.470353008734651 4.062812432190138 0
3.563444527989453 6.511797217901377 0
5.816288806638629 4.123517819808147 0
3.861382928587112 5.223943554323149 0
2.226172184143517 5.817894183843961 0
5.795829977083775 10.54939072302987 0
1.427009971621123 5.543226121139094 0
0.5314176815510716 4.539402597220578 0
2.9728724353489 4.412219545175055 0
3.761118380607916 8.025761296634503 0
5.765102706291775 10.94542417236016 0
1.182797659925289 5.098960079870519 0
5.120555699360667 4.408397339780925 0
5.67134016231826 8.115808113862569 0
5.667354405973518 7.30088136910108 0
4.681464715010643 4.109955300820461 0
3.031033232541686 4.49474811709791 0
5.887650932521906 5.847507902381134 0
4.981648562064343 5.76268736138383 0
5.760512415180367 6.422814813461789 0
2.570021626934395 4.198495944576559 0
2.317135659096679 4.108118656587388 0
1.527973114857567 4.116654305307884 0
2.631798438918619 6.901944262474752 0
1.750304754128505 4.166515506454231 0
3.639600315826728 4.909550353960852 0
4.267848493634205 4.046737944818526 0
3.523226086191814 4.930470947893645 0
1.399332902354568 4.312405201126195 0
3.649333846476447 4.040577863394148 0
1.656125156993458 5.169332244397819 0
4.583639652735465 5.910226985537233 0
2.203839898711031 6.541572824844598 0
5.872193599106783 5.028839891797504 0
1.708721594277226 4.239319149921014 0
3.67837582779525 4.994153654211019 0
2.536724641713079 4.254733233369609 0
5.178725366163146 6.942306378942705 0
5.181381114297984 4.483386579143728 0
0.2967163201389239 4.26548865578477 0
2.998985142577891 5.945453875723876 0
5.903724969267078 4.451382370374567 0
3.72465479922345 4.051010275404826 0
0.4276406321623088 4.144070293540535 0
3.752180657306654 5.089997452464997 0
2.760604519671973 4.045878850277253 0
5.923166047987375 4.170697793671438 0
5.858692014045535 5.378430728164887 0
4.432625663847035 4.993742854752047 0
4.339505715225922 4.843388103833057 0
3.52325583162235 4.039713898539077 0
5.219008435150025 5.833173101227358 0
0.7641214955480148 4.331709405108274 0
4.497209719138382 6.560148588615263 0
0.9311612165845856 4.998154080742302 0
1.790777179641443 4.108750234357771 0
5.165129790598133 4.212790589802412 0
0.6840127286090006 4.723201445548882 0
4.808011386144276 4.108078454460969 0
2.200721747444812 4.457116000497257 0
4.695256417280563 4.041844898504873 0
5.453634402643405 5.165723394451351 0
4.592354078140934 4.242711018338953 0
5.925019021647437 4.835338626767573 0
2.825271312906281 4.1095346763732 0
3.393409650678449 4.955185894459361 0
1.883491986354684 5.67900835208899 0
1.352314165806809 4.38494445316371 0
4.677826705018841 4.857096685634064 0
3.154818113706606 5.215259369770442 0
2.100309241875136 6.253679905285736 0
2.189546789545733 4.557310771040651 0
2.413155655748618 4.04348736195837 0
4.393536745828077 5.102928808414367 0
4.558103646192319 4.664737652677819 0
5.859740588994097 4.449903495754678 0
0.7587811880770362 4.174117576942569 0
3.627009865646508 5.631709251562706 0
5.915984962753946 4.489554402774891 0
4.267093947864753 4.790113961540183 0
5.142903377589365 4.282536517619254 0
3.086758021858475 6.088450701936682 0
2.483041952134774 4.104129348551332 0
1.79970632013112 5.205616127848486 0
2.334674681039347 6.628089879945445 0
4.583077401175492 4.310142712557876 0
2 8 0 1564
6428
6429
6430
6431
6432
6433
6434
6435
6436
6437
6438
6439
6440
6441
6442
6443
6444
6445
6446
6447
6448
6449
6450
6451
6452
6453
6454
6455
6456
6457
6458
6459
6460
6461
6462
6463
6464
6465
6466
6467
6468
6469
6470
6471
6472
6473
6474
6475
6476
6477
6478
6479
6480
6481
6482
6483
6484
6485
6486
6487
6488
6489
6490
6491
6492
6493
6494
6495
6496
6497
6498
6499
6500
6501
6502
6503
6504
6505
6506
6507
6508
6509
6510
6511
6512
6513
6514
6515
6516
6517
6518
6519
6520
6521
6522
6523
6524
6525
6526
6527
6528
6529
6530
6531
6532
6533
6534
6535
6536
6537
6538
6539
6540
6541
6542
6543
6544
6545
6546
6547
6548
6549
6550
6551
6552
6553
6554
6555
6556
6557
6558
6559
6560
6561
6562
6563
6564
6565
6566
6567
6568
6569
6570
6571
6572
6573
6574
6575
6576
6577
6578
6579
6580
6581
6582
6583
6584
6585
6586
6587
6588
6589
6590
6591
6592
6593
6594
6595
6596
6597
6598
6599
6600
6601
6602
6603
6604
6605
6606
6607
6608
6609
6610
6611
6612
6613
6614
6615
6616
6617
6618
6619
6620
6621
6622
6623
6624
6625
6626
6627
6628
6629
6630
6631
6632
6633
6634
6635
6636
6637
6638
6639
6640
6641
6642
6643
6644
6645
6646
6647
6648
6649
6650
6651
6652
6653
6654
6655
6656
6657
6658
6659
6660
6661
6662
6663
6664
6665
6666
6667
6668
6669
6670
6671
6672
6673
6674
6675
6676
6677
6678
6679
6680
6681
6682
6683
6684
6685
6686
6687
6688
6689
6690
6691
6692
6693
6694
6695
6696
6697
6698
6699
6700
6701
6702
6703
6704
6705
6706
6707
6708
6709
6710
6711
6712
6713
6714
6715
6716
6717
6718
6719
6720
6721
6722
6723
6724
6725
6726
6727
6728
6729
6730
6731
6732
6733
6734
6735
6736
6737
6738
6739
6740
6741
6742
6743
6744
6745
6746
6747
6748
6749
6750
6751
6752
6753
6754
6755
6756
6757
6758
6759
6760
6761
6762
6763
6764
6765
6766
6767
6768
6769
6770
6771
6772
6773
6774
6775
6776
6777
6778
6779
6780
6781
6782
6783
6784
6785
6786
6787
6788
6789
6790
6791
6792
6793
6794
6795
6796
6797
6798
6799
6800
6801
6802
6803
6804
6805
6806
6807
6808
6809
6810
6811
6812
6813
6814
6815
6816
6817
6818
6819
6820
6821
6822
6823
6824
6825
6826
6827
6828
6829
6830
6831
6832
6833
6834
6835
6836
6837
6838
6839
6840
6841
6842
6843
6844
6845
6846
6847
6848
6849
6850
6851
6852
6853
6854
6855
6856
6857
6858
6859
6860
6861
6862
6863
6864
6865
6866
6867
6868
6869
6870
6871
6872
6873
6874
6875
6876
6877
6878
6879
6880
6881
6882
6883
6884
6885
6886
6887
6888
6889
6890
6891
6892
6893
6894
6895
6896
6897
6898
6899
6900
6901
6902
6903
6904
6905
6906
6907
6908
6909
6910
6911
6912
6913
6914
6915
6916
6917
6918
6919
6920
6921
6922
6923
6924
6925
6926
6927
6928
6929
6930
6931
6932
6933
6934
6935
6936
6937
6938
6939
6940
6941
6942
6943
6944
6945
6946
6947
6948
6949
6950
6951
6952
6953
6954
6955
6956
6957
6958
6959
6960
6961
6962
6963
6964
6965
6966
6967
6968
6969
6970
6971
6972
6973
6974
6975
6976
6977
6978
6979
6980
6981
6982
6983
6984
6985
6986
6987
6988
6989
6990
6991
6992
6993
6994
6995
6996
6997
6998
6999
7000
7001
7002
7003
7004
7005
7006
7007
7008
7009
7010
7011
7012
7013
7014
7015
7016
7017
7018
7019
7020
7021
7022
7023
7024
7025
7026
7027
7028
7029
7030
7031
7032
7033
7034
7035
7036
7037
7038
7039
7040
7041
7042
7043
7044
7045
7046
7047
7048
7049
7050
7051
7052
7053
7054
7055
7056
7057
7058
7059
7060
7061
7062
7063
7064
7065
7066
7067
7068
7069
7070
7071
7072
7073
7074
7075
7076
7077
7078
7079
7080
7081
7082
7083
7084
7085
7086
7087
7088
7089
7090
7091
7092
7093
7094
7095
7096
7097
7098
7099
7100
7101
7102
7103
7104
7105
7106
7107
7108
7109
7110
7111
7112
7113
7114
7115
7116
7117
7118
7119
7120
7121
7122
7123
7124
7125
7126
7127
7128
7129
7130
7131
7132
7133
7134
7135
7136
7137
7138
7139
7140
7141
7142
7143
7144
7145
7146
7147
7148
7149
7150
7151
7152
7153
7154
7155
7156
7157
7158
7159
7160
7161
7162
7163
7164
7165
7166
7167
7168
7169
7170
7171
7172
7173
7174
7175
7176
7177
7178
7179
7180
7181
7182
7183
7184
7185
7186
7187
7188
7189
7190
7191
7192
7193
7194
7195
7196
7197
7198
7199
7200
7201
7202
7203
7204
7205
7206
7207
7208
7209
7210
7211
7212
7213
7214
7215
7216
7217
7218
7219
7220
7221
7222
7223
7224
7225
7226
7227
7228
7229
7230
7231
7232
7233
7234
7235
7236
7237
7238
7239
7240
7241
7242
7243
7244
7245
7246
7247
7248
7249
7250
7251
7252
7253
7254
7255
7256
7257
7258
7259
7260
7261
7262
7263
7264
7265
7266
7267
7268
7269
7270
7271
7272
7273
7274
7275
7276
7277
7278
7279
7280
7281
7282
7283
7284
7285
7286
7287
7288
7289
7290
7291
7292
7293
7294
7295
7296
7297
7298
7299
7300
7301
7302
7303
7304
7305
7306
7307
7308
7309
7310
7311
7312
7313
7314
7315
7316
7317
7318
7319
7320
7321
7322
7323
7324
7325
7326
7327
7328
7329
7330
7331
7332
7333
7334
7335
7336
7337
7338
7339
7340
7341
7342
7343
7344
7345
7346
7347
7348
7349
7350
7351
7352
7353
7354
7355
7356
7357
7358
7359
7360
7361
7362
7363
7364
7365
7366
7367
7368
7369
7370
7371
7372
7373
7374
7375
7376
7377
7378
7379
7380
7381
7382
7383
7384
7385
7386
7387
7388
7389
7390
7391
7392
7393
7394
7395
7396
7397
7398
7399
7400
7401
7402
7403
7404
7405
7406
7407
7408
7409
7410
7411
7412
7413
7414
7415
7416
7417
7418
7419
7420
7421
7422
7423
7424
7425
7426
7427
7428
7429
7430
7431
7432
7433
7434
7435
7436
7437
7438
7439
7440
7441
7442
7443
7444
7445
7446
7447
7448
7449
7450
7451
7452
7453
7454
7455
7456
7457
7458
7459
7460
7461
7462
7463
7464
7465
7466
7467
7468
7469
7470
7471
7472
7473
7474
7475
7476
7477
7478
7479
7480
7481
7482
7483
7484
7485
7486
7487
7488
7489
7490
7491
7492
7493
7494
7495
7496
7497
7498
7499
7500
7501
7502
7503
7504
7505
7506
7507
7508
7509
7510
7511
7512
7513
7514
7515
7516
7517
7518
7519
7520
7521
7522
7523
7524
7525
7526
7527
7528
7529
7530
7531
7532
7533
7534
7535
7536
7537
7538
7539
7540
7541
7542
7543
7544
7545
7546
7547
7548
7549
7550
7551
7552
7553
7554
7555
7556
7557
7558
7559
7560
7561
7562
7563
7564
7565
7566
7567
7568
7569
7570
7571
7572
7573
7574
7575
7576
7577
7578
7579
7580
7581
7582
7583
7584
7585
7586
7587
7588
7589
7590
7591
7592
7593
7594
7595
7596
7597
7598
7599
7600
7601
7602
7603
7604
7605
7606
7607
7608
7609
7610
7611
7612
7613
7614
7615
7616
7617
7618
7619
7620
7621
7622
7623
7624
7625
7626
7627
7628
7629
7630
7631
7632
7633
7634
7635
7636
7637
7638
7639
7640
7641
7642
7643
7644
7645
7646
7647
7648
7649
7650
7651
7652
7653
7654
7655
7656
7657
7658
7659
7660
7661
7662
7663
7664
7665
7666
7667
7668
7669
7670
7671
7672
7673
7674
7675
7676
7677
7678
7679
7680
7681
7682
7683
7684
7685
7686
7687
7688
7689
7690
7691
7692
7693
7694
7695
7696
7697
7698
7699
7700
7701
7702
7703
7704
7705
7706
7707
7708
7709
7710
7711
7712
7713
7714
7715
7716
7717
7718
7719
7720
7721
7722
7723
7724
7725
7726
7727
7728
7729
7730
7731
7732
7733
7734
7735
7736
7737
7738
7739
7740
7741
7742
7743
7744
7745
7746
7747
7748
7749
7750
7751
7752
7753
7754
7755
7756
7757
7758
7759
7760
7761
7762
7763
7764
7765
7766
7767
7768
7769
7770
7771
7772
7773
7774
7775
7776
7777
7778
7779
7780
7781
7782
7783
7784
7785
7786
7787
7788
7789
7790
7791
7792
7793
7794
7795
7796
7797
7798
7799
7800
7801
7802
7803
7804
7805
7806
7807
7808
7809
7810
7811
7812
7813
7814
7815
7816
7817
7818
7819
7820
7821
7822
7823
7824
7825
7826
7827
7828
7829
7830
7831
7832
7833
7834
7835
7836
7837
7838
7839
7840
7841
7842
7843
7844
7845
7846
7847
7848
7849
7850
7851
7852
7853
7854
7855
7856
7857
7858
7859
7860
7861
7862
7863
7864
7865
7866
7867
7868
7869
7870
7871
7872
7873
7874
7875
7876
7877
7878
7879
7880
7881
7882
7883
7884
7885
7886
7887
7888
7889
7890
7891
7892
7893
7894
7895
7896
7897
7898
7899
7900
7901
7902
7903
7904
7905
7906
7907
7908
7909
7910
7911
7912
7913
7914
7915
7916
7917
7918
7919
7920
7921
7922
7923
7924
7925
7926
7927
7928
7929
7930
7931
7932
7933
7934
7935
7936
7937
7938
7939
7940
7941
7942
7943
7944
7945
7946
7947
7948
7949
7950
7951
7952
7953
7954
7955
7956
7957
7958
7959
7960
7961
7962
7963
7964
7965
7966
7967
7968
7969
7970
7971
7972
7973
7974
7975
7976
7977
7978
7979
7980
7981
7982
7983
7984
7985
7986
7987
7988
7989
7990
7991
4.013497283266502 -4.06862158445134 0
3.602318735791812 -4.067388288585266 0
4.435186581496995 -4.078941571264906 0
3.158658844535942 -4.06686299731496 0
5.839472070569587 -5.982570381383491 0
4.852857784638052 -4.066824557057625 0
2.812528471427454 -4.054101660351908 0
2.466427803058214 -4.05193002979728 0
2.130294433515927 -4.066810162181126 0
5.930081121187325 -5.419438786877446 0
5.922053170517269 -4.898419264136698 0
2.429436924337316 -6.991152241633062 0
5.844031109162605 -6.592444648410749 0
1.986877343174954 -6.347752544916983 0
1.771986980675214 -4.056587972962706 0
5.219740808069336 -4.055715439942433 0
1.568115845717893 -5.837381751268068 0
1.502383909805675 -4.063462274302263 0
5.918991291324385 -4.6079558543621 0
1.202152545642178 -5.406205624173461 0
1.227946086604955 -4.070879657903937 0
0.9050221370806897 -5.083161247019365 0
3.117038599607827 -7.74458624882939 0
5.489474884850287 -4.08031478920917 0
5.841938858298496 -7.382025261591149 0
0.9649120667476796 -4.041579924535768 0
0.6815321520638633 -4.782307376169121 0
5.784814793411535 -7.926421848892372 0
5.952008807445254 -4.344950580029205 0
4.631808573908169 -4.068174290245607 0
4.207454515090268 -4.056429924829621 0
3.800558496920547 -4.064574451905655 0
3.401638069843965 -4.07553556454081 0
0.5174557195975098 -4.594882700522577 0
0.7216343698062888 -4.058900111840876 0
3.662944960640306 -8.391593088901976 0
0.394407165744244 -4.453462070167457 0
5.701318755177646 -4.057803409980567 0
5.770217688753039 -8.732168730783183 0
0.5160907620784337 -4.063007189380582 0
5.963598193166569 -4.200544329759385 0
0.2834425336263841 -4.31813665642105 0
4.26722112995963 -9.192820496241001 0
2.761983104344833 -7.403149040741314 0
2.174533679080477 -6.665376538669365 0
1.774727194465394 -6.065366308386548 0
1.369315582533062 -5.652585806948656 0
1.043179138521763 -5.248368326811429 0
5.852178392443913 -6.957891979685208 0
0.778566103074714 -4.896326835449359 0
5.845028738611731 -6.286122023607838 0
5.861901687943075 -5.627874333962687 0
5.917436151930136 -5.085202896588179 0
5.685469472242011 -9.285077890077069 0
5.932877348086418 -4.77210686260363 0
5.946521373752399 -4.466807584074042 0
0.2170197178405771 -4.221967618441129 0
5.352001895463998 -4.068329564174826 0
1.094305060042192 -4.060184359052156 0
5.042105843606362 -4.061876281115913 0
1.349213366409373 -4.070908620319252 0
1.615930578801035 -4.059275119424623 0
1.90122599837983 -4.067718397836552 0
2.274217324186316 -4.065438289971182 0
2.619464424945352 -4.064993045267643 0
2.960690429854525 -4.061316164944054 0
0.3692807563128331 -4.066717470422089 0
5.829735098232314 -4.070050974062619 0
0.1707982565716445 -4.157569699571409 0
4.867407332889173 -9.868011927260518 0
5.655825005551297 -9.862680373611314 0
5.962731395787229 -4.114621002644745 0
0.2464822086200167 -4.081828944499068 0
5.383211151210803 -10.44952877039462 0
0.1149886410295143 -4.094508545114429 0
5.603335305348038 -10.78136962558139 0
5.079171698304596 -10.21372327767339 0
5.230536905431596 -9.729443384171566 0
4.830618147743568 -9.444235021268772 0
5.167202619210957 -9.438434669946915 0
5.045957099150078 -9.130973236252489 0
5.354030776810793 -9.036726517005047 0
5.133864850017232 -8.83487833206858 0
4.805758460905341 -8.975180921834443 0
4.909397690880084 -8.726873736641796 0
4.675161984575011 -8.636364479617731 0
4.703541474282933 -8.358050337509038 0
4.412182424495882 -8.485671339600806 0
4.534457360174416 -8.150668773509377 0
4.880603249931214 -8.170504376544313 0
4.684241380944654 -7.973674498734662 0
4.417596754020015 -7.956435209988996 0
4.567027701967525 -7.738690186281408 0
4.339034014992835 -7.767656836798632 0
4.464364130040494 -7.542087959059602 0
4.685034674086416 -7.500257946861948 0
4.592319500280031 -7.330372660046982 0
4.371655445305463 -7.34161609993077 0
4.461998103394718 -7.179430150742303 0
4.172300636348703 -7.221390597533117 0
4.260058764454738 -7.033866744453781 0
4.507784541491305 -6.889712134863131 0
4.324226654836439 -6.750010785927578 0
4.15729570044723 -6.82266011425235 0
4.222501414337176 -6.582438371973815 0
4.051848690086851 -6.660005300787549 0
4.09695852685958 -6.455342380589078 0
3.958676605950224 -6.508323256291376 0
4.04954540050538 -6.323006724365617 0
4.217896945031611 -6.298476762219166 0
4.193183613665374 -6.157199684706777 0
4.02361140237427 -6.173956100929084 0
4.026644111848361 -6.02110907730508 0
3.844529703801666 -6.005094049267097 0
3.920546225667663 -5.849827048373192 0
4.04872695096013 -5.875910520124804 0
3.733392393996819 -5.885541674105496 0
3.957865065657042 -5.754672819008513 0
4.05355900869483 -5.742441210324976 0
4.021742850713989 -5.594642519666889 0
4.174211395876272 -5.578091243965717 0
4.081918606886175 -5.468951011206385 0
4.225136699940659 -5.453037936545016 0
4.317734081824506 -5.558768246862109 0
4.360871559717275 -5.436080770197062 0
4.279569692401212 -5.364377212182444 0
4.412334034257111 -5.348332135617607 0
4.500808039924722 -5.416388156058856 0
4.566311493060182 -5.31509971349695 0
4.459411210224425 -5.247755191247697 0
4.585448233708036 -5.199829760155888 0
4.668339400982735 -5.413804371603159 0
4.50237080923866 -5.149534896063819 0
4.636780074127431 -5.126154624576818 0
3.952086897878024 -5.498857404151548 0
4.553599381903817 -5.043086743803134 0
4.653878635750877 -4.983125743164851 0
4.727422104599756 -5.073411711357243 0
4.779237412502579 -4.991691053654598 0
4.831518494131484 -5.054185650001667 0
4.906971276325565 -4.992728050364722 0
4.462475031752591 -5.022910191667386 0
4.956956650058155 -5.072112650723629 0
5.016060504029167 -5.005329831270027 0
4.60802873178613 -4.898300178639277 0
5.063845737224484 -5.065500448934559 0
5.104656315465183 -4.975517528296886 0
5.028201884693614 -4.899299000757482 0
5.13321869075218 -4.865929212205095 0
3.642410934524275 -6.032832644239766 0
3.528396558487427 -5.926017123302686 0
5.086485317385678 -4.783652808268828 0
5.177775801937149 -4.763854079770407 0
4.565673270035759 -6.726608754536372 0
5.130018365685237 -5.050282173013038 0
5.148989685081775 -5.131578977532607 0
3.49426185811084 -6.064051413224608 0
3.387953218078781 -5.954529975083842 0
5.137416029154525 -4.692525940946771 0
5.206150848944077 -4.660221386522042 0
5.271694031883219 -4.735461862214598 0
5.326151472512102 -4.683326543475898 0
3.373156625173312 -6.067856024914849 0
3.249134437676676 -5.934813595153278 0
3.337113846747527 -5.801211163328773 0
3.209732871441309 -5.799422148175881 0
3.221943365101097 -5.649909491970466 0
3.076892825280328 -5.691025182862247 0
3.164509338398368 -5.555347716180584 0
3.058713939788217 -5.547439520287746 0
3.106937748123278 -5.447798170157097 0
2.954793054024261 -5.453545818503284 0
3.058334333655245 -5.352839059952096 0
2.869792499973907 -5.359216049415426 0
2.951694217308021 -5.252387362881271 0
2.780450458162278 -5.287725476634086 0
3.070864445259942 -5.2178138878186 0
2.834252250075659 -5.175958339552126 0
2.740061802743413 -5.163677963013517 0
2.820797753767627 -5.066755507337162 0
2.706511102839517 -5.079580224349697 0
2.590959051485579 -5.174781873461742 0
2.582824821377432 -5.056945573170756 0
2.472566677716642 -5.175484719161044 0
2.458292521821283 -5.067989190446184 0
2.501191928428135 -4.951382413791222 0
2.408224326419436 -4.936446505184795 0
2.349361709429886 -5.023342209844586 0
2.25994029043015 -4.977038103896856 0
2.216573040486029 -5.04816111147154 0
2.148707332413529 -4.929251589418502 0
2.231435166300196 -4.820665667721234 0
2.094346146720989 -4.831280127511644 0
2.03459859494863 -4.960782564376935 0
1.990018510479146 -4.861598507828924 0
2.844165360636579 -5.555146306045209 0
2.040899665097704 -4.762602383086036 0
1.929556208501628 -4.774021645406936 0
1.868862118065826 -4.861740848003075 0
1.798966297346236 -4.791121221446411 0
1.765769833665842 -4.887104653843468 0
1.704935438054193 -4.803999030190154 0
1.747109085861309 -4.729689681576886 0
1.669604286039344 -4.710392876160306 0
1.624700625569074 -4.793251155883242 0
1.579736529032902 -4.695919886545965 0
5.23212316594599 -5.107545178227185 0
5.166949300026461 -5.217060929445894 0
5.365985108403267 -4.741626875701873 0
5.393282492741109 -4.663786478952857 0
3.098221784145509 -5.966009572947037 0
5.165308082624603 -4.595082970816076 0
5.071873732513021 -4.617025562053802 0
1.532812040227356 -4.781877144348393 0
1.481982831462432 -4.669826689718715 0
1.544821954563701 -4.597182065985255 0
1.438043440692348 -4.597131939431971 0
1.374641013836401 -4.657246660512033 0
1.347047614477855 -4.600768596008572 0
3.88738368228493 -6.725687740130377 0
5.433701615181388 -4.726411753932957 0
5.466705635250734 -4.645369726144273 0
5.421194673925803 -4.577643113456 0
5.498066720184797 -4.558562569403867 0
5.274750088903692 -5.190682976920111 0
5.283175404788784 -5.310125336343464 0
5.452631118535519 -4.475557633835631 0
5.540393745415586 -4.467976248167665 0
5.117281422806796 -4.536950270058517 0
4.990527996333741 -4.548696477589716 0
1.283572532134756 -4.672768524385877 0
1.278033640575851 -4.593439603885138 0
1.313400594073669 -4.516224395248438 0
1.20355894035309 -4.55074715635165 0
1.189236907899232 -4.620157723201158 0
1.123956615863609 -4.534274107077 0
5.507938080230765 -4.711571364640152 0
5.463094299334877 -4.784986577670669 0
3.288933399399494 -5.549565250091942 0
5.384496981833426 -5.272951471936844 0
5.329396301545263 -5.383969804052684 0
5.200878837690609 -5.384270128069137 0
5.274300494624335 -5.466517139255131 0
5.173491930075274 -5.501001225467858 0
5.289768943848123 -5.592347619962561 0
5.157997736394496 -5.598746177433267 0
5.196144049165231 -5.729109384139814 0
5.092978466126871 -5.756744374750885 0
5.12093376172018 -5.851574872673164 0
4.988936062951403 -5.89991174282238 0
5.137175932741587 -5.979037732911847 0
4.926125638830443 -6.029495941894299 0
5.055704229312558 -6.129666080122988 0
5.062780004649813 -4.480432949536901 0
4.974469458538392 -4.471803080335613 0
4.920172889668268 -4.550247635110697 0
4.881794229810997 -4.484746239023941 0
1.153629828577098 -4.460297305938401 0
1.06922585189817 -4.432251781446038 0
1.024687048340048 -4.507799940202935 0
0.9844357647695892 -4.436384457963266 0
5.48335480094858 -4.406576318356334 0
5.566246167932947 -4.407390232506525 0
5.609176091608765 -4.470445852220786 0
5.647827803349483 -4.41641242116178 0
5.12121380594022 -4.453507924756274 0
5.320893239621855 -5.710167151616094 0
0.9362580493563406 -4.504572062504381 0
0.9180226676092931 -4.44564456314301 0
5.219237043982734 -6.094881332347033 0
5.152362400829801 -6.237840838235908 0
4.823079234724952 -4.5554241795149 0
4.782582247194283 -4.493912077003273 0
4.772110870895946 -7.243952124351877 0
4.918755824695624 -7.437723798720405 0
4.97969550206205 -7.270929548331996 0
2.918923169909906 -5.043775366025496 0
2.847465387669403 -4.966731494952275 0
2.935661028451171 -4.91090790165334 0
2.887952506607771 -4.830535442785852 0
2.968837262358643 -4.782603863705733 0
2.914180585186621 -4.715332305544323 0
3.03287524943692 -4.720340407918573 0
3.097111451820489 -4.775951283207914 0
3.143447885342865 -4.700193639643086 0
3.204283758524804 -4.794028512131583 0
3.255156408084062 -4.686486933596808 0
3.334776258560831 -4.762615999310261 0
3.369553497822535 -4.658730350738832 0
3.435182866384576 -4.764809948974669 0
3.443806246058215 -4.683053717679619 0
3.530500279265794 -4.781840613506468 0
3.535115775208768 -4.664549293039452 0
3.639637991277854 -4.771673557943421 0
3.64334861851149 -4.653467884934394 0
3.738841333428776 -4.745447973861168 0
3.760526767936834 -4.642314082135734 0
3.582169139830711 -4.864331284811197 0
3.812171079268292 -4.756283770174431 0
3.867715800948918 -4.66851031078457 0
3.082952435220392 -4.6552410579196 0
3.466459618173295 -4.588456372748024 0
3.82105974007963 -4.556792135317475 0
3.896127630406044 -4.574265704099697 0
3.945405973456023 -4.654156768700762 0
3.973143855044853 -4.593662592011429 0
4.038717368859531 -4.621482441653747 0
4.080820445368548 -4.56124310119549 0
4.124027258648942 -4.623383254805325 0
4.193160000011433 -4.561658360274445 0
4.103527664648321 -4.719356475553686 0
2.834720914799089 -4.746346283297043 0
3.925334106887119 -4.491297693855712 0
4.223221523084903 -4.641604196111746 0
4.269000093424373 -4.530788616392509 0
4.22754839095873 -4.45795493299915 0
4.29989911766937 -4.428728573466438 0
4.356152941815307 -4.49150009872945 0
4.387886243009556 -4.405900767896218 0
3.2989370251896 -4.614029433367215 0
5.373475512487882 -5.192495043648521 0
4.984050815356986 -4.402218596145757 0
3.98683485217331 -5.394587811729272 0
3.883714129988 -5.375979984528346 0
3.929534317948762 -5.296835714914656 0
3.812303008934058 -5.324198565615416 0
4.191522913999498 -5.874323913767547 0
2.889315235650813 -4.630608556750651 0
2.791643681052787 -4.657418169640945 0
2.859782328025951 -4.551693389081986 0
2.765970537721685 -4.551224987324414 0
2.798481575720152 -4.456457617347989 0
2.675967540631905 -4.484170839253837 0
2.87637293880474 -4.476748254825686 0
4.841561428286281 -4.406759932926668 0
2.662022065562329 -4.581064605115385 0
2.594417967451825 -4.474736283080317 0
2.730083730260594 -4.415026378955694 0
4.883087873679928 -6.154823989239149 0
1.490732540129573 -4.553240036112936 0
1.56048411933398 -4.529198248424951 0
1.551052787263403 -4.449188482346171 0
1.638803720405071 -4.460507574268286 0
2.549114945212669 -4.55896777652899 0
2.479078321226869 -4.470106361494349 0
2.541273938228702 -4.422570192711052 0
2.432106186743994 -4.393923830825705 0
2.397226493735839 -4.504431414401552 0
2.356943289836794 -4.422022867252001 0
1.983099045405388 -4.718030863418577 0
5.426913309094142 -5.366341985906616 0
5.535597789045082 -4.779334401428386 0
5.607471382046672 -4.370204591351671 0
5.659559486626143 -4.328555966258681 0
1.005085891305702 -4.583150950463045 0
4.838053325941043 -5.87225661520585 0
1.319078505415027 -4.753468676026563 0
1.206338010102008 -4.770355719225575 0
1.28649238648913 -4.855562060670271 0
4.170032168056183 -7.394470605656288 0
1.583526719317542 -4.875950899515973 0
2.722383523568951 -5.377364353209932 0
1.866269578400643 -4.958506944862137 0
2.260959671769427 -5.124764552218109 0
2.140666296356074 -5.13833853985056 0
2.234648966768467 -5.238406186051051 0
2.100449942550835 -5.247811762029037 0
2.192554785151398 -5.331956139066529 0
2.028313792018114 -5.352755557279293 0
2.123624176923476 -5.434189703856078 0
2.262279122422639 -5.451782520942437 0
2.190521015655154 -5.564396036024801 0
2.329765292485031 -5.587285285670965 0
2.238454950653387 -5.711085736637388 0
2.377678062228143 -5.752984216332786 0
2.314261405479104 -5.874421898996161 0
2.508068001825797 -5.791087418586201 0
2.459659685743217 -5.942950008543866 0
1.099003399268333 -4.371616044776053 0
1.169839157042019 -4.386722437274411 0
4.766579844569104 -4.593417655832075 0
0.9641004450015203 -4.375744044288108 0
0.892210848317042 -4.382868524328491 0
0.853589370091146 -4.451853760105989 0
0.8280566014729468 -4.39344214889302 0
3.349503249369044 -4.872358348313675 0
3.799580763114608 -4.831749628272798 0
5.55098498245032 -4.845553369516097 0
1.597929230944041 -4.375324338870872 0
1.659748112469156 -4.396715420313144 0
4.768604377897542 -4.421916143257413 0
4.345089173619238 -4.324739747722717 0
4.432364767592514 -4.333519165824203 0
2.014160818357492 -5.501946933656235 0
1.942239888171171 -5.416690282284431 0
5.095744628425692 -5.233289422390765 0
5.677518323280285 -4.461578084698193 0
3.417486316254507 -6.200738811178463 0
3.272536547178316 -6.224545490544974 0
3.380248429851336 -6.390933363129237 0
3.183776871726478 -6.354080256350666 0
3.294346259746133 -6.552694985096453 0
4.765253325041736 -4.345959013628699 0
2.298421135563332 -4.525456247509153 0
2.278042525445307 -4.436946475006504 0
3.151905046623428 -6.530838591930872 0
3.305250994777285 -6.705669033595882 0
2.99037380059214 -6.39795024766674 0
5.263454321305878 -6.197731845166244 0
5.248369147509775 -6.339336378662607 0
2.390023176246855 -4.320063212777442 0
0.7724743683190692 -4.434273656222054 0
0.728352047236112 -4.367954322313961 0
0.7965179001138013 -4.513624069281792 0
2.625070565748079 -5.940249346885977 0
2.497745042202772 -6.081571655533342 0
5.104679200389697 -7.448021613150043 0
4.591066281685447 -5.517357976856419 0
5.082868192256036 -6.397920502291182 0
5.120884441491989 -6.539374935741541 0
1.18756215768076 -4.853155591234096 0
1.246743722898824 -4.945235181313095 0
0.8661268531794059 -4.316497300906424 0
5.185038921755993 -7.314360494338528 0
5.607730417924158 -4.281486164415815 0
5.56515145951958 -4.314410827013263 0
5.679531680368554 -4.266277694881332 0
5.731241308243505 -4.311767062109886 0
5.749940233505834 -4.25202301871036 0
5.397379408203943 -4.408869912622825 0
1.511002310385124 -4.360925533366803 0
3.75376296337547 -5.397781279898538 0
3.67544386745063 -5.337060914115304 0
5.618630536944417 -4.841643703320118 0
5.601850830283656 -4.908565504590483 0
5.625474429030379 -4.768766393050385 0
2.341458976960752 -4.634996432666221 0
4.816874606677755 -4.655419967263433 0
2.099767261779058 -5.744182441683552 0
5.048635965087787 -5.530541692055219 0
5.460869491887313 -4.860165482001705 0
1.861085569870302 -5.500634781722124 0
1.764556528643611 -5.409941618581253 0
4.447071380406844 -4.498077001560996 0
4.399336511744446 -4.573032698229609 0
1.165836225652347 -4.312844596495565 0
1.247101456355104 -4.316991927642968 0
5.427337808445237 -6.321817945412516 0
1.708524582873865 -4.440954408744405 0
1.778656200536053 -4.394454974530978 0
1.799671051078384 -4.455739411975864 0
1.867415986978382 -4.387257791596172 0
1.707153755207125 -4.327713189199904 0
5.408399439788924 -6.16583704334123 0
1.548461931512402 -4.293505550273344 0
3.935183311012002 -7.154384477478061 0
3.960645383532412 -7.391334193315279 0
3.667231685440229 -7.199662114859169 0
1.862172876096741 -4.459504726269216 0
1.926981721297639 -4.387935014367942 0
1.967979717463051 -4.457312171362251 0
2.010214789651622 -4.389202898792402 0
4.763438768639918 -5.186162075408813 0
1.962190220652148 -4.329997545336925 0
2.05551677603946 -4.307750413553181 0
3.144242856273801 -4.90441895582213 0
2.982066086723676 -6.541053272746438 0
4.683197287774471 -4.334984002833509 0
2.226007848843415 -4.50313829342435 0
0.6905131550205813 -4.44691012518525 0
0.6638048018211623 -4.37904202388086 0
0.7078954054083642 -4.309096361364853 0
0.6446966046557091 -4.31422507209267 0
5.056820063677015 -7.112313177803078 0
5.23853311229244 -7.040703487042566 0
4.713883927683628 -4.283756595255927 0
4.764376966564077 -4.278730255392763 0
3.879751396703376 -4.836584915234692 0
3.856226608941344 -4.921014067473566 0
3.927328760494417 -4.954140162620984 0
2.555047850199972 -4.673572876469341 0
4.373931450079381 -4.25698744612106 0
4.298271172282685 -4.28320738308654 0
4.444035925681911 -4.259145045044304 0
4.723677406150283 -4.666666489699566 0
2.24058971524464 -5.980989315254986 0
1.714098060450008 -5.530267505274128 0
1.642325695372405 -5.386577817614083 0
1.794950458190784 -5.600246006453657 0
0.5887685916621983 -4.395786843899015 0
0.5666517147291654 -4.31829409277768 0
1.346908038551579 -4.950746766396512 0
1.307102112624332 -5.05067679004202 0
1.417786601676963 -5.032633440765007 0
1.375026257386101 -5.110918412722693 0
0.5732298532421605 -4.252997084170904 0
0.5200368805301206 -4.239141006784562 0
4.971406474622554 -6.565505264557642 0
5.650510280191481 -4.530240605396918 0
5.727330129070679 -4.508781639438433 0
2.372478930007249 -5.478398865181791 0
1.709296926336206 -5.278083536143478 0
5.68471894180652 -4.907956884061591 0
5.671608336380308 -4.986734392977544 0
4.699993473486341 -5.523435748250238 0
2.622260489736671 -6.062242830994014 0
2.558115367578694 -6.191956794524478 0
5.58851096188998 -4.22907357763975 0
5.523418003542536 -4.240792190285942 0
1.151488692587983 -4.938309995989494 0
1.098743800941176 -4.846589693283706 0
3.629477810833831 -5.806079268844451 0
2.381111738746561 -6.252230465587174 0
5.79782791853239 -4.307405328318377 0
5.821252369689894 -4.236185328681906 0
4.209051189373604 -7.997761234475538 0
2.442630154526819 -4.847094515271131 0
5.348517952158923 -7.474698699522138 0
5.187566476541708 -7.570985024216456 0
3.714605058360686 -7.404736865543721 0
3.449058242729879 -7.213442434660995 0
3.789501917104187 -7.610976295398309 0
2.7533603529007 -5.927967228846462 0
4.313150070634768 -4.223818229865709 0
4.236557262730434 -4.222246482917922 0
2.031209881026912 -4.222568462464294 0
1.945677649401614 -4.228783305504405 0
2.112075533454002 -4.217194499901549 0
0.4902942762470025 -4.289209162733949 0
0.4615179935268315 -4.223246271686928 0
1.461494602865062 -5.130892134065036 0
1.415000357180815 -5.234943402490988 0
1.469017037717941 -4.287208713139142 0
5.775573857562199 -4.207276875587445 0
4.748072720611308 -4.217940349523876 0
4.689485543787654 -4.243176400410962 0
4.613359637778816 -5.641477689621109 0
3.576679630531193 -5.424161273349023 0
3.541477287616329 -5.312724055463954 0
3.60732544303634 -5.228419884739193 0
3.49866742853259 -5.172721372171388 0
2.555044932045381 -5.664217318735421 0
2.512798831913835 -6.342559784779621 0
4.754803734635686 -4.766150203960859 0
1.235932441748315 -4.242060757381392 0
1.149058104588215 -4.23372260967911 0
1.309990350481393 -4.255198854019959 0
3.483163542014435 -6.675734220729207 0
5.474865201083658 -7.619515739223968 0
5.312547301526205 -7.770545741636184 0
4.674222538650076 -4.434277798487115 0
5.217241503083374 -5.029832237129719 0
2.77543748348014 -6.057938441824761 0
1.487076596270722 -4.229129364328154 0
2.092293090942083 -4.697281868336289 0
5.587656291376795 -5.029823668099378 0
5.628276761259147 -5.10304596955068 0
4.491097469079761 -4.590397773766891 0
4.479863164508665 -4.692229014262608 0
5.836560399884282 -4.187143605732944 0
4.85377967353371 -4.731120669190831 0
3.526320533112396 -6.369898222564207 0
4.061778756165251 -5.288089516728076 0
1.424134678323189 -4.380438958006292 0
2.138121676621721 -4.297698035224309 0
2.18860395545992 -4.211924684918034 0
3.87823708246648 -5.029961355780035 0
3.995631905747704 -5.016694908644091 0
0.4273194695974085 -4.308411235940851 0
0.3938143470087989 -4.252310933182681 0
4.392092017635393 -6.27262130752372 0
4.367813002907674 -6.129744309519545 0
4.549885143805168 -6.243389633156744 0
5.687561405797001 -4.594013459762381 0
5.76017401555435 -4.58060989917151 0
5.807058490716082 -4.504718653150195 0
1.550454404687259 -4.230582750681759 0
5.772567504655003 -4.976222892024854 0
5.14572482855706 -6.714666201044225 0
5.310850232861547 -6.648310006070165 0
4.946047088232643 -6.710967823717736 0
4.840789784182039 -6.527883298831002 0
5.579944715109528 -6.299461488245072 0
5.56210288130386 -6.177302423454319 0
5.513476741379848 -6.070948672626803 0
4.733410593150845 -5.634756980563837 0
4.820585849571444 -4.192390119590093 0
4.835447604776999 -4.269858913122274 0
4.903042873170458 -4.195576980427697 0
4.911444169546995 -4.26121884946934 0
5.25345181066036 -8.623893762756721 0
0.912144902453089 -4.565090192115909 0
0.9490917380723939 -4.643827543638876 0
0.8564181741158617 -4.65287747135236 0
0.9082921686674241 -4.720265709493268 0
3.43822941695813 -5.290996331343372 0
3.367604608237248 -5.215471940100032 0
4.775015717098035 -5.398855684526945 0
3.813833261468115 -5.000637911856131 0
4.564366541191204 -6.08369927392068 0
4.488698782798946 -5.951821951957924 0
4.24556840315724 -4.292866900408622 0
4.168828481811469 -4.22369298776769 0
4.159864412365258 -4.303474145566921 0
4.072658435224115 -4.274980327188608 0
4.042200994682196 -4.344862650848865 0
3.997497634477574 -4.257982065697753 0
4.099034672827456 -4.187369900565904 0
3.548176186791151 -5.07064887112932 0
2.039714097426474 -5.144410770805649 0
4.736379594248319 -6.86672803383505 0
5.879171980008348 -4.257246457615406 0
1.23440187553697 -5.137523349427532 0
5.434233154242726 -4.359577684882382 0
5.347046153887174 -4.357714088615589 0
5.331103000862422 -4.430086541979744 0
5.248472236388168 -4.38949756448622 0
5.283541023418787 -4.311669314828385 0
5.209996663558316 -4.324075117670858 0
5.24295748037811 -4.248651041916063 0
5.187535102476376 -4.269170067940031 0
5.333508092309891 -4.25549372581676 0
1.757422217035846 -4.98627523030831 0
1.600294491763602 -5.509899107295169 0
4.974670424977435 -4.171426150679695 0
4.990719820903971 -4.253579272218167 0
2.530601824973013 -4.853099597155433 0
3.010102661654678 -4.987973649912423 0
4.072678079661253 -4.928127330595445 0
4.126363193120552 -5.028369509830908 0
4.195711212575961 -4.925257551649291 0
4.26107345014454 -5.029771418197383 0
4.292428233209401 -4.875331685596247 0
4.191000877783766 -5.106818489912771 0
2.068992081958505 -4.472047226512679 0
3.354678174489327 -6.871971746428974 0
3.18841136852121 -6.911490138382892 0
3.541317151183623 -6.836093857997677 0
3.973388341226283 -4.33323541935914 0
3.931602828063932 -4.248369536298509 0
3.907342545292165 -4.316748751532657 0
3.852807925005895 -4.257514787741911 0
3.790627363127165 -4.337275862255366 0
3.725665723299025 -4.282336544460052 0
3.716400448521234 -4.357883460998017 0
3.649696012796746 -4.292487001163616 0
3.642776792885357 -4.376050652314293 0
3.6000412779761 -4.292917546750338 0
3.574305490109198 -4.342078685221655 0
3.519915819454206 -4.295791015007616 0
3.469359700734939 -4.372345247110612 0
3.421791582164186 -4.290596367897853 0
3.377238963439346 -4.361534373526945 0
3.331359719616366 -4.293416266358757 0
3.302214384080189 -4.410066534893394 0
3.274153042075636 -4.329139654223968 0
3.230880367247882 -4.434022444997112 0
3.191225505294426 -4.345899270406067 0
3.118288537187789 -4.428671523261016 0
3.070173198092883 -4.361932461917486 0
3.273873532945082 -4.245813187498688 0
3.111293814761387 -4.300256280232322 0
3.054537897288093 -4.268570953540042 0
3.467319688994208 -4.238306668695611 0
3.702818969756386 -4.217476317407832 0
3.083624093037623 -4.206246570073604 0
3.598669770969973 -4.451206829776805 0
3.013269915658115 -4.215780046717919 0
2.966938165959649 -4.271980747939008 0
2.936929795071422 -4.213574146881861 0
2.884514229928057 -4.262009057290835 0
2.838269805465506 -4.217960098738111 0
3.039590097340336 -4.427464726892107 0
3.872952769613102 -4.19229044985182 0
2.458624583479305 -4.679318389899706 0
2.745249639155338 -4.791085485030457 0
5.752995201178711 -4.374188579434579 0
5.824422669920676 -4.371087592139789 0
0.4093863003799043 -4.188294493921605 0
0.3656847776427123 -4.170765425904665 0
3.180890268636487 -4.493332776297605 0
1.809081791860109 -5.080514851304275 0
1.697300590345639 -5.092855439326501 0
4.588404942223807 -4.375234158189252 0
4.419089307856281 -6.421975493082528 0
1.059791974043229 -4.926361129391671 0
1.024353921714492 -4.681497609237828 0
2.539227351915777 -5.279085384432502 0
1.115357720581044 -5.026892650892238 0
5.449161842552916 -6.473530973065913 0
5.713289607111918 -4.654702151030465 0
5.317065840381965 -4.819018377202271 0
2.441128134309505 -5.268963626268884 0
1.842996425189021 -4.542754683919403 0
3.550638965683986 -7.642436908882351 0
3.66533893451339 -7.84138798987648 0
4.359205483006128 -4.677948938688775 0
4.428229103270285 -4.783565268341991 0
4.544413989418417 -4.755407127104391 0
3.325069569841183 -5.343782147388563 0
5.759925494494916 -4.893153074031461 0
2.215189670724878 -4.288364566614386 0
2.259996253079588 -4.204205057214738 0
4.493664309339732 -5.665572259939277 0
3.143615964709508 -4.228423157145384 0
5.288900974813479 -4.209507092356171 0
5.374884403708067 -4.209133704683785 0
5.789882629293725 -4.657614355486746 0
5.780847415958133 -4.73118857910656 0
0.5484792686601158 -4.189326067475289 0
0.6203513767554528 -4.187931948493985 0
0.8327989919658408 -4.747668940353872 0
0.7826613899032726 -4.682594554532799 0
3.378469697851618 -4.466493407490825 0
3.7039323009174 -5.521946574363982 0
3.5260155722273 -5.561874882940078 0
2.061988343813527 -4.155889151325495 0
1.525354520312584 -5.230644358124724 0
1.42833262925006 -5.338017718749172 0
5.613829745689781 -4.608915051782612 0
2.799611140078368 -4.28011897452515 0
2.736472049504367 -4.226093603823618 0
2.000857033400479 -4.549199625220585 0
4.110288245869444 -4.393060524999937 0
4.325339632604455 -8.72794955040481 0
4.182841623032809 -8.480094127441818 0
5.061006736451475 -4.163902975809488 0
5.607429432681129 -6.026982492657636 0
5.555588807132935 -5.92647784049135 0
5.440620949918987 -5.975718708337203 0
5.676150845525673 -5.895721923749909 0
5.632389432688967 -5.785807513387681 0
5.75889472964932 -5.766734805536803 0
4.81189773630528 -4.838405731315097 0
1.282310168457353 -4.197431368086593 0
1.346067580835931 -4.174857592998778 0
2.918249995721542 -4.323525258249278 0
5.53705562570932 -4.159025259643025 0
5.598697925844129 -4.172410891444247 0
3.781152362723825 -4.418443526352702 0
3.235798633178445 -7.068531857822296 0
2.831698456477556 -6.391016044627625 0
2.79014942643117 -6.576894682419896 0
2.846568486943196 -6.751333484417064 0
5.145796220725378 -4.343773220192059 0
3.060173737494173 -7.107200674523847 0
3.147517036910425 -7.291614769526633 0
3.802932216980769 -6.955384060727473 0
5.085946526127453 -7.812840531575878 0
5.359925430311131 -8.046787153960167 0
5.604420931630609 -6.443968118428836 0
5.654019193115017 -6.607704454972718 0
1.504559645050814 -5.044961677364403 0
5.607735798118413 -5.674228730682277 0
5.607825582866894 -5.566817708732319 0
5.718720863639328 -5.557253522932607 0
5.619681504468479 -5.465472539137337 0
5.723717295763175 -5.459319970145868 0
5.625229424127786 -5.375262200769628 0
1.539560915685808 -4.16812564476936 0
1.60232228538058 -4.150943280022333 0
1.474984558545924 -4.174241375437042 0
4.649590180199884 -4.612159579777074 0
1.026998293084593 -4.826445483693989 0
2.21222911556994 -4.150274574719575 0
0.4704628165321921 -4.35708864496439 0
0.3893045662685637 -4.339674601593305 0
4.592729912646221 -5.788499242206735 0
4.271836699668195 -4.169019343055006 0
4.356334276711187 -4.16128412901623 0
2.710912951855927 -4.307644282427926 0
2.657028799289851 -4.249324341833385 0
2.700518789844291 -4.153952814345208 0
2.617258812635265 -4.316165670260439 0
2.596091704586531 -4.252770075103879 0
4.701109643547327 -6.25453859328197 0
5.50463507477217 -5.565249739001512 0
1.71041803747938 -4.622165778063774 0
3.452372202154407 -7.891240495604525 0
4.927515454886006 -4.112163177399617 0
5.800151756244105 -4.165266014225357 0
5.73334755248619 -4.177435227395711 0
5.865766285328712 -4.141072322099934 0
1.916812300195166 -5.050276211316026 0
1.822719932065382 -5.170875212007993 0
2.283369426808606 -4.147626783789264 0
2.319404608181036 -4.195004131544883 0
2.359851677465316 -4.158327099862941 0
2.403345720355377 -4.212702289179261 0
4.770617596648604 -4.132342456171066 0
5.263911210433982 -4.46718904243918 0
5.30215437248004 -4.531616539019127 0
1.488244005861288 -4.868504942484673 0
2.873537182619643 -5.93400967920893 0
2.77724342357449 -5.811784598967089 0
2.512667869521068 -5.37729897958222 0
2.266819861567715 -6.399871322949854 0
2.232455925994317 -6.255243221876833 0
3.853574850572809 -5.115611680101718 0
5.485574542596678 -7.369683860135646 0
5.669876057031109 -7.539719309126673 0
0.6028924082309369 -4.124675585209422 0
0.9601459950027664 -4.898877823473003 0
2.553239058282387 -4.324463798925579 0
4.54282989442038 -4.450450293060373 0
2.69471442095777 -6.730692854976288 0
2.836948582269184 -6.931290908349344 0
4.65612100996262 -4.786856700878668 0
4.11272177531211 -7.79034647918169 0
3.974844458173448 -8.022858686540465 0
1.262406775752807 -4.403147264999792 0
0.8509109172621637 -4.818467332026362 0
4.070880361000747 -8.66826252460179 0
5.736054719227027 -5.338603555879589 0
5.673473162037114 -5.251046493355711 0
5.583439770239403 -5.291653853301542 0
5.807429585458707 -5.245780259968406 0
5.732505890716195 -5.175539876736007 0
5.531987565102138 -5.109935864213719 0
5.4617801669465 -5.042937415048824 0
4.498696176205581 -4.836631110759432 0
4.667601704748877 -5.952802308834606 0
2.170977846771463 -4.373735030128596 0
4.313000594058164 -5.118564347224539 0
4.25836541774781 -5.193470707257172 0
3.803379308639565 -6.567570319883018 0
4.989933277201979 -4.79881773315949 0
1.333701988425908 -5.32547969986274 0
1.406947643243982 -5.424910935000369 0
3.274892926120224 -5.243171884698693 0
3.280047130193454 -5.130335662429895 0
3.185042314585453 -5.116736966908205 0
4.452036714888735 -5.841236987040268 0
0.3375991928004409 -4.213699244939526 0
0.297464598420394 -4.180061633564452 0
0.3235619216403774 -4.132224249448287 0
5.847862483037879 -4.962321571869159 0
2.079988328291558 -4.55861507113215 0
2.431105053618738 -6.474259923367489 0
0.6688840000178379 -4.124715776247561 0
0.6858980427960379 -4.187663203108193 0
2.446863077680623 -4.168387270983575 0
2.492227049937007 -4.203068588921187 0
2.534002448720394 -4.157107627295649 0
5.797470973812361 -5.056202576210653 0
3.022635338780261 -4.139708016979461 0
5.696809014875139 -6.132149384614076 0
5.550747665873025 -4.09645886301632 0
4.354289760012981 -4.776777304664334 0
2.885602306644191 -4.15375206380534 0
4.186413151758734 -4.808710416967913 0
5.248563769640208 -6.838894257347905 0
5.381500676708811 -6.799443568616326 0
3.975729861881979 -5.192253551305096 0
1.371345321166893 -4.244768937432702 0
4.300351622342112 -4.108453323982217 0
5.76323445203998 -4.124844310032049 0
2.909122685444115 -5.815815044114084 0
2.929825816087269 -6.08582559943172 0
3.576946415190769 -8.073674570030915 0
3.636171931046458 -5.106429109548825 0
4.914135365508205 -4.332623693261121 0
5.793106948491706 -4.43610256171033 0
5.863558274907108 -4.407487565964637 0
4.499128174499966 -9.50320429009807 0
5.459361579341205 -4.20184061256491 0
5.42322851706935 -4.253574688335235 0
5.414645202199425 -4.148031247550208 0
3.587047791178478 -4.984154133224632 0
3.465421511742523 -5.017013370799601 0
1.302448226973001 -4.117202351351111 0
4.736257661218631 -6.676063491761797 0
4.923526192385832 -6.870548859742184 0
4.828843627935234 -7.036035971801361 0
4.628674710871447 -6.536471909227028 0
5.583346622819939 -7.972115544297838 0
5.518030491958239 -8.240020508687744 0
5.213258077199753 -8.261959272833105 0
3.175767657786797 -5.320445484972654 0
0.7771887351195217 -4.824412687559302 0
2.406708325009897 -4.111770948712759 0
5.86587243960502 -4.689348084486665 0
5.852540083683788 -4.770065254256013 0
5.746298135641702 -4.787784891176571 0
5.879971570083062 -4.831111619547178 0
0.2698359539475589 -4.137873065682985 0
3.646509456406161 -6.626898304878401 0
5.085316671911539 -4.250602768623829 0
5.132654667275098 -4.154702668422654 0
0.3123908801053017 -4.074239416163794 0
0.203117803840042 -4.124376202342807 0
5.067696064392308 -4.332442952643921 0
5.880237385270349 -4.196961739819649 0
5.914016419608647 -4.140252139298153 0
5.874063994887537 -4.08738141169147 0
5.513677799056244 -5.472967042709839 0
1.637546298735223 -4.220650075298342 0
1.682519337150005 -4.173022177548139 0
0.3508131078295297 -4.302572584418212 0
4.568553084198136 -9.197616683319767 0
5.614014592246257 -4.111324483192299 0
5.230821247955069 -4.560740818952154 0
3.438273208210795 -5.835586246134176 0
2.107378251978408 -6.395031147315018 0
4.750058279143093 -6.443412915507967 0
4.947576875043076 -6.440626863030293 0
4.50263027246341 -4.353435478636618 0
4.535349717476598 -4.263935568506327 0
4.485649350769042 -4.203092528587279 0
4.563129379160575 -4.190750605964179 0
4.513873457773242 -4.145061170330679 0
4.443172846586632 -4.151502761918048 0
3.20576712616745 -5.021402189969518 0
3.313686745527455 -5.022372450770686 0
3.204138282267253 -4.253624003766769 0
3.229514477988994 -4.193678632776372 0
3.319466916132149 -4.182913565148754 0
3.257378826770446 -4.123249905006108 0
3.371551343914572 -4.238568999916557 0
3.414798497886796 -4.181099814141941 0
3.511328884533214 -4.184350674765111 0
3.462542096002017 -4.12351904194634 0
3.718974613427463 -6.786203229137726 0
1.573334397680765 -4.100789059306345 0
5.48478653965523 -9.607546839149178 0
3.392051141931832 -4.582319647086853 0
3.42428233485668 -4.525995699977184 0
3.526725947235882 -4.50443065674582 0
3.588699136246444 -4.570933164563943 0
3.704234779002518 -4.562217742318984 0
3.81499023963859 -5.793541843378922 0
4.458497322916332 -6.60268497047488 0
3.190544871355445 -4.631010666270849 0
2.789166491935226 -4.173828270011064 0
2.750166191544272 -4.112649535620421 0
2.973599371933816 -4.66391614887294 0
3.018934147560494 -4.585798661731285 0
2.938240592882487 -4.559268178475652 0
2.95435360203244 -4.488085963018825 0
2.881354116723926 -6.231744538356468 0
3.055958046084354 -6.234728410413394 0
5.373505974706907 -7.183225308143974 0
5.551194885730943 -7.129353122687786 0
3.775480948954969 -4.201861734476391 0
3.732592282751639 -4.128844541753688 0
3.668574999494937 -4.16798985016432 0
3.689948166605024 -4.079856806505345 0
3.83849802437933 -4.14755832398411 0
3.887402916301931 -4.114271311776057 0
3.927555630819048 -4.17239196084114 0
4.010809231521962 -4.174794230844613 0
4.055997628387234 -4.112711964981751 0
4.151036842857795 -4.124125987637095 0
4.194084031046629 -4.173952923673602 0
2.978181999062217 -7.513228145820666 0
3.217162063863917 -7.489048255105858 0
5.853170914590458 -4.300970646681815 0
5.908669502321514 -4.295410798657331 0
5.885464877661533 -4.335360136452254 0
3.091989643879927 -4.142217183822055 0
4.635315487376473 -4.277473764824242 0
1.868872215179601 -4.727374653762404 0
1.925032843920396 -4.64603744522717 0
2.828638324549356 -4.380672217189664 0
1.053587222089918 -4.767452436668765 0
4.344083747745497 -5.992786377946453 0
2.332363635173927 -4.866754751827353 0
2.286353812823684 -4.726100691896112 0
2.367402261741951 -4.756580067068417 0
2.209733030685376 -4.678810701795825 0
2.156404384283435 -4.759810721636045 0
2.719955664122157 -4.949211588806585 0
2.599800113440006 -4.96346310528546 0
2.641287622615327 -4.850178275502254 0
1.124132543838461 -4.777907628150311 0
3.369949821671847 -5.678200900618029 0
2.632108237962876 -4.415056843098133 0
1.980517802084101 -4.15829048774874 0
1.87677045086562 -4.164637679899886 0
1.86715560714774 -4.246593274893208 0
1.798185009325303 -4.175930144467829 0
2.020608119318162 -4.112067014002432 0
1.796577549104538 -4.244412718984449 0
1.796639670426448 -4.312250638035959 0
5.450658246679294 -8.765448617213384 0
5.182503305445315 -4.948356743044647 0
2.138924843313178 -4.15316040730867 0
2.958247454231864 -4.136311876649109 0
4.610770107789509 -7.086496073512628 0
2.6182176334588 -7.122763690929835 0
1.381374879562846 -4.553512082547527 0
1.343640570734558 -4.452102583921561 0
4.019252119900539 -4.506443366189502 0
3.743197868537601 -5.2319365350372 0
0.8265930011865413 -4.585191386769026 0
0.7341783145883165 -4.603198352057861 0
0.6998587871325048 -4.671441898922343 0
0.6501033425447792 -4.597544382635816 0
0.6353384415946666 -4.657478230690232 0
0.7149828895356233 -4.520385283932813 0
0.6316818468788333 -4.527752860223153 0
0.6239897748541006 -4.456748647144062 0
0.5491931604968626 -4.43143149950744 0
5.274854888347178 -4.923099801844939 0
5.32011945393196 -5.016741638062499 0
5.30511506331324 -5.104498816766782 0
5.438737464504891 -7.011990607366558 0
5.643282142254618 -7.008384673597215 0
4.142383059765344 -5.376611955486839 0
4.586172099951749 -4.130202202900529 0
1.618335350207189 -4.610302202658396 0
2.349630117793451 -6.806472491862916 0
1.192078286981704 -4.187548717162367 0
1.115594102809998 -4.182879139883461 0
1.072245015997377 -4.242414880772494 0
1.064700759720958 -4.179978448256874 0
0.9974600630237187 -4.240995127741575 0
0.9923084212875968 -4.172694342882615 0
0.9199309598641541 -4.240428533272087 0
0.9019366805636461 -4.154076686623226 0
1.014811115521978 -4.308071741996948 0
0.8436071964244802 -4.245760493294434 0
0.8198661831455343 -4.174637792040615 0
0.8502836502670815 -4.091395957140088 0
0.7702548893897166 -4.25087583750522 0
1.149026983592261 -4.137576877685093 0
0.9411052514248647 -4.310270848719333 0
1.029219107273084 -4.367265757854814 0
2.320088962927537 -4.346164520787607 0
3.393660253759473 -5.11946390455308 0
4.723132922807198 -4.164080884844847 0
4.72989889893174 -4.084845458694349 0
2.630868164312781 -4.166133593254163 0
4.680695935160619 -5.296710611337465 0
1.904646282404624 -6.217991918064284 0
1.930716118421258 -6.037351208987968 0
1.795507865121807 -5.896425969043503 0
1.934797133333501 -5.873209112030684 0
1.830212020171392 -5.772893477635072 0
2.055416887459554 -6.065631209060824 0
1.697226605930689 -5.852595093266085 0
2.023718494713913 -6.176077400742049 0
5.733516284404311 -5.659042784353185 0
5.87953510162728 -5.766219527057252 0
5.059127281043948 -4.402972726961465 0
0.4857937208428212 -4.528896924736888 0
0.5333516961403587 -4.54358832059658 0
3.887609537507108 -6.357098962856085 0
5.828964510705048 -4.566435167240332 0
5.868210645585054 -4.498545878124009 0
3.880160751643562 -8.496805303016835 0
3.64710043971852 -4.231085044281352 0
3.601362853739262 -4.155827655418779 0
4.40285798862192 -4.200222149910226 0
4.052852880063489 -7.016576408930126 0
3.883971787427761 -5.661445995372433 0
5.327996248737033 -6.037311444691819 0
5.260407983099985 -5.938147364071814 0
5.891008587427354 -5.286924096941584 0
5.742867511777015 -7.72976943255377 0
1.4574604113163 -5.736988092955387 0
1.607653211881078 -5.695000160378154 0
1.651056665792311 -5.981386355676308 0
1.522342174986666 -5.624061142804499 0
4.730503902205153 -4.923471969815486 0
4.741929985089609 -6.126009502925323 0
4.867873969599564 -4.129891132901898 0
5.582102992500819 -4.692466664416253 0
1.293857602885917 -5.544005968209966 0
5.011822075713215 -4.114882536335158 0
5.225124680243652 -4.184358586589116 0
5.264005608905193 -4.123433430566665 0
5.568131445541313 -8.578038125623662 0
5.656587504207113 -8.981019080695143 0
1.118046962332547 -5.291273118782023 0
1.17008783230006 -5.204135279387028 0
3.851498581325983 -4.481046550783779 0
0.986276248475132 -5.114602914170807 0
4.379207537436066 -5.192745396831337 0
2.459420236272428 -4.275053535507364 0
5.710736671800304 -6.273716347779038 0
2.644651919077101 -5.807874393129227 0
2.675886963013987 -5.680698734538043 0
2.588102882719852 -5.575085410435169 0
2.691738195760509 -5.545467300766998 0
5.845850470162897 -5.14696353344651 0
0.4479287684335088 -4.071480623387042 0
0.4929359964545098 -4.122903761377872 0
4.913370329055692 -4.399536534741274 0
5.65592041923272 -4.191366763541827 0
0.8466796691113392 -4.982881510029124 0
4.789511691169093 -7.68951156030282 0
5.502906150274548 -5.811316291055605 0
3.35442612480287 -5.433883738962915 0
4.920458829301969 -4.89812270989179 0
0.528395371901244 -4.369164699810054 0
5.48357839688502 -5.251635398260257 0
4.583946608406444 -4.821766649979947 0
4.617843595861491 -4.700915686725167 0
5.891409573086424 -6.807128401805619 0
5.057413139020223 -4.706974477069704 0
5.796137693443782 -5.547973966402944 0
5.804488275861361 -7.157059953642532 0
5.891441793428419 -6.475915609414055 0
3.98479933901032 -4.848453668755005 0
5.528594087131007 -5.382896520664325 0
4.776274975066786 -5.293585199966123 0
4.883894834288425 -5.412154498406531 0
4.884952994278605 -5.286477181767847 0
4.987402061587924 -5.397551485690667 0
4.806997832752004 -5.520574357750198 0
4.912213164954975 -5.594354368369296 0
4.853980011081874 -5.726745175679787 0
5.638340318560595 -4.241242224403089 0
1.200184376965779 -4.690635917314289 0
5.797037272195575 -5.871981473036104 0
1.00547864169569 -4.109309163920789 0
5.792430831411266 -8.166631295217792 0
3.577087790771866 -4.231192513398488 0
0.231876821685874 -4.164571794370456 0
0.1716592090367736 -4.094318603989858 0
3.894184494647701 -4.752602657330243 0
0.4439818131208648 -4.483371251081763 0
0.4532207400862172 -4.430869799693173 0
5.927240094320383 -4.97087782889967 0
5.69869136861468 -4.392870151364622 0
2.138776422808918 -5.047180282832572 0
2.116065284547088 -5.896815556836744 0
4.188311996536201 -6.013079801145713 0
1.848710682082306 -4.102064428118855 0
4.190904261888495 -5.729514099062388 0
5.939325801268866 -4.686110354412695 0
1.969189198648553 -5.261560407344584 0
5.550455663406217 -7.790146141832085 0
5.71572849041427 -10.24385673471787 0
5.342068763805577 -10.02122643317885 0
2.141169369372011 -4.631752905991213 0
5.928658005291563 -4.2395933237268 0
5.941069568794831 -4.529432271809175 0
1.437497268656077 -4.47761636580957 0
0.3771901834015011 -4.122731583499084 0
0.3216867949573007 -4.34943499383462 0
4.471330091969167 -4.42847577759419 0
5.960897112892787 -4.427168948409777 0
3.609578761860805 -7.00821801691677 0
2.949793628502643 -5.12830073561516 0
2.637571456495378 -5.445890080456462 0
0.865283404932591 -4.504075825039033 0
0.7517580358252648 -4.757668217403941 0
2.801661902483759 -4.870392709227564 0
1.619023246307091 -4.306081943512789 0
1.08797141036328 -4.308562683704779 0
4.727475083383599 -5.753227776462193 0
5.147901588498422 -4.059997340678385 0
4.270698620521754 -4.360731299991443 0
0.7294544077473319 -4.124985288192581 0
5.871879827812114 -6.134174196647292 0
2.438405845266309 -5.629978718515317 0
5.963270729769867 -4.064125485499844 0
1.637356439078115 -4.529000249990159 0
5.100989662962363 -5.426979184951609 0
4.552593094157858 -4.061609156553122 0
1.233014370335711 -4.485409485372817 0
1.3252307757615 -4.316398990922127 0
1.414188837884307 -4.049644426788051 0
1.393536938302384 -4.128612272538823 0
4.491434600710299 -4.070773275706411 0
5.727504452058829 -4.445280912310885 0
3.223340604661956 -6.111531375589243 0
3.031927369523642 -4.07486519298609 0
5.522384387409492 -4.359234144750554 0
2.297290260191746 -5.35422474933765 0
0.5770185267299246 -4.586092594714 0
4.525063238000413 -4.931238316602573 0
4.406448767042539 -4.872654522289003 0
1.714165418031581 -4.070248417444486 0
3.84646453019953 -6.192888244083809 0
3.119005402553924 -4.563733229442112 0
4.701511728389367 -4.536976279814191 0
3.922474910824217 -4.062096888681966 0
4.248609452064468 -7.570978232906724 0
5.181174772546427 -4.407952552124614 0
1.869641554192644 -4.316767611160871 0
2.202407050650602 -4.065744811444815 0
2.246621547431032 -4.602220009194943 0
0.2469441018396947 -4.263937849689927 0
5.383601931409877 -4.30746969607259 0
5.226442247355637 -4.842016970209985 0
4.977893567698198 -4.621948591098675 0
3.855818626450046 -4.057427792153797 0
4.350830943723183 -4.966165124163854 0
2.538856758243809 -4.063636180476277 0
3.980111644063238 -6.889252680723342 0
1.64210194238982 -4.972118374271428 0
2.887150007689387 -4.075858778874922 0
1.023395772125148 -5.015875772404159 0
4.310294762467069 -8.221166237392895 0
5.282838823047645 -4.063259138097712 0
3.520068500365636 -4.055843397249848 0
4.881591587122379 -5.154737946567514 0
1.097727122664842 -5.139070026503269 0
5.540202755680673 -4.626345959267581 0
5.376240960156405 -4.505820244859981 0
1.432172103873433 -4.768346419303825 0
1.556288756378025 -5.148411509099913 0
1.6769672391023 -4.883390283888952 0
0.6494832915924339 -4.061740643601212 0
4.990721388414406 -4.329312373608804 0
1.864266754226325 -5.307872360006691 0
1.733851661305824 -4.124373546596688 0
0.6328687216798158 -4.251208518831266 0
4.673132900054326 -5.209656830686845 0
5.954046618901207 -4.150498012015724 0
2.141929023129109 -4.466111358393245 0
0.4819956396739826 -4.164215224689945 0
5.840239423748122 -8.51959778432329 0
2.54600803638154 -4.764619985465939 0
4.83942495096514 -4.33952218212241 0
1.234326193000198 -5.289294374186989 0
2.371341167021817 -5.162299202798541 0
3.22603727987356 -5.449169083600365 0
3.768417229804951 -4.497506355181121 0
4.455048959868805 -5.532976743765919 0
2.352458860819028 -4.068122720228983 0
2.435836823111577 -4.592921173773121 0
3.724382756233854 -5.683182165581755 0
1.951028282725095 -4.958705580903918 0
1.092098983653942 -4.617807094403428 0
3.449488103266872 -5.417346885990495 0
4.058941971155397 -5.104468318315387 0
4.302462581712859 -4.600497208740866 0
5.708789903885991 -5.08057911157006 0
3.991975133108718 -4.714392581829365 0
4.255101835676962 -6.429567687306057 0
3.450772998748714 -4.866771713703757 0
1.199072300929764 -5.028450913033436 0
3.766289113802842 -4.926447270351808 0
3.709306301657988 -4.846334544672353 0
1.938221011836983 -5.577471971068531 0
5.102657139268192 -6.910538757816809 0
3.254034806021893 -4.918974458026207 0
3.513219956725615 -5.709554192789669 0
2.084477388333386 -4.394730663708358 0
5.705704454381047 -4.221506750277168 0
5.906042287973039 -5.513729301982697 0
3.041091398290895 -4.863050353271606 0
5.574751734029777 -4.542155575630344 0
1.106964317050864 -4.707901667542875 0
5.474156031627587 -4.304830850684186 0
3.399069263173569 -7.426959784472161 0
2.690395284553927 -5.235039012377373 0
2.67303145471986 -4.693555123532958 0
4.900298606818554 -4.056647716365304 0
5.283661592542471 -6.505347861250673 0
3.002128758117458 -4.330453957906784 0
3.27865054199203 -4.495663558849819 0
3.707867271773126 -4.436450287169629 0
4.097082730413405 -4.814057238441105 0
0.5817354873074386 -4.062095430444822 0
1.741447976430957 -4.516709176408685 0
2.497683863250942 -4.355480778111819 0
4.595391156125688 -4.510698705236082 0
3.849955669296733 -5.493872790590718 0
5.390327124665442 -4.797372162419568 0
2.720984378669762 -6.217468737338375 0
2.664214940229906 -6.370991137594912 0
5.03231850451054 -5.16218743900951 0
4.187216984698795 -4.724403761916692 0
2.39095559191329 -4.69141093484936 0
1.722210320321343 -5.180025021881967 0
3.074404364553999 -6.72911555919685 0
5.035194540815964 -6.279370881851595 0
5.512404094297525 -4.960815611461065 0
3.094955495573781 -4.076872171828472 0
4.134143627784181 -4.493319610068789 0
2.052104455176492 -5.620783209907996 0
4.890539642859212 -4.609449535608543 0
3.449265366569286 -6.535756033395468 0
3.617760929601331 -6.22923959034739 0
2.021840339838163 -4.636218151612193 0
4.127067239417711 -5.195071521912987 0
2.355357045671164 -6.084611331269782 0
1.810412580034198 -4.649312068910008 0
5.174932614159744 -5.30001999240194 0
5.347984194854478 -4.599286352740098 0
5.639383915344777 -5.175333772353952 0
5.358315746053995 -5.850448314398615 0
0.08592349116846178 -4.056454846279589 0
4.998463837391822 -7.635203560161499 0
1.613691949149904 -5.247295590584505 0
3.31309745424112 -4.072964362159384 0
3.862453277129382 -4.393641438585051 0
1.388195482176061 -4.860425495093217 0
0.5009567226348641 -4.47503232734086 0
5.927385325618035 -5.205199750254853 0
1.925208246788496 -4.556305327232492 0
3.970796023818403 -4.107861683979191 0
5.405087606086564 -5.474989879103009 0
2.851245864079035 -7.183558733634991 0
3.236566558777166 -4.557626247275603 0
4.200961009636414 -4.386151082623092 0
4.024628184808747 -4.419507196010213 0
3.949094535773551 -4.410108815112098 0
2.335448131436131 -5.254778705821549 0
5.782147419765865 -6.720360595397743 0
5.716282756626183 -6.862843795128277 0
0.8091719027492088 -4.051133133336553 0
4.962569464910996 -5.496652464547619 0
5.593370725663818 -6.774139970130904 0
3.395499313974339 -5.536830109688479 0
5.645201195880992 -4.667968858296415 0
5.331818242745607 -4.148537437959701 0
2.057865778156172 -4.067079448463459 0
2.661732593363801 -4.10187599435753 0
2.035810973698002 -5.050770122139145 0
4.027060582369703 -8.293020813291824 0
3.759080031115731 -8.206446236137815 0
4.201551758660695 -5.281473568697083 0
2.350070589837245 -4.250826446940181 0
5.850216288602025 -4.884300885057749 0
2.19008291813361 -6.123770782013493 0
1.539704422686203 -5.337754633565649 0
0.8555411461189985 -4.901267921299844 0
2.785807919495468 -5.441944580512863 0
4.266483816872202 -4.71253962143351 0
1.502782241942791 -5.450373431133997 0
1.660001183484278 -5.610921834550364 0
5.736303676702719 -9.517743158902224 0
4.026545752305152 -7.591806915156345 0
2.61784241310804 -4.76953639420021 0
3.169965202450766 -4.149015445744715 0
3.414924361411743 -7.040346648550605 0
4.96602351047398 -4.066534620709263 0
5.475763269497776 -6.64776539030891 0
2.578823696927498 -4.109105355591646 0
5.278569964537489 -4.62744329152164 0
1.983080100602013 -5.734060719656752 0
4.356671970812242 -5.722949836903129 0
5.192627363689237 -4.11851039449413 0
1.314815717752183 -5.188160728604545 0
2.597201978138226 -6.529790040381258 0
5.957711134333723 -4.29143857105902 0
5.423861515039189 -4.072967042269418 0
5.700638415473882 -4.723539391023949 0
2.286351245542847 -4.273717356344835 0
4.331990929622747 -5.273321476144173 0
5.481162281545949 -4.143630681505028 0
5.567189786372846 -5.197360807141093 0
1.283068285036386 -4.065128016607903 0
3.64817377030989 -4.506806378780166 0
0.3596068635914868 -4.382696804312338 0
4.827688155169438 -4.922301375775519 0
5.365458504508613 -4.896519319647009 0
1.237700042292319 -4.140146547177713 0
0.1981382853382338 -4.194313430596177 0
3.335549865395425 -4.539452679400864 0
5.096526720798395 -4.101875128087908 0
3.121931584852147 -4.993906294311461 0
5.855350756862725 -4.623676519544643 0
1.447787255105066 -4.954481192367715 0
5.691202721998191 -4.83551000470074 0
2.453689539431663 -4.764853477650081 0
3.019797512567564 -6.939941896916679 0
4.353668747248413 -4.065785454523468 0
4.742638733757032 -4.847439579886679 0
4.956862668662075 -4.700475388468697 0
4.886456627476881 -7.870151181727527 0
0.5711794230301974 -4.649768936338703 0
3.232625891031302 -7.947989095038475 0
0.1958589329771878 -4.052930584465903 0
0.1410530214266165 -4.055122229036479 0
4.324093955770993 -5.869714607225383 0
1.165996903028299 -4.066102438346722 0
2.097267060169306 -4.110810703834026 0
3.361740272523665 -4.125457516709165 0
2.514350584513318 -5.500641973201869 0
0.6221282963840331 -4.71498632569462 0
1.544560744646623 -4.961137606081411 0
2.766242772900976 -4.345422993743795 0
0.7000054125741032 -4.251085013689362 0
2.793341276811458 -5.692501196594565 0
5.825762020835318 -7.509617350413741 0
1.076165017662822 -4.120677778508912 0
5.716486650710224 -6.000339325265183 0
3.728176610307002 -6.412500305256637 0
2.995909929564946 -7.329725559210427 0
3.221603510372446 -4.05439430183454 0
0.9945316996164685 -4.739170575090787 0
5.405822065057668 -4.973328092336983 0
3.452899599024885 -4.464025920962424 0
3.327424824661373 -7.688308535895965 0
1.941587919678489 -5.162221315395715 0
3.541031458357398 -4.407571434602872 0
1.665997007642519 -4.118492101694335 0
5.400163970370341 -5.571344220940959 0
0.2563184181552856 -4.21410890533589 0
4.093935499167642 -4.076117508411632 0
2.935935100766103 -5.670356981356368 0
5.016288967992717 -8.44163506244594 0
1.45674902767835 -4.106235327392502 0
5.797966765432913 -4.824667636437809 0
1.026708484752509 -4.052876486925012 0
5.817229759766628 -5.47686078157655 0
0.940393990526062 -4.802299781370448 0
5.561014185425025 -4.052824504951368 0
0.751280878568001 -4.183875847704914 0
5.682768383905109 -8.383938322748081 0
4.993629618254408 -5.294427189565587 0
0.7088986225048125 -4.852214130478801 0
2.408350410309918 -5.370236743006323 0
1.550242241741901 -4.051224292152675 0
4.533543668405176 -8.87525322834987 0
5.069109394810972 -8.038367252866649 0
4.718466970547601 -5.852232211775022 0
0.9396710923435958 -4.087215132628298 0
5.389606301289085 -5.100561045487304 0
3.086792142816176 -4.496941954108538 0
5.329043537511016 -6.941673418064291 0
2.850998532968635 -4.315865433381636 0
3.810358753170359 -8.696566987947847 0
2.171041231747474 -4.109094845463564 0
5.030007830415147 -5.649679185034182 0
4.265855327962639 -8.959421502543995 0
3.403695658702843 -8.207453891990557 0
2.623327729953264 -5.336988848993841 0
4.774143635386213 -4.054752833509457 0
2.524873417077908 -6.709141169548612 0
2.8996090879458 -4.399296139628659 0
5.515933471815493 -6.896337173679157 0
5.754666225968874 -6.539272812272316 0
3.284834810601672 -7.211496168640867 0
2.672506627994853 -4.364039441082255 0
1.417987698401483 -4.18272682752583 0
3.886665686478779 -7.814263028407375 0
2.07526799174386 -6.513830790751753 0
5.687830235227184 -4.129649749910781 0
4.03497361543044 -8.932783523275427 0
5.384191761928265 -8.418991994786399 0
5.920734034003377 -4.092300216737987 0
5.896301160595709 -4.049205340148778 0
0.8852272346725544 -4.055326644675691 0
4.509473543742866 -4.517665853216695 0
4.145463399056664 -4.057368371358087 0
5.423420953457485 -9.342333655783364 0
5.771210734170723 -4.062355780325056 0
1.723730619437569 -5.713958140762608 0
4.653851564819121 -4.179428269729356 0
4.792928013194643 -5.996089677472795 0
5.891403303808453 -4.550154732182998 0
4.574533641228513 -4.59785214397542 0
3.641212111848909 -4.110727677538476 0
4.223879882404121 -4.1221718121628 0
1.937549162176121 -4.113106501449544 0
0.1431664142875213 -4.123862890892257 0
1.307730102332695 -5.42334470590488 0
3.065548236340056 -5.101327229655256 0
2.246423918472072 -4.361356628305924 0
1.982590456708897 -4.067501127298339 0
4.893082748810814 -4.817366719176838 0
3.54494188427989 -4.111234928918181 0
1.428139702314992 -4.232180280817235 0
5.466259801788732 -5.676407545053502 0
5.75587791251678 -11.1835903581143 0
3.059127377297069 -5.833394459297379 0
5.620563478935362 -4.047526797317305 0
4.389218076731472 -4.111151759540776 0
2.243264401278071 -4.107170508380358 0
1.840954277296184 -4.043522558953926 0
5.090735747549734 -5.30662119734797 0
0.5591825298688233 -4.484810001006565 0
0.4164887968566117 -4.398310556721264 0
5.796672261656311 -10.54773360896262 0
5.966225023499663 -4.231613717279414 0
2.586926232663039 -4.377658888468773 0
3.932622965015887 -5.088821623122646 0
2.698716064713166 -4.066499855902824 0
0.5381057208791243 -4.123562602592897 0
1.599746101490878 -5.062591907500268 0
3.581416687825508 -6.478973362224144 0
5.817950115775566 -4.121215641646713 0
4.863699424325657 -6.313083680315586 0
3.86146733096809 -5.220952942800194 0
2.227355172532985 -5.826458958821089 0
1.426494100023198 -5.541773856578873 0
5.884176000533625 -5.851705395959822 0
4.684431100151821 -4.117626247749656 0
2.973862262485691 -4.41246640303836 0
3.7580715306648 -8.024641572828893 0
5.76740035371396 -10.94143912109529 0
4.600871610545662 -6.383829374377205 0
1.182764026715992 -5.098918132922448 0
5.120852613007659 -4.40952241336768 0
2.575038526812179 -4.201962093619541 0
5.623071219524332 -8.123347021403033 0
5.658431591500839 -7.297123939889151 0
3.029424778897055 -4.496212378001325 0
4.982308649763747 -5.762526187522506 0
3.463925169219627 -4.047464037525769 0
0.7860413404456521 -4.327924344855937 0
5.872566601861455 -5.028971249768073 0
2.317264328602362 -4.107985252420776 0
1.525024548676032 -4.114296297152189 0
2.632245427612304 -6.899470012417865 0
3.639522476777688 -4.911356105033368 0
4.267955235363321 -4.046959885148477 0
3.523873100859577 -4.932445295381006 0
1.398088872906599 -4.307713932879334 0
3.651261439850537 -4.041376464009571 0
1.720823400957359 -4.24248433270858 0
4.582365229389326 -5.907642731378466 0
0.7906137186105247 -4.103550366633955 0
1.6376373874093 -5.171984278313121 0
2.203777598753658 -6.5412575635269 0
3.67905881128164 -4.997340689091414 0
2.538535791142018 -4.25698654086833 0
5.763422538520095 -6.419410150994906 0
5.905067996270542 -4.450332673957874 0
5.181622288246558 -4.483584065405727 0
5.849415634473604 -5.38163005864044 0
2.971286570312482 -5.963306584704856 0
0.2993829363882125 -4.265027334852146 0
3.725611778007466 -4.050927037745288 0
0.4272477984673855 -4.139674857941755 0
3.75428537730395 -5.093371511028751 0
5.452824244817904 -5.165293035433121 0
1.789717429321498 -4.114371312304886 0
2.759962320037472 -4.043935901159168 0
4.448222369360511 -4.958551835042426 0
4.34990178379942 -4.842422680822175 0
5.220011477472913 -5.834776689692011 0
5.158258696055644 -4.21145369530704 0
5.91159671881222 -4.400352157650507 0
0.9309503353330243 -4.998113653857952 0
4.693212961936561 -4.043354122634892 0
0.6832492449328227 -4.724439848996119 0
4.808999486669029 -4.095068115942211 0
1.730693880648819 -4.177554894170006 0
2.203783222499683 -4.44822268114066 0
4.603876117480241 -4.227647428199503 0
4.678264206150824 -4.861591660068553 0
5.925197546562464 -4.835341968136878 0
2.823506438237649 -4.107739819553643 0
3.394406389382329 -4.957017686841183 0
1.887663253716246 -5.673368218013371 0
1.345606949115296 -4.382276625964849 0
3.164467574283328 -5.215820373749841 0
2.100070829709742 -6.252636742571667 0
2.17564845816334 -4.54569797109205 0
5.859813625317011 -4.44655123263924 0
2.413269324521543 -4.043496238240681 0
4.408407780063897 -5.083280087006775 0
4.558567650205172 -4.659065590383122 0
3.615733664520712 -5.617631858925507 0
4.273812982841896 -4.791942518324413 0
5.141768504469184 -4.288015843222358 0
3.065767903010924 -6.083905313171094 0
2.484071679440241 -4.104256832293685 0
3.290386878169982 -7.320144140098397 0
1.784969903489369 -5.255834457333682 0
5.915693800010317 -4.490829885360771 0
5.928039860605415 -4.189935764588488 0
2.334393373785837 -6.627356414140062 0
4.589836063811108 -4.305887841945392 0
0.5004992321798097 -4.420015774639593 0
$EndNodes
$Elements
66 8597 1 8597
1 1 1 1
1 1 2 
1 2 1 1
2 2 3 
1 3 1 1
3 3 4 
1 4 1 1
4 4 5 
1 5 1 1
5 5 6 
1 6 1 1
6 6 7 
1 7 1 1
7 7 8 
1 8 1 1
8 8 9 
1 9 1 1
9 9 10 
1 10 1 1
10 10 11 
1 11 1 1
11 11 12 
1 12 1 1
12 12 13 
1 13 1 1
13 13 14 
1 14 1 1
14 14 15 
1 15 1 1
15 15 16 
1 16 1 1
16 16 17 
1 17 1 1
17 17 18 
1 18 1 1
18 18 19 
1 19 1 1
19 19 20 
1 20 1 1
20 20 21 
1 21 1 1
21 21 22 
1 22 1 1
22 22 23 
1 23 1 1
23 23 24 
1 24 1 1
24 24 25 
1 25 1 1
25 25 26 
1 26 1 1
26 26 27 
1 27 1 1
27 27 28 
1 28 1 1
28 28 29 
1 29 1 1
29 29 30 
1 30 1 1
30 30 31 
1 31 1 1
31 31 32 
1 32 1 1
32 32 33 
1 33 1 1
33 33 34 
1 34 1 1
34 34 35 
1 35 1 1
35 35 36 
1 36 1 1
36 36 37 
1 37 1 1
37 37 38 
1 38 1 1
38 38 39 
1 39 1 1
39 39 40 
1 40 1 1
40 40 41 
1 41 1 1
41 41 42 
1 42 1 1
42 42 43 
1 43 1 1
43 43 44 
1 44 1 1
44 44 45 
1 45 1 1
45 45 46 
1 46 1 1
46 46 47 
1 47 1 1
47 47 48 
1 48 1 1
48 48 49 
1 49 1 1
49 49 50 
1 50 1 1
50 50 1 
1 203 1 8
51 51 128 
52 128 129 
53 129 130 
54 130 131 
55 131 132 
56 132 133 
57 133 134 
58 134 53 
1 204 1 8
59 53 135 
60 135 136 
61 136 137 
62 137 138 
63 138 139 
64 139 140 
65 140 141 
66 141 52 
1 211 1 24
67 54 210 
68 210 211 
69 211 212 
70 212 213 
71 213 214 
72 214 215 
73 215 216 
74 216 217 
75 217 218 
76 218 219 
77 219 220 
78 220 221 
79 221 222 
80 222 223 
81 223 224 
82 224 225 
83 225 226 
84 226 227 
85 227 228 
86 228 229 
87 229 230 
88 230 231 
89 231 232 
90 232 56 
1 212 1 24
91 55 233 
92 233 234 
93 234 235 
94 235 236 
95 236 237 
96 237 238 
97 238 239 
98 239 240 
99 240 241 
100 241 242 
101 242 243 
102 243 244 
103 244 245 
104 245 246 
105 246 247 
106 247 248 
107 248 249 
108 249 250 
109 250 251 
110 251 252 
111 252 253 
112 253 254 
113 254 255 
114 255 56 
1 230 1 49
115 54 426 
116 426 427 
117 427 428 
118 428 429 
119 429 430 
120 430 431 
121 431 432 
122 432 433 
123 433 434 
124 434 435 
125 435 436 
126 436 437 
127 437 438 
128 438 439 
129 439 440 
130 440 441 
131 441 442 
132 442 443 
133 443 444 
134 444 445 
135 445 446 
136 446 447 
137 447 448 
138 448 449 
139 449 450 
140 450 451 
141 451 452 
142 452 453 
143 453 454 
144 454 455 
145 455 456 
146 456 457 
147 457 458 
148 458 459 
149 459 460 
150 460 461 
151 461 462 
152 462 463 
153 463 464 
154 464 465 
155 465 466 
156 466 467 
157 467 468 
158 468 469 
159 469 470 
160 470 471 
161 471 472 
162 472 473 
163 473 57 
1 231 1 49
164 55 474 
165 474 475 
166 475 476 
167 476 477 
168 477 478 
169 478 479 
170 479 480 
171 480 481 
172 481 482 
173 482 483 
174 483 484 
175 484 485 
176 485 486 
177 486 487 
178 487 488 
179 488 489 
180 489 490 
181 490 491 
182 491 492 
183 492 493 
184 493 494 
185 494 495 
186 495 496 
187 496 497 
188 497 498 
189 498 499 
190 499 500 
191 500 501 
192 501 502 
193 502 503 
194 503 504 
195 504 505 
196 505 506 
197 506 507 
198 507 508 
199 508 509 
200 509 510 
201 510 511 
202 511 512 
203 512 513 
204 513 514 
205 514 515 
206 515 516 
207 516 517 
208 517 518 
209 518 519 
210 519 520 
211 520 521 
212 521 58 
1 232 1 56
213 51 522 
214 522 523 
215 523 524 
216 524 525 
217 525 526 
218 526 527 
219 527 528 
220 528 529 
221 529 530 
222 530 531 
223 531 532 
224 532 533 
225 533 534 
226 534 535 
227 535 536 
228 536 537 
229 537 538 
230 538 539 
231 539 540 
232 540 541 
233 541 542 
234 542 543 
235 543 544 
236 544 545 
237 545 546 
238 546 547 
239 547 548 
240 548 549 
241 549 550 
242 550 551 
243 551 552 
244 552 553 
245 553 554 
246 554 555 
247 555 556 
248 556 557 
249 557 558 
250 558 559 
251 559 560 
252 560 561 
253 561 562 
254 562 563 
255 563 564 
256 564 565 
257 565 566 
258 566 567 
259 567 568 
260 568 569 
261 569 570 
262 570 571 
263 571 572 
264 572 573 
265 573 574 
266 574 575 
267 575 576 
268 576 57 
1 233 1 56
269 52 577 
270 577 578 
271 578 579 
272 579 580 
273 580 581 
274 581 582 
275 582 583 
276 583 584 
277 584 585 
278 585 586 
279 586 587 
280 587 588 
281 588 589 
282 589 590 
283 590 591 
284 591 592 
285 592 593 
286 593 594 
287 594 595 
288 595 596 
289 596 597 
290 597 598 
291 598 599 
292 599 600 
293 600 601 
294 601 602 
295 602 603 
296 603 604 
297 604 605 
298 605 606 
299 606 607 
300 607 608 
301 608 609 
302 609 610 
303 610 611 
304 611 612 
305 612 613 
306 613 614 
307 614 615 
308 615 616 
309 616 617 
310 617 618 
311 618 619 
312 619 620 
313 620 621 
314 621 622 
315 622 623 
316 623 624 
317 624 625 
318 625 626 
319 626 627 
320 627 628 
321 628 629 
322 629 630 
323 630 631 
324 631 58 
2 1 3 192
325 53 134 632 81 
326 134 133 633 632 
327 133 132 634 633 
328 132 131 635 634 
329 131 130 636 635 
330 130 129 637 636 
331 129 128 638 637 
332 128 51 82 638 
333 81 632 639 80 
334 632 633 640 639 
335 633 634 641 640 
336 634 635 642 641 
337 635 636 643 642 
338 636 637 644 643 
339 637 638 645 644 
340 638 82 83 645 
341 80 639 646 79 
342 639 640 647 646 
343 640 641 648 647 
344 641 642 649 648 
345 642 643 650 649 
346 643 644 651 650 
347 644 645 652 651 
348 645 83 84 652 
349 79 646 653 78 
350 646 647 654 653 
351 647 648 655 654 
352 648 649 656 655 
353 649 650 657 656 
354 650 651 658 657 
355 651 652 659 658 
356 652 84 85 659 
357 78 653 660 77 
358 653 654 661 660 
359 654 655 662 661 
360 655 656 663 662 
361 656 657 664 663 
362 657 658 665 664 
363 658 659 666 665 
364 659 85 86 666 
365 77 660 667 76 
366 660 661 668 667 
367 661 662 669 668 
368 662 663 670 669 
369 663 664 671 670 
370 664 665 672 671 
371 665 666 673 672 
372 666 86 87 673 
373 76 667 674 75 
374 667 668 675 674 
375 668 669 676 675 
376 669 670 677 676 
377 670 671 678 677 
378 671 672 679 678 
379 672 673 680 679 
380 673 87 88 680 
381 75 674 681 74 
382 674 675 682 681 
383 675 676 683 682 
384 676 677 684 683 
385 677 678 685 684 
386 678 679 686 685 
387 679 680 687 686 
388 680 88 89 687 
389 74 681 688 73 
390 681 682 689 688 
391 682 683 690 689 
392 683 684 691 690 
393 684 685 692 691 
394 685 686 693 692 
395 686 687 694 693 
396 687 89 90 694 
397 73 688 695 72 
398 688 689 696 695 
399 689 690 697 696 
400 690 691 698 697 
401 691 692 699 698 
402 692 693 700 699 
403 693 694 701 700 
404 694 90 91 701 
405 72 695 702 71 
406 695 696 703 702 
407 696 697 704 703 
408 697 698 705 704 
409 698 699 706 705 
410 699 700 707 706 
411 700 701 708 707 
412 701 91 92 708 
413 71 702 709 70 
414 702 703 710 709 
415 703 704 711 710 
416 704 705 712 711 
417 705 706 713 712 
418 706 707 714 713 
419 707 708 715 714 
420 708 92 93 715 
421 70 709 716 69 
422 709 710 717 716 
423 710 711 718 717 
424 711 712 719 718 
425 712 713 720 719 
426 713 714 721 720 
427 714 715 722 721 
428 715 93 94 722 
429 69 716 723 68 
430 716 717 724 723 
431 717 718 725 724 
432 718 719 726 725 
433 719 720 727 726 
434 720 721 728 727 
435 721 722 729 728 
436 722 94 95 729 
437 68 723 730 67 
438 723 724 731 730 
439 724 725 732 731 
440 725 726 733 732 
441 726 727 734 733 
442 727 728 735 734 
443 728 729 736 735 
444 729 95 96 736 
445 67 730 737 66 
446 730 731 738 737 
447 731 732 739 738 
448 732 733 740 739 
449 733 734 741 740 
450 734 735 742 741 
451 735 736 743 742 
452 736 96 97 743 
453 66 737 744 65 
454 737 738 745 744 
455 738 739 746 745 
456 739 740 747 746 
457 740 741 748 747 
458 741 742 749 748 
459 742 743 750 749 
460 743 97 98 750 
461 65 744 751 64 
462 744 745 752 751 
463 745 746 753 752 
464 746 747 754 753 
465 747 748 755 754 
466 748 749 756 755 
467 749 750 757 756 
468 750 98 99 757 
469 64 751 758 63 
470 751 752 759 758 
471 752 753 760 759 
472 753 754 761 760 
473 754 755 762 761 
474 755 756 763 762 
475 756 757 764 763 
476 757 99 100 764 
477 63 758 765 62 
478 758 759 766 765 
479 759 760 767 766 
480 760 761 768 767 
481 761 762 769 768 
482 762 763 770 769 
483 763 764 771 770 
484 764 100 101 771 
485 62 765 772 61 
486 765 766 773 772 
487 766 767 774 773 
488 767 768 775 774 
489 768 769 776 775 
490 769 770 777 776 
491 770 771 778 777 
492 771 101 102 778 
493 61 772 779 60 
494 772 773 780 779 
495 773 774 781 780 
496 774 775 782 781 
497 775 776 783 782 
498 776 777 784 783 
499 777 778 785 784 
500 778 102 103 785 
501 60 779 786 59 
502 779 780 787 786 
503 780 781 788 787 
504 781 782 789 788 
505 782 783 790 789 
506 783 784 791 790 
507 784 785 792 791 
508 785 103 104 792 
509 59 786 25 26 
510 786 787 24 25 
511 787 788 23 24 
512 788 789 22 23 
513 789 790 21 22 
514 790 791 20 21 
515 791 792 19 20 
516 792 104 18 19 
2 2 3 192
517 53 81 793 135 
518 81 80 794 793 
519 80 79 795 794 
520 79 78 796 795 
521 78 77 797 796 
522 77 76 798 797 
523 76 75 799 798 
524 75 74 800 799 
525 74 73 801 800 
526 73 72 802 801 
527 72 71 803 802 
528 71 70 804 803 
529 70 69 805 804 
530 69 68 806 805 
531 68 67 807 806 
532 67 66 808 807 
533 66 65 809 808 
534 65 64 810 809 
535 64 63 811 810 
536 63 62 812 811 
537 62 61 813 812 
538 61 60 814 813 
539 60 59 815 814 
540 59 26 27 815 
541 135 793 816 136 
542 793 794 817 816 
543 794 795 818 817 
544 795 796 819 818 
545 796 797 820 819 
546 797 798 821 820 
547 798 799 822 821 
548 799 800 823 822 
549 800 801 824 823 
550 801 802 825 824 
551 802 803 826 825 
552 803 804 827 826 
553 804 805 828 827 
554 805 806 829 828 
555 806 807 830 829 
556 807 808 831 830 
557 808 809 832 831 
558 809 810 833 832 
559 810 811 834 833 
560 811 812 835 834 
561 812 813 836 835 
562 813 814 837 836 
563 814 815 838 837 
564 815 27 28 838 
565 136 816 839 137 
566 816 817 840 839 
567 817 818 841 840 
568 818 819 842 841 
569 819 820 843 842 
570 820 821 844 843 
571 821 822 845 844 
572 822 823 846 845 
573 823 824 847 846 
574 824 825 848 847 
575 825 826 849 848 
576 826 827 850 849 
577 827 828 851 850 
578 828 829 852 851 
579 829 830 853 852 
580 830 831 854 853 
581 831 832 855 854 
582 832 833 856 855 
583 833 834 857 856 
584 834 835 858 857 
585 835 836 859 858 
586 836 837 860 859 
587 837 838 861 860 
588 838 28 29 861 
589 137 839 862 138 
590 839 840 863 862 
591 840 841 864 863 
592 841 842 865 864 
593 842 843 866 865 
594 843 844 867 866 
595 844 845 868 867 
596 845 846 869 868 
597 846 847 870 869 
598 847 848 871 870 
599 848 849 872 871 
600 849 850 873 872 
601 850 851 874 873 
602 851 852 875 874 
603 852 853 876 875 
604 853 854 877 876 
605 854 855 878 877 
606 855 856 879 878 
607 856 857 880 879 
608 857 858 881 880 
609 858 859 882 881 
610 859 860 883 882 
611 860 861 884 883 
612 861 29 30 884 
613 138 862 885 139 
614 862 863 886 885 
615 863 864 887 886 
616 864 865 888 887 
617 865 866 889 888 
618 866 867 890 889 
619 867 868 891 890 
620 868 869 892 891 
621 869 870 893 892 
622 870 871 894 893 
623 871 872 895 894 
624 872 873 896 895 
625 873 874 897 896 
626 874 875 898 897 
627 875 876 899 898 
628 876 877 900 899 
629 877 878 901 900 
630 878 879 902 901 
631 879 880 903 902 
632 880 881 904 903 
633 881 882 905 904 
634 882 883 906 905 
635 883 884 907 906 
636 884 30 31 907 
637 139 885 908 140 
638 885 886 909 908 
639 886 887 910 909 
640 887 888 911 910 
641 888 889 912 911 
642 889 890 913 912 
643 890 891 914 913 
644 891 892 915 914 
645 892 893 916 915 
646 893 894 917 916 
647 894 895 918 917 
648 895 896 919 918 
649 896 897 920 919 
650 897 898 921 920 
651 898 899 922 921 
652 899 900 923 922 
653 900 901 924 923 
654 901 902 925 924 
655 902 903 926 925 
656 903 904 927 926 
657 904 905 928 927 
658 905 906 929 928 
659 906 907 930 929 
660 907 31 32 930 
661 140 908 931 141 
662 908 909 932 931 
663 909 910 933 932 
664 910 911 934 933 
665 911 912 935 934 
666 912 913 936 935 
667 913 914 937 936 
668 914 915 938 937 
669 915 916 939 938 
670 916 917 940 939 
671 917 918 941 940 
672 918 919 942 941 
673 919 920 943 942 
674 920 921 944 943 
675 921 922 945 944 
676 922 923 946 945 
677 923 924 947 946 
678 924 925 948 947 
679 925 926 949 948 
680 926 927 950 949 
681 927 928 951 950 
682 928 929 952 951 
683 929 930 953 952 
684 930 32 33 953 
685 141 931 105 52 
686 931 932 106 105 
687 932 933 107 106 
688 933 934 108 107 
689 934 935 109 108 
690 935 936 110 109 
691 936 937 111 110 
692 937 938 112 111 
693 938 939 113 112 
694 939 940 114 113 
695 940 941 115 114 
696 941 942 116 115 
697 942 943 117 116 
698 943 944 118 117 
699 944 945 119 118 
700 945 946 120 119 
701 946 947 121 120 
702 947 948 122 121 
703 948 949 123 122 
704 949 950 124 123 
705 950 951 125 124 
706 951 952 126 125 
707 952 953 127 126 
708 953 33 34 127 
2 5 3 2064
709 18 104 954 17 
710 104 103 955 954 
711 103 102 956 955 
712 102 101 957 956 
713 101 100 958 957 
714 100 99 959 958 
715 99 98 960 959 
716 98 97 961 960 
717 97 96 962 961 
718 96 95 963 962 
719 95 94 964 963 
720 94 93 965 964 
721 93 92 966 965 
722 92 91 967 966 
723 91 90 968 967 
724 90 89 969 968 
725 89 88 970 969 
726 88 87 971 970 
727 87 86 972 971 
728 86 85 973 972 
729 85 84 974 973 
730 84 83 975 974 
731 83 82 976 975 
732 82 51 256 976 
733 17 954 977 16 
734 954 955 978 977 
735 955 956 979 978 
736 956 957 980 979 
737 957 958 981 980 
738 958 959 982 981 
739 959 960 983 982 
740 960 961 984 983 
741 961 962 985 984 
742 962 963 986 985 
743 963 964 987 986 
744 964 965 988 987 
745 965 966 989 988 
746 966 967 990 989 
747 967 968 991 990 
748 968 969 992 991 
749 969 970 993 992 
750 970 971 994 993 
751 971 972 995 994 
752 972 973 996 995 
753 973 974 997 996 
754 974 975 998 997 
755 975 976 999 998 
756 976 256 257 999 
757 16 977 1000 15 
758 977 978 1001 1000 
759 978 979 1002 1001 
760 979 980 1003 1002 
761 980 981 1004 1003 
762 981 982 1005 1004 
763 982 983 1006 1005 
764 983 984 1007 1006 
765 984 985 1008 1007 
766 985 986 1009 1008 
767 986 987 1010 1009 
768 987 988 1011 1010 
769 988 989 1012 1011 
770 989 990 1013 1012 
771 990 991 1014 1013 
772 991 992 1015 1014 
773 992 993 1016 1015 
774 993 994 1017 1016 
775 994 995 1018 1017 
776 995 996 1019 1018 
777 996 997 1020 1019 
778 997 998 1021 1020 
779 998 999 1022 1021 
780 999 257 258 1022 
781 15 1000 1023 14 
782 1000 1001 1024 1023 
783 1001 1002 1025 1024 
784 1002 1003 1026 1025 
785 1003 1004 1027 1026 
786 1004 1005 1028 1027 
787 1005 1006 1029 1028 
788 1006 1007 1030 1029 
789 1007 1008 1031 1030 
790 1008 1009 1032 1031 
791 1009 1010 1033 1032 
792 1010 1011 1034 1033 
793 1011 1012 1035 1034 
794 1012 1013 1036 1035 
795 1013 1014 1037 1036 
796 1014 1015 1038 1037 
797 1015 1016 1039 1038 
798 1016 1017 1040 1039 
799 1017 1018 1041 1040 
800 1018 1019 1042 1041 
801 1019 1020 1043 1042 
802 1020 1021 1044 1043 
803 1021 1022 1045 1044 
804 1022 258 259 1045 
805 14 1023 1046 13 
806 1023 1024 1047 1046 
807 1024 1025 1048 1047 
808 1025 1026 1049 1048 
809 1026 1027 1050 1049 
810 1027 1028 1051 1050 
811 1028 1029 1052 1051 
812 1029 1030 1053 1052 
813 1030 1031 1054 1053 
814 1031 1032 1055 1054 
815 1032 1033 1056 1055 
816 1033 1034 1057 1056 
817 1034 1035 1058 1057 
818 1035 1036 1059 1058 
819 1036 1037 1060 1059 
820 1037 1038 1061 1060 
821 1038 1039 1062 1061 
822 1039 1040 1063 1062 
823 1040 1041 1064 1063 
824 1041 1042 1065 1064 
825 1042 1043 1066 1065 
826 1043 1044 1067 1066 
827 1044 1045 1068 1067 
828 1045 259 260 1068 
829 13 1046 1069 12 
830 1046 1047 1070 1069 
831 1047 1048 1071 1070 
832 1048 1049 1072 1071 
833 1049 1050 1073 1072 
834 1050 1051 1074 1073 
835 1051 1052 1075 1074 
836 1052 1053 1076 1075 
837 1053 1054 1077 1076 
838 1054 1055 1078 1077 
839 1055 1056 1079 1078 
840 1056 1057 1080 1079 
841 1057 1058 1081 1080 
842 1058 1059 1082 1081 
843 1059 1060 1083 1082 
844 1060 1061 1084 1083 
845 1061 1062 1085 1084 
846 1062 1063 1086 1085 
847 1063 1064 1087 1086 
848 1064 1065 1088 1087 
849 1065 1066 1089 1088 
850 1066 1067 1090 1089 
851 1067 1068 1091 1090 
852 1068 260 261 1091 
853 12 1069 1092 11 
854 1069 1070 1093 1092 
855 1070 1071 1094 1093 
856 1071 1072 1095 1094 
857 1072 1073 1096 1095 
858 1073 1074 1097 1096 
859 1074 1075 1098 1097 
860 1075 1076 1099 1098 
861 1076 1077 1100 1099 
862 1077 1078 1101 1100 
863 1078 1079 1102 1101 
864 1079 1080 1103 1102 
865 1080 1081 1104 1103 
866 1081 1082 1105 1104 
867 1082 1083 1106 1105 
868 1083 1084 1107 1106 
869 1084 1085 1108 1107 
870 1085 1086 1109 1108 
871 1086 1087 1110 1109 
872 1087 1088 1111 1110 
873 1088 1089 1112 1111 
874 1089 1090 1113 1112 
875 1090 1091 1114 1113 
876 1091 261 262 1114 
877 11 1092 1115 10 
878 1092 1093 1116 1115 
879 1093 1094 1117 1116 
880 1094 1095 1118 1117 
881 1095 1096 1119 1118 
882 1096 1097 1120 1119 
883 1097 1098 1121 1120 
884 1098 1099 1122 1121 
885 1099 1100 1123 1122 
886 1100 1101 1124 1123 
887 1101 1102 1125 1124 
888 1102 1103 1126 1125 
889 1103 1104 1127 1126 
890 1104 1105 1128 1127 
891 1105 1106 1129 1128 
892 1106 1107 1130 1129 
893 1107 1108 1131 1130 
894 1108 1109 1132 1131 
895 1109 1110 1133 1132 
896 1110 1111 1134 1133 
897 1111 1112 1135 1134 
898 1112 1113 1136 1135 
899 1113 1114 1137 1136 
900 1114 262 263 1137 
901 10 1115 1138 9 
902 1115 1116 1139 1138 
903 1116 1117 1140 1139 
904 1117 1118 1141 1140 
905 1118 1119 1142 1141 
906 1119 1120 1143 1142 
907 1120 1121 1144 1143 
908 1121 1122 1145 1144 
909 1122 1123 1146 1145 
910 1123 1124 1147 1146 
911 1124 1125 1148 1147 
912 1125 1126 1149 1148 
913 1126 1127 1150 1149 
914 1127 1128 1151 1150 
915 1128 1129 1152 1151 
916 1129 1130 1153 1152 
917 1130 1131 1154 1153 
918 1131 1132 1155 1154 
919 1132 1133 1156 1155 
920 1133 1134 1157 1156 
921 1134 1135 1158 1157 
922 1135 1136 1159 1158 
923 1136 1137 1160 1159 
924 1137 263 264 1160 
925 9 1138 1161 8 
926 1138 1139 1162 1161 
927 1139 1140 1163 1162 
928 1140 1141 1164 1163 
929 1141 1142 1165 1164 
930 1142 1143 1166 1165 
931 1143 1144 1167 1166 
932 1144 1145 1168 1167 
933 1145 1146 1169 1168 
934 1146 1147 1170 1169 
935 1147 1148 1171 1170 
936 1148 1149 1172 1171 
937 1149 1150 1173 1172 
938 1150 1151 1174 1173 
939 1151 1152 1175 1174 
940 1152 1153 1176 1175 
941 1153 1154 1177 1176 
942 1154 1155 1178 1177 
943 1155 1156 1179 1178 
944 1156 1157 1180 1179 
945 1157 1158 1181 1180 
946 1158 1159 1182 1181 
947 1159 1160 1183 1182 
948 1160 264 265 1183 
949 8 1161 1184 7 
950 1161 1162 1185 1184 
951 1162 1163 1186 1185 
952 1163 1164 1187 1186 
953 1164 1165 1188 1187 
954 1165 1166 1189 1188 
955 1166 1167 1190 1189 
956 1167 1168 1191 1190 
957 1168 1169 1192 1191 
958 1169 1170 1193 1192 
959 1170 1171 1194 1193 
960 1171 1172 1195 1194 
961 1172 1173 1196 1195 
962 1173 1174 1197 1196 
963 1174 1175 1198 1197 
964 1175 1176 1199 1198 
965 1176 1177 1200 1199 
966 1177 1178 1201 1200 
967 1178 1179 1202 1201 
968 1179 1180 1203 1202 
969 1180 1181 1204 1203 
970 1181 1182 1205 1204 
971 1182 1183 1206 1205 
972 1183 265 266 1206 
973 7 1184 1207 6 
974 1184 1185 1208 1207 
975 1185 1186 1209 1208 
976 1186 1187 1210 1209 
977 1187 1188 1211 1210 
978 1188 1189 1212 1211 
979 1189 1190 1213 1212 
980 1190 1191 1214 1213 
981 1191 1192 1215 1214 
982 1192 1193 1216 1215 
983 1193 1194 1217 1216 
984 1194 1195 1218 1217 
985 1195 1196 1219 1218 
986 1196 1197 1220 1219 
987 1197 1198 1221 1220 
988 1198 1199 1222 1221 
989 1199 1200 1223 1222 
990 1200 1201 1224 1223 
991 1201 1202 1225 1224 
992 1202 1203 1226 1225 
993 1203 1204 1227 1226 
994 1204 1205 1228 1227 
995 1205 1206 1229 1228 
996 1206 266 267 1229 
997 6 1207 1230 5 
998 1207 1208 1231 1230 
999 1208 1209 1232 1231 
1000 1209 1210 1233 1232 
1001 1210 1211 1234 1233 
1002 1211 1212 1235 1234 
1003 1212 1213 1236 1235 
1004 1213 1214 1237 1236 
1005 1214 1215 1238 1237 
1006 1215 1216 1239 1238 
1007 1216 1217 1240 1239 
1008 1217 1218 1241 1240 
1009 1218 1219 1242 1241 
1010 1219 1220 1243 1242 
1011 1220 1221 1244 1243 
1012 1221 1222 1245 1244 
1013 1222 1223 1246 1245 
1014 1223 1224 1247 1246 
1015 1224 1225 1248 1247 
1016 1225 1226 1249 1248 
1017 1226 1227 1250 1249 
1018 1227 1228 1251 1250 
1019 1228 1229 1252 1251 
1020 1229 267 268 1252 
1021 5 1230 1253 4 
1022 1230 1231 1254 1253 
1023 1231 1232 1255 1254 
1024 1232 1233 1256 1255 
1025 1233 1234 1257 1256 
1026 1234 1235 1258 1257 
1027 1235 1236 1259 1258 
1028 1236 1237 1260 1259 
1029 1237 1238 1261 1260 
1030 1238 1239 1262 1261 
1031 1239 1240 1263 1262 
1032 1240 1241 1264 1263 
1033 1241 1242 1265 1264 
1034 1242 1243 1266 1265 
1035 1243 1244 1267 1266 
1036 1244 1245 1268 1267 
1037 1245 1246 1269 1268 
1038 1246 1247 1270 1269 
1039 1247 1248 1271 1270 
1040 1248 1249 1272 1271 
1041 1249 1250 1273 1272 
1042 1250 1251 1274 1273 
1043 1251 1252 1275 1274 
1044 1252 268 269 1275 
1045 4 1253 1276 3 
1046 1253 1254 1277 1276 
1047 1254 1255 1278 1277 
1048 1255 1256 1279 1278 
1049 1256 1257 1280 1279 
1050 1257 1258 1281 1280 
1051 1258 1259 1282 1281 
1052 1259 1260 1283 1282 
1053 1260 1261 1284 1283 
1054 1261 1262 1285 1284 
1055 1262 1263 1286 1285 
1056 1263 1264 1287 1286 
1057 1264 1265 1288 1287 
1058 1265 1266 1289 1288 
1059 1266 1267 1290 1289 
1060 1267 1268 1291 1290 
1061 1268 1269 1292 1291 
1062 1269 1270 1293 1292 
1063 1270 1271 1294 1293 
1064 1271 1272 1295 1294 
1065 1272 1273 1296 1295 
1066 1273 1274 1297 1296 
1067 1274 1275 1298 1297 
1068 1275 269 270 1298 
1069 3 1276 1299 2 
1070 1276 1277 1300 1299 
1071 1277 1278 1301 1300 
1072 1278 1279 1302 1301 
1073 1279 1280 1303 1302 
1074 1280 1281 1304 1303 
1075 1281 1282 1305 1304 
1076 1282 1283 1306 1305 
1077 1283 1284 1307 1306 
1078 1284 1285 1308 1307 
1079 1285 1286 1309 1308 
1080 1286 1287 1310 1309 
1081 1287 1288 1311 1310 
1082 1288 1289 1312 1311 
1083 1289 1290 1313 1312 
1084 1290 1291 1314 1313 
1085 1291 1292 1315 1314 
1086 1292 1293 1316 1315 
1087 1293 1294 1317 1316 
1088 1294 1295 1318 1317 
1089 1295 1296 1319 1318 
1090 1296 1297 1320 1319 
1091 1297 1298 1321 1320 
1092 1298 270 271 1321 
1093 2 1299 1322 1 
1094 1299 1300 1323 1322 
1095 1300 1301 1324 1323 
1096 1301 1302 1325 1324 
1097 1302 1303 1326 1325 
1098 1303 1304 1327 1326 
1099 1304 1305 1328 1327 
1100 1305 1306 1329 1328 
1101 1306 1307 1330 1329 
1102 1307 1308 1331 1330 
1103 1308 1309 1332 1331 
1104 1309 1310 1333 1332 
1105 1310 1311 1334 1333 
1106 1311 1312 1335 1334 
1107 1312 1313 1336 1335 
1108 1313 1314 1337 1336 
1109 1314 1315 1338 1337 
1110 1315 1316 1339 1338 
1111 1316 1317 1340 1339 
1112 1317 1318 1341 1340 
1113 1318 1319 1342 1341 
1114 1319 1320 1343 1342 
1115 1320 1321 1344 1343 
1116 1321 271 272 1344 
1117 1 1322 1345 142 
1118 1322 1323 1346 1345 
1119 1323 1324 1347 1346 
1120 1324 1325 1348 1347 
1121 1325 1326 1349 1348 
1122 1326 1327 1350 1349 
1123 1327 1328 1351 1350 
1124 1328 1329 1352 1351 
1125 1329 1330 1353 1352 
1126 1330 1331 1354 1353 
1127 1331 1332 1355 1354 
1128 1332 1333 1356 1355 
1129 1333 1334 1357 1356 
1130 1334 1335 1358 1357 
1131 1335 1336 1359 1358 
1132 1336 1337 1360 1359 
1133 1337 1338 1361 1360 
1134 1338 1339 1362 1361 
1135 1339 1340 1363 1362 
1136 1340 1341 1364 1363 
1137 1341 1342 1365 1364 
1138 1342 1343 1366 1365 
1139 1343 1344 1367 1366 
1140 1344 272 273 1367 
1141 142 1345 1368 143 
1142 1345 1346 1369 1368 
1143 1346 1347 1370 1369 
1144 1347 1348 1371 1370 
1145 1348 1349 1372 1371 
1146 1349 1350 1373 1372 
1147 1350 1351 1374 1373 
1148 1351 1352 1375 1374 
1149 1352 1353 1376 1375 
1150 1353 1354 1377 1376 
1151 1354 1355 1378 1377 
1152 1355 1356 1379 1378 
1153 1356 1357 1380 1379 
1154 1357 1358 1381 1380 
1155 1358 1359 1382 1381 
1156 1359 1360 1383 1382 
1157 1360 1361 1384 1383 
1158 1361 1362 1385 1384 
1159 1362 1363 1386 1385 
1160 1363 1364 1387 1386 
1161 1364 1365 1388 1387 
1162 1365 1366 1389 1388 
1163 1366 1367 1390 1389 
1164 1367 273 274 1390 
1165 143 1368 1391 144 
1166 1368 1369 1392 1391 
1167 1369 1370 1393 1392 
1168 1370 1371 1394 1393 
1169 1371 1372 1395 1394 
1170 1372 1373 1396 1395 
1171 1373 1374 1397 1396 
1172 1374 1375 1398 1397 
1173 1375 1376 1399 1398 
1174 1376 1377 1400 1399 
1175 1377 1378 1401 1400 
1176 1378 1379 1402 1401 
1177 1379 1380 1403 1402 
1178 1380 1381 1404 1403 
1179 1381 1382 1405 1404 
1180 1382 1383 1406 1405 
1181 1383 1384 1407 1406 
1182 1384 1385 1408 1407 
1183 1385 1386 1409 1408 
1184 1386 1387 1410 1409 
1185 1387 1388 1411 1410 
1186 1388 1389 1412 1411 
1187 1389 1390 1413 1412 
1188 1390 274 275 1413 
1189 144 1391 1414 145 
1190 1391 1392 1415 1414 
1191 1392 1393 1416 1415 
1192 1393 1394 1417 1416 
1193 1394 1395 1418 1417 
1194 1395 1396 1419 1418 
1195 1396 1397 1420 1419 
1196 1397 1398 1421 1420 
1197 1398 1399 1422 1421 
1198 1399 1400 1423 1422 
1199 1400 1401 1424 1423 
1200 1401 1402 1425 1424 
1201 1402 1403 1426 1425 
1202 1403 1404 1427 1426 
1203 1404 1405 1428 1427 
1204 1405 1406 1429 1428 
1205 1406 1407 1430 1429 
1206 1407 1408 1431 1430 
1207 1408 1409 1432 1431 
1208 1409 1410 1433 1432 
1209 1410 1411 1434 1433 
1210 1411 1412 1435 1434 
1211 1412 1413 1436 1435 
1212 1413 275 276 1436 
1213 145 1414 1437 146 
1214 1414 1415 1438 1437 
1215 1415 1416 1439 1438 
1216 1416 1417 1440 1439 
1217 1417 1418 1441 1440 
1218 1418 1419 1442 1441 
1219 1419 1420 1443 1442 
1220 1420 1421 1444 1443 
1221 1421 1422 1445 1444 
1222 1422 1423 1446 1445 
1223 1423 1424 1447 1446 
1224 1424 1425 1448 1447 
1225 1425 1426 1449 1448 
1226 1426 1427 1450 1449 
1227 1427 1428 1451 1450 
1228 1428 1429 1452 1451 
1229 1429 1430 1453 1452 
1230 1430 1431 1454 1453 
1231 1431 1432 1455 1454 
1232 1432 1433 1456 1455 
1233 1433 1434 1457 1456 
1234 1434 1435 1458 1457 
1235 1435 1436 1459 1458 
1236 1436 276 277 1459 
1237 146 1437 1460 147 
1238 1437 1438 1461 1460 
1239 1438 1439 1462 1461 
1240 1439 1440 1463 1462 
1241 1440 1441 1464 1463 
1242 1441 1442 1465 1464 
1243 1442 1443 1466 1465 
1244 1443 1444 1467 1466 
1245 1444 1445 1468 1467 
1246 1445 1446 1469 1468 
1247 1446 1447 1470 1469 
1248 1447 1448 1471 1470 
1249 1448 1449 1472 1471 
1250 1449 1450 1473 1472 
1251 1450 1451 1474 1473 
1252 1451 1452 1475 1474 
1253 1452 1453 1476 1475 
1254 1453 1454 1477 1476 
1255 1454 1455 1478 1477 
1256 1455 1456 1479 1478 
1257 1456 1457 1480 1479 
1258 1457 1458 1481 1480 
1259 1458 1459 1482 1481 
1260 1459 277 278 1482 
1261 147 1460 1483 148 
1262 1460 1461 1484 1483 
1263 1461 1462 1485 1484 
1264 1462 1463 1486 1485 
1265 1463 1464 1487 1486 
1266 1464 1465 1488 1487 
1267 1465 1466 1489 1488 
1268 1466 1467 1490 1489 
1269 1467 1468 1491 1490 
1270 1468 1469 1492 1491 
1271 1469 1470 1493 1492 
1272 1470 1471 1494 1493 
1273 1471 1472 1495 1494 
1274 1472 1473 1496 1495 
1275 1473 1474 1497 1496 
1276 1474 1475 1498 1497 
1277 1475 1476 1499 1498 
1278 1476 1477 1500 1499 
1279 1477 1478 1501 1500 
1280 1478 1479 1502 1501 
1281 1479 1480 1503 1502 
1282 1480 1481 1504 1503 
1283 1481 1482 1505 1504 
1284 1482 278 279 1505 
1285 148 1483 1506 149 
1286 1483 1484 1507 1506 
1287 1484 1485 1508 1507 
1288 1485 1486 1509 1508 
1289 1486 1487 1510 1509 
1290 1487 1488 1511 1510 
1291 1488 1489 1512 1511 
1292 1489 1490 1513 1512 
1293 1490 1491 1514 1513 
1294 1491 1492 1515 1514 
1295 1492 1493 1516 1515 
1296 1493 1494 1517 1516 
1297 1494 1495 1518 1517 
1298 1495 1496 1519 1518 
1299 1496 1497 1520 1519 
1300 1497 1498 1521 1520 
1301 1498 1499 1522 1521 
1302 1499 1500 1523 1522 
1303 1500 1501 1524 1523 
1304 1501 1502 1525 1524 
1305 1502 1503 1526 1525 
1306 1503 1504 1527 1526 
1307 1504 1505 1528 1527 
1308 1505 279 280 1528 
1309 149 1506 1529 150 
1310 1506 1507 1530 1529 
1311 1507 1508 1531 1530 
1312 1508 1509 1532 1531 
1313 1509 1510 1533 1532 
1314 1510 1511 1534 1533 
1315 1511 1512 1535 1534 
1316 1512 1513 1536 1535 
1317 1513 1514 1537 1536 
1318 1514 1515 1538 1537 
1319 1515 1516 1539 1538 
1320 1516 1517 1540 1539 
1321 1517 1518 1541 1540 
1322 1518 1519 1542 1541 
1323 1519 1520 1543 1542 
1324 1520 1521 1544 1543 
1325 1521 1522 1545 1544 
1326 1522 1523 1546 1545 
1327 1523 1524 1547 1546 
1328 1524 1525 1548 1547 
1329 1525 1526 1549 1548 
1330 1526 1527 1550 1549 
1331 1527 1528 1551 1550 
1332 1528 280 281 1551 
1333 150 1529 1552 151 
1334 1529 1530 1553 1552 
1335 1530 1531 1554 1553 
1336 1531 1532 1555 1554 
1337 1532 1533 1556 1555 
1338 1533 1534 1557 1556 
1339 1534 1535 1558 1557 
1340 1535 1536 1559 1558 
1341 1536 1537 1560 1559 
1342 1537 1538 1561 1560 
1343 1538 1539 1562 1561 
1344 1539 1540 1563 1562 
1345 1540 1541 1564 1563 
1346 1541 1542 1565 1564 
1347 1542 1543 1566 1565 
1348 1543 1544 1567 1566 
1349 1544 1545 1568 1567 
1350 1545 1546 1569 1568 
1351 1546 1547 1570 1569 
1352 1547 1548 1571 1570 
1353 1548 1549 1572 1571 
1354 1549 1550 1573 1572 
1355 1550 1551 1574 1573 
1356 1551 281 282 1574 
1357 151 1552 1575 152 
1358 1552 1553 1576 1575 
1359 1553 1554 1577 1576 
1360 1554 1555 1578 1577 
1361 1555 1556 1579 1578 
1362 1556 1557 1580 1579 
1363 1557 1558 1581 1580 
1364 1558 1559 1582 1581 
1365 1559 1560 1583 1582 
1366 1560 1561 1584 1583 
1367 1561 1562 1585 1584 
1368 1562 1563 1586 1585 
1369 1563 1564 1587 1586 
1370 1564 1565 1588 1587 
1371 1565 1566 1589 1588 
1372 1566 1567 1590 1589 
1373 1567 1568 1591 1590 
1374 1568 1569 1592 1591 
1375 1569 1570 1593 1592 
1376 1570 1571 1594 1593 
1377 1571 1572 1595 1594 
1378 1572 1573 1596 1595 
1379 1573 1574 1597 1596 
1380 1574 282 283 1597 
1381 152 1575 1598 153 
1382 1575 1576 1599 1598 
1383 1576 1577 1600 1599 
1384 1577 1578 1601 1600 
1385 1578 1579 1602 1601 
1386 1579 1580 1603 1602 
1387 1580 1581 1604 1603 
1388 1581 1582 1605 1604 
1389 1582 1583 1606 1605 
1390 1583 1584 1607 1606 
1391 1584 1585 1608 1607 
1392 1585 1586 1609 1608 
1393 1586 1587 1610 1609 
1394 1587 1588 1611 1610 
1395 1588 1589 1612 1611 
1396 1589 1590 1613 1612 
1397 1590 1591 1614 1613 
1398 1591 1592 1615 1614 
1399 1592 1593 1616 1615 
1400 1593 1594 1617 1616 
1401 1594 1595 1618 1617 
1402 1595 1596 1619 1618 
1403 1596 1597 1620 1619 
1404 1597 283 284 1620 
1405 153 1598 1621 154 
1406 1598 1599 1622 1621 
1407 1599 1600 1623 1622 
1408 1600 1601 1624 1623 
1409 1601 1602 1625 1624 
1410 1602 1603 1626 1625 
1411 1603 1604 1627 1626 
1412 1604 1605 1628 1627 
1413 1605 1606 1629 1628 
1414 1606 1607 1630 1629 
1415 1607 1608 1631 1630 
1416 1608 1609 1632 1631 
1417 1609 1610 1633 1632 
1418 1610 1611 1634 1633 
1419 1611 1612 1635 1634 
1420 1612 1613 1636 1635 
1421 1613 1614 1637 1636 
1422 1614 1615 1638 1637 
1423 1615 1616 1639 1638 
1424 1616 1617 1640 1639 
1425 1617 1618 1641 1640 
1426 1618 1619 1642 1641 
1427 1619 1620 1643 1642 
1428 1620 284 285 1643 
1429 154 1621 1644 155 
1430 1621 1622 1645 1644 
1431 1622 1623 1646 1645 
1432 1623 1624 1647 1646 
1433 1624 1625 1648 1647 
1434 1625 1626 1649 1648 
1435 1626 1627 1650 1649 
1436 1627 1628 1651 1650 
1437 1628 1629 1652 1651 
1438 1629 1630 1653 1652 
1439 1630 1631 1654 1653 
1440 1631 1632 1655 1654 
1441 1632 1633 1656 1655 
1442 1633 1634 1657 1656 
1443 1634 1635 1658 1657 
1444 1635 1636 1659 1658 
1445 1636 1637 1660 1659 
1446 1637 1638 1661 1660 
1447 1638 1639 1662 1661 
1448 1639 1640 1663 1662 
1449 1640 1641 1664 1663 
1450 1641 1642 1665 1664 
1451 1642 1643 1666 1665 
1452 1643 285 286 1666 
1453 155 1644 1667 156 
1454 1644 1645 1668 1667 
1455 1645 1646 1669 1668 
1456 1646 1647 1670 1669 
1457 1647 1648 1671 1670 
1458 1648 1649 1672 1671 
1459 1649 1650 1673 1672 
1460 1650 1651 1674 1673 
1461 1651 1652 1675 1674 
1462 1652 1653 1676 1675 
1463 1653 1654 1677 1676 
1464 1654 1655 1678 1677 
1465 1655 1656 1679 1678 
1466 1656 1657 1680 1679 
1467 1657 1658 1681 1680 
1468 1658 1659 1682 1681 
1469 1659 1660 1683 1682 
1470 1660 1661 1684 1683 
1471 1661 1662 1685 1684 
1472 1662 1663 1686 1685 
1473 1663 1664 1687 1686 
1474 1664 1665 1688 1687 
1475 1665 1666 1689 1688 
1476 1666 286 287 1689 
1477 156 1667 1690 157 
1478 1667 1668 1691 1690 
1479 1668 1669 1692 1691 
1480 1669 1670 1693 1692 
1481 1670 1671 1694 1693 
1482 1671 1672 1695 1694 
1483 1672 1673 1696 1695 
1484 1673 1674 1697 1696 
1485 1674 1675 1698 1697 
1486 1675 1676 1699 1698 
1487 1676 1677 1700 1699 
1488 1677 1678 1701 1700 
1489 1678 1679 1702 1701 
1490 1679 1680 1703 1702 
1491 1680 1681 1704 1703 
1492 1681 1682 1705 1704 
1493 1682 1683 1706 1705 
1494 1683 1684 1707 1706 
1495 1684 1685 1708 1707 
1496 1685 1686 1709 1708 
1497 1686 1687 1710 1709 
1498 1687 1688 1711 1710 
1499 1688 1689 1712 1711 
1500 1689 287 288 1712 
1501 157 1690 1713 158 
1502 1690 1691 1714 1713 
1503 1691 1692 1715 1714 
1504 1692 1693 1716 1715 
1505 1693 1694 1717 1716 
1506 1694 1695 1718 1717 
1507 1695 1696 1719 1718 
1508 1696 1697 1720 1719 
1509 1697 1698 1721 1720 
1510 1698 1699 1722 1721 
1511 1699 1700 1723 1722 
1512 1700 1701 1724 1723 
1513 1701 1702 1725 1724 
1514 1702 1703 1726 1725 
1515 1703 1704 1727 1726 
1516 1704 1705 1728 1727 
1517 1705 1706 1729 1728 
1518 1706 1707 1730 1729 
1519 1707 1708 1731 1730 
1520 1708 1709 1732 1731 
1521 1709 1710 1733 1732 
1522 1710 1711 1734 1733 
1523 1711 1712 1735 1734 
1524 1712 288 289 1735 
1525 158 1713 1736 159 
1526 1713 1714 1737 1736 
1527 1714 1715 1738 1737 
1528 1715 1716 1739 1738 
1529 1716 1717 1740 1739 
1530 1717 1718 1741 1740 
1531 1718 1719 1742 1741 
1532 1719 1720 1743 1742 
1533 1720 1721 1744 1743 
1534 1721 1722 1745 1744 
1535 1722 1723 1746 1745 
1536 1723 1724 1747 1746 
1537 1724 1725 1748 1747 
1538 1725 1726 1749 1748 
1539 1726 1727 1750 1749 
1540 1727 1728 1751 1750 
1541 1728 1729 1752 1751 
1542 1729 1730 1753 1752 
1543 1730 1731 1754 1753 
1544 1731 1732 1755 1754 
1545 1732 1733 1756 1755 
1546 1733 1734 1757 1756 
1547 1734 1735 1758 1757 
1548 1735 289 290 1758 
1549 159 1736 1759 160 
1550 1736 1737 1760 1759 
1551 1737 1738 1761 1760 
1552 1738 1739 1762 1761 
1553 1739 1740 1763 1762 
1554 1740 1741 1764 1763 
1555 1741 1742 1765 1764 
1556 1742 1743 1766 1765 
1557 1743 1744 1767 1766 
1558 1744 1745 1768 1767 
1559 1745 1746 1769 1768 
1560 1746 1747 1770 1769 
1561 1747 1748 1771 1770 
1562 1748 1749 1772 1771 
1563 1749 1750 1773 1772 
1564 1750 1751 1774 1773 
1565 1751 1752 1775 1774 
1566 1752 1753 1776 1775 
1567 1753 1754 1777 1776 
1568 1754 1755 1778 1777 
1569 1755 1756 1779 1778 
1570 1756 1757 1780 1779 
1571 1757 1758 1781 1780 
1572 1758 290 291 1781 
1573 160 1759 1782 161 
1574 1759 1760 1783 1782 
1575 1760 1761 1784 1783 
1576 1761 1762 1785 1784 
1577 1762 1763 1786 1785 
1578 1763 1764 1787 1786 
1579 1764 1765 1788 1787 
1580 1765 1766 1789 1788 
1581 1766 1767 1790 1789 
1582 1767 1768 1791 1790 
1583 1768 1769 1792 1791 
1584 1769 1770 1793 1792 
1585 1770 1771 1794 1793 
1586 1771 1772 1795 1794 
1587 1772 1773 1796 1795 
1588 1773 1774 1797 1796 
1589 1774 1775 1798 1797 
1590 1775 1776 1799 1798 
1591 1776 1777 1800 1799 
1592 1777 1778 1801 1800 
1593 1778 1779 1802 1801 
1594 1779 1780 1803 1802 
1595 1780 1781 1804 1803 
1596 1781 291 292 1804 
1597 161 1782 1805 162 
1598 1782 1783 1806 1805 
1599 1783 1784 1807 1806 
1600 1784 1785 1808 1807 
1601 1785 1786 1809 1808 
1602 1786 1787 1810 1809 
1603 1787 1788 1811 1810 
1604 1788 1789 1812 1811 
1605 1789 1790 1813 1812 
1606 1790 1791 1814 1813 
1607 1791 1792 1815 1814 
1608 1792 1793 1816 1815 
1609 1793 1794 1817 1816 
1610 1794 1795 1818 1817 
1611 1795 1796 1819 1818 
1612 1796 1797 1820 1819 
1613 1797 1798 1821 1820 
1614 1798 1799 1822 1821 
1615 1799 1800 1823 1822 
1616 1800 1801 1824 1823 
1617 1801 1802 1825 1824 
1618 1802 1803 1826 1825 
1619 1803 1804 1827 1826 
1620 1804 292 293 1827 
1621 162 1805 1828 163 
1622 1805 1806 1829 1828 
1623 1806 1807 1830 1829 
1624 1807 1808 1831 1830 
1625 1808 1809 1832 1831 
1626 1809 1810 1833 1832 
1627 1810 1811 1834 1833 
1628 1811 1812 1835 1834 
1629 1812 1813 1836 1835 
1630 1813 1814 1837 1836 
1631 1814 1815 1838 1837 
1632 1815 1816 1839 1838 
1633 1816 1817 1840 1839 
1634 1817 1818 1841 1840 
1635 1818 1819 1842 1841 
1636 1819 1820 1843 1842 
1637 1820 1821 1844 1843 
1638 1821 1822 1845 1844 
1639 1822 1823 1846 1845 
1640 1823 1824 1847 1846 
1641 1824 1825 1848 1847 
1642 1825 1826 1849 1848 
1643 1826 1827 1850 1849 
1644 1827 293 294 1850 
1645 163 1828 1851 164 
1646 1828 1829 1852 1851 
1647 1829 1830 1853 1852 
1648 1830 1831 1854 1853 
1649 1831 1832 1855 1854 
1650 1832 1833 1856 1855 
1651 1833 1834 1857 1856 
1652 1834 1835 1858 1857 
1653 1835 1836 1859 1858 
1654 1836 1837 1860 1859 
1655 1837 1838 1861 1860 
1656 1838 1839 1862 1861 
1657 1839 1840 1863 1862 
1658 1840 1841 1864 1863 
1659 1841 1842 1865 1864 
1660 1842 1843 1866 1865 
1661 1843 1844 1867 1866 
1662 1844 1845 1868 1867 
1663 1845 1846 1869 1868 
1664 1846 1847 1870 1869 
1665 1847 1848 1871 1870 
1666 1848 1849 1872 1871 
1667 1849 1850 1873 1872 
1668 1850 294 295 1873 
1669 164 1851 1874 165 
1670 1851 1852 1875 1874 
1671 1852 1853 1876 1875 
1672 1853 1854 1877 1876 
1673 1854 1855 1878 1877 
1674 1855 1856 1879 1878 
1675 1856 1857 1880 1879 
1676 1857 1858 1881 1880 
1677 1858 1859 1882 1881 
1678 1859 1860 1883 1882 
1679 1860 1861 1884 1883 
1680 1861 1862 1885 1884 
1681 1862 1863 1886 1885 
1682 1863 1864 1887 1886 
1683 1864 1865 1888 1887 
1684 1865 1866 1889 1888 
1685 1866 1867 1890 1889 
1686 1867 1868 1891 1890 
1687 1868 1869 1892 1891 
1688 1869 1870 1893 1892 
1689 1870 1871 1894 1893 
1690 1871 1872 1895 1894 
1691 1872 1873 1896 1895 
1692 1873 295 296 1896 
1693 165 1874 1897 166 
1694 1874 1875 1898 1897 
1695 1875 1876 1899 1898 
1696 1876 1877 1900 1899 
1697 1877 1878 1901 1900 
1698 1878 1879 1902 1901 
1699 1879 1880 1903 1902 
1700 1880 1881 1904 1903 
1701 1881 1882 1905 1904 
1702 1882 1883 1906 1905 
1703 1883 1884 1907 1906 
1704 1884 1885 1908 1907 
1705 1885 1886 1909 1908 
1706 1886 1887 1910 1909 
1707 1887 1888 1911 1910 
1708 1888 1889 1912 1911 
1709 1889 1890 1913 1912 
1710 1890 1891 1914 1913 
1711 1891 1892 1915 1914 
1712 1892 1893 1916 1915 
1713 1893 1894 1917 1916 
1714 1894 1895 1918 1917 
1715 1895 1896 1919 1918 
1716 1896 296 297 1919 
1717 166 1897 1920 167 
1718 1897 1898 1921 1920 
1719 1898 1899 1922 1921 
1720 1899 1900 1923 1922 
1721 1900 1901 1924 1923 
1722 1901 1902 1925 1924 
1723 1902 1903 1926 1925 
1724 1903 1904 1927 1926 
1725 1904 1905 1928 1927 
1726 1905 1906 1929 1928 
1727 1906 1907 1930 1929 
1728 1907 1908 1931 1930 
1729 1908 1909 1932 1931 
1730 1909 1910 1933 1932 
1731 1910 1911 1934 1933 
1732 1911 1912 1935 1934 
1733 1912 1913 1936 1935 
1734 1913 1914 1937 1936 
1735 1914 1915 1938 1937 
1736 1915 1916 1939 1938 
1737 1916 1917 1940 1939 
1738 1917 1918 1941 1940 
1739 1918 1919 1942 1941 
1740 1919 297 298 1942 
1741 167 1920 1943 168 
1742 1920 1921 1944 1943 
1743 1921 1922 1945 1944 
1744 1922 1923 1946 1945 
1745 1923 1924 1947 1946 
1746 1924 1925 1948 1947 
1747 1925 1926 1949 1948 
1748 1926 1927 1950 1949 
1749 1927 1928 1951 1950 
1750 1928 1929 1952 1951 
1751 1929 1930 1953 1952 
1752 1930 1931 1954 1953 
1753 1931 1932 1955 1954 
1754 1932 1933 1956 1955 
1755 1933 1934 1957 1956 
1756 1934 1935 1958 1957 
1757 1935 1936 1959 1958 
1758 1936 1937 1960 1959 
1759 1937 1938 1961 1960 
1760 1938 1939 1962 1961 
1761 1939 1940 1963 1962 
1762 1940 1941 1964 1963 
1763 1941 1942 1965 1964 
1764 1942 298 299 1965 
1765 168 1943 1966 169 
1766 1943 1944 1967 1966 
1767 1944 1945 1968 1967 
1768 1945 1946 1969 1968 
1769 1946 1947 1970 1969 
1770 1947 1948 1971 1970 
1771 1948 1949 1972 1971 
1772 1949 1950 1973 1972 
1773 1950 1951 1974 1973 
1774 1951 1952 1975 1974 
1775 1952 1953 1976 1975 
1776 1953 1954 1977 1976 
1777 1954 1955 1978 1977 
1778 1955 1956 1979 1978 
1779 1956 1957 1980 1979 
1780 1957 1958 1981 1980 
1781 1958 1959 1982 1981 
1782 1959 1960 1983 1982 
1783 1960 1961 1984 1983 
1784 1961 1962 1985 1984 
1785 1962 1963 1986 1985 
1786 1963 1964 1987 1986 
1787 1964 1965 1988 1987 
1788 1965 299 300 1988 
1789 169 1966 1989 170 
1790 1966 1967 1990 1989 
1791 1967 1968 1991 1990 
1792 1968 1969 1992 1991 
1793 1969 1970 1993 1992 
1794 1970 1971 1994 1993 
1795 1971 1972 1995 1994 
1796 1972 1973 1996 1995 
1797 1973 1974 1997 1996 
1798 1974 1975 1998 1997 
1799 1975 1976 1999 1998 
1800 1976 1977 2000 1999 
1801 1977 1978 2001 2000 
1802 1978 1979 2002 2001 
1803 1979 1980 2003 2002 
1804 1980 1981 2004 2003 
1805 1981 1982 2005 2004 
1806 1982 1983 2006 2005 
1807 1983 1984 2007 2006 
1808 1984 1985 2008 2007 
1809 1985 1986 2009 2008 
1810 1986 1987 2010 2009 
1811 1987 1988 2011 2010 
1812 1988 300 301 2011 
1813 170 1989 2012 171 
1814 1989 1990 2013 2012 
1815 1990 1991 2014 2013 
1816 1991 1992 2015 2014 
1817 1992 1993 2016 2015 
1818 1993 1994 2017 2016 
1819 1994 1995 2018 2017 
1820 1995 1996 2019 2018 
1821 1996 1997 2020 2019 
1822 1997 1998 2021 2020 
1823 1998 1999 2022 2021 
1824 1999 2000 2023 2022 
1825 2000 2001 2024 2023 
1826 2001 2002 2025 2024 
1827 2002 2003 2026 2025 
1828 2003 2004 2027 2026 
1829 2004 2005 2028 2027 
1830 2005 2006 2029 2028 
1831 2006 2007 2030 2029 
1832 2007 2008 2031 2030 
1833 2008 2009 2032 2031 
1834 2009 2010 2033 2032 
1835 2010 2011 2034 2033 
1836 2011 301 302 2034 
1837 171 2012 2035 172 
1838 2012 2013 2036 2035 
1839 2013 2014 2037 2036 
1840 2014 2015 2038 2037 
1841 2015 2016 2039 2038 
1842 2016 2017 2040 2039 
1843 2017 2018 2041 2040 
1844 2018 2019 2042 2041 
1845 2019 2020 2043 2042 
1846 2020 2021 2044 2043 
1847 2021 2022 2045 2044 
1848 2022 2023 2046 2045 
1849 2023 2024 2047 2046 
1850 2024 2025 2048 2047 
1851 2025 2026 2049 2048 
1852 2026 2027 2050 2049 
1853 2027 2028 2051 2050 
1854 2028 2029 2052 2051 
1855 2029 2030 2053 2052 
1856 2030 2031 2054 2053 
1857 2031 2032 2055 2054 
1858 2032 2033 2056 2055 
1859 2033 2034 2057 2056 
1860 2034 302 303 2057 
1861 172 2035 2058 173 
1862 2035 2036 2059 2058 
1863 2036 2037 2060 2059 
1864 2037 2038 2061 2060 
1865 2038 2039 2062 2061 
1866 2039 2040 2063 2062 
1867 2040 2041 2064 2063 
1868 2041 2042 2065 2064 
1869 2042 2043 2066 2065 
1870 2043 2044 2067 2066 
1871 2044 2045 2068 2067 
1872 2045 2046 2069 2068 
1873 2046 2047 2070 2069 
1874 2047 2048 2071 2070 
1875 2048 2049 2072 2071 
1876 2049 2050 2073 2072 
1877 2050 2051 2074 2073 
1878 2051 2052 2075 2074 
1879 2052 2053 2076 2075 
1880 2053 2054 2077 2076 
1881 2054 2055 2078 2077 
1882 2055 2056 2079 2078 
1883 2056 2057 2080 2079 
1884 2057 303 304 2080 
1885 173 2058 2081 174 
1886 2058 2059 2082 2081 
1887 2059 2060 2083 2082 
1888 2060 2061 2084 2083 
1889 2061 2062 2085 2084 
1890 2062 2063 2086 2085 
1891 2063 2064 2087 2086 
1892 2064 2065 2088 2087 
1893 2065 2066 2089 2088 
1894 2066 2067 2090 2089 
1895 2067 2068 2091 2090 
1896 2068 2069 2092 2091 
1897 2069 2070 2093 2092 
1898 2070 2071 2094 2093 
1899 2071 2072 2095 2094 
1900 2072 2073 2096 2095 
1901 2073 2074 2097 2096 
1902 2074 2075 2098 2097 
1903 2075 2076 2099 2098 
1904 2076 2077 2100 2099 
1905 2077 2078 2101 2100 
1906 2078 2079 2102 2101 
1907 2079 2080 2103 2102 
1908 2080 304 305 2103 
1909 174 2081 2104 175 
1910 2081 2082 2105 2104 
1911 2082 2083 2106 2105 
1912 2083 2084 2107 2106 
1913 2084 2085 2108 2107 
1914 2085 2086 2109 2108 
1915 2086 2087 2110 2109 
1916 2087 2088 2111 2110 
1917 2088 2089 2112 2111 
1918 2089 2090 2113 2112 
1919 2090 2091 2114 2113 
1920 2091 2092 2115 2114 
1921 2092 2093 2116 2115 
1922 2093 2094 2117 2116 
1923 2094 2095 2118 2117 
1924 2095 2096 2119 2118 
1925 2096 2097 2120 2119 
1926 2097 2098 2121 2120 
1927 2098 2099 2122 2121 
1928 2099 2100 2123 2122 
1929 2100 2101 2124 2123 
1930 2101 2102 2125 2124 
1931 2102 2103 2126 2125 
1932 2103 305 306 2126 
1933 175 2104 2127 176 
1934 2104 2105 2128 2127 
1935 2105 2106 2129 2128 
1936 2106 2107 2130 2129 
1937 2107 2108 2131 2130 
1938 2108 2109 2132 2131 
1939 2109 2110 2133 2132 
1940 2110 2111 2134 2133 
1941 2111 2112 2135 2134 
1942 2112 2113 2136 2135 
1943 2113 2114 2137 2136 
1944 2114 2115 2138 2137 
1945 2115 2116 2139 2138 
1946 2116 2117 2140 2139 
1947 2117 2118 2141 2140 
1948 2118 2119 2142 2141 
1949 2119 2120 2143 2142 
1950 2120 2121 2144 2143 
1951 2121 2122 2145 2144 
1952 2122 2123 2146 2145 
1953 2123 2124 2147 2146 
1954 2124 2125 2148 2147 
1955 2125 2126 2149 2148 
1956 2126 306 307 2149 
1957 176 2127 2150 177 
1958 2127 2128 2151 2150 
1959 2128 2129 2152 2151 
1960 2129 2130 2153 2152 
1961 2130 2131 2154 2153 
1962 2131 2132 2155 2154 
1963 2132 2133 2156 2155 
1964 2133 2134 2157 2156 
1965 2134 2135 2158 2157 
1966 2135 2136 2159 2158 
1967 2136 2137 2160 2159 
1968 2137 2138 2161 2160 
1969 2138 2139 2162 2161 
1970 2139 2140 2163 2162 
1971 2140 2141 2164 2163 
1972 2141 2142 2165 2164 
1973 2142 2143 2166 2165 
1974 2143 2144 2167 2166 
1975 2144 2145 2168 2167 
1976 2145 2146 2169 2168 
1977 2146 2147 2170 2169 
1978 2147 2148 2171 2170 
1979 2148 2149 2172 2171 
1980 2149 307 308 2172 
1981 177 2150 2173 178 
1982 2150 2151 2174 2173 
1983 2151 2152 2175 2174 
1984 2152 2153 2176 2175 
1985 2153 2154 2177 2176 
1986 2154 2155 2178 2177 
1987 2155 2156 2179 2178 
1988 2156 2157 2180 2179 
1989 2157 2158 2181 2180 
1990 2158 2159 2182 2181 
1991 2159 2160 2183 2182 
1992 2160 2161 2184 2183 
1993 2161 2162 2185 2184 
1994 2162 2163 2186 2185 
1995 2163 2164 2187 2186 
1996 2164 2165 2188 2187 
1997 2165 2166 2189 2188 
1998 2166 2167 2190 2189 
1999 2167 2168 2191 2190 
2000 2168 2169 2192 2191 
2001 2169 2170 2193 2192 
2002 2170 2171 2194 2193 
2003 2171 2172 2195 2194 
2004 2172 308 309 2195 
2005 178 2173 2196 179 
2006 2173 2174 2197 2196 
2007 2174 2175 2198 2197 
2008 2175 2176 2199 2198 
2009 2176 2177 2200 2199 
2010 2177 2178 2201 2200 
2011 2178 2179 2202 2201 
2012 2179 2180 2203 2202 
2013 2180 2181 2204 2203 
2014 2181 2182 2205 2204 
2015 2182 2183 2206 2205 
2016 2183 2184 2207 2206 
2017 2184 2185 2208 2207 
2018 2185 2186 2209 2208 
2019 2186 2187 2210 2209 
2020 2187 2188 2211 2210 
2021 2188 2189 2212 2211 
2022 2189 2190 2213 2212 
2023 2190 2191 2214 2213 
2024 2191 2192 2215 2214 
2025 2192 2193 2216 2215 
2026 2193 2194 2217 2216 
2027 2194 2195 2218 2217 
2028 2195 309 310 2218 
2029 179 2196 2219 180 
2030 2196 2197 2220 2219 
2031 2197 2198 2221 2220 
2032 2198 2199 2222 2221 
2033 2199 2200 2223 2222 
2034 2200 2201 2224 2223 
2035 2201 2202 2225 2224 
2036 2202 2203 2226 2225 
2037 2203 2204 2227 2226 
2038 2204 2205 2228 2227 
2039 2205 2206 2229 2228 
2040 2206 2207 2230 2229 
2041 2207 2208 2231 2230 
2042 2208 2209 2232 2231 
2043 2209 2210 2233 2232 
2044 2210 2211 2234 2233 
2045 2211 2212 2235 2234 
2046 2212 2213 2236 2235 
2047 2213 2214 2237 2236 
2048 2214 2215 2238 2237 
2049 2215 2216 2239 2238 
2050 2216 2217 2240 2239 
2051 2217 2218 2241 2240 
2052 2218 310 311 2241 
2053 180 2219 2242 181 
2054 2219 2220 2243 2242 
2055 2220 2221 2244 2243 
2056 2221 2222 2245 2244 
2057 2222 2223 2246 2245 
2058 2223 2224 2247 2246 
2059 2224 2225 2248 2247 
2060 2225 2226 2249 2248 
2061 2226 2227 2250 2249 
2062 2227 2228 2251 2250 
2063 2228 2229 2252 2251 
2064 2229 2230 2253 2252 
2065 2230 2231 2254 2253 
2066 2231 2232 2255 2254 
2067 2232 2233 2256 2255 
2068 2233 2234 2257 2256 
2069 2234 2235 2258 2257 
2070 2235 2236 2259 2258 
2071 2236 2237 2260 2259 
2072 2237 2238 2261 2260 
2073 2238 2239 2262 2261 
2074 2239 2240 2263 2262 
2075 2240 2241 2264 2263 
2076 2241 311 312 2264 
2077 181 2242 2265 182 
2078 2242 2243 2266 2265 
2079 2243 2244 2267 2266 
2080 2244 2245 2268 2267 
2081 2245 2246 2269 2268 
2082 2246 2247 2270 2269 
2083 2247 2248 2271 2270 
2084 2248 2249 2272 2271 
2085 2249 2250 2273 2272 
2086 2250 2251 2274 2273 
2087 2251 2252 2275 2274 
2088 2252 2253 2276 2275 
2089 2253 2254 2277 2276 
2090 2254 2255 2278 2277 
2091 2255 2256 2279 2278 
2092 2256 2257 2280 2279 
2093 2257 2258 2281 2280 
2094 2258 2259 2282 2281 
2095 2259 2260 2283 2282 
2096 2260 2261 2284 2283 
2097 2261 2262 2285 2284 
2098 2262 2263 2286 2285 
2099 2263 2264 2287 2286 
2100 2264 312 313 2287 
2101 182 2265 2288 183 
2102 2265 2266 2289 2288 
2103 2266 2267 2290 2289 
2104 2267 2268 2291 2290 
2105 2268 2269 2292 2291 
2106 2269 2270 2293 2292 
2107 2270 2271 2294 2293 
2108 2271 2272 2295 2294 
2109 2272 2273 2296 2295 
2110 2273 2274 2297 2296 
2111 2274 2275 2298 2297 
2112 2275 2276 2299 2298 
2113 2276 2277 2300 2299 
2114 2277 2278 2301 2300 
2115 2278 2279 2302 2301 
2116 2279 2280 2303 2302 
2117 2280 2281 2304 2303 
2118 2281 2282 2305 2304 
2119 2282 2283 2306 2305 
2120 2283 2284 2307 2306 
2121 2284 2285 2308 2307 
2122 2285 2286 2309 2308 
2123 2286 2287 2310 2309 
2124 2287 313 314 2310 
2125 183 2288 2311 184 
2126 2288 2289 2312 2311 
2127 2289 2290 2313 2312 
2128 2290 2291 2314 2313 
2129 2291 2292 2315 2314 
2130 2292 2293 2316 2315 
2131 2293 2294 2317 2316 
2132 2294 2295 2318 2317 
2133 2295 2296 2319 2318 
2134 2296 2297 2320 2319 
2135 2297 2298 2321 2320 
2136 2298 2299 2322 2321 
2137 2299 2300 2323 2322 
2138 2300 2301 2324 2323 
2139 2301 2302 2325 2324 
2140 2302 2303 2326 2325 
2141 2303 2304 2327 2326 
2142 2304 2305 2328 2327 
2143 2305 2306 2329 2328 
2144 2306 2307 2330 2329 
2145 2307 2308 2331 2330 
2146 2308 2309 2332 2331 
2147 2309 2310 2333 2332 
2148 2310 314 315 2333 
2149 184 2311 2334 185 
2150 2311 2312 2335 2334 
2151 2312 2313 2336 2335 
2152 2313 2314 2337 2336 
2153 2314 2315 2338 2337 
2154 2315 2316 2339 2338 
2155 2316 2317 2340 2339 
2156 2317 2318 2341 2340 
2157 2318 2319 2342 2341 
2158 2319 2320 2343 2342 
2159 2320 2321 2344 2343 
2160 2321 2322 2345 2344 
2161 2322 2323 2346 2345 
2162 2323 2324 2347 2346 
2163 2324 2325 2348 2347 
2164 2325 2326 2349 2348 
2165 2326 2327 2350 2349 
2166 2327 2328 2351 2350 
2167 2328 2329 2352 2351 
2168 2329 2330 2353 2352 
2169 2330 2331 2354 2353 
2170 2331 2332 2355 2354 
2171 2332 2333 2356 2355 
2172 2333 315 316 2356 
2173 185 2334 2357 186 
2174 2334 2335 2358 2357 
2175 2335 2336 2359 2358 
2176 2336 2337 2360 2359 
2177 2337 2338 2361 2360 
2178 2338 2339 2362 2361 
2179 2339 2340 2363 2362 
2180 2340 2341 2364 2363 
2181 2341 2342 2365 2364 
2182 2342 2343 2366 2365 
2183 2343 2344 2367 2366 
2184 2344 2345 2368 2367 
2185 2345 2346 2369 2368 
2186 2346 2347 2370 2369 
2187 2347 2348 2371 2370 
2188 2348 2349 2372 2371 
2189 2349 2350 2373 2372 
2190 2350 2351 2374 2373 
2191 2351 2352 2375 2374 
2192 2352 2353 2376 2375 
2193 2353 2354 2377 2376 
2194 2354 2355 2378 2377 
2195 2355 2356 2379 2378 
2196 2356 316 317 2379 
2197 186 2357 2380 187 
2198 2357 2358 2381 2380 
2199 2358 2359 2382 2381 
2200 2359 2360 2383 2382 
2201 2360 2361 2384 2383 
2202 2361 2362 2385 2384 
2203 2362 2363 2386 2385 
2204 2363 2364 2387 2386 
2205 2364 2365 2388 2387 
2206 2365 2366 2389 2388 
2207 2366 2367 2390 2389 
2208 2367 2368 2391 2390 
2209 2368 2369 2392 2391 
2210 2369 2370 2393 2392 
2211 2370 2371 2394 2393 
2212 2371 2372 2395 2394 
2213 2372 2373 2396 2395 
2214 2373 2374 2397 2396 
2215 2374 2375 2398 2397 
2216 2375 2376 2399 2398 
2217 2376 2377 2400 2399 
2218 2377 2378 2401 2400 
2219 2378 2379 2402 2401 
2220 2379 317 318 2402 
2221 187 2380 2403 188 
2222 2380 2381 2404 2403 
2223 2381 2382 2405 2404 
2224 2382 2383 2406 2405 
2225 2383 2384 2407 2406 
2226 2384 2385 2408 2407 
2227 2385 2386 2409 2408 
2228 2386 2387 2410 2409 
2229 2387 2388 2411 2410 
2230 2388 2389 2412 2411 
2231 2389 2390 2413 2412 
2232 2390 2391 2414 2413 
2233 2391 2392 2415 2414 
2234 2392 2393 2416 2415 
2235 2393 2394 2417 2416 
2236 2394 2395 2418 2417 
2237 2395 2396 2419 2418 
2238 2396 2397 2420 2419 
2239 2397 2398 2421 2420 
2240 2398 2399 2422 2421 
2241 2399 2400 2423 2422 
2242 2400 2401 2424 2423 
2243 2401 2402 2425 2424 
2244 2402 318 319 2425 
2245 188 2403 2426 189 
2246 2403 2404 2427 2426 
2247 2404 2405 2428 2427 
2248 2405 2406 2429 2428 
2249 2406 2407 2430 2429 
2250 2407 2408 2431 2430 
2251 2408 2409 2432 2431 
2252 2409 2410 2433 2432 
2253 2410 2411 2434 2433 
2254 2411 2412 2435 2434 
2255 2412 2413 2436 2435 
2256 2413 2414 2437 2436 
2257 2414 2415 2438 2437 
2258 2415 2416 2439 2438 
2259 2416 2417 2440 2439 
2260 2417 2418 2441 2440 
2261 2418 2419 2442 2441 
2262 2419 2420 2443 2442 
2263 2420 2421 2444 2443 
2264 2421 2422 2445 2444 
2265 2422 2423 2446 2445 
2266 2423 2424 2447 2446 
2267 2424 2425 2448 2447 
2268 2425 319 320 2448 
2269 189 2426 2449 190 
2270 2426 2427 2450 2449 
2271 2427 2428 2451 2450 
2272 2428 2429 2452 2451 
2273 2429 2430 2453 2452 
2274 2430 2431 2454 2453 
2275 2431 2432 2455 2454 
2276 2432 2433 2456 2455 
2277 2433 2434 2457 2456 
2278 2434 2435 2458 2457 
2279 2435 2436 2459 2458 
2280 2436 2437 2460 2459 
2281 2437 2438 2461 2460 
2282 2438 2439 2462 2461 
2283 2439 2440 2463 2462 
2284 2440 2441 2464 2463 
2285 2441 2442 2465 2464 
2286 2442 2443 2466 2465 
2287 2443 2444 2467 2466 
2288 2444 2445 2468 2467 
2289 2445 2446 2469 2468 
2290 2446 2447 2470 2469 
2291 2447 2448 2471 2470 
2292 2448 320 321 2471 
2293 190 2449 2472 191 
2294 2449 2450 2473 2472 
2295 2450 2451 2474 2473 
2296 2451 2452 2475 2474 
2297 2452 2453 2476 2475 
2298 2453 2454 2477 2476 
2299 2454 2455 2478 2477 
2300 2455 2456 2479 2478 
2301 2456 2457 2480 2479 
2302 2457 2458 2481 2480 
2303 2458 2459 2482 2481 
2304 2459 2460 2483 2482 
2305 2460 2461 2484 2483 
2306 2461 2462 2485 2484 
2307 2462 2463 2486 2485 
2308 2463 2464 2487 2486 
2309 2464 2465 2488 2487 
2310 2465 2466 2489 2488 
2311 2466 2467 2490 2489 
2312 2467 2468 2491 2490 
2313 2468 2469 2492 2491 
2314 2469 2470 2493 2492 
2315 2470 2471 2494 2493 
2316 2471 321 322 2494 
2317 191 2472 2495 192 
2318 2472 2473 2496 2495 
2319 2473 2474 2497 2496 
2320 2474 2475 2498 2497 
2321 2475 2476 2499 2498 
2322 2476 2477 2500 2499 
2323 2477 2478 2501 2500 
2324 2478 2479 2502 2501 
2325 2479 2480 2503 2502 
2326 2480 2481 2504 2503 
2327 2481 2482 2505 2504 
2328 2482 2483 2506 2505 
2329 2483 2484 2507 2506 
2330 2484 2485 2508 2507 
2331 2485 2486 2509 2508 
2332 2486 2487 2510 2509 
2333 2487 2488 2511 2510 
2334 2488 2489 2512 2511 
2335 2489 2490 2513 2512 
2336 2490 2491 2514 2513 
2337 2491 2492 2515 2514 
2338 2492 2493 2516 2515 
2339 2493 2494 2517 2516 
2340 2494 322 323 2517 
2341 192 2495 2518 193 
2342 2495 2496 2519 2518 
2343 2496 2497 2520 2519 
2344 2497 2498 2521 2520 
2345 2498 2499 2522 2521 
2346 2499 2500 2523 2522 
2347 2500 2501 2524 2523 
2348 2501 2502 2525 2524 
2349 2502 2503 2526 2525 
2350 2503 2504 2527 2526 
2351 2504 2505 2528 2527 
2352 2505 2506 2529 2528 
2353 2506 2507 2530 2529 
2354 2507 2508 2531 2530 
2355 2508 2509 2532 2531 
2356 2509 2510 2533 2532 
2357 2510 2511 2534 2533 
2358 2511 2512 2535 2534 
2359 2512 2513 2536 2535 
2360 2513 2514 2537 2536 
2361 2514 2515 2538 2537 
2362 2515 2516 2539 2538 
2363 2516 2517 2540 2539 
2364 2517 323 324 2540 
2365 193 2518 2541 194 
2366 2518 2519 2542 2541 
2367 2519 2520 2543 2542 
2368 2520 2521 2544 2543 
2369 2521 2522 2545 2544 
2370 2522 2523 2546 2545 
2371 2523 2524 2547 2546 
2372 2524 2525 2548 2547 
2373 2525 2526 2549 2548 
2374 2526 2527 2550 2549 
2375 2527 2528 2551 2550 
2376 2528 2529 2552 2551 
2377 2529 2530 2553 2552 
2378 2530 2531 2554 2553 
2379 2531 2532 2555 2554 
2380 2532 2533 2556 2555 
2381 2533 2534 2557 2556 
2382 2534 2535 2558 2557 
2383 2535 2536 2559 2558 
2384 2536 2537 2560 2559 
2385 2537 2538 2561 2560 
2386 2538 2539 2562 2561 
2387 2539 2540 2563 2562 
2388 2540 324 325 2563 
2389 194 2541 2564 195 
2390 2541 2542 2565 2564 
2391 2542 2543 2566 2565 
2392 2543 2544 2567 2566 
2393 2544 2545 2568 2567 
2394 2545 2546 2569 2568 
2395 2546 2547 2570 2569 
2396 2547 2548 2571 2570 
2397 2548 2549 2572 2571 
2398 2549 2550 2573 2572 
2399 2550 2551 2574 2573 
2400 2551 2552 2575 2574 
2401 2552 2553 2576 2575 
2402 2553 2554 2577 2576 
2403 2554 2555 2578 2577 
2404 2555 2556 2579 2578 
2405 2556 2557 2580 2579 
2406 2557 2558 2581 2580 
2407 2558 2559 2582 2581 
2408 2559 2560 2583 2582 
2409 2560 2561 2584 2583 
2410 2561 2562 2585 2584 
2411 2562 2563 2586 2585 
2412 2563 325 326 2586 
2413 195 2564 2587 196 
2414 2564 2565 2588 2587 
2415 2565 2566 2589 2588 
2416 2566 2567 2590 2589 
2417 2567 2568 2591 2590 
2418 2568 2569 2592 2591 
2419 2569 2570 2593 2592 
2420 2570 2571 2594 2593 
2421 2571 2572 2595 2594 
2422 2572 2573 2596 2595 
2423 2573 2574 2597 2596 
2424 2574 2575 2598 2597 
2425 2575 2576 2599 2598 
2426 2576 2577 2600 2599 
2427 2577 2578 2601 2600 
2428 2578 2579 2602 2601 
2429 2579 2580 2603 2602 
2430 2580 2581 2604 2603 
2431 2581 2582 2605 2604 
2432 2582 2583 2606 2605 
2433 2583 2584 2607 2606 
2434 2584 2585 2608 2607 
2435 2585 2586 2609 2608 
2436 2586 326 327 2609 
2437 196 2587 2610 197 
2438 2587 2588 2611 2610 
2439 2588 2589 2612 2611 
2440 2589 2590 2613 2612 
2441 2590 2591 2614 2613 
2442 2591 2592 2615 2614 
2443 2592 2593 2616 2615 
2444 2593 2594 2617 2616 
2445 2594 2595 2618 2617 
2446 2595 2596 2619 2618 
2447 2596 2597 2620 2619 
2448 2597 2598 2621 2620 
2449 2598 2599 2622 2621 
2450 2599 2600 2623 2622 
2451 2600 2601 2624 2623 
2452 2601 2602 2625 2624 
2453 2602 2603 2626 2625 
2454 2603 2604 2627 2626 
2455 2604 2605 2628 2627 
2456 2605 2606 2629 2628 
2457 2606 2607 2630 2629 
2458 2607 2608 2631 2630 
2459 2608 2609 2632 2631 
2460 2609 327 328 2632 
2461 197 2610 2633 198 
2462 2610 2611 2634 2633 
2463 2611 2612 2635 2634 
2464 2612 2613 2636 2635 
2465 2613 2614 2637 2636 
2466 2614 2615 2638 2637 
2467 2615 2616 2639 2638 
2468 2616 2617 2640 2639 
2469 2617 2618 2641 2640 
2470 2618 2619 2642 2641 
2471 2619 2620 2643 2642 
2472 2620 2621 2644 2643 
2473 2621 2622 2645 2644 
2474 2622 2623 2646 2645 
2475 2623 2624 2647 2646 
2476 2624 2625 2648 2647 
2477 2625 2626 2649 2648 
2478 2626 2627 2650 2649 
2479 2627 2628 2651 2650 
2480 2628 2629 2652 2651 
2481 2629 2630 2653 2652 
2482 2630 2631 2654 2653 
2483 2631 2632 2655 2654 
2484 2632 328 329 2655 
2485 198 2633 2656 199 
2486 2633 2634 2657 2656 
2487 2634 2635 2658 2657 
2488 2635 2636 2659 2658 
2489 2636 2637 2660 2659 
2490 2637 2638 2661 2660 
2491 2638 2639 2662 2661 
2492 2639 2640 2663 2662 
2493 2640 2641 2664 2663 
2494 2641 2642 2665 2664 
2495 2642 2643 2666 2665 
2496 2643 2644 2667 2666 
2497 2644 2645 2668 2667 
2498 2645 2646 2669 2668 
2499 2646 2647 2670 2669 
2500 2647 2648 2671 2670 
2501 2648 2649 2672 2671 
2502 2649 2650 2673 2672 
2503 2650 2651 2674 2673 
2504 2651 2652 2675 2674 
2505 2652 2653 2676 2675 
2506 2653 2654 2677 2676 
2507 2654 2655 2678 2677 
2508 2655 329 330 2678 
2509 199 2656 2679 200 
2510 2656 2657 2680 2679 
2511 2657 2658 2681 2680 
2512 2658 2659 2682 2681 
2513 2659 2660 2683 2682 
2514 2660 2661 2684 2683 
2515 2661 2662 2685 2684 
2516 2662 2663 2686 2685 
2517 2663 2664 2687 2686 
2518 2664 2665 2688 2687 
2519 2665 2666 2689 2688 
2520 2666 2667 2690 2689 
2521 2667 2668 2691 2690 
2522 2668 2669 2692 2691 
2523 2669 2670 2693 2692 
2524 2670 2671 2694 2693 
2525 2671 2672 2695 2694 
2526 2672 2673 2696 2695 
2527 2673 2674 2697 2696 
2528 2674 2675 2698 2697 
2529 2675 2676 2699 2698 
2530 2676 2677 2700 2699 
2531 2677 2678 2701 2700 
2532 2678 330 331 2701 
2533 200 2679 2702 201 
2534 2679 2680 2703 2702 
2535 2680 2681 2704 2703 
2536 2681 2682 2705 2704 
2537 2682 2683 2706 2705 
2538 2683 2684 2707 2706 
2539 2684 2685 2708 2707 
2540 2685 2686 2709 2708 
2541 2686 2687 2710 2709 
2542 2687 2688 2711 2710 
2543 2688 2689 2712 2711 
2544 2689 2690 2713 2712 
2545 2690 2691 2714 2713 
2546 2691 2692 2715 2714 
2547 2692 2693 2716 2715 
2548 2693 2694 2717 2716 
2549 2694 2695 2718 2717 
2550 2695 2696 2719 2718 
2551 2696 2697 2720 2719 
2552 2697 2698 2721 2720 
2553 2698 2699 2722 2721 
2554 2699 2700 2723 2722 
2555 2700 2701 2724 2723 
2556 2701 331 332 2724 
2557 201 2702 2725 202 
2558 2702 2703 2726 2725 
2559 2703 2704 2727 2726 
2560 2704 2705 2728 2727 
2561 2705 2706 2729 2728 
2562 2706 2707 2730 2729 
2563 2707 2708 2731 2730 
2564 2708 2709 2732 2731 
2565 2709 2710 2733 2732 
2566 2710 2711 2734 2733 
2567 2711 2712 2735 2734 
2568 2712 2713 2736 2735 
2569 2713 2714 2737 2736 
2570 2714 2715 2738 2737 
2571 2715 2716 2739 2738 
2572 2716 2717 2740 2739 
2573 2717 2718 2741 2740 
2574 2718 2719 2742 2741 
2575 2719 2720 2743 2742 
2576 2720 2721 2744 2743 
2577 2721 2722 2745 2744 
2578 2722 2723 2746 2745 
2579 2723 2724 2747 2746 
2580 2724 332 333 2747 
2581 202 2725 2748 203 
2582 2725 2726 2749 2748 
2583 2726 2727 2750 2749 
2584 2727 2728 2751 2750 
2585 2728 2729 2752 2751 
2586 2729 2730 2753 2752 
2587 2730 2731 2754 2753 
2588 2731 2732 2755 2754 
2589 2732 2733 2756 2755 
2590 2733 2734 2757 2756 
2591 2734 2735 2758 2757 
2592 2735 2736 2759 2758 
2593 2736 2737 2760 2759 
2594 2737 2738 2761 2760 
2595 2738 2739 2762 2761 
2596 2739 2740 2763 2762 
2597 2740 2741 2764 2763 
2598 2741 2742 2765 2764 
2599 2742 2743 2766 2765 
2600 2743 2744 2767 2766 
2601 2744 2745 2768 2767 
2602 2745 2746 2769 2768 
2603 2746 2747 2770 2769 
2604 2747 333 334 2770 
2605 203 2748 2771 204 
2606 2748 2749 2772 2771 
2607 2749 2750 2773 2772 
2608 2750 2751 2774 2773 
2609 2751 2752 2775 2774 
2610 2752 2753 2776 2775 
2611 2753 2754 2777 2776 
2612 2754 2755 2778 2777 
2613 2755 2756 2779 2778 
2614 2756 2757 2780 2779 
2615 2757 2758 2781 2780 
2616 2758 2759 2782 2781 
2617 2759 2760 2783 2782 
2618 2760 2761 2784 2783 
2619 2761 2762 2785 2784 
2620 2762 2763 2786 2785 
2621 2763 2764 2787 2786 
2622 2764 2765 2788 2787 
2623 2765 2766 2789 2788 
2624 2766 2767 2790 2789 
2625 2767 2768 2791 2790 
2626 2768 2769 2792 2791 
2627 2769 2770 2793 2792 
2628 2770 334 335 2793 
2629 204 2771 2794 205 
2630 2771 2772 2795 2794 
2631 2772 2773 2796 2795 
2632 2773 2774 2797 2796 
2633 2774 2775 2798 2797 
2634 2775 2776 2799 2798 
2635 2776 2777 2800 2799 
2636 2777 2778 2801 2800 
2637 2778 2779 2802 2801 
2638 2779 2780 2803 2802 
2639 2780 2781 2804 2803 
2640 2781 2782 2805 2804 
2641 2782 2783 2806 2805 
2642 2783 2784 2807 2806 
2643 2784 2785 2808 2807 
2644 2785 2786 2809 2808 
2645 2786 2787 2810 2809 
2646 2787 2788 2811 2810 
2647 2788 2789 2812 2811 
2648 2789 2790 2813 2812 
2649 2790 2791 2814 2813 
2650 2791 2792 2815 2814 
2651 2792 2793 2816 2815 
2652 2793 335 336 2816 
2653 205 2794 2817 206 
2654 2794 2795 2818 2817 
2655 2795 2796 2819 2818 
2656 2796 2797 2820 2819 
2657 2797 2798 2821 2820 
2658 2798 2799 2822 2821 
2659 2799 2800 2823 2822 
2660 2800 2801 2824 2823 
2661 2801 2802 2825 2824 
2662 2802 2803 2826 2825 
2663 2803 2804 2827 2826 
2664 2804 2805 2828 2827 
2665 2805 2806 2829 2828 
2666 2806 2807 2830 2829 
2667 2807 2808 2831 2830 
2668 2808 2809 2832 2831 
2669 2809 2810 2833 2832 
2670 2810 2811 2834 2833 
2671 2811 2812 2835 2834 
2672 2812 2813 2836 2835 
2673 2813 2814 2837 2836 
2674 2814 2815 2838 2837 
2675 2815 2816 2839 2838 
2676 2816 336 337 2839 
2677 206 2817 2840 207 
2678 2817 2818 2841 2840 
2679 2818 2819 2842 2841 
2680 2819 2820 2843 2842 
2681 2820 2821 2844 2843 
2682 2821 2822 2845 2844 
2683 2822 2823 2846 2845 
2684 2823 2824 2847 2846 
2685 2824 2825 2848 2847 
2686 2825 2826 2849 2848 
2687 2826 2827 2850 2849 
2688 2827 2828 2851 2850 
2689 2828 2829 2852 2851 
2690 2829 2830 2853 2852 
2691 2830 2831 2854 2853 
2692 2831 2832 2855 2854 
2693 2832 2833 2856 2855 
2694 2833 2834 2857 2856 
2695 2834 2835 2858 2857 
2696 2835 2836 2859 2858 
2697 2836 2837 2860 2859 
2698 2837 2838 2861 2860 
2699 2838 2839 2862 2861 
2700 2839 337 338 2862 
2701 207 2840 2863 208 
2702 2840 2841 2864 2863 
2703 2841 2842 2865 2864 
2704 2842 2843 2866 2865 
2705 2843 2844 2867 2866 
2706 2844 2845 2868 2867 
2707 2845 2846 2869 2868 
2708 2846 2847 2870 2869 
2709 2847 2848 2871 2870 
2710 2848 2849 2872 2871 
2711 2849 2850 2873 2872 
2712 2850 2851 2874 2873 
2713 2851 2852 2875 2874 
2714 2852 2853 2876 2875 
2715 2853 2854 2877 2876 
2716 2854 2855 2878 2877 
2717 2855 2856 2879 2878 
2718 2856 2857 2880 2879 
2719 2857 2858 2881 2880 
2720 2858 2859 2882 2881 
2721 2859 2860 2883 2882 
2722 2860 2861 2884 2883 
2723 2861 2862 2885 2884 
2724 2862 338 339 2885 
2725 208 2863 2886 209 
2726 2863 2864 2887 2886 
2727 2864 2865 2888 2887 
2728 2865 2866 2889 2888 
2729 2866 2867 2890 2889 
2730 2867 2868 2891 2890 
2731 2868 2869 2892 2891 
2732 2869 2870 2893 2892 
2733 2870 2871 2894 2893 
2734 2871 2872 2895 2894 
2735 2872 2873 2896 2895 
2736 2873 2874 2897 2896 
2737 2874 2875 2898 2897 
2738 2875 2876 2899 2898 
2739 2876 2877 2900 2899 
2740 2877 2878 2901 2900 
2741 2878 2879 2902 2901 
2742 2879 2880 2903 2902 
2743 2880 2881 2904 2903 
2744 2881 2882 2905 2904 
2745 2882 2883 2906 2905 
2746 2883 2884 2907 2906 
2747 2884 2885 2908 2907 
2748 2885 339 340 2908 
2749 209 2886 232 56 
2750 2886 2887 231 232 
2751 2887 2888 230 231 
2752 2888 2889 229 230 
2753 2889 2890 228 229 
2754 2890 2891 227 228 
2755 2891 2892 226 227 
2756 2892 2893 225 226 
2757 2893 2894 224 225 
2758 2894 2895 223 224 
2759 2895 2896 222 223 
2760 2896 2897 221 222 
2761 2897 2898 220 221 
2762 2898 2899 219 220 
2763 2899 2900 218 219 
2764 2900 2901 217 218 
2765 2901 2902 216 217 
2766 2902 2903 215 216 
2767 2903 2904 214 215 
2768 2904 2905 213 214 
2769 2905 2906 212 213 
2770 2906 2907 211 212 
2771 2907 2908 210 211 
2772 2908 340 54 210 
2 6 3 2064
2773 34 35 2909 127 
2774 35 36 2910 2909 
2775 36 37 2911 2910 
2776 37 38 2912 2911 
2777 38 39 2913 2912 
2778 39 40 2914 2913 
2779 40 41 2915 2914 
2780 41 42 2916 2915 
2781 42 43 2917 2916 
2782 43 44 2918 2917 
2783 44 45 2919 2918 
2784 45 46 2920 2919 
2785 46 47 2921 2920 
2786 47 48 2922 2921 
2787 48 49 2923 2922 
2788 49 50 2924 2923 
2789 50 1 2925 2924 
2790 1 142 2926 2925 
2791 142 143 2927 2926 
2792 143 144 2928 2927 
2793 144 145 2929 2928 
2794 145 146 2930 2929 
2795 146 147 2931 2930 
2796 147 148 2932 2931 
2797 148 149 2933 2932 
2798 149 150 2934 2933 
2799 150 151 2935 2934 
2800 151 152 2936 2935 
2801 152 153 2937 2936 
2802 153 154 2938 2937 
2803 154 155 2939 2938 
2804 155 156 2940 2939 
2805 156 157 2941 2940 
2806 157 158 2942 2941 
2807 158 159 2943 2942 
2808 159 160 2944 2943 
2809 160 161 2945 2944 
2810 161 162 2946 2945 
2811 162 163 2947 2946 
2812 163 164 2948 2947 
2813 164 165 2949 2948 
2814 165 166 2950 2949 
2815 166 167 2951 2950 
2816 167 168 2952 2951 
2817 168 169 2953 2952 
2818 169 170 2954 2953 
2819 170 171 2955 2954 
2820 171 172 2956 2955 
2821 172 173 2957 2956 
2822 173 174 2958 2957 
2823 174 175 2959 2958 
2824 175 176 2960 2959 
2825 176 177 2961 2960 
2826 177 178 2962 2961 
2827 178 179 2963 2962 
2828 179 180 2964 2963 
2829 180 181 2965 2964 
2830 181 182 2966 2965 
2831 182 183 2967 2966 
2832 183 184 2968 2967 
2833 184 185 2969 2968 
2834 185 186 2970 2969 
2835 186 187 2971 2970 
2836 187 188 2972 2971 
2837 188 189 2973 2972 
2838 189 190 2974 2973 
2839 190 191 2975 2974 
2840 191 192 2976 2975 
2841 192 193 2977 2976 
2842 193 194 2978 2977 
2843 194 195 2979 2978 
2844 195 196 2980 2979 
2845 196 197 2981 2980 
2846 197 198 2982 2981 
2847 198 199 2983 2982 
2848 199 200 2984 2983 
2849 200 201 2985 2984 
2850 201 202 2986 2985 
2851 202 203 2987 2986 
2852 203 204 2988 2987 
2853 204 205 2989 2988 
2854 205 206 2990 2989 
2855 206 207 2991 2990 
2856 207 208 2992 2991 
2857 208 209 2993 2992 
2858 209 56 255 2993 
2859 127 2909 2994 126 
2860 2909 2910 2995 2994 
2861 2910 2911 2996 2995 
2862 2911 2912 2997 2996 
2863 2912 2913 2998 2997 
2864 2913 2914 2999 2998 
2865 2914 2915 3000 2999 
2866 2915 2916 3001 3000 
2867 2916 2917 3002 3001 
2868 2917 2918 3003 3002 
2869 2918 2919 3004 3003 
2870 2919 2920 3005 3004 
2871 2920 2921 3006 3005 
2872 2921 2922 3007 3006 
2873 2922 2923 3008 3007 
2874 2923 2924 3009 3008 
2875 2924 2925 3010 3009 
2876 2925 2926 3011 3010 
2877 2926 2927 3012 3011 
2878 2927 2928 3013 3012 
2879 2928 2929 3014 3013 
2880 2929 2930 3015 3014 
2881 2930 2931 3016 3015 
2882 2931 2932 3017 3016 
2883 2932 2933 3018 3017 
2884 2933 2934 3019 3018 
2885 2934 2935 3020 3019 
2886 2935 2936 3021 3020 
2887 2936 2937 3022 3021 
2888 2937 2938 3023 3022 
2889 2938 2939 3024 3023 
2890 2939 2940 3025 3024 
2891 2940 2941 3026 3025 
2892 2941 2942 3027 3026 
2893 2942 2943 3028 3027 
2894 2943 2944 3029 3028 
2895 2944 2945 3030 3029 
2896 2945 2946 3031 3030 
2897 2946 2947 3032 3031 
2898 2947 2948 3033 3032 
2899 2948 2949 3034 3033 
2900 2949 2950 3035 3034 
2901 2950 2951 3036 3035 
2902 2951 2952 3037 3036 
2903 2952 2953 3038 3037 
2904 2953 2954 3039 3038 
2905 2954 2955 3040 3039 
2906 2955 2956 3041 3040 
2907 2956 2957 3042 3041 
2908 2957 2958 3043 3042 
2909 2958 2959 3044 3043 
2910 2959 2960 3045 3044 
2911 2960 2961 3046 3045 
2912 2961 2962 3047 3046 
2913 2962 2963 3048 3047 
2914 2963 2964 3049 3048 
2915 2964 2965 3050 3049 
2916 2965 2966 3051 3050 
2917 2966 2967 3052 3051 
2918 2967 2968 3053 3052 
2919 2968 2969 3054 3053 
2920 2969 2970 3055 3054 
2921 2970 2971 3056 3055 
2922 2971 2972 3057 3056 
2923 2972 2973 3058 3057 
2924 2973 2974 3059 3058 
2925 2974 2975 3060 3059 
2926 2975 2976 3061 3060 
2927 2976 2977 3062 3061 
2928 2977 2978 3063 3062 
2929 2978 2979 3064 3063 
2930 2979 2980 3065 3064 
2931 2980 2981 3066 3065 
2932 2981 2982 3067 3066 
2933 2982 2983 3068 3067 
2934 2983 2984 3069 3068 
2935 2984 2985 3070 3069 
2936 2985 2986 3071 3070 
2937 2986 2987 3072 3071 
2938 2987 2988 3073 3072 
2939 2988 2989 3074 3073 
2940 2989 2990 3075 3074 
2941 2990 2991 3076 3075 
2942 2991 2992 3077 3076 
2943 2992 2993 3078 3077 
2944 2993 255 254 3078 
2945 126 2994 3079 125 
2946 2994 2995 3080 3079 
2947 2995 2996 3081 3080 
2948 2996 2997 3082 3081 
2949 2997 2998 3083 3082 
2950 2998 2999 3084 3083 
2951 2999 3000 3085 3084 
2952 3000 3001 3086 3085 
2953 3001 3002 3087 3086 
2954 3002 3003 3088 3087 
2955 3003 3004 3089 3088 
2956 3004 3005 3090 3089 
2957 3005 3006 3091 3090 
2958 3006 3007 3092 3091 
2959 3007 3008 3093 3092 
2960 3008 3009 3094 3093 
2961 3009 3010 3095 3094 
2962 3010 3011 3096 3095 
2963 3011 3012 3097 3096 
2964 3012 3013 3098 3097 
2965 3013 3014 3099 3098 
2966 3014 3015 3100 3099 
2967 3015 3016 3101 3100 
2968 3016 3017 3102 3101 
2969 3017 3018 3103 3102 
2970 3018 3019 3104 3103 
2971 3019 3020 3105 3104 
2972 3020 3021 3106 3105 
2973 3021 3022 3107 3106 
2974 3022 3023 3108 3107 
2975 3023 3024 3109 3108 
2976 3024 3025 3110 3109 
2977 3025 3026 3111 3110 
2978 3026 3027 3112 3111 
2979 3027 3028 3113 3112 
2980 3028 3029 3114 3113 
2981 3029 3030 3115 3114 
2982 3030 3031 3116 3115 
2983 3031 3032 3117 3116 
2984 3032 3033 3118 3117 
2985 3033 3034 3119 3118 
2986 3034 3035 3120 3119 
2987 3035 3036 3121 3120 
2988 3036 3037 3122 3121 
2989 3037 3038 3123 3122 
2990 3038 3039 3124 3123 
2991 3039 3040 3125 3124 
2992 3040 3041 3126 3125 
2993 3041 3042 3127 3126 
2994 3042 3043 3128 3127 
2995 3043 3044 3129 3128 
2996 3044 3045 3130 3129 
2997 3045 3046 3131 3130 
2998 3046 3047 3132 3131 
2999 3047 3048 3133 3132 
3000 3048 3049 3134 3133 
3001 3049 3050 3135 3134 
3002 3050 3051 3136 3135 
3003 3051 3052 3137 3136 
3004 3052 3053 3138 3137 
3005 3053 3054 3139 3138 
3006 3054 3055 3140 3139 
3007 3055 3056 3141 3140 
3008 3056 3057 3142 3141 
3009 3057 3058 3143 3142 
3010 3058 3059 3144 3143 
3011 3059 3060 3145 3144 
3012 3060 3061 3146 3145 
3013 3061 3062 3147 3146 
3014 3062 3063 3148 3147 
3015 3063 3064 3149 3148 
3016 3064 3065 3150 3149 
3017 3065 3066 3151 3150 
3018 3066 3067 3152 3151 
3019 3067 3068 3153 3152 
3020 3068 3069 3154 3153 
3021 3069 3070 3155 3154 
3022 3070 3071 3156 3155 
3023 3071 3072 3157 3156 
3024 3072 3073 3158 3157 
3025 3073 3074 3159 3158 
3026 3074 3075 3160 3159 
3027 3075 3076 3161 3160 
3028 3076 3077 3162 3161 
3029 3077 3078 3163 3162 
3030 3078 254 253 3163 
3031 125 3079 3164 124 
3032 3079 3080 3165 3164 
3033 3080 3081 3166 3165 
3034 3081 3082 3167 3166 
3035 3082 3083 3168 3167 
3036 3083 3084 3169 3168 
3037 3084 3085 3170 3169 
3038 3085 3086 3171 3170 
3039 3086 3087 3172 3171 
3040 3087 3088 3173 3172 
3041 3088 3089 3174 3173 
3042 3089 3090 3175 3174 
3043 3090 3091 3176 3175 
3044 3091 3092 3177 3176 
3045 3092 3093 3178 3177 
3046 3093 3094 3179 3178 
3047 3094 3095 3180 3179 
3048 3095 3096 3181 3180 
3049 3096 3097 3182 3181 
3050 3097 3098 3183 3182 
3051 3098 3099 3184 3183 
3052 3099 3100 3185 3184 
3053 3100 3101 3186 3185 
3054 3101 3102 3187 3186 
3055 3102 3103 3188 3187 
3056 3103 3104 3189 3188 
3057 3104 3105 3190 3189 
3058 3105 3106 3191 3190 
3059 3106 3107 3192 3191 
3060 3107 3108 3193 3192 
3061 3108 3109 3194 3193 
3062 3109 3110 3195 3194 
3063 3110 3111 3196 3195 
3064 3111 3112 3197 3196 
3065 3112 3113 3198 3197 
3066 3113 3114 3199 3198 
3067 3114 3115 3200 3199 
3068 3115 3116 3201 3200 
3069 3116 3117 3202 3201 
3070 3117 3118 3203 3202 
3071 3118 3119 3204 3203 
3072 3119 3120 3205 3204 
3073 3120 3121 3206 3205 
3074 3121 3122 3207 3206 
3075 3122 3123 3208 3207 
3076 3123 3124 3209 3208 
3077 3124 3125 3210 3209 
3078 3125 3126 3211 3210 
3079 3126 3127 3212 3211 
3080 3127 3128 3213 3212 
3081 3128 3129 3214 3213 
3082 3129 3130 3215 3214 
3083 3130 3131 3216 3215 
3084 3131 3132 3217 3216 
3085 3132 3133 3218 3217 
3086 3133 3134 3219 3218 
3087 3134 3135 3220 3219 
3088 3135 3136 3221 3220 
3089 3136 3137 3222 3221 
3090 3137 3138 3223 3222 
3091 3138 3139 3224 3223 
3092 3139 3140 3225 3224 
3093 3140 3141 3226 3225 
3094 3141 3142 3227 3226 
3095 3142 3143 3228 3227 
3096 3143 3144 3229 3228 
3097 3144 3145 3230 3229 
3098 3145 3146 3231 3230 
3099 3146 3147 3232 3231 
3100 3147 3148 3233 3232 
3101 3148 3149 3234 3233 
3102 3149 3150 3235 3234 
3103 3150 3151 3236 3235 
3104 3151 3152 3237 3236 
3105 3152 3153 3238 3237 
3106 3153 3154 3239 3238 
3107 3154 3155 3240 3239 
3108 3155 3156 3241 3240 
3109 3156 3157 3242 3241 
3110 3157 3158 3243 3242 
3111 3158 3159 3244 3243 
3112 3159 3160 3245 3244 
3113 3160 3161 3246 3245 
3114 3161 3162 3247 3246 
3115 3162 3163 3248 3247 
3116 3163 253 252 3248 
3117 124 3164 3249 123 
3118 3164 3165 3250 3249 
3119 3165 3166 3251 3250 
3120 3166 3167 3252 3251 
3121 3167 3168 3253 3252 
3122 3168 3169 3254 3253 
3123 3169 3170 3255 3254 
3124 3170 3171 3256 3255 
3125 3171 3172 3257 3256 
3126 3172 3173 3258 3257 
3127 3173 3174 3259 3258 
3128 3174 3175 3260 3259 
3129 3175 3176 3261 3260 
3130 3176 3177 3262 3261 
3131 3177 3178 3263 3262 
3132 3178 3179 3264 3263 
3133 3179 3180 3265 3264 
3134 3180 3181 3266 3265 
3135 3181 3182 3267 3266 
3136 3182 3183 3268 3267 
3137 3183 3184 3269 3268 
3138 3184 3185 3270 3269 
3139 3185 3186 3271 3270 
3140 3186 3187 3272 3271 
3141 3187 3188 3273 3272 
3142 3188 3189 3274 3273 
3143 3189 3190 3275 3274 
3144 3190 3191 3276 3275 
3145 3191 3192 3277 3276 
3146 3192 3193 3278 3277 
3147 3193 3194 3279 3278 
3148 3194 3195 3280 3279 
3149 3195 3196 3281 3280 
3150 3196 3197 3282 3281 
3151 3197 3198 3283 3282 
3152 3198 3199 3284 3283 
3153 3199 3200 3285 3284 
3154 3200 3201 3286 3285 
3155 3201 3202 3287 3286 
3156 3202 3203 3288 3287 
3157 3203 3204 3289 3288 
3158 3204 3205 3290 3289 
3159 3205 3206 3291 3290 
3160 3206 3207 3292 3291 
3161 3207 3208 3293 3292 
3162 3208 3209 3294 3293 
3163 3209 3210 3295 3294 
3164 3210 3211 3296 3295 
3165 3211 3212 3297 3296 
3166 3212 3213 3298 3297 
3167 3213 3214 3299 3298 
3168 3214 3215 3300 3299 
3169 3215 3216 3301 3300 
3170 3216 3217 3302 3301 
3171 3217 3218 3303 3302 
3172 3218 3219 3304 3303 
3173 3219 3220 3305 3304 
3174 3220 3221 3306 3305 
3175 3221 3222 3307 3306 
3176 3222 3223 3308 3307 
3177 3223 3224 3309 3308 
3178 3224 3225 3310 3309 
3179 3225 3226 3311 3310 
3180 3226 3227 3312 3311 
3181 3227 3228 3313 3312 
3182 3228 3229 3314 3313 
3183 3229 3230 3315 3314 
3184 3230 3231 3316 3315 
3185 3231 3232 3317 3316 
3186 3232 3233 3318 3317 
3187 3233 3234 3319 3318 
3188 3234 3235 3320 3319 
3189 3235 3236 3321 3320 
3190 3236 3237 3322 3321 
3191 3237 3238 3323 3322 
3192 3238 3239 3324 3323 
3193 3239 3240 3325 3324 
3194 3240 3241 3326 3325 
3195 3241 3242 3327 3326 
3196 3242 3243 3328 3327 
3197 3243 3244 3329 3328 
3198 3244 3245 3330 3329 
3199 3245 3246 3331 3330 
3200 3246 3247 3332 3331 
3201 3247 3248 3333 3332 
3202 3248 252 251 3333 
3203 123 3249 3334 122 
3204 3249 3250 3335 3334 
3205 3250 3251 3336 3335 
3206 3251 3252 3337 3336 
3207 3252 3253 3338 3337 
3208 3253 3254 3339 3338 
3209 3254 3255 3340 3339 
3210 3255 3256 3341 3340 
3211 3256 3257 3342 3341 
3212 3257 3258 3343 3342 
3213 3258 3259 3344 3343 
3214 3259 3260 3345 3344 
3215 3260 3261 3346 3345 
3216 3261 3262 3347 3346 
3217 3262 3263 3348 3347 
3218 3263 3264 3349 3348 
3219 3264 3265 3350 3349 
3220 3265 3266 3351 3350 
3221 3266 3267 3352 3351 
3222 3267 3268 3353 3352 
3223 3268 3269 3354 3353 
3224 3269 3270 3355 3354 
3225 3270 3271 3356 3355 
3226 3271 3272 3357 3356 
3227 3272 3273 3358 3357 
3228 3273 3274 3359 3358 
3229 3274 3275 3360 3359 
3230 3275 3276 3361 3360 
3231 3276 3277 3362 3361 
3232 3277 3278 3363 3362 
3233 3278 3279 3364 3363 
3234 3279 3280 3365 3364 
3235 3280 3281 3366 3365 
3236 3281 3282 3367 3366 
3237 3282 3283 3368 3367 
3238 3283 3284 3369 3368 
3239 3284 3285 3370 3369 
3240 3285 3286 3371 3370 
3241 3286 3287 3372 3371 
3242 3287 3288 3373 3372 
3243 3288 3289 3374 3373 
3244 3289 3290 3375 3374 
3245 3290 3291 3376 3375 
3246 3291 3292 3377 3376 
3247 3292 3293 3378 3377 
3248 3293 3294 3379 3378 
3249 3294 3295 3380 3379 
3250 3295 3296 3381 3380 
3251 3296 3297 3382 3381 
3252 3297 3298 3383 3382 
3253 3298 3299 3384 3383 
3254 3299 3300 3385 3384 
3255 3300 3301 3386 3385 
3256 3301 3302 3387 3386 
3257 3302 3303 3388 3387 
3258 3303 3304 3389 3388 
3259 3304 3305 3390 3389 
3260 3305 3306 3391 3390 
3261 3306 3307 3392 3391 
3262 3307 3308 3393 3392 
3263 3308 3309 3394 3393 
3264 3309 3310 3395 3394 
3265 3310 3311 3396 3395 
3266 3311 3312 3397 3396 
3267 3312 3313 3398 3397 
3268 3313 3314 3399 3398 
3269 3314 3315 3400 3399 
3270 3315 3316 3401 3400 
3271 3316 3317 3402 3401 
3272 3317 3318 3403 3402 
3273 3318 3319 3404 3403 
3274 3319 3320 3405 3404 
3275 3320 3321 3406 3405 
3276 3321 3322 3407 3406 
3277 3322 3323 3408 3407 
3278 3323 3324 3409 3408 
3279 3324 3325 3410 3409 
3280 3325 3326 3411 3410 
3281 3326 3327 3412 3411 
3282 3327 3328 3413 3412 
3283 3328 3329 3414 3413 
3284 3329 3330 3415 3414 
3285 3330 3331 3416 3415 
3286 3331 3332 3417 3416 
3287 3332 3333 3418 3417 
3288 3333 251 250 3418 
3289 122 3334 3419 121 
3290 3334 3335 3420 3419 
3291 3335 3336 3421 3420 
3292 3336 3337 3422 3421 
3293 3337 3338 3423 3422 
3294 3338 3339 3424 3423 
3295 3339 3340 3425 3424 
3296 3340 3341 3426 3425 
3297 3341 3342 3427 3426 
3298 3342 3343 3428 3427 
3299 3343 3344 3429 3428 
3300 3344 3345 3430 3429 
3301 3345 3346 3431 3430 
3302 3346 3347 3432 3431 
3303 3347 3348 3433 3432 
3304 3348 3349 3434 3433 
3305 3349 3350 3435 3434 
3306 3350 3351 3436 3435 
3307 3351 3352 3437 3436 
3308 3352 3353 3438 3437 
3309 3353 3354 3439 3438 
3310 3354 3355 3440 3439 
3311 3355 3356 3441 3440 
3312 3356 3357 3442 3441 
3313 3357 3358 3443 3442 
3314 3358 3359 3444 3443 
3315 3359 3360 3445 3444 
3316 3360 3361 3446 3445 
3317 3361 3362 3447 3446 
3318 3362 3363 3448 3447 
3319 3363 3364 3449 3448 
3320 3364 3365 3450 3449 
3321 3365 3366 3451 3450 
3322 3366 3367 3452 3451 
3323 3367 3368 3453 3452 
3324 3368 3369 3454 3453 
3325 3369 3370 3455 3454 
3326 3370 3371 3456 3455 
3327 3371 3372 3457 3456 
3328 3372 3373 3458 3457 
3329 3373 3374 3459 3458 
3330 3374 3375 3460 3459 
3331 3375 3376 3461 3460 
3332 3376 3377 3462 3461 
3333 3377 3378 3463 3462 
3334 3378 3379 3464 3463 
3335 3379 3380 3465 3464 
3336 3380 3381 3466 3465 
3337 3381 3382 3467 3466 
3338 3382 3383 3468 3467 
3339 3383 3384 3469 3468 
3340 3384 3385 3470 3469 
3341 3385 3386 3471 3470 
3342 3386 3387 3472 3471 
3343 3387 3388 3473 3472 
3344 3388 3389 3474 3473 
3345 3389 3390 3475 3474 
3346 3390 3391 3476 3475 
3347 3391 3392 3477 3476 
3348 3392 3393 3478 3477 
3349 3393 3394 3479 3478 
3350 3394 3395 3480 3479 
3351 3395 3396 3481 3480 
3352 3396 3397 3482 3481 
3353 3397 3398 3483 3482 
3354 3398 3399 3484 3483 
3355 3399 3400 3485 3484 
3356 3400 3401 3486 3485 
3357 3401 3402 3487 3486 
3358 3402 3403 3488 3487 
3359 3403 3404 3489 3488 
3360 3404 3405 3490 3489 
3361 3405 3406 3491 3490 
3362 3406 3407 3492 3491 
3363 3407 3408 3493 3492 
3364 3408 3409 3494 3493 
3365 3409 3410 3495 3494 
3366 3410 3411 3496 3495 
3367 3411 3412 3497 3496 
3368 3412 3413 3498 3497 
3369 3413 3414 3499 3498 
3370 3414 3415 3500 3499 
3371 3415 3416 3501 3500 
3372 3416 3417 3502 3501 
3373 3417 3418 3503 3502 
3374 3418 250 249 3503 
3375 121 3419 3504 120 
3376 3419 3420 3505 3504 
3377 3420 3421 3506 3505 
3378 3421 3422 3507 3506 
3379 3422 3423 3508 3507 
3380 3423 3424 3509 3508 
3381 3424 3425 3510 3509 
3382 3425 3426 3511 3510 
3383 3426 3427 3512 3511 
3384 3427 3428 3513 3512 
3385 3428 3429 3514 3513 
3386 3429 3430 3515 3514 
3387 3430 3431 3516 3515 
3388 3431 3432 3517 3516 
3389 3432 3433 3518 3517 
3390 3433 3434 3519 3518 
3391 3434 3435 3520 3519 
3392 3435 3436 3521 3520 
3393 3436 3437 3522 3521 
3394 3437 3438 3523 3522 
3395 3438 3439 3524 3523 
3396 3439 3440 3525 3524 
3397 3440 3441 3526 3525 
3398 3441 3442 3527 3526 
3399 3442 3443 3528 3527 
3400 3443 3444 3529 3528 
3401 3444 3445 3530 3529 
3402 3445 3446 3531 3530 
3403 3446 3447 3532 3531 
3404 3447 3448 3533 3532 
3405 3448 3449 3534 3533 
3406 3449 3450 3535 3534 
3407 3450 3451 3536 3535 
3408 3451 3452 3537 3536 
3409 3452 3453 3538 3537 
3410 3453 3454 3539 3538 
3411 3454 3455 3540 3539 
3412 3455 3456 3541 3540 
3413 3456 3457 3542 3541 
3414 3457 3458 3543 3542 
3415 3458 3459 3544 3543 
3416 3459 3460 3545 3544 
3417 3460 3461 3546 3545 
3418 3461 3462 3547 3546 
3419 3462 3463 3548 3547 
3420 3463 3464 3549 3548 
3421 3464 3465 3550 3549 
3422 3465 3466 3551 3550 
3423 3466 3467 3552 3551 
3424 3467 3468 3553 3552 
3425 3468 3469 3554 3553 
3426 3469 3470 3555 3554 
3427 3470 3471 3556 3555 
3428 3471 3472 3557 3556 
3429 3472 3473 3558 3557 
3430 3473 3474 3559 3558 
3431 3474 3475 3560 3559 
3432 3475 3476 3561 3560 
3433 3476 3477 3562 3561 
3434 3477 3478 3563 3562 
3435 3478 3479 3564 3563 
3436 3479 3480 3565 3564 
3437 3480 3481 3566 3565 
3438 3481 3482 3567 3566 
3439 3482 3483 3568 3567 
3440 3483 3484 3569 3568 
3441 3484 3485 3570 3569 
3442 3485 3486 3571 3570 
3443 3486 3487 3572 3571 
3444 3487 3488 3573 3572 
3445 3488 3489 3574 3573 
3446 3489 3490 3575 3574 
3447 3490 3491 3576 3575 
3448 3491 3492 3577 3576 
3449 3492 3493 3578 3577 
3450 3493 3494 3579 3578 
3451 3494 3495 3580 3579 
3452 3495 3496 3581 3580 
3453 3496 3497 3582 3581 
3454 3497 3498 3583 3582 
3455 3498 3499 3584 3583 
3456 3499 3500 3585 3584 
3457 3500 3501 3586 3585 
3458 3501 3502 3587 3586 
3459 3502 3503 3588 3587 
3460 3503 249 248 3588 
3461 120 3504 3589 119 
3462 3504 3505 3590 3589 
3463 3505 3506 3591 3590 
3464 3506 3507 3592 3591 
3465 3507 3508 3593 3592 
3466 3508 3509 3594 3593 
3467 3509 3510 3595 3594 
3468 3510 3511 3596 3595 
3469 3511 3512 3597 3596 
3470 3512 3513 3598 3597 
3471 3513 3514 3599 3598 
3472 3514 3515 3600 3599 
3473 3515 3516 3601 3600 
3474 3516 3517 3602 3601 
3475 3517 3518 3603 3602 
3476 3518 3519 3604 3603 
3477 3519 3520 3605 3604 
3478 3520 3521 3606 3605 
3479 3521 3522 3607 3606 
3480 3522 3523 3608 3607 
3481 3523 3524 3609 3608 
3482 3524 3525 3610 3609 
3483 3525 3526 3611 3610 
3484 3526 3527 3612 3611 
3485 3527 3528 3613 3612 
3486 3528 3529 3614 3613 
3487 3529 3530 3615 3614 
3488 3530 3531 3616 3615 
3489 3531 3532 3617 3616 
3490 3532 3533 3618 3617 
3491 3533 3534 3619 3618 
3492 3534 3535 3620 3619 
3493 3535 3536 3621 3620 
3494 3536 3537 3622 3621 
3495 3537 3538 3623 3622 
3496 3538 3539 3624 3623 
3497 3539 3540 3625 3624 
3498 3540 3541 3626 3625 
3499 3541 3542 3627 3626 
3500 3542 3543 3628 3627 
3501 3543 3544 3629 3628 
3502 3544 3545 3630 3629 
3503 3545 3546 3631 3630 
3504 3546 3547 3632 3631 
3505 3547 3548 3633 3632 
3506 3548 3549 3634 3633 
3507 3549 3550 3635 3634 
3508 3550 3551 3636 3635 
3509 3551 3552 3637 3636 
3510 3552 3553 3638 3637 
3511 3553 3554 3639 3638 
3512 3554 3555 3640 3639 
3513 3555 3556 3641 3640 
3514 3556 3557 3642 3641 
3515 3557 3558 3643 3642 
3516 3558 3559 3644 3643 
3517 3559 3560 3645 3644 
3518 3560 3561 3646 3645 
3519 3561 3562 3647 3646 
3520 3562 3563 3648 3647 
3521 3563 3564 3649 3648 
3522 3564 3565 3650 3649 
3523 3565 3566 3651 3650 
3524 3566 3567 3652 3651 
3525 3567 3568 3653 3652 
3526 3568 3569 3654 3653 
3527 3569 3570 3655 3654 
3528 3570 3571 3656 3655 
3529 3571 3572 3657 3656 
3530 3572 3573 3658 3657 
3531 3573 3574 3659 3658 
3532 3574 3575 3660 3659 
3533 3575 3576 3661 3660 
3534 3576 3577 3662 3661 
3535 3577 3578 3663 3662 
3536 3578 3579 3664 3663 
3537 3579 3580 3665 3664 
3538 3580 3581 3666 3665 
3539 3581 3582 3667 3666 
3540 3582 3583 3668 3667 
3541 3583 3584 3669 3668 
3542 3584 3585 3670 3669 
3543 3585 3586 3671 3670 
3544 3586 3587 3672 3671 
3545 3587 3588 3673 3672 
3546 3588 248 247 3673 
3547 119 3589 3674 118 
3548 3589 3590 3675 3674 
3549 3590 3591 3676 3675 
3550 3591 3592 3677 3676 
3551 3592 3593 3678 3677 
3552 3593 3594 3679 3678 
3553 3594 3595 3680 3679 
3554 3595 3596 3681 3680 
3555 3596 3597 3682 3681 
3556 3597 3598 3683 3682 
3557 3598 3599 3684 3683 
3558 3599 3600 3685 3684 
3559 3600 3601 3686 3685 
3560 3601 3602 3687 3686 
3561 3602 3603 3688 3687 
3562 3603 3604 3689 3688 
3563 3604 3605 3690 3689 
3564 3605 3606 3691 3690 
3565 3606 3607 3692 3691 
3566 3607 3608 3693 3692 
3567 3608 3609 3694 3693 
3568 3609 3610 3695 3694 
3569 3610 3611 3696 3695 
3570 3611 3612 3697 3696 
3571 3612 3613 3698 3697 
3572 3613 3614 3699 3698 
3573 3614 3615 3700 3699 
3574 3615 3616 3701 3700 
3575 3616 3617 3702 3701 
3576 3617 3618 3703 3702 
3577 3618 3619 3704 3703 
3578 3619 3620 3705 3704 
3579 3620 3621 3706 3705 
3580 3621 3622 3707 3706 
3581 3622 3623 3708 3707 
3582 3623 3624 3709 3708 
3583 3624 3625 3710 3709 
3584 3625 3626 3711 3710 
3585 3626 3627 3712 3711 
3586 3627 3628 3713 3712 
3587 3628 3629 3714 3713 
3588 3629 3630 3715 3714 
3589 3630 3631 3716 3715 
3590 3631 3632 3717 3716 
3591 3632 3633 3718 3717 
3592 3633 3634 3719 3718 
3593 3634 3635 3720 3719 
3594 3635 3636 3721 3720 
3595 3636 3637 3722 3721 
3596 3637 3638 3723 3722 
3597 3638 3639 3724 3723 
3598 3639 3640 3725 3724 
3599 3640 3641 3726 3725 
3600 3641 3642 3727 3726 
3601 3642 3643 3728 3727 
3602 3643 3644 3729 3728 
3603 3644 3645 3730 3729 
3604 3645 3646 3731 3730 
3605 3646 3647 3732 3731 
3606 3647 3648 3733 3732 
3607 3648 3649 3734 3733 
3608 3649 3650 3735 3734 
3609 3650 3651 3736 3735 
3610 3651 3652 3737 3736 
3611 3652 3653 3738 3737 
3612 3653 3654 3739 3738 
3613 3654 3655 3740 3739 
3614 3655 3656 3741 3740 
3615 3656 3657 3742 3741 
3616 3657 3658 3743 3742 
3617 3658 3659 3744 3743 
3618 3659 3660 3745 3744 
3619 3660 3661 3746 3745 
3620 3661 3662 3747 3746 
3621 3662 3663 3748 3747 
3622 3663 3664 3749 3748 
3623 3664 3665 3750 3749 
3624 3665 3666 3751 3750 
3625 3666 3667 3752 3751 
3626 3667 3668 3753 3752 
3627 3668 3669 3754 3753 
3628 3669 3670 3755 3754 
3629 3670 3671 3756 3755 
3630 3671 3672 3757 3756 
3631 3672 3673 3758 3757 
3632 3673 247 246 3758 
3633 118 3674 3759 117 
3634 3674 3675 3760 3759 
3635 3675 3676 3761 3760 
3636 3676 3677 3762 3761 
3637 3677 3678 3763 3762 
3638 3678 3679 3764 3763 
3639 3679 3680 3765 3764 
3640 3680 3681 3766 3765 
3641 3681 3682 3767 3766 
3642 3682 3683 3768 3767 
3643 3683 3684 3769 3768 
3644 3684 3685 3770 3769 
3645 3685 3686 3771 3770 
3646 3686 3687 3772 3771 
3647 3687 3688 3773 3772 
3648 3688 3689 3774 3773 
3649 3689 3690 3775 3774 
3650 3690 3691 3776 3775 
3651 3691 3692 3777 3776 
3652 3692 3693 3778 3777 
3653 3693 3694 3779 3778 
3654 3694 3695 3780 3779 
3655 3695 3696 3781 3780 
3656 3696 3697 3782 3781 
3657 3697 3698 3783 3782 
3658 3698 3699 3784 3783 
3659 3699 3700 3785 3784 
3660 3700 3701 3786 3785 
3661 3701 3702 3787 3786 
3662 3702 3703 3788 3787 
3663 3703 3704 3789 3788 
3664 3704 3705 3790 3789 
3665 3705 3706 3791 3790 
3666 3706 3707 3792 3791 
3667 3707 3708 3793 3792 
3668 3708 3709 3794 3793 
3669 3709 3710 3795 3794 
3670 3710 3711 3796 3795 
3671 3711 3712 3797 3796 
3672 3712 3713 3798 3797 
3673 3713 3714 3799 3798 
3674 3714 3715 3800 3799 
3675 3715 3716 3801 3800 
3676 3716 3717 3802 3801 
3677 3717 3718 3803 3802 
3678 3718 3719 3804 3803 
3679 3719 3720 3805 3804 
3680 3720 3721 3806 3805 
3681 3721 3722 3807 3806 
3682 3722 3723 3808 3807 
3683 3723 3724 3809 3808 
3684 3724 3725 3810 3809 
3685 3725 3726 3811 3810 
3686 3726 3727 3812 3811 
3687 3727 3728 3813 3812 
3688 3728 3729 3814 3813 
3689 3729 3730 3815 3814 
3690 3730 3731 3816 3815 
3691 3731 3732 3817 3816 
3692 3732 3733 3818 3817 
3693 3733 3734 3819 3818 
3694 3734 3735 3820 3819 
3695 3735 3736 3821 3820 
3696 3736 3737 3822 3821 
3697 3737 3738 3823 3822 
3698 3738 3739 3824 3823 
3699 3739 3740 3825 3824 
3700 3740 3741 3826 3825 
3701 3741 3742 3827 3826 
3702 3742 3743 3828 3827 
3703 3743 3744 3829 3828 
3704 3744 3745 3830 3829 
3705 3745 3746 3831 3830 
3706 3746 3747 3832 3831 
3707 3747 3748 3833 3832 
3708 3748 3749 3834 3833 
3709 3749 3750 3835 3834 
3710 3750 3751 3836 3835 
3711 3751 3752 3837 3836 
3712 3752 3753 3838 3837 
3713 3753 3754 3839 3838 
3714 3754 3755 3840 3839 
3715 3755 3756 3841 3840 
3716 3756 3757 3842 3841 
3717 3757 3758 3843 3842 
3718 3758 246 245 3843 
3719 117 3759 3844 116 
3720 3759 3760 3845 3844 
3721 3760 3761 3846 3845 
3722 3761 3762 3847 3846 
3723 3762 3763 3848 3847 
3724 3763 3764 3849 3848 
3725 3764 3765 3850 3849 
3726 3765 3766 3851 3850 
3727 3766 3767 3852 3851 
3728 3767 3768 3853 3852 
3729 3768 3769 3854 3853 
3730 3769 3770 3855 3854 
3731 3770 3771 3856 3855 
3732 3771 3772 3857 3856 
3733 3772 3773 3858 3857 
3734 3773 3774 3859 3858 
3735 3774 3775 3860 3859 
3736 3775 3776 3861 3860 
3737 3776 3777 3862 3861 
3738 3777 3778 3863 3862 
3739 3778 3779 3864 3863 
3740 3779 3780 3865 3864 
3741 3780 3781 3866 3865 
3742 3781 3782 3867 3866 
3743 3782 3783 3868 3867 
3744 3783 3784 3869 3868 
3745 3784 3785 3870 3869 
3746 3785 3786 3871 3870 
3747 3786 3787 3872 3871 
3748 3787 3788 3873 3872 
3749 3788 3789 3874 3873 
3750 3789 3790 3875 3874 
3751 3790 3791 3876 3875 
3752 3791 3792 3877 3876 
3753 3792 3793 3878 3877 
3754 3793 3794 3879 3878 
3755 3794 3795 3880 3879 
3756 3795 3796 3881 3880 
3757 3796 3797 3882 3881 
3758 3797 3798 3883 3882 
3759 3798 3799 3884 3883 
3760 3799 3800 3885 3884 
3761 3800 3801 3886 3885 
3762 3801 3802 3887 3886 
3763 3802 3803 3888 3887 
3764 3803 3804 3889 3888 
3765 3804 3805 3890 3889 
3766 3805 3806 3891 3890 
3767 3806 3807 3892 3891 
3768 3807 3808 3893 3892 
3769 3808 3809 3894 3893 
3770 3809 3810 3895 3894 
3771 3810 3811 3896 3895 
3772 3811 3812 3897 3896 
3773 3812 3813 3898 3897 
3774 3813 3814 3899 3898 
3775 3814 3815 3900 3899 
3776 3815 3816 3901 3900 
3777 3816 3817 3902 3901 
3778 3817 3818 3903 3902 
3779 3818 3819 3904 3903 
3780 3819 3820 3905 3904 
3781 3820 3821 3906 3905 
3782 3821 3822 3907 3906 
3783 3822 3823 3908 3907 
3784 3823 3824 3909 3908 
3785 3824 3825 3910 3909 
3786 3825 3826 3911 3910 
3787 3826 3827 3912 3911 
3788 3827 3828 3913 3912 
3789 3828 3829 3914 3913 
3790 3829 3830 3915 3914 
3791 3830 3831 3916 3915 
3792 3831 3832 3917 3916 
3793 3832 3833 3918 3917 
3794 3833 3834 3919 3918 
3795 3834 3835 3920 3919 
3796 3835 3836 3921 3920 
3797 3836 3837 3922 3921 
3798 3837 3838 3923 3922 
3799 3838 3839 3924 3923 
3800 3839 3840 3925 3924 
3801 3840 3841 3926 3925 
3802 3841 3842 3927 3926 
3803 3842 3843 3928 3927 
3804 3843 245 244 3928 
3805 116 3844 3929 115 
3806 3844 3845 3930 3929 
3807 3845 3846 3931 3930 
3808 3846 3847 3932 3931 
3809 3847 3848 3933 3932 
3810 3848 3849 3934 3933 
3811 3849 3850 3935 3934 
3812 3850 3851 3936 3935 
3813 3851 3852 3937 3936 
3814 3852 3853 3938 3937 
3815 3853 3854 3939 3938 
3816 3854 3855 3940 3939 
3817 3855 3856 3941 3940 
3818 3856 3857 3942 3941 
3819 3857 3858 3943 3942 
3820 3858 3859 3944 3943 
3821 3859 3860 3945 3944 
3822 3860 3861 3946 3945 
3823 3861 3862 3947 3946 
3824 3862 3863 3948 3947 
3825 3863 3864 3949 3948 
3826 3864 3865 3950 3949 
3827 3865 3866 3951 3950 
3828 3866 3867 3952 3951 
3829 3867 3868 3953 3952 
3830 3868 3869 3954 3953 
3831 3869 3870 3955 3954 
3832 3870 3871 3956 3955 
3833 3871 3872 3957 3956 
3834 3872 3873 3958 3957 
3835 3873 3874 3959 3958 
3836 3874 3875 3960 3959 
3837 3875 3876 3961 3960 
3838 3876 3877 3962 3961 
3839 3877 3878 3963 3962 
3840 3878 3879 3964 3963 
3841 3879 3880 3965 3964 
3842 3880 3881 3966 3965 
3843 3881 3882 3967 3966 
3844 3882 3883 3968 3967 
3845 3883 3884 3969 3968 
3846 3884 3885 3970 3969 
3847 3885 3886 3971 3970 
3848 3886 3887 3972 3971 
3849 3887 3888 3973 3972 
3850 3888 3889 3974 3973 
3851 3889 3890 3975 3974 
3852 3890 3891 3976 3975 
3853 3891 3892 3977 3976 
3854 3892 3893 3978 3977 
3855 3893 3894 3979 3978 
3856 3894 3895 3980 3979 
3857 3895 3896 3981 3980 
3858 3896 3897 3982 3981 
3859 3897 3898 3983 3982 
3860 3898 3899 3984 3983 
3861 3899 3900 3985 3984 
3862 3900 3901 3986 3985 
3863 3901 3902 3987 3986 
3864 3902 3903 3988 3987 
3865 3903 3904 3989 3988 
3866 3904 3905 3990 3989 
3867 3905 3906 3991 3990 
3868 3906 3907 3992 3991 
3869 3907 3908 3993 3992 
3870 3908 3909 3994 3993 
3871 3909 3910 3995 3994 
3872 3910 3911 3996 3995 
3873 3911 3912 3997 3996 
3874 3912 3913 3998 3997 
3875 3913 3914 3999 3998 
3876 3914 3915 4000 3999 
3877 3915 3916 4001 4000 
3878 3916 3917 4002 4001 
3879 3917 3918 4003 4002 
3880 3918 3919 4004 4003 
3881 3919 3920 4005 4004 
3882 3920 3921 4006 4005 
3883 3921 3922 4007 4006 
3884 3922 3923 4008 4007 
3885 3923 3924 4009 4008 
3886 3924 3925 4010 4009 
3887 3925 3926 4011 4010 
3888 3926 3927 4012 4011 
3889 3927 3928 4013 4012 
3890 3928 244 243 4013 
3891 115 3929 4014 114 
3892 3929 3930 4015 4014 
3893 3930 3931 4016 4015 
3894 3931 3932 4017 4016 
3895 3932 3933 4018 4017 
3896 3933 3934 4019 4018 
3897 3934 3935 4020 4019 
3898 3935 3936 4021 4020 
3899 3936 3937 4022 4021 
3900 3937 3938 4023 4022 
3901 3938 3939 4024 4023 
3902 3939 3940 4025 4024 
3903 3940 3941 4026 4025 
3904 3941 3942 4027 4026 
3905 3942 3943 4028 4027 
3906 3943 3944 4029 4028 
3907 3944 3945 4030 4029 
3908 3945 3946 4031 4030 
3909 3946 3947 4032 4031 
3910 3947 3948 4033 4032 
3911 3948 3949 4034 4033 
3912 3949 3950 4035 4034 
3913 3950 3951 4036 4035 
3914 3951 3952 4037 4036 
3915 3952 3953 4038 4037 
3916 3953 3954 4039 4038 
3917 3954 3955 4040 4039 
3918 3955 3956 4041 4040 
3919 3956 3957 4042 4041 
3920 3957 3958 4043 4042 
3921 3958 3959 4044 4043 
3922 3959 3960 4045 4044 
3923 3960 3961 4046 4045 
3924 3961 3962 4047 4046 
3925 3962 3963 4048 4047 
3926 3963 3964 4049 4048 
3927 3964 3965 4050 4049 
3928 3965 3966 4051 4050 
3929 3966 3967 4052 4051 
3930 3967 3968 4053 4052 
3931 3968 3969 4054 4053 
3932 3969 3970 4055 4054 
3933 3970 3971 4056 4055 
3934 3971 3972 4057 4056 
3935 3972 3973 4058 4057 
3936 3973 3974 4059 4058 
3937 3974 3975 4060 4059 
3938 3975 3976 4061 4060 
3939 3976 3977 4062 4061 
3940 3977 3978 4063 4062 
3941 3978 3979 4064 4063 
3942 3979 3980 4065 4064 
3943 3980 3981 4066 4065 
3944 3981 3982 4067 4066 
3945 3982 3983 4068 4067 
3946 3983 3984 4069 4068 
3947 3984 3985 4070 4069 
3948 3985 3986 4071 4070 
3949 3986 3987 4072 4071 
3950 3987 3988 4073 4072 
3951 3988 3989 4074 4073 
3952 3989 3990 4075 4074 
3953 3990 3991 4076 4075 
3954 3991 3992 4077 4076 
3955 3992 3993 4078 4077 
3956 3993 3994 4079 4078 
3957 3994 3995 4080 4079 
3958 3995 3996 4081 4080 
3959 3996 3997 4082 4081 
3960 3997 3998 4083 4082 
3961 3998 3999 4084 4083 
3962 3999 4000 4085 4084 
3963 4000 4001 4086 4085 
3964 4001 4002 4087 4086 
3965 4002 4003 4088 4087 
3966 4003 4004 4089 4088 
3967 4004 4005 4090 4089 
3968 4005 4006 4091 4090 
3969 4006 4007 4092 4091 
3970 4007 4008 4093 4092 
3971 4008 4009 4094 4093 
3972 4009 4010 4095 4094 
3973 4010 4011 4096 4095 
3974 4011 4012 4097 4096 
3975 4012 4013 4098 4097 
3976 4013 243 242 4098 
3977 114 4014 4099 113 
3978 4014 4015 4100 4099 
3979 4015 4016 4101 4100 
3980 4016 4017 4102 4101 
3981 4017 4018 4103 4102 
3982 4018 4019 4104 4103 
3983 4019 4020 4105 4104 
3984 4020 4021 4106 4105 
3985 4021 4022 4107 4106 
3986 4022 4023 4108 4107 
3987 4023 4024 4109 4108 
3988 4024 4025 4110 4109 
3989 4025 4026 4111 4110 
3990 4026 4027 4112 4111 
3991 4027 4028 4113 4112 
3992 4028 4029 4114 4113 
3993 4029 4030 4115 4114 
3994 4030 4031 4116 4115 
3995 4031 4032 4117 4116 
3996 4032 4033 4118 4117 
3997 4033 4034 4119 4118 
3998 4034 4035 4120 4119 
3999 4035 4036 4121 4120 
4000 4036 4037 4122 4121 
4001 4037 4038 4123 4122 
4002 4038 4039 4124 4123 
4003 4039 4040 4125 4124 
4004 4040 4041 4126 4125 
4005 4041 4042 4127 4126 
4006 4042 4043 4128 4127 
4007 4043 4044 4129 4128 
4008 4044 4045 4130 4129 
4009 4045 4046 4131 4130 
4010 4046 4047 4132 4131 
4011 4047 4048 4133 4132 
4012 4048 4049 4134 4133 
4013 4049 4050 4135 4134 
4014 4050 4051 4136 4135 
4015 4051 4052 4137 4136 
4016 4052 4053 4138 4137 
4017 4053 4054 4139 4138 
4018 4054 4055 4140 4139 
4019 4055 4056 4141 4140 
4020 4056 4057 4142 4141 
4021 4057 4058 4143 4142 
4022 4058 4059 4144 4143 
4023 4059 4060 4145 4144 
4024 4060 4061 4146 4145 
4025 4061 4062 4147 4146 
4026 4062 4063 4148 4147 
4027 4063 4064 4149 4148 
4028 4064 4065 4150 4149 
4029 4065 4066 4151 4150 
4030 4066 4067 4152 4151 
4031 4067 4068 4153 4152 
4032 4068 4069 4154 4153 
4033 4069 4070 4155 4154 
4034 4070 4071 4156 4155 
4035 4071 4072 4157 4156 
4036 4072 4073 4158 4157 
4037 4073 4074 4159 4158 
4038 4074 4075 4160 4159 
4039 4075 4076 4161 4160 
4040 4076 4077 4162 4161 
4041 4077 4078 4163 4162 
4042 4078 4079 4164 4163 
4043 4079 4080 4165 4164 
4044 4080 4081 4166 4165 
4045 4081 4082 4167 4166 
4046 4082 4083 4168 4167 
4047 4083 4084 4169 4168 
4048 4084 4085 4170 4169 
4049 4085 4086 4171 4170 
4050 4086 4087 4172 4171 
4051 4087 4088 4173 4172 
4052 4088 4089 4174 4173 
4053 4089 4090 4175 4174 
4054 4090 4091 4176 4175 
4055 4091 4092 4177 4176 
4056 4092 4093 4178 4177 
4057 4093 4094 4179 4178 
4058 4094 4095 4180 4179 
4059 4095 4096 4181 4180 
4060 4096 4097 4182 4181 
4061 4097 4098 4183 4182 
4062 4098 242 241 4183 
4063 113 4099 4184 112 
4064 4099 4100 4185 4184 
4065 4100 4101 4186 4185 
4066 4101 4102 4187 4186 
4067 4102 4103 4188 4187 
4068 4103 4104 4189 4188 
4069 4104 4105 4190 4189 
4070 4105 4106 4191 4190 
4071 4106 4107 4192 4191 
4072 4107 4108 4193 4192 
4073 4108 4109 4194 4193 
4074 4109 4110 4195 4194 
4075 4110 4111 4196 4195 
4076 4111 4112 4197 4196 
4077 4112 4113 4198 4197 
4078 4113 4114 4199 4198 
4079 4114 4115 4200 4199 
4080 4115 4116 4201 4200 
4081 4116 4117 4202 4201 
4082 4117 4118 4203 4202 
4083 4118 4119 4204 4203 
4084 4119 4120 4205 4204 
4085 4120 4121 4206 4205 
4086 4121 4122 4207 4206 
4087 4122 4123 4208 4207 
4088 4123 4124 4209 4208 
4089 4124 4125 4210 4209 
4090 4125 4126 4211 4210 
4091 4126 4127 4212 4211 
4092 4127 4128 4213 4212 
4093 4128 4129 4214 4213 
4094 4129 4130 4215 4214 
4095 4130 4131 4216 4215 
4096 4131 4132 4217 4216 
4097 4132 4133 4218 4217 
4098 4133 4134 4219 4218 
4099 4134 4135 4220 4219 
4100 4135 4136 4221 4220 
4101 4136 4137 4222 4221 
4102 4137 4138 4223 4222 
4103 4138 4139 4224 4223 
4104 4139 4140 4225 4224 
4105 4140 4141 4226 4225 
4106 4141 4142 4227 4226 
4107 4142 4143 4228 4227 
4108 4143 4144 4229 4228 
4109 4144 4145 4230 4229 
4110 4145 4146 4231 4230 
4111 4146 4147 4232 4231 
4112 4147 4148 4233 4232 
4113 4148 4149 4234 4233 
4114 4149 4150 4235 4234 
4115 4150 4151 4236 4235 
4116 4151 4152 4237 4236 
4117 4152 4153 4238 4237 
4118 4153 4154 4239 4238 
4119 4154 4155 4240 4239 
4120 4155 4156 4241 4240 
4121 4156 4157 4242 4241 
4122 4157 4158 4243 4242 
4123 4158 4159 4244 4243 
4124 4159 4160 4245 4244 
4125 4160 4161 4246 4245 
4126 4161 4162 4247 4246 
4127 4162 4163 4248 4247 
4128 4163 4164 4249 4248 
4129 4164 4165 4250 4249 
4130 4165 4166 4251 4250 
4131 4166 4167 4252 4251 
4132 4167 4168 4253 4252 
4133 4168 4169 4254 4253 
4134 4169 4170 4255 4254 
4135 4170 4171 4256 4255 
4136 4171 4172 4257 4256 
4137 4172 4173 4258 4257 
4138 4173 4174 4259 4258 
4139 4174 4175 4260 4259 
4140 4175 4176 4261 4260 
4141 4176 4177 4262 4261 
4142 4177 4178 4263 4262 
4143 4178 4179 4264 4263 
4144 4179 4180 4265 4264 
4145 4180 4181 4266 4265 
4146 4181 4182 4267 4266 
4147 4182 4183 4268 4267 
4148 4183 241 240 4268 
4149 112 4184 4269 111 
4150 4184 4185 4270 4269 
4151 4185 4186 4271 4270 
4152 4186 4187 4272 4271 
4153 4187 4188 4273 4272 
4154 4188 4189 4274 4273 
4155 4189 4190 4275 4274 
4156 4190 4191 4276 4275 
4157 4191 4192 4277 4276 
4158 4192 4193 4278 4277 
4159 4193 4194 4279 4278 
4160 4194 4195 4280 4279 
4161 4195 4196 4281 4280 
4162 4196 4197 4282 4281 
4163 4197 4198 4283 4282 
4164 4198 4199 4284 4283 
4165 4199 4200 4285 4284 
4166 4200 4201 4286 4285 
4167 4201 4202 4287 4286 
4168 4202 4203 4288 4287 
4169 4203 4204 4289 4288 
4170 4204 4205 4290 4289 
4171 4205 4206 4291 4290 
4172 4206 4207 4292 4291 
4173 4207 4208 4293 4292 
4174 4208 4209 4294 4293 
4175 4209 4210 4295 4294 
4176 4210 4211 4296 4295 
4177 4211 4212 4297 4296 
4178 4212 4213 4298 4297 
4179 4213 4214 4299 4298 
4180 4214 4215 4300 4299 
4181 4215 4216 4301 4300 
4182 4216 4217 4302 4301 
4183 4217 4218 4303 4302 
4184 4218 4219 4304 4303 
4185 4219 4220 4305 4304 
4186 4220 4221 4306 4305 
4187 4221 4222 4307 4306 
4188 4222 4223 4308 4307 
4189 4223 4224 4309 4308 
4190 4224 4225 4310 4309 
4191 4225 4226 4311 4310 
4192 4226 4227 4312 4311 
4193 4227 4228 4313 4312 
4194 4228 4229 4314 4313 
4195 4229 4230 4315 4314 
4196 4230 4231 4316 4315 
4197 4231 4232 4317 4316 
4198 4232 4233 4318 4317 
4199 4233 4234 4319 4318 
4200 4234 4235 4320 4319 
4201 4235 4236 4321 4320 
4202 4236 4237 4322 4321 
4203 4237 4238 4323 4322 
4204 4238 4239 4324 4323 
4205 4239 4240 4325 4324 
4206 4240 4241 4326 4325 
4207 4241 4242 4327 4326 
4208 4242 4243 4328 4327 
4209 4243 4244 4329 4328 
4210 4244 4245 4330 4329 
4211 4245 4246 4331 4330 
4212 4246 4247 4332 4331 
4213 4247 4248 4333 4332 
4214 4248 4249 4334 4333 
4215 4249 4250 4335 4334 
4216 4250 4251 4336 4335 
4217 4251 4252 4337 4336 
4218 4252 4253 4338 4337 
4219 4253 4254 4339 4338 
4220 4254 4255 4340 4339 
4221 4255 4256 4341 4340 
4222 4256 4257 4342 4341 
4223 4257 4258 4343 4342 
4224 4258 4259 4344 4343 
4225 4259 4260 4345 4344 
4226 4260 4261 4346 4345 
4227 4261 4262 4347 4346 
4228 4262 4263 4348 4347 
4229 4263 4264 4349 4348 
4230 4264 4265 4350 4349 
4231 4265 4266 4351 4350 
4232 4266 4267 4352 4351 
4233 4267 4268 4353 4352 
4234 4268 240 239 4353 
4235 111 4269 4354 110 
4236 4269 4270 4355 4354 
4237 4270 4271 4356 4355 
4238 4271 4272 4357 4356 
4239 4272 4273 4358 4357 
4240 4273 4274 4359 4358 
4241 4274 4275 4360 4359 
4242 4275 4276 4361 4360 
4243 4276 4277 4362 4361 
4244 4277 4278 4363 4362 
4245 4278 4279 4364 4363 
4246 4279 4280 4365 4364 
4247 4280 4281 4366 4365 
4248 4281 4282 4367 4366 
4249 4282 4283 4368 4367 
4250 4283 4284 4369 4368 
4251 4284 4285 4370 4369 
4252 4285 4286 4371 4370 
4253 4286 4287 4372 4371 
4254 4287 4288 4373 4372 
4255 4288 4289 4374 4373 
4256 4289 4290 4375 4374 
4257 4290 4291 4376 4375 
4258 4291 4292 4377 4376 
4259 4292 4293 4378 4377 
4260 4293 4294 4379 4378 
4261 4294 4295 4380 4379 
4262 4295 4296 4381 4380 
4263 4296 4297 4382 4381 
4264 4297 4298 4383 4382 
4265 4298 4299 4384 4383 
4266 4299 4300 4385 4384 
4267 4300 4301 4386 4385 
4268 4301 4302 4387 4386 
4269 4302 4303 4388 4387 
4270 4303 4304 4389 4388 
4271 4304 4305 4390 4389 
4272 4305 4306 4391 4390 
4273 4306 4307 4392 4391 
4274 4307 4308 4393 4392 
4275 4308 4309 4394 4393 
4276 4309 4310 4395 4394 
4277 4310 4311 4396 4395 
4278 4311 4312 4397 4396 
4279 4312 4313 4398 4397 
4280 4313 4314 4399 4398 
4281 4314 4315 4400 4399 
4282 4315 4316 4401 4400 
4283 4316 4317 4402 4401 
4284 4317 4318 4403 4402 
4285 4318 4319 4404 4403 
4286 4319 4320 4405 4404 
4287 4320 4321 4406 4405 
4288 4321 4322 4407 4406 
4289 4322 4323 4408 4407 
4290 4323 4324 4409 4408 
4291 4324 4325 4410 4409 
4292 4325 4326 4411 4410 
4293 4326 4327 4412 4411 
4294 4327 4328 4413 4412 
4295 4328 4329 4414 4413 
4296 4329 4330 4415 4414 
4297 4330 4331 4416 4415 
4298 4331 4332 4417 4416 
4299 4332 4333 4418 4417 
4300 4333 4334 4419 4418 
4301 4334 4335 4420 4419 
4302 4335 4336 4421 4420 
4303 4336 4337 4422 4421 
4304 4337 4338 4423 4422 
4305 4338 4339 4424 4423 
4306 4339 4340 4425 4424 
4307 4340 4341 4426 4425 
4308 4341 4342 4427 4426 
4309 4342 4343 4428 4427 
4310 4343 4344 4429 4428 
4311 4344 4345 4430 4429 
4312 4345 4346 4431 4430 
4313 4346 4347 4432 4431 
4314 4347 4348 4433 4432 
4315 4348 4349 4434 4433 
4316 4349 4350 4435 4434 
4317 4350 4351 4436 4435 
4318 4351 4352 4437 4436 
4319 4352 4353 4438 4437 
4320 4353 239 238 4438 
4321 110 4354 4439 109 
4322 4354 4355 4440 4439 
4323 4355 4356 4441 4440 
4324 4356 4357 4442 4441 
4325 4357 4358 4443 4442 
4326 4358 4359 4444 4443 
4327 4359 4360 4445 4444 
4328 4360 4361 4446 4445 
4329 4361 4362 4447 4446 
4330 4362 4363 4448 4447 
4331 4363 4364 4449 4448 
4332 4364 4365 4450 4449 
4333 4365 4366 4451 4450 
4334 4366 4367 4452 4451 
4335 4367 4368 4453 4452 
4336 4368 4369 4454 4453 
4337 4369 4370 4455 4454 
4338 4370 4371 4456 4455 
4339 4371 4372 4457 4456 
4340 4372 4373 4458 4457 
4341 4373 4374 4459 4458 
4342 4374 4375 4460 4459 
4343 4375 4376 4461 4460 
4344 4376 4377 4462 4461 
4345 4377 4378 4463 4462 
4346 4378 4379 4464 4463 
4347 4379 4380 4465 4464 
4348 4380 4381 4466 4465 
4349 4381 4382 4467 4466 
4350 4382 4383 4468 4467 
4351 4383 4384 4469 4468 
4352 4384 4385 4470 4469 
4353 4385 4386 4471 4470 
4354 4386 4387 4472 4471 
4355 4387 4388 4473 4472 
4356 4388 4389 4474 4473 
4357 4389 4390 4475 4474 
4358 4390 4391 4476 4475 
4359 4391 4392 4477 4476 
4360 4392 4393 4478 4477 
4361 4393 4394 4479 4478 
4362 4394 4395 4480 4479 
4363 4395 4396 4481 4480 
4364 4396 4397 4482 4481 
4365 4397 4398 4483 4482 
4366 4398 4399 4484 4483 
4367 4399 4400 4485 4484 
4368 4400 4401 4486 4485 
4369 4401 4402 4487 4486 
4370 4402 4403 4488 4487 
4371 4403 4404 4489 4488 
4372 4404 4405 4490 4489 
4373 4405 4406 4491 4490 
4374 4406 4407 4492 4491 
4375 4407 4408 4493 4492 
4376 4408 4409 4494 4493 
4377 4409 4410 4495 4494 
4378 4410 4411 4496 4495 
4379 4411 4412 4497 4496 
4380 4412 4413 4498 4497 
4381 4413 4414 4499 4498 
4382 4414 4415 4500 4499 
4383 4415 4416 4501 4500 
4384 4416 4417 4502 4501 
4385 4417 4418 4503 4502 
4386 4418 4419 4504 4503 
4387 4419 4420 4505 4504 
4388 4420 4421 4506 4505 
4389 4421 4422 4507 4506 
4390 4422 4423 4508 4507 
4391 4423 4424 4509 4508 
4392 4424 4425 4510 4509 
4393 4425 4426 4511 4510 
4394 4426 4427 4512 4511 
4395 4427 4428 4513 4512 
4396 4428 4429 4514 4513 
4397 4429 4430 4515 4514 
4398 4430 4431 4516 4515 
4399 4431 4432 4517 4516 
4400 4432 4433 4518 4517 
4401 4433 4434 4519 4518 
4402 4434 4435 4520 4519 
4403 4435 4436 4521 4520 
4404 4436 4437 4522 4521 
4405 4437 4438 4523 4522 
4406 4438 238 237 4523 
4407 109 4439 4524 108 
4408 4439 4440 4525 4524 
4409 4440 4441 4526 4525 
4410 4441 4442 4527 4526 
4411 4442 4443 4528 4527 
4412 4443 4444 4529 4528 
4413 4444 4445 4530 4529 
4414 4445 4446 4531 4530 
4415 4446 4447 4532 4531 
4416 4447 4448 4533 4532 
4417 4448 4449 4534 4533 
4418 4449 4450 4535 4534 
4419 4450 4451 4536 4535 
4420 4451 4452 4537 4536 
4421 4452 4453 4538 4537 
4422 4453 4454 4539 4538 
4423 4454 4455 4540 4539 
4424 4455 4456 4541 4540 
4425 4456 4457 4542 4541 
4426 4457 4458 4543 4542 
4427 4458 4459 4544 4543 
4428 4459 4460 4545 4544 
4429 4460 4461 4546 4545 
4430 4461 4462 4547 4546 
4431 4462 4463 4548 4547 
4432 4463 4464 4549 4548 
4433 4464 4465 4550 4549 
4434 4465 4466 4551 4550 
4435 4466 4467 4552 4551 
4436 4467 4468 4553 4552 
4437 4468 4469 4554 4553 
4438 4469 4470 4555 4554 
4439 4470 4471 4556 4555 
4440 4471 4472 4557 4556 
4441 4472 4473 4558 4557 
4442 4473 4474 4559 4558 
4443 4474 4475 4560 4559 
4444 4475 4476 4561 4560 
4445 4476 4477 4562 4561 
4446 4477 4478 4563 4562 
4447 4478 4479 4564 4563 
4448 4479 4480 4565 4564 
4449 4480 4481 4566 4565 
4450 4481 4482 4567 4566 
4451 4482 4483 4568 4567 
4452 4483 4484 4569 4568 
4453 4484 4485 4570 4569 
4454 4485 4486 4571 4570 
4455 4486 4487 4572 4571 
4456 4487 4488 4573 4572 
4457 4488 4489 4574 4573 
4458 4489 4490 4575 4574 
4459 4490 4491 4576 4575 
4460 4491 4492 4577 4576 
4461 4492 4493 4578 4577 
4462 4493 4494 4579 4578 
4463 4494 4495 4580 4579 
4464 4495 4496 4581 4580 
4465 4496 4497 4582 4581 
4466 4497 4498 4583 4582 
4467 4498 4499 4584 4583 
4468 4499 4500 4585 4584 
4469 4500 4501 4586 4585 
4470 4501 4502 4587 4586 
4471 4502 4503 4588 4587 
4472 4503 4504 4589 4588 
4473 4504 4505 4590 4589 
4474 4505 4506 4591 4590 
4475 4506 4507 4592 4591 
4476 4507 4508 4593 4592 
4477 4508 4509 4594 4593 
4478 4509 4510 4595 4594 
4479 4510 4511 4596 4595 
4480 4511 4512 4597 4596 
4481 4512 4513 4598 4597 
4482 4513 4514 4599 4598 
4483 4514 4515 4600 4599 
4484 4515 4516 4601 4600 
4485 4516 4517 4602 4601 
4486 4517 4518 4603 4602 
4487 4518 4519 4604 4603 
4488 4519 4520 4605 4604 
4489 4520 4521 4606 4605 
4490 4521 4522 4607 4606 
4491 4522 4523 4608 4607 
4492 4523 237 236 4608 
4493 108 4524 4609 107 
4494 4524 4525 4610 4609 
4495 4525 4526 4611 4610 
4496 4526 4527 4612 4611 
4497 4527 4528 4613 4612 
4498 4528 4529 4614 4613 
4499 4529 4530 4615 4614 
4500 4530 4531 4616 4615 
4501 4531 4532 4617 4616 
4502 4532 4533 4618 4617 
4503 4533 4534 4619 4618 
4504 4534 4535 4620 4619 
4505 4535 4536 4621 4620 
4506 4536 4537 4622 4621 
4507 4537 4538 4623 4622 
4508 4538 4539 4624 4623 
4509 4539 4540 4625 4624 
4510 4540 4541 4626 4625 
4511 4541 4542 4627 4626 
4512 4542 4543 4628 4627 
4513 4543 4544 4629 4628 
4514 4544 4545 4630 4629 
4515 4545 4546 4631 4630 
4516 4546 4547 4632 4631 
4517 4547 4548 4633 4632 
4518 4548 4549 4634 4633 
4519 4549 4550 4635 4634 
4520 4550 4551 4636 4635 
4521 4551 4552 4637 4636 
4522 4552 4553 4638 4637 
4523 4553 4554 4639 4638 
4524 4554 4555 4640 4639 
4525 4555 4556 4641 4640 
4526 4556 4557 4642 4641 
4527 4557 4558 4643 4642 
4528 4558 4559 4644 4643 
4529 4559 4560 4645 4644 
4530 4560 4561 4646 4645 
4531 4561 4562 4647 4646 
4532 4562 4563 4648 4647 
4533 4563 4564 4649 4648 
4534 4564 4565 4650 4649 
4535 4565 4566 4651 4650 
4536 4566 4567 4652 4651 
4537 4567 4568 4653 4652 
4538 4568 4569 4654 4653 
4539 4569 4570 4655 4654 
4540 4570 4571 4656 4655 
4541 4571 4572 4657 4656 
4542 4572 4573 4658 4657 
4543 4573 4574 4659 4658 
4544 4574 4575 4660 4659 
4545 4575 4576 4661 4660 
4546 4576 4577 4662 4661 
4547 4577 4578 4663 4662 
4548 4578 4579 4664 4663 
4549 4579 4580 4665 4664 
4550 4580 4581 4666 4665 
4551 4581 4582 4667 4666 
4552 4582 4583 4668 4667 
4553 4583 4584 4669 4668 
4554 4584 4585 4670 4669 
4555 4585 4586 4671 4670 
4556 4586 4587 4672 4671 
4557 4587 4588 4673 4672 
4558 4588 4589 4674 4673 
4559 4589 4590 4675 4674 
4560 4590 4591 4676 4675 
4561 4591 4592 4677 4676 
4562 4592 4593 4678 4677 
4563 4593 4594 4679 4678 
4564 4594 4595 4680 4679 
4565 4595 4596 4681 4680 
4566 4596 4597 4682 4681 
4567 4597 4598 4683 4682 
4568 4598 4599 4684 4683 
4569 4599 4600 4685 4684 
4570 4600 4601 4686 4685 
4571 4601 4602 4687 4686 
4572 4602 4603 4688 4687 
4573 4603 4604 4689 4688 
4574 4604 4605 4690 4689 
4575 4605 4606 4691 4690 
4576 4606 4607 4692 4691 
4577 4607 4608 4693 4692 
4578 4608 236 235 4693 
4579 107 4609 4694 106 
4580 4609 4610 4695 4694 
4581 4610 4611 4696 4695 
4582 4611 4612 4697 4696 
4583 4612 4613 4698 4697 
4584 4613 4614 4699 4698 
4585 4614 4615 4700 4699 
4586 4615 4616 4701 4700 
4587 4616 4617 4702 4701 
4588 4617 4618 4703 4702 
4589 4618 4619 4704 4703 
4590 4619 4620 4705 4704 
4591 4620 4621 4706 4705 
4592 4621 4622 4707 4706 
4593 4622 4623 4708 4707 
4594 4623 4624 4709 4708 
4595 4624 4625 4710 4709 
4596 4625 4626 4711 4710 
4597 4626 4627 4712 4711 
4598 4627 4628 4713 4712 
4599 4628 4629 4714 4713 
4600 4629 4630 4715 4714 
4601 4630 4631 4716 4715 
4602 4631 4632 4717 4716 
4603 4632 4633 4718 4717 
4604 4633 4634 4719 4718 
4605 4634 4635 4720 4719 
4606 4635 4636 4721 4720 
4607 4636 4637 4722 4721 
4608 4637 4638 4723 4722 
4609 4638 4639 4724 4723 
4610 4639 4640 4725 4724 
4611 4640 4641 4726 4725 
4612 4641 4642 4727 4726 
4613 4642 4643 4728 4727 
4614 4643 4644 4729 4728 
4615 4644 4645 4730 4729 
4616 4645 4646 4731 4730 
4617 4646 4647 4732 4731 
4618 4647 4648 4733 4732 
4619 4648 4649 4734 4733 
4620 4649 4650 4735 4734 
4621 4650 4651 4736 4735 
4622 4651 4652 4737 4736 
4623 4652 4653 4738 4737 
4624 4653 4654 4739 4738 
4625 4654 4655 4740 4739 
4626 4655 4656 4741 4740 
4627 4656 4657 4742 4741 
4628 4657 4658 4743 4742 
4629 4658 4659 4744 4743 
4630 4659 4660 4745 4744 
4631 4660 4661 4746 4745 
4632 4661 4662 4747 4746 
4633 4662 4663 4748 4747 
4634 4663 4664 4749 4748 
4635 4664 4665 4750 4749 
4636 4665 4666 4751 4750 
4637 4666 4667 4752 4751 
4638 4667 4668 4753 4752 
4639 4668 4669 4754 4753 
4640 4669 4670 4755 4754 
4641 4670 4671 4756 4755 
4642 4671 4672 4757 4756 
4643 4672 4673 4758 4757 
4644 4673 4674 4759 4758 
4645 4674 4675 4760 4759 
4646 4675 4676 4761 4760 
4647 4676 4677 4762 4761 
4648 4677 4678 4763 4762 
4649 4678 4679 4764 4763 
4650 4679 4680 4765 4764 
4651 4680 4681 4766 4765 
4652 4681 4682 4767 4766 
4653 4682 4683 4768 4767 
4654 4683 4684 4769 4768 
4655 4684 4685 4770 4769 
4656 4685 4686 4771 4770 
4657 4686 4687 4772 4771 
4658 4687 4688 4773 4772 
4659 4688 4689 4774 4773 
4660 4689 4690 4775 4774 
4661 4690 4691 4776 4775 
4662 4691 4692 4777 4776 
4663 4692 4693 4778 4777 
4664 4693 235 234 4778 
4665 106 4694 4779 105 
4666 4694 4695 4780 4779 
4667 4695 4696 4781 4780 
4668 4696 4697 4782 4781 
4669 4697 4698 4783 4782 
4670 4698 4699 4784 4783 
4671 4699 4700 4785 4784 
4672 4700 4701 4786 4785 
4673 4701 4702 4787 4786 
4674 4702 4703 4788 4787 
4675 4703 4704 4789 4788 
4676 4704 4705 4790 4789 
4677 4705 4706 4791 4790 
4678 4706 4707 4792 4791 
4679 4707 4708 4793 4792 
4680 4708 4709 4794 4793 
4681 4709 4710 4795 4794 
4682 4710 4711 4796 4795 
4683 4711 4712 4797 4796 
4684 4712 4713 4798 4797 
4685 4713 4714 4799 4798 
4686 4714 4715 4800 4799 
4687 4715 4716 4801 4800 
4688 4716 4717 4802 4801 
4689 4717 4718 4803 4802 
4690 4718 4719 4804 4803 
4691 4719 4720 4805 4804 
4692 4720 4721 4806 4805 
4693 4721 4722 4807 4806 
4694 4722 4723 4808 4807 
4695 4723 4724 4809 4808 
4696 4724 4725 4810 4809 
4697 4725 4726 4811 4810 
4698 4726 4727 4812 4811 
4699 4727 4728 4813 4812 
4700 4728 4729 4814 4813 
4701 4729 4730 4815 4814 
4702 4730 4731 4816 4815 
4703 4731 4732 4817 4816 
4704 4732 4733 4818 4817 
4705 4733 4734 4819 4818 
4706 4734 4735 4820 4819 
4707 4735 4736 4821 4820 
4708 4736 4737 4822 4821 
4709 4737 4738 4823 4822 
4710 4738 4739 4824 4823 
4711 4739 4740 4825 4824 
4712 4740 4741 4826 4825 
4713 4741 4742 4827 4826 
4714 4742 4743 4828 4827 
4715 4743 4744 4829 4828 
4716 4744 4745 4830 4829 
4717 4745 4746 4831 4830 
4718 4746 4747 4832 4831 
4719 4747 4748 4833 4832 
4720 4748 4749 4834 4833 
4721 4749 4750 4835 4834 
4722 4750 4751 4836 4835 
4723 4751 4752 4837 4836 
4724 4752 4753 4838 4837 
4725 4753 4754 4839 4838 
4726 4754 4755 4840 4839 
4727 4755 4756 4841 4840 
4728 4756 4757 4842 4841 
4729 4757 4758 4843 4842 
4730 4758 4759 4844 4843 
4731 4759 4760 4845 4844 
4732 4760 4761 4846 4845 
4733 4761 4762 4847 4846 
4734 4762 4763 4848 4847 
4735 4763 4764 4849 4848 
4736 4764 4765 4850 4849 
4737 4765 4766 4851 4850 
4738 4766 4767 4852 4851 
4739 4767 4768 4853 4852 
4740 4768 4769 4854 4853 
4741 4769 4770 4855 4854 
4742 4770 4771 4856 4855 
4743 4771 4772 4857 4856 
4744 4772 4773 4858 4857 
4745 4773 4774 4859 4858 
4746 4774 4775 4860 4859 
4747 4775 4776 4861 4860 
4748 4776 4777 4862 4861 
4749 4777 4778 4863 4862 
4750 4778 234 233 4863 
4751 105 4779 341 52 
4752 4779 4780 342 341 
4753 4780 4781 343 342 
4754 4781 4782 344 343 
4755 4782 4783 345 344 
4756 4783 4784 346 345 
4757 4784 4785 347 346 
4758 4785 4786 348 347 
4759 4786 4787 349 348 
4760 4787 4788 350 349 
4761 4788 4789 351 350 
4762 4789 4790 352 351 
4763 4790 4791 353 352 
4764 4791 4792 354 353 
4765 4792 4793 355 354 
4766 4793 4794 356 355 
4767 4794 4795 357 356 
4768 4795 4796 358 357 
4769 4796 4797 359 358 
4770 4797 4798 360 359 
4771 4798 4799 361 360 
4772 4799 4800 362 361 
4773 4800 4801 363 362 
4774 4801 4802 364 363 
4775 4802 4803 365 364 
4776 4803 4804 366 365 
4777 4804 4805 367 366 
4778 4805 4806 368 367 
4779 4806 4807 369 368 
4780 4807 4808 370 369 
4781 4808 4809 371 370 
4782 4809 4810 372 371 
4783 4810 4811 373 372 
4784 4811 4812 374 373 
4785 4812 4813 375 374 
4786 4813 4814 376 375 
4787 4814 4815 377 376 
4788 4815 4816 378 377 
4789 4816 4817 379 378 
4790 4817 4818 380 379 
4791 4818 4819 381 380 
4792 4819 4820 382 381 
4793 4820 4821 383 382 
4794 4821 4822 384 383 
4795 4822 4823 385 384 
4796 4823 4824 386 385 
4797 4824 4825 387 386 
4798 4825 4826 388 387 
4799 4826 4827 389 388 
4800 4827 4828 390 389 
4801 4828 4829 391 390 
4802 4829 4830 392 391 
4803 4830 4831 393 392 
4804 4831 4832 394 393 
4805 4832 4833 395 394 
4806 4833 4834 396 395 
4807 4834 4835 397 396 
4808 4835 4836 398 397 
4809 4836 4837 399 398 
4810 4837 4838 400 399 
4811 4838 4839 401 400 
4812 4839 4840 402 401 
4813 4840 4841 403 402 
4814 4841 4842 404 403 
4815 4842 4843 405 404 
4816 4843 4844 406 405 
4817 4844 4845 407 406 
4818 4845 4846 408 407 
4819 4846 4847 409 408 
4820 4847 4848 410 409 
4821 4848 4849 411 410 
4822 4849 4850 412 411 
4823 4850 4851 413 412 
4824 4851 4852 414 413 
4825 4852 4853 415 414 
4826 4853 4854 416 415 
4827 4854 4855 417 416 
4828 4855 4856 418 417 
4829 4856 4857 419 418 
4830 4857 4858 420 419 
4831 4858 4859 421 420 
4832 4859 4860 422 421 
4833 4860 4861 423 422 
4834 4861 4862 424 423 
4835 4862 4863 425 424 
4836 4863 233 55 425 
2 7 2 439
4837 5686 5562 6036 
4838 5774 5775 6105 
4839 5757 4904 6388 
4840 5017 5739 6395 
4841 5730 4942 5763 
4842 6016 5633 6280 
4843 4917 466 5931 
4844 5302 6141 6201 
4845 5668 5629 6269 
4846 5571 5733 6177 
4847 575 576 6323 
4848 5715 6056 6406 
4849 4888 5967 6356 
4850 5300 5267 6048 
4851 570 571 5730 
4852 6117 5645 6197 
4853 5737 5475 5738 
4854 5810 5472 5811 
4855 5271 5264 5800 
4856 5823 5832 6112 
4857 5193 5191 5797 
4858 4875 5847 6365 
4859 6264 5812 6304 
4860 5901 4880 5922 
4861 5725 6180 6351 
4862 5703 5587 6145 
4863 5156 5158 5789 
4864 5786 5165 5787 
4865 5158 5160 5790 
4866 5698 6202 6241 
4867 5959 5564 6083 
4868 5830 5829 5831 
4869 5529 5805 5868 
4870 5903 4915 5966 
4871 5364 5946 6254 
4872 5842 4945 5931 
4873 5348 5628 5963 
4874 5377 5542 5816 
4875 5381 5665 5801 
4876 5467 5388 5813 
4877 4909 5895 5896 
4878 4942 4943 4944 
4879 5777 5779 6128 
4880 5096 5082 5850 
4881 5829 5141 6012 
4882 5801 5802 5869 
4883 4879 6017 6206 
4884 4968 4966 5848 
4885 5070 5088 5865 
4886 5260 5363 6027 
4887 4944 4945 4946 
4888 5736 4924 6213 
4889 548 549 5928 
4890 5961 5681 6210 
4891 5056 5055 5913 
4892 5423 5378 5476 
4893 5122 5242 5938 
4894 542 543 5953 
4895 571 572 4933 
4896 5852 5171 6140 
4897 5821 5213 6145 
4898 4960 4959 5137 
4899 5368 5450 5977 
4900 5897 5898 5899 
4901 4940 4937 5998 
4902 569 570 4906 
4903 5596 5597 5598 
4904 5809 5810 6162 
4905 5785 4934 6192 
4906 5166 5937 6084 
4907 4981 4979 4982 
4908 5292 5291 5377 
4909 4998 4985 5186 
4910 5021 5014 5766 
4911 5033 5032 5034 
4912 5187 5186 5188 
4913 4969 4968 4970 
4914 5788 5531 6259 
4915 259 4936 5754 
4916 5351 5306 5365 
4917 5782 5867 5971 
4918 5820 5821 6148 
4919 5319 4963 5914 
4920 5389 5391 5581 
4921 5969 5493 6122 
4922 5154 5156 5165 
4923 5388 5387 5634 
4924 5346 5345 5387 
4925 5007 5010 5011 
4926 5750 5755 5984 
4927 5290 5217 5291 
4928 5347 5769 5770 
4929 561 562 4907 
4930 4913 5744 6275 
4931 5058 5056 5060 
4932 5489 5591 5929 
4933 5429 5567 5630 
4934 5200 5196 5834 
4935 5065 5063 5066 
4936 5391 5429 5844 
4937 5191 5145 5795 
4938 5255 5182 5256 
4939 5683 5682 5948 
4940 5469 5467 5472 
4941 5626 5761 6261 
4942 5866 5512 5868 
4943 559 560 4875 
4944 5715 5534 5845 
4945 5857 5855 5859 
4946 557 558 4908 
4947 5205 5252 5294 
4948 5294 5318 5396 
4949 5128 5127 5260 
4950 4971 4972 5908 
4951 5408 5410 5600 
4952 5076 5075 5092 
4953 5812 5813 6313 
4954 5456 5131 6010 
4955 5527 5530 5532 
4956 5004 5006 5007 
4957 4952 4954 4955 
4958 5353 5354 5954 
4959 5090 5091 5125 
4960 5864 5865 6281 
4961 5924 5002 6216 
4962 4891 5740 6355 
4963 5451 5453 5926 
4964 5132 5124 5245 
4965 5203 5079 5204 
4966 547 548 4883 
4967 4949 4950 4951 
4968 5252 5253 6015 
4969 5088 5103 5184 
4970 545 546 4911 
4971 5198 5120 5951 
4972 4996 4999 5005 
4973 543 544 4885 
4974 5126 5091 5127 
4975 5247 5248 5275 
4976 5392 5360 5393 
4977 5773 4866 6330 
4978 5577 5855 5856 
4979 5794 5793 6406 
4980 5499 6076 6107 
4981 4914 5942 6361 
4982 5093 5117 5118 
4983 5980 5290 6108 
4984 5680 5683 6152 
4985 5022 5076 5965 
4986 5025 5024 5072 
4987 5180 5181 5182 
4988 5232 5230 5996 
4989 5242 5121 5243 
4990 5759 5622 5972 
4991 5701 5544 6003 
4992 5603 5371 5604 
4993 5305 5258 5306 
4994 5338 5287 5801 
4995 5386 5416 5659 
4996 4992 4995 5894 
4997 5751 5691 6343 
4998 5051 5050 5052 
4999 6155 4938 6239 
5000 535 536 5907 
5001 5292 5378 5397 
5002 5932 5933 6206 
5003 5097 5096 6025 
5004 446 445 4873 
5005 462 461 4891 
5006 5872 4893 6024 
5007 5700 5701 5750 
5008 443 442 4916 
5009 454 453 5968 
5010 4986 4984 4987 
5011 5002 5001 5003 
5012 5662 5376 5663 
5013 5230 5228 5474 
5014 5533 5532 5534 
5015 5796 5164 6039 
5016 5095 5097 5098 
5017 5323 5324 5325 
5018 5639 5637 5640 
5019 6182 5617 6199 
5020 5476 5817 6005 
5021 5481 5482 5483 
5022 5078 5080 5081 
5023 5234 5236 5364 
5024 5884 5876 6211 
5025 5933 5570 6177 
5026 5094 5095 5981 
5027 5505 5504 5506 
5028 463 462 5983 
5029 5103 5214 5961 
5030 442 441 5988 
5031 5542 5729 6014 
5032 5383 5321 5384 
5033 4953 4950 6265 
5034 5576 5577 6011 
5035 6084 5605 6121 
5036 5360 5359 5574 
5037 5058 5061 5062 
5038 5934 5282 6137 
5039 435 434 4919 
5040 266 265 4898 
5041 438 437 5994 
5042 5366 5565 6226 
5043 5062 5063 5064 
5044 530 531 4905 
5045 5572 5746 6223 
5046 5775 5696 5886 
5047 5173 5172 5177 
5048 5171 5170 5172 
5049 5808 6041 6050 
5050 538 539 6244 
5051 436 435 6001 
5052 5651 5567 5652 
5053 5475 4965 6086 
5054 5391 5328 5428 
5055 5033 5035 5059 
5056 5194 5196 5199 
5057 5148 5147 5149 
5058 5150 5149 5151 
5059 5678 5911 6284 
5060 5665 5666 6356 
5061 5253 5206 5312 
5062 329 328 6017 
5063 5448 5447 5942 
5064 452 451 6020 
5065 328 327 4923 
5066 5299 5297 6226 
5067 5634 5721 6313 
5068 4977 4980 5013 
5069 5542 5541 5728 
5070 5445 5361 5446 
5071 5004 5960 6216 
5072 276 275 6028 
5073 464 463 6064 
5074 5733 5731 6212 
5075 5523 5524 5537 
5076 5578 5787 6255 
5077 5936 5935 6081 
5078 5515 5516 5517 
5079 279 278 4925 
5080 5188 5719 6345 
5081 5507 5508 5509 
5082 6029 5601 6296 
5083 5671 6291 6365 
5084 5784 4925 6277 
5085 5708 5941 6378 
5086 4995 5281 5368 
5087 283 282 4926 
5088 313 312 4864 
5089 4988 4987 6085 
5090 286 285 4872 
5091 5293 5479 5480 
5092 312 311 6041 
5093 287 286 6044 
5094 288 287 4927 
5095 5841 4926 6327 
5096 5444 5718 6199 
5097 292 291 6053 
5098 4997 4994 6074 
5099 5218 5456 5457 
5100 5114 5116 5133 
5101 293 292 4928 
5102 298 297 4929 
5103 304 303 4896 
5104 5457 5458 5459 
5105 5745 5707 6424 
5106 5563 5686 5962 
5107 5583 5395 5693 
5108 5081 5094 5220 
5109 5480 5481 5656 
5110 5142 5492 6110 
5111 5402 5460 6092 
5112 5410 5310 6026 
5113 5546 5487 5547 
5114 529 530 6045 
5115 5763 4947 6278 
5116 5676 5851 6409 
5117 5076 5093 6049 
5118 5297 5251 5298 
5119 5929 4923 6197 
5120 5592 5712 6249 
5121 5244 5136 6040 
5122 5974 5462 5977 
5123 5366 5298 5367 
5124 5853 5189 6345 
5125 5307 5181 5308 
5126 6190 5694 6348 
5127 325 4869 6117 
5128 5236 5237 5238 
5129 5238 5239 5240 
5130 5437 5435 5549 
5131 5157 5155 5161 
5132 5272 5134 5273 
5133 5444 5443 5717 
5134 537 538 6236 
5135 5689 5498 5690 
5136 5979 5450 6016 
5137 5609 5608 5671 
5138 5263 5262 5264 
5139 5357 5356 5358 
5140 428 427 4935 
5141 5229 5230 5231 
5142 5234 5233 5235 
5143 5815 4886 6256 
5144 5116 5115 5202 
5145 5400 5568 5633 
5146 5663 6186 6412 
5147 5533 5602 6119 
5148 5112 5113 5114 
5149 5006 6059 6133 
5150 5463 5342 6101 
5151 5155 5153 6099 
5152 444 443 6160 
5153 5369 5279 5370 
5154 5370 5376 5406 
5155 5159 5157 6103 
5156 5265 5269 5270 
5157 5928 4910 6348 
5158 318 317 6229 
5159 5314 5312 6124 
5160 4874 440 6405 
5161 5509 5511 6121 
5162 5958 5619 6322 
5163 5281 4991 6085 
5164 5226 5649 6090 
5165 285 284 6158 
5166 273 4884 6213 
5167 5561 5308 6095 
5168 5168 5986 6097 
5169 5335 5276 6394 
5170 5149 5329 6105 
5171 6101 5250 6103 
5172 301 4867 6181 
5173 5964 4876 6171 
5174 5396 5417 6320 
5175 5304 5101 6129 
5176 5988 5702 6375 
5177 5955 5631 6335 
5178 303 302 6185 
5179 5257 6104 6141 
5180 5507 5605 6159 
5181 5295 5579 6127 
5182 5743 5695 6411 
5183 5628 6126 6311 
5184 324 323 6283 
5185 5588 5470 6170 
5186 5134 5116 6137 
5187 6092 5959 6175 
5188 5976 5974 6174 
5189 4877 5767 6412 
5190 6154 5582 6187 
5191 5263 5265 6143 
5192 471 470 6347 
5193 5279 5241 6147 
5194 5109 5303 6287 
5195 5350 5488 6191 
5196 5945 6151 6254 
5197 5177 6134 6189 
5198 6077 5907 6349 
5199 5748 5573 6208 
5200 5642 6262 6322 
5201 6147 5349 6186 
5202 6126 5670 6303 
5203 5722 5646 6344 
5204 5940 5690 6209 
5205 5555 6165 6208 
5206 6070 6037 6261 
5207 6224 5492 6317 
5208 5800 6031 6423 
5209 568 569 6301 
5210 5602 5535 6274 
5211 5552 5661 6240 
5212 6383 5729 6417 
5213 5501 6136 6227 
5214 268 267 6242 
5215 6181 5779 6185 
5216 5623 5966 6268 
5217 540 541 6275 
5218 5430 5664 6337 
5219 6338 5794 6387 
5220 6151 5225 6240 
5221 523 524 6155 
5222 5819 5399 6404 
5223 6099 5249 6407 
5224 567 568 6284 
5225 565 566 6290 
5226 323 322 6402 
5227 6087 5745 6414 
5228 556 557 6298 
5229 5719 6094 6337 
5230 6049 6142 6245 
5231 6319 5891 6357 
5232 5836 5835 6314 
5233 340 339 6309 
5234 5875 6291 6426 
5235 5614 6234 6279 
5236 5742 5615 6279 
5237 6251 5459 6269 
5238 5917 6153 6393 
5239 5753 5752 6398 
5240 6069 5650 6425 
5241 284 283 6321 
5242 6191 5921 6307 
5243 5640 6362 6378 
5244 336 335 6329 
5245 5111 6287 6360 
5246 5424 5599 6318 
5247 305 304 6342 
5248 6036 6051 6390 
5249 5840 5838 6366 
5250 6278 5589 6288 
5251 5717 5995 6379 
5252 5565 6184 6267 
5253 6089 5579 6419 
5254 5639 5669 6336 
5255 317 316 6368 
5256 308 307 6371 
5257 5580 6106 6419 
5258 6374 4908 6426 
5259 295 294 6387 
5260 4890 6011 6399 
5261 306 305 6392 
5262 6043 5610 6354 
5263 6377 5726 6386 
5264 290 289 6414 
5265 6263 6045 6381 
5266 4919 6383 6420 
5267 5849 6308 6309 
5268 4935 6021 6308 
5269 6231 5890 6324 
5270 4881 6266 6364 
5271 6281 5184 6403 
5272 5924 6230 6410 
5273 6367 5734 6377 
5274 256 51 522 
5275 576 57 473 
2 7 3 1439
5276 5684 6210 6152 5420 
5277 6070 6366 5838 6397 
5278 5667 5705 6067 6123 
5279 6190 5488 5351 6187 
5280 5705 6019 4898 6067 
5281 4884 6211 5736 6213 
5282 4901 6299 5722 6306 
5283 5719 6337 5664 6345 
5284 5722 6344 4931 6306 
5285 6190 6348 5923 5488 
5286 5733 6212 4887 6205 
5287 6341 6019 6418 5888 
5288 5818 6139 6032 5711 
5289 5926 5645 6117 4869 
5290 5286 5947 5881 5887 
5291 5129 6380 6043 6354 
5292 5768 6006 5670 5548 
5293 4884 6232 5884 6211 
5294 6029 6296 5627 6266 
5295 5563 5962 5673 5963 
5296 5821 6161 5558 6148 
5297 5708 6378 6362 5709 
5298 6148 5558 6124 5643 
5299 5701 6003 4930 5754 
5300 5588 6170 5852 6140 
5301 6106 5580 6175 5833 
5302 323 6402 5892 6283 
5303 5736 5601 6029 4924 
5304 6174 5303 6023 5976 
5305 6168 5176 5852 6170 
5306 6020 4868 6249 5712 
5307 6204 6291 5671 5608 
5308 6154 6187 5351 5365 
5309 5773 5772 6030 4866 
5310 5769 6427 5819 6404 
5311 6244 5858 6236 538 
5312 4890 6275 5744 6011 
5313 5831 6195 6079 5491 
5314 6003 6385 5949 4930 
5315 6284 568 6301 5678 
5316 4867 6139 5818 6128 
5317 4901 6329 5764 6299 
5318 6089 6419 6106 5375 
5319 6167 5588 6140 5179 
5320 6281 6403 5684 5685 
5321 6060 5553 6057 5939 
5322 6372 5547 6340 6065 
5323 5711 6032 4929 5845 
5324 5775 5886 5735 6407 
5325 5753 6398 5932 6206 
5326 5709 6424 5707 5708 
5327 6290 5725 5644 6237 
5328 6373 5687 6280 5633 
5329 5664 6386 5853 6345 
5330 6422 5485 6398 5752 
5331 4879 6206 5933 6052 
5332 6087 6363 5653 5745 
5333 6347 4939 6352 471 
5334 5723 6289 6260 5660 
5335 6322 5130 6153 5958 
5336 473 472 6323 576 
5337 6313 5721 6368 4894 
5338 6407 5735 6369 6099 
5339 4874 6184 5702 5988 
5340 6222 5753 6206 6017 
5341 4908 6374 6298 557 
5342 6127 5579 6089 5915 
5343 6096 5420 6152 5683 
5344 5725 6290 4899 6180 
5345 5748 6208 5299 6226 
5346 5734 6369 5735 5473 
5347 6364 5784 6277 4881 
5348 5687 5464 5925 6310 
5349 5794 6338 6178 5638 
5350 6125 5209 6336 5669 
5351 6247 5618 6340 6055 
5352 6374 6426 5704 5662 
5353 6135 6372 6154 5365 
5354 5219 6310 5115 5113 
5355 6330 6229 5721 5635 
5356 4913 6188 5677 5744 
5357 5668 6396 6057 5550 
5358 6250 5814 5815 5612 
5359 6295 5639 6336 5834 
5360 257 6239 6238 258 
5361 6177 4921 6052 5933 
5362 5709 6219 6053 6424 
5363 4870 6387 5794 6406 
5364 5716 6134 5174 6122 
5365 6369 5734 6367 5161 
5366 5176 6168 6159 5937 
5367 5978 6287 5303 6174 
5368 6237 5644 6256 4886 
5369 5421 6303 5307 5308 
5370 6122 5174 6097 5969 
5371 340 6021 426 54 
5372 6288 4906 5763 6278 
5373 5961 5214 5972 5681 
5374 5811 5472 5812 6264 
5375 6320 5720 6370 5396 
5376 4871 6414 5745 6424 
5377 5710 6375 5702 5442 
5378 5185 6068 5727 5951 
5379 5906 6354 5610 5756 
5380 6326 6382 5074 5029 
5381 5751 5783 5083 5691 
5382 6246 6158 5839 5581 
5383 5796 6358 5798 5797 
5384 5941 6125 5669 6378 
5385 4928 6178 6338 293 
5386 5872 6319 6357 4893 
5387 6261 4925 5784 5626 
5388 5979 6360 6287 5978 
5389 6256 5559 6114 5815 
5390 5092 5075 5765 6380 
5391 5885 6331 5268 5212 
5392 4935 6308 5758 6075 
5393 6364 6266 5627 5625 
5394 5599 6216 5960 6318 
5395 5875 4875 6365 6291 
5396 6339 5950 6078 5574 
5397 5845 4929 6056 5715 
5398 6263 6381 5699 5700 
5399 4892 6198 5817 6014 
5400 5725 6351 5560 5644 
5401 6099 6369 5161 5155 
5402 6154 6372 6065 5582 
5403 5059 6260 6289 5033 
5404 5824 6241 5190 5992 
5405 6342 304 4896 5970 
5406 6231 6324 6418 5706 
5407 5906 5756 6068 5185 
5408 6292 5869 6272 5718 
5409 5666 6248 4888 6356 
5410 5927 6165 5584 6061 
5411 5798 6350 6286 5197 
5412 6267 6184 5749 5747 
5413 5773 6330 5635 5912 
5414 5834 6336 5209 5200 
5415 5719 5426 6146 6094 
5416 6295 5201 6258 5636 
5417 5738 5995 5445 5737 
5418 5857 5859 5860 5861 
5419 5559 6256 5644 5560 
5420 5716 5495 5497 6421 
5421 6339 5667 6123 4903 
5422 6321 283 4926 6314 
5423 6302 5742 6265 5455 
5424 6241 5824 5465 5698 
5425 5634 5387 5635 5721 
5426 4923 6222 6017 328 
5427 4932 6220 5984 5755 
5428 6382 6326 5723 5659 
5429 5697 6411 5695 5696 
5430 4927 6363 6087 288 
5431 6181 4867 6128 5779 
5432 5775 6407 5249 6105 
5433 6222 4923 5929 5591 
5434 6321 5839 6158 284 
5435 5616 6361 5942 5447 
5436 5728 6417 5729 5542 
5437 6045 6263 4920 529 
5438 5629 5668 5550 5374 
5439 5828 6000 5418 5913 
5440 5733 6205 4921 6177 
5441 5694 6316 5928 6348 
5442 5274 5210 6125 5941 
5443 4905 6381 6045 530 
5444 5853 6386 5726 5403 
5445 5501 6227 5611 5606 
5446 6332 6044 6285 5630 
5447 6289 5723 6326 5031 
5448 6145 5418 6000 5703 
5449 5663 6412 5767 5662 
5450 5800 6423 5724 5799 
5451 6260 5059 6013 5944 
5452 5777 6128 5569 5776 
5453 5618 6247 6225 5357 
5454 6246 5844 6285 4872 
5455 4965 5475 5017 4966 
5456 5696 5775 5774 5697 
5457 6272 5870 6172 6182 
5458 6158 6246 4872 285 
5459 5706 6418 6019 5705 
5460 4938 6315 5985 6239 
5461 5988 6375 4916 442 
5462 4943 6305 4945 4944 
5463 5202 5115 6310 5925 
5464 5033 6289 5031 5032 
5465 6243 6185 5779 5778 
5466 6314 5835 5839 6321 
5467 5926 6400 5655 5451 
5468 5787 5165 5788 6255 
5469 5677 6269 5459 5576 
5470 6192 4917 6305 5785 
5471 4914 6020 5712 5942 
5472 5400 5633 6016 5450 
5473 5571 6177 5570 5486 
5474 6173 4989 6209 5690 
5475 6229 6330 4866 318 
5476 5396 6370 5427 5294 
5477 5883 6071 5878 5879 
5478 5930 6302 5455 5842 
5479 5643 6124 6022 5873 
5480 6257 5650 6069 5996 
5481 575 6323 6352 4939 
5482 5248 6394 5276 5275 
5483 5758 6308 5849 5648 
5484 6122 5493 5495 5716 
5485 5732 6113 5372 5731 
5486 5299 6208 6165 5927 
5487 4906 6288 6301 569 
5488 5306 5258 6069 5365 
5489 6065 6340 5618 5394 
5490 6119 6350 5537 5524 
5491 5724 6382 5659 5416 
5492 4865 6371 307 306 
5493 5686 6035 5008 5962 
5494 5923 6348 4910 5920 
5495 6055 6340 5547 5487 
5496 270 6235 4922 271 
5497 5835 5389 5581 5839 
5498 4907 6164 5847 561 
5499 6397 5841 6327 4878 
5500 5634 6313 5813 5388 
5501 4914 6361 5968 453 
5502 4925 6261 6037 279 
5503 6016 6280 5219 5979 
5504 5329 6224 5774 6105 
5505 5923 5921 6191 5488 
5506 5715 6406 5793 5536 
5507 6219 5893 6178 4928 
5508 5844 6246 5581 5391 
5509 6202 5568 6085 4987 
5510 5587 6161 5821 6145 
5511 6151 6013 6207 5225 
5512 6276 5364 6254 5661 
5513 5665 6356 5802 5801 
5514 4897 6349 5907 536 
5515 5841 5836 6314 4926 
5516 5958 6153 5594 5593 
5517 5463 6101 6377 6386 
5518 4993 5940 6209 4990 
5519 6269 5677 6188 5668 
5520 4944 4947 5763 4942 
5521 6156 5957 6234 5614 
5522 5108 5109 5110 5130 
5523 6264 313 4864 5811 
5524 5918 6389 4873 445 
5525 6271 5713 5764 6329 
5526 6200 6150 5657 5765 
5527 4919 6420 6001 435 
5528 5970 5782 5971 6342 
5529 5982 6235 4889 6233 
5530 5976 6273 5975 5974 
5531 5630 6285 5844 5429 
5532 5790 6214 5789 5158 
5533 256 522 523 6155 
5534 5382 6156 5614 5413 
5535 5951 5120 5118 5185 
5536 5560 6297 5385 5559 
5537 5742 6279 4953 6265 
5538 5970 4896 6243 5781 
5539 6053 6219 4928 292 
5540 298 4929 6032 299 
5541 5188 6345 5189 5187 
5542 6176 5649 6257 5474 
5543 5693 6316 5694 5583 
5544 6183 6217 5885 5274 
5545 4890 6399 6244 539 
5546 5845 5534 5532 5711 
5547 5474 6257 5996 5230 
5548 5211 5267 5300 6088 
5549 6368 5721 6229 317 
5550 5457 5459 6251 5551 
5551 6008 6196 5384 5321 
5552 6311 6416 5963 5628 
5553 6367 6377 6101 6103 
5554 5771 6319 5872 5772 
5555 4996 4994 4997 4999 
5556 6146 6173 5690 5498 
5557 6009 6317 5492 5140 
5558 5612 6294 5606 5611 
5559 5430 6337 5431 5343 
5560 5910 6420 6383 6417 
5561 5424 6245 6142 5301 
5562 6166 5183 6221 6120 
5563 5748 6267 5747 5573 
5564 6250 5612 5611 6164 
5565 5416 6131 5799 5724 
5566 5475 6086 5846 5738 
5567 6251 6269 5629 5823 
5568 5879 5881 5947 5883 
5569 5742 6302 5741 5615 
5570 6007 4892 6014 5729 
5571 5858 5857 5861 6236 
5572 6026 6370 5720 5410 
5573 5486 6046 5732 5571 
5574 5875 6426 4908 558 
5575 5687 6373 5465 5464 
5576 6051 5689 6415 6390 
5577 5375 6106 5766 5014 
5578 5666 5412 6130 5919 
5579 5225 6207 5037 5039 
5580 5183 6166 5792 5150 
5581 5035 5033 5034 5036 
5582 6105 5249 5151 5149 
5583 308 6371 5806 6384 
5584 4872 6285 6044 286 
5585 5957 6156 5138 4959 
5586 532 533 6215 6004 
5587 5473 5735 5886 5404 
5588 6094 6146 5498 5494 
5589 5797 5798 5197 5193 
5590 5786 6221 5183 5152 
5591 6254 6151 6240 5661 
5592 5648 6344 5646 5423 
5593 4948 6265 4950 4949 
5594 5682 5683 5680 5679 
5595 5993 6202 4987 4984 
5596 5809 5504 5471 5810 
5597 6331 5885 6217 5566 
5598 5688 6331 5566 5428 
5599 5575 5706 5705 5667 
5600 5651 6332 5630 5567 
5601 5642 6322 5619 5620 
5602 6166 5545 6039 5792 
5603 5111 6360 5113 5112 
5604 5674 6297 5675 5379 
5605 5632 6335 5631 5432 
5606 5544 5701 5700 5699 
5607 331 6052 4921 332 
5608 5332 6401 6076 6413 
5609 5240 5278 5943 5405 
5610 6070 6397 4878 6037 
5611 5777 5525 5778 5779 
5612 5040 6317 6009 5038 
5613 5993 5190 6241 6202 
5614 4990 6209 4989 4988 
5615 6233 5882 5880 5982 
5616 5049 5491 5380 5050 
5617 6207 6013 5059 5035 
5618 5781 6243 5778 5780 
5619 5940 6415 5689 5690 
5620 5848 6395 5549 6098 
5621 6252 5741 6302 5930 
5622 6255 5515 5517 5578 
5623 5600 6211 5876 5408 
5624 6185 6243 4896 303 
5625 5106 5108 6262 6163 
5626 5235 6141 5302 5237 
5627 573 574 4937 4940 
5628 5352 6408 6104 5305 
5629 5753 6222 5591 5752 
5630 5530 5818 5711 5532 
5631 5566 6217 5567 5429 
5632 5093 5076 5092 5117 
5633 5380 6193 5826 5825 
5634 5946 5364 5236 5238 
5635 4895 6050 310 309 
5636 5782 5970 5781 5528 
5637 5912 5635 5387 5345 
5638 5592 6249 5595 5593 
5639 6042 6194 5674 4957 
5640 6258 5822 6274 5585 
5641 5870 6272 5869 5802 
5642 5366 6226 5297 5298 
5643 6028 6266 4881 276 
5644 5184 6281 5865 5088 
5645 4911 6060 5939 545 
5646 5900 6186 5349 5991 
5647 5485 6422 5610 5483 
5648 5871 5426 5186 4985 
5649 5482 5479 6046 5486 
5650 5568 6202 5698 5633 
5651 6267 5748 6226 5565 
5652 5224 6247 6055 6066 
5653 5460 5564 5959 6092 
5654 6113 5732 6046 5478 
5655 5405 5943 5944 5945 
5656 5928 6316 4883 548 
5657 5491 6079 6193 5380 
5658 6086 4960 5137 5846 
5659 5791 6089 5375 4980 
5660 428 4935 6075 429 
5661 429 6075 4904 430 
5662 5776 5520 5525 5777 
5663 5277 6010 5247 5275 
5664 5572 6223 5909 5439 
5665 5658 6225 6247 5224 
5666 6282 6358 5796 6039 
5667 6350 6119 5602 6286 
5668 6093 5539 6088 5300 
5669 5762 5632 5432 5433 
5670 6193 5539 6093 5826 
5671 6303 5421 6311 6126 
5672 5541 5989 6027 5728 
5673 5656 6380 5765 5657 
5674 6038 6144 6270 5908 
5675 5804 5805 5529 5803 
5676 6157 5355 6225 5658 
5677 5858 6244 6399 5856 
5678 5893 6362 5640 5637 
5679 6033 6113 5478 5125 
5680 5483 5610 6043 5481 
5681 5314 5322 5315 5313 
5682 5201 6295 5834 5196 
5683 5676 6409 6026 5310 
5684 5822 6258 5201 5195 
5685 5760 6376 5761 5626 
5686 6224 5329 6110 5492 
5687 5741 6355 5740 5615 
5688 5975 6059 5326 5973 
5689 5726 6377 5734 5473 
5690 6149 5889 6242 267 
5691 572 573 4940 4933 
5692 6163 6262 5642 5759 
5693 6173 6146 5426 5871 
5694 6155 6239 257 256 
5695 6147 6186 5663 5376 
5696 555 556 4877 5895 
5697 5992 5190 4979 4976 
5698 6061 5085 5100 5927 
5699 5370 5406 6132 6131 
5700 5938 5245 5124 5122 
5701 5908 6270 5691 4971 
5702 6235 5982 6228 4922 
5703 5161 6367 6103 5157 
5704 5739 5446 5874 6325 
5705 6005 5817 6198 6334 
5706 6082 6169 5557 5047 
5707 5999 6102 5837 5840 
5708 5439 5909 5440 5363 
5709 5067 5643 5873 5069 
5710 5609 5672 6227 6136 
5711 5787 5578 6221 5786 
5712 5260 6027 5989 5128 
5713 5744 5677 5576 6011 
5714 6164 5611 6227 5672 
5715 6262 5108 5130 6322 
5716 5586 5585 5536 5793 
5717 4933 4942 5730 571 
5718 5112 6393 5110 5111 
5719 6044 6332 4927 287 
5720 5784 6364 5625 5626 
5721 5318 5441 5417 5396 
5722 6224 6317 5697 5774 
5723 6034 6169 5229 5231 
5724 5275 5333 5859 5277 
5725 5660 6260 5944 5943 
5726 6131 6132 5607 5799 
5727 5627 6296 6320 5417 
5728 4990 4991 4992 4993 
5729 4989 6173 5871 4986 
5730 5585 6274 5535 5536 
5731 5641 6325 5874 6300 
5732 5476 5378 5816 5817 
5733 5331 5414 5254 5266 
5734 268 6242 4889 269 
5735 6235 270 269 4889 
5736 5223 5320 6194 6042 
5737 5606 6196 5500 5501 
5738 5640 6378 5669 5639 
5739 6150 6200 5025 5073 
5740 5965 6245 5692 5015 
5741 6071 5883 5938 5242 
5742 5562 5686 5563 5422 
5743 5636 6258 5585 5586 
5744 5374 5832 5823 5629 
5745 6152 6210 5681 5680 
5746 5913 5055 5827 5828 
5747 6218 5304 6129 5556 
5748 5555 6208 5573 5572 
5749 5657 6062 5480 5656 
5750 5831 5829 6012 5540 
5751 6230 5924 6216 5599 
5752 5137 4959 5138 5139 
5753 5662 5704 5406 5376 
5754 5133 5116 5134 5272 
5755 5450 5979 5978 5977 
5756 6143 6343 5425 5263 
5757 5227 5229 6169 6082 
5758 6162 5810 5811 4864 
5759 5074 6423 6031 5027 
5760 6233 4889 6242 5889 
5761 5543 6385 6003 5544 
5762 5477 6203 5358 5356 
5763 5357 6225 5355 5356 
5764 6004 4905 531 532 
5765 5899 6307 5901 5897 
5766 5808 5809 6162 6041 
5767 5639 6295 5636 5637 
5768 5935 547 4883 6081 
5769 5901 6307 5921 4880 
5770 4982 4979 5190 5993 
5771 4900 6215 533 534 
5772 5924 6410 5008 5000 
5773 5031 6326 5029 5030 
5774 282 281 6327 4926 
5775 5373 5553 6100 5285 
5776 4894 6304 5812 6313 
5777 5863 6218 5556 6047 
5778 5173 6140 5171 5172 
5779 5937 6159 5605 6084 
5780 6169 6034 6276 5557 
5781 5589 6278 4949 4951 
5782 5816 5542 6014 5817 
5783 5350 5352 5305 5306 
5784 5129 6354 5906 5117 
5785 4885 6396 5953 543 
5786 6214 5790 6084 6121 
5787 5799 5607 5271 5800 
5788 5182 5181 5307 6006 
5789 5066 6148 5643 5067 
5790 5583 6187 5582 5395 
5791 6098 5549 5435 4973 
5792 5518 5517 5516 5780 
5793 6423 5074 6382 5724 
5794 5030 5102 5032 5031 
5795 6194 5385 6297 5674 
5796 262 261 5949 4903 
5797 5086 6150 5073 5085 
5798 5813 5812 5472 5467 
5799 6040 6126 5628 5244 
5800 5364 6276 6034 5234 
5801 5478 6046 5479 5293 
5802 6010 5277 5854 5456 
5803 5603 6212 5731 5372 
5804 5989 5541 5291 5217 
5805 5237 6346 5239 5238 
5806 5397 5647 6108 5292 
5807 5499 6107 5325 5324 
5808 5551 6251 5823 6112 
5809 5810 5471 5469 5472 
5810 5515 6259 5513 5514 
5811 5535 5602 5533 5534 
5812 4967 6054 5914 4964 
5813 4941 4943 4942 4933 
5814 6120 6221 5578 5519 
5815 5339 5399 5819 5331 
5816 4952 6058 4951 4950 
5817 6062 5657 6150 5086 
5818 5265 5263 5264 5269 
5819 5856 6399 6011 5577 
5820 5484 5482 5486 5570 
5821 5840 6376 5316 5999 
5822 6132 6204 5608 5607 
5823 5169 5852 5176 5167 
5824 6370 6026 6409 5427 
5825 6274 5822 6286 5602 
5826 6095 5308 5181 5178 
5827 5295 6127 5187 5189 
5828 5023 5024 5025 6200 
5829 6117 6197 326 325 
5830 327 326 6197 4923 
5831 6108 5647 5952 5980 
5832 5545 6166 6120 5521 
5833 5620 5622 5759 5642 
5834 5613 6008 5321 5319 
5835 5000 5001 5002 5924 
5836 5249 6099 5153 5151 
5837 5385 6194 5320 5383 
5838 5458 5457 5456 5854 
5839 5609 6136 5330 5608 
5840 5820 6148 5066 5063 
5841 4877 6412 5902 5895 
5842 5327 6102 5323 5325 
5843 5577 5458 5854 5855 
5844 5220 5222 6157 6063 
5845 4956 4957 4955 4954 
5846 6049 6245 5965 5076 
5847 5981 6112 5832 5221 
5848 5188 5186 5426 5719 
5849 5377 5291 5541 5542 
5850 6201 5898 5991 5302 
5851 5869 6292 5338 5801 
5852 5857 5858 5856 5855 
5853 5404 5460 5402 5403 
5854 6305 4917 5931 4945 
5855 5014 5013 4980 5375 
5856 4974 4975 4972 4973 
5857 4955 5379 6058 4952 
5858 6163 5214 5104 5106 
5859 5109 6287 5111 5110 
5860 6113 6033 5289 5372 
5861 5422 5421 5308 5561 
5862 5032 5102 6083 5034 
5863 5469 5470 5468 5467 
5864 5418 6145 5213 5060 
5865 5820 5061 5213 5821 
5866 5537 6358 6282 5523 
5867 5413 5615 5740 6130 
5868 4903 6123 263 262 
5869 5177 6095 5178 5173 
5870 5406 5704 6204 6132 
5871 5710 6096 5683 5948 
5872 5467 5468 5466 5388 
5873 5547 6372 6135 5546 
5874 5438 5584 6165 5555 
5875 5613 5319 5914 6054 
5876 5516 5515 5514 5528 
5877 6063 6157 5658 5077 
5878 5789 5788 5165 5156 
5879 5298 6138 5419 5367 
5880 5322 5324 5323 5315 
5881 5504 5809 5538 5506 
5882 5638 5586 5793 5794 
5883 5207 6088 5539 5344 
5884 6134 5716 6421 6189 
5885 5345 5346 5255 5256 
5886 5807 5808 6050 4895 
5887 5366 5367 5442 5565 
5888 5582 6065 5394 5395 
5889 6196 5606 6294 5384 
5890 5671 6365 5672 5609 
5891 4878 6327 281 280 
5892 5004 6216 5002 5003 
5893 5937 5166 5167 5176 
5894 6061 5584 6111 5087 
5895 5160 5159 5162 5163 
5896 5128 5216 5126 5127 
5897 5533 6119 5527 5532 
5898 5916 5133 5272 5317 
5899 5595 5905 5597 5596 
5900 5292 6108 5290 5291 
5901 6059 5975 6273 6133 
5902 5487 5064 6066 6055 
5903 5932 5484 5570 5933 
5904 5588 6167 5468 5470 
5905 6102 5327 5390 5837 
5906 4954 6234 5957 4956 
5907 5423 5646 5397 5378 
5908 4969 5083 6054 4967 
5909 5525 5518 5780 5778 
5910 454 5968 4876 455 
5911 5226 5487 5546 5649 
5912 550 551 5920 4910 
5913 551 552 4880 5920 
5914 5087 6111 5091 5090 
5915 5410 5720 5601 5600 
5916 5864 6253 6218 5863 
5917 5347 5256 5768 5769 
5918 5955 5956 5954 5631 
5919 5994 4882 6223 5746 
5920 5678 6301 6288 5589 
5921 5384 6294 6114 5383 
5922 5337 5995 5738 5846 
5923 5058 6090 5057 5056 
5924 5955 6335 4900 5987 
5925 5536 5535 5534 5715 
5926 5085 6061 5087 5086 
5927 5437 5549 6325 5641 
5928 5062 5226 6090 5058 
5929 5703 6076 5499 5587 
5930 5757 5648 5423 5476 
5931 5507 6159 5505 5506 
5932 5718 6272 6182 6199 
5933 5214 6163 5759 5972 
5934 5057 6176 5990 5054 
5935 5067 5068 5065 5066 
5936 564 6237 4886 563 
5937 5471 5503 5470 5469 
5938 5343 5431 5493 5969 
5939 5922 4880 552 553 
5940 5522 5521 5520 5776 
5941 6090 5649 6176 5057 
5942 5504 5505 5503 5471 
5943 5193 5197 5195 5194 
5944 5520 5519 5518 5525 
5945 6189 5561 6095 5177 
5946 5046 5047 5045 5044 
5947 5020 6144 5013 5014 
5948 6156 5382 5280 5138 
5949 5913 5418 5060 5056 
5950 5075 5076 5022 5023 
5951 5510 5511 5509 5508 
5952 6088 5207 5208 5211 
5953 5524 5523 5522 5526 
5954 5099 6091 5098 5097 
5955 5197 6286 5822 5195 
5956 4994 4992 5894 6074 
5957 5357 5358 5394 5618 
5958 5428 5566 5429 5391 
5959 5159 6103 5250 5162 
5960 5328 5391 5389 5327 
5961 5341 5342 5343 5969 
5962 5454 5727 6068 5490 
5963 6100 6353 5477 5356 
5964 5235 5237 5236 5234 
5965 5388 5466 5346 5387 
5966 5995 5717 5443 5445 
5967 5170 6097 5174 5172 
5968 5202 6300 6137 5116 
5969 5637 5636 5586 5638 
5970 5150 5151 5152 5183 
5971 5148 5149 5150 5792 
5972 5508 5507 5506 5803 
5973 5455 6265 4948 4946 
5974 6006 5768 5256 5182 
5975 5158 5157 5159 5160 
5976 6129 5101 5084 5072 
5977 5447 5311 5554 5616 
5978 4991 5281 4995 4992 
5979 5552 6240 6115 5045 
5980 5135 6142 5119 5120 
5981 5353 5334 5336 5354 
5982 5168 6097 5170 5169 
5983 5101 5304 5251 5215 
5984 5607 5608 5330 5271 
5985 5372 5289 5371 5603 
5986 5461 5886 5696 5695 
5987 5841 6397 5838 5836 
5988 5285 6100 5356 5355 
5989 5063 5062 5061 5820 
5990 5305 6104 5257 5258 
5991 5123 5218 6091 5099 
5992 5436 5464 5465 5824 
5993 5897 5901 5922 4909 
5994 5580 6419 5579 5401 
5995 5891 6319 5399 5398 
5996 5008 6035 4999 5000 
5997 5319 5320 5223 4963 
5998 6008 5613 5783 5502 
5999 5084 5100 5085 5073 
6000 5877 6228 5982 5880 
6001 5309 6071 5242 5243 
6002 5700 5750 5984 6263 
6003 6391 5714 6421 5497 
6004 5021 5026 5020 5014 
6005 5156 5155 5157 5158 
6006 5369 5416 5386 5278 
6007 5050 5051 5048 5049 
6008 5521 6120 5519 5520 
6009 5272 5273 5311 5317 
6010 5198 5254 5136 5120 
6011 5780 5516 5528 5781 
6012 5209 6125 5210 5208 
6013 6111 5362 5127 5091 
6014 6022 6124 5312 5206 
6015 6136 5270 5269 5330 
6016 5344 6116 5199 5207 
6017 5362 6111 5584 5438 
6018 5152 5151 5153 5154 
6019 6021 340 6309 6308 
6020 5502 5500 6196 6008 
6021 5245 5947 5246 5132 
6022 5409 5878 6071 5309 
6023 4986 4987 4988 4989 
6024 5462 5973 5894 4995 
6025 6107 5688 5428 5328 
6026 5363 5362 5438 5439 
6027 5162 5250 5341 5986 
6028 5624 5972 5622 5623 
6029 4970 6098 4973 4972 
6030 5041 5140 5043 5042 
6031 5645 5926 5453 5489 
6032 5717 6292 5718 5444 
6033 6118 5444 6199 5554 
6034 5147 6110 5329 5149 
6035 5178 5181 5180 5179 
6036 5166 6084 5790 5160 
6037 5862 6349 5861 5860 
6038 324 6283 4869 325 
6039 329 6017 4879 330 
6040 330 4879 6052 331 
6041 4866 6030 319 318 
6042 6050 6041 311 310 
6043 6141 5235 5233 5257 
6044 4960 6086 4962 4961 
6045 5310 5410 5408 5309 
6046 5143 6012 5141 5142 
6047 4960 4961 4958 4959 
6048 5081 5220 6063 5078 
6049 5434 5435 5436 5824 
6050 5216 5289 6033 5126 
6051 5403 5726 5473 5404 
6052 6203 6081 5693 5395 
6053 549 550 4910 5928 
6054 5078 6063 5077 5069 
6055 5088 5071 5089 5103 
6056 5402 6092 5401 5296 
6057 5761 6366 6070 6261 
6058 5070 5019 5071 5088 
6059 5505 6159 6168 5503 
6060 5481 5480 5479 5482 
6061 4966 4967 4964 4965 
6062 5285 5222 5284 5373 
6063 5053 5227 5051 5052 
6064 5346 5466 6018 5255 
6065 5065 6066 5064 5063 
6066 4886 5815 5814 563 
6067 4924 6028 275 274 
6068 5218 5123 5131 5456 
6069 5198 6080 5266 5254 
6070 4988 6085 4991 4990 
6071 5006 6133 5009 5007 
6072 6102 5999 5315 5323 
6073 5795 5796 5797 5191 
6074 6126 6040 5414 5670 
6075 5146 5147 5148 5164 
6076 6048 6413 6000 5828 
6077 554 555 5895 4909 
6078 553 554 4909 5922 
6079 5232 5233 5231 5230 
6080 4974 5992 4976 4975 
6081 5936 6060 4911 5935 
6082 6037 4878 280 279 
6083 5128 5989 5217 5216 
6084 5119 6142 6049 5093 
6085 5200 5207 5199 5196 
6086 5552 5045 5047 5557 
6087 5012 6047 5016 5015 
6088 4891 6355 5983 462 
6089 5825 5052 5050 5380 
6090 5882 6233 5889 5888 
6091 5846 5137 5139 5337 
6092 5052 5825 5055 5054 
6093 5490 5752 5591 5489 
6094 5556 6129 5072 5024 
6095 5340 5266 6080 5452 
6096 5432 5631 5392 5393 
6097 5374 5550 5373 5284 
6098 5934 6137 6300 5874 
6099 5260 5127 5362 5363 
6100 5303 5109 5107 6023 
6101 5142 6110 5144 5143 
6102 5072 5084 5073 5025 
6103 5325 6107 5328 5327 
6104 4982 5993 4984 4983 
6105 5892 6357 5891 5655 
6106 5090 6062 5086 5087 
6107 5056 5057 5054 5055 
6108 5377 5816 5378 5292 
6109 5080 5078 5079 5203 
6110 5896 5898 5897 4909 
6111 6058 6179 5590 4951 
6112 5512 5513 5511 5510 
6113 5681 5972 5624 5680 
6114 5212 5210 5274 5885 
6115 5132 5247 6010 5131 
6116 5082 5081 5080 5850 
6117 5281 6085 5568 5400 
6118 5009 6133 5019 5018 
6119 5126 6033 5125 5091 
6120 5401 5579 5295 5296 
6121 4980 4977 4978 5791 
6122 5016 5024 5023 5022 
6123 5551 6091 5218 5457 
6124 5484 5485 5483 5482 
6125 4985 4998 4983 4984 
6126 5215 5251 5297 5299 
6127 6350 5798 6358 5537 
6128 5221 5220 5094 5981 
6129 5509 6121 5605 5507 
6130 5061 5058 5060 5213 
6131 5196 5194 5195 5201 
6132 5865 5864 5415 5070 
6133 5251 5304 6138 5298 
6134 5355 6157 5222 5285 
6135 5956 6073 5353 5954 
6136 5369 5370 6131 5416 
6137 6135 6425 5650 5546 
6138 5953 6188 4913 542 
6139 5224 5068 5077 5658 
6140 5843 5010 5018 5415 
6141 5122 5099 5121 5242 
6142 5554 6199 5617 5616 
6143 5009 5018 5010 5007 
6144 5191 5192 5175 5145 
6145 5154 5153 5155 5156 
6146 5986 5168 5163 5162 
6147 6074 5326 5001 4997 
6148 5206 5253 5252 5205 
6149 444 6160 5918 445 
6150 5439 5438 5555 5572 
6151 5192 6116 5540 5175 
6152 6160 443 4916 5948 
6153 5614 6279 5615 5413 
6154 5270 6136 5501 5500 
6155 5287 5280 5381 5801 
6156 6116 5192 5194 5199 
6157 5314 6124 5558 5322 
6158 5562 5422 5561 5714 
6159 5034 6083 5743 5036 
6160 5255 6018 5180 5182 
6161 5098 6112 5981 5095 
6162 5441 5760 5626 5625 
6163 4947 4944 4946 4948 
6164 5094 5081 5082 5095 
6165 5013 6144 6038 4977 
6166 5873 6022 5204 5079 
6167 5204 6022 5206 5205 
6168 5045 6115 5042 5044 
6169 5576 5459 5458 5577 
6170 5398 5399 5339 5340 
6171 5879 5878 5877 5880 
6172 4981 4982 4983 5915 
6173 5514 5513 5512 5866 
6174 5100 5084 5101 5215 
6175 5496 5498 5689 6051 
6176 5119 5093 5118 5120 
6177 5030 5029 5028 5833 
6178 5145 5144 5146 5795 
6179 5051 5227 6082 5048 
6180 5205 6002 5203 5204 
6181 5731 5733 5571 5732 
6182 5271 5330 5269 5264 
6183 5788 5789 6214 5531 
6184 5326 6059 5003 5001 
6185 5231 5233 5234 6034 
6186 6200 5765 5075 5023 
6187 5167 5163 5168 5169 
6188 5169 5170 5171 5852 
6189 5838 5840 5837 5836 
6190 5454 5490 5489 5453 
6191 5645 5489 5929 6197 
6192 5003 6059 5006 5004 
6193 5340 5452 5451 5398 
6194 5293 5480 6062 5090 
6195 5862 5860 6073 5956 
6196 4977 6038 4975 4976 
6197 5973 5326 6074 5894 
6198 5261 6144 5020 5026 
6199 5348 5301 5244 5628 
6200 5044 5042 5043 5829 
6201 5494 5498 5496 5495 
6202 5144 6110 5147 5146 
6203 5288 5289 5216 5217 
6204 5279 6147 5376 5370 
6205 5973 5462 5974 5975 
6206 5317 5311 5447 5448 
6207 5253 5313 5316 6015 
6208 5262 6031 5800 5264 
6209 5042 6115 5039 5041 
6210 5179 6140 5173 5178 
6211 5140 5492 5142 5141 
6212 5259 6333 6023 5105 
6213 5010 5843 5012 5011 
6214 5054 5990 5053 5052 
6215 6041 6162 4864 312 
6216 5053 5990 5228 5227 
6217 5278 5241 5279 5369 
6218 6076 6401 5688 6107 
6219 5548 5670 5414 5331 
6220 5659 5723 5660 5386 
6221 5443 5283 5361 5445 
6222 5951 5727 6080 5198 
6223 5257 5233 5232 5258 
6224 5293 5090 5125 5478 
6225 5238 5240 5405 5946 
6226 6064 6252 5930 4902 
6227 5379 5675 6179 6058 
6228 4963 5223 4961 4962 
6229 5334 5276 5335 5336 
6230 4981 5791 4978 4979 
6231 5021 5766 5028 5027 
6232 5528 5514 5866 5782 
6233 5068 5224 6066 5065 
6234 5048 6082 5047 5046 
6235 5452 5454 5453 5451 
6236 6024 4893 321 320 
6237 4893 6402 322 321 
6238 5105 5106 5104 5089 
6239 5254 5414 6040 5136 
6240 5145 5175 5143 5144 
6241 5850 5080 5203 6002 
6242 6118 5554 5311 5273 
6243 537 6236 4897 536 
6244 6007 4919 434 433 
6245 5283 6118 5273 5282 
6246 5786 5152 5154 5165 
6247 6047 5556 5024 5016 
6248 5083 4969 4971 5691 
6249 5069 5077 5068 5067 
6250 5987 4900 534 535 
6251 5997 6347 470 469 
6252 465 4902 5931 466 
6253 6027 5363 5440 5728 
6254 5301 5348 5407 5424 
6255 5079 5078 5069 5873 
6256 5354 5359 5360 5392 
6257 5964 6171 6172 4912 
6258 5288 5217 5290 5980 
6259 5312 5314 5313 5253 
6260 5604 5371 5980 5952 
6261 6030 6024 320 319 
6262 5049 5048 5046 5830 
6263 5163 5167 5166 5160 
6264 5868 5512 5510 5529 
6265 5916 5317 5449 5594 
6266 5136 5244 5135 5120 
6267 5351 5488 5350 5306 
6268 5855 5854 5277 5859 
6269 5526 5569 5530 5527 
6270 4961 5223 6042 4958 
6271 5523 5545 5521 5522 
6272 5164 5148 5792 6039 
6273 5226 5062 5064 5487 
6274 448 4915 5904 449 
6275 5508 5803 5529 5510 
6276 5379 4955 4957 5674 
6277 6303 5670 6006 5307 
6278 5427 6409 5851 6002 
6279 5785 6305 4943 4941 
6280 5593 5594 5449 5592 
6281 5123 5099 5122 5124 
6282 5222 5220 5221 5284 
6283 4963 4962 4964 5914 
6284 5936 6081 6203 5477 
6285 4959 4958 4956 5957 
6286 6376 5840 6366 5761 
6287 5381 5280 5382 5412 
6288 5096 5097 5095 5082 
6289 5243 5676 5310 5309 
6290 5193 5194 5192 5191 
6291 5102 6175 5959 6083 
6292 5139 5138 5280 5287 
6293 5131 5123 5124 5132 
6294 4881 6277 277 276 
6295 5998 4934 5785 4941 
6296 5245 5938 5883 5947 
6297 6047 5012 5843 5863 
6298 6138 6253 5685 5419 
6299 5301 6142 5135 5244 
6300 5334 5353 6073 5333 
6301 5905 5595 6249 4868 
6302 5531 6214 6121 5511 
6303 4973 5435 5434 4974 
6304 300 6139 4867 301 
6305 5252 6015 5318 5294 
6306 5795 5146 5164 5796 
6307 5448 5942 5712 5592 
6308 5336 6072 5359 5354 
6309 5039 5037 5038 5041 
6310 5911 5678 5590 6179 
6311 5261 5262 5263 5425 
6312 5685 6253 5864 6281 
6313 5027 6031 5026 5021 
6314 5208 5207 5200 5209 
6315 6002 5205 5294 5427 
6316 264 263 6123 6067 
6317 5368 5977 5462 4995 
6318 5620 5619 5598 5621 
6319 5262 5261 5026 6031 
6320 5596 5598 5619 5958 
6321 5097 6025 5121 5099 
6322 6056 4929 297 296 
6323 6300 5202 5925 5641 
6324 5593 5595 5596 5958 
6325 5386 5660 5943 5278 
6326 5757 5476 6005 4904 
6327 5983 6252 6064 463 
6328 5134 6137 5282 5273 
6329 5103 5089 5104 5214 
6330 5409 5309 5408 5876 
6331 6191 6307 5352 5350 
6332 5493 5431 5494 5495 
6333 5444 6118 5283 5443 
6334 5847 6164 5672 6365 
6335 258 6238 4936 259 
6336 6054 5083 5783 5613 
6337 4891 5919 6130 5740 
6338 5667 6339 5574 5575 
6339 5954 5354 5392 5631 
6340 260 259 5754 4930 
6341 5361 5283 5282 5934 
6342 5564 5460 5461 5695 
6343 5359 6072 5575 5574 
6344 5115 5116 5114 5113 
6345 4968 4969 4967 4966 
6346 6012 5143 5175 5540 
6347 6174 5974 5977 5978 
6348 5383 6114 5559 5385 
6349 5411 6143 5265 5270 
6350 5884 6232 4922 6228 
6351 546 547 5935 4911 
6352 6091 5551 6112 5098 
6353 6015 5760 5441 5318 
6354 5108 5106 5107 5109 
6355 5187 6127 4998 5186 
6356 5371 5289 5288 5980 
6357 5940 4993 4996 6415 
6358 544 545 5939 4885 
6359 5573 5747 5746 5572 
6360 5830 5046 5044 5829 
6361 5527 6119 5524 5526 
6362 6092 6175 5580 5401 
6363 468 467 6192 4934 
6364 6098 4970 4968 5848 
6365 5898 5896 5900 5991 
6366 5407 6230 5599 5424 
6367 5018 5019 5070 5415 
6368 5842 5455 4946 4945 
6369 5907 6077 5987 535 
6370 5992 4974 5434 5824 
6371 5704 6426 6291 6204 
6372 5019 6133 5259 5071 
6373 5345 5256 5347 5912 
6374 5673 6410 6230 5407 
6375 5211 5208 5210 5212 
6376 5622 5620 5621 5623 
6377 5390 5327 5389 5835 
6378 4971 4969 4970 4972 
6379 6078 5393 5360 5574 
6380 5029 5074 5027 5028 
6381 5990 6176 5474 5228 
6382 6217 6183 5652 5567 
6383 5321 5383 5320 5319 
6384 6115 6240 5225 5039 
6385 5653 5654 5707 5745 
6386 5927 5100 5215 5299 
6387 5490 6068 5756 5752 
6388 5258 5232 5996 6069 
6389 5043 5140 5141 5829 
6390 5133 5916 5917 5114 
6391 5969 6097 5986 5341 
6392 4936 6238 5755 5750 
6393 5743 6411 5040 5036 
6394 5425 6270 6144 5261 
6395 4985 4984 4986 5871 
6396 6189 6421 5714 5561 
6397 4975 6038 5908 4972 
6398 5022 5965 5015 5016 
6399 6411 5697 6317 5040 
6400 5945 6254 5946 5405 
6401 4998 6127 5915 4983 
6402 5902 6412 6186 5900 
6403 4958 6042 4957 4956 
6404 5526 5522 5776 5569 
6405 455 4876 5964 456 
6406 4899 567 6284 5911 
6407 5770 5773 5912 5347 
6408 5368 5281 5400 5450 
6409 6181 6185 302 301 
6410 5337 5139 5287 5338 
6411 5830 5831 5491 5049 
6412 4962 6086 4965 4964 
6413 5267 5211 5212 5268 
6414 5503 6168 6170 5470 
6415 265 264 6067 4898 
6416 5185 5118 5117 5906 
6417 6078 6385 5543 5393 
6418 5172 5174 6134 5177 
6419 5342 5341 5250 6101 
6420 6048 5828 5827 5300 
6421 4938 6155 524 525 
6422 6021 4935 427 426 
6423 5349 6147 5241 5239 
6424 5449 5317 5448 5592 
6425 5896 5895 5902 5900 
6426 5960 5004 5007 5011 
6427 5905 6359 5904 5597 
6428 5909 6328 5910 5440 
6429 5903 5621 5598 5597 
6430 432 431 6198 4892 
6431 5877 5878 5409 5876 
6432 5411 5270 5500 5502 
6433 5538 5809 5808 5807 
6434 6025 5676 5243 5121 
6435 5806 6312 5805 5804 
6436 5702 6184 5565 5442 
6437 5550 6057 5553 5373 
6438 5562 5714 6391 6036 
6439 5730 5763 4906 570 
6440 438 5994 4918 439 
6441 5836 5837 5390 5835 
6442 5867 5782 5866 5868 
6443 457 4912 5967 458 
6444 456 5964 4912 457 
6445 5266 5340 5339 5331 
6446 562 563 5814 4907 
6447 6293 5617 6171 4876 
6448 5594 6153 5917 5916 
6449 5713 5603 5604 5764 
6450 5358 6203 5395 5394 
6451 6309 339 4931 5849 
6452 5229 5227 5228 5230 
6453 458 5967 4888 459 
6454 4976 4979 4978 4977 
6455 5638 6178 5893 5637 
6456 5413 6130 5412 5382 
6457 4934 5997 469 468 
6458 5430 5343 5342 5463 
6459 5247 5132 5246 5248 
6460 5415 5864 5863 5843 
6461 5887 5881 5882 5888 
6462 6018 6167 5179 5180 
6463 5433 5543 5544 5699 
6464 5825 5826 5827 5055 
6465 6025 5096 5851 5676 
6466 5647 5397 5646 5722 
6467 6268 6389 5679 5623 
6468 5393 5543 5433 5432 
6469 5436 5435 5437 5464 
6470 4874 5988 441 440 
6471 6036 6390 6035 5686 
6472 5934 5874 5446 5361 
6473 5037 6207 5035 5036 
6474 5015 5692 5011 5012 
6475 5564 5695 5743 6083 
6476 6013 6151 5945 5944 
6477 5296 5295 5189 5853 
6478 5805 6312 5867 5868 
6479 4997 5001 5000 4999 
6480 5757 6388 5758 5648 
6481 5519 5578 5517 5518 
6482 5036 5040 5038 5037 
6483 4865 5971 5867 6312 
6484 6271 334 4887 5713 
6485 5727 5454 5452 6080 
6486 5851 5096 5850 6002 
6487 5496 6051 5497 5495 
6488 5966 5623 5621 5903 
6489 5819 6427 5548 5331 
6490 5737 5445 5446 5739 
6491 5832 5374 5284 5221 
6492 5313 5315 5999 5316 
6493 5240 5239 5241 5278 
6494 4952 4950 4953 4954 
6495 4993 4992 4994 4996 
6496 5932 6398 5485 5484 
6497 4902 465 464 6064 
6498 5539 6193 6079 5344 
6499 6190 6187 5583 5694 
6500 5881 5879 5880 5882 
6501 5833 6175 5102 5030 
6502 5403 5402 5296 5853 
6503 446 4873 6109 447 
6504 4915 448 447 6109 
6505 5654 5941 5708 5707 
6506 4882 5994 437 436 
6507 278 277 6277 4925 
6508 5625 5627 5417 5441 
6509 5750 5701 5754 4936 
6510 5335 6394 5890 6231 
6511 5466 5468 6167 6018 
6512 5412 5666 5665 5381 
6513 6043 6380 5656 5481 
6514 5650 6257 5649 5546 
6515 5772 5773 5770 5771 
6516 5751 5411 5502 5783 
6517 6379 5338 6292 5717 
6518 5463 6386 5664 5430 
6519 5961 6403 5184 5103 
6520 5920 4880 5921 5923 
6521 6293 4876 5968 6361 
6522 5246 5947 5286 5248 
6523 6328 5909 6223 4882 
6524 5803 5506 5538 5807 
6525 6072 6231 5706 5575 
6526 6096 5710 5442 5367 
6527 5464 5437 5641 5925 
6528 5842 5931 4902 5930 
6529 5887 6324 5890 5286 
6530 333 6205 4887 334 
6531 4920 6220 528 529 
6532 6077 6349 5862 5956 
6533 5653 6363 5651 5652 
6534 6109 6268 5966 4915 
6535 4953 6279 6234 4954 
6536 6416 6311 5421 5422 
6537 6104 6408 6201 6141 
6538 4868 6020 451 450 
6539 4918 5994 5746 5747 
6540 5772 5872 6024 6030 
6541 6335 5632 6215 4900 
6542 5827 5826 6093 5300 
6543 6004 6215 5632 5762 
6544 6182 6172 6171 5617 
6545 6188 5953 6396 5668 
6546 5461 5460 5404 5886 
6547 6391 5497 6051 6036 
6548 266 4898 6149 267 
6549 5791 4981 5915 6089 
6550 5675 6351 6180 6179 
6551 5848 4966 5017 6395 
6552 5333 6073 5860 5859 
6553 5431 6337 6094 5494 
6554 5089 5071 5259 5105 
6555 6362 5893 6219 5709 
6556 5107 5106 5105 6023 
6557 5737 5739 5017 5475 
6558 5769 6404 5771 5770 
6559 5324 6161 5587 5499 
6560 5884 6228 5877 5876 
6561 5749 6405 4918 5747 
6562 5764 5604 5952 6299 
6563 4949 6278 4947 4948 
6564 5545 5523 6282 6039 
6565 5333 5275 5276 5334 
6566 5590 5678 5589 4951 
6567 5749 6184 4874 6405 
6568 5736 6211 5600 5601 
6569 6029 6266 6028 4924 
6570 4932 6315 526 527 
6571 6201 6408 5899 5898 
6572 5919 4891 461 460 
6573 5513 6259 5531 5511 
6574 6273 6333 5259 6133 
6575 5985 6315 4932 5755 
6576 5673 5407 5348 5963 
6577 4912 6172 5870 5967 
6578 4914 453 452 6020 
6579 5751 6343 6143 5411 
6580 4894 6368 316 315 
6581 560 561 5847 4875 
6582 5041 5038 6009 5140 
6583 6341 6149 4898 6019 
6584 6056 296 4870 6406 
6585 4877 556 6298 5767 
6586 6077 5956 5955 5987 
6587 5398 5451 5655 5891 
6588 6160 5948 5682 5918 
6589 299 6032 6139 300 
6590 272 6232 4884 273 
6591 4892 6007 433 432 
6592 6053 291 4871 6424 
6593 4941 4933 4940 5998 
6594 5616 5617 6293 6361 
6595 5833 5028 5766 6106 
6596 5679 5680 5624 5623 
6597 5903 5597 5904 4915 
6598 336 6329 4901 337 
6599 6001 6328 4882 436 
6600 4913 6275 541 542 
6601 540 6275 4890 539 
6602 5997 4934 5998 4937 
6603 4937 4939 6347 5997 
6604 5652 6183 5654 5653 
6605 4873 6389 6268 6109 
6606 5268 6401 5332 5267 
6607 5684 5420 5419 5685 
6608 5316 6376 5760 6015 
6609 5762 5433 5699 6381 
6610 6316 5693 6081 4883 
6611 6404 5399 6319 5771 
6612 6180 4899 5911 6179 
6613 6363 4927 6332 5651 
6614 5692 6318 5960 5011 
6615 5804 5803 5807 4895 
6616 5948 4916 6375 5710 
6617 4905 6004 5762 6381 
6618 559 4875 5875 558 
6619 4899 6290 566 567 
6620 6237 564 565 6290 
6621 5720 6320 6296 5601 
6622 6238 6239 5985 5755 
6623 5917 6393 5112 5114 
6624 338 6306 4931 339 
6625 6253 6138 5304 6218 
6626 5802 6356 5967 5870 
6627 5941 5654 6183 5274 
6628 6057 6396 4885 5939 
6629 4917 6192 467 466 
6630 6035 6390 5005 4999 
6631 5332 6413 6048 5267 
6632 6264 6304 314 313 
6633 261 260 4930 5949 
6634 6374 5662 5767 6298 
6635 5818 5530 5569 6128 
6636 5335 6231 6072 5336 
6637 5420 6096 5367 5419 
6638 6338 6387 294 293 
6639 5557 6276 5661 5552 
6640 6297 5560 6351 5675 
6641 6392 305 6342 5971 
6642 5984 6220 4920 6263 
6643 6400 6283 5892 5655 
6644 6087 6414 289 288 
6645 6393 6153 5130 5110 
6646 6205 333 332 4921 
6647 6383 4919 6007 5729 
6648 6271 6329 335 334 
6649 6315 4938 525 526 
6650 6346 5237 5302 5991 
6651 6352 6323 472 471 
6652 5344 6079 6195 6116 
6653 5322 5558 6161 5324 
6654 290 6414 4871 291 
6655 295 6387 4870 296 
6656 6357 5892 6402 4893 
6657 5861 6349 4897 6236 
6658 4868 450 6359 5905 
6659 6344 5648 5849 4931 
6660 6245 5424 6318 5692 
6661 6312 5806 6371 4865 
6662 6331 5688 6401 5268 
6663 6210 5684 6403 5961 
6664 5888 6418 6324 5887 
6665 6232 272 271 4922 
6666 6248 460 459 4888 
6667 6270 5425 6343 5691 
6668 6325 5549 6395 5739 
6669 274 273 6213 4924 
6670 5647 5722 6299 5952 
6671 6220 4932 527 528 
6672 6384 5806 5804 4895 
6673 6355 5741 6252 5983 
6674 6385 6078 5950 5949 
6675 6408 5352 6307 5899 
6676 6394 5248 5286 5890 
6677 6212 5603 5713 4887 
6678 6353 6100 5553 6060 
6679 5889 6149 6341 5888 
6680 431 430 6334 6198 
6681 5962 5008 6410 5673 
6682 5950 6339 4903 5949 
6683 6250 6164 4907 5814 
6684 315 314 6304 4894 
6685 6306 338 337 4901 
6686 6310 5219 6280 5687 
6687 5919 460 6248 5666 
6688 6259 5515 6255 5788 
6689 5540 6116 6195 5831 
6690 5703 6000 6413 6076 
6691 6328 6001 6420 5910 
6692 6334 430 4904 6005 
6693 4869 6283 6400 5926 
6694 6405 440 439 4918 
6695 5129 5117 5092 6380 
6696 6353 6060 5936 5477 
6697 4865 306 6392 5971 
6698 6384 4895 309 308 
6699 574 575 4939 4937 
6700 6359 450 449 5904 
6701 5440 5910 6417 5728 
6702 5976 6023 6333 6273 
6703 5682 5679 6389 5918 
6704 5005 6390 6415 4996 
6705 5349 5239 6346 5991 
6706 5219 5113 6360 5979 
6707 5337 5338 6379 5995 
6708 6373 5633 5698 5465 
6709 6422 5752 5756 5610 
6710 6416 5422 5563 5963 
6711 6075 5758 6388 4904 
6712 6425 6135 5365 6069 
6713 6427 5769 5768 5548 
6714 5612 5815 6114 6294 
2 8 2 449
6715 6877 6880 7411 
6716 7125 7248 7602 
6717 7341 7340 7668 
6718 7530 6452 7922 
6719 6828 6835 7368 
6720 6506 7292 7327 
6721 7195 7580 7841 
6722 7703 6866 7764 
6723 7191 7230 7831 
6724 7295 7134 7739 
6725 6902 6901 7667 
6726 631 630 7890 
6727 7006 7279 7667 
6728 7622 7277 7969 
6729 514 6481 7501 
6730 626 625 7292 
6731 7207 7680 7760 
6732 7399 7400 7401 
6733 7035 7378 7379 
6734 7301 6701 7416 
6735 7402 7392 7675 
6736 6755 6757 7365 
6737 6831 6864 7612 
6738 7417 6439 7930 
6739 7380 7824 7870 
6740 7088 7342 7343 
6741 6444 7468 7490 
6742 7744 7287 7915 
6743 6509 7412 7501 
6744 7150 7265 7707 
6745 6530 6532 7359 
6746 6722 6720 7356 
6747 6729 7353 7354 
6748 7765 7260 7799 
6749 6724 6722 7357 
6750 7127 7521 7648 
6751 7038 7300 7301 
6752 6925 7009 7333 
6753 6987 7210 7320 
6754 7190 6912 7526 
6755 7769 7565 7900 
6756 6944 6614 7394 
6757 7462 6473 7463 
6758 7581 6443 7766 
6759 7428 7425 7600 
6760 6507 6506 6508 
6761 7332 7302 7917 
6762 6652 6634 7433 
6763 7504 6730 7649 
6764 7370 7369 7434 
6765 6927 6824 7595 
6766 6509 6508 6510 
6767 6488 7298 7776 
6768 6623 7512 7751 
6769 604 603 7496 
6770 6450 618 7382 
6771 6860 6967 7421 
6772 598 597 7518 
6773 627 626 6497 
6774 7345 7343 7758 
6775 6501 6504 7563 
6776 7381 7380 7879 
6777 6777 7390 7707 
6778 7013 6932 7538 
6779 7483 7358 7653 
6780 7465 7464 7466 
6781 6806 6686 7455 
6782 625 624 6470 
6783 7258 7341 7457 
6784 6548 6547 6549 
6785 7378 7377 7724 
6786 6851 6703 6901 
6787 6498 7352 7755 
6788 7179 7736 7761 
6789 6911 6909 7481 
6790 7011 6881 7012 
6791 6855 6856 6941 
6792 6918 6917 7523 
6793 6578 6585 7330 
6794 7349 6460 7925 
6795 6704 6607 6705 
6796 6524 6525 6526 
6797 6750 6751 6752 
6798 7094 7355 7820 
6799 6500 344 7317 
6800 6870 6915 6929 
6801 6953 6954 7405 
6802 7243 7524 7775 
6803 7390 7389 7710 
6804 6695 7019 7575 
6805 6955 6953 7144 
6806 6720 6718 6729 
6807 6951 6952 7196 
6808 6574 6571 6575 
6809 6972 6973 7440 
6810 6781 6854 6855 
6811 7335 6911 7336 
6812 617 616 6471 
6813 7307 6477 7836 
6814 6620 6622 6624 
6815 7154 7052 7497 
6816 7130 6993 7192 
6817 6760 6764 7404 
6818 6627 6629 6630 
6819 7081 7083 7088 
6820 6952 7030 7381 
6821 6702 6701 6703 
6822 6993 6955 7414 
6823 7337 7338 7437 
6824 6709 6755 7363 
6825 6600 6602 6604 
6826 6746 6819 6820 
6827 7244 7245 7513 
6828 6592 6591 6593 
6829 7071 7092 7371 
6830 615 614 6439 
6831 7097 7277 7415 
6832 613 612 6472 
6833 6816 6769 6858 
6834 6882 6858 6960 
6835 6691 6692 6824 
6836 6974 6972 7162 
6837 6639 6640 6656 
6838 7056 7532 7685 
6839 6705 7399 7577 
6840 7093 7090 7095 
6841 6570 6568 6571 
6842 6518 6516 6519 
6843 6852 6935 7541 
6844 6655 6654 6689 
6845 7433 7432 7843 
6846 7016 7014 7494 
6847 6643 6767 6768 
6848 603 602 6447 
6849 7338 7336 7339 
6850 6514 6513 6515 
6851 6996 6956 7193 
6852 601 600 6475 
6853 6684 6762 7516 
6854 6735 7420 7702 
6855 599 598 6449 
6856 6655 6690 6691 
6857 6812 6811 6839 
6858 6924 6956 6957 
6859 6430 7339 7893 
6860 6686 6687 6688 
6861 7423 7140 7424 
6862 7361 7362 7969 
6863 7641 7062 7670 
6864 6681 6657 6682 
6865 7245 7242 7713 
6866 6588 6589 6636 
6867 6745 6744 6746 
6868 6794 6796 7560 
6869 7057 7056 7058 
6870 6778 6667 7524 
6871 7107 7263 7568 
6872 6980 6950 7221 
6873 6559 6556 7461 
6874 592 591 6461 
6875 7508 6478 7943 
6876 7499 7498 7766 
6877 6608 6609 6610 
6878 493 494 6437 
6879 7133 7047 7498 
6880 6457 7437 7589 
6881 7263 7262 7313 
6882 490 491 6480 
6883 7348 7349 7887 
6884 6548 6550 6551 
6885 6565 6566 6567 
6886 6940 7224 7225 
6887 6792 6794 7037 
6888 7095 7096 7097 
6889 7200 7460 7741 
6890 589 588 6464 
6891 6728 7364 7605 
6892 6532 6534 7661 
6893 6661 6659 6662 
6894 7199 7201 7202 
6895 7149 7198 7199 
6896 7045 7044 7046 
6897 6566 7492 7779 
6898 6602 6605 7573 
6899 6644 6642 6645 
6900 511 512 7643 
6901 7067 7068 7069 
6902 7429 7428 7897 
6903 7406 6954 7407 
6904 6895 6978 7111 
6905 6514 6517 7826 
6906 7140 7139 7576 
6907 7167 7649 7684 
6908 6923 6924 7137 
6909 6625 6622 6626 
6910 350 351 6462 
6911 7128 6930 7788 
6912 6627 6626 6628 
6913 586 585 6469 
6914 6684 6699 6700 
6915 6736 6737 6741 
6916 6734 6735 6736 
6917 7607 7376 7617 
6918 6957 6997 7106 
6919 594 593 7804 
6920 6726 6727 7549 
6921 7130 7213 7214 
6922 480 481 6456 
6923 353 354 6453 
6924 6760 6758 6763 
6925 6711 6712 6713 
6926 6713 6714 6715 
6927 501 502 7531 
6928 7478 7240 7847 
6929 503 504 7527 
6930 7228 7227 7922 
6931 6770 6817 6876 
6932 413 414 7581 
6933 499 500 7584 
6934 7283 7196 7879 
6935 412 413 6487 
6936 6861 6863 7788 
6937 7373 7092 7479 
6938 6544 6541 6577 
6939 7440 7453 7781 
6940 7104 7105 7290 
6941 510 511 7545 
6942 489 490 7552 
6943 7522 6568 7779 
6944 360 361 7592 
6945 7293 7295 7774 
6946 7114 7655 7675 
6947 7087 7086 7100 
6948 7354 7141 7817 
6949 485 486 7559 
6950 7502 7503 7646 
6951 6640 6586 7528 
6952 7079 7078 7080 
6953 363 364 6489 
6954 7281 6752 7909 
6955 6578 6577 6584 
6956 7071 7070 7072 
6957 7163 7593 7860 
6958 7854 7233 7930 
6959 483 484 7566 
6960 6489 7351 7838 
6961 7507 7270 7942 
6962 6845 6559 6932 
6963 397 398 6428 
6964 6551 6552 7650 
6965 6527 6525 6787 
6966 370 371 6436 
6967 7042 6857 7043 
6968 396 397 7607 
6969 371 372 7611 
6970 372 373 6491 
6971 7280 7007 7761 
6972 481 482 7571 
6973 376 377 7619 
6974 6558 6561 7639 
6975 7019 6782 7020 
6976 6680 6678 6697 
6977 377 378 6492 
6978 585 584 7613 
6979 382 383 6493 
6980 7021 7020 7022 
6981 7269 7308 7984 
6982 7248 7126 7525 
6983 6959 7146 7255 
6984 6658 6645 6784 
6985 7044 7043 7218 
6986 7055 6706 7673 
6987 7050 7109 7110 
6988 7309 7135 7786 
6989 7243 7186 7533 
6990 6511 7327 7839 
6991 6622 6621 7654 
6992 6657 6640 7616 
6993 7419 7238 7972 
6994 6815 6861 6862 
6995 6487 7497 7760 
6996 7274 7155 7811 
6997 7025 7535 7538 
6998 6862 6930 6931 
6999 6753 7421 7909 
7000 6745 6871 6872 
7001 7256 7753 7911 
7002 6502 7715 7798 
7003 6612 6611 7647 
7004 351 352 7734 
7005 6719 6721 6725 
7006 6461 7474 7600 
7007 6698 6836 6837 
7008 6808 6865 6912 
7009 7082 7080 7141 
7010 593 592 7795 
7011 7013 7540 7580 
7012 7170 7171 7233 
7013 7373 7480 7878 
7014 6920 6921 6922 
7015 6794 6793 6795 
7016 6590 6584 6825 
7017 6983 6984 7246 
7018 6977 6976 7561 
7019 7627 6570 7694 
7020 6797 6798 6799 
7021 6799 6800 6801 
7022 6679 6680 6766 
7023 7131 6964 7195 
7024 7748 7225 7974 
7025 7164 7096 7682 
7026 6677 6676 6678 
7027 6906 7026 7664 
7028 6717 6719 7662 
7029 491 492 7722 
7030 6843 6933 6934 
7031 6940 6934 6970 
7032 6721 6723 7665 
7033 7597 384 7701 
7034 387 388 7718 
7035 6474 7496 7911 
7036 402 403 7791 
7037 7084 7082 7683 
7038 488 6438 7968 
7039 7074 7072 7684 
7040 6555 6845 7650 
7041 7316 7154 7784 
7042 7211 6790 7654 
7043 6448 358 7776 
7044 6840 6899 7926 
7045 6872 7124 7658 
7046 7264 7552 7927 
7047 6893 6713 7668 
7048 6814 7664 7665 
7049 6894 6833 7698 
7050 6981 6960 7888 
7051 7193 7523 7991 
7052 6665 6868 7691 
7053 7473 7550 7721 
7054 6978 7606 7689 
7055 518 519 7899 
7056 369 370 7740 
7057 7167 7070 7719 
7058 6888 7150 7723 
7059 7335 7337 7966 
7060 7666 6821 7703 
7061 7142 6859 7690 
7062 7257 7306 7973 
7063 6597 6595 7825 
7064 7033 7151 7729 
7065 7596 7368 7983 
7066 6653 6669 7711 
7067 408 409 7853 
7068 6680 6698 7699 
7069 7521 7656 7737 
7070 6490 7557 7895 
7071 7535 7537 7735 
7072 7331 6441 7974 
7073 7583 6462 7938 
7074 7151 7031 7728 
7075 6829 6827 7705 
7076 7145 7717 7749 
7077 6805 6843 7709 
7078 6867 6673 7849 
7079 7051 6914 7754 
7080 7695 6741 7752 
7081 7136 7311 7771 
7082 7822 7204 7889 
7083 6913 7709 7748 
7084 6971 7161 7792 
7085 579 578 7715 
7086 7232 7689 7869 
7087 7208 7284 7907 
7088 7000 7203 7917 
7089 7386 6456 7959 
7090 6789 7574 7852 
7091 7603 7637 7821 
7092 7808 6623 7825 
7093 7055 7785 7883 
7094 624 623 7864 
7095 7738 7118 7771 
7096 474 475 7586 
7097 7098 7164 7846 
7098 7698 7064 7790 
7099 7704 7616 7793 
7100 386 387 7814 
7101 596 595 7836 
7102 7223 7115 7852 
7103 7226 6994 7902 
7104 7362 7903 7954 
7105 7778 7194 7898 
7106 6813 7662 7970 
7107 623 622 7847 
7108 621 620 7851 
7109 407 408 7961 
7110 7700 7247 7816 
7111 7308 7651 7977 
7112 612 611 7862 
7113 424 425 7867 
7114 7854 7439 7989 
7115 7920 7202 7942 
7116 7794 7176 7840 
7117 7177 7305 7840 
7118 7022 7815 7831 
7119 6433 7494 7963 
7120 7714 7485 7957 
7121 7564 7265 7975 
7122 352 353 7868 
7123 7279 7280 7845 
7124 7458 7874 7913 
7125 368 369 7885 
7126 7284 7209 7863 
7127 7489 7754 7873 
7128 420 421 7892 
7129 7797 7548 7798 
7130 366 367 7895 
7131 7849 6675 7924 
7132 7618 7602 7955 
7133 7212 7636 7986 
7134 7152 7839 7850 
7135 389 390 7925 
7136 7747 7128 7828 
7137 7734 7451 7938 
7138 7142 7653 7980 
7139 7231 7201 7901 
7140 401 402 7932 
7141 392 393 7935 
7142 7506 7251 7978 
7143 7669 7143 7980 
7144 6472 7940 7989 
7145 379 380 7954 
7146 7576 6454 7962 
7147 7172 7609 7919 
7148 7288 7941 7951 
7149 7944 6483 7987 
7150 374 375 7977 
7151 7613 7823 7948 
7152 7866 7322 7867 
7153 7110 7697 7939 
7154 7586 6499 7866 
7155 7321 7640 7988 
7156 6748 7843 7952 
7157 7827 6445 7929 
7158 7792 7492 7967 
7159 7296 7931 7941 
7160 7891 6638 7947 
7161 7174 7858 7985 
7162 341 577 52 
7163 631 521 58 
2 8 3 1434
7164 7634 7267 7229 7686 
7165 6915 7051 7753 7749 
7166 6595 7891 7285 7825 
7167 7298 7781 6448 7776 
7168 6984 7713 7775 7246 
7169 7284 7863 6465 7872 
7170 7226 7902 7281 7909 
7171 6462 7583 7267 7634 
7172 6495 7907 7284 7872 
7173 7491 7911 7753 7051 
7174 7453 7800 6448 7781 
7175 7408 7964 7637 7953 
7176 6451 7774 7295 7770 
7177 7680 7207 7494 6433 
7178 7609 7945 6693 7919 
7179 7235 7525 7126 7526 
7180 7920 7942 7270 7271 
7181 7232 7570 7334 7111 
7182 7958 7048 7982 7315 
7183 7713 6984 7659 7245 
7184 7189 7860 7593 7827 
7185 6915 7749 7717 6929 
7186 7121 7723 7390 7710 
7187 7916 6503 7899 519 
7188 7687 7121 7710 7205 
7189 6494 7568 7263 7317 
7190 7737 7143 7669 7403 
7191 7837 7223 7803 6928 
7192 7593 7163 7298 6488 
7193 7811 6432 7584 7274 
7194 7588 6867 7735 7537 
7195 7459 7961 408 7853 
7196 7233 7854 7768 7170 
7197 7594 7338 7339 6430 
7198 7583 7938 7450 7833 
7199 7307 7836 6454 7576 
7200 7388 7990 7335 7966 
7201 7514 7950 7568 6494 
7202 7864 623 7847 7240 
7203 7328 7892 6465 7863 
7204 6493 7597 7273 7415 
7205 7669 7980 7653 6939 
7206 7387 7701 6431 7758 
7207 7446 7454 6850 7449 
7208 7623 7116 7628 7505 
7209 7269 7984 7271 7270 
7210 7597 7701 7387 7273 
7211 7206 7287 7851 7796 
7212 7905 7110 7939 7632 
7213 7421 7951 7226 7909 
7214 7215 7928 7651 7308 
7215 7714 6694 7889 7520 
7216 7802 7344 7345 7718 
7217 7644 7757 7401 7054 
7218 7625 6485 7739 7499 
7219 7717 7939 7697 6929 
7220 7890 520 521 631 
7221 7933 7297 7970 7662 
7222 7932 7283 7879 6458 
7223 7264 7747 6438 7552 
7224 7874 7966 7337 7437 
7225 7862 7940 6472 612 
7226 7653 7142 7690 7483 
7227 7480 7887 6429 7878 
7228 7420 7729 7151 7702 
7229 6463 7851 7287 7744 
7230 7347 7349 7348 7091 
7231 7300 7667 6901 7301 
7232 6863 7771 7311 7788 
7233 7741 7903 7362 7200 
7234 7347 7346 7344 7802 
7235 7838 7351 7929 6445 
7236 7751 7512 7574 6789 
7237 7246 7952 7843 7247 
7238 7905 7180 7805 7621 
7239 6679 7875 6783 6677 
7240 7901 6773 7688 7231 
7241 7944 7959 7571 6483 
7242 7266 7989 7940 7224 
7243 7321 7988 7320 7210 
7244 7818 7206 7796 6450 
7245 7239 7750 6477 7307 
7246 7623 7960 7230 7113 
7247 7493 7027 7249 7875 
7248 7383 7382 7813 7174 
7249 7297 7933 7296 7036 
7250 7797 7798 342 343 
7251 7901 7201 7859 7404 
7252 7719 7730 6740 7504 
7253 7362 7954 6434 7969 
7254 6738 7695 7278 7685 
7255 7931 7296 7933 6725 
7256 6867 7849 7539 7735 
7257 7327 6470 7850 7839 
7258 6871 7869 6985 6872 
7259 7660 6738 7685 7532 
7260 7348 7887 7480 7546 
7261 7283 7791 7893 7197 
7262 7452 7926 6899 7807 
7263 7619 7762 7271 7984 
7264 7427 6897 6839 6841 
7265 7380 7035 7379 7824 
7266 7264 7927 7272 7005 
7267 7308 7977 6435 7984 
7268 7349 7347 7802 6460 
7269 7289 7635 6749 7516 
7270 7172 7919 7472 7319 
7271 6647 7350 7314 7253 
7272 7895 7557 7953 6442 
7273 6832 7884 7456 6776 
7274 7297 7457 7341 7970 
7275 7903 7741 6492 378 
7276 7522 7779 7161 7886 
7277 7849 7924 7540 7539 
7278 6452 7809 7228 7922 
7279 7231 7688 7507 7942 
7280 7329 6639 6656 7945 
7281 7189 7827 7929 7187 
7282 7930 6439 7439 7854 
7283 7642 7515 7904 7137 
7284 7366 7923 7364 7365 
7285 7261 7948 7823 7262 
7286 7409 7740 7801 7144 
7287 7434 7856 7435 7370 
7288 6468 7988 7640 477 
7289 6725 7933 7662 6719 
7290 7123 7915 7287 7206 
7291 7168 7858 7174 7173 
7292 7758 6431 7814 7345 
7293 7677 7122 7818 7383 
7294 7632 7939 7717 7145 
7295 7934 7282 7888 6960 
7296 7420 6740 7730 7729 
7297 7223 7852 7574 7803 
7298 7635 7319 7472 6749 
7299 7855 7914 7366 6761 
7300 7091 7348 7546 7077 
7301 6773 7901 7404 6764 
7302 7826 7305 7865 7018 
7303 6499 7640 7321 7866 
7304 7622 6493 7415 7277 
7305 7312 7747 7828 7310 
7306 7147 7738 7495 7629 
7307 7944 7987 7477 7976 
7308 7197 6951 7196 7283 
7309 6777 7707 6982 6624 
7310 7274 7584 6478 7508 
7311 7686 7229 7904 6467 
7312 7060 7058 7278 7981 
7313 7206 7818 7122 7123 
7314 7806 6765 7859 7198 
7315 7547 7782 6496 7318 
7316 7551 7898 7193 7991 
7317 7651 7928 6491 373 
7318 7566 7987 6483 483 
7319 6480 7927 7552 490 
7320 7618 7978 7251 7059 
7321 6484 7823 7613 584 
7322 6813 7970 7341 7668 
7323 7581 7784 6487 413 
7324 7301 6901 6703 6701 
7325 7343 7345 7344 7088 
7326 7197 7893 7339 7481 
7327 7257 7973 7259 7258 
7328 7510 7808 7222 7509 
7329 7113 7230 7191 6938 
7330 6485 7770 7295 7739 
7331 7688 6774 6838 7507 
7332 7496 7882 7256 7911 
7333 7875 6679 6766 7493 
7334 7841 7249 7937 7195 
7335 7613 7948 6469 585 
7336 7018 7865 7500 7412 
7337 6754 7799 7393 7556 
7338 7173 7790 7064 7168 
7339 7848 7414 7801 6436 
7340 6982 7564 7397 7398 
7341 7848 7611 7894 7192 
7342 7331 7974 7225 7224 
7343 7787 7805 7180 6921 
7344 7048 7958 7498 7047 
7345 7340 7341 7258 7259 
7346 7916 7890 630 6503 
7347 7740 7409 7885 369 
7348 7288 7951 7421 6967 
7349 6597 7825 6623 6599 
7350 7244 7513 7722 7486 
7351 7548 7881 6502 7798 
7352 6486 7829 355 356 
7353 7355 6729 7354 7817 
7354 7022 7831 7239 7139 
7355 7865 7304 7834 7500 
7356 7738 7771 6863 7495 
7357 6436 7801 7740 370 
7358 7580 7195 6964 7013 
7359 7286 7983 7368 7367 
7360 6991 7934 6960 6858 
7361 7868 7451 7734 352 
7362 7880 7406 7557 6490 
7363 7871 6481 7755 7352 
7364 6430 7893 7791 403 
7365 7560 7819 7037 6794 
7366 7772 7456 7884 7129 
7367 7409 7405 7880 7885 
7368 6509 7871 6507 6508 
7369 7868 353 6453 7842 
7370 7180 7905 7632 6958 
7371 7058 7056 7685 7278 
7372 7773 6553 7745 7252 
7373 6936 7676 7294 7293 
7374 7217 7963 7494 7014 
7375 7028 7393 7799 7260 
7376 7864 7850 6470 624 
7377 7804 7962 6454 594 
7378 7381 7879 7196 6952 
7379 6474 7911 7491 7488 
7380 7110 7905 7621 7050 
7381 6437 7946 7486 493 
7382 7867 425 7586 7866 
7383 474 7586 425 55 
7384 7417 7726 6471 616 
7385 7340 7785 6893 7668 
7386 6783 7841 7580 7540 
7387 7754 7489 7491 7051 
7388 7433 7843 6748 6652 
7389 7100 7914 7682 7087 
7390 578 577 341 7715 
7391 7741 7460 7762 6492 
7392 7361 7969 7277 7099 
7393 7390 7723 7150 7707 
7394 7913 7874 7437 6457 
7395 7385 7039 7565 7769 
7396 7795 7426 7804 593 
7397 7181 7889 7204 7182 
7398 7750 7239 7831 7230 
7399 7808 7510 7512 6623 
7400 7157 7714 7520 7156 
7401 7941 7664 7026 7951 
7402 6674 6673 6672 6694 
7403 7819 7211 7742 7037 
7404 7219 7712 7763 7329 
7405 7133 7739 7134 7049 
7406 7328 7275 7832 7892 
7407 6840 7926 6812 6839 
7408 7356 7777 7357 6722 
7409 7172 7982 7048 7046 
7410 7327 6511 6508 6506 
7411 7536 7835 7537 7535 
7412 7414 7848 7192 6993 
7413 7587 7687 7205 7438 
7414 7208 7907 7210 6987 
7415 7640 6499 476 477 
7416 6428 398 7824 7379 
7417 7773 7506 6557 6554 
7418 7448 7444 7442 7579 
7419 7291 7976 7290 7105 
7420 7721 7897 7474 7473 
7421 7794 7519 7716 7176 
7422 6682 6684 7516 6749 
7423 7426 7795 7600 7425 
7424 6949 7861 7123 7122 
7425 6753 7909 6752 6751 
7426 7456 7772 7746 6838 
7427 7597 6493 383 384 
7428 7221 7947 7286 6980 
7429 7256 7882 7255 7146 
7430 6517 7840 7305 7826 
7431 7789 7644 7054 6944 
7432 7310 7828 7311 7136 
7433 7144 7801 7414 6955 
7434 7497 6487 7784 7154 
7435 7795 592 6461 7600 
7436 7223 7837 7120 7115 
7437 7815 7022 7020 7114 
7438 7055 7883 7573 6704 
7439 6948 7759 7572 6885 
7440 6897 7427 7428 7429 
7441 7650 7131 7765 6551 
7442 6453 7829 7544 7842 
7443 7282 7934 7591 6974 
7444 7696 7102 7789 7396 
7445 7664 7941 7931 7665 
7446 7791 7283 7932 402 
7447 7531 7943 6478 501 
7448 6561 6558 6560 6563 
7449 7445 7447 7842 7544 
7450 7173 7174 7813 7726 
7451 7252 7745 7708 7061 
7452 7526 7979 7877 7190 
7453 7783 6747 7727 7683 
7454 7191 7831 7815 7392 
7455 7533 7186 7184 7323 
7456 6995 7902 6994 6907 
7457 6492 7762 7619 377 
7458 6490 368 7885 7880 
7459 7099 7148 7149 7361 
7460 7324 7936 6880 7578 
7461 7351 6489 7821 7188 
7462 7799 6754 7558 7765 
7463 6472 7989 7439 613 
7464 7330 7669 6939 6578 
7465 7304 7865 7305 7177 
7466 7294 7614 7049 7134 
7467 7242 7245 7244 7241 
7468 7611 7848 6436 371 
7469 7499 7766 6443 7625 
7470 392 7935 6429 391 
7471 6551 7765 7558 6548 
7472 6765 7806 7391 6759 
7473 7144 6953 7405 7409 
7474 6572 7601 7248 7525 
7475 7360 7727 6747 6714 
7476 7176 7716 6946 6977 
7477 7810 7544 7829 6486 
7478 6656 6640 6657 6681 
7479 7323 7725 6778 7533 
7480 6833 6894 6835 6828 
7481 6715 6813 7668 6713 
7482 7661 7112 7359 6532 
7483 6928 7803 7585 6800 
7484 7788 7311 7828 7128 
7485 6514 7826 6512 6513 
7486 7034 7067 7377 7378 
7487 7262 7263 7107 7261 
7488 6743 7728 7582 6744 
7489 6747 7783 7353 6716 
7490 6864 6831 6775 7652 
7491 7088 7344 7346 7081 
7492 7245 7659 7272 7513 
7493 6677 7924 6675 6676 
7494 7605 7108 7727 7360 
7495 7237 7861 7236 6943 
7496 6931 7659 6984 6983 
7497 7267 7268 7138 7229 
7498 7370 7922 7227 7369 
7499 7842 7447 7451 7868 
7500 7192 7894 7213 7130 
7501 7573 7883 6604 6602 
7502 7129 7884 7250 6992 
7503 7833 7450 7449 7452 
7504 7080 7078 7817 7141 
7505 6803 7910 6801 6802 
7506 6866 7703 6799 6801 
7507 6811 7575 6841 6839 
7508 6501 629 628 6504 
7509 7407 7410 7408 7406 
7510 6841 7422 7423 7427 
7511 7556 6540 6543 6754 
7512 6442 7953 7637 7603 
7513 7666 7971 6916 6869 
7514 7641 7965 6896 7975 
7515 7386 7959 7291 7105 
7516 7404 7859 6765 6760 
7517 7561 6976 7228 7487 
7518 395 7617 6459 394 
7519 7236 7756 7608 6521 
7520 7505 7628 6475 600 
7521 7614 7042 7045 7049 
7522 7036 6968 7457 7297 
7523 6445 7827 7592 361 
7524 7247 7700 6983 7246 
7525 7812 7706 7604 7475 
7526 6861 7788 6930 6862 
7527 7877 6985 7869 7689 
7528 6553 7773 6554 6552 
7529 7130 7772 7129 6993 
7530 6601 7751 6789 6603 
7531 7296 7941 7288 7036 
7532 7962 7804 7426 7424 
7533 7614 7294 7676 7041 
7534 7621 7805 6788 7633 
7535 6913 7748 7467 7555 
7536 7564 6982 7707 7265 
7537 6447 7882 7496 603 
7538 7148 7806 7198 7149 
7539 6939 7653 7358 6544 
7540 7323 7184 7182 7204 
7541 7364 7923 7844 7605 
7542 7061 7708 7657 7057 
7543 7822 6672 6670 7725 
7544 7521 7127 7023 7656 
7545 7609 7172 7046 7044 
7546 6485 7625 416 417 
7547 7805 7787 7220 6788 
7548 7098 7846 7148 7099 
7549 7109 7212 7697 7110 
7550 6624 6982 7398 6620 
7551 6879 6886 6878 6877 
7552 7787 6919 7720 7220 
7553 7329 7945 7218 7219 
7554 6761 7366 7365 6757 
7555 7786 6446 7559 7309 
7556 7253 7812 7475 6535 
7557 7202 7920 7460 7199 
7558 6694 6672 7822 7889 
7559 7708 6990 7281 7657 
7560 7254 7793 7528 6579 
7561 7367 7692 6980 7286 
7562 6702 7716 7519 6523 
7563 7041 7676 7598 6689 
7564 6890 7627 7536 7534 
7565 7947 6638 7983 7286 
7566 7193 7898 7194 6996 
7567 7673 6893 7785 7055 
7568 6802 6801 6800 7585 
7569 7374 7935 393 7949 
7570 7260 7765 7131 7195 
7571 7585 7803 7511 6969 
7572 7846 7391 7806 7148 
7573 6504 628 627 6497 
7574 7054 7401 7400 6613 
7575 518 7899 7562 517 
7576 6598 6597 6599 6600 
7577 7508 7943 7178 7010 
7578 7778 7898 6464 588 
7579 6441 611 610 7462 
7580 6793 7731 7599 6795 
7581 7396 7789 6944 7394 
7582 586 6469 7569 587 
7583 7028 7937 7249 7027 
7584 7481 6909 6951 7197 
7585 7665 7931 6725 6721 
7586 6894 7170 7169 6835 
7587 7790 7173 7726 7234 
7588 7591 7972 7238 6874 
7589 7302 7359 7112 7917 
7590 7436 7745 6553 6550 
7591 7225 7748 7709 6940 
7592 7643 7834 7545 511 
7593 6664 6649 7629 7495 
7594 7139 7239 7307 7576 
7595 7783 7141 7354 7353 
7596 7436 6549 6750 6990 
7597 7158 7811 7155 7156 
7598 7322 7866 7321 7210 
7599 7167 7719 7504 7649 
7600 7790 7234 7171 7698 
7601 7292 6506 6497 626 
7602 6674 7957 6676 6675 
7603 7187 7929 7351 7188 
7604 6981 7004 6882 6960 
7605 6491 7894 7611 372 
7606 7095 7097 7415 7273 
7607 7231 7942 7202 7201 
7608 7259 7883 7785 7340 
7609 6996 7194 7326 6997 
7610 7060 7618 7059 7058 
7611 7888 7860 7189 6981 
7612 7637 7964 7325 7821 
7613 7438 7205 6631 6633 
7614 7476 7786 7135 7002 
7615 6556 6555 6554 6557 
7616 6990 7708 7745 7436 
7617 6925 6847 7006 7008 
7618 7756 6884 6787 7608 
7619 7303 7921 7304 7177 
7620 7063 7759 7168 7064 
7621 6818 6978 6895 6830 
7622 6589 7763 7712 6637 
7623 7693 6970 6934 7692 
7624 7383 7818 6450 7382 
7625 7126 7248 7125 6986 
7626 7198 7859 7201 7199 
7627 6945 6851 7369 7227 
7628 7120 7731 7647 6611 
7629 7379 7378 7724 6428 
7630 7691 6868 7780 7119 
7631 7043 7630 7219 7218 
7632 6877 6876 6817 6880 
7633 7728 7031 7029 7582 
7634 7279 7006 7007 7280 
7635 354 355 7829 6453 
7636 6701 6702 6523 6524 
7637 7539 7540 7013 7538 
7638 6737 7702 6743 6742 
7639 7731 6793 6791 7647 
7640 6698 6680 6697 6836 
7641 7136 7771 7118 7135 
7642 7596 7983 6638 6591 
7643 7718 7345 7814 387 
7644 7501 6481 7871 6509 
7645 7568 7950 7106 7107 
7646 6572 7967 7492 6564 
7647 7724 7377 7376 7607 
7648 6919 7787 6921 6920 
7649 6922 7767 7040 6920 
7650 7380 7870 6458 7879 
7651 7599 7837 6928 6798 
7652 7663 7116 6937 6849 
7653 7579 6806 7455 7448 
7654 7448 7455 6809 7454 
7655 7468 7873 7466 7464 
7656 7595 7553 7104 7290 
7657 6546 7558 6754 6543 
7658 6746 7570 6871 6745 
7659 6447 602 7502 7646 
7660 7489 7873 7468 6444 
7661 7075 7546 7479 7073 
7662 7506 7773 7252 7251 
7663 7392 7402 6938 7191 
7664 7440 7781 7162 6972 
7665 7553 7595 6824 6692 
7666 7119 7780 7431 7615 
7667 6899 6840 6898 6900 
7668 6513 7839 7152 6515 
7669 7164 7682 7914 7855 
7670 7779 7492 7792 7161 
7671 7455 6686 6688 6809 
7672 6869 6916 6914 6870 
7673 7518 7960 6449 598 
7674 6544 6577 6578 6939 
7675 7482 7620 6531 6528 
7676 7472 7919 6693 6681 
7677 6963 7874 7458 6962 
7678 7509 7222 6950 6842 
7679 6844 6946 7716 6702 
7680 7972 7591 7934 6991 
7681 6970 7266 7224 6940 
7682 7205 7710 6630 6631 
7683 7145 7749 7146 6959 
7684 7169 7693 7692 7367 
7685 7711 7896 6823 6635 
7686 7649 7357 7777 7684 
7687 7204 7822 7725 7323 
7688 7454 7446 7444 7448 
7689 6989 7906 7705 6827 
7690 7704 7793 6988 6865 
7691 7604 7706 6577 6541 
7692 7861 6949 7756 7236 
7693 7346 7347 7091 7079 
7694 7422 6841 7575 7019 
7695 7514 346 347 6467 
7696 7160 7543 7158 7159 
7697 7079 7080 7081 7346 
7698 6637 7712 6650 6649 
7699 6902 7369 6851 6901 
7700 6828 6827 6829 6833 
7701 7258 7457 7024 7257 
7702 7702 7151 7728 6743 
7703 7077 7078 7079 7091 
7704 6726 6723 6724 6727 
7705 7533 6778 7524 7243 
7706 7042 7614 7041 6857 
7707 7005 7272 7659 6931 
7708 6889 7670 7062 6888 
7709 7808 7825 7285 7222 
7710 6870 7636 6822 6869 
7711 6751 7690 6859 6753 
7712 7667 7300 7008 7006 
7713 6777 6625 7389 7390 
7714 7430 7991 7523 6917 
7715 6855 7104 7553 6781 
7716 7855 7391 7846 7164 
7717 7577 7399 7401 7103 
7718 6506 6507 6505 6497 
7719 7388 6963 6903 6895 
7720 6566 6565 6564 7492 
7721 7049 7045 7047 7133 
7722 7712 7219 7630 6650 
7723 6668 6778 7725 6670 
7724 7576 7962 7424 7140 
7725 7141 7783 7683 7082 
7726 7652 7102 7696 6864 
7727 6759 6761 6757 6758 
7728 7392 7815 7114 7675 
7729 6515 7624 6516 6514 
7730 6745 6872 7658 6742 
7731 7132 7758 7343 7342 
7732 7293 7774 7165 6936 
7733 6630 7710 7389 6627 
7734 6589 6588 6587 7763 
7735 7936 7324 7325 7964 
7736 7038 7301 7416 6529 
7737 6885 7572 7175 6883 
7738 7096 7164 7098 7097 
7739 411 7760 7680 410 
7740 7603 7821 6489 364 
7741 7760 411 412 6487 
7742 7170 7768 7693 7169 
7743 7163 7282 6974 7162 
7744 7299 7008 7300 7038 
7745 6717 7662 6813 6715 
7746 7402 7675 7542 6785 
7747 7002 6927 7003 7476 
7748 6990 6750 6752 7281 
7749 6884 7756 6949 6947 
7750 7000 7917 7112 6998 
7751 7720 6786 6784 7631 
7752 7683 7727 7108 7084 
7753 6944 7054 6613 6614 
7754 7469 7974 6441 7462 
7755 7361 7149 7200 7362 
7756 7555 7465 7764 6866 
7757 7004 7324 7578 6882 
7758 7636 7212 7819 7560 
7759 6519 6521 6520 6518 
7760 6809 6688 6696 6810 
7761 7019 7020 7021 7422 
7762 7424 7426 7425 7423 
7763 6894 7698 7171 7170 
7764 7222 7285 7221 6950 
7765 6735 7702 6737 6736 
7766 6742 7658 6741 6737 
7767 7544 7810 7443 7445 
7768 7624 6943 6519 6516 
7769 6675 7849 6673 6674 
7770 7482 6883 7175 7620 
7771 7422 7021 7140 7423 
7772 7504 6740 6731 6730 
7773 6958 7632 7145 6959 
7774 7243 7775 7713 7242 
7775 6853 7598 7676 6936 
7776 7844 7923 7100 7086 
7777 7398 7397 7395 6619 
7778 6872 6985 6986 7124 
7779 342 7798 7715 341 
7780 348 7686 6467 347 
7781 7936 7410 7411 6880 
7782 7616 7704 6683 6657 
7783 7056 6995 6907 7532 
7784 6624 6622 6625 6777 
7785 7220 7720 7631 6641 
7786 6854 7671 6856 6855 
7787 7473 7474 6461 591 
7788 7856 7736 7733 7435 
7789 7837 7599 7731 7120 
7790 6729 7355 7356 6720 
7791 7101 7377 7067 7069 
7792 7517 7863 7209 7671 
7793 7617 7376 7375 6459 
7794 7064 7698 6834 7063 
7795 6969 7510 7509 6804 
7796 6983 7700 6862 6931 
7797 7610 6891 6887 6879 
7798 6814 7665 6723 6726 
7799 7005 6931 6930 7128 
7800 7678 7852 7115 6609 
7801 6512 7826 7018 6510 
7802 7528 7793 7616 6640 
7803 7768 7266 6970 7693 
7804 7234 7930 7233 7171 
7805 7092 7373 7372 7371 
7806 7835 7536 7627 7694 
7807 7032 7034 7378 7035 
7808 7001 7118 7738 7147 
7809 7674 7147 7629 6651 
7810 7076 7820 7078 7077 
7811 6836 6697 7484 6881 
7812 6619 7394 6616 6618 
7813 6974 7591 6874 6972 
7814 7109 7050 6790 7211 
7815 7097 7098 7099 7277 
7816 7199 7460 7200 7149 
7817 6480 491 7722 7513 
7818 7633 6628 7050 7621 
7819 7488 606 605 6474 
7820 6444 607 606 7488 
7821 7090 7682 7096 7095 
7822 7780 7816 7432 7431 
7823 6540 7556 6538 6539 
7824 7081 7080 7082 7083 
7825 6655 7674 6651 6654 
7826 7850 7864 7240 7152 
7827 7381 7030 7035 7380 
7828 6987 7320 7039 6942 
7829 7981 7278 7695 7752 
7830 7869 6871 7570 7232 
7831 7332 7917 7203 7908 
7832 7066 7068 7067 7034 
7833 7265 7062 7641 7975 
7834 6651 7629 6649 6650 
7835 6450 7796 619 618 
7836 6993 7129 6992 6955 
7837 6629 6632 6631 6630 
7838 6610 6609 6611 6612 
7839 6900 6898 6917 6918 
7840 607 6444 7490 608 
7841 7519 7794 6518 6520 
7842 7068 7719 7070 7069 
7843 7033 7066 7034 7032 
7844 7385 7769 6456 7386 
7845 6510 6508 6511 6512 
7846 7677 7985 7858 6948 
7847 7658 7124 7752 6741 
7848 6625 6626 6627 7389 
7849 7400 7399 6608 6610 
7850 7654 6790 6626 6622 
7851 7454 6809 6810 6850 
7852 7083 7082 7084 7085 
7853 6667 6653 6652 6748 
7854 7778 588 587 7569 
7855 510 7545 6455 509 
7856 6958 6922 6921 7180 
7857 7357 7649 6730 6724 
7858 6772 6771 7652 6775 
7859 6999 6538 7556 7393 
7860 6776 7456 6838 6774 
7861 7570 6746 6820 7334 
7862 7085 7086 7087 7089 
7863 7461 6556 6558 7639 
7864 6606 7678 6609 6608 
7865 7040 7918 7663 6920 
7866 7635 7289 7017 7053 
7867 7102 7652 6771 6908 
7868 6662 7655 6663 6661 
7869 6732 7660 7549 6727 
7870 7303 7177 6977 7561 
7871 6690 6780 6692 6691 
7872 7706 6825 6584 6577 
7873 6716 6715 6714 6747 
7874 6714 6713 6712 7360 
7875 7742 7211 7654 6621 
7876 6723 6721 6722 6724 
7877 6648 6665 7691 6636 
7878 6559 6845 6555 6556 
7879 7554 7742 6621 6618 
7880 6920 7663 6849 6919 
7881 7350 7175 7572 7065 
7882 6950 6980 6933 6842 
7883 6738 7660 6734 6736 
7884 6735 6734 6733 7420 
7885 7655 6782 6687 6663 
7886 7547 7313 7262 7823 
7887 7030 7031 7032 7035 
7888 6586 6640 6639 6587 
7889 7069 7070 7071 7371 
7890 6882 7578 6816 6858 
7891 7142 7980 7143 6965 
7892 7490 7468 7464 6473 
7893 6821 7666 6869 6822 
7894 7620 6647 6533 6531 
7895 7508 7010 7011 7274 
7896 6566 7779 6568 6567 
7897 7179 7761 7117 7178 
7898 6721 6719 6720 6722 
7899 6966 7023 6968 6967 
7900 7147 7674 6926 7001 
7901 6875 6837 6836 6881 
7902 6815 6868 6665 6779 
7903 6787 6884 6883 6527 
7904 6691 6926 7674 6655 
7905 6763 7679 6908 6771 
7906 6700 6818 6762 6684 
7907 6717 6715 6716 6718 
7908 6584 6590 6585 6578 
7909 6587 6588 6580 6586 
7910 6649 6664 6648 6637 
7911 7759 7063 7065 7572 
7912 6843 6805 6842 6933 
7913 6726 7549 6905 6814 
7914 7391 7855 6761 6759 
7915 6966 6965 7656 7023 
7916 7461 7534 7025 6559 
7917 6774 7688 6773 6772 
7918 7016 7494 7207 7052 
7919 6806 6807 6685 6686 
7920 6744 6745 6742 6743 
7921 6800 6799 6798 6928 
7922 6992 7250 7670 6892 
7923 6893 7673 6711 6713 
7924 6563 7601 6572 6564 
7925 6548 7558 6546 6547 
7926 7010 6875 6881 7011 
7927 7029 7031 7030 6952 
7928 6443 7581 414 415 
7929 410 7680 6433 409 
7930 7625 6443 415 416 
7931 404 7594 6430 403 
7932 396 7607 7617 395 
7933 6907 6906 6905 7532 
7934 7014 7015 6904 6962 
7935 7073 7479 7092 7071 
7936 6853 6936 6935 6852 
7937 6705 7577 6707 6706 
7938 6522 6525 6524 6523 
7939 7255 7646 7767 6959 
7940 6671 6673 6867 7588 
7941 6797 6799 7703 6821 
7942 6474 605 604 7496 
7943 6641 7631 6642 6633 
7944 7671 7209 6961 6856 
7945 7072 7074 7073 7071 
7946 7279 7845 6902 7667 
7947 6612 6615 6614 6613 
7948 6635 6583 6634 6652 
7949 6848 6786 6849 6937 
7950 7042 7043 7044 7045 
7951 7631 6784 6645 6642 
7952 6620 6618 6621 6622 
7953 7598 6853 6780 6690 
7954 6695 6687 6782 7019 
7955 6552 6551 6550 6553 
7956 6658 6784 6785 7542 
7957 360 7592 6488 359 
7958 6830 7645 6762 6818 
7959 6537 7661 6534 6536 
7960 6734 7660 6732 6733 
7961 6806 7579 6873 6807 
7962 7365 7364 7363 6755 
7963 6876 7687 7587 6770 
7964 7462 610 609 6473 
7965 6473 609 608 7490 
7966 6795 6797 6796 6794 
7967 7542 6662 6659 6658 
7968 7037 7742 7554 6792 
7969 6712 6711 6710 6728 
7970 6628 7633 6629 6627 
7971 6475 7628 7503 7502 
7972 6708 7673 6706 6707 
7973 7511 7512 7510 6969 
7974 6955 6992 6892 6953 
7975 6573 7694 6570 6571 
7976 6781 7553 6692 6780 
7977 6614 6615 6616 7394 
7978 7154 7315 7053 7052 
7979 6961 7208 6987 6942 
7980 6636 7691 7119 6588 
7981 7046 7048 7047 7045 
7982 7268 7807 7638 7138 
7983 6940 7709 6843 6934 
7984 6979 7432 7433 6634 
7985 7645 6830 6904 7015 
7986 6926 6691 6824 6927 
7987 6805 7709 6913 6803 
7988 6816 6817 6770 6769 
7989 6539 7604 6541 6540 
7990 6637 6648 6636 6589 
7991 6969 6804 6802 7585 
7992 7564 7975 7612 7397 
7993 7185 7184 7186 7241 
7994 6887 6888 6886 6879 
7995 6650 7630 6654 6651 
7996 6768 7587 7438 6643 
7997 6643 6642 6644 6767 
7998 7464 7465 7463 6473 
7999 7153 7743 7624 6515 
8000 6763 6771 6764 6760 
8001 6968 7023 7024 7457 
8002 7177 7840 7176 6977 
8003 7582 7029 6910 6819 
8004 6583 7694 6573 6582 
8005 6859 7142 6965 6860 
8006 6689 7598 6690 6655 
8007 7342 7088 7083 7085 
8008 6644 6645 6646 7418 
8009 7131 7650 6845 6964 
8010 6536 6539 6538 6537 
8011 6580 7615 6576 6579 
8012 365 6442 7603 364 
8013 6617 7554 6618 6616 
8014 7167 7684 7072 7070 
8015 7718 388 6460 7802 
8016 6786 7720 6919 6849 
8017 6808 7606 6700 6699 
8018 7443 7442 7444 7445 
8019 6744 7582 6819 6746 
8020 6937 7113 6938 6848 
8021 6542 6541 6544 7358 
8022 6782 7655 7114 7020 
8023 7671 6854 7541 7517 
8024 7700 6868 6815 6862 
8025 6526 6525 6527 6528 
8026 6798 6797 6795 7599 
8027 6477 7750 7518 597 
8028 7958 7316 7766 7498 
8029 6834 7698 6833 6829 
8030 6641 6632 6788 7220 
8031 6565 6890 7639 6561 
8032 7001 6926 6927 7002 
8033 6582 6574 7413 6979 
8034 6547 6546 6545 7483 
8035 6574 6582 6573 6571 
8036 7575 6811 6696 6695 
8037 7606 6978 6818 6700 
8038 6892 7670 6889 6891 
8039 6973 6873 7579 7442 
8040 7117 6875 7010 7178 
8041 6719 6717 6718 6720 
8042 6739 6756 6755 6709 
8043 6535 6533 6647 7253 
8044 6704 7573 6605 6607 
8045 7124 6986 7125 7276 
8046 6957 6956 6996 6997 
8047 7103 7679 6756 6739 
8048 6758 6756 7679 6763 
8049 6929 7986 7636 6870 
8050 7334 6820 6911 7335 
8051 7692 6934 6933 6980 
8052 7118 7001 7002 7135 
8053 7188 7324 7004 7187 
8054 7399 6705 6607 6608 
8055 7923 7366 7914 7100 
8056 6699 7704 6865 6808 
8057 6567 7627 6890 6565 
8058 6910 7029 6952 6951 
8059 6592 6593 6594 7403 
8060 6999 7393 7028 7027 
8061 6954 6891 7610 7407 
8062 7021 7022 7139 7140 
8063 7647 6791 6615 6612 
8064 6706 7055 6704 6705 
8065 7074 7076 7075 7073 
8066 6770 7587 6768 6769 
8067 6856 6961 6942 6941 
8068 6808 6912 7190 7606 
8069 7036 7288 6967 6968 
8070 6682 6657 6683 6684 
8071 7777 7356 7355 7094 
8072 7121 7687 6878 6886 
8073 7093 7132 7089 7090 
8074 7535 7025 7534 7536 
8075 6710 6708 6709 7363 
8076 6639 7329 7763 6587 
8077 7003 6927 7595 7290 
8078 6909 6911 6820 6819 
8079 7104 6855 6941 7105 
8080 7458 7913 7459 7217 
8081 7134 7295 7293 7294 
8082 7736 7856 7280 7761 
8083 6854 6781 6852 7541 
8084 7052 7053 7017 7016 
8085 7497 7052 7207 7760 
8086 7630 7043 6857 6654 
8087 7639 6890 7534 7461 
8088 502 503 6440 7531 
8089 7367 7368 6835 7169 
8090 7730 7719 7068 7066 
8091 6663 6687 6686 6685 
8092 6560 6557 7506 7978 
8093 6711 7673 6708 6710 
8094 6615 6791 6617 6616 
8095 7761 7007 7681 7117 
8096 6576 7413 6574 6575 
8097 6767 7567 6769 6768 
8098 6555 7650 6552 6554 
8099 6978 7689 7232 7111 
8100 7471 6479 496 497 
8101 6499 7586 475 476 
8102 6665 6648 6664 6779 
8103 7432 7816 7247 7843 
8104 6861 6815 6779 6863 
8105 6611 6609 7115 7120 
8106 6780 6853 6852 6781 
8107 6550 6548 6549 7436 
8108 7429 7897 7430 6917 
8109 7645 7289 7516 6762 
8110 6945 6946 6844 6851 
8111 6428 7724 7607 397 
8112 6759 6758 6760 6765 
8113 6689 6654 6857 7041 
8114 6617 6791 6792 7554 
8115 6633 6642 6643 7438 
8116 6595 6597 6596 6594 
8117 7699 7908 6766 6680 
8118 6683 7704 6699 6684 
8119 6796 6797 6821 6822 
8120 7743 7237 6943 7624 
8121 7155 7274 7011 7012 
8122 7527 7732 6440 503 
8123 6592 7330 6585 6591 
8124 6688 6687 6695 6696 
8125 7541 6935 7166 7517 
8126 7588 7896 7711 6669 
8127 7419 7972 6991 7567 
8128 7016 7017 7015 7014 
8129 7633 6788 6632 6629 
8130 7159 7158 7156 7520 
8131 6998 7112 7661 6537 
8132 6707 6739 6709 6708 
8133 6767 6644 7418 7567 
8134 6875 7117 7681 6837 
8135 6837 7681 6847 6846 
8136 6718 6716 7353 6729 
8137 6545 6542 7358 7483 
8138 6632 6641 6633 6631 
8139 6588 7119 7615 6580 
8140 6646 6645 6658 6659 
8141 6668 6670 6669 6653 
8142 6971 6912 6865 6988 
8143 7733 7732 7527 6476 
8144 6785 6784 6786 6848 
8145 6874 7238 6807 6873 
8146 6733 6731 6740 7420 
8147 7012 6881 7484 7157 
8148 6606 6608 6607 6605 
8149 6507 7871 7352 6505 
8150 7306 7648 6598 6600 
8151 406 6457 7589 405 
8152 407 7961 6457 406 
8153 7093 7095 7273 7387 
8154 6662 7542 7675 7655 
8155 6914 7051 6915 6870 
8156 6570 7627 6567 6568 
8157 7059 7061 7057 7058 
8158 7981 7276 7956 7060 
8159 7360 6712 6728 7605 
8160 7608 6787 6525 6522 
8161 7012 7157 7156 7155 
8162 6521 6519 6943 7236 
8163 7084 7108 7086 7085 
8164 6520 6522 6523 7519 
8165 7470 7181 7182 7183 
8166 7309 7310 7136 7135 
8167 6860 6965 6966 6967 
8168 6628 6626 6790 7050 
8169 6653 7711 6635 6652 
8170 6903 6963 6962 6904 
8171 7571 7959 6456 481 
8172 7767 7646 7503 7040 
8173 6873 6973 6972 6874 
8174 6661 7590 6660 6659 
8175 7413 6576 7615 7431 
8176 6756 6758 6757 6755 
8177 7250 7965 7641 7670 
8178 6638 7891 6593 6591 
8179 362 7838 6445 361 
8180 7368 7596 6826 6828 
8181 6844 6702 6703 6851 
8182 6646 6659 6660 7418 
8183 7138 7638 6923 7137 
8184 7441 7453 7440 6973 
8185 7684 7777 7094 7074 
8186 7475 7604 6539 6536 
8187 7732 7733 7736 7179 
8188 6545 6546 6543 6542 
8189 6829 7705 6975 6834 
8190 6825 7706 6989 6827 
8191 7751 6601 6599 6623 
8192 6730 6731 6727 6724 
8193 7416 6701 6524 6526 
8194 6728 6710 7363 7364 
8195 7153 7240 7478 7743 
8196 6858 6769 7567 6991 
8197 6562 7690 6751 6750 
8198 6590 7596 6591 6585 
8199 7686 348 349 7634 
8200 6764 6771 6772 6773 
8201 7766 7316 7784 7581 
8202 7025 7538 6932 6559 
8203 589 6464 7550 590 
8204 590 7550 7473 591 
8205 7350 6647 7620 7175 
8206 7159 7181 7470 7160 
8207 405 7589 7594 404 
8208 6590 6825 6826 7596 
8209 6685 7590 6661 6663 
8210 7057 7657 6995 7056 
8211 7560 6796 6822 7636 
8212 382 6493 7622 381 
8213 7501 6466 513 514 
8214 7479 7546 7480 7373 
8215 7412 6509 6510 7018 
8216 6909 6819 6910 6951 
8217 6596 7648 6666 6594 
8218 7349 7925 7626 7887 
8219 7755 515 516 6498 
8220 6579 7528 6586 6580 
8221 6581 7359 7302 7299 
8222 6535 7475 6536 6534 
8223 6916 7873 7754 6914 
8224 7471 7912 7543 7160 
8225 7521 7737 6666 7648 
8226 7186 7243 7242 7241 
8227 6528 6531 6530 6529 
8228 7234 7726 7417 7930 
8229 6500 7797 343 344 
8230 6923 7638 6900 6918 
8231 7087 7682 7090 7089 
8232 7137 7904 7229 7138 
8233 7317 344 345 6494 
8234 7408 7953 7557 7406 
8235 7352 6498 7563 6505 
8236 7411 7610 6879 6877 
8237 7031 7151 7033 7032 
8238 6678 6680 6679 6677 
8239 6732 6727 6731 6733 
8240 6924 6923 6918 6956 
8241 7538 7535 7735 7539 
8242 7502 602 601 6475 
8243 6739 6707 7577 7103 
8244 6999 6998 6537 6538 
8245 6602 6601 6603 6605 
8246 6779 6664 7495 6863 
8247 6671 6670 6672 6673 
8248 7467 7463 7465 7555 
8249 7505 600 599 6449 
8250 7477 7876 7476 7003 
8251 6776 6775 6831 6832 
8252 7441 6973 7442 7443 
8253 7183 7182 7184 7185 
8254 6634 6583 6582 6979 
8255 7811 7158 7543 6432 
8256 6891 6954 6953 6892 
8257 6774 6772 6775 6776 
8258 6495 424 7867 7322 
8259 7143 7737 7656 6965 
8260 7523 7193 6956 6918 
8261 7854 7989 7266 7768 
8262 6878 7687 6876 6877 
8263 6823 7694 6583 6635 
8264 6610 6612 6613 7400 
8265 386 7814 6431 385 
8266 7561 7487 6455 7303 
8267 6924 6957 7642 7137 
8268 6668 6653 6667 6778 
8269 7319 7635 7053 7315 
8270 6884 6947 6885 6883 
8271 7395 7397 7612 6864 
8272 7269 7216 7215 7308 
8273 7214 7746 7772 7130 
8274 7493 6766 7908 7203 
8275 6542 6543 6540 6541 
8276 6814 6905 6906 7664 
8277 7634 349 350 6462 
8278 7128 7747 7264 7005 
8279 6531 6533 6532 6530 
8280 7797 6500 7318 7548 
8281 7499 7739 7133 7498 
8282 7483 7690 6562 6547 
8283 7485 7484 6697 6678 
8284 7276 7981 7752 7124 
8285 6483 7571 482 483 
8286 6817 6816 7578 6880 
8287 6846 7699 6698 6837 
8288 7406 7880 7405 6954 
8289 6600 6599 6601 6602 
8290 6619 6618 6620 7398 
8291 6748 7952 7524 6667 
8292 6533 6535 6534 6532 
8293 6521 7608 6522 6520 
8294 7583 7833 7268 7267 
8295 7342 7085 7089 7132 
8296 7748 7974 7469 7467 
8297 7847 622 6463 7478 
8298 6964 6845 6932 7013 
8299 6842 6805 6804 7509 
8300 6549 6547 6562 6750 
8301 6603 7678 6606 6605 
8302 7883 7259 7973 6604 
8303 6681 6682 6749 7472 
8304 6604 7973 7306 6600 
8305 7384 6941 6942 7039 
8306 6889 6888 6887 6891 
8307 6935 6936 7165 7166 
8308 7384 7386 7105 6941 
8309 7106 7950 7642 6957 
8310 7481 7339 7336 6911 
8311 6807 7238 7590 6685 
8312 7549 7660 7532 6905 
8313 6486 7800 7453 7810 
8314 6571 6568 7522 6575 
8315 7469 7462 7463 7467 
8316 7695 6738 6736 6741 
8317 7190 7877 7689 7606 
8318 6988 7886 7161 6971 
8319 7376 7377 7101 7375 
8320 6976 6977 6946 6945 
8321 579 7715 6502 580 
8322 7116 7623 7113 6937 
8323 6575 7254 6579 6576 
8324 6470 7327 7292 625 
8325 6792 6791 6793 6794 
8326 489 7552 6438 488 
8327 6846 6847 6925 7333 
8328 7474 7897 7428 7600 
8329 7063 6834 6975 7065 
8330 7382 618 617 6471 
8331 6903 6904 6830 6895 
8332 6810 6696 6811 6812 
8333 7373 7878 7374 7372 
8334 7235 6971 7792 7967 
8335 7166 7165 7275 7328 
8336 6959 7767 6922 6958 
8337 7485 7714 7157 7484 
8338 7956 7276 7125 7602 
8339 6902 7845 7434 7369 
8340 7024 7023 7127 7257 
8341 6898 6897 7429 6917 
8342 6847 7681 7007 7006 
8343 7306 7257 7127 7648 
8344 7333 7009 7332 7908 
8345 7520 7889 7181 7159 
8346 506 507 6452 7530 
8347 7333 7908 7699 6846 
8348 7008 7299 7009 6925 
8349 517 7562 6498 516 
8350 7530 6476 505 506 
8351 7431 7432 6979 7413 
8352 6789 7852 7678 6603 
8353 7419 6660 7590 7238 
8354 6526 6528 6529 7416 
8355 504 505 6476 7527 
8356 6906 6907 6994 7026 
8357 6826 6825 6827 6828 
8358 7601 7955 7602 7248 
8359 6753 6859 6860 7421 
8360 7241 7946 7830 7185 
8361 7107 7106 6997 7261 
8362 6564 6565 6561 6563 
8363 7589 7437 7338 7594 
8364 7644 7789 7102 6908 
8365 7227 7228 6976 6945 
8366 7208 6961 7209 7284 
8367 6666 7737 7403 6594 
8368 6451 419 7832 7275 
8369 7015 7017 7289 7645 
8370 7427 7423 7425 7428 
8371 7418 6660 7419 7567 
8372 7618 7060 7956 7602 
8373 6840 6839 6897 6898 
8374 6848 6938 7402 6785 
8375 486 487 6482 7559 
8376 7111 7990 7388 6895 
8377 7486 7722 492 493 
8378 7150 6888 7062 7265 
8379 7000 6998 6999 7027 
8380 7270 7507 7216 7269 
8381 7337 7335 7336 7338 
8382 6429 7887 7626 391 
8383 7500 7834 7643 6466 
8384 6517 6514 6516 6518 
8385 6558 6556 6557 6560 
8386 7211 7819 7212 7109 
8387 495 496 6479 7672 
8388 7857 7943 7531 6440 
8389 7194 7778 7569 7326 
8390 7732 7179 7857 6440 
8391 7672 6437 494 495 
8392 7786 7476 7876 6446 
8393 7838 362 363 6489 
8394 6581 6529 6530 7359 
8395 7065 6975 7314 7350 
8396 6981 7189 7187 7004 
8397 7317 7263 7313 6500 
8398 7185 7830 7529 7183 
8399 6438 7747 7312 7968 
8400 7218 7945 7609 7044 
8401 7734 7938 6462 351 
8402 7387 7758 7132 7093 
8403 7226 7951 7026 6994 
8404 7146 7749 7753 7256 
8405 6527 6883 7482 6528 
8406 7489 6444 7488 7491 
8407 7122 7677 6947 6949 
8408 6598 7648 6596 6597 
8409 512 513 6466 7643 
8410 7101 7069 7371 7375 
8411 583 7782 6484 584 
8412 7038 6529 6581 7299 
8413 6451 7770 418 419 
8414 499 7584 6432 498 
8415 366 7895 6442 365 
8416 7447 7446 7449 7450 
8417 7394 6619 7395 7396 
8418 7213 7928 7215 7214 
8419 6466 7501 7412 7500 
8420 6804 6805 6803 6802 
8421 7411 7410 7407 7610 
8422 7764 7971 7666 7703 
8423 7794 7840 6517 6518 
8424 485 7559 6446 484 
8425 7445 7444 7446 7447 
8426 6985 7877 7979 6986 
8427 7858 7168 7759 6948 
8428 7441 7443 7810 7453 
8429 6669 6670 6671 7588 
8430 7960 7518 7750 7230 
8431 6812 7926 6850 6810 
8432 7696 7396 7395 6864 
8433 7744 7915 7237 7743 
8434 7203 7000 7027 7493 
8435 7517 7166 7328 7863 
8436 6482 7968 7312 7310 
8437 6511 7839 6513 6512 
8438 7075 7076 7077 7546 
8439 7565 7039 7320 7988 
8440 7638 7807 6899 6900 
8441 7844 7086 7108 7605 
8442 7152 7240 7153 6515 
8443 7309 7559 6482 7310 
8444 7529 7830 7672 6479 
8445 509 6455 7487 508 
8446 7592 7827 7593 6488 
8447 7251 7252 7061 7059 
8448 7094 7820 7076 7074 
8449 581 7881 6496 582 
8450 7466 7971 7764 7465 
8451 6823 7896 7835 7694 
8452 6496 7881 7548 7318 
8453 500 501 6478 7584 
8454 7762 7460 7920 7271 
8455 6912 6971 7235 7526 
8456 7009 7299 7302 7332 
8457 7705 7906 7314 6975 
8458 7325 7324 7188 7821 
8459 401 7932 6458 400 
8460 7162 7781 7298 7163 
8461 7417 616 615 6439 
8462 6434 381 7622 7969 
8463 6962 7458 7217 7014 
8464 7862 611 6441 7331 
8465 7435 7733 6476 7530 
8466 6593 7891 6595 6594 
8467 7551 7991 7721 7550 
8468 6448 7800 357 358 
8469 6947 7677 6948 6885 
8470 7285 7891 7947 7221 
8471 7769 479 480 6456 
8472 6435 376 7619 7984 
8473 6464 7898 7551 7550 
8474 6504 6497 6505 7563 
8475 6446 7876 7566 484 
8476 7330 6592 7403 7669 
8477 7385 7386 7384 7039 
8478 6465 7892 421 422 
8479 7313 7547 7318 6500 
8480 7470 7183 7529 6479 
8481 7812 7906 6989 7706 
8482 596 7836 6477 597 
8483 6454 7836 595 594 
8484 7563 6498 7562 6501 
8485 7530 7922 7370 7435 
8486 7216 7746 7214 7215 
8487 6896 7965 6832 6831 
8488 7522 7886 7254 6575 
8489 7830 7946 6437 7672 
8490 7261 6997 7326 7948 
8491 7646 7255 7882 6447 
8492 7178 7943 7857 7179 
8493 7291 7959 7944 7976 
8494 7478 6463 7744 7743 
8495 7894 6491 7928 7213 
8496 7375 7371 7372 6459 
8497 7471 7160 7470 6479 
8498 6490 7895 367 368 
8499 7326 7569 6469 7948 
8500 7439 6439 614 613 
8501 621 7851 6463 622 
8502 620 619 7796 7851 
8503 7860 7888 7282 7163 
8504 478 7900 6468 477 
8505 6676 7957 7485 6678 
8506 7450 7938 7451 7447 
8507 6495 7872 423 424 
8508 7899 6503 6501 7562 
8509 6868 7700 7816 7780 
8510 7746 7216 7507 6838 
8511 6468 7900 7565 7988 
8512 7927 6480 7513 7272 
8513 7626 7925 390 391 
8514 6569 7955 7601 6563 
8515 6449 7960 7623 7505 
8516 7856 7434 7845 7280 
8517 7612 7975 6896 6831 
8518 389 7925 6460 388 
8519 399 7870 7824 398 
8520 6494 345 346 7514 
8521 7331 7224 7940 7862 
8522 7511 7803 7574 7512 
8523 515 7755 6481 514 
8524 379 7954 7903 378 
8525 7915 7123 7861 7237 
8526 6484 7782 7547 7823 
8527 7459 7853 7963 7217 
8528 374 7977 7651 373 
8529 6694 7714 7957 6674 
8530 417 418 7770 6485 
8531 7316 7958 7315 7154 
8532 7935 7374 7878 6429 
8533 420 7892 7832 419 
8534 6866 6801 7910 7555 
8535 6850 7926 7452 7449 
8536 7723 7121 6886 6888 
8537 7729 7730 7066 7033 
8538 6435 7977 375 376 
8539 580 6502 7881 581 
8540 7757 7644 6908 7679 
8541 6434 7954 380 381 
8542 7912 498 6432 7543 
8543 7964 7408 7410 7936 
8544 7886 6988 7793 7254 
8545 385 6431 7701 384 
8546 7322 7210 7907 6495 
8547 356 357 7800 6486 
8548 7961 7459 7913 6457 
8549 507 508 7809 6452 
8550 7965 7250 7884 6832 
8551 7776 358 359 6488 
8552 582 6496 7782 583 
8553 7657 7281 7902 6995 
8554 7372 7374 7949 6459 
8555 6433 7963 7853 409 
8556 7515 7642 7950 7514 
8557 7873 6916 7971 7466 
8558 520 7890 7916 519 
8559 7955 6569 7978 7618 
8560 7275 7165 7774 6451 
8561 7116 7663 7918 7628 
8562 7967 6572 7525 7235 
8563 6467 7904 7515 7514 
8564 6471 7726 7813 7382 
8565 7834 7304 7921 7545 
8566 7721 7991 7430 7897 
8567 7807 7268 7833 7452 
8568 422 423 7872 6465 
8569 7870 399 400 6458 
8570 7987 7566 7876 7477 
8571 7809 508 7487 7228 
8572 7952 7246 7775 7524 
8573 7817 7078 7820 7355 
8574 7900 478 479 7769 
8575 7841 6783 7875 7249 
8576 7757 7679 7103 7401 
8577 7966 7874 6963 7388 
8578 6503 630 629 6501 
8579 487 488 7968 6482 
8580 6455 7545 7921 7303 
8581 6656 6681 6693 7945 
8582 7503 7628 7918 7040 
8583 394 6459 7949 393 
8584 7906 7812 7253 7314 
8585 7976 7477 7003 7290 
8586 7260 7195 7937 7028 
8587 497 498 7912 7471 
8588 7946 7241 7244 7486 
8589 7896 7588 7537 7835 
8590 7910 6803 6913 7555 
8591 7924 6677 6783 7540 
8592 6569 6563 6560 7978 
8593 7319 7315 7982 7172 
8594 7126 6986 7979 7526 
8595 7985 7677 7383 7174 
8596 7697 7212 7986 6929 
8597 7334 7335 7990 7111 
$EndElements
