$MeshFormat
4.1 0 8
$EndMeshFormat
$Entities
75 80 6 0
1 1 0 0 0 
4 0.97 0.004277 0 0 
7 0.9399999999999999 0.008395 0 0 
10 0.91 0.012361 0 0 
13 0.88 0.016183 0 0 
16 0.85 0.019868 0 0 
19 0.82 0.02342 0 0 
22 0.79 0.026841 0 0 
25 0.76 0.030135 0 0 
28 0.73 0.0333 0 0 
31 0.7 0.036337 0 0 
34 0.67 0.03924 0 0 
37 0.64 0.042007 0 0 
40 0.61 0.044629 0 0 
43 0.58 0.0471 0 0 
46 0.55 0.049409 0 0 
49 0.515705 0.051833 0 0 
52 0.468605 0.054749 0 0 
55 0.421783 0.057108 0 0 
58 0.375655 0.058819 0 0 
61 0.330631 0.059797 0 0 
64 0.28711 0.059971 0 0 
67 0.245479 0.059288 0 0 
70 0.206107 0.057712 0 0 
73 0.169344 0.055232 0 0 
76 0.135516 0.051862 0 0 
79 0.104922 0.047638 0 0 
82 0.077836 0.042615 0 0 
85 0.054497 0.036867 0 0 
88 0.035112 0.030473 0 0 
91 0.019853 0.023517 0 0 
94 0.008855999999999999 0.016078 0 0 
97 0.002219 0.008222999999999999 0 0 
100 0 0 0 0 
103 0.002219 -0.008222999999999999 0 0 
106 0.008855999999999999 -0.016078 0 0 
109 0.019853 -0.023517 0 0 
112 0.035112 -0.030473 0 0 
115 0.054497 -0.036867 0 0 
118 0.077836 -0.042615 0 0 
121 0.104922 -0.047638 0 0 
124 0.135516 -0.051862 0 0 
127 0.169344 -0.055232 0 0 
130 0.206107 -0.057712 0 0 
133 0.245479 -0.059288 0 0 
136 0.28711 -0.059971 0 0 
139 0.330631 -0.059797 0 0 
142 0.375655 -0.058819 0 0 
145 0.421783 -0.057108 0 0 
148 0.468605 -0.054749 0 0 
151 0.515705 -0.051833 0 0 
154 0.55 -0.049409 0 0 
157 0.58 -0.0471 0 0 
160 0.61 -0.044629 0 0 
163 0.64 -0.042007 0 0 
166 0.67 -0.03924 0 0 
169 0.7 -0.036337 0 0 
172 0.73 -0.0333 0 0 
175 0.76 -0.030135 0 0 
178 0.79 -0.026841 0 0 
181 0.82 -0.02342 0 0 
184 0.85 -0.019868 0 0 
187 0.88 -0.016183 0 0 
190 0.91 -0.012361 0 0 
193 0.9399999999999999 -0.008395 0 0 
196 0.97 -0.004277 0 0 
200 0 4 0 0 
201 0 -4 0 0 
202 -2.7 0 0 0 
203 0.3 0 0 0 
210 6 4 0 0 
211 6 -4 0 0 
212 6 0 0 0 
230 6 12 0 0 
231 6 -12 0 0 
1 0.97 0 0 1 0.004277 0 1 303 2 1 -4 
4 0.9399999999999999 0.004277 0 0.97 0.008395 0 1 303 2 4 -7 
7 0.91 0.008395 0 0.9399999999999999 0.012361 0 1 303 2 7 -10 
10 0.88 0.012361 0 0.91 0.016183 0 1 303 2 10 -13 
13 0.85 0.016183 0 0.88 0.019868 0 1 303 2 13 -16 
16 0.82 0.019868 0 0.85 0.02342 0 1 303 2 16 -19 
19 0.79 0.02342 0 0.82 0.026841 0 1 303 2 19 -22 
22 0.76 0.026841 0 0.79 0.030135 0 1 303 2 22 -25 
25 0.73 0.030135 0 0.76 0.0333 0 1 303 2 25 -28 
28 0.7 0.0333 0 0.73 0.036337 0 1 303 2 28 -31 
31 0.67 0.036337 0 0.7 0.03924 0 1 303 2 31 -34 
34 0.64 0.03924 0 0.67 0.042007 0 1 303 2 34 -37 
37 0.61 0.042007 0 0.64 0.044629 0 1 303 2 37 -40 
40 0.58 0.044629 0 0.61 0.0471 0 1 303 2 40 -43 
43 0.55 0.0471 0 0.58 0.049409 0 1 303 2 43 -46 
46 0.515705 0.049409 0 0.55 0.051833 0 1 303 2 46 -49 
49 0.468605 0.051833 0 0.515705 0.054749 0 1 303 2 49 -52 
52 0.421783 0.054749 0 0.468605 0.057108 0 1 303 2 52 -55 
55 0.375655 0.057108 0 0.421783 0.058819 0 1 303 2 55 -58 
58 0.330631 0.058819 0 0.375655 0.059797 0 1 303 2 58 -61 
61 0.28711 0.059797 0 0.330631 0.059971 0 1 303 2 61 -64 
64 0.245479 0.059288 0 0.28711 0.059971 0 1 303 2 64 -67 
67 0.206107 0.057712 0 0.245479 0.059288 0 1 303 2 67 -70 
70 0.169344 0.055232 0 0.206107 0.057712 0 1 303 2 70 -73 
73 0.135516 0.051862 0 0.169344 0.055232 0 1 303 2 73 -76 
76 0.104922 0.047638 0 0.135516 0.051862 0 1 303 2 76 -79 
79 0.077836 0.042615 0 0.104922 0.047638 0 1 303 2 79 -82 
82 0.054497 0.036867 0 0.077836 0.042615 0 1 303 2 82 -85 
85 0.035112 0.030473 0 0.054497 0.036867 0 1 303 2 85 -88 
88 0.019853 0.023517 0 0.035112 0.030473 0 1 303 2 88 -91 
91 0.008855999999999999 0.016078 0 0.019853 0.023517 0 1 303 2 91 -94 
94 0.002219 0.008222999999999999 0 0.008855999999999999 0.016078 0 1 303 2 94 -97 
97 0 0 0 0.002219 0.008222999999999999 0 1 303 2 97 -100 
100 0 -0.008222999999999999 0 0.002219 0 0 1 303 2 100 -103 
103 0.002219 -0.016078 0 0.008855999999999999 -0.008222999999999999 0 1 303 2 103 -106 
106 0.008855999999999999 -0.023517 0 0.019853 -0.016078 0 1 303 2 106 -109 
109 0.019853 -0.030473 0 0.035112 -0.023517 0 1 303 2 109 -112 
112 0.035112 -0.036867 0 0.054497 -0.030473 0 1 303 2 112 -115 
115 0.054497 -0.042615 0 0.077836 -0.036867 0 1 303 2 115 -118 
118 0.077836 -0.047638 0 0.104922 -0.042615 0 1 303 2 118 -121 
121 0.104922 -0.051862 0 0.135516 -0.047638 0 1 303 2 121 -124 
124 0.135516 -0.055232 0 0.169344 -0.051862 0 1 303 2 124 -127 
127 0.169344 -0.057712 0 0.206107 -0.055232 0 1 303 2 127 -130 
130 0.206107 -0.059288 0 0.245479 -0.057712 0 1 303 2 130 -133 
133 0.245479 -0.059971 0 0.28711 -0.059288 0 1 303 2 133 -136 
136 0.28711 -0.059971 0 0.330631 -0.059797 0 1 303 2 136 -139 
139 0.330631 -0.059797 0 0.375655 -0.058819 0 1 303 2 139 -142 
142 0.375655 -0.058819 0 0.421783 -0.057108 0 1 303 2 142 -145 
145 0.421783 -0.057108 0 0.468605 -0.054749 0 1 303 2 145 -148 
148 0.468605 -0.054749 0 0.515705 -0.051833 0 1 303 2 148 -151 
151 0.515705 -0.051833 0 0.55 -0.049409 0 1 303 2 151 -154 
154 0.55 -0.049409 0 0.58 -0.0471 0 1 303 2 154 -157 
157 0.58 -0.0471 0 0.61 -0.044629 0 1 303 2 157 -160 
160 0.61 -0.044629 0 0.64 -0.042007 0 1 303 2 160 -163 
163 0.64 -0.042007 0 0.67 -0.03924 0 1 303 2 163 -166 
166 0.67 -0.03924 0 0.7 -0.036337 0 1 303 2 166 -169 
169 0.7 -0.036337 0 0.73 -0.0333 0 1 303 2 169 -172 
172 0.73 -0.0333 0 0.76 -0.030135 0 1 303 2 172 -175 
175 0.76 -0.030135 0 0.79 -0.026841 0 1 303 2 175 -178 
178 0.79 -0.026841 0 0.82 -0.02342 0 1 303 2 178 -181 
181 0.82 -0.02342 0 0.85 -0.019868 0 1 303 2 181 -184 
184 0.85 -0.019868 0 0.88 -0.016183 0 1 303 2 184 -187 
187 0.88 -0.016183 0 0.91 -0.012361 0 1 303 2 187 -190 
190 0.91 -0.012361 0 0.9399999999999999 -0.008395 0 1 303 2 190 -193 
193 0.9399999999999999 -0.008395 0 0.97 -0.004277 0 1 303 2 193 -196 
196 0.97 -0.004277 0 1 0 0 1 303 2 196 -1 
200 -2.7 0 0 0 0 0 0 2 100 -202 
201 0 0.05928800000000001 0 0.245479 4 0 0 2 200 -67 
202 0 -4 0 0.245479 -0.05928800000000001 0 0 2 201 -133 
203 -2.7 0 0 0 4 0 1 300 2 200 -202 
204 -2.7 -4 0 0 0 0 1 300 2 202 -201 
210 1 0 0 6 0 0 0 2 1 -212 
211 6 0 0 6 4 0 1 302 2 210 -212 
212 6 -4 0 6 0 0 1 302 2 211 -212 
220 0 4 0 6 4 0 0 2 200 -210 
221 0 -4 0 6 -4 0 0 2 201 -211 
230 6 4 0 6 12 0 1 302 2 210 -230 
231 6 -12 0 6 -4 0 1 302 2 211 -231 
232 0 4 0 6 12 0 1 300 2 200 -230 
233 0 -12 0 6 -4 0 1 300 2 201 -231 
1 -2.7 0 0 0.245479 4 0 1 236 14 -203 201 67 70 73 76 79 82 85 88 91 94 97 200 
2 -2.7 -4 0 0.245479 0 0 1 236 14 -200 100 103 106 109 112 115 118 121 124 127 130 -202 -204 
5 0 0 0 6 4 0 1 236 26 -201 220 211 -210 1 4 7 10 13 16 19 22 25 28 31 34 37 40 43 46 49 52 55 58 61 64 
6 0 -4 0 6 0 0 1 236 26 202 133 136 139 142 145 148 151 154 157 160 163 166 169 172 175 178 181 184 187 190 193 196 210 -212 -221 
7 0 4 0 6 12 0 1 236 3 232 -230 -220 
8 0 -12 0 6 -4 0 1 236 3 221 231 -233 
$EndEntities
$Nodes
160 9241 1 9241
0 1 0 1
1
1 -0 0
0 4 0 1
2
0.97 0.004277 0
0 7 0 1
3
0.9399999999999999 0.008395 0
0 10 0 1
4
0.91 0.012361 0
0 13 0 1
5
0.88 0.016183 0
0 16 0 1
6
0.85 0.019868 0
0 19 0 1
7
0.82 0.02342 0
0 22 0 1
8
0.79 0.026841 0
0 25 0 1
9
0.76 0.030135 0
0 28 0 1
10
0.73 0.0333 0
0 31 0 1
11
0.7 0.036337 0
0 34 0 1
12
0.67 0.03924 0
0 37 0 1
13
0.64 0.042007 0
0 40 0 1
14
0.61 0.044629 0
0 43 0 1
15
0.58 0.0471 0
0 46 0 1
16
0.55 0.049409 0
0 49 0 1
17
0.515705 0.051833 0
0 52 0 1
18
0.468605 0.054749 0
0 55 0 1
19
0.421783 0.057108 0
0 58 0 1
20
0.375655 0.058819 0
0 61 0 1
21
0.330631 0.059797 0
0 64 0 1
22
0.28711 0.059971 0
0 67 0 1
23
0.245479 0.059288 0
0 70 0 1
24
0.206107 0.057712 0
0 73 0 1
25
0.169344 0.055232 0
0 76 0 1
26
0.135516 0.051862 0
0 79 0 1
27
0.104922 0.047638 0
0 82 0 1
28
0.077836 0.042615 0
0 85 0 1
29
0.054497 0.036867 0
0 88 0 1
30
0.035112 0.030473 0
0 91 0 1
31
0.019853 0.023517 0
0 94 0 1
32
0.008855999999999999 0.016078 0
0 97 0 1
33
0.002219 0.008222999999999999 0
0 100 0 1
34
0 0 0
0 103 0 1
35
0.002219 -0.008222999999999999 0
0 106 0 1
36
0.008855999999999999 -0.016078 0
0 109 0 1
37
0.019853 -0.023517 0
0 112 0 1
38
0.035112 -0.030473 0
0 115 0 1
39
0.054497 -0.036867 0
0 118 0 1
40
0.077836 -0.042615 0
0 121 0 1
41
0.104922 -0.047638 0
0 124 0 1
42
0.135516 -0.051862 0
0 127 0 1
43
0.169344 -0.055232 0
0 130 0 1
44
0.206107 -0.057712 0
0 133 0 1
45
0.245479 -0.059288 0
0 136 0 1
46
0.28711 -0.059971 0
0 139 0 1
47
0.330631 -0.059797 0
0 142 0 1
48
0.375655 -0.058819 0
0 145 0 1
49
0.421783 -0.057108 0
0 148 0 1
50
0.468605 -0.054749 0
0 151 0 1
51
0.515705 -0.051833 0
0 154 0 1
52
0.55 -0.049409 0
0 157 0 1
53
0.58 -0.0471 0
0 160 0 1
54
0.61 -0.044629 0
0 163 0 1
55
0.64 -0.042007 0
0 166 0 1
56
0.67 -0.03924 0
0 169 0 1
57
0.7 -0.036337 0
0 172 0 1
58
0.73 -0.0333 0
0 175 0 1
59
0.76 -0.030135 0
0 178 0 1
60
0.79 -0.026841 0
0 181 0 1
61
0.82 -0.02342 0
0 184 0 1
62
0.85 -0.019868 0
0 187 0 1
63
0.88 -0.016183 0
0 190 0 1
64
0.91 -0.012361 0
0 193 0 1
65
0.9399999999999999 -0.008395 0
0 196 0 1
66
0.97 -0.004277 0
0 200 0 1
67
0 4 0
0 201 0 1
68
0 -4 0
0 202 0 1
69
-2.7 0 0
0 210 0 1
70
6 4 0
0 211 0 1
71
6 -4 0
0 212 0 1
72
6 0 0
0 230 0 1
73
6 12 0
0 231 0 1
74
6 -12 0
1 1 0 0
1 4 0 0
1 7 0 0
1 10 0 0
1 13 0 0
1 16 0 0
1 19 0 0
1 22 0 0
1 25 0 0
1 28 0 0
1 31 0 0
1 34 0 0
1 37 0 0
1 40 0 0
1 43 0 0
1 46 0 0
1 49 0 0
1 52 0 0
1 55 0 0
1 58 0 0
1 61 0 0
1 64 0 0
1 67 0 0
1 70 0 0
1 73 0 0
1 76 0 0
1 79 0 0
1 82 0 0
1 85 0 0
1 88 0 0
1 91 0 0
1 94 0 0
1 97 0 0
1 100 0 0
1 103 0 0
1 106 0 0
1 109 0 0
1 112 0 0
1 115 0 0
1 118 0 0
1 121 0 0
1 124 0 0
1 127 0 0
1 130 0 0
1 133 0 0
1 136 0 0
1 139 0 0
1 142 0 0
1 145 0 0
1 148 0 0
1 151 0 0
1 154 0 0
1 157 0 0
1 160 0 0
1 163 0 0
1 166 0 0
1 169 0 0
1 172 0 0
1 175 0 0
1 178 0 0
1 181 0 0
1 184 0 0
1 187 0 0
1 190 0 0
1 193 0 0
1 196 0 0
1 200 0 14
75
76
77
78
79
80
81
82
83
84
85
86
87
88
-0.1677342066217411 0 0
-0.3371457551477655 0 0
-0.5082514192044348 0 0
-0.6810681399507242 0 0
-0.8556130278269535 0 0
-1.031903364543363 0 0
-1.209956604702972 0 0
-1.38979037725524 0 0
-1.571422487583537 0 0
-1.754870919033037 0 0
-1.940153834664941 0 0
-2.127289579456371 0 0
-2.31629668173205 0 0
-2.507193855028548 0 0
1 201 0 14
89
90
91
92
93
94
95
96
97
98
99
100
101
102
0.0175295776536701 3.718595003993215 0
0.03488559513780047 3.439976195981441 0
0.05206977086481023 3.164115990026813 0
0.06908380623481405 2.890987073292597 0
0.08592938580876931 2.620562403263632 0
0.1026081774780104 2.352815205024767 0
0.1191218325944324 2.087718969171004 0
0.1354719861706305 1.825247448594634 0
0.1516602570389783 1.56537465593152 0
0.1676882479908941 1.308074861325441 0
0.1835575459665466 1.053322589382711 0
0.1992697221870258 0.8010926170504251 0
0.2148263323018833 0.5513599712479715 0
0.2302289165699191 0.3040999259648327 0
1 202 0 14
103
104
105
106
107
108
109
110
111
112
113
114
115
116
0.0175295776536701 -3.718595003993215 0
0.03488559513780047 -3.439976195981441 0
0.05206977086481023 -3.164115990026813 0
0.06908380623481405 -2.890987073292597 0
0.08592938580876931 -2.620562403263632 0
0.1026081774780104 -2.352815205024767 0
0.1191218325944324 -2.087718969171004 0
0.1354719861706305 -1.825247448594634 0
0.1516602570389783 -1.56537465593152 0
0.1676882479908941 -1.308074861325441 0
0.1835575459665466 -1.053322589382711 0
0.1992697221870258 -0.8010926170504251 0
0.2148263323018833 -0.5513599712479715 0
0.2302289165699191 -0.3040999259648327 0
1 203 0 10
117
118
119
120
121
122
123
124
125
126
-0.473677420196272 3.912767941677042 0
-0.9191550365034611 3.729395980068763 0
-1.321466170985475 3.464133776206349 0
-1.672539616368297 3.133823939304633 0
-1.969701071517293 2.754131486348323 0
-2.213418193217623 2.338010962346698 0
-2.405564520184493 1.895640194604441 0
-2.548390112384078 1.434931209462534 0
-2.643999370851344 0.9621335613560361 0
-2.69411726448049 0.4823590102542791 0
1 204 0 10
127
128
129
130
131
132
133
134
135
136
-2.678904763825907 -0.4759092577878227 0
-2.615391214422686 -0.9480267811425209 0
-2.508782474674153 -1.412301897926982 0
-2.357979383381381 -1.864137583261495 0
-2.161531819593883 -2.298044296571415 0
-1.917805243493481 -2.707213592528229 0
-1.625339630276431 -3.083009391107282 0
-1.283562462103964 -3.414455289254337 0
-0.8940457119055818 -3.688001557605104 0
-0.4623700534152802 -3.888176997272631 0
1 210 0 176
137
138
139
140
141
142
143
144
145
146
147
148
149
150
151
152
153
154
155
156
157
158
159
160
161
162
163
164
165
166
167
168
169
170
171
172
173
174
175
176
177
178
179
180
181
182
183
184
185
186
187
188
189
190
191
192
193
194
195
196
197
198
199
200
201
202
203
204
205
206
207
208
209
210
211
212
213
214
215
216
217
218
219
220
221
222
223
224
225
226
227
228
229
230
231
232
233
234
235
236
237
238
239
240
241
242
243
244
245
246
247
248
249
250
251
252
253
254
255
256
257
258
259
260
261
262
263
264
265
266
267
268
269
270
271
272
273
274
275
276
277
278
279
280
281
282
283
284
285
286
287
288
289
290
291
292
293
294
295
296
297
298
299
300
301
302
303
304
305
306
307
308
309
310
311
312
1.028248587570571 0 0
1.056497175141181 0 0
1.084745762711814 0 0
1.112994350282448 0 0
1.141242937853055 0 0
1.169491525423628 0 0
1.197740112994165 0 0
1.225988700564673 0 0
1.254237288135225 0 0
1.282485875705816 0 0
1.31073446327645 0 0
1.338983050847084 0 0
1.367231638417717 0 0
1.395480225988351 0 0
1.423728813558985 0 0
1.451977401129618 0 0
1.480225988700252 0 0
1.508474576270885 0 0
1.536723163841519 0 0
1.564971751412153 0 0
1.593220338982778 0 0
1.621468926553381 0 0
1.649717514123928 0 0
1.677966101694452 0 0
1.706214689264961 0 0
1.734463276835469 0 0
1.762711864405977 0 0
1.790960451976485 0 0
1.819209039546994 0 0
1.847457627117502 0 0
1.87570621468801 0 0
1.903954802258518 0 0
1.932203389829027 0 0
1.960451977399535 0 0
1.98870056497007 0 0
2.016949152540644 0 0
2.045197740111278 0 0
2.073446327681911 0 0
2.101694915252545 0 0
2.129943502823179 0 0
2.158192090393812 0 0
2.186440677964446 0 0
2.21468926553508 0 0
2.242937853105714 0 0
2.271186440676347 0 0
2.299435028246981 0 0
2.327683615817614 0 0
2.355932203388248 0 0
2.384180790958882 0 0
2.412429378529515 0 0
2.440677966100149 0 0
2.468926553670782 0 0
2.497175141241416 0 0
2.52542372881205 0 0
2.553672316382683 0 0
2.581920903953317 0 0
2.61016949152395 0 0
2.638418079094584 0 0
2.666666666665217 0 0
2.694915254235851 0 0
2.723163841806485 0 0
2.751412429377118 0 0
2.779661016947752 0 0
2.807909604518385 0 0
2.836158192089019 0 0
2.864406779659653 0 0
2.892655367230287 0 0
2.92090395480092 0 0
2.949152542371554 0 0
2.977401129942187 0 0
3.005649717512821 0 0
3.033898305083454 0 0
3.062146892654088 0 0
3.090395480224721 0 0
3.118644067795355 0 0
3.146892655365989 0 0
3.175141242936622 0 0
3.203389830507256 0 0
3.231638418077889 0 0
3.259887005648523 0 0
3.288135593219156 0 0
3.31638418078979 0 0
3.344632768360424 0 0
3.372881355931058 0 0
3.401129943501691 0 0
3.429378531072325 0 0
3.457627118642958 0 0
3.485875706213592 0 0
3.514124293784226 0 0
3.54237288135486 0 0
3.570621468925493 0 0
3.598870056496127 0 0
3.627118644066761 0 0
3.655367231637395 0 0
3.683615819208028 0 0
3.711864406778663 0 0
3.740112994349296 0 0
3.76836158191993 0 0
3.796610169490563 0 0
3.824858757061198 0 0
3.853107344631831 0 0
3.881355932202465 0 0
3.909604519773099 0 0
3.937853107343733 0 0
3.966101694914367 0 0
3.994350282485 0 0
4.022598870055634 0 0
4.050847457626268 0 0
4.079096045196902 0 0
4.107344632767536 0 0
4.135593220338169 0 0
4.163841807908803 0 0
4.192090395479436 0 0
4.220338983050071 0 0
4.248587570620705 0 0
4.276836158191339 0 0
4.305084745761972 0 0
4.333333333332606 0 0
4.36158192090324 0 0
4.389830508473874 0 0
4.418079096044507 0 0
4.446327683615141 0 0
4.474576271185775 0 0
4.502824858756409 0 0
4.531073446327042 0 0
4.559322033897676 0 0
4.58757062146831 0 0
4.615819209038944 0 0
4.644067796609578 0 0
4.672316384180212 0 0
4.700564971750845 0 0
4.728813559321479 0 0
4.757062146892113 0 0
4.785310734462747 0 0
4.81355932203338 0 0
4.841807909604015 0 0
4.870056497174648 0 0
4.898305084745282 0 0
4.926553672315915 0 0
4.95480225988655 0 0
4.983050847457183 0 0
5.011299435027817 0 0
5.039548022598451 0 0
5.067796610169085 0 0
5.096045197739719 0 0
5.124293785310353 0 0
5.152542372880986 0 0
5.18079096045162 0 0
5.209039548022254 0 0
5.237288135592888 0 0
5.265536723163521 0 0
5.293785310734155 0 0
5.322033898304789 0 0
5.350282485875423 0 0
5.378531073446056 0 0
5.40677966101669 0 0
5.435028248587324 0 0
5.463276836157958 0 0
5.491525423728591 0 0
5.519774011299226 0 0
5.548022598869859 0 0
5.576271186440493 0 0
5.604519774011127 0 0
5.632768361581761 0 0
5.661016949152394 0 0
5.689265536723028 0 0
5.717514124293662 0 0
5.745762711864296 0 0
5.77401129943493 0 0
5.802259887005563 0 0
5.830508474576197 0 0
5.858757062146831 0 0
5.887005649717465 0 0
5.915254237288099 0 0
5.943502824858732 0 0
5.971751412429366 0 0
1 211 0 14
313
314
315
316
317
318
319
320
321
322
323
324
325
326
6 3.71436126668597 0
6 3.431550639558227 0
6 3.151540117649327 0
6 2.874301977198575 0
6 2.599808768836639 0
6 2.328033314819311 0
6 2.058948706907963 0
6 1.79252830310615 0
6 1.528745725070838 0
6 1.267574855840476 0
6 1.008989836744167 0
6 0.7529650652482469 0
6 0.4994751925521741 0
6 0.2484951206430428 0
1 212 0 14
327
328
329
330
331
332
333
334
335
336
337
338
339
340
6 -3.71436126668597 0
6 -3.431550639558227 0
6 -3.151540117649327 0
6 -2.874301977198575 0
6 -2.599808768836639 0
6 -2.328033314819311 0
6 -2.058948706907963 0
6 -1.79252830310615 0
6 -1.528745725070838 0
6 -1.267574855840476 0
6 -1.008989836744167 0
6 -0.7529650652482469 0
6 -0.4994751925521741 0
6 -0.2484951206430428 0
1 220 0 198
341
342
343
344
345
346
347
348
349
350
351
352
353
354
355
356
357
358
359
360
361
362
363
364
365
366
367
368
369
370
371
372
373
374
375
376
377
378
379
380
381
382
383
384
385
386
387
388
389
390
391
392
393
394
395
396
397
398
399
400
401
402
403
404
405
406
407
408
409
410
411
412
413
414
415
416
417
418
419
420
421
422
423
424
425
426
427
428
429
430
431
432
433
434
435
436
437
438
439
440
441
442
443
444
445
446
447
448
449
450
451
452
453
454
455
456
457
458
459
460
461
462
463
464
465
466
467
468
469
470
471
472
473
474
475
476
477
478
479
480
481
482
483
484
485
486
487
488
489
490
491
492
493
494
495
496
497
498
499
500
501
502
503
504
505
506
507
508
509
510
511
512
513
514
515
516
517
518
519
520
521
522
523
524
525
526
527
528
529
530
531
532
533
534
535
536
537
538
0.03015075376871165 4 0
0.06030150753742279 4 0
0.09045226130613332 4 0
0.1206030150748423 4 0
0.1507537688435511 4 0
0.1809045226122598 4 0
0.2110552763809686 4 0
0.2412060301496774 4 0
0.2713567839183862 4 0
0.301507537687095 4 0
0.3316582914558046 4 0
0.3618090452245203 4 0
0.391959798993244 4 0
0.4221105527619737 4 0
0.4522613065307104 4 0
0.4824120602994471 4 0
0.5125628140681837 4 0
0.5427135678369204 4 0
0.572864321605657 4 0
0.6030150753743938 4 0
0.6331658291431304 4 0
0.663316582911867 4 0
0.6934673366806038 4 0
0.7236180904493309 4 0
0.7537688442180502 4 0
0.783919597986745 4 0
0.814070351755432 4 0
0.8442211055241129 4 0
0.8743718592927938 4 0
0.9045226130614746 4 0
0.9346733668301557 4 0
0.9648241205988364 4 0
0.9949748743675271 4 0
1.025125628136236 4 0
1.055276381904967 4 0
1.085427135673704 4 0
1.11557788944244 4 0
1.145728643211177 4 0
1.175879396979914 4 0
1.206030150748651 4 0
1.236180904517387 4 0
1.266331658286124 4 0
1.296482412054861 4 0
1.326633165823597 4 0
1.356783919592334 4 0
1.386934673361071 4 0
1.417085427129808 4 0
1.447236180898544 4 0
1.477386934667281 4 0
1.507537688436018 4 0
1.537688442204754 4 0
1.567839195973491 4 0
1.597989949742228 4 0
1.628140703510965 4 0
1.658291457279701 4 0
1.688442211048438 4 0
1.718592964817175 4 0
1.748743718585911 4 0
1.778894472354648 4 0
1.809045226123385 4 0
1.839195979892121 4 0
1.869346733660858 4 0
1.899497487429595 4 0
1.929648241198332 4 0
1.959798994967068 4 0
1.989949748735805 4 0
2.020100502504542 4 0
2.050251256273278 4 0
2.080402010042015 4 0
2.110552763810752 4 0
2.140703517579488 4 0
2.170854271348226 4 0
2.201005025116962 4 0
2.231155778885699 4 0
2.261306532654435 4 0
2.291457286423172 4 0
2.321608040191909 4 0
2.351758793960645 4 0
2.381909547729382 4 0
2.412060301498119 4 0
2.442211055266856 4 0
2.472361809035593 4 0
2.502512562804329 4 0
2.532663316573066 4 0
2.562814070341803 4 0
2.592964824110539 4 0
2.623115577879276 4 0
2.653266331648013 4 0
2.683417085416749 4 0
2.713567839185486 4 0
2.743718592954223 4 0
2.77386934672296 4 0
2.804020100491696 4 0
2.834170854260433 4 0
2.86432160802917 4 0
2.894472361797906 4 0
2.924623115566643 4 0
2.954773869335383 4 0
2.984924623104176 4 0
3.015075376873024 4 0
3.045226130641929 4 0
3.075376884410885 4 0
3.105527638179845 4 0
3.135678391948805 4 0
3.165829145717765 4 0
3.195979899486725 4 0
3.226130653255685 4 0
3.256281407024645 4 0
3.286432160793606 4 0
3.316582914562565 4 0
3.346733668331525 4 0
3.376884422100485 4 0
3.407035175869445 4 0
3.437185929638405 4 0
3.467336683407365 4 0
3.497487437176325 4 0
3.527638190945284 4 0
3.557788944714244 4 0
3.587939698483205 4 0
3.618090452252164 4 0
3.648241206021124 4 0
3.678391959790085 4 0
3.708542713559044 4 0
3.738693467328004 4 0
3.768844221096964 4 0
3.798994974865924 4 0
3.829145728634884 4 0
3.859296482403844 4 0
3.889447236172804 4 0
3.919597989941764 4 0
3.949748743710725 4 0
3.979899497479683 4 0
4.010050251248644 4 0
4.040201005017604 4 0
4.070351758786563 4 0
4.100502512555524 4 0
4.130653266324484 4 0
4.160804020093444 4 0
4.190954773862404 4 0
4.221105527631363 4 0
4.251256281400323 4 0
4.281407035169283 4 0
4.311557788938243 4 0
4.341708542707203 4 0
4.371859296476163 4 0
4.402010050245123 4 0
4.432160804014083 4 0
4.462311557783043 4 0
4.492462311552003 4 0
4.522613065320963 4 0
4.552763819089923 4 0
4.582914572858883 4 0
4.613065326627843 4 0
4.643216080396803 4 0
4.673366834165763 4 0
4.703517587934722 4 0
4.733668341703682 4 0
4.763819095472643 4 0
4.793969849241602 4 0
4.824120603010563 4 0
4.854271356779523 4 0
4.884422110548481 4 0
4.914572864317442 4 0
4.944723618086402 4 0
4.974874371855362 4 0
5.005025125624322 4 0
5.035175879393282 4 0
5.065326633162242 4 0
5.095477386931202 4 0
5.125628140700162 4 0
5.155778894469122 4 0
5.185929648238082 4 0
5.216080402007042 4 0
5.246231155776002 4 0
5.276381909544962 4 0
5.306532663313922 4 0
5.336683417082881 4 0
5.366834170851841 4 0
5.396984924620801 4 0
5.427135678389761 4 0
5.457286432158721 4 0
5.487437185927682 4 0
5.517587939696641 4 0
5.547738693465601 4 0
5.577889447234561 4 0
5.60804020100352 4 0
5.638190954772481 4 0
5.668341708541441 4 0
5.698492462310401 4 0
5.728643216079361 4 0
5.758793969848321 4 0
5.788944723617281 4 0
5.819095477386241 4 0
5.849246231155201 4 0
5.87939698492416 4 0
5.909547738693121 4 0
5.939698492462081 4 0
5.969849246231041 4 0
1 221 0 198
539
540
541
542
543
544
545
546
547
548
549
550
551
552
553
554
555
556
557
558
559
560
561
562
563
564
565
566
567
568
569
570
571
572
573
574
575
576
577
578
579
580
581
582
583
584
585
586
587
588
589
590
591
592
593
594
595
596
597
598
599
600
601
602
603
604
605
606
607
608
609
610
611
612
613
614
615
616
617
618
619
620
621
622
623
624
625
626
627
628
629
630
631
632
633
634
635
636
637
638
639
640
641
642
643
644
645
646
647
648
649
650
651
652
653
654
655
656
657
658
659
660
661
662
663
664
665
666
667
668
669
670
671
672
673
674
675
676
677
678
679
680
681
682
683
684
685
686
687
688
689
690
691
692
693
694
695
696
697
698
699
700
701
702
703
704
705
706
707
708
709
710
711
712
713
714
715
716
717
718
719
720
721
722
723
724
725
726
727
728
729
730
731
732
733
734
735
736
0.03015075376871165 -4 0
0.06030150753742279 -4 0
0.09045226130613332 -4 0
0.1206030150748423 -4 0
0.1507537688435511 -4 0
0.1809045226122598 -4 0
0.2110552763809686 -4 0
0.2412060301496774 -4 0
0.2713567839183862 -4 0
0.301507537687095 -4 0
0.3316582914558046 -4 0
0.3618090452245203 -4 0
0.391959798993244 -4 0
0.4221105527619737 -4 0
0.4522613065307104 -4 0
0.4824120602994471 -4 0
0.5125628140681837 -4 0
0.5427135678369204 -4 0
0.572864321605657 -4 0
0.6030150753743938 -4 0
0.6331658291431304 -4 0
0.663316582911867 -4 0
0.6934673366806038 -4 0
0.7236180904493309 -4 0
0.7537688442180502 -4 0
0.783919597986745 -4 0
0.814070351755432 -4 0
0.8442211055241129 -4 0
0.8743718592927938 -4 0
0.9045226130614746 -4 0
0.9346733668301557 -4 0
0.9648241205988364 -4 0
0.9949748743675271 -4 0
1.025125628136236 -4 0
1.055276381904967 -4 0
1.085427135673704 -4 0
1.11557788944244 -4 0
1.145728643211177 -4 0
1.175879396979914 -4 0
1.206030150748651 -4 0
1.236180904517387 -4 0
1.266331658286124 -4 0
1.296482412054861 -4 0
1.326633165823597 -4 0
1.356783919592334 -4 0
1.386934673361071 -4 0
1.417085427129808 -4 0
1.447236180898544 -4 0
1.477386934667281 -4 0
1.507537688436018 -4 0
1.537688442204754 -4 0
1.567839195973491 -4 0
1.597989949742228 -4 0
1.628140703510965 -4 0
1.658291457279701 -4 0
1.688442211048438 -4 0
1.718592964817175 -4 0
1.748743718585911 -4 0
1.778894472354648 -4 0
1.809045226123385 -4 0
1.839195979892121 -4 0
1.869346733660858 -4 0
1.899497487429595 -4 0
1.929648241198332 -4 0
1.959798994967068 -4 0
1.989949748735805 -4 0
2.020100502504542 -4 0
2.050251256273278 -4 0
2.080402010042015 -4 0
2.110552763810752 -4 0
2.140703517579488 -4 0
2.170854271348226 -4 0
2.201005025116962 -4 0
2.231155778885699 -4 0
2.261306532654435 -4 0
2.291457286423172 -4 0
2.321608040191909 -4 0
2.351758793960645 -4 0
2.381909547729382 -4 0
2.412060301498119 -4 0
2.442211055266856 -4 0
2.472361809035593 -4 0
2.502512562804329 -4 0
2.532663316573066 -4 0
2.562814070341803 -4 0
2.592964824110539 -4 0
2.623115577879276 -4 0
2.653266331648013 -4 0
2.683417085416749 -4 0
2.713567839185486 -4 0
2.743718592954223 -4 0
2.77386934672296 -4 0
2.804020100491696 -4 0
2.834170854260433 -4 0
2.86432160802917 -4 0
2.894472361797906 -4 0
2.924623115566643 -4 0
2.954773869335383 -4 0
2.984924623104176 -4 0
3.015075376873024 -4 0
3.045226130641929 -4 0
3.075376884410885 -4 0
3.105527638179845 -4 0
3.135678391948805 -4 0
3.165829145717765 -4 0
3.195979899486725 -4 0
3.226130653255685 -4 0
3.256281407024645 -4 0
3.286432160793606 -4 0
3.316582914562565 -4 0
3.346733668331525 -4 0
3.376884422100485 -4 0
3.407035175869445 -4 0
3.437185929638405 -4 0
3.467336683407365 -4 0
3.497487437176325 -4 0
3.527638190945284 -4 0
3.557788944714244 -4 0
3.587939698483205 -4 0
3.618090452252164 -4 0
3.648241206021124 -4 0
3.678391959790085 -4 0
3.708542713559044 -4 0
3.738693467328004 -4 0
3.768844221096964 -4 0
3.798994974865924 -4 0
3.829145728634884 -4 0
3.859296482403844 -4 0
3.889447236172804 -4 0
3.919597989941764 -4 0
3.949748743710725 -4 0
3.979899497479683 -4 0
4.010050251248644 -4 0
4.040201005017604 -4 0
4.070351758786563 -4 0
4.100502512555524 -4 0
4.130653266324484 -4 0
4.160804020093444 -4 0
4.190954773862404 -4 0
4.221105527631363 -4 0
4.251256281400323 -4 0
4.281407035169283 -4 0
4.311557788938243 -4 0
4.341708542707203 -4 0
4.371859296476163 -4 0
4.402010050245123 -4 0
4.432160804014083 -4 0
4.462311557783043 -4 0
4.492462311552003 -4 0
4.522613065320963 -4 0
4.552763819089923 -4 0
4.582914572858883 -4 0
4.613065326627843 -4 0
4.643216080396803 -4 0
4.673366834165763 -4 0
4.703517587934722 -4 0
4.733668341703682 -4 0
4.763819095472643 -4 0
4.793969849241602 -4 0
4.824120603010563 -4 0
4.854271356779523 -4 0
4.884422110548481 -4 0
4.914572864317442 -4 0
4.944723618086402 -4 0
4.974874371855362 -4 0
5.005025125624322 -4 0
5.035175879393282 -4 0
5.065326633162242 -4 0
5.095477386931202 -4 0
5.125628140700162 -4 0
5.155778894469122 -4 0
5.185929648238082 -4 0
5.216080402007042 -4 0
5.246231155776002 -4 0
5.276381909544962 -4 0
5.306532663313922 -4 0
5.336683417082881 -4 0
5.366834170851841 -4 0
5.396984924620801 -4 0
5.427135678389761 -4 0
5.457286432158721 -4 0
5.487437185927682 -4 0
5.517587939696641 -4 0
5.547738693465601 -4 0
5.577889447234561 -4 0
5.60804020100352 -4 0
5.638190954772481 -4 0
5.668341708541441 -4 0
5.698492462310401 -4 0
5.728643216079361 -4 0
5.758793969848321 -4 0
5.788944723617281 -4 0
5.819095477386241 -4 0
5.849246231155201 -4 0
5.87939698492416 -4 0
5.909547738693121 -4 0
5.939698492462081 -4 0
5.969849246231041 -4 0
1 230 0 21
737
738
739
740
741
742
743
744
745
746
747
748
749
750
751
752
753
754
755
756
757
6 4.207764069389487 0
6 4.425916339881465 0
6 4.65497622527974 0
6 4.895489104610574 0
6 5.148027627646629 0
6 5.413193078951805 0
6 5.691616801310573 0
6 5.983961707683941 0
6 6.290923859406281 0
6 6.613234120541961 0
6 6.951659896543982 0
6 7.307006959568092 0
6 7.680121375046783 0
6 8.07189151338827 0
6 8.483250157278395 0
6 8.915176733714306 0
6 9.368699640845509 0
6 9.844898693425092 0
6 10.34490769775601 0
6 10.86991715230511 0
6 11.42117707943801 0
1 231 0 21
758
759
760
761
762
763
764
765
766
767
768
769
770
771
772
773
774
775
776
777
778
6 -4.207764069389487 0
6 -4.425916339881465 0
6 -4.65497622527974 0
6 -4.895489104610574 0
6 -5.148027627646629 0
6 -5.413193078951805 0
6 -5.691616801310573 0
6 -5.983961707683941 0
6 -6.290923859406281 0
6 -6.613234120541961 0
6 -6.951659896543982 0
6 -7.307006959568092 0
6 -7.680121375046783 0
6 -8.07189151338827 0
6 -8.483250157278395 0
6 -8.915176733714306 0
6 -9.368699640845509 0
6 -9.844898693425092 0
6 -10.34490769775601 0
6 -10.86991715230511 0
6 -11.42117707943801 0
1 232 0 24
779
780
781
782
783
784
785
786
787
788
789
790
791
792
793
794
795
796
797
798
799
800
801
802
0.125714745095672 4.167619660127563 0
0.2577152274456862 4.343620303260915 0
0.3963157333955415 4.528420977860722 0
0.5418462642732438 4.722461685697659 0
0.6946533226696872 4.92620443022625 0
0.8551007337603352 5.140134311680447 0
1.023570514285744 5.364760685714325 0
1.200463782302456 5.600618376403275 0
1.386201714414229 5.848268952552306 0
1.58122654406769 6.108302058756921 0
1.786002613804358 6.38133681840581 0
2.001017487499208 6.668023316665611 0
2.226783105711718 6.969044140948958 0
2.463837004073922 7.285116005431896 0
2.712743597569266 7.616991463425688 0
2.974095520545381 7.965460694060508 0
3.248515039974264 8.331353386632351 0
3.536655535976677 8.715540714635569 0
3.839203055939362 9.118937407919148 0
4.15687795252845 9.542503936704602 0
4.490436593609013 9.987248791478684 0
4.840673166677671 10.45423088890356 0
5.208421568499528 10.9445620913327 0
5.594557388821778 11.45940985176237 0
1 233 0 24
803
804
805
806
807
808
809
810
811
812
813
814
815
816
817
818
819
820
821
822
823
824
825
826
0.125714745095672 -4.167619660127563 0
0.2577152274456862 -4.343620303260915 0
0.3963157333955415 -4.528420977860722 0
0.5418462642732438 -4.722461685697659 0
0.6946533226696872 -4.92620443022625 0
0.8551007337603352 -5.140134311680447 0
1.023570514285744 -5.364760685714325 0
1.200463782302456 -5.600618376403275 0
1.386201714414229 -5.848268952552306 0
1.58122654406769 -6.108302058756921 0
1.786002613804358 -6.38133681840581 0
2.001017487499208 -6.668023316665611 0
2.226783105711718 -6.969044140948958 0
2.463837004073922 -7.285116005431896 0
2.712743597569266 -7.616991463425688 0
2.974095520545381 -7.965460694060508 0
3.248515039974264 -8.331353386632351 0
3.536655535976677 -8.715540714635569 0
3.839203055939362 -9.118937407919148 0
4.15687795252845 -9.542503936704602 0
4.490436593609013 -9.987248791478684 0
4.840673166677671 -10.45423088890356 0
5.208421568499528 -10.9445620913327 0
5.594557388821778 -11.45940985176237 0
2 1 0 140
827
828
829
830
831
832
833
834
835
836
837
838
839
840
841
842
843
844
845
846
847
848
849
850
851
852
853
854
855
856
857
858
859
860
861
862
863
864
865
866
867
868
869
870
871
872
873
874
875
876
877
878
879
880
881
882
883
884
885
886
887
888
889
890
891
892
893
894
895
896
897
898
899
900
901
902
903
904
905
906
907
908
909
910
911
912
913
914
915
916
917
918
919
920
921
922
923
924
925
926
927
928
929
930
931
932
933
934
935
936
937
938
939
940
941
942
943
944
945
946
947
948
949
950
951
952
953
954
955
956
957
958
959
960
961
962
963
964
965
966
-2.501572745701492 0.4485011079078959 0
-2.454559808916342 0.8945760333094533 0
-2.364992685030915 1.33414256772097 0
-2.231276582782464 1.762449195884979 0
-2.051467087464451 2.173687000704573 0
-1.823487097645881 2.560502952720847 0
-1.545611645222348 2.913440378688907 0
-1.217423535545941 3.220464529239654 0
-0.8414256650073839 3.467025093757965 0
-0.4251342300205135 3.637479617670824 0
-2.310934608239167 0.4149784323072846 0
-2.266995886151952 0.827687391658955 0
-2.183411073735485 1.234351833293218 0
-2.05871426847106 1.630576919885254 0
-1.891119457957563 2.010990008930516 0
-1.67872078683849 2.368791533229748 0
-1.419940386624132 2.695238833458858 0
-1.11441102517872 2.979207849001669 0
-0.7644658912256891 3.207251938916254 0
-0.3770716654755607 3.364916920552544 0
-2.122183977086451 0.3817876643855959 0
-2.08128903192793 0.7614610137865931 0
-2.003627300173869 1.135549125938141 0
-1.887860491923429 1.500010309983391 0
-1.732359428741267 1.849903878459742 0
-1.535387805839676 2.178978246603239 0
-1.295513397911821 2.479197699565833 0
-1.012418440655737 2.740339848763958 0
-0.6882680954015012 2.950050795506385 0
-0.3294849679058545 3.095052863997455 0
-1.935302164099887 0.3489255179348 0
-1.897420859464248 0.6958903426384522 0
-1.825623564008472 1.037724663229161 0
-1.7186983369583 1.370736438818296 0
-1.575171281032582 1.690412660202528 0
-1.39347396329388 1.99104429948443 0
-1.172318359606489 2.26529558684161 0
-0.9114356837217064 2.503836878277066 0
-0.612824733213843 2.695396198119858 0
-0.2823694257666913 2.827860728845797 0
-1.750270666096569 0.3163887392712327 0
-1.71537316395879 0.6309688860573066 0
-1.649382241075482 0.9408687595586519 0
-1.55121105481751 1.242742506973979 0
-1.419539451620745 1.53250056292101 0
-1.252965208300487 1.804971084518676 0
-1.050343074157791 2.053511316821455 0
-0.8114527560659974 2.26967552136359 0
-0.5381283350095504 2.44326293338529 0
-0.2357203741445812 2.563314060383607 0
-1.5670711629924 0.2841741069081544 0
-1.535127920755614 0.5666902161292654 0
-1.474885881611534 0.8449718251632081 0
-1.385382062480739 1.116015841691451 0
-1.265448531301215 1.376151951639989 0
-1.113847628999995 1.620740178480959 0
-0.9295754647166139 1.843823920612765 0
-0.7124597583165659 2.037832593561601 0
-0.4641715050516394 2.193626037430958 0
-0.1895331942878255 2.301386665680326 0
-1.385685516372343 0.2522784313043052 0
-1.356667283938248 0.503047968682063 0
-1.302117208891867 0.7500243653751433 0
-1.22119494137131 0.9905438958795947 0
-1.112883263673071 1.22135134642659 0
-0.9761074514882645 1.438333340837924 0
-0.8100035741925288 1.636212637258396 0
-0.6144468892673478 1.808285140315053 0
-0.3909469209420929 1.946460793936321 0
-0.1438033132460353 2.04205261154438 0
-1.206095767293435 0.2206985544773708 0
-1.179973584168064 0.4400358425137932 0
-1.131059117137587 0.6560169794718452 0
-1.058633435367337 0.8663142465945917 0
-0.9618285432909062 1.06808342051426 0
-0.8397310381479601 1.257732511537311 0
-0.6916155638052894 1.430656911220633 0
-0.5174044446908898 1.581010434191886 0
-0.3184473327347548 1.701742731136567 0
-0.09852620331607878 1.785286221380208 0
-1.028284134533192 0.1894313496966387 0
-1.005029326961144 0.3776475987796621 0
-0.9616946698476722 0.5629403597608784 0
-0.8976814492167523 0.7433145938309105 0
-0.8122694141921789 0.9163329988111685 0
-0.7047048863191214 1.078919809250384 0
-0.5743997119308659 1.227136390380814 0
-0.4213228163925509 1.355985972672352 0
-0.2466655622288365 1.45944761944131 0
-0.05369738160099387 1.531062072689865 0
-0.8522330130635765 0.1584737212140844 0
-0.8318171911866771 0.3158770604554155 0
-0.794007098345109 0.4707852907794725 0
-0.7383230471555127 0.621532759463429 0
-0.6641910686131101 0.7660850565950406 0
-0.5710156271397384 0.9018775298339798 0
-0.4583444130948586 1.025630924288824 0
-0.3261924913853153 1.133189476213499 0
-0.175594502352337 1.219551469350429 0
-0.009312409624814277 1.279354994886121 0
-0.6779249719664123 0.1278226038979412 0
-0.6603200270160244 0.2547181116061922 0
-0.6279797997914057 0.3795426482037303 0
-0.5805424510207708 0.5009566858059689 0
-0.51757884523544 0.6173247177347563 0
-0.4386500239628963 0.7265881442349655 0
-0.343438176598447 0.8261205617780109 0
-0.2320040507635065 0.9125988856120879 0
-0.1052271163206255 0.9820305286146116 0
0.03463310719288179 1.03014006631324 0
-0.5053427529816873 0.0974749629774186 0
-0.4905208544944368 0.1941646968771534 0
-0.4635963358038631 0.2892033980886995 0
-0.4243240389368222 0.3815744346070586 0
-0.3724182279653878 0.4700372534513762 0
-0.3075949712543857 0.5530342970303121 0
-0.2296696255614062 0.6285855493035239 0
-0.1387481689183495 0.6941923601673666 0
-0.0355564370503922 0.7468612802571118 0
0.07814351990297178 0.7833926121713449 0
-0.3344692688869048 0.06742779375772978 0
-0.3224028619465396 0.134210820924871 0
-0.3008404309119198 0.1997585960200658 0
-0.2696523438481266 0.263374185928907 0
-0.2286948445705147 0.3242080809350787 0
-0.1778374933620266 0.3811988047973843 0
-0.117027495853763 0.4330063290874212 0
-0.04641561266225021 0.4779482756301832 0
0.03342443349459231 0.5140204403654691 0
0.1212231364353688 0.5390882021994101 0
-0.1652876015112118 0.03767812127090509 0
-0.155949404022492 0.07485054772058591 0
-0.1396959706656325 0.1111993860746885 0
-0.1165120517217484 0.1463442367737621 0
-0.08639446500940544 0.1798227616504363 0
-0.04936474300766105 0.2110646541169909 0
-0.005500634786700209 0.2393635368457862 0
0.04500275984426313 0.2638452216899556 0
0.1017223251051482 0.2834849553855996 0
0.163876222099675 0.2972026478361391 0
2 2 0 140
967
968
969
970
971
972
973
974
975
976
977
978
979
980
981
982
983
984
985
986
987
988
989
990
991
992
993
994
995
996
997
998
999
1000
1001
1002
1003
1004
1005
1006
1007
1008
1009
1010
1011
1012
1013
1014
1015
1016
1017
1018
1019
1020
1021
1022
1023
1024
1025
1026
1027
1028
1029
1030
1031
1032
1033
1034
1035
1036
1037
1038
1039
1040
1041
1042
1043
1044
1045
1046
1047
1048
1049
1050
1051
1052
1053
1054
1055
1056
1057
1058
1059
1060
1061
1062
1063
1064
1065
1066
1067
1068
1069
1070
1071
1072
1073
1074
1075
1076
1077
1078
1079
1080
1081
1082
1083
1084
1085
1086
1087
1088
1089
1090
1091
1092
1093
1094
1095
1096
1097
1098
1099
1100
1101
1102
1103
1104
1105
1106
-2.487446564901246 -0.4425119302225996 0
-2.297883991651463 -0.409445269256938 0
-2.110198275560679 -0.3767060009738175 0
-1.92437083392236 -0.3442908838680527 0
-1.740383267946989 -0.3121967085163897 0
-1.558217360910829 -0.2804202972545184 0
-1.377855076734244 -0.2489585039290492 0
-1.199278557797112 -0.2178082135162351 0
-1.022470123197091 -0.1869663418188119 0
-0.8474122672322246 -0.1564298352007399 0
-0.6740876573280947 -0.1261956702257595 0
-0.5024791325943309 -0.09626085340558109 0
-0.3325697022130972 -0.06662242091879006 0
-0.1643425434644265 -0.03727743826641011 0
-2.427994551878791 -0.8814766138037333 0
-2.242453301779475 -0.8155853589929373 0
-2.058749093758514 -0.7503464928430621 0
-1.876863739317284 -0.6857535560734329 0
-1.696779229972636 -0.6218001533323806 0
-1.518477735444912 -0.5584799525536288 0
-1.341941602266417 -0.4957866844620652 0
-1.16715335164311 -0.4337141418139727 0
-0.9940956777500237 -0.3722561787929355 0
-0.8227514462458821 -0.3114067104812598 0
-0.6531036922442723 -0.2511597121397315 0
-0.4851356189007668 -0.1915092187058408 0
-0.3188305958356039 -0.1324493242336488 0
-0.154172157200915 -0.07397418120743574 0
-2.328213416187142 -1.313129208156055 0
-2.14943217010657 -1.214938426174962 0
-1.97242103537157 -1.117719830153225 0
-1.797162486162692 -1.021463794506654 0
-1.623639170117295 -0.9261607889177125 0
-1.451833906583574 -0.8318013773763997 0
-1.28172968527971 -0.7383762174437606 0
-1.113309664233424 -0.6458760591196793 0
-0.9465571681396757 -0.554291743942666 0
-0.7814556869292422 -0.4636142042021674 0
-0.6179888738138491 -0.3738344618652665 0
-0.4561405439247683 -0.2849436278289388 0
-0.2958946727929645 -0.196932901085346 0
-0.1372353944867488 -0.1097935676990377 0
-2.187089485529483 -1.733196176041972 0
-2.01789156681328 -1.60355121835969 0
-1.850368875013406 -1.475189874118682 0
-1.684504823758292 -1.348099434300548 0
-1.52028299083528 -1.222267315671005 0
-1.357687116538217 -1.09768105951354 0
-1.196701102398478 -0.9743283306569837 0
-1.037309009234916 -0.852196915980614 0
-0.8794950555997486 -0.7312747232255854 0
-0.7232436164237342 -0.6115497799549015 0
-0.5685392211661244 -0.4930102321362992 0
-0.4153665525262312 -0.3756443431549744 0
-0.2637104450050501 -0.2594404927114881 0
-0.1135558831427441 -0.144387175471328 0
-2.003285903350111 -2.136574341875895 0
-1.846606778309083 -1.976703099554775 0
-1.691478931732285 -1.818414740819607 0
-1.537887004458056 -1.661693593587213 0
-1.385815789337695 -1.506524140884677 0
-1.235250229705304 -1.352891019287749 0
-1.086175418202697 -1.200779017721702 0
-0.9385765949735846 -1.050173075617902 0
-0.7924391462245866 -0.9010582814481427 0
-0.6477486029705358 -0.7534198714421205 0
-0.5044906393213384 -0.6072432278399306 0
-0.3626510712888707 -0.4625138776746105 0
-0.2222158554550274 -0.3192174914130974 0
-0.08317108733961688 -0.1773398812909412 0
-1.775297134267183 -2.516935450840764 0
-1.634199996376856 -2.328541251093252 0
-1.494499859850416 -2.14201234045052 0
-1.356182893019149 -1.957330250740768 0
-1.219235401109384 -1.774476696576003 0
-1.083643824864499 -1.59343357351183 0
-0.9493947394866904 -1.414182956634371 0
-0.816474853010709 -1.236707098387928 0
-0.6848710050081058 -1.060988426847861 0
-0.5545701654572119 -0.8870095442092174 0
-0.4255594332003982 -0.7147532247274602 0
-0.2978260348696266 -0.5442024132837989 0
-0.1713573236869651 -0.3753402237836813 0
-0.04614077799480075 -0.2081499371943967 0
-1.501782195190288 -2.866254481286678 0
-1.37944810100873 -2.651645659617239 0
-1.258325235481258 -2.439161677764454 0
-1.138401606269197 -2.228781497752661 0
-1.019665339724671 -2.020484289823962 0
-0.902104679695847 -1.814249430341943 0
-0.785707986609423 -1.610056500181959 0
-0.6704637360605921 -1.407885282256525 0
-0.5563605176897006 -1.207715759547892 0
-0.443387034202409 -1.009528113386355 0
-0.3315321000321245 -0.8133027211044287 0
-0.2207846404084306 -0.61902015440256 0
-0.1111336903171121 -0.4266611775247673 0
-0.002568393225821114 -0.2362067450231857 0
-1.182226518512535 -3.174333567308993 0
-1.081893901065039 -2.936589288083308 0
-0.9825546758685409 -2.701198912610282 0
-0.8841990073760693 -2.468139134959051 0
-0.7868171573852243 -2.237386879862998 0
-0.6903994840582832 -2.008919300397496 0
-0.5949364411696949 -1.782713776196645 0
-0.5004185769496061 -1.558747910711877 0
-0.4068365331626502 -1.336999529032507 0
-0.3141810443042417 -1.117446675978372 0
-0.2224429365035889 -0.9000676135011455 0
-0.1316131267596623 -0.6848408188738587 0
-0.0416826220882566 -0.4717449826698734 0
0.04735748152315275 -0.2607590062864393 0
-0.8181093893275664 -3.428586633893893 0
-0.7429249115048837 -3.171740174696222 0
-0.6684848344520118 -2.917436749745825 0
-0.594781787879183 -2.66565118053644 0
-0.5218084744420177 -2.416358537759388 0
-0.4495576690072292 -2.1695341387947 0
-0.3780222180887266 -1.925153545784582 0
-0.3071950389809748 -1.683192562671717 0
-0.2370691190687898 -1.443627232844805 0
-0.1676375152249895 -1.206433837077865 0
-0.09889335298838414 -0.9715888907227703 0
-0.0308298259912459 -0.7390691417533002 0
0.03655980467983955 -0.5088515685817327 0
0.1032822112671517 -0.2809133773834256 0
-0.414634318720602 -3.614644704819016 0
-0.3673712150482473 -3.343820652802848 0
-0.3205760628969623 -3.075678027041945 0
-0.274244229092719 -2.810190278814897 0
-0.2283711263170502 -2.547331122159221 0
-0.182952212645437 -2.287074531225954 0
-0.1379829911928216 -2.029394738248274 0
-0.09345900956877287 -1.774266230418574 0
-0.04937585944373335 -1.521663747406005 0
-0.0057291761702538 -1.271562279183532 0
0.03748536173371839 -1.023937063067701 0
0.0802720329447508 -0.7787635816562567 0
0.1226350737357105 -0.5360175605259091 0
0.1645786784680892 -0.2956749654113241 0
2 5 0 2772
1107
1108
1109
1110
1111
1112
1113
1114
1115
1116
1117
1118
1119
1120
1121
1122
1123
1124
1125
1126
1127
1128
1129
1130
1131
1132
1133
1134
1135
1136
1137
1138
1139
1140
1141
1142
1143
1144
1145
1146
1147
1148
1149
1150
1151
1152
1153
1154
1155
1156
1157
1158
1159
1160
1161
1162
1163
1164
1165
1166
1167
1168
1169
1170
1171
1172
1173
1174
1175
1176
1177
1178
1179
1180
1181
1182
1183
1184
1185
1186
1187
1188
1189
1190
1191
1192
1193
1194
1195
1196
1197
1198
1199
1200
1201
1202
1203
1204
1205
1206
1207
1208
1209
1210
1211
1212
1213
1214
1215
1216
1217
1218
1219
1220
1221
1222
1223
1224
1225
1226
1227
1228
1229
1230
1231
1232
1233
1234
1235
1236
1237
1238
1239
1240
1241
1242
1243
1244
1245
1246
1247
1248
1249
1250
1251
1252
1253
1254
1255
1256
1257
1258
1259
1260
1261
1262
1263
1264
1265
1266
1267
1268
1269
1270
1271
1272
1273
1274
1275
1276
1277
1278
1279
1280
1281
1282
1283
1284
1285
1286
1287
1288
1289
1290
1291
1292
1293
1294
1295
1296
1297
1298
1299
1300
1301
1302
1303
1304
1305
1306
1307
1308
1309
1310
1311
1312
1313
1314
1315
1316
1317
1318
1319
1320
1321
1322
1323
1324
1325
1326
1327
1328
1329
1330
1331
1332
1333
1334
1335
1336
1337
1338
1339
1340
1341
1342
1343
1344
1345
1346
1347
1348
1349
1350
1351
1352
1353
1354
1355
1356
1357
1358
1359
1360
1361
1362
1363
1364
1365
1366
1367
1368
1369
1370
1371
1372
1373
1374
1375
1376
1377
1378
1379
1380
1381
1382
1383
1384
1385
1386
1387
1388
1389
1390
1391
1392
1393
1394
1395
1396
1397
1398
1399
1400
1401
1402
1403
1404
1405
1406
1407
1408
1409
1410
1411
1412
1413
1414
1415
1416
1417
1418
1419
1420
1421
1422
1423
1424
1425
1426
1427
1428
1429
1430
1431
1432
1433
1434
1435
1436
1437
1438
1439
1440
1441
1442
1443
1444
1445
1446
1447
1448
1449
1450
1451
1452
1453
1454
1455
1456
1457
1458
1459
1460
1461
1462
1463
1464
1465
1466
1467
1468
1469
1470
1471
1472
1473
1474
1475
1476
1477
1478
1479
1480
1481
1482
1483
1484
1485
1486
1487
1488
1489
1490
1491
1492
1493
1494
1495
1496
1497
1498
1499
1500
1501
1502
1503
1504
1505
1506
1507
1508
1509
1510
1511
1512
1513
1514
1515
1516
1517
1518
1519
1520
1521
1522
1523
1524
1525
1526
1527
1528
1529
1530
1531
1532
1533
1534
1535
1536
1537
1538
1539
1540
1541
1542
1543
1544
1545
1546
1547
1548
1549
1550
1551
1552
1553
1554
1555
1556
1557
1558
1559
1560
1561
1562
1563
1564
1565
1566
1567
1568
1569
1570
1571
1572
1573
1574
1575
1576
1577
1578
1579
1580
1581
1582
1583
1584
1585
1586
1587
1588
1589
1590
1591
1592
1593
1594
1595
1596
1597
1598
1599
1600
1601
1602
1603
1604
1605
1606
1607
1608
1609
1610
1611
1612
1613
1614
1615
1616
1617
1618
1619
1620
1621
1622
1623
1624
1625
1626
1627
1628
1629
1630
1631
1632
1633
1634
1635
1636
1637
1638
1639
1640
1641
1642
1643
1644
1645
1646
1647
1648
1649
1650
1651
1652
1653
1654
1655
1656
1657
1658
1659
1660
1661
1662
1663
1664
1665
1666
1667
1668
1669
1670
1671
1672
1673
1674
1675
1676
1677
1678
1679
1680
1681
1682
1683
1684
1685
1686
1687
1688
1689
1690
1691
1692
1693
1694
1695
1696
1697
1698
1699
1700
1701
1702
1703
1704
1705
1706
1707
1708
1709
1710
1711
1712
1713
1714
1715
1716
1717
1718
1719
1720
1721
1722
1723
1724
1725
1726
1727
1728
1729
1730
1731
1732
1733
1734
1735
1736
1737
1738
1739
1740
1741
1742
1743
1744
1745
1746
1747
1748
1749
1750
1751
1752
1753
1754
1755
1756
1757
1758
1759
1760
1761
1762
1763
1764
1765
1766
1767
1768
1769
1770
1771
1772
1773
1774
1775
1776
1777
1778
1779
1780
1781
1782
1783
1784
1785
1786
1787
1788
1789
1790
1791
1792
1793
1794
1795
1796
1797
1798
1799
1800
1801
1802
1803
1804
1805
1806
1807
1808
1809
1810
1811
1812
1813
1814
1815
1816
1817
1818
1819
1820
1821
1822
1823
1824
1825
1826
1827
1828
1829
1830
1831
1832
1833
1834
1835
1836
1837
1838
1839
1840
1841
1842
1843
1844
1845
1846
1847
1848
1849
1850
1851
1852
1853
1854
1855
1856
1857
1858
1859
1860
1861
1862
1863
1864
1865
1866
1867
1868
1869
1870
1871
1872
1873
1874
1875
1876
1877
1878
1879
1880
1881
1882
1883
1884
1885
1886
1887
1888
1889
1890
1891
1892
1893
1894
1895
1896
1897
1898
1899
1900
1901
1902
1903
1904
1905
1906
1907
1908
1909
1910
1911
1912
1913
1914
1915
1916
1917
1918
1919
1920
1921
1922
1923
1924
1925
1926
1927
1928
1929
1930
1931
1932
1933
1934
1935
1936
1937
1938
1939
1940
1941
1942
1943
1944
1945
1946
1947
1948
1949
1950
1951
1952
1953
1954
1955
1956
1957
1958
1959
1960
1961
1962
1963
1964
1965
1966
1967
1968
1969
1970
1971
1972
1973
1974
1975
1976
1977
1978
1979
1980
1981
1982
1983
1984
1985
1986
1987
1988
1989
1990
1991
1992
1993
1994
1995
1996
1997
1998
1999
2000
2001
2002
2003
2004
2005
2006
2007
2008
2009
2010
2011
2012
2013
2014
2015
2016
2017
2018
2019
2020
2021
2022
2023
2024
2025
2026
2027
2028
2029
2030
2031
2032
2033
2034
2035
2036
2037
2038
2039
2040
2041
2042
2043
2044
2045
2046
2047
2048
2049
2050
2051
2052
2053
2054
2055
2056
2057
2058
2059
2060
2061
2062
2063
2064
2065
2066
2067
2068
2069
2070
2071
2072
2073
2074
2075
2076
2077
2078
2079
2080
2081
2082
2083
2084
2085
2086
2087
2088
2089
2090
2091
2092
2093
2094
2095
2096
2097
2098
2099
2100
2101
2102
2103
2104
2105
2106
2107
2108
2109
2110
2111
2112
2113
2114
2115
2116
2117
2118
2119
2120
2121
2122
2123
2124
2125
2126
2127
2128
2129
2130
2131
2132
2133
2134
2135
2136
2137
2138
2139
2140
2141
2142
2143
2144
2145
2146
2147
2148
2149
2150
2151
2152
2153
2154
2155
2156
2157
2158
2159
2160
2161
2162
2163
2164
2165
2166
2167
2168
2169
2170
2171
2172
2173
2174
2175
2176
2177
2178
2179
2180
2181
2182
2183
2184
2185
2186
2187
2188
2189
2190
2191
2192
2193
2194
2195
2196
2197
2198
2199
2200
2201
2202
2203
2204
2205
2206
2207
2208
2209
2210
2211
2212
2213
2214
2215
2216
2217
2218
2219
2220
2221
2222
2223
2224
2225
2226
2227
2228
2229
2230
2231
2232
2233
2234
2235
2236
2237
2238
2239
2240
2241
2242
2243
2244
2245
2246
2247
2248
2249
2250
2251
2252
2253
2254
2255
2256
2257
2258
2259
2260
2261
2262
2263
2264
2265
2266
2267
2268
2269
2270
2271
2272
2273
2274
2275
2276
2277
2278
2279
2280
2281
2282
2283
2284
2285
2286
2287
2288
2289
2290
2291
2292
2293
2294
2295
2296
2297
2298
2299
2300
2301
2302
2303
2304
2305
2306
2307
2308
2309
2310
2311
2312
2313
2314
2315
2316
2317
2318
2319
2320
2321
2322
2323
2324
2325
2326
2327
2328
2329
2330
2331
2332
2333
2334
2335
2336
2337
2338
2339
2340
2341
2342
2343
2344
2345
2346
2347
2348
2349
2350
2351
2352
2353
2354
2355
2356
2357
2358
2359
2360
2361
2362
2363
2364
2365
2366
2367
2368
2369
2370
2371
2372
2373
2374
2375
2376
2377
2378
2379
2380
2381
2382
2383
2384
2385
2386
2387
2388
2389
2390
2391
2392
2393
2394
2395
2396
2397
2398
2399
2400
2401
2402
2403
2404
2405
2406
2407
2408
2409
2410
2411
2412
2413
2414
2415
2416
2417
2418
2419
2420
2421
2422
2423
2424
2425
2426
2427
2428
2429
2430
2431
2432
2433
2434
2435
2436
2437
2438
2439
2440
2441
2442
2443
2444
2445
2446
2447
2448
2449
2450
2451
2452
2453
2454
2455
2456
2457
2458
2459
2460
2461
2462
2463
2464
2465
2466
2467
2468
2469
2470
2471
2472
2473
2474
2475
2476
2477
2478
2479
2480
2481
2482
2483
2484
2485
2486
2487
2488
2489
2490
2491
2492
2493
2494
2495
2496
2497
2498
2499
2500
2501
2502
2503
2504
2505
2506
2507
2508
2509
2510
2511
2512
2513
2514
2515
2516
2517
2518
2519
2520
2521
2522
2523
2524
2525
2526
2527
2528
2529
2530
2531
2532
2533
2534
2535
2536
2537
2538
2539
2540
2541
2542
2543
2544
2545
2546
2547
2548
2549
2550
2551
2552
2553
2554
2555
2556
2557
2558
2559
2560
2561
2562
2563
2564
2565
2566
2567
2568
2569
2570
2571
2572
2573
2574
2575
2576
2577
2578
2579
2580
2581
2582
2583
2584
2585
2586
2587
2588
2589
2590
2591
2592
2593
2594
2595
2596
2597
2598
2599
2600
2601
2602
2603
2604
2605
2606
2607
2608
2609
2610
2611
2612
2613
2614
2615
2616
2617
2618
2619
2620
2621
2622
2623
2624
2625
2626
2627
2628
2629
2630
2631
2632
2633
2634
2635
2636
2637
2638
2639
2640
2641
2642
2643
2644
2645
2646
2647
2648
2649
2650
2651
2652
2653
2654
2655
2656
2657
2658
2659
2660
2661
2662
2663
2664
2665
2666
2667
2668
2669
2670
2671
2672
2673
2674
2675
2676
2677
2678
2679
2680
2681
2682
2683
2684
2685
2686
2687
2688
2689
2690
2691
2692
2693
2694
2695
2696
2697
2698
2699
2700
2701
2702
2703
2704
2705
2706
2707
2708
2709
2710
2711
2712
2713
2714
2715
2716
2717
2718
2719
2720
2721
2722
2723
2724
2725
2726
2727
2728
2729
2730
2731
2732
2733
2734
2735
2736
2737
2738
2739
2740
2741
2742
2743
2744
2745
2746
2747
2748
2749
2750
2751
2752
2753
2754
2755
2756
2757
2758
2759
2760
2761
2762
2763
2764
2765
2766
2767
2768
2769
2770
2771
2772
2773
2774
2775
2776
2777
2778
2779
2780
2781
2782
2783
2784
2785
2786
2787
2788
2789
2790
2791
2792
2793
2794
2795
2796
2797
2798
2799
2800
2801
2802
2803
2804
2805
2806
2807
2808
2809
2810
2811
2812
2813
2814
2815
2816
2817
2818
2819
2820
2821
2822
2823
2824
2825
2826
2827
2828
2829
2830
2831
2832
2833
2834
2835
2836
2837
2838
2839
2840
2841
2842
2843
2844
2845
2846
2847
2848
2849
2850
2851
2852
2853
2854
2855
2856
2857
2858
2859
2860
2861
2862
2863
2864
2865
2866
2867
2868
2869
2870
2871
2872
2873
2874
2875
2876
2877
2878
2879
2880
2881
2882
2883
2884
2885
2886
2887
2888
2889
2890
2891
2892
2893
2894
2895
2896
2897
2898
2899
2900
2901
2902
2903
2904
2905
2906
2907
2908
2909
2910
2911
2912
2913
2914
2915
2916
2917
2918
2919
2920
2921
2922
2923
2924
2925
2926
2927
2928
2929
2930
2931
2932
2933
2934
2935
2936
2937
2938
2939
2940
2941
2942
2943
2944
2945
2946
2947
2948
2949
2950
2951
2952
2953
2954
2955
2956
2957
2958
2959
2960
2961
2962
2963
2964
2965
2966
2967
2968
2969
2970
2971
2972
2973
2974
2975
2976
2977
2978
2979
2980
2981
2982
2983
2984
2985
2986
2987
2988
2989
2990
2991
2992
2993
2994
2995
2996
2997
2998
2999
3000
3001
3002
3003
3004
3005
3006
3007
3008
3009
3010
3011
3012
3013
3014
3015
3016
3017
3018
3019
3020
3021
3022
3023
3024
3025
3026
3027
3028
3029
3030
3031
3032
3033
3034
3035
3036
3037
3038
3039
3040
3041
3042
3043
3044
3045
3046
3047
3048
3049
3050
3051
3052
3053
3054
3055
3056
3057
3058
3059
3060
3061
3062
3063
3064
3065
3066
3067
3068
3069
3070
3071
3072
3073
3074
3075
3076
3077
3078
3079
3080
3081
3082
3083
3084
3085
3086
3087
3088
3089
3090
3091
3092
3093
3094
3095
3096
3097
3098
3099
3100
3101
3102
3103
3104
3105
3106
3107
3108
3109
3110
3111
3112
3113
3114
3115
3116
3117
3118
3119
3120
3121
3122
3123
3124
3125
3126
3127
3128
3129
3130
3131
3132
3133
3134
3135
3136
3137
3138
3139
3140
3141
3142
3143
3144
3145
3146
3147
3148
3149
3150
3151
3152
3153
3154
3155
3156
3157
3158
3159
3160
3161
3162
3163
3164
3165
3166
3167
3168
3169
3170
3171
3172
3173
3174
3175
3176
3177
3178
3179
3180
3181
3182
3183
3184
3185
3186
3187
3188
3189
3190
3191
3192
3193
3194
3195
3196
3197
3198
3199
3200
3201
3202
3203
3204
3205
3206
3207
3208
3209
3210
3211
3212
3213
3214
3215
3216
3217
3218
3219
3220
3221
3222
3223
3224
3225
3226
3227
3228
3229
3230
3231
3232
3233
3234
3235
3236
3237
3238
3239
3240
3241
3242
3243
3244
3245
3246
3247
3248
3249
3250
3251
3252
3253
3254
3255
3256
3257
3258
3259
3260
3261
3262
3263
3264
3265
3266
3267
3268
3269
3270
3271
3272
3273
3274
3275
3276
3277
3278
3279
3280
3281
3282
3283
3284
3285
3286
3287
3288
3289
3290
3291
3292
3293
3294
3295
3296
3297
3298
3299
3300
3301
3302
3303
3304
3305
3306
3307
3308
3309
3310
3311
3312
3313
3314
3315
3316
3317
3318
3319
3320
3321
3322
3323
3324
3325
3326
3327
3328
3329
3330
3331
3332
3333
3334
3335
3336
3337
3338
3339
3340
3341
3342
3343
3344
3345
3346
3347
3348
3349
3350
3351
3352
3353
3354
3355
3356
3357
3358
3359
3360
3361
3362
3363
3364
3365
3366
3367
3368
3369
3370
3371
3372
3373
3374
3375
3376
3377
3378
3379
3380
3381
3382
3383
3384
3385
3386
3387
3388
3389
3390
3391
3392
3393
3394
3395
3396
3397
3398
3399
3400
3401
3402
3403
3404
3405
3406
3407
3408
3409
3410
3411
3412
3413
3414
3415
3416
3417
3418
3419
3420
3421
3422
3423
3424
3425
3426
3427
3428
3429
3430
3431
3432
3433
3434
3435
3436
3437
3438
3439
3440
3441
3442
3443
3444
3445
3446
3447
3448
3449
3450
3451
3452
3453
3454
3455
3456
3457
3458
3459
3460
3461
3462
3463
3464
3465
3466
3467
3468
3469
3470
3471
3472
3473
3474
3475
3476
3477
3478
3479
3480
3481
3482
3483
3484
3485
3486
3487
3488
3489
3490
3491
3492
3493
3494
3495
3496
3497
3498
3499
3500
3501
3502
3503
3504
3505
3506
3507
3508
3509
3510
3511
3512
3513
3514
3515
3516
3517
3518
3519
3520
3521
3522
3523
3524
3525
3526
3527
3528
3529
3530
3531
3532
3533
3534
3535
3536
3537
3538
3539
3540
3541
3542
3543
3544
3545
3546
3547
3548
3549
3550
3551
3552
3553
3554
3555
3556
3557
3558
3559
3560
3561
3562
3563
3564
3565
3566
3567
3568
3569
3570
3571
3572
3573
3574
3575
3576
3577
3578
3579
3580
3581
3582
3583
3584
3585
3586
3587
3588
3589
3590
3591
3592
3593
3594
3595
3596
3597
3598
3599
3600
3601
3602
3603
3604
3605
3606
3607
3608
3609
3610
3611
3612
3613
3614
3615
3616
3617
3618
3619
3620
3621
3622
3623
3624
3625
3626
3627
3628
3629
3630
3631
3632
3633
3634
3635
3636
3637
3638
3639
3640
3641
3642
3643
3644
3645
3646
3647
3648
3649
3650
3651
3652
3653
3654
3655
3656
3657
3658
3659
3660
3661
3662
3663
3664
3665
3666
3667
3668
3669
3670
3671
3672
3673
3674
3675
3676
3677
3678
3679
3680
3681
3682
3683
3684
3685
3686
3687
3688
3689
3690
3691
3692
3693
3694
3695
3696
3697
3698
3699
3700
3701
3702
3703
3704
3705
3706
3707
3708
3709
3710
3711
3712
3713
3714
3715
3716
3717
3718
3719
3720
3721
3722
3723
3724
3725
3726
3727
3728
3729
3730
3731
3732
3733
3734
3735
3736
3737
3738
3739
3740
3741
3742
3743
3744
3745
3746
3747
3748
3749
3750
3751
3752
3753
3754
3755
3756
3757
3758
3759
3760
3761
3762
3763
3764
3765
3766
3767
3768
3769
3770
3771
3772
3773
3774
3775
3776
3777
3778
3779
3780
3781
3782
3783
3784
3785
3786
3787
3788
3789
3790
3791
3792
3793
3794
3795
3796
3797
3798
3799
3800
3801
3802
3803
3804
3805
3806
3807
3808
3809
3810
3811
3812
3813
3814
3815
3816
3817
3818
3819
3820
3821
3822
3823
3824
3825
3826
3827
3828
3829
3830
3831
3832
3833
3834
3835
3836
3837
3838
3839
3840
3841
3842
3843
3844
3845
3846
3847
3848
3849
3850
3851
3852
3853
3854
3855
3856
3857
3858
3859
3860
3861
3862
3863
3864
3865
3866
3867
3868
3869
3870
3871
3872
3873
3874
3875
3876
3877
3878
0.271146720276855 0.3047404954229831 0
0.2550238077526538 0.5519576858588444 0
0.2387396660988747 0.8016470482655383 0
0.2222926830238754 1.053833304368095 0
0.2056812301254866 1.308541422918817 0
0.1889036627017706 1.565796622598979 0
0.1719583195965811 1.825624374386897 0
0.1548435230612124 2.088050403679319 0
0.1375575785558212 2.353100693336276 0
0.1200987746036442 2.620801485916361 0
0.1024653826244843 2.89117928622999 0
0.08465565672520918 3.164260864551716 0
0.06666783356348113 3.440073258709719 0
0.04850013217028874 3.718643776806915 0
0.3138371100392875 0.3045773049607313 0
0.2968752811749432 0.5518054130297216 0
0.2797438340173938 0.8015058022458813 0
0.2624410723833429 1.053703195426001 0
0.2449652831406948 1.308422562425057 0
0.2273147360094672 1.565689123038034 0
0.2094876833993145 1.8255283493681 0
0.1914823602639788 2.08796596794809 0
0.1732969838923802 2.353027962785486 0
0.1549297537552436 2.620740577597814 0
0.1363788513299279 2.891130318365998 0
0.1176424398800182 3.164223956546826 0
0.0987186643119695 3.440048531162522 0
0.07960565098839731 3.718631351522003 0
0.357937127760138 0.3036600620177288 0
0.3400420767936314 0.5509495347143019 0
0.321968075312646 0.800711902204339 0
0.3037133338116539 1.052971893441092 0
0.2852760449038212 1.307754484477321 0
0.2666543831109686 1.565084901367828 0
0.247846504692156 1.824988622538228 0
0.2288505474901248 2.087491380906949 0
0.2096646307108959 2.352619166930973 0
0.1902868547619526 2.620398230841803 0
0.1707153010674386 2.890855085199421 0
0.1509480318356196 3.164016508105583 0
0.1309830899076428 3.439909545293877 0
0.1108184985605477 3.718561512851695 0
0.4030725608276911 0.3020553558055842 0
0.3841750172591749 0.5494521852279175 0
0.3650884982498895 0.7993229830110032 0
0.3458111140450232 1.051692488843767 0
0.3263409560067352 1.306585689621918 0
0.3066760963923503 1.564027822351742 0
0.2868145881733399 1.824044376519899 0
0.2667544648731639 2.086661096216349 0
0.2464937403345208 2.351903983181402 0
0.2260304085484618 2.619799299042681 0
0.2053624434592415 2.890373567870168 0
0.1844877987187485 3.1636535793909 0
0.1634044075267963 3.439666391079931 0
0.142110182423091 3.718439330883506 0
0.4488588799918123 0.2998429058029836 0
0.4289152987788106 0.5473877507227262 0
0.4087722817483123 0.797408044158238 0
0.3884278345417174 1.049928540599995 0
0.367879942872161 1.304974241893161 0
0.3471265722904321 1.562570400143117 0
0.3261656679939351 1.822742520086674 0
0.3049951546555545 2.085516361216267 0
0.2836129361780247 2.350917940828831 0
0.2620168955135779 2.61897353626411 0
0.2402048944580001 2.889709687461221 0
0.218174773391465 3.163153200175275 0
0.1959243511099861 3.439331148069593 0
0.173451424605864 3.718270875440522 0
0.4949059287450491 0.2971080587459327 0
0.4738988667725636 0.5448358681380978 0
0.4526817341747005 0.7950409556908085 0
0.431252430244758 1.047748094190989 0
0.4096088332851061 1.30298230396308 0
0.3877488003606218 1.560768855776708 0
0.3656701670974644 1.821133273219657 0
0.3433707475028152 2.084101334823623 0
0.3208483337061488 2.349699077115348 0
0.2981006957692598 2.6179527968566 0
0.2751255814693436 2.888889053602599 0
0.2519207160260046 3.162534672921034 0
0.2284838019237264 3.438916748485814 0
0.2048125186806022 3.718062644803923 0
0.5289434725032442 0.2948346467890426 0
0.5076763797264743 0.5427145501047856 0
0.4861966160162136 0.7930732525203525 0
0.4645020546626741 1.045935542032063 0
0.4425905477053076 1.301326454325728 0
0.4204599256831909 1.559271275686113 0
0.3981079974313079 1.819795545371355 0
0.37553254989806 2.082925057740026 0
0.3527313478833345 2.34868586530414 0
0.3297021338461781 2.617104280970523 0
0.3064426276851941 2.88820688060078 0
0.2829505264621715 3.162020506232322 0
0.2592235042223571 3.438572268173371 0
0.2352592117603221 3.717889547731524 0
0.5589528378972302 0.292669090597434 0
0.5376952041683879 0.5406938721596874 0
0.5162249940965364 0.7911989016042704 0
0.4945400819177931 1.044208981415329 0
0.4726383206269669 1.299749161911271 0
0.4505175417280533 1.557844744155921 0
0.4281755550306098 1.818521282334336 0
0.4056101484673456 2.081804585881104 0
0.3828190878323062 2.347720722535131 0
0.3598001165886339 2.61629602058234 0
0.3365509556490616 2.887557071417118 0
0.3130693030996649 3.161530732765228 0
0.2893528340202146 3.438244130780043 0
0.2653992002501472 3.717724662772708 0
0.5889622032912158 0.2903515984582114 0
0.5677140286103011 0.5385314229598872 0
0.5462533721768593 0.7891930457733313 0
0.5245781091729125 1.042361284886984 0
0.5026860935486261 1.298061206278475 0
0.4805751577729159 1.556318126827595 0
0.4582431126299119 1.817157616693594 0
0.4356877470366312 2.080605501444812 0
0.4129068277812779 2.346687865115372 0
0.3898980993310899 2.615431052449296 0
0.366659283612929 2.886861671463532 0
0.3431880797371582 3.1610065966729 0
0.3194821638180723 3.437892971187617 0
0.2955391887399721 3.717548209445193 0
0.6189715686852014 0.287892487009793 0
0.5977328530522146 0.5362368289486062 0
0.5762817502571824 0.7870646143736049 0
0.5546161364280318 1.040400677724976 0
0.5327338664702854 1.296270101596487 0
0.5106327738177785 1.554698219650391 0
0.4883106702292141 1.815710618996294 0
0.4657653456059166 2.079333142322205 0
0.4429945677302496 2.345591890953247 0
0.4199960820735456 2.614513227097274 0
0.3967676115767964 2.886123776409586 0
0.3733068563746517 3.160450431220013 0
0.3496114936159299 3.437520352631834 0
0.3256791772297974 3.717360973255496 0
0.648980934079187 0.2852973835094981 0
0.6277516774941284 0.5338153409130553 0
0.6063101283375055 0.7848184779574936 0
0.5846541636831513 1.038331646444549 0
0.562781639391945 1.294379946503024 0
0.5406903898626414 1.55298872950572 0
0.5183782278285165 1.814183600449982 0
0.4958429441752026 2.077990420090225 0
0.4730823076792218 2.344435307998785 0
0.4500940648160019 2.613544644813123 0
0.4268759395406646 2.885345074802312 0
0.4034256330121456 3.159863509096391 0
0.3797408234137882 3.437127127786735 0
0.3558191657196232 3.717163382661716 0
0.678990299473173 0.2825747288433049 0
0.6577705019360424 0.5312748350340509 0
0.6363385064178296 0.7824619423536011 0
0.6146921909382723 1.036160920818572 0
0.5928294123136065 1.292396888954658 0
0.5707480059075065 1.551195216715701 0
0.5484457854278217 1.812581527865975 0
0.5259205427444917 2.076581702114278 0
0.5031700476281977 2.343221878177026 0
0.4801920475584623 2.612528456027113 0
0.456984267504537 2.884528099462264 0
0.4335444096496445 3.159247739336769 0
0.4098701532116518 3.436714575663382 0
0.3859591542094548 3.716956080351003 0
0.7089996648671596 0.2797263987636533 0
0.6877893263779579 0.5286170615739969 0
0.6663668844981552 0.7799966310793942 0
0.6447302181933955 1.033889996352126 0
0.6228771852352706 1.290322295163963 0
0.6008056219523746 1.549318916907472 0
0.5785133430271305 1.810905504980122 0
0.555998141313785 2.075107958920013 0
0.5332577875771782 2.341952437471313 0
0.5102900303009278 2.611465360834858 0
0.4870925954684151 2.883673413238452 0
0.4636631862871495 3.158603546171089 0
0.439999483009522 3.436282980486453 0
0.4160991426992936 3.716739209142725 0
0.7390090302611467 0.2767580205278624 0
0.7178081508198737 0.5258472713201048 0
0.6963952625784822 0.7774274146872753 0
0.6747682454485198 1.031523359560456 0
0.6529249581569365 1.288160263768656 0
0.6308632379972452 1.547363536962445 0
0.608580900626442 1.809158842999969 0
0.5860757398830813 2.073572102084369 0
0.5633455275261621 2.340629493831675 0
0.5403880130433971 2.610357459523206 0
0.5172009234322977 2.88278270467791 0
0.4937819629246594 3.157932202289172 0
0.4701288128073976 3.43583319492999 0
0.4462391311891381 3.71651319749498 0
0.7690183956551342 0.273668656259712 0
0.7478269752617905 0.5229645891411724 0
0.7264236406588105 0.7747534814185106 0
0.7048062727036465 1.029060262691021 0
0.6829727310786046 1.285910111662449 0
0.6609208540421188 1.545328459067052 0
0.6386484582257568 1.80734099005759 0
0.6161533384523813 2.071973646344524 0
0.5934332674751501 2.339252629266439 0
0.5704859957858712 2.609204402044349 0
0.547309251396185 2.881855692356132 0
0.5239007395621746 3.15723349557605 0
0.5002581426052792 3.435365076881654 0
0.476379119678989 3.716277973998086 0
0.7990277610491214 0.2704601817116423 0
0.7778457997037073 0.5199707652996036 0
0.7564520187391387 0.7719764547905675 0
0.7348442999587724 1.026502201248902 0
0.7130205040002726 1.283573205057915 0
0.6909784700869916 1.54321491884843 0
0.6687160158250711 1.805453049888835 0
0.646230937021681 2.070313562226121 0
0.6235210074241377 2.33782267975895 0
0.6005839785283451 2.608006888493903 0
0.5774175793600727 2.880892939122131 0
0.5540195161996899 3.156507850261663 0
0.5303874724031606 3.434878910566122 0
0.5065191081688399 3.71603368147141 0
0.829037126443109 0.2671288453787733 0
0.8078646241456242 0.5168622992705908 0
0.7864803968194667 0.7690930877685114 0
0.7648823272138988 1.023846184223937 0
0.7430682769219407 1.281146811529909 0
0.7210360861318648 1.541020445052304 0
0.6987835734243857 1.803492815022007 0
0.6763085355909808 2.068589908677871 0
0.6536087473731259 2.33633797334252 0
0.630681961270819 2.606763518680636 0
0.6075259073239601 2.879893319277883 0
0.5841382928372054 3.15575441788613 0
0.5605168022010421 3.434374127534038 0
0.536659096658691 3.715780034276217 0
0.8590464918370962 0.263672771508666 0
0.8378834485875412 0.5136374407917305 0
0.8165087748997949 0.7661017568348745 0
0.7949203544690253 1.021090716111043 0
0.7731160498436089 1.278629564865861 0
0.7510937021767379 1.538743802051536 0
0.7288511310237005 1.801459181721257 0
0.7063861341602808 2.066801715174124 0
0.6836964873221139 2.334797674033808 0
0.6607799440132932 2.605473592508932 0
0.6376342352878477 2.878856269974378 0
0.6142570694747206 3.154972774219508 0
0.5906461319989237 3.433850443560717 0
0.5667990851485422 3.715516889593142 0
0.8890558572310838 0.2600882085964406 0
0.8679022730294582 0.5102926893382149 0
0.8465371529801231 0.7629992149547227 0
0.8249583817241515 1.018232805900058 0
0.8031638227652774 1.276018732640624 0
0.7811513182216112 1.536382518591852 0
0.7589186886230148 1.799349942514888 0
0.7364637327295809 2.064947040663589 0
0.7137842272711017 2.333200109866129 0
0.690877926755767 2.604135709787562 0
0.6677425632517351 2.87778066551359 0
0.6443758461122362 3.154162070801916 0
0.6207754617968052 3.433307290196803 0
0.596939073638393 3.715243961783451 0
0.919065222625071 0.2563685915085584 0
0.8979210974713751 0.5068219189916312 0
0.8765655310604512 0.7597797798169196 0
0.854996408979278 1.015267219323195 0
0.8332115956869451 1.273309533110199 0
0.8112089342664847 1.533932269978271 0
0.7889862462223293 1.797161234327432 0
0.7665413312988806 2.063022488306503 0
0.7438719672200897 2.331542354897783 0
0.720975909498241 2.602747420181871 0
0.6978508912156227 2.876664535923983 0
0.6744946227497515 3.15332082282856 0
0.6509047915946871 3.432743672655911 0
0.627079062128244 3.714960750979361 0
0.9490745880190585 0.2525064172352606 0
0.927939921913292 0.5032181287023648 0
0.9065939091407796 0.7564369573515959 0
0.885034436234404 1.01218797436013 0
0.8632593686086134 1.270496501424294 0
0.8412665503113577 1.531388113702242 0
0.8190538038216439 1.794888642215493 0
0.7966189298681803 2.061024176000281 0
0.7739597071690778 2.3298210651954 0
0.7510738922407151 2.601305923309393 0
0.7279592191795101 2.875505629809508 0
0.7046133993872666 3.152447333379673 0
0.6810341213925685 3.432158454039324 0
0.6572190506180952 3.714666685903404 0
0.9790839534130459 0.2484951206430084 0
0.9579587463552088 0.499475192552002 0
0.9366222872211079 0.7529650652476162 0
0.9150724634895308 1.008989836743074 0
0.8933071415302817 1.26757485583891 0
0.8713241663562308 1.528745725068785 0
0.8491213614209585 1.792528303103602 0
0.8266965284374808 2.058948706905156 0
0.8040474471180658 2.328033314817281 0
0.7811718749831889 2.599808768835478 0
0.7580675471433976 2.874301977198627 0
0.7347321760247821 3.151540117650464 0
0.71116345119045 3.431550639560659 0
0.6873590391079459 3.714361266687799 0
1.007450710738341 0.2484951206430085 0
0.9864448551328033 0.4994751925520029 0
0.965228940965557 0.7529650652476195 0
0.9438008676505381 1.00898983674308 0
0.9221585136119581 1.267574855838919 0
0.9002997360377564 1.528745725068797 0
0.878222370678384 1.792528303103617 0
0.8559242316665594 2.058948706905171 0
0.8334031112585492 2.328033314817293 0
0.8106567796442034 2.599808768835485 0
0.7876829847300557 2.874301977198627 0
0.7644794518663426 3.151540117650457 0
0.7410438836694873 3.431550639560645 0
0.7173739597908342 3.714361266687788 0
1.035817468063672 0.2484951206430088 0
1.014930963910431 0.4994751925520039 0
0.9938355947100361 0.7529650652476231 0
0.9725292718115718 1.008989836743087 0
0.9510098856936577 1.267574855838928 0
0.9292753057193014 1.528745725068808 0
0.9073233799358273 1.792528303103631 0
0.8851519348956522 2.058948706905188 0
0.8627587753990429 2.328033314817304 0
0.840141684305225 2.599808768835491 0
0.8172984223167178 2.874301977198627 0
0.7942267277079037 3.151540117650451 0
0.770924316148522 3.431550639560632 0
0.7473888804737163 3.714361266687777 0
1.064184225389024 0.2484951206430089 0
1.043417072688078 0.4994751925520049 0
1.022442248454533 0.7529650652476267 0
1.001257675972621 1.008989836743092 0
0.9798612577753711 1.267574855838937 0
0.9582508754008587 1.528745725068819 0
0.9364243891932797 1.792528303103645 0
0.9143796381247531 2.058948706905203 0
0.8921144395395424 2.328033314817315 0
0.8696265889662498 2.599808768835498 0
0.8469138599033809 2.874301977198626 0
0.8239740035494638 3.151540117650445 0
0.8008047486275536 3.431550639560617 0
0.777403801156593 3.714361266687767 0
1.092550982714376 0.2484951206430092 0
1.071903181465722 0.499475192552006 0
1.051048902199026 0.7529650652476302 0
1.029986080133665 1.008989836743098 0
1.008712629857077 1.267574855838946 0
0.9872264450824064 1.528745725068831 0
0.9655253984507214 1.79252830310366 0
0.9436073413538408 2.05894870690522 0
0.9214701036800275 2.328033314817328 0
0.8991114936272593 2.599808768835505 0
0.8765292974900263 2.874301977198626 0
0.8537212793910045 3.151540117650439 0
0.8306851811065641 3.431550639560605 0
0.8074187218394471 3.714361266687757 0
1.120917740039702 0.2484951206430093 0
1.100389290243342 0.4994751925520068 0
1.079655555943494 0.7529650652476337 0
1.058714484294687 1.008989836743104 0
1.037564001938762 1.267574855838955 0
1.016202014763935 1.528745725068843 0
0.9946264077081446 1.792528303103675 0
0.9728350445829117 2.058948706905235 0
0.9508257678204969 2.328033314817338 0
0.928596398288254 2.599808768835511 0
0.9061447350766585 2.874301977198626 0
0.8834685552325334 3.151540117650432 0
0.8605656135855639 3.43155063956059 0
0.8374336425222917 3.714361266687746 0
1.149284497364995 0.2484951206430095 0
1.128875399020931 0.499475192552008 0
1.108262209687935 0.7529650652476375 0
1.087442888455682 1.008989836743111 0
1.066415374020423 1.267574855838963 0
1.04517758444544 1.528745725068854 0
1.023727416965547 1.792528303103689 0
1.002062747811963 2.058948706905252 0
0.9801814319609484 2.32803331481735 0
0.9580813029492327 2.599808768835518 0
0.9357601726632772 2.874301977198626 0
0.9132158310740504 3.151540117650426 0
0.8904460460645539 3.431550639560576 0
0.8674485632051282 3.714361266687736 0
1.177651254690254 0.2484951206430097 0
1.15736150779849 0.4994751925520089 0
1.136868863432346 0.752965065247641 0
1.11617129261665 1.008989836743117 0
1.095266746102058 1.267574855838972 0
1.074153154126923 1.528745725068866 0
1.052828426222928 1.792528303103703 0
1.031290451040997 2.058948706905267 0
1.009537096101385 2.328033314817362 0
0.9875662076101992 2.599808768835524 0
0.9653756102498854 2.874301977198625 0
0.9429631069155595 3.151540117650419 0
0.9203264785435386 3.431550639560563 0
0.8974634838879625 3.714361266687726 0
1.206018012015487 0.2484951206430099 0
1.185847616576023 0.4994751925520098 0
1.165475517176735 0.7529650652476445 0
1.144899696777596 1.008989836743123 0
1.124118118183674 1.267574855838981 0
1.103128723808387 1.528745725068878 0
1.081929435480295 1.792528303103717 0
1.060518154270017 2.058948706905283 0
1.03889276024181 2.328033314817372 0
1.017051112271155 2.599808768835531 0
0.9949910478364856 2.874301977198625 0
0.9727103827570627 3.151540117650412 0
0.9502069110225189 3.431550639560548 0
0.9274784045707944 3.714361266687716 0
1.234384769340761 0.2484951206430099 0
1.214333725353594 0.4994751925520108 0
1.194082170921159 0.7529650652476481 0
1.173628100938575 1.008989836743129 0
1.15296949026532 1.26757485583899 0
1.13210429348988 1.52874572506889 0
1.111030444737686 1.792528303103732 0
1.089745857499058 2.058948706905299 0
1.068248424382253 2.328033314817385 0
1.046536016932127 2.599808768835537 0
1.024606485423099 2.874301977198625 0
1.002457658598575 3.151540117650407 0
0.9800873435015065 3.431550639560535 0
0.9574933252536295 3.714361266687705 0
1.262751526666071 0.2484951206430103 0
1.242819834131199 0.4994751925520117 0
1.222688824665613 0.7529650652476517 0
1.202356505099583 1.008989836743136 0
1.181820862346992 1.267574855838999 0
1.161079863171395 1.528745725068901 0
1.140131453995097 1.792528303103747 0
1.118973560728118 2.058948706905315 0
1.097604088522712 2.328033314817396 0
1.076020921593112 2.599808768835544 0
1.054221923009722 2.874301977198624 0
1.032204934440096 3.1515401176504 0
1.009967775980498 3.431550639560521 0
0.9875082459364672 3.714361266687694 0
1.291118283991423 0.2484951206430105 0
1.271305942908843 0.4994751925520127 0
1.251295478410105 0.7529650652476552 0
1.231084909260626 1.008989836743141 0
1.210672234428697 1.267574855839008 0
1.190055432852942 1.528745725068912 0
1.169232463252537 1.792528303103761 0
1.148201263957204 2.05894870690533 0
1.126959752663195 2.328033314817407 0
1.105505826254119 2.59980876883555 0
1.083837360596364 2.874301977198624 0
1.061952210281633 3.151540117650394 0
1.039848208459506 3.431550639560507 0
1.017523166619318 3.714361266687685 0
1.319485041316774 0.2484951206430107 0
1.299792051686489 0.4994751925520138 0
1.2799021321546 0.7529650652476587 0
1.259813313421674 1.008989836743148 0
1.239523606510408 1.267574855839016 0
1.219031002534495 1.528745725068924 0
1.198333472509985 1.792528303103775 0
1.177428967186299 2.058948706905347 0
1.156315416803688 2.328033314817419 0
1.134990730915137 2.599808768835557 0
1.11345279818302 2.874301977198624 0
1.091699486123185 3.151540117650387 0
1.069728640938528 3.431550639560494 0
1.047538087302184 3.714361266687675 0
1.347851798642128 0.2484951206430108 0
1.328278160464137 0.4994751925520147 0
1.308508785899099 0.7529650652476623 0
1.288541717582726 1.008989836743154 0
1.268374978592125 1.267574855839025 0
1.248006572216057 1.528745725068936 0
1.227434481767443 1.79252830310379 0
1.206656670415405 2.058948706905362 0
1.185671080944194 2.32803331481743 0
1.164475635576169 2.599808768835564 0
1.143068235769692 2.874301977198623 0
1.121446761964754 3.151540117650381 0
1.099609073417569 3.43155063956048 0
1.077553007985072 3.714361266687663 0
1.376218555967481 0.2484951206430112 0
1.356764269241787 0.4994751925520156 0
1.337115439643599 0.752965065247666 0
1.31727012174378 1.00898983674316 0
1.297226350673844 1.267574855839035 0
1.27698214189762 1.528745725068948 0
1.256535491024903 1.792528303103804 0
1.235884373644515 2.058948706905379 0
1.215026745084704 2.328033314817441 0
1.193960540237206 2.59980876883557 0
1.172683673356367 2.874301977198623 0
1.151194037806328 3.151540117650374 0
1.129489505896616 3.431550639560467 0
1.107567928667965 3.714361266687653 0
1.404585313292836 0.2484951206430112 0
1.385250378019436 0.4994751925520168 0
1.3657220933881 0.7529650652476694 0
1.345998525904835 1.008989836743166 0
1.326077722755563 1.267574855839043 0
1.305957711579184 1.528745725068959 0
1.285636500282364 1.792528303103818 0
1.265112076873625 2.058948706905394 0
1.244382409225214 2.328033314817453 0
1.223445444898243 2.599808768835577 0
1.202299110943043 2.874301977198623 0
1.180941313647902 3.151540117650368 0
1.159369938375662 3.431550639560453 0
1.137582849350858 3.714361266687643 0
1.43295207061819 0.2484951206430115 0
1.413736486797086 0.4994751925520176 0
1.3943287471326 0.7529650652476729 0
1.374726930065889 1.008989836743173 0
1.354929094837283 1.267574855839052 0
1.334933281260748 1.528745725068971 0
1.314737509539824 1.792528303103833 0
1.294339780102734 2.05894870690541 0
1.273738073365723 2.328033314817465 0
1.252930349559279 2.599808768835584 0
1.231914548529719 2.874301977198622 0
1.210688589489475 3.151540117650361 0
1.189250370854709 3.431550639560438 0
1.16759777003375 3.714361266687634 0
1.461318827943543 0.2484951206430116 0
1.442222595574736 0.4994751925520184 0
1.422935400877101 0.7529650652476766 0
1.403455334226943 1.008989836743179 0
1.383780466919001 1.267574855839061 0
1.363908850942312 1.528745725068982 0
1.343838518797284 1.792528303103847 0
1.323567483331843 2.058948706905426 0
1.303093737506232 2.328033314817476 0
1.282415254220315 2.59980876883559 0
1.261529986116395 2.874301977198622 0
1.240435865331049 3.151540117650355 0
1.219130803333755 3.431550639560426 0
1.197612690716643 3.714361266687622 0
1.489685585268897 0.2484951206430118 0
1.470708704352385 0.4994751925520197 0
1.451542054621601 0.7529650652476803 0
1.432183738387997 1.008989836743185 0
1.412631839000721 1.26757485583907 0
1.392884420623876 1.528745725068993 0
1.372939528054745 1.792528303103862 0
1.352795186560953 2.058948706905441 0
1.332449401646742 2.328033314817487 0
1.311900158881351 2.599808768835596 0
1.29114542370307 2.874301977198622 0
1.270183141172623 3.151540117650349 0
1.249011235812801 3.431550639560411 0
1.227627611399536 3.714361266687612 0
1.51805234259425 0.248495120643012 0
1.499194813130035 0.4994751925520206 0
1.480148708366101 0.7529650652476837 0
1.460912142549051 1.008989836743191 0
1.44148321108244 1.267574855839078 0
1.421859990305439 1.528745725069005 0
1.402040537312205 1.792528303103876 0
1.382022889790063 2.058948706905458 0
1.361805065787251 2.328033314817499 0
1.341385063542388 2.599808768835604 0
1.320760861289745 2.874301977198622 0
1.299930417014197 3.151540117650342 0
1.278891668291848 3.431550639560397 0
1.257642532082428 3.714361266687602 0
1.546419099919605 0.2484951206430123 0
1.527680921907685 0.4994751925520216 0
1.508755362110602 0.7529650652476871 0
1.489640546710106 1.008989836743197 0
1.470334583164159 1.267574855839087 0
1.450835559987004 1.528745725069017 0
1.431141546569666 1.79252830310389 0
1.411250593019172 2.058948706905473 0
1.391160729927761 2.328033314817511 0
1.370869968203424 2.599808768835609 0
1.350376298876421 2.874301977198622 0
1.32967769285577 3.151540117650335 0
1.308772100770894 3.431550639560385 0
1.287657452765321 3.714361266687592 0
1.574785857244951 0.2484951206430124 0
1.556167030685327 0.4994751925520224 0
1.537362015855095 0.7529650652476909 0
1.518368950871154 1.008989836743203 0
1.499185955245873 1.267574855839096 0
1.479811129668562 1.528745725069028 0
1.460242555827121 1.792528303103904 0
1.440478296248277 2.058948706905489 0
1.420516394068267 2.328033314817522 0
1.400354872864457 2.599808768835616 0
1.379991736463094 2.874301977198621 0
1.359424968697343 3.151540117650329 0
1.338652533249939 3.43155063956037 0
1.317672373448214 3.714361266687581 0
1.603152614570276 0.2484951206430125 0
1.584653139462949 0.4994751925520234 0
1.56596866959957 0.7529650652476942 0
1.547097355032185 1.00898983674321 0
1.528037327327571 1.267574855839105 0
1.508786699350107 1.52874572506904 0
1.489343565084565 1.792528303103919 0
1.469705999477372 2.058948706905505 0
1.449872058208764 2.328033314817533 0
1.429839777525483 2.599808768835623 0
1.409607174049762 2.874301977198621 0
1.389172244538909 3.151540117650322 0
1.368532965728982 3.431550639560356 0
1.347687294131104 3.714361266687571 0
1.631519371895548 0.2484951206430129 0
1.613139248240523 0.4994751925520244 0
1.594575323344 0.7529650652476982 0
1.575825759193174 1.008989836743216 0
1.556888699409231 1.267574855839114 0
1.537762269031617 1.528745725069052 0
1.518444574341977 1.792528303103933 0
1.498933702706439 2.058948706905521 0
1.479227722349237 2.328033314817545 0
1.459324682186489 2.599808768835629 0
1.439222611636413 2.874301977198621 0
1.418919520380465 3.151540117650317 0
1.398413398208015 3.431550639560343 0
1.37770221481399 3.714361266687561 0
1.6598861292208 0.248495120643013 0
1.641625357018076 0.4994751925520254 0
1.623181977088411 0.7529650652477016 0
1.604554163354146 1.008989836743222 0
1.585740071490876 1.267574855839123 0
1.566737838713113 1.528745725069063 0
1.547545583599377 1.792528303103948 0
1.528161405935496 2.058948706905537 0
1.5085833864897 2.328033314817556 0
1.488809586847487 2.599808768835635 0
1.468838049223058 2.874301977198621 0
1.448666796222016 3.151540117650311 0
1.428293830687046 3.431550639560328 0
1.407717135496876 3.714361266687551 0
1.688252886546036 0.2484951206430132 0
1.670111465795616 0.4994751925520262 0
1.651788630832811 0.7529650652477051 0
1.633282567515107 1.008989836743228 0
1.614591443572509 1.267574855839132 0
1.5957134083946 1.528745725069075 0
1.576646592856768 1.792528303103962 0
1.557389109164545 2.058948706905553 0
1.537939050630158 2.328033314817568 0
1.51829449150848 2.599808768835642 0
1.498453486809698 2.87430197719862 0
1.478414072063563 3.151540117650304 0
1.458174263166074 3.431550639560315 0
1.43773205617976 3.71436126668754 0
1.716619643871272 0.2484951206430134 0
1.698597574573156 0.4994751925520273 0
1.680395284577208 0.7529650652477085 0
1.662010971676068 1.008989836743234 0
1.643442815654143 1.26757485583914 0
1.624688978076085 1.528745725069086 0
1.605747602114159 1.792528303103977 0
1.586616812393593 2.058948706905568 0
1.567294714770615 2.32803331481758 0
1.547779396169472 2.599808768835649 0
1.528068924396338 2.874301977198619 0
1.508161347905109 3.151540117650297 0
1.488054695645103 3.431550639560301 0
1.467746976862643 3.71436126668753 0
1.744986401196508 0.2484951206430136 0
1.727083683350696 0.4994751925520283 0
1.709001938321607 0.7529650652477122 0
1.690739375837029 1.008989836743241 0
1.672294187735777 1.26757485583915 0
1.653664547757573 1.528745725069098 0
1.634848611371551 1.792528303103991 0
1.615844515622641 2.058948706905585 0
1.596650378911072 2.328033314817591 0
1.577264300830465 2.599808768835655 0
1.557684361982979 2.87430197719862 0
1.537908623746657 3.151540117650292 0
1.517935128124133 3.431550639560288 0
1.497761897545528 3.714361266687519 0
1.773353158521744 0.2484951206430138 0
1.755569792128236 0.4994751925520292 0
1.737608592066006 0.7529650652477159 0
1.719467779997988 1.008989836743247 0
1.70114555981741 1.267574855839158 0
1.682640117439058 1.52874572506911 0
1.663949620628942 1.792528303104005 0
1.64507221885169 2.0589487069056 0
1.626006043051529 2.328033314817603 0
1.606749205491457 2.599808768835662 0
1.587299799569619 2.874301977198619 0
1.567655899588204 3.151540117650285 0
1.547815560603161 3.431550639560274 0
1.527776818228411 3.71436126668751 0
1.80171991584698 0.2484951206430139 0
1.784055900905775 0.4994751925520302 0
1.766215245810404 0.7529650652477194 0
1.748196184158949 1.008989836743253 0
1.729996931899043 1.267574855839167 0
1.711615687120545 1.528745725069121 0
1.693050629886333 1.79252830310402 0
1.674299922080738 2.058948706905616 0
1.655361707191986 2.328033314817613 0
1.63623411015245 2.599808768835668 0
1.616915237156259 2.874301977198619 0
1.597403175429751 3.151540117650278 0
1.577695993082188 3.43155063956026 0
1.557791738911295 3.714361266687499 0
1.830086673172216 0.248495120643014 0
1.812542009683315 0.4994751925520313 0
1.794821899554803 0.7529650652477229 0
1.776924588319909 1.008989836743259 0
1.758848303980677 1.267574855839176 0
1.740591256802031 1.528745725069133 0
1.722151639143725 1.792528303104034 0
1.703527625309787 2.058948706905632 0
1.684717371332443 2.328033314817625 0
1.665719014813442 2.599808768835674 0
1.6465306747429 2.874301977198618 0
1.627150451271298 3.151540117650272 0
1.607576425561217 3.431550639560247 0
1.587806659594179 3.714361266687488 0
1.858453430497453 0.2484951206430144 0
1.841028118460855 0.4994751925520322 0
1.823428553299201 0.7529650652477266 0
1.80565299248087 1.008989836743265 0
1.787699676062311 1.267574855839185 0
1.769566826483518 1.528745725069145 0
1.751252648401116 1.792528303104048 0
1.732755328538836 2.058948706905648 0
1.714073035472901 2.328033314817637 0
1.695203919474434 2.599808768835682 0
1.67614611232954 2.874301977198618 0
1.656897727112845 3.151540117650264 0
1.637456858040246 3.431550639560232 0
1.617821580277063 3.714361266687479 0
1.886820187822689 0.2484951206430146 0
1.869514227238395 0.4994751925520332 0
1.852035207043599 0.75296506524773 0
1.834381396641831 1.008989836743271 0
1.816551048143945 1.267574855839193 0
1.798542396165004 1.528745725069156 0
1.780353657658508 1.792528303104063 0
1.761983031767885 2.058948706905664 0
1.743428699613358 2.328033314817648 0
1.724688824135427 2.599808768835687 0
1.705761549916181 2.874301977198618 0
1.686645002954393 3.151540117650259 0
1.667337290519275 3.43155063956022 0
1.647836500959947 3.714361266687468 0
1.915186945147925 0.2484951206430148 0
1.898000336015935 0.4994751925520341 0
1.880641860787998 0.7529650652477337 0
1.863109800802791 1.008989836743277 0
1.845402420225578 1.267574855839202 0
1.82751796584649 1.528745725069168 0
1.809454666915898 1.792528303104078 0
1.791210734996933 2.058948706905679 0
1.772784363753814 2.32803331481766 0
1.75417372879642 2.599808768835695 0
1.735376987502821 2.874301977198617 0
1.716392278795939 3.151540117650253 0
1.697217722998304 3.431550639560205 0
1.67785142164283 3.714361266687457 0
1.943553702473162 0.2484951206430149 0
1.926486444793474 0.4994751925520351 0
1.909248514532397 0.7529650652477373 0
1.891838204963751 1.008989836743283 0
1.874253792307212 1.267574855839211 0
1.856493535527977 1.528745725069179 0
1.838555676173289 1.792528303104092 0
1.820438438225982 2.058948706905696 0
1.802140027894272 2.328033314817672 0
1.783658633457412 2.599808768835701 0
1.764992425089461 2.874301977198616 0
1.746139554637487 3.151540117650246 0
1.727098155477332 3.431550639560192 0
1.707866342325715 3.714361266687446 0
1.971920459798423 0.2484951206430152 0
1.954972553571038 0.499475192552036 0
1.937855168276817 0.7529650652477407 0
1.920566609124732 1.008989836743289 0
1.903105164388864 1.26757485583922 0
1.885469105209479 1.528745725069191 0
1.867656685430696 1.792528303104106 0
1.849666141455044 2.058948706905711 0
1.83149569203474 2.328033314817683 0
1.813143538118414 2.599808768835708 0
1.794607862676109 2.874301977198618 0
1.77588683047904 3.151540117650239 0
1.756978587956364 3.431550639560178 0
1.7378812630086 3.714361266687437 0
2.00028721712372 0.2484951206430153 0
1.983458662348634 0.4994751925520371 0
1.966461822021268 0.7529650652477444 0
1.949295013285742 1.008989836743296 0
1.931956536470542 1.267574855839229 0
1.914444674891006 1.528745725069203 0
1.896757694688122 1.79252830310412 0
1.878893844684124 2.058948706905727 0
1.860851356175224 2.328033314817694 0
1.842628442779429 2.599808768835715 0
1.824223300262768 2.874301977198617 0
1.8056341063206 3.151540117650232 0
1.786859020435402 3.431550639560164 0
1.767896183691488 3.714361266687427 0
2.028653974449075 0.2484951206430156 0
2.011944771126284 0.499475192552038 0
1.995068475765769 0.7529650652477479 0
1.978023417446796 1.008989836743302 0
1.960807908552261 1.267574855839237 0
1.94342024457257 1.528745725069214 0
1.925858703945583 1.792528303104135 0
1.908121547913233 2.058948706905743 0
1.890207020315734 2.328033314817705 0
1.872113347440466 2.59980876883572 0
1.853838737849444 2.874301977198617 0
1.835381382162174 3.151540117650226 0
1.816739452914448 3.431550639560151 0
1.797911104374381 3.714361266687416 0
2.057020731774429 0.2484951206430157 0
2.040430879903934 0.4994751925520389 0
2.023675129510269 0.7529650652477515 0
2.006751821607851 1.008989836743308 0
1.989659280633981 1.267574855839247 0
1.972395814254134 1.528745725069226 0
1.954959713203044 1.79252830310415 0
1.937349251142344 2.058948706905759 0
1.919562684456244 2.328033314817717 0
1.901598252101503 2.599808768835728 0
1.88345417543612 2.874301977198616 0
1.865128658003748 3.151540117650221 0
1.846619885393495 3.431550639560136 0
1.827926025057274 3.714361266687405 0
2.085387489099782 0.248495120643016 0
2.068916988681584 0.4994751925520399 0
2.05228178325477 0.7529650652477549 0
2.035480225768905 1.008989836743314 0
2.018510652715701 1.267574855839255 0
2.001371383935698 1.528745725069237 0
1.984060722460505 1.792528303104164 0
1.966576954371453 2.058948706905775 0
1.948918348596753 2.328033314817729 0
1.931083156762538 2.599808768835734 0
1.913069613022795 2.874301977198615 0
1.894875933845322 3.151540117650213 0
1.876500317872541 3.431550639560122 0
1.857940945740167 3.714361266687395 0
2.113754246425137 0.248495120643016 0
2.097403097459233 0.4994751925520409 0
2.08088843699927 0.7529650652477586 0
2.064208629929958 1.008989836743321 0
2.047362024797419 1.267574855839264 0
2.030346953617262 1.528745725069249 0
2.013161731717965 1.792528303104178 0
1.995804657600562 2.05894870690579 0
1.978274012737263 2.32803331481774 0
1.960568061423576 2.59980876883574 0
1.942685050609471 2.874301977198615 0
1.924623209686896 3.151540117650208 0
1.906380750351588 3.43155063956011 0
1.88795586642306 3.714361266687385 0
2.14212100375049 0.2484951206430164 0
2.125889206236882 0.499475192552042 0
2.10949509074377 0.7529650652477622 0
2.092937034091014 1.008989836743327 0
2.076213396879139 1.267574855839273 0
2.059322523298825 1.52874572506926 0
2.042262740975425 1.792528303104193 0
2.025032360829672 2.058948706905807 0
2.007629676877773 2.328033314817751 0
1.990052966084612 2.599808768835747 0
1.972300488196146 2.874301977198616 0
1.95437048552847 3.151540117650201 0
1.936261182830634 3.431550639560095 0
1.917970787105953 3.714361266687375 0
2.170487761075843 0.2484951206430165 0
2.154375315014532 0.499475192552043 0
2.13810174448827 0.7529650652477657 0
2.121665438252067 1.008989836743333 0
2.105064768960857 1.267574855839282 0
2.08829809298039 1.528745725069272 0
2.071363750232885 1.792528303104207 0
2.054260064058781 2.058948706905822 0
2.036985341018283 2.328033314817763 0
2.019537870745648 2.599808768835754 0
2.001915925782823 2.874301977198615 0
1.984117761370043 3.151540117650195 0
1.96614161530968 3.431550639560081 0
1.947985707788846 3.714361266687364 0
2.198854518401199 0.2484951206430168 0
2.182861423792183 0.4994751925520439 0
2.166708398232771 0.7529650652477693 0
2.150393842413122 1.008989836743339 0
2.133916141042578 1.267574855839291 0
2.117273662661954 1.528745725069284 0
2.100464759490347 1.792528303104221 0
2.083487767287891 2.058948706905838 0
2.066341005158792 2.328033314817774 0
2.049022775406684 2.599808768835759 0
2.031531363369498 2.874301977198614 0
2.013865037211617 3.151540117650188 0
1.996022047788728 3.431550639560068 0
1.978000628471738 3.714361266687354 0
2.227221275726551 0.2484951206430169 0
2.211347532569831 0.4994751925520449 0
2.195315051977271 0.7529650652477728 0
2.179122246574176 1.008989836743345 0
2.162767513124296 1.267574855839299 0
2.146249232343517 1.528745725069295 0
2.129565768747806 1.792528303104236 0
2.112715470517 2.058948706905854 0
2.095696669299301 2.328033314817786 0
2.078507680067721 2.599808768835767 0
2.061146800956173 2.874301977198614 0
2.04361231305319 3.151540117650181 0
2.025902480267773 3.431550639560054 0
2.008015549154631 3.714361266687344 0
2.255588033051907 0.2484951206430172 0
2.23983364134748 0.4994751925520458 0
2.223921705721772 0.7529650652477765 0
2.207850650735231 1.008989836743351 0
2.191618885206015 1.267574855839308 0
2.175224802025081 1.528745725069307 0
2.158666778005268 1.79252830310425 0
2.141943173746109 2.058948706905869 0
2.125052333439811 2.328033314817797 0
2.107992584728757 2.599808768835773 0
2.090762238542849 2.874301977198614 0
2.073359588894765 3.151540117650175 0
2.05578291274682 3.431550639560041 0
2.038030469837524 3.714361266687334 0
2.283954790377259 0.2484951206430173 0
2.26831975012513 0.4994751925520468 0
2.252528359466271 0.75296506524778 0
2.236579054896285 1.008989836743358 0
2.220470257287734 1.267574855839317 0
2.204200371706645 1.528745725069319 0
2.187767787262727 1.792528303104265 0
2.171170876975219 2.058948706905885 0
2.15440799758032 2.328033314817809 0
2.137477489389793 2.599808768835779 0
2.120377676129525 2.874301977198614 0
2.103106864736339 3.151540117650168 0
2.085663345225866 3.431550639560027 0
2.068045390520417 3.714361266687323 0
2.312321547702613 0.2484951206430175 0
2.29680585890278 0.4994751925520478 0
2.281135013210772 0.7529650652477836 0
2.265307459057338 1.008989836743364 0
2.249321629369454 1.267574855839326 0
2.233175941388208 1.52874572506933 0
2.216868796520187 1.792528303104279 0
2.200398580204329 2.058948706905901 0
2.183763661720829 2.32803331481782 0
2.16696239405083 2.599808768835787 0
2.1499931137162 2.874301977198614 0
2.132854140577912 3.151540117650162 0
2.115543777704913 3.431550639560013 0
2.09806031120331 3.714361266687313 0
2.340688305027967 0.2484951206430177 0
2.325291967680429 0.4994751925520486 0
2.309741666955272 0.7529650652477871 0
2.294035863218392 1.00898983674337 0
2.278173001451172 1.267574855839335 0
2.262151511069772 1.528745725069342 0
2.245969805777648 1.792528303104293 0
2.229626283433437 2.058948706905917 0
2.213119325861338 2.328033314817831 0
2.196447298711867 2.599808768835793 0
2.179608551302876 2.874301977198614 0
2.162601416419485 3.151540117650156 0
2.145424210183959 3.431550639559999 0
2.128075231886202 3.714361266687303 0
2.36905506235332 0.2484951206430179 0
2.353778076458079 0.4994751925520495 0
2.338348320699772 0.7529650652477907 0
2.322764267379447 1.008989836743377 0
2.307024373532892 1.267574855839344 0
2.291127080751336 1.528745725069353 0
2.275070815035108 1.792528303104308 0
2.258853986662548 2.058948706905934 0
2.242474990001849 2.328033314817843 0
2.225932203372902 2.599808768835799 0
2.209223988889551 2.874301977198613 0
2.192348692261059 3.151540117650149 0
2.175304642663005 3.431550639559985 0
2.158090152569095 3.714361266687291 0
2.397421819678674 0.248495120643018 0
2.382264185235727 0.4994751925520506 0
2.366954974444273 0.7529650652477942 0
2.351492671540501 1.008989836743382 0
2.335875745614611 1.267574855839353 0
2.320102650432899 1.528745725069365 0
2.304171824292568 1.792528303104322 0
2.288081689891658 2.058948706905949 0
2.271830654142359 2.328033314817854 0
2.25541710803394 2.599808768835807 0
2.238839426476228 2.874301977198613 0
2.222095968102633 3.151540117650143 0
2.205185075142051 3.431550639559972 0
2.188105073251988 3.714361266687282 0
2.425788577004029 0.2484951206430184 0
2.410750294013377 0.4994751925520517 0
2.395561628188774 0.7529650652477978 0
2.380221075701556 1.008989836743388 0
2.36472711769633 1.267574855839362 0
2.349078220114464 1.528745725069377 0
2.333272833550029 1.792528303104337 0
2.317309393120767 2.058948706905965 0
2.301186318282868 2.328033314817866 0
2.284902012694976 2.599808768835813 0
2.268454864062903 2.874301977198612 0
2.251843243944207 3.151540117650137 0
2.235065507621099 3.431550639559958 0
2.218119993934881 3.714361266687272 0
2.454155334329382 0.2484951206430184 0
2.439236402791026 0.4994751925520526 0
2.424168281933274 0.7529650652478015 0
2.408949479862609 1.008989836743395 0
2.393578489778049 1.26757485583937 0
2.378053789796027 1.528745725069388 0
2.362373842807489 1.792528303104351 0
2.346537096349876 2.058948706905981 0
2.330541982423377 2.328033314817877 0
2.314386917356012 2.599808768835819 0
2.298070301649579 2.874301977198613 0
2.28159051978578 3.151540117650129 0
2.264945940100144 3.431550639559944 0
2.248134914617774 3.714361266687262 0
2.482522091654735 0.2484951206430187 0
2.467722511568677 0.4994751925520536 0
2.452774935677773 0.752965065247805 0
2.437677884023663 1.008989836743401 0
2.422429861859769 1.267574855839379 0
2.407029359477591 1.5287457250694 0
2.391474852064949 1.792528303104365 0
2.375764799578985 2.058948706905996 0
2.359897646563887 2.328033314817888 0
2.343871822017047 2.599808768835826 0
2.327685739236254 2.874301977198613 0
2.311337795627354 3.151540117650123 0
2.29482637257919 3.431550639559931 0
2.278149835300666 3.71436126668725 0
2.510888848980089 0.2484951206430188 0
2.496208620346326 0.4994751925520545 0
2.481381589422275 0.7529650652478086 0
2.466406288184718 1.008989836743407 0
2.451281233941489 1.267574855839388 0
2.436004929159156 1.528745725069411 0
2.420575861322411 1.79252830310438 0
2.404992502808095 2.058948706906013 0
2.389253310704397 2.3280333148179 0
2.373356726678085 2.599808768835833 0
2.35730117682293 2.874301977198612 0
2.341085071468929 3.151540117650117 0
2.324706805058238 3.431550639559917 0
2.308164755983559 3.714361266687241 0
2.539255606305443 0.248495120643019 0
2.524694729123975 0.4994751925520555 0
2.509988243166774 0.752965065247812 0
2.495134692345772 1.008989836743413 0
2.480132606023207 1.267574855839396 0
2.46498049884072 1.528745725069423 0
2.449676870579871 1.792528303104394 0
2.434220206037204 2.058948706906028 0
2.418608974844906 2.328033314817912 0
2.402841631339121 2.599808768835838 0
2.386916614409605 2.874301977198611 0
2.370832347310501 3.151540117650112 0
2.354587237537283 3.431550639559902 0
2.338179676666452 3.71436126668723 0
2.567622363630797 0.2484951206430193 0
2.553180837901625 0.4994751925520564 0
2.538594896911274 0.7529650652478157 0
2.523863096506826 1.00898983674342 0
2.508983978104927 1.267574855839406 0
2.493956068522282 1.528745725069434 0
2.478777879837331 1.792528303104409 0
2.463447909266314 2.058948706906044 0
2.447964638985415 2.328033314817923 0
2.432326536000156 2.599808768835846 0
2.416532051996281 2.874301977198611 0
2.400579623152075 3.151540117650105 0
2.38446767001633 3.43155063955989 0
2.368194597349345 3.714361266687221 0
2.59598912095615 0.2484951206430194 0
2.581666946679274 0.4994751925520574 0
2.567201550655774 0.7529650652478191 0
2.55259150066788 1.008989836743426 0
2.537835350186646 1.267574855839415 0
2.522931638203846 1.528745725069446 0
2.507878889094791 1.792528303104423 0
2.492675612495423 2.05894870690606 0
2.477320303125924 2.328033314817935 0
2.461811440661194 2.599808768835852 0
2.446147489582956 2.87430197719861 0
2.430326898993649 3.151540117650098 0
2.414348102495375 3.431550639559875 0
2.398209518032237 3.714361266687209 0
2.624355878281505 0.2484951206430197 0
2.610153055456924 0.4994751925520584 0
2.595808204400276 0.7529650652478228 0
2.581319904828935 1.008989836743432 0
2.566686722268365 1.267574855839424 0
2.55190720788541 1.528745725069457 0
2.536979898352251 1.792528303104437 0
2.521903315724533 2.058948706906076 0
2.506675967266434 2.328033314817946 0
2.49129634532223 2.599808768835858 0
2.475762927169633 2.87430197719861 0
2.460074174835223 3.151540117650092 0
2.444228534974422 3.431550639559862 0
2.428224438715131 3.714361266687199 0
2.652722635606859 0.2484951206430198 0
2.638639164234573 0.4994751925520595 0
2.624414858144775 0.7529650652478262 0
2.61004830898999 1.008989836743438 0
2.595538094350084 1.267574855839432 0
2.580882777566974 1.528745725069469 0
2.566080907609712 1.792528303104452 0
2.551131018953642 2.058948706906093 0
2.536031631406944 2.328033314817958 0
2.520781249983266 2.599808768835866 0
2.505378364756308 2.874301977198611 0
2.489821450676797 3.151540117650085 0
2.474108967453469 3.431550639559848 0
2.458239359398023 3.714361266687189 0
2.681089392932213 0.24849512064302 0
2.667125273012223 0.4994751925520604 0
2.653021511889275 0.7529650652478299 0
2.638776713151044 1.008989836743444 0
2.624389466431802 1.267574855839441 0
2.609858347248538 1.528745725069481 0
2.595181916867173 1.792528303104466 0
2.580358722182751 2.058948706906107 0
2.565387295547453 2.328033314817969 0
2.550266154644303 2.599808768835872 0
2.534993802342985 2.87430197719861 0
2.519568726518369 3.151540117650078 0
2.503989399932515 3.431550639559834 0
2.488254280080916 3.714361266687178 0
2.709456150257566 0.2484951206430202 0
2.695611381789873 0.4994751925520613 0
2.681628165633775 0.7529650652478335 0
2.667505117312096 1.008989836743451 0
2.653240838513522 1.26757485583945 0
2.638833916930102 1.528745725069492 0
2.624282926124632 1.792528303104481 0
2.609586425411861 2.058948706906123 0
2.594742959687962 2.328033314817981 0
2.579751059305339 2.599808768835878 0
2.56460923992966 2.87430197719861 0
2.549316002359944 3.151540117650072 0
2.533869832411561 3.43155063955982 0
2.518269200763808 3.714361266687168 0
2.737822907582919 0.2484951206430205 0
2.724097490567522 0.4994751925520624 0
2.710234819378276 0.752965065247837 0
2.69623352147315 1.008989836743456 0
2.682092210595242 1.267574855839459 0
2.667809486611665 1.528745725069504 0
2.653383935382092 1.792528303104495 0
2.63881412864097 2.05894870690614 0
2.624098623828472 2.328033314817993 0
2.609235963966375 2.599808768835886 0
2.594224677516336 2.874301977198609 0
2.579063278201517 3.151540117650065 0
2.563750264890607 3.431550639559807 0
2.548284121446702 3.714361266687158 0
2.766189664908273 0.2484951206430205 0
2.752583599345171 0.4994751925520633 0
2.738841473122776 0.7529650652478407 0
2.724961925634206 1.008989836743463 0
2.71094358267696 1.267574855839468 0
2.696785056293229 1.528745725069516 0
2.682484944639553 1.792528303104509 0
2.66804183187008 2.058948706906155 0
2.653454287968982 2.328033314818003 0
2.638720868627412 2.599808768835891 0
2.623840115103011 2.874301977198609 0
2.608810554043091 3.15154011765006 0
2.593630697369655 3.431550639559792 0
2.578299042129595 3.714361266687148 0
2.794556422233626 0.2484951206430208 0
2.781069708122821 0.4994751925520643 0
2.767448126867276 0.7529650652478441 0
2.753690329795259 1.008989836743469 0
2.739794954758679 1.267574855839476 0
2.725760625974793 1.528745725069527 0
2.711585953897013 1.792528303104524 0
2.697269535099189 2.058948706906172 0
2.682809952109491 2.328033314818015 0
2.668205773288447 2.599808768835898 0
2.653455552689686 2.874301977198608 0
2.638557829884665 3.151540117650053 0
2.623511129848701 3.431550639559779 0
2.608313962812487 3.714361266687137 0
2.822923179558982 0.2484951206430209 0
2.80955581690047 0.4994751925520653 0
2.796054780611776 0.7529650652478477 0
2.782418733956315 1.008989836743475 0
2.768646326840399 1.267574855839485 0
2.754736195656357 1.528745725069539 0
2.740686963154475 1.792528303104538 0
2.726497238328299 2.058948706906187 0
2.712165616250001 2.328033314818026 0
2.697690677949485 2.599808768835905 0
2.683070990276362 2.874301977198609 0
2.668305105726239 3.151540117650047 0
2.653391562327747 3.431550639559766 0
2.63832888349538 3.714361266687127 0
2.851289936884336 0.2484951206430213 0
2.83804192567812 0.4994751925520662 0
2.824661434356277 0.7529650652478512 0
2.811147138117368 1.008989836743481 0
2.797497698922119 1.267574855839494 0
2.783711765337921 1.528745725069551 0
2.769787972411934 1.792528303104553 0
2.755724941557408 2.058948706906202 0
2.74152128039051 2.328033314818038 0
2.727175582610522 2.599808768835911 0
2.712686427863038 2.874301977198608 0
2.698052381567813 3.15154011765004 0
2.683271994806794 3.431550639559751 0
2.668343804178273 3.714361266687117 0
2.879656694209689 0.2484951206430213 0
2.86652803445577 0.4994751925520671 0
2.853268088100778 0.7529650652478549 0
2.839875542278423 1.008989836743488 0
2.826349071003837 1.267574855839503 0
2.812687335019484 1.528745725069562 0
2.798888981669395 1.792528303104567 0
2.784952644786518 2.058948706906219 0
2.77087694453102 2.328033314818049 0
2.756660487271557 2.599808768835917 0
2.742301865449714 2.874301977198607 0
2.727799657409386 3.151540117650034 0
2.71315242728584 3.431550639559739 0
2.698358724861166 3.714361266687107 0
2.908023451535042 0.2484951206430216 0
2.895014143233419 0.4994751925520682 0
2.881874741845278 0.7529650652478583 0
2.868603946439477 1.008989836743493 0
2.855200443085557 1.267574855839512 0
2.841662904701048 1.528745725069574 0
2.827989990926856 1.792528303104581 0
2.814180348015626 2.058948706906234 0
2.800232608671529 2.328033314818061 0
2.786145391932593 2.599808768835924 0
2.771917303036389 2.874301977198607 0
2.75754693325096 3.151540117650027 0
2.743032859764886 3.431550639559725 0
2.728373645544057 3.714361266687095 0
2.936390208860397 0.2484951206430217 0
2.923500252011068 0.4994751925520691 0
2.910481395589777 0.752965065247862 0
2.89733235060053 1.0089898367435 0
2.884051815167276 1.267574855839521 0
2.870638474382612 1.528745725069586 0
2.857091000184316 1.792528303104596 0
2.843408051244737 2.058948706906251 0
2.82958827281204 2.328033314818072 0
2.81563029659363 2.599808768835931 0
2.801532740623065 2.874301977198606 0
2.787294209092534 3.15154011765002 0
2.772913292243933 3.43155063955971 0
2.758388566226951 3.714361266687085 0
2.96475696618575 0.248495120643022 0
2.951986360788718 0.4994751925520702 0
2.939088049334278 0.7529650652478654 0
2.926060754761584 1.008989836743506 0
2.912903187248995 1.267574855839529 0
2.899614044064176 1.528745725069597 0
2.886192009441776 1.79252830310461 0
2.872635754473847 2.058948706906266 0
2.858943936952548 2.328033314818084 0
2.845115201254666 2.599808768835937 0
2.83114817820974 2.874301977198607 0
2.817041484934109 3.151540117650015 0
2.802793724722979 3.431550639559697 0
2.788403486909845 3.714361266687075 0
2.993123723511103 0.2484951206430221 0
2.980472469566368 0.4994751925520711 0
2.967694703078777 0.7529650652478689 0
2.954789158922639 1.008989836743512 0
2.941754559330715 1.267574855839538 0
2.92858961374574 1.528745725069609 0
2.915293018699237 1.792528303104625 0
2.901863457702955 2.058948706906282 0
2.888299601093058 2.328033314818095 0
2.874600105915702 2.599808768835944 0
2.860763615796416 2.874301977198607 0
2.846788760775681 3.151540117650008 0
2.832674157202026 3.431550639559683 0
2.818418407592736 3.714361266687065 0
3.021490480836457 0.2484951206430224 0
3.008958578344016 0.4994751925520721 0
2.996301356823278 0.7529650652478728 0
2.983517563083694 1.008989836743518 0
2.970605931412433 1.267574855839547 0
2.957565183427304 1.52874572506962 0
2.944394027956697 1.792528303104639 0
2.931091160932065 2.058948706906298 0
2.917655265233567 2.328033314818107 0
2.90408501057674 2.59980876883595 0
2.890379053383092 2.874301977198606 0
2.876536036617255 3.151540117650002 0
2.862554589681073 3.431550639559671 0
2.848433328275631 3.714361266687054 0
3.049857238161811 0.2484951206430225 0
3.037444687121666 0.4994751925520731 0
3.024908010567779 0.7529650652478763 0
3.012245967244747 1.008989836743525 0
2.999457303494152 1.267574855839556 0
2.986540753108867 1.528745725069631 0
2.973495037214157 1.792528303104653 0
2.960318864161175 2.058948706906314 0
2.947010929374077 2.328033314818118 0
2.933569915237776 2.599808768835957 0
2.919994490969767 2.874301977198606 0
2.906283312458829 3.151540117649995 0
2.892435022160118 3.431550639559656 0
2.878448248958523 3.714361266687044 0
3.078223995487165 0.2484951206430228 0
3.065930795899315 0.499475192552074 0
3.053514664312278 0.7529650652478797 0
3.040974371405801 1.008989836743531 0
3.028308675575872 1.267574855839565 0
3.015516322790431 1.528745725069643 0
3.002596046471618 1.792528303104667 0
2.989546567390284 2.05894870690633 0
2.976366593514586 2.32803331481813 0
2.963054819898812 2.599808768835963 0
2.949609928556443 2.874301977198606 0
2.936030588300402 3.151540117649989 0
2.922315454639164 3.431550639559641 0
2.908463169641414 3.714361266687034 0
3.106590752812518 0.2484951206430229 0
3.094416904676965 0.4994751925520748 0
3.082121318056779 0.7529650652478833 0
3.069702775566856 1.008989836743537 0
3.057160047657591 1.267574855839574 0
3.044491892471994 1.528745725069655 0
3.031697055729077 1.792528303104682 0
3.018774270619393 2.058948706906346 0
3.005722257655094 2.328033314818141 0
2.992539724559848 2.59980876883597 0
2.979225366143118 2.874301977198605 0
2.965777864141976 3.151540117649982 0
2.952195887118211 3.431550639559629 0
2.938478090324307 3.714361266687023 0
3.134957510137872 0.2484951206430231 0
3.122903013454614 0.499475192552076 0
3.11072797180128 0.752965065247887 0
3.098431179727911 1.008989836743543 0
3.086011419739311 1.267574855839583 0
3.073467462153559 1.528745725069667 0
3.06079806498654 1.792528303104696 0
3.048001973848504 2.058948706906361 0
3.035077921795607 2.328033314818152 0
3.022024629220887 2.599808768835976 0
3.008840803729796 2.874301977198605 0
2.995525139983553 3.151540117649975 0
2.98207631959726 3.431550639559615 0
2.968493011007203 3.714361266687012 0
3.163324267463231 0.2484951206430234 0
3.151389122232271 0.4994751925520768 0
3.139334625545791 0.7529650652478905 0
3.127159583888979 1.008989836743549 0
3.114862791821048 1.267574855839591 0
3.102443031835144 1.528745725069678 0
3.089899074244026 1.792528303104711 0
3.077229677077642 2.058948706906378 0
3.064433585936149 2.328033314818164 0
3.051509533881958 2.599808768835983 0
3.038456241316512 2.874301977198606 0
3.02527241582517 3.151540117649969 0
3.011956752076354 3.4315506395596 0
2.998507931690148 3.714361266687003 0
3.191691024788591 0.2484951206430235 0
3.179875231009936 0.499475192552078 0
3.167941279290311 0.7529650652478941 0
3.155887988050061 1.008989836743555 0
3.143714163902803 1.2675748558396 0
3.131418601516751 1.528745725069689 0
3.119000083501536 1.792528303104725 0
3.10645738030681 2.058948706906393 0
3.093789250076723 2.328033314818176 0
3.080994438543068 2.59980876883599 0
3.068071678903268 2.874301977198605 0
3.055019691666832 3.151540117649962 0
3.041837184555497 3.431550639559588 0
3.028522852373145 3.714361266686993 0
3.220057782113954 0.2484951206430238 0
3.208361339787605 0.4994751925520788 0
3.196547933034844 0.7529650652478976 0
3.184616392211157 1.008989836743561 0
3.172565535984575 1.267574855839609 0
3.160394171198378 1.528745725069701 0
3.14810109275907 1.79252830310474 0
3.135685083536006 2.058948706906409 0
3.123144914217332 2.328033314818187 0
3.110479343204213 2.599808768835996 0
3.097687116490064 2.874301977198605 0
3.084766967508538 3.151540117649956 0
3.071717617034687 3.431550639559573 0
3.058537773056193 3.714361266686982 0
3.248424539439322 0.248495120643024 0
3.236847448565281 0.4994751925520797 0
3.225154586779385 0.7529650652479012 0
3.213344796372268 1.008989836743568 0
3.201416908066363 1.267574855839618 0
3.189369740880026 1.528745725069713 0
3.177202102016629 1.792528303104754 0
3.164912786765228 2.058948706906425 0
3.152500578357968 2.328033314818199 0
3.139964247865392 2.599808768836003 0
3.127302554076898 2.874301977198604 0
3.114514243350284 3.151540117649949 0
3.101598049513921 3.431550639559559 0
3.08855269373929 3.714361266686971 0
3.27679129676469 0.248495120643024 0
3.265333557342959 0.4994751925520808 0
3.253761240523926 0.7529650652479047 0
3.242073200533378 1.008989836743574 0
3.230268280148154 1.267574855839627 0
3.218345310561676 1.528745725069725 0
3.20630311127419 1.792528303104769 0
3.194140489994453 2.05894870690644 0
3.181856242498608 2.32803331481821 0
3.169449152526574 2.599808768836009 0
3.156917991663734 2.874301977198604 0
3.144261519192034 3.151540117649943 0
3.13147848199316 3.431550639559546 0
3.118567614422391 3.714361266686962 0
3.305158054090059 0.2484951206430243 0
3.293819666120638 0.4994751925520818 0
3.282367894268471 0.7529650652479083 0
3.270801604694489 1.00898983674358 0
3.259119652229945 1.267574855839636 0
3.247320880243325 1.528745725069736 0
3.235404120531751 1.792528303104783 0
3.223368193223677 2.058948706906456 0
3.211211906639247 2.328033314818222 0
3.198934057187755 2.599808768836016 0
3.18653342925057 2.874301977198604 0
3.174008795033784 3.151540117649938 0
3.161358914472399 3.431550639559533 0
3.148582535105489 3.714361266686951 0
3.333524811415426 0.2484951206430245 0
3.322305774898314 0.4994751925520826 0
3.310974548013011 0.7529650652479118 0
3.299530008855599 1.008989836743586 0
3.287971024311735 1.267574855839644 0
3.276296449924974 1.528745725069748 0
3.264505129789311 1.792528303104797 0
3.252595896452901 2.058948706906472 0
3.240567570779887 2.328033314818233 0
3.228418961848937 2.599808768836022 0
3.216148866837406 2.874301977198603 0
3.203756070875533 3.151540117649931 0
3.191239346951636 3.431550639559518 0
3.17859745578859 3.71436126668694 0
3.361891568740794 0.2484951206430248 0
3.350791883675992 0.4994751925520837 0
3.339581201757555 0.7529650652479154 0
3.32825841301671 1.008989836743592 0
3.316822396393523 1.267574855839653 0
3.305272019606623 1.528745725069759 0
3.293606139046871 1.792528303104811 0
3.281823599682125 2.058948706906488 0
3.269923234920526 2.328033314818245 0
3.257903866510119 2.599808768836028 0
3.245764304424243 2.874301977198603 0
3.233503346717284 3.151540117649923 0
3.221119779430874 3.431550639559504 0
3.208612376471691 3.714361266686931 0
3.39025832606616 0.2484951206430248 0
3.379277992453669 0.4994751925520847 0
3.368187855502097 0.7529650652479191 0
3.356986817177821 1.008989836743599 0
3.345673768475314 1.267574855839662 0
3.334247589288272 1.528745725069771 0
3.322707148304433 1.792528303104826 0
3.31105130291135 2.058948706906504 0
3.299278899061166 2.328033314818256 0
3.287388771171299 2.599808768836035 0
3.275379742011079 2.874301977198603 0
3.263250622559033 3.151540117649917 0
3.251000211910113 3.431550639559492 0
3.238627297154792 3.714361266686921 0
3.418625083391528 0.2484951206430251 0
3.407764101231345 0.4994751925520855 0
3.396794509246639 0.7529650652479225 0
3.385715221338931 1.008989836743604 0
3.374525140557104 1.267574855839671 0
3.36322315896992 1.528745725069782 0
3.351808157561993 1.79252830310484 0
3.340279006140574 2.058948706906521 0
3.328634563201805 2.328033314818268 0
3.316873675832482 2.599808768836043 0
3.304995179597913 2.874301977198603 0
3.292997898400782 3.151540117649912 0
3.28088064438935 3.431550639559477 0
3.268642217837891 3.714361266686909 0
3.446991840716896 0.2484951206430254 0
3.436250210009023 0.4994751925520866 0
3.425401162991181 0.7529650652479263 0
3.414443625500041 1.008989836743611 0
3.403376512638892 1.26757485583968 0
3.392198728651571 1.528745725069794 0
3.380909166819554 1.792528303104855 0
3.369506709369799 2.058948706906536 0
3.357990227342444 2.328033314818279 0
3.346358580493663 2.599808768836049 0
3.33461061718475 2.874301977198602 0
3.322745174242533 3.151540117649904 0
3.310761076868587 3.431550639559463 0
3.298657138520992 3.714361266686899 0
3.475358598042264 0.2484951206430254 0
3.464736318786701 0.4994751925520877 0
3.454007816735724 0.7529650652479296 0
3.443172029661151 1.008989836743617 0
3.432227884720684 1.267574855839689 0
3.42117429833322 1.528745725069806 0
3.410010176077113 1.792528303104869 0
3.398734412599023 2.058948706906552 0
3.387345891483084 2.328033314818291 0
3.375843485154844 2.599808768836056 0
3.364226054771586 2.874301977198602 0
3.352492450084281 3.151540117649898 0
3.340641509347825 3.43155063955945 0
3.328672059204091 3.714361266686889 0
3.503725355367631 0.2484951206430256 0
3.493222427564378 0.4994751925520885 0
3.482614470480266 0.7529650652479332 0
3.471900433822261 1.008989836743623 0
3.461079256802474 1.267574855839697 0
3.450149868014869 1.528745725069817 0
3.439111185334674 1.792528303104884 0
3.427962115828247 2.058948706906568 0
3.416701555623724 2.328033314818302 0
3.405328389816026 2.599808768836062 0
3.393841492358422 2.874301977198602 0
3.382239725926032 3.151540117649891 0
3.370521941827063 3.431550639559436 0
3.358686979887191 3.714361266686878 0
3.532092112692998 0.2484951206430259 0
3.521708536342055 0.4994751925520895 0
3.511221124224809 0.7529650652479368 0
3.500628837983372 1.008989836743629 0
3.489930628884263 1.267574855839706 0
3.479125437696517 1.528745725069829 0
3.468212194592234 1.792528303104898 0
3.457189819057472 2.058948706906583 0
3.446057219764362 2.328033314818313 0
3.434813294477208 2.599808768836068 0
3.423456929945258 2.874301977198602 0
3.411987001767781 3.151540117649885 0
3.400402374306302 3.431550639559422 0
3.388701900570291 3.714361266686868 0
3.560458870018366 0.2484951206430261 0
3.550194645119733 0.4994751925520905 0
3.539827777969351 0.7529650652479403 0
3.529357242144484 1.008989836743635 0
3.518782000966054 1.267574855839715 0
3.508101007378167 1.52874572506984 0
3.497313203849796 1.792528303104912 0
3.486417522286696 2.058948706906599 0
3.475412883905002 2.328033314818325 0
3.464298199138389 2.599808768836074 0
3.453072367532095 2.874301977198601 0
3.44173427760953 3.151540117649879 0
3.430282806785539 3.431550639559408 0
3.418716821253392 3.714361266686859 0
3.588825627343735 0.2484951206430262 0
3.578680753897411 0.4994751925520914 0
3.568434431713893 0.752965065247944 0
3.558085646305594 1.008989836743642 0
3.547633373047843 1.267574855839724 0
3.537076577059816 1.528745725069852 0
3.526414213107356 1.792528303104927 0
3.51564522551592 2.058948706906615 0
3.504768548045642 2.328033314818336 0
3.49378310379957 2.599808768836081 0
3.482687805118931 2.874301977198601 0
3.47148155345128 3.151540117649872 0
3.460163239264778 3.431550639559395 0
3.448731741936491 3.714361266686848 0
3.617192384669103 0.2484951206430264 0
3.607166862675089 0.4994751925520924 0
3.597041085458436 0.7529650652479475 0
3.586814050466706 1.008989836743648 0
3.576484745129633 1.267574855839733 0
3.566052146741467 1.528745725069864 0
3.555515222364916 1.792528303104941 0
3.544872928745145 2.058948706906631 0
3.534124212186282 2.328033314818348 0
3.523268008460753 2.599808768836088 0
3.512303242705767 2.874301977198601 0
3.50122882929303 3.151540117649866 0
3.490043671744015 3.431550639559381 0
3.478746662619592 3.714361266686837 0
3.64555914199447 0.2484951206430266 0
3.635652971452766 0.4994751925520935 0
3.625647739202978 0.7529650652479511 0
3.615542454627816 1.008989836743654 0
3.605336117211424 1.267574855839741 0
3.595027716423116 1.528745725069875 0
3.584616231622477 1.792528303104956 0
3.57410063197437 2.058948706906646 0
3.56347987632692 2.328033314818359 0
3.552752913121934 2.599808768836095 0
3.541918680292604 2.8743019771986 0
3.530976105134779 3.151540117649859 0
3.519924104223254 3.431550639559368 0
3.508761583302691 3.714361266686828 0
3.673925899319838 0.2484951206430268 0
3.664139080230443 0.4994751925520943 0
3.65425439294752 0.7529650652479547 0
3.644270858788926 1.00898983674366 0
3.634187489293213 1.267574855839751 0
3.624003286104765 1.528745725069887 0
3.613717240880037 1.79252830310497 0
3.603328335203595 2.058948706906662 0
3.59283554046756 2.328033314818371 0
3.582237817783116 2.599808768836101 0
3.571534117879438 2.8743019771986 0
3.560723380976528 3.151540117649853 0
3.54980453670249 3.431550639559353 0
3.538776503985792 3.714361266686816 0
3.702292656645207 0.248495120643027 0
3.692625189008122 0.4994751925520954 0
3.682861046692064 0.752965065247958 0
3.672999262950037 1.008989836743667 0
3.663038861375004 1.26757485583976 0
3.652978855786412 1.528745725069898 0
3.642818250137598 1.792528303104985 0
3.632556038432819 2.058948706906679 0
3.6221912046082 2.328033314818382 0
3.611722722444296 2.599808768836108 0
3.601149555466275 2.8743019771986 0
3.59047065681828 3.151540117649847 0
3.579684969181729 3.43155063955934 0
3.568791424668892 3.714361266686806 0
3.730659413970574 0.2484951206430273 0
3.721111297785798 0.4994751925520964 0
3.711467700436605 0.7529650652479618 0
3.701727667111148 1.008989836743672 0
3.691890233456794 1.267574855839769 0
3.681954425468063 1.52874572506991 0
3.671919259395158 1.792528303104999 0
3.661783741662043 2.058948706906695 0
3.651546868748839 2.328033314818394 0
3.641207627105478 2.599808768836114 0
3.630764993053111 2.874301977198598 0
3.620217932660028 3.15154011764984 0
3.609565401660968 3.431550639559326 0
3.598806345351992 3.714361266686796 0
3.759026171295942 0.2484951206430275 0
3.749597406563475 0.4994751925520973 0
3.740074354181149 0.7529650652479652 0
3.730456071272258 1.008989836743679 0
3.720741605538584 1.267574855839777 0
3.710929995149712 1.528745725069922 0
3.701020268652718 1.792528303105013 0
3.691011444891267 2.05894870690671 0
3.680902532889478 2.328033314818405 0
3.67069253176666 2.599808768836121 0
3.660380430639949 2.874301977198599 0
3.649965208501778 3.151540117649834 0
3.639445834140204 3.431550639559312 0
3.628821266035092 3.714361266686787 0
3.787392928621309 0.2484951206430276 0
3.778083515341152 0.4994751925520983 0
3.76868100792569 0.7529650652479689 0
3.759184475433369 1.008989836743685 0
3.749592977620375 1.267574855839786 0
3.73990556483136 1.528745725069933 0
3.73012127791028 1.792528303105028 0
3.720239148120491 2.058948706906727 0
3.710258197030118 2.328033314818417 0
3.700177436427841 2.599808768836128 0
3.689995868226783 2.874301977198598 0
3.679712484343528 3.151540117649827 0
3.669326266619443 3.431550639559298 0
3.658836186718192 3.714361266686775 0
3.815759685946678 0.2484951206430278 0
3.806569624118831 0.4994751925520993 0
3.797287661670233 0.7529650652479725 0
3.787912879594479 1.008989836743691 0
3.778444349702165 1.267574855839795 0
3.76888113451301 1.528745725069945 0
3.759222287167839 1.792528303105042 0
3.749466851349716 2.058948706906742 0
3.739613861170759 2.328033314818428 0
3.729662341089024 2.599808768836134 0
3.71961130581362 2.874301977198598 0
3.709459760185277 3.151540117649821 0
3.699206699098681 3.431550639559285 0
3.688851107401292 3.714361266686765 0
3.844126443272046 0.248495120643028 0
3.835055732896508 0.4994751925521002 0
3.825894315414775 0.7529650652479759 0
3.816641283755591 1.008989836743697 0
3.807295721783955 1.267574855839804 0
3.797856704194658 1.528745725069956 0
3.7883232964254 1.792528303105057 0
3.778694554578942 2.058948706906758 0
3.768969525311398 2.328033314818439 0
3.759147245750204 2.59980876883614 0
3.749226743400456 2.874301977198598 0
3.739207036027028 3.151540117649815 0
3.729087131577918 3.431550639559271 0
3.718866028084393 3.714361266686756 0
3.872493200597413 0.2484951206430281 0
3.863541841674186 0.4994751925521013 0
3.854500969159318 0.7529650652479796 0
3.8453696879167 1.008989836743704 0
3.836147093865744 1.267574855839813 0
3.826832273876309 1.528745725069968 0
3.817424305682962 1.792528303105071 0
3.807922257808166 2.058948706906774 0
3.798325189452036 2.328033314818451 0
3.788632150411386 2.599808768836146 0
3.778842180987292 2.874301977198598 0
3.768954311868776 3.151540117649808 0
3.758967564057156 3.431550639559257 0
3.748880948767493 3.714361266686744 0
3.900859957922781 0.2484951206430283 0
3.892027950451864 0.4994751925521023 0
3.88310762290386 0.7529650652479833 0
3.874098092077812 1.00898983674371 0
3.864998465947535 1.267574855839821 0
3.855807843557957 1.528745725069979 0
3.846525314940521 1.792528303105085 0
3.83714996103739 2.05894870690679 0
3.827680853592677 2.328033314818462 0
3.818117055072566 2.599808768836153 0
3.808457618574128 2.874301977198597 0
3.798701587710526 3.151540117649802 0
3.788847996536395 3.431550639559244 0
3.778895869450593 3.714361266686734 0
3.929226715248148 0.2484951206430285 0
3.920514059229541 0.499475192552103 0
3.911714276648402 0.7529650652479867 0
3.902826496238922 1.008989836743716 0
3.893849838029324 1.26757485583983 0
3.884783413239606 1.528745725069991 0
3.87562632419808 1.792528303105099 0
3.866377664266614 2.058948706906805 0
3.857036517733316 2.328033314818474 0
3.847601959733749 2.599808768836161 0
3.838073056160964 2.874301977198597 0
3.828448863552276 3.151540117649795 0
3.818728429015631 3.43155063955923 0
3.808910790133693 3.714361266686725 0
3.957593472573518 0.2484951206430289 0
3.94900016800722 0.4994751925521042 0
3.940320930392945 0.7529650652479902 0
3.931554900400033 1.008989836743722 0
3.922701210111115 1.267574855839839 0
3.913758982921256 1.528745725070003 0
3.904727333455642 1.792528303105114 0
3.89560536749584 2.058948706906821 0
3.886392181873958 2.328033314818486 0
3.877086864394931 2.599808768836168 0
3.867688493747801 2.874301977198597 0
3.858196139394026 3.151540117649788 0
3.848608861494869 3.431550639559216 0
3.838925710816792 3.714361266686713 0
3.985960229898884 0.248495120643029 0
3.977486276784896 0.4994751925521049 0
3.968927584137488 0.7529650652479939 0
3.960283304561144 1.008989836743728 0
3.951552582192904 1.267574855839848 0
3.942734552602906 1.528745725070014 0
3.933828342713203 1.792528303105128 0
3.924833070725064 2.058948706906837 0
3.915747846014595 2.328033314818497 0
3.906571769056113 2.599808768836174 0
3.897303931334637 2.874301977198596 0
3.887943415235776 3.151540117649783 0
3.878489293974108 3.431550639559202 0
3.868940631499894 3.714361266686703 0
4.014326987224254 0.2484951206430291 0
4.005972385562574 0.4994751925521059 0
3.99753423788203 0.7529650652479973 0
3.989011708722254 1.008989836743734 0
3.980403954274696 1.267574855839857 0
3.971710122284556 1.528745725070026 0
3.962929351970763 1.792528303105143 0
3.954060773954287 2.058948706906852 0
3.945103510155233 2.328033314818509 0
3.936056673717293 2.59980876883618 0
3.926919368921472 2.874301977198596 0
3.917690691077525 3.151540117649776 0
3.908369726453346 3.431550639559189 0
3.898955552182993 3.714361266686693 0
4.04269374454962 0.2484951206430294 0
4.03445849434025 0.499475192552107 0
4.026140891626572 0.7529650652480011 0
4.017740112883364 1.00898983674374 0
4.009255326356485 1.267574855839866 0
4.000685691966204 1.528745725070038 0
3.992030361228324 1.792528303105157 0
3.983288477183512 2.058948706906869 0
3.974459174295874 2.32803331481852 0
3.965541578378476 2.599808768836186 0
3.956534806508309 2.874301977198596 0
3.947437966919275 3.15154011764977 0
3.938250158932584 3.431550639559175 0
3.928970472866093 3.714361266686682 0
4.071060501874988 0.2484951206430296 0
4.062944603117929 0.4994751925521078 0
4.054747545371113 0.7529650652480044 0
4.046468517044476 1.008989836743747 0
4.038106698438276 1.267574855839875 0
4.029661261647854 1.528745725070049 0
4.021131370485886 1.792528303105172 0
4.012516180412737 2.058948706906885 0
4.003814838436513 2.328033314818531 0
3.995026483039658 2.599808768836192 0
3.986150244095145 2.874301977198595 0
3.977185242761025 3.151540117649763 0
3.968130591411821 3.431550639559161 0
3.958985393549193 3.714361266686671 0
4.099427259200357 0.2484951206430298 0
4.091430711895606 0.4994751925521089 0
4.083354199115658 0.752965065248008 0
4.075196921205587 1.008989836743753 0
4.066958070520064 1.267574855839883 0
4.058636831329501 1.528745725070061 0
4.050232379743445 1.792528303105186 0
4.04174388364196 2.058948706906901 0
4.033170502577152 2.328033314818543 0
4.024511387700838 2.599808768836199 0
4.015765681681979 2.874301977198595 0
4.006932518602773 3.151540117649757 0
3.998011023891058 3.431550639559147 0
3.989000314232293 3.714361266686662 0
4.127794016525724 0.2484951206430299 0
4.119916820673284 0.4994751925521099 0
4.1119608528602 0.7529650652480117 0
4.103925325366696 1.008989836743759 0
4.095809442601855 1.267574855839892 0
4.087612401011151 1.528745725070072 0
4.079333389001005 1.7925283031052 0
4.070971586871185 2.058948706906917 0
4.062526166717792 2.328033314818554 0
4.053996292362021 2.599808768836205 0
4.045381119268817 2.874301977198595 0
4.036679794444523 3.15154011764975 0
4.027891456370297 3.431550639559134 0
4.019015234915393 3.714361266686651 0
4.156160773851092 0.2484951206430301 0
4.148402929450961 0.499475192552111 0
4.140567506604742 0.7529650652480152 0
4.132653729527808 1.008989836743765 0
4.124660814683645 1.267574855839901 0
4.1165879706928 1.528745725070084 0
4.108434398258566 1.792528303105215 0
4.10019929010041 2.058948706906933 0
4.091881830858432 2.328033314818566 0
4.0834811970232 2.599808768836212 0
4.074996556855654 2.874301977198594 0
4.066427070286273 3.151540117649744 0
4.057771888849536 3.43155063955912 0
4.049030155598493 3.714361266686641 0
4.184527531176458 0.2484951206430304 0
4.176889038228639 0.4994751925521118 0
4.169174160349284 0.7529650652480189 0
4.161382133688917 1.008989836743772 0
4.153512186765433 1.26757485583991 0
4.145563540374449 1.528745725070096 0
4.137535407516125 1.792528303105229 0
4.129426993329634 2.058948706906949 0
4.121237494999071 2.328033314818577 0
4.112966101684381 2.599808768836219 0
4.104611994442488 2.874301977198593 0
4.096174346128022 3.151540117649738 0
4.087652321328773 3.431550639559106 0
4.079045076281593 3.714361266686631 0
4.212894288501827 0.2484951206430305 0
4.205375147006317 0.4994751925521129 0
4.197780814093826 0.7529650652480223 0
4.190110537850029 1.008989836743778 0
4.182363558847226 1.267574855839919 0
4.1745391100561 1.528745725070107 0
4.166636416773688 1.792528303105243 0
4.15865469655886 2.058948706906964 0
4.15059315913971 2.328033314818589 0
4.142451006345564 2.599808768836226 0
4.134227432029326 2.874301977198594 0
4.125921621969773 3.151540117649731 0
4.117532753808011 3.431550639559093 0
4.109059996964694 3.714361266686621 0
4.241261045827197 0.2484951206430307 0
4.233861255783995 0.4994751925521139 0
4.22638746783837 0.7529650652480258 0
4.218838942011139 1.008989836743784 0
4.211214930929016 1.267574855839928 0
4.203514679737751 1.528745725070119 0
4.195737426031248 1.792528303105258 0
4.187882399788084 2.05894870690698 0
4.179948823280352 2.328033314818601 0
4.171935911006746 2.599808768836233 0
4.163842869616161 2.874301977198593 0
4.155668897811523 3.151540117649725 0
4.147413186287249 3.431550639559079 0
4.139074917647796 3.714361266686611 0
4.269627803152563 0.248495120643031 0
4.262347364561671 0.4994751925521148 0
4.254994121582913 0.7529650652480295 0
4.247567346172252 1.00898983674379 0
4.240066303010806 1.267574855839937 0
4.232490249419398 1.52874572507013 0
4.22483843528881 1.792528303105273 0
4.217110103017309 2.058948706906996 0
4.209304487420992 2.328033314818612 0
4.201420815667928 2.599808768836239 0
4.193458307202999 2.874301977198593 0
4.185416173653273 3.151540117649718 0
4.177293618766488 3.431550639559065 0
4.169089838330893 3.7143612666866 0
4.297994560477931 0.248495120643031 0
4.290833473339347 0.4994751925521158 0
4.283600775327455 0.7529650652480333 0
4.276295750333361 1.008989836743796 0
4.268917675092596 1.267574855839946 0
4.261465819101047 1.528745725070142 0
4.253939444546368 1.792528303105286 0
4.246337806246533 2.058948706907011 0
4.238660151561628 2.328033314818623 0
4.230905720329108 2.599808768836245 0
4.223073744789835 2.874301977198593 0
4.215163449495022 3.151540117649712 0
4.207174051245726 3.431550639559051 0
4.199104759013995 3.71436126668659 0
4.3263613178033 0.2484951206430313 0
4.319319582117025 0.4994751925521166 0
4.312207429071997 0.7529650652480366 0
4.30502415449447 1.008989836743802 0
4.297769047174384 1.267574855839954 0
4.290441388782697 1.528745725070153 0
4.283040453803928 1.792528303105301 0
4.275565509475756 2.058948706907027 0
4.268015815702269 2.328033314818635 0
4.26039062499029 2.599808768836252 0
4.252689182376669 2.874301977198592 0
4.244910725336771 3.151540117649705 0
4.237054483724962 3.431550639559038 0
4.229119679697094 3.714361266686578 0
4.354728075128667 0.2484951206430315 0
4.347805690894706 0.4994751925521177 0
4.340814082816541 0.7529650652480402 0
4.333752558655583 1.008989836743808 0
4.326620419256177 1.267574855839963 0
4.319416958464345 1.528745725070165 0
4.31214146306149 1.792528303105315 0
4.304793212704983 2.058948706907043 0
4.297371479842908 2.328033314818646 0
4.289875529651472 2.599808768836258 0
4.282304619963505 2.874301977198592 0
4.27465800117852 3.151540117649699 0
4.266934916204201 3.431550639559024 0
4.259134600380194 3.714361266686569 0
4.383094832454035 0.2484951206430318 0
4.376291799672381 0.4994751925521188 0
4.369420736561082 0.7529650652480439 0
4.362480962816692 1.008989836743815 0
4.355471791337965 1.267574855839972 0
4.348392528145995 1.528745725070177 0
4.34124247231905 1.79252830310533 0
4.334020915934206 2.058948706907059 0
4.326727143983549 2.328033314818658 0
4.319360434312652 2.599808768836264 0
4.311920057550343 2.874301977198591 0
4.30440527702027 3.151540117649692 0
4.296815348683439 3.431550639559009 0
4.289149521063294 3.714361266686558 0
4.411461589779402 0.2484951206430319 0
4.404777908450058 0.4994751925521196 0
4.398027390305625 0.7529650652480473 0
4.391209366977803 1.008989836743821 0
4.384323163419757 1.267574855839981 0
4.377368097827643 1.528745725070188 0
4.370343481576612 1.792528303105344 0
4.36324861916343 2.058948706907075 0
4.356082808124186 2.328033314818669 0
4.348845338973836 2.599808768836271 0
4.341535495137179 2.874301977198592 0
4.334152552862019 3.151540117649686 0
4.326695781162678 3.431550639558996 0
4.319164441746394 3.714361266686547 0
4.439828347104768 0.2484951206430321 0
4.433264017227736 0.4994751925521206 0
4.426634044050167 0.7529650652480507 0
4.419937771138915 1.008989836743827 0
4.413174535501546 1.26757485583999 0
4.406343667509292 1.5287457250702 0
4.399444490834171 1.792528303105359 0
4.392476322392655 2.058948706907092 0
4.385438472264827 2.32803331481868 0
4.378330243635016 2.599808768836278 0
4.371150932724014 2.874301977198591 0
4.36389982870377 3.15154011764968 0
4.356576213641913 3.431550639558983 0
4.349179362429495 3.714361266686537 0
4.468195104430138 0.2484951206430323 0
4.461750126005414 0.4994751925521217 0
4.45524069779471 0.7529650652480545 0
4.448666175300025 1.008989836743833 0
4.442025907583337 1.267574855839999 0
4.435319237190942 1.528745725070211 0
4.428545500091733 1.792528303105373 0
4.42170402562188 2.058948706907107 0
4.414794136405468 2.328033314818692 0
4.407815148296199 2.599808768836285 0
4.40076637031085 2.87430197719859 0
4.393647104545519 3.151540117649673 0
4.386456646121153 3.431550639558969 0
4.379194283112597 3.714361266686528 0
4.496561861755504 0.2484951206430325 0
4.490236234783092 0.4994751925521226 0
4.48384735153925 0.752965065248058 0
4.477394579461135 1.00898983674384 0
4.470877279665126 1.267574855840008 0
4.464294806872591 1.528745725070223 0
4.457646509349292 1.792528303105387 0
4.450931728851103 2.058948706907123 0
4.444149800546105 2.328033314818703 0
4.43730005295738 2.599808768836292 0
4.430381807897686 2.874301977198591 0
4.423394380387268 3.151540117649667 0
4.41633707860039 3.431550639558954 0
4.409209203795696 3.714361266686518 0
4.524928619080875 0.2484951206430326 0
4.51872234356077 0.4994751925521236 0
4.512454005283792 0.7529650652480613 0
4.506122983622246 1.008989836743845 0
4.499728651746917 1.267574855840016 0
4.49327037655424 1.528745725070235 0
4.486747518606853 1.792528303105402 0
4.480159432080328 2.058948706907139 0
4.473505464686744 2.328033314818715 0
4.466784957618562 2.599808768836298 0
4.459997245484522 2.87430197719859 0
4.453141656229018 3.15154011764966 0
4.446217511079627 3.431550639558942 0
4.439224124478796 3.714361266686506 0
4.55329537640624 0.2484951206430329 0
4.547208452338446 0.4994751925521246 0
4.541060659028336 0.7529650652480651 0
4.534851387783357 1.008989836743852 0
4.528580023828705 1.267574855840025 0
4.522245946235889 1.528745725070246 0
4.515848527864414 1.792528303105416 0
4.50938713530955 2.058948706907154 0
4.502861128827385 2.328033314818726 0
4.496269862279741 2.599808768836304 0
4.489612683071357 2.87430197719859 0
4.482888932070766 3.151540117649654 0
4.476097943558865 3.431550639558928 0
4.469239045161895 3.714361266686497 0
4.581662133731608 0.2484951206430331 0
4.575694561116122 0.4994751925521255 0
4.569667312772877 0.7529650652480686 0
4.563579791944466 1.008989836743858 0
4.557431395910497 1.267574855840034 0
4.55122151591754 1.528745725070257 0
4.544949537121975 1.79252830310543 0
4.538614838538777 2.05894870690717 0
4.532216792968025 2.328033314818738 0
4.525754766940924 2.599808768836311 0
4.519228120658194 2.87430197719859 0
4.512636207912518 3.151540117649648 0
4.505978376038104 3.431550639558913 0
4.499253965844995 3.714361266686486 0
4.610028891056978 0.2484951206430332 0
4.604180669893799 0.4994751925521265 0
4.598273966517421 0.7529650652480723 0
4.592308196105578 1.008989836743865 0
4.586282767992286 1.267574855840043 0
4.580197085599188 1.528745725070269 0
4.574050546379533 1.792528303105445 0
4.567842541768002 2.058948706907186 0
4.561572457108663 2.328033314818748 0
4.555239671602106 2.599808768836317 0
4.54884355824503 2.874301977198589 0
4.542383483754267 3.151540117649641 0
4.535858808517343 3.4315506395589 0
4.529268886528095 3.714361266686475 0
4.638395648382344 0.2484951206430334 0
4.63266677867148 0.4994751925521276 0
4.626880620261963 0.7529650652480757 0
4.621036600266688 1.00898983674387 0
4.615134140074077 1.267574855840051 0
4.609172655280838 1.528745725070281 0
4.603151555637096 1.79252830310546 0
4.597070244997226 2.058948706907202 0
4.590928121249303 2.32803331481876 0
4.584724576263286 2.599808768836323 0
4.578458995831867 2.874301977198589 0
4.572130759596017 3.151540117649635 0
4.565739240996581 3.431550639558887 0
4.559283807211195 3.714361266686466 0
4.666762405707713 0.2484951206430337 0
4.661152887449157 0.4994751925521284 0
4.655487274006506 0.7529650652480794 0
4.649765004427797 1.008989836743876 0
4.643985512155867 1.26757485584006 0
4.638148224962487 1.528745725070293 0
4.632252564894656 1.792528303105474 0
4.626297948226449 2.058948706907217 0
4.620283785389944 2.328033314818772 0
4.614209480924469 2.59980876883633 0
4.608074433418705 2.874301977198589 0
4.601878035437768 3.151540117649628 0
4.595619673475819 3.431550639558873 0
4.589298727894296 3.714361266686456 0
4.695129163033081 0.2484951206430339 0
4.689638996226832 0.4994751925521295 0
4.684093927751046 0.7529650652480829 0
4.67849340858891 1.008989836743883 0
4.672836884237656 1.267574855840069 0
4.667123794644136 1.528745725070304 0
4.661353574152216 1.792528303105488 0
4.655525651455674 2.058948706907234 0
4.649639449530583 2.328033314818783 0
4.643694385585649 2.599808768836337 0
4.63768987100554 2.874301977198589 0
4.631625311279516 3.151540117649622 0
4.625500105955056 3.431550639558858 0
4.619313648577395 3.714361266686444 0
4.723495920358446 0.248495120643034 0
4.71812510500451 0.4994751925521305 0
4.712700581495591 0.7529650652480866 0
4.707221812750019 1.008989836743889 0
4.701688256319447 1.267574855840078 0
4.696099364325784 1.528745725070316 0
4.690454583409776 1.792528303105502 0
4.684753354684898 2.05894870690725 0
4.678995113671222 2.328033314818795 0
4.673179290246831 2.599808768836343 0
4.667305308592375 2.874301977198588 0
4.661372587121265 3.151540117649616 0
4.655380538434293 3.431550639558845 0
4.649328569260494 3.714361266686435 0
4.751862677683818 0.2484951206430343 0
4.746611213782188 0.4994751925521314 0
4.741307235240134 0.75296506524809 0
4.735950216911132 1.008989836743895 0
4.730539628401239 1.267574855840087 0
4.725074934007433 1.528745725070328 0
4.719555592667339 1.792528303105517 0
4.713981057914124 2.058948706907265 0
4.708350777811862 2.328033314818806 0
4.702664194908014 2.599808768836351 0
4.696920746179213 2.874301977198588 0
4.691119862963015 3.151540117649609 0
4.685260970913531 3.431550639558832 0
4.679343489943596 3.714361266686424 0
4.780229435009184 0.2484951206430345 0
4.775097322559869 0.4994751925521322 0
4.769913888984677 0.7529650652480935 0
4.764678621072242 1.008989836743901 0
4.759391000483028 1.267574855840096 0
4.754050503689085 1.528745725070339 0
4.748656601924896 1.792528303105531 0
4.743208761143348 2.058948706907282 0
4.737706441952502 2.328033314818817 0
4.732149099569195 2.599808768836358 0
4.726536183766045 2.874301977198588 0
4.720867138804764 3.151540117649603 0
4.715141403392771 3.431550639558818 0
4.709358410626696 3.714361266686414 0
4.808596192334551 0.2484951206430346 0
4.803583431337544 0.4994751925521334 0
4.798520542729217 0.7529650652480973 0
4.793407025233353 1.008989836743908 0
4.788242372564817 1.267574855840105 0
4.783026073370731 1.52874572507035 0
4.777757611182458 1.792528303105546 0
4.772436464372573 2.058948706907298 0
4.767062106093141 2.328033314818829 0
4.761634004230377 2.599808768836363 0
4.756151621352883 2.874301977198587 0
4.750614414646515 3.151540117649597 0
4.745021835872008 3.431550639558804 0
4.739373331309796 3.714361266686403 0
4.83696294965992 0.2484951206430348 0
4.832069540115222 0.4994751925521341 0
4.827127196473762 0.7529650652481009 0
4.822135429394463 1.008989836743913 0
4.817093744646606 1.267574855840113 0
4.812001643052382 1.528745725070362 0
4.806858620440019 1.79252830310556 0
4.801664167601797 2.058948706907314 0
4.79641777023378 2.32803331481884 0
4.791118908891558 2.59980876883637 0
4.785767058939721 2.874301977198587 0
4.780361690488265 3.15154011764959 0
4.774902268351246 3.431550639558791 0
4.769388251992898 3.714361266686393 0
4.865329706985287 0.2484951206430351 0
4.860555648892898 0.4994751925521352 0
4.855733850218304 0.7529650652481044 0
4.850863833555573 1.00898983674392 0
4.845945116728396 1.267574855840122 0
4.840977212734031 1.528745725070374 0
4.835959629697578 1.792528303105575 0
4.830891870831023 2.058948706907329 0
4.825773434374421 2.328033314818851 0
4.820603813552738 2.599808768836376 0
4.815382496526556 2.874301977198587 0
4.810108966330013 3.151540117649584 0
4.804782700830482 3.431550639558777 0
4.799403172675997 3.714361266686383 0
4.893696464310656 0.2484951206430352 0
4.889041757670575 0.499475192552136 0
4.884340503962846 0.7529650652481078 0
4.879592237716684 1.008989836743926 0
4.874796488810187 1.267574855840131 0
4.869952782415681 1.528745725070386 0
4.865060638955138 1.792528303105589 0
4.860119574060247 2.058948706907345 0
4.85512909851506 2.328033314818863 0
4.850088718213922 2.599808768836382 0
4.844997934113393 2.874301977198586 0
4.839856242171763 3.151540117649577 0
4.834663133309721 3.431550639558762 0
4.829418093359097 3.714361266686372 0
4.922063221636024 0.2484951206430353 0
4.917527866448255 0.4994751925521371 0
4.912947157707387 0.7529650652481112 0
4.908320641877794 1.008989836743932 0
4.903647860891978 1.26757485584014 0
4.898928352097328 1.528745725070397 0
4.894161648212701 1.792528303105603 0
4.889347277289471 2.058948706907361 0
4.8844847626557 2.328033314818875 0
4.879573622875103 2.59980876883639 0
4.87461337170023 2.874301977198586 0
4.869603518013514 3.151540117649571 0
4.86454356578896 3.431550639558748 0
4.859433014042196 3.714361266686362 0
4.95042997896139 0.2484951206430356 0
4.946013975225932 0.4994751925521381 0
4.94155381145193 0.752965065248115 0
4.937049046038904 1.008989836743938 0
4.932499232973766 1.267574855840149 0
4.927903921778979 1.528745725070409 0
4.923262657470261 1.792528303105618 0
4.918574980518695 2.058948706907376 0
4.913840426796338 2.328033314818887 0
4.909058527536283 2.599808768836396 0
4.904228809287065 2.874301977198586 0
4.899350793855263 3.151540117649565 0
4.894423998268197 3.431550639558736 0
4.889447934725294 3.714361266686352 0
4.978796736286757 0.2484951206430359 0
4.974500084003608 0.4994751925521392 0
4.970160465196471 0.7529650652481187 0
4.965777450200016 1.008989836743944 0
4.961350605055557 1.267574855840158 0
4.956879491460628 1.52874572507042 0
4.952363666727823 1.792528303105632 0
4.947802683747922 2.058948706907392 0
4.943196090936977 2.328033314818898 0
4.938543432197465 2.599808768836402 0
4.933844246873901 2.874301977198586 0
4.929098069697014 3.151540117649558 0
4.924304430747434 3.431550639558722 0
4.919462855408396 3.714361266686341 0
5.007163493612125 0.248495120643036 0
5.002986192781287 0.49947519255214 0
4.998767118941016 0.7529650652481221 0
4.994505854361126 1.008989836743951 0
4.99020197713735 1.267574855840166 0
4.985855061142279 1.528745725070431 0
4.981464675985381 1.792528303105647 0
4.977030386977145 2.058948706907408 0
4.972551755077617 2.32803331481891 0
4.968028336858646 2.59980876883641 0
4.963459684460737 2.874301977198586 0
4.958845345538761 3.151540117649552 0
4.954184863226675 3.431550639558707 0
4.949477776091498 3.714361266686331 0
5.035530250937494 0.2484951206430361 0
5.031472301558964 0.4994751925521411 0
5.027373772685559 0.7529650652481256 0
5.023234258522238 1.008989836743956 0
5.019053349219138 1.267574855840175 0
5.014830630823926 1.528745725070443 0
5.010565685242943 1.792528303105661 0
5.006258090206368 2.058948706907424 0
5.001907419218258 2.32803331481892 0
4.997513241519828 2.599808768836416 0
4.993075122047574 2.874301977198585 0
4.988592621380514 3.151540117649545 0
4.984065295705911 3.431550639558694 0
4.979492696774599 3.714361266686321 0
5.06389700826286 0.2484951206430364 0
5.059958410336641 0.4994751925521421 0
5.055980426430099 0.7529650652481293 0
5.05196266268335 1.008989836743963 0
5.047904721300927 1.267574855840184 0
5.043806200505577 1.528745725070455 0
5.039666694500503 1.792528303105675 0
5.035485793435592 2.05894870690744 0
5.031263083358896 2.328033314818932 0
5.02699814618101 2.599808768836422 0
5.022690559634407 2.874301977198585 0
5.018339897222262 3.151540117649539 0
5.013945728185147 3.43155063955868 0
5.009507617457697 3.71436126668631 0
5.092263765588228 0.2484951206430367 0
5.088444519114318 0.499475192552143 0
5.084587080174643 0.752965065248133 0
5.080691066844459 1.008989836743969 0
5.076756093382717 1.267574855840193 0
5.072781770187227 1.528745725070467 0
5.068767703758063 1.79252830310569 0
5.064713496664818 2.058948706907456 0
5.060618747499536 2.328033314818944 0
5.056483050842191 2.599808768836429 0
5.052305997221245 2.874301977198585 0
5.048087173064011 3.151540117649532 0
5.043826160664386 3.431550639558666 0
5.039522538140798 3.7143612666863 0
5.120630522913597 0.2484951206430367 0
5.116930627891998 0.499475192552144 0
5.113193733919185 0.7529650652481366 0
5.10941947100557 1.008989836743975 0
5.105607465464508 1.267574855840202 0
5.101757339868874 1.528745725070478 0
5.097868713015623 1.792528303105704 0
5.093941199894042 2.058948706907473 0
5.089974411640174 2.328033314818955 0
5.085967955503373 2.599808768836436 0
5.081921434808081 2.874301977198584 0
5.077834448905761 3.151540117649526 0
5.073706593143623 3.431550639558653 0
5.069537458823897 3.71436126668629 0
5.148997280238966 0.248495120643037 0
5.145416736669674 0.4994751925521451 0
5.141800387663726 0.7529650652481399 0
5.138147875166679 1.008989836743981 0
5.134458837546299 1.267574855840211 0
5.130732909550524 1.52874572507049 0
5.126969722273186 1.792528303105718 0
5.123168903123266 2.058948706907488 0
5.119330075780816 2.328033314818966 0
5.115452860164554 2.599808768836441 0
5.111536872394916 2.874301977198584 0
5.10758172474751 3.151540117649519 0
5.103587025622863 3.431550639558639 0
5.099552379506997 3.71436126668628 0
5.177364037564334 0.2484951206430372 0
5.173902845447351 0.4994751925521458 0
5.170407041408269 0.7529650652481437 0
5.166876279327791 1.008989836743988 0
5.163310209628087 1.267574855840219 0
5.159708479232171 1.528745725070502 0
5.156070731530743 1.792528303105733 0
5.15239660635249 2.058948706907504 0
5.148685739921454 2.328033314818978 0
5.144937764825735 2.599808768836448 0
5.141152309981752 2.874301977198584 0
5.13732900058926 3.151540117649513 0
5.133467458102102 3.431550639558625 0
5.129567300190097 3.714361266686269 0
5.2057307948897 0.2484951206430373 0
5.202388954225031 0.4994751925521469 0
5.199013695152811 0.7529650652481471 0
5.195604683488902 1.008989836743994 0
5.192161581709878 1.267574855840228 0
5.188684048913823 1.528745725070513 0
5.185171740788306 1.792528303105747 0
5.181624309581716 2.05894870690752 0
5.178041404062094 2.32803331481899 0
5.174422669486917 2.599808768836454 0
5.170767747568588 2.874301977198583 0
5.16707627643101 3.151540117649506 0
5.163347890581338 3.431550639558611 0
5.159582220873197 3.714361266686259 0
5.234097552215069 0.2484951206430375 0
5.230875063002706 0.4994751925521477 0
5.227620348897355 0.7529650652481508 0
5.224333087650011 1.008989836744 0
5.22101295379167 1.267574855840237 0
5.217659618595471 1.528745725070524 0
5.214272750045867 1.792528303105762 0
5.21085201281094 2.058948706907535 0
5.207397068202734 2.328033314819001 0
5.203907574148099 2.599808768836462 0
5.200383185155426 2.874301977198583 0
5.196823552272759 3.1515401176495 0
5.193228323060575 3.431550639558599 0
5.189597141556298 3.714361266686248 0
5.262464309540436 0.2484951206430377 0
5.259361171780383 0.4994751925521488 0
5.256227002641896 0.7529650652481542 0
5.253061491811123 1.008989836744006 0
5.249864325873459 1.267574855840246 0
5.24663518827712 1.528745725070536 0
5.243373759303427 1.792528303105776 0
5.240079716040164 2.058948706907551 0
5.236752732343373 2.328033314819012 0
5.233392478809281 2.599808768836469 0
5.229998622742261 2.874301977198582 0
5.226570828114509 3.151540117649494 0
5.223108755539814 3.431550639558584 0
5.219612062239396 3.714361266686238 0
5.290831066865805 0.248495120643038 0
5.287847280558061 0.4994751925521498 0
5.284833656386438 0.7529650652481578 0
5.281789895972233 1.008989836744012 0
5.278715697955249 1.267574855840254 0
5.27561075795877 1.528745725070548 0
5.272474768560986 1.79252830310579 0
5.269307419269389 2.058948706907567 0
5.266108396484013 2.328033314819025 0
5.262877383470463 2.599808768836476 0
5.259614060329098 2.874301977198582 0
5.25631810395626 3.151540117649487 0
5.252989188019053 3.43155063955857 0
5.249626982922497 3.714361266686228 0
5.319197824191171 0.2484951206430381 0
5.316333389335738 0.4994751925521507 0
5.313440310130981 0.7529650652481614 0
5.310518300133344 1.008989836744018 0
5.307567070037037 1.267574855840264 0
5.30458632764042 1.528745725070559 0
5.301575777818547 1.792528303105805 0
5.298535122498613 2.058948706907582 0
5.295464060624653 2.328033314819036 0
5.292362288131644 2.599808768836481 0
5.289229497915934 2.874301977198582 0
5.286065379798008 3.151540117649481 0
5.282869620498292 3.431550639558557 0
5.279641903605598 3.714361266686217 0
5.347564581516541 0.2484951206430383 0
5.344819498113418 0.4994751925521517 0
5.342046963875526 0.7529650652481649 0
5.339246704294458 1.008989836744024 0
5.336418442118829 1.267574855840272 0
5.33356189732207 1.528745725070571 0
5.330676787076107 1.792528303105819 0
5.327762825727836 2.058948706907598 0
5.324819724765292 2.328033314819048 0
5.321847192792825 2.599808768836488 0
5.318844935502771 2.874301977198582 0
5.315812655639759 3.151540117649474 0
5.312750052977528 3.431550639558544 0
5.3096568242887 3.714361266686207 0
5.375931338841908 0.2484951206430385 0
5.373305606891094 0.4994751925521528 0
5.370653617620066 0.7529650652481685 0
5.367975108455564 1.008989836744031 0
5.365269814200617 1.267574855840281 0
5.362537467003716 1.528745725070583 0
5.359777796333669 1.792528303105834 0
5.356990528957062 2.058948706907615 0
5.354175388905931 2.328033314819059 0
5.351332097454006 2.599808768836494 0
5.348460373089605 2.874301977198582 0
5.345559931481508 3.151540117649468 0
5.342630485456766 3.431550639558529 0
5.339671744971798 3.714361266686197 0
5.404298096167276 0.2484951206430387 0
5.401791715668773 0.4994751925521536 0
5.399260271364608 0.7529650652481721 0
5.396703512616676 1.008989836744037 0
5.394121186282408 1.26757485584029 0
5.391513036685367 1.528745725070594 0
5.388878805591229 1.792528303105848 0
5.386218232186287 2.05894870690763 0
5.383531053046569 2.32803331481907 0
5.380817002115187 2.599808768836501 0
5.378075810676441 2.874301977198582 0
5.375307207323257 3.151540117649462 0
5.372510917936004 3.431550639558515 0
5.369686665654897 3.714361266686187 0
5.432664853492643 0.2484951206430389 0
5.43027782444645 0.4994751925521547 0
5.427866925109152 0.7529650652481755 0
5.425431916777788 1.008989836744043 0
5.422972558364197 1.267574855840299 0
5.420488606367016 1.528745725070606 0
5.417979814848788 1.792528303105863 0
5.41544593541551 2.058948706907646 0
5.412886717187209 2.328033314819081 0
5.410301906776368 2.599808768836507 0
5.407691248263278 2.874301977198581 0
5.405054483165006 3.151540117649455 0
5.402391350415241 3.431550639558502 0
5.399701586337998 3.714361266686176 0
5.461031610818011 0.2484951206430391 0
5.458763933224128 0.4994751925521557 0
5.456473578853694 0.7529650652481792 0
5.454160320938898 1.008989836744049 0
5.451823930445989 1.267574855840308 0
5.449464176048664 1.528745725070618 0
5.447080824106351 1.792528303105877 0
5.444673638644735 2.058948706907663 0
5.44224238132785 2.328033314819093 0
5.439786811437551 2.599808768836513 0
5.437306685850114 2.874301977198581 0
5.434801759006756 3.151540117649449 0
5.432271782894479 3.431550639558488 0
5.4297165070211 3.714361266686166 0
5.489398368143378 0.2484951206430394 0
5.487250042001806 0.4994751925521566 0
5.485080232598236 0.7529650652481827 0
5.482888725100008 1.008989836744056 0
5.48067530252778 1.267574855840317 0
5.478439745730313 1.528745725070629 0
5.47618183336391 1.792528303105891 0
5.473901341873959 2.058948706907678 0
5.471598045468488 2.328033314819104 0
5.469271716098733 2.599808768836521 0
5.46692212343695 2.874301977198581 0
5.464549034848508 3.151540117649442 0
5.462152215373718 3.431550639558474 0
5.459731427704201 3.714361266686156 0
5.517765125468747 0.2484951206430395 0
5.515736150779483 0.4994751925521576 0
5.513686886342779 0.7529650652481864 0
5.511617129261118 1.008989836744062 0
5.509526674609567 1.267574855840326 0
5.507415315411964 1.528745725070641 0
5.505282842621471 1.792528303105906 0
5.503129045103184 2.058948706907694 0
5.500953709609129 2.328033314819117 0
5.498756620759917 2.599808768836528 0
5.496537561023787 2.874301977198581 0
5.494296310690257 3.151540117649436 0
5.492032647852955 3.43155063955846 0
5.489746348387298 3.714361266686145 0
5.546131882794115 0.2484951206430396 0
5.544222259557158 0.4994751925521587 0
5.542293540087322 0.7529650652481898 0
5.54034553342223 1.008989836744068 0
5.538378046691358 1.267574855840334 0
5.536390885093613 1.528745725070652 0
5.534383851879034 1.79252830310592 0
5.532356748332411 2.05894870690771 0
5.530309373749768 2.328033314819127 0
5.528241525421096 2.599808768836534 0
5.526152998610623 2.87430197719858 0
5.524043586532008 3.15154011764943 0
5.521913080332195 3.431550639558448 0
5.519761269070398 3.714361266686135 0
5.574498640119483 0.2484951206430399 0
5.572708368334837 0.4994751925521594 0
5.570900193831863 0.7529650652481933 0
5.56907393758334 1.008989836744074 0
5.567229418773149 1.267574855840343 0
5.565366454775262 1.528745725070664 0
5.563484861136594 1.792528303105934 0
5.561584451561632 2.058948706907726 0
5.559665037890406 2.328033314819139 0
5.557726430082277 2.599808768836541 0
5.555768436197459 2.87430197719858 0
5.553790862373756 3.151540117649423 0
5.551793512811431 3.431550639558433 0
5.549776189753498 3.714361266686125 0
5.602865397444851 0.2484951206430401 0
5.601194477112514 0.4994751925521606 0
5.599506847576407 0.752965065248197 0
5.597802341744452 1.00898983674408 0
5.596080790854939 1.267574855840352 0
5.594342024456912 1.528745725070676 0
5.592585870394153 1.792528303105949 0
5.590812154790861 2.058948706907741 0
5.589020702031049 2.32803331481915 0
5.587211334743459 2.599808768836547 0
5.585383873784295 2.87430197719858 0
5.583538138215506 3.151540117649416 0
5.581673945290671 3.431550639558419 0
5.5797911104366 3.714361266686114 0
5.63123215477022 0.2484951206430402 0
5.629680585890195 0.4994751925521616 0
5.628113501320948 0.7529650652482005 0
5.626530745905561 1.008989836744086 0
5.624932162936728 1.267574855840361 0
5.62331759413856 1.528745725070687 0
5.621686879651715 1.792528303105963 0
5.620039858020082 2.058948706907757 0
5.618376366171685 2.328033314819161 0
5.616696239404639 2.599808768836553 0
5.61499931137113 2.874301977198579 0
5.613285414057254 3.15154011764941 0
5.611554377769906 3.431550639558406 0
5.609806031119698 3.714361266686103 0
5.659598912095587 0.2484951206430404 0
5.658166694667869 0.4994751925521624 0
5.656720155065489 0.7529650652482042 0
5.655259150066671 1.008989836744092 0
5.65378353501852 1.26757485584037 0
5.65229316382021 1.528745725070699 0
5.650787888909275 1.792528303105977 0
5.649267561249308 2.058948706907773 0
5.647732030312326 2.328033314819173 0
5.646181144065821 2.59980876883656 0
5.644614748957967 2.874301977198579 0
5.643032689899005 3.151540117649404 0
5.641434810249146 3.431550639558392 0
5.6398209518028 3.714361266686093 0
5.687965669420953 0.2484951206430407 0
5.686652803445546 0.4994751925521633 0
5.685326808810034 0.7529650652482076 0
5.683987554227782 1.008989836744099 0
5.682634907100309 1.267574855840379 0
5.681268733501858 1.52874572507071 0
5.679888898166834 1.792528303105992 0
5.678495264478531 2.058948706907788 0
5.677087694452965 2.328033314819185 0
5.675666048727003 2.599808768836566 0
5.674230186544802 2.874301977198579 0
5.672779965740755 3.151540117649398 0
5.671315242728385 3.431550639558378 0
5.6698358724859 3.714361266686084 0
5.716332426746321 0.2484951206430409 0
5.715138912223225 0.4994751925521644 0
5.713933462554575 0.7529650652482114 0
5.712715958388895 1.008989836744105 0
5.711486279182099 1.267574855840387 0
5.710244303183506 1.528745725070722 0
5.708989907424394 1.792528303106006 0
5.707722967707753 2.058948706907805 0
5.706443358593607 2.328033314819196 0
5.705150953388184 2.599808768836573 0
5.703845624131638 2.874301977198578 0
5.702527241582501 3.151540117649391 0
5.701195675207621 3.431550639558364 0
5.699850793168999 3.714361266686073 0
5.744699184071688 0.248495120643041 0
5.743625021000902 0.4994751925521652 0
5.742540116299117 0.7529650652482148 0
5.741444362550005 1.008989836744111 0
5.740337651263889 1.267574855840397 0
5.739219872865158 1.528745725070733 0
5.738090916681955 1.792528303106021 0
5.736950670936981 2.058948706907821 0
5.735799022734245 2.328033314819208 0
5.734635858049366 2.59980876883658 0
5.733461061718475 2.874301977198578 0
5.732274517424253 3.151540117649385 0
5.731076107686857 3.43155063955835 0
5.729865713852099 3.714361266686062 0
5.77306594139706 0.2484951206430412 0
5.772111129778581 0.4994751925521663 0
5.771146770043661 0.7529650652482185 0
5.770172766711116 1.008989836744117 0
5.76918902334568 1.267574855840405 0
5.768195442546808 1.528745725070745 0
5.767191925939516 1.792528303106035 0
5.766178374166206 2.058948706907836 0
5.765154686874885 2.328033314819219 0
5.764120762710548 2.599808768836587 0
5.763076499305311 2.874301977198578 0
5.762021793266005 3.151540117649378 0
5.760956540166099 3.431550639558337 0
5.759880634535199 3.714361266686053 0
5.801432698722426 0.2484951206430415 0
5.800597238556257 0.4994751925521673 0
5.799753423788203 0.7529650652482219 0
5.798901170872226 1.008989836744123 0
5.798040395427469 1.267574855840414 0
5.797171012228455 1.528745725070757 0
5.796292935197076 1.792528303106049 0
5.795406077395429 2.058948706907853 0
5.794510351015522 2.32803331481923 0
5.793605667371727 2.599808768836593 0
5.792691936892147 2.874301977198578 0
5.791769069107753 3.151540117649372 0
5.790836972645335 3.431550639558323 0
5.789895555218298 3.714361266686041 0
5.829799456047793 0.2484951206430416 0
5.829083347333934 0.4994751925521682 0
5.828360077532745 0.7529650652482255 0
5.827629575033336 1.00898983674413 0
5.82689176750926 1.267574855840423 0
5.826146581910105 1.528745725070769 0
5.825393944454637 1.792528303106064 0
5.824633780624652 2.058948706907869 0
5.823866015156163 2.328033314819242 0
5.823090572032911 2.5998087688366 0
5.822307374478985 2.874301977198578 0
5.821516344949501 3.151540117649366 0
5.820717405124572 3.431550639558309 0
5.819910475901398 3.714361266686031 0
5.858166213373162 0.2484951206430418 0
5.857569456111614 0.4994751925521692 0
5.856966731277288 0.7529650652482291 0
5.856357979194446 1.008989836744135 0
5.855743139591048 1.267574855840432 0
5.855122151591754 1.52874572507078 0
5.854494953712196 1.792528303106078 0
5.853861483853878 2.058948706907884 0
5.853221679296804 2.328033314819253 0
5.852575476694093 2.599808768836606 0
5.851922812065821 2.874301977198577 0
5.851263620791253 3.151540117649359 0
5.850597837603811 3.431550639558295 0
5.849925396584498 3.714361266686022 0
5.886532970698529 0.2484951206430421 0
5.886055564889289 0.4994751925521703 0
5.885573385021831 0.7529650652482328 0
5.885086383355557 1.008989836744142 0
5.884594511672841 1.267574855840441 0
5.884097721273402 1.528745725070791 0
5.883595962969758 1.792528303106093 0
5.883089187083103 2.0589487069079 0
5.882577343437443 2.328033314819265 0
5.882060381355273 2.599808768836612 0
5.881538249652656 2.874301977198577 0
5.881010896633001 3.151540117649353 0
5.880478270083047 3.431550639558282 0
5.879940317267599 3.714361266686011 0
5.914899728023896 0.2484951206430422 0
5.914541673666968 0.4994751925521711 0
5.914180038766373 0.7529650652482363 0
5.913814787516666 1.008989836744148 0
5.913445883754632 1.267574855840449 0
5.913073290955052 1.528745725070803 0
5.912696972227318 1.792528303106107 0
5.912316890312328 2.058948706907916 0
5.911933007578082 2.328033314819276 0
5.911545286016457 2.599808768836619 0
5.911153687239493 2.874301977198577 0
5.910758172474752 3.151540117649346 0
5.910358702562285 3.431550639558268 0
5.9099552379507 3.714361266686 0
5.943266485349262 0.2484951206430425 0
5.943027782444645 0.4994751925521722 0
5.942786692510916 0.7529650652482398 0
5.942543191677776 1.008989836744154 0
5.942297255836419 1.267574855840458 0
5.942048860636701 1.528745725070815 0
5.94179798148488 1.792528303106122 0
5.941544593541551 2.058948706907931 0
5.941288671718722 2.328033314819288 0
5.941030190677639 2.599808768836625 0
5.940769124826328 2.874301977198576 0
5.940505448316501 3.15154011764934 0
5.940239135041526 3.431550639558254 0
5.9399701586338 3.71436126668599 0
5.971633242674633 0.2484951206430426 0
5.971513891222322 0.4994751925521732 0
5.971393346255459 0.7529650652482432 0
5.971271595838889 1.00898983674416 0
5.97114862791821 1.267574855840467 0
5.971024430318352 1.528745725070826 0
5.970898990742439 1.792528303106136 0
5.970772296770777 2.058948706907947 0
5.97064433585936 2.328033314819299 0
5.970515095338818 2.599808768836632 0
5.970384562413165 2.874301977198576 0
5.97025272415825 3.151540117649333 0
5.970119567520762 3.43155063955824 0
5.969985079316902 3.71436126668598 0
2 6 0 2772
3879
3880
3881
3882
3883
3884
3885
3886
3887
3888
3889
3890
3891
3892
3893
3894
3895
3896
3897
3898
3899
3900
3901
3902
3903
3904
3905
3906
3907
3908
3909
3910
3911
3912
3913
3914
3915
3916
3917
3918
3919
3920
3921
3922
3923
3924
3925
3926
3927
3928
3929
3930
3931
3932
3933
3934
3935
3936
3937
3938
3939
3940
3941
3942
3943
3944
3945
3946
3947
3948
3949
3950
3951
3952
3953
3954
3955
3956
3957
3958
3959
3960
3961
3962
3963
3964
3965
3966
3967
3968
3969
3970
3971
3972
3973
3974
3975
3976
3977
3978
3979
3980
3981
3982
3983
3984
3985
3986
3987
3988
3989
3990
3991
3992
3993
3994
3995
3996
3997
3998
3999
4000
4001
4002
4003
4004
4005
4006
4007
4008
4009
4010
4011
4012
4013
4014
4015
4016
4017
4018
4019
4020
4021
4022
4023
4024
4025
4026
4027
4028
4029
4030
4031
4032
4033
4034
4035
4036
4037
4038
4039
4040
4041
4042
4043
4044
4045
4046
4047
4048
4049
4050
4051
4052
4053
4054
4055
4056
4057
4058
4059
4060
4061
4062
4063
4064
4065
4066
4067
4068
4069
4070
4071
4072
4073
4074
4075
4076
4077
4078
4079
4080
4081
4082
4083
4084
4085
4086
4087
4088
4089
4090
4091
4092
4093
4094
4095
4096
4097
4098
4099
4100
4101
4102
4103
4104
4105
4106
4107
4108
4109
4110
4111
4112
4113
4114
4115
4116
4117
4118
4119
4120
4121
4122
4123
4124
4125
4126
4127
4128
4129
4130
4131
4132
4133
4134
4135
4136
4137
4138
4139
4140
4141
4142
4143
4144
4145
4146
4147
4148
4149
4150
4151
4152
4153
4154
4155
4156
4157
4158
4159
4160
4161
4162
4163
4164
4165
4166
4167
4168
4169
4170
4171
4172
4173
4174
4175
4176
4177
4178
4179
4180
4181
4182
4183
4184
4185
4186
4187
4188
4189
4190
4191
4192
4193
4194
4195
4196
4197
4198
4199
4200
4201
4202
4203
4204
4205
4206
4207
4208
4209
4210
4211
4212
4213
4214
4215
4216
4217
4218
4219
4220
4221
4222
4223
4224
4225
4226
4227
4228
4229
4230
4231
4232
4233
4234
4235
4236
4237
4238
4239
4240
4241
4242
4243
4244
4245
4246
4247
4248
4249
4250
4251
4252
4253
4254
4255
4256
4257
4258
4259
4260
4261
4262
4263
4264
4265
4266
4267
4268
4269
4270
4271
4272
4273
4274
4275
4276
4277
4278
4279
4280
4281
4282
4283
4284
4285
4286
4287
4288
4289
4290
4291
4292
4293
4294
4295
4296
4297
4298
4299
4300
4301
4302
4303
4304
4305
4306
4307
4308
4309
4310
4311
4312
4313
4314
4315
4316
4317
4318
4319
4320
4321
4322
4323
4324
4325
4326
4327
4328
4329
4330
4331
4332
4333
4334
4335
4336
4337
4338
4339
4340
4341
4342
4343
4344
4345
4346
4347
4348
4349
4350
4351
4352
4353
4354
4355
4356
4357
4358
4359
4360
4361
4362
4363
4364
4365
4366
4367
4368
4369
4370
4371
4372
4373
4374
4375
4376
4377
4378
4379
4380
4381
4382
4383
4384
4385
4386
4387
4388
4389
4390
4391
4392
4393
4394
4395
4396
4397
4398
4399
4400
4401
4402
4403
4404
4405
4406
4407
4408
4409
4410
4411
4412
4413
4414
4415
4416
4417
4418
4419
4420
4421
4422
4423
4424
4425
4426
4427
4428
4429
4430
4431
4432
4433
4434
4435
4436
4437
4438
4439
4440
4441
4442
4443
4444
4445
4446
4447
4448
4449
4450
4451
4452
4453
4454
4455
4456
4457
4458
4459
4460
4461
4462
4463
4464
4465
4466
4467
4468
4469
4470
4471
4472
4473
4474
4475
4476
4477
4478
4479
4480
4481
4482
4483
4484
4485
4486
4487
4488
4489
4490
4491
4492
4493
4494
4495
4496
4497
4498
4499
4500
4501
4502
4503
4504
4505
4506
4507
4508
4509
4510
4511
4512
4513
4514
4515
4516
4517
4518
4519
4520
4521
4522
4523
4524
4525
4526
4527
4528
4529
4530
4531
4532
4533
4534
4535
4536
4537
4538
4539
4540
4541
4542
4543
4544
4545
4546
4547
4548
4549
4550
4551
4552
4553
4554
4555
4556
4557
4558
4559
4560
4561
4562
4563
4564
4565
4566
4567
4568
4569
4570
4571
4572
4573
4574
4575
4576
4577
4578
4579
4580
4581
4582
4583
4584
4585
4586
4587
4588
4589
4590
4591
4592
4593
4594
4595
4596
4597
4598
4599
4600
4601
4602
4603
4604
4605
4606
4607
4608
4609
4610
4611
4612
4613
4614
4615
4616
4617
4618
4619
4620
4621
4622
4623
4624
4625
4626
4627
4628
4629
4630
4631
4632
4633
4634
4635
4636
4637
4638
4639
4640
4641
4642
4643
4644
4645
4646
4647
4648
4649
4650
4651
4652
4653
4654
4655
4656
4657
4658
4659
4660
4661
4662
4663
4664
4665
4666
4667
4668
4669
4670
4671
4672
4673
4674
4675
4676
4677
4678
4679
4680
4681
4682
4683
4684
4685
4686
4687
4688
4689
4690
4691
4692
4693
4694
4695
4696
4697
4698
4699
4700
4701
4702
4703
4704
4705
4706
4707
4708
4709
4710
4711
4712
4713
4714
4715
4716
4717
4718
4719
4720
4721
4722
4723
4724
4725
4726
4727
4728
4729
4730
4731
4732
4733
4734
4735
4736
4737
4738
4739
4740
4741
4742
4743
4744
4745
4746
4747
4748
4749
4750
4751
4752
4753
4754
4755
4756
4757
4758
4759
4760
4761
4762
4763
4764
4765
4766
4767
4768
4769
4770
4771
4772
4773
4774
4775
4776
4777
4778
4779
4780
4781
4782
4783
4784
4785
4786
4787
4788
4789
4790
4791
4792
4793
4794
4795
4796
4797
4798
4799
4800
4801
4802
4803
4804
4805
4806
4807
4808
4809
4810
4811
4812
4813
4814
4815
4816
4817
4818
4819
4820
4821
4822
4823
4824
4825
4826
4827
4828
4829
4830
4831
4832
4833
4834
4835
4836
4837
4838
4839
4840
4841
4842
4843
4844
4845
4846
4847
4848
4849
4850
4851
4852
4853
4854
4855
4856
4857
4858
4859
4860
4861
4862
4863
4864
4865
4866
4867
4868
4869
4870
4871
4872
4873
4874
4875
4876
4877
4878
4879
4880
4881
4882
4883
4884
4885
4886
4887
4888
4889
4890
4891
4892
4893
4894
4895
4896
4897
4898
4899
4900
4901
4902
4903
4904
4905
4906
4907
4908
4909
4910
4911
4912
4913
4914
4915
4916
4917
4918
4919
4920
4921
4922
4923
4924
4925
4926
4927
4928
4929
4930
4931
4932
4933
4934
4935
4936
4937
4938
4939
4940
4941
4942
4943
4944
4945
4946
4947
4948
4949
4950
4951
4952
4953
4954
4955
4956
4957
4958
4959
4960
4961
4962
4963
4964
4965
4966
4967
4968
4969
4970
4971
4972
4973
4974
4975
4976
4977
4978
4979
4980
4981
4982
4983
4984
4985
4986
4987
4988
4989
4990
4991
4992
4993
4994
4995
4996
4997
4998
4999
5000
5001
5002
5003
5004
5005
5006
5007
5008
5009
5010
5011
5012
5013
5014
5015
5016
5017
5018
5019
5020
5021
5022
5023
5024
5025
5026
5027
5028
5029
5030
5031
5032
5033
5034
5035
5036
5037
5038
5039
5040
5041
5042
5043
5044
5045
5046
5047
5048
5049
5050
5051
5052
5053
5054
5055
5056
5057
5058
5059
5060
5061
5062
5063
5064
5065
5066
5067
5068
5069
5070
5071
5072
5073
5074
5075
5076
5077
5078
5079
5080
5081
5082
5083
5084
5085
5086
5087
5088
5089
5090
5091
5092
5093
5094
5095
5096
5097
5098
5099
5100
5101
5102
5103
5104
5105
5106
5107
5108
5109
5110
5111
5112
5113
5114
5115
5116
5117
5118
5119
5120
5121
5122
5123
5124
5125
5126
5127
5128
5129
5130
5131
5132
5133
5134
5135
5136
5137
5138
5139
5140
5141
5142
5143
5144
5145
5146
5147
5148
5149
5150
5151
5152
5153
5154
5155
5156
5157
5158
5159
5160
5161
5162
5163
5164
5165
5166
5167
5168
5169
5170
5171
5172
5173
5174
5175
5176
5177
5178
5179
5180
5181
5182
5183
5184
5185
5186
5187
5188
5189
5190
5191
5192
5193
5194
5195
5196
5197
5198
5199
5200
5201
5202
5203
5204
5205
5206
5207
5208
5209
5210
5211
5212
5213
5214
5215
5216
5217
5218
5219
5220
5221
5222
5223
5224
5225
5226
5227
5228
5229
5230
5231
5232
5233
5234
5235
5236
5237
5238
5239
5240
5241
5242
5243
5244
5245
5246
5247
5248
5249
5250
5251
5252
5253
5254
5255
5256
5257
5258
5259
5260
5261
5262
5263
5264
5265
5266
5267
5268
5269
5270
5271
5272
5273
5274
5275
5276
5277
5278
5279
5280
5281
5282
5283
5284
5285
5286
5287
5288
5289
5290
5291
5292
5293
5294
5295
5296
5297
5298
5299
5300
5301
5302
5303
5304
5305
5306
5307
5308
5309
5310
5311
5312
5313
5314
5315
5316
5317
5318
5319
5320
5321
5322
5323
5324
5325
5326
5327
5328
5329
5330
5331
5332
5333
5334
5335
5336
5337
5338
5339
5340
5341
5342
5343
5344
5345
5346
5347
5348
5349
5350
5351
5352
5353
5354
5355
5356
5357
5358
5359
5360
5361
5362
5363
5364
5365
5366
5367
5368
5369
5370
5371
5372
5373
5374
5375
5376
5377
5378
5379
5380
5381
5382
5383
5384
5385
5386
5387
5388
5389
5390
5391
5392
5393
5394
5395
5396
5397
5398
5399
5400
5401
5402
5403
5404
5405
5406
5407
5408
5409
5410
5411
5412
5413
5414
5415
5416
5417
5418
5419
5420
5421
5422
5423
5424
5425
5426
5427
5428
5429
5430
5431
5432
5433
5434
5435
5436
5437
5438
5439
5440
5441
5442
5443
5444
5445
5446
5447
5448
5449
5450
5451
5452
5453
5454
5455
5456
5457
5458
5459
5460
5461
5462
5463
5464
5465
5466
5467
5468
5469
5470
5471
5472
5473
5474
5475
5476
5477
5478
5479
5480
5481
5482
5483
5484
5485
5486
5487
5488
5489
5490
5491
5492
5493
5494
5495
5496
5497
5498
5499
5500
5501
5502
5503
5504
5505
5506
5507
5508
5509
5510
5511
5512
5513
5514
5515
5516
5517
5518
5519
5520
5521
5522
5523
5524
5525
5526
5527
5528
5529
5530
5531
5532
5533
5534
5535
5536
5537
5538
5539
5540
5541
5542
5543
5544
5545
5546
5547
5548
5549
5550
5551
5552
5553
5554
5555
5556
5557
5558
5559
5560
5561
5562
5563
5564
5565
5566
5567
5568
5569
5570
5571
5572
5573
5574
5575
5576
5577
5578
5579
5580
5581
5582
5583
5584
5585
5586
5587
5588
5589
5590
5591
5592
5593
5594
5595
5596
5597
5598
5599
5600
5601
5602
5603
5604
5605
5606
5607
5608
5609
5610
5611
5612
5613
5614
5615
5616
5617
5618
5619
5620
5621
5622
5623
5624
5625
5626
5627
5628
5629
5630
5631
5632
5633
5634
5635
5636
5637
5638
5639
5640
5641
5642
5643
5644
5645
5646
5647
5648
5649
5650
5651
5652
5653
5654
5655
5656
5657
5658
5659
5660
5661
5662
5663
5664
5665
5666
5667
5668
5669
5670
5671
5672
5673
5674
5675
5676
5677
5678
5679
5680
5681
5682
5683
5684
5685
5686
5687
5688
5689
5690
5691
5692
5693
5694
5695
5696
5697
5698
5699
5700
5701
5702
5703
5704
5705
5706
5707
5708
5709
5710
5711
5712
5713
5714
5715
5716
5717
5718
5719
5720
5721
5722
5723
5724
5725
5726
5727
5728
5729
5730
5731
5732
5733
5734
5735
5736
5737
5738
5739
5740
5741
5742
5743
5744
5745
5746
5747
5748
5749
5750
5751
5752
5753
5754
5755
5756
5757
5758
5759
5760
5761
5762
5763
5764
5765
5766
5767
5768
5769
5770
5771
5772
5773
5774
5775
5776
5777
5778
5779
5780
5781
5782
5783
5784
5785
5786
5787
5788
5789
5790
5791
5792
5793
5794
5795
5796
5797
5798
5799
5800
5801
5802
5803
5804
5805
5806
5807
5808
5809
5810
5811
5812
5813
5814
5815
5816
5817
5818
5819
5820
5821
5822
5823
5824
5825
5826
5827
5828
5829
5830
5831
5832
5833
5834
5835
5836
5837
5838
5839
5840
5841
5842
5843
5844
5845
5846
5847
5848
5849
5850
5851
5852
5853
5854
5855
5856
5857
5858
5859
5860
5861
5862
5863
5864
5865
5866
5867
5868
5869
5870
5871
5872
5873
5874
5875
5876
5877
5878
5879
5880
5881
5882
5883
5884
5885
5886
5887
5888
5889
5890
5891
5892
5893
5894
5895
5896
5897
5898
5899
5900
5901
5902
5903
5904
5905
5906
5907
5908
5909
5910
5911
5912
5913
5914
5915
5916
5917
5918
5919
5920
5921
5922
5923
5924
5925
5926
5927
5928
5929
5930
5931
5932
5933
5934
5935
5936
5937
5938
5939
5940
5941
5942
5943
5944
5945
5946
5947
5948
5949
5950
5951
5952
5953
5954
5955
5956
5957
5958
5959
5960
5961
5962
5963
5964
5965
5966
5967
5968
5969
5970
5971
5972
5973
5974
5975
5976
5977
5978
5979
5980
5981
5982
5983
5984
5985
5986
5987
5988
5989
5990
5991
5992
5993
5994
5995
5996
5997
5998
5999
6000
6001
6002
6003
6004
6005
6006
6007
6008
6009
6010
6011
6012
6013
6014
6015
6016
6017
6018
6019
6020
6021
6022
6023
6024
6025
6026
6027
6028
6029
6030
6031
6032
6033
6034
6035
6036
6037
6038
6039
6040
6041
6042
6043
6044
6045
6046
6047
6048
6049
6050
6051
6052
6053
6054
6055
6056
6057
6058
6059
6060
6061
6062
6063
6064
6065
6066
6067
6068
6069
6070
6071
6072
6073
6074
6075
6076
6077
6078
6079
6080
6081
6082
6083
6084
6085
6086
6087
6088
6089
6090
6091
6092
6093
6094
6095
6096
6097
6098
6099
6100
6101
6102
6103
6104
6105
6106
6107
6108
6109
6110
6111
6112
6113
6114
6115
6116
6117
6118
6119
6120
6121
6122
6123
6124
6125
6126
6127
6128
6129
6130
6131
6132
6133
6134
6135
6136
6137
6138
6139
6140
6141
6142
6143
6144
6145
6146
6147
6148
6149
6150
6151
6152
6153
6154
6155
6156
6157
6158
6159
6160
6161
6162
6163
6164
6165
6166
6167
6168
6169
6170
6171
6172
6173
6174
6175
6176
6177
6178
6179
6180
6181
6182
6183
6184
6185
6186
6187
6188
6189
6190
6191
6192
6193
6194
6195
6196
6197
6198
6199
6200
6201
6202
6203
6204
6205
6206
6207
6208
6209
6210
6211
6212
6213
6214
6215
6216
6217
6218
6219
6220
6221
6222
6223
6224
6225
6226
6227
6228
6229
6230
6231
6232
6233
6234
6235
6236
6237
6238
6239
6240
6241
6242
6243
6244
6245
6246
6247
6248
6249
6250
6251
6252
6253
6254
6255
6256
6257
6258
6259
6260
6261
6262
6263
6264
6265
6266
6267
6268
6269
6270
6271
6272
6273
6274
6275
6276
6277
6278
6279
6280
6281
6282
6283
6284
6285
6286
6287
6288
6289
6290
6291
6292
6293
6294
6295
6296
6297
6298
6299
6300
6301
6302
6303
6304
6305
6306
6307
6308
6309
6310
6311
6312
6313
6314
6315
6316
6317
6318
6319
6320
6321
6322
6323
6324
6325
6326
6327
6328
6329
6330
6331
6332
6333
6334
6335
6336
6337
6338
6339
6340
6341
6342
6343
6344
6345
6346
6347
6348
6349
6350
6351
6352
6353
6354
6355
6356
6357
6358
6359
6360
6361
6362
6363
6364
6365
6366
6367
6368
6369
6370
6371
6372
6373
6374
6375
6376
6377
6378
6379
6380
6381
6382
6383
6384
6385
6386
6387
6388
6389
6390
6391
6392
6393
6394
6395
6396
6397
6398
6399
6400
6401
6402
6403
6404
6405
6406
6407
6408
6409
6410
6411
6412
6413
6414
6415
6416
6417
6418
6419
6420
6421
6422
6423
6424
6425
6426
6427
6428
6429
6430
6431
6432
6433
6434
6435
6436
6437
6438
6439
6440
6441
6442
6443
6444
6445
6446
6447
6448
6449
6450
6451
6452
6453
6454
6455
6456
6457
6458
6459
6460
6461
6462
6463
6464
6465
6466
6467
6468
6469
6470
6471
6472
6473
6474
6475
6476
6477
6478
6479
6480
6481
6482
6483
6484
6485
6486
6487
6488
6489
6490
6491
6492
6493
6494
6495
6496
6497
6498
6499
6500
6501
6502
6503
6504
6505
6506
6507
6508
6509
6510
6511
6512
6513
6514
6515
6516
6517
6518
6519
6520
6521
6522
6523
6524
6525
6526
6527
6528
6529
6530
6531
6532
6533
6534
6535
6536
6537
6538
6539
6540
6541
6542
6543
6544
6545
6546
6547
6548
6549
6550
6551
6552
6553
6554
6555
6556
6557
6558
6559
6560
6561
6562
6563
6564
6565
6566
6567
6568
6569
6570
6571
6572
6573
6574
6575
6576
6577
6578
6579
6580
6581
6582
6583
6584
6585
6586
6587
6588
6589
6590
6591
6592
6593
6594
6595
6596
6597
6598
6599
6600
6601
6602
6603
6604
6605
6606
6607
6608
6609
6610
6611
6612
6613
6614
6615
6616
6617
6618
6619
6620
6621
6622
6623
6624
6625
6626
6627
6628
6629
6630
6631
6632
6633
6634
6635
6636
6637
6638
6639
6640
6641
6642
6643
6644
6645
6646
6647
6648
6649
6650
0.2711467202768552 -0.3047404954229831 0
0.3138371100392875 -0.3045773049607313 0
0.357937127760138 -0.3036600620177289 0
0.4030725608276909 -0.3020553558055841 0
0.4488588799918123 -0.2998429058029836 0
0.494905928745049 -0.2971080587459327 0
0.5289434725032445 -0.2948346467890425 0
0.5589528378972299 -0.292669090597434 0
0.5889622032912156 -0.2903515984582114 0
0.6189715686852013 -0.2878924870097932 0
0.6489809340791872 -0.2852973835094981 0
0.678990299473173 -0.2825747288433049 0
0.7089996648671596 -0.2797263987636533 0
0.7390090302611467 -0.2767580205278624 0
0.7690183956551342 -0.2736686562597122 0
0.7990277610491214 -0.2704601817116423 0
0.8290371264431088 -0.2671288453787735 0
0.8590464918370962 -0.2636727715086659 0
0.8890558572310838 -0.2600882085964406 0
0.919065222625071 -0.2563685915085585 0
0.9490745880190585 -0.2525064172352605 0
0.979083953413046 -0.2484951206430083 0
1.007450710738341 -0.2484951206430085 0
1.035817468063672 -0.2484951206430087 0
1.064184225389024 -0.248495120643009 0
1.092550982714376 -0.2484951206430092 0
1.120917740039701 -0.2484951206430093 0
1.149284497364994 -0.2484951206430095 0
1.177651254690254 -0.2484951206430097 0
1.206018012015487 -0.2484951206430099 0
1.234384769340761 -0.2484951206430101 0
1.262751526666071 -0.2484951206430103 0
1.291118283991422 -0.2484951206430105 0
1.319485041316775 -0.2484951206430107 0
1.347851798642128 -0.2484951206430108 0
1.376218555967482 -0.248495120643011 0
1.404585313292836 -0.2484951206430113 0
1.43295207061819 -0.2484951206430114 0
1.461318827943543 -0.2484951206430117 0
1.489685585268897 -0.2484951206430118 0
1.518052342594251 -0.248495120643012 0
1.546419099919605 -0.2484951206430122 0
1.574785857244951 -0.2484951206430124 0
1.603152614570275 -0.2484951206430127 0
1.631519371895548 -0.2484951206430129 0
1.6598861292208 -0.248495120643013 0
1.688252886546036 -0.2484951206430132 0
1.716619643871272 -0.2484951206430133 0
1.744986401196508 -0.2484951206430136 0
1.773353158521745 -0.2484951206430138 0
1.80171991584698 -0.248495120643014 0
1.830086673172217 -0.2484951206430142 0
1.858453430497453 -0.2484951206430144 0
1.886820187822689 -0.2484951206430146 0
1.915186945147925 -0.2484951206430148 0
1.943553702473162 -0.2484951206430149 0
1.971920459798423 -0.2484951206430152 0
2.00028721712372 -0.2484951206430153 0
2.028653974449075 -0.2484951206430155 0
2.057020731774429 -0.2484951206430157 0
2.085387489099782 -0.248495120643016 0
2.113754246425136 -0.2484951206430162 0
2.14212100375049 -0.2484951206430164 0
2.170487761075844 -0.2484951206430165 0
2.198854518401198 -0.2484951206430168 0
2.227221275726551 -0.2484951206430169 0
2.255588033051906 -0.248495120643017 0
2.283954790377259 -0.2484951206430173 0
2.312321547702613 -0.2484951206430175 0
2.340688305027967 -0.2484951206430178 0
2.369055062353321 -0.2484951206430178 0
2.397421819678674 -0.248495120643018 0
2.425788577004028 -0.2484951206430183 0
2.454155334329382 -0.2484951206430184 0
2.482522091654736 -0.2484951206430187 0
2.51088884898009 -0.2484951206430188 0
2.539255606305443 -0.248495120643019 0
2.567622363630798 -0.2484951206430192 0
2.59598912095615 -0.2484951206430194 0
2.624355878281505 -0.2484951206430197 0
2.652722635606859 -0.2484951206430198 0
2.681089392932213 -0.24849512064302 0
2.709456150257566 -0.2484951206430202 0
2.737822907582919 -0.2484951206430204 0
2.766189664908273 -0.2484951206430206 0
2.794556422233627 -0.2484951206430208 0
2.822923179558981 -0.2484951206430209 0
2.851289936884335 -0.2484951206430211 0
2.879656694209689 -0.2484951206430213 0
2.908023451535042 -0.2484951206430216 0
2.936390208860397 -0.2484951206430219 0
2.964756966185749 -0.2484951206430219 0
2.993123723511104 -0.2484951206430221 0
3.021490480836457 -0.2484951206430224 0
3.049857238161811 -0.2484951206430225 0
3.078223995487166 -0.2484951206430227 0
3.106590752812518 -0.2484951206430229 0
3.134957510137873 -0.2484951206430231 0
3.16332426746323 -0.2484951206430234 0
3.191691024788591 -0.2484951206430236 0
3.220057782113954 -0.2484951206430238 0
3.248424539439322 -0.2484951206430239 0
3.27679129676469 -0.248495120643024 0
3.305158054090059 -0.2484951206430243 0
3.333524811415425 -0.2484951206430245 0
3.361891568740793 -0.2484951206430248 0
3.390258326066161 -0.2484951206430248 0
3.418625083391528 -0.2484951206430251 0
3.446991840716896 -0.2484951206430253 0
3.475358598042263 -0.2484951206430255 0
3.503725355367631 -0.2484951206430256 0
3.532092112692998 -0.2484951206430259 0
3.560458870018367 -0.248495120643026 0
3.588825627343734 -0.2484951206430263 0
3.617192384669103 -0.2484951206430264 0
3.64555914199447 -0.2484951206430267 0
3.673925899319838 -0.2484951206430268 0
3.702292656645207 -0.2484951206430271 0
3.730659413970573 -0.2484951206430273 0
3.759026171295942 -0.2484951206430274 0
3.78739292862131 -0.2484951206430276 0
3.815759685946678 -0.2484951206430278 0
3.844126443272045 -0.248495120643028 0
3.872493200597413 -0.2484951206430281 0
3.900859957922781 -0.2484951206430283 0
3.929226715248149 -0.2484951206430286 0
3.957593472573517 -0.2484951206430288 0
3.985960229898883 -0.248495120643029 0
4.014326987224254 -0.2484951206430291 0
4.04269374454962 -0.2484951206430294 0
4.071060501874988 -0.2484951206430296 0
4.099427259200355 -0.2484951206430298 0
4.127794016525724 -0.2484951206430299 0
4.156160773851092 -0.2484951206430301 0
4.184527531176458 -0.2484951206430303 0
4.212894288501827 -0.2484951206430306 0
4.241261045827197 -0.2484951206430307 0
4.269627803152563 -0.248495120643031 0
4.297994560477931 -0.2484951206430311 0
4.326361317803298 -0.2484951206430313 0
4.354728075128666 -0.2484951206430315 0
4.383094832454034 -0.2484951206430318 0
4.411461589779402 -0.2484951206430319 0
4.43982834710477 -0.2484951206430321 0
4.468195104430138 -0.2484951206430323 0
4.496561861755506 -0.2484951206430325 0
4.524928619080872 -0.2484951206430326 0
4.55329537640624 -0.2484951206430329 0
4.581662133731609 -0.248495120643033 0
4.610028891056977 -0.2484951206430332 0
4.638395648382346 -0.2484951206430334 0
4.666762405707711 -0.2484951206430337 0
4.69512916303308 -0.2484951206430339 0
4.723495920358448 -0.248495120643034 0
4.751862677683818 -0.2484951206430343 0
4.780229435009185 -0.2484951206430345 0
4.808596192334551 -0.2484951206430346 0
4.83696294965992 -0.2484951206430348 0
4.865329706985286 -0.248495120643035 0
4.893696464310656 -0.2484951206430352 0
4.922063221636022 -0.2484951206430354 0
4.95042997896139 -0.2484951206430356 0
4.978796736286758 -0.2484951206430359 0
5.007163493612127 -0.248495120643036 0
5.035530250937494 -0.2484951206430361 0
5.063897008262861 -0.2484951206430364 0
5.09226376558823 -0.2484951206430365 0
5.120630522913597 -0.2484951206430368 0
5.148997280238967 -0.2484951206430369 0
5.177364037564333 -0.2484951206430372 0
5.205730794889702 -0.2484951206430373 0
5.234097552215069 -0.2484951206430376 0
5.262464309540436 -0.2484951206430377 0
5.290831066865805 -0.2484951206430379 0
5.319197824191172 -0.248495120643038 0
5.347564581516539 -0.2484951206430383 0
5.375931338841908 -0.2484951206430385 0
5.404298096167277 -0.2484951206430387 0
5.432664853492643 -0.2484951206430389 0
5.461031610818011 -0.2484951206430391 0
5.489398368143379 -0.2484951206430394 0
5.517765125468747 -0.2484951206430395 0
5.546131882794115 -0.2484951206430396 0
5.574498640119483 -0.2484951206430399 0
5.602865397444851 -0.24849512064304 0
5.63123215477022 -0.2484951206430402 0
5.659598912095585 -0.2484951206430405 0
5.687965669420953 -0.2484951206430407 0
5.716332426746321 -0.2484951206430409 0
5.744699184071688 -0.248495120643041 0
5.773065941397058 -0.2484951206430412 0
5.801432698722424 -0.2484951206430415 0
5.829799456047793 -0.2484951206430416 0
5.858166213373162 -0.2484951206430418 0
5.886532970698529 -0.248495120643042 0
5.914899728023896 -0.2484951206430422 0
5.943266485349264 -0.2484951206430424 0
5.971633242674633 -0.2484951206430426 0
0.2550238077526538 -0.5519576858588447 0
0.2968752811749433 -0.5518054130297219 0
0.3400420767936314 -0.5509495347143021 0
0.3841750172591747 -0.5494521852279173 0
0.4289152987788103 -0.5473877507227262 0
0.4738988667725636 -0.5448358681380978 0
0.5076763797264744 -0.5427145501047855 0
0.5376952041683877 -0.5406938721596874 0
0.5677140286103011 -0.5385314229598872 0
0.5977328530522146 -0.5362368289486061 0
0.6277516774941281 -0.533815340913055 0
0.6577705019360425 -0.5312748350340509 0
0.6877893263779576 -0.5286170615739969 0
0.7178081508198737 -0.5258472713201048 0
0.7478269752617908 -0.5229645891411723 0
0.7778457997037073 -0.5199707652996037 0
0.8078646241456242 -0.516862299270591 0
0.8378834485875413 -0.5136374407917305 0
0.8679022730294582 -0.5102926893382149 0
0.8979210974713749 -0.5068219189916313 0
0.9279399219132918 -0.5032181287023648 0
0.9579587463552088 -0.499475192552002 0
0.9864448551328034 -0.499475192552003 0
1.014930963910431 -0.4994751925520039 0
1.043417072688078 -0.4994751925520051 0
1.071903181465722 -0.499475192552006 0
1.100389290243342 -0.4994751925520071 0
1.128875399020932 -0.4994751925520079 0
1.15736150779849 -0.4994751925520089 0
1.185847616576022 -0.49947519255201 0
1.214333725353594 -0.4994751925520108 0
1.242819834131199 -0.4994751925520118 0
1.271305942908842 -0.4994751925520127 0
1.299792051686489 -0.4994751925520138 0
1.328278160464138 -0.4994751925520147 0
1.356764269241787 -0.4994751925520156 0
1.385250378019437 -0.4994751925520166 0
1.413736486797086 -0.4994751925520174 0
1.442222595574736 -0.4994751925520184 0
1.470708704352385 -0.4994751925520197 0
1.499194813130035 -0.4994751925520206 0
1.527680921907684 -0.4994751925520213 0
1.556167030685327 -0.4994751925520224 0
1.584653139462949 -0.4994751925520234 0
1.613139248240523 -0.4994751925520244 0
1.641625357018076 -0.4994751925520254 0
1.670111465795616 -0.4994751925520264 0
1.698597574573155 -0.4994751925520273 0
1.727083683350696 -0.4994751925520283 0
1.755569792128236 -0.4994751925520292 0
1.784055900905775 -0.4994751925520302 0
1.812542009683315 -0.4994751925520313 0
1.841028118460855 -0.4994751925520322 0
1.869514227238395 -0.499475192552033 0
1.898000336015934 -0.499475192552034 0
1.926486444793474 -0.4994751925520351 0
1.954972553571038 -0.499475192552036 0
1.983458662348634 -0.499475192552037 0
2.011944771126284 -0.499475192552038 0
2.040430879903934 -0.4994751925520391 0
2.068916988681584 -0.4994751925520399 0
2.097403097459233 -0.4994751925520411 0
2.125889206236883 -0.499475192552042 0
2.154375315014532 -0.4994751925520428 0
2.182861423792182 -0.4994751925520439 0
2.211347532569832 -0.4994751925520449 0
2.239833641347481 -0.4994751925520458 0
2.26831975012513 -0.4994751925520468 0
2.296805858902779 -0.4994751925520478 0
2.325291967680429 -0.4994751925520489 0
2.353778076458079 -0.4994751925520495 0
2.382264185235728 -0.4994751925520509 0
2.410750294013379 -0.4994751925520517 0
2.439236402791027 -0.4994751925520526 0
2.467722511568677 -0.4994751925520536 0
2.496208620346327 -0.4994751925520545 0
2.524694729123975 -0.4994751925520555 0
2.553180837901625 -0.4994751925520565 0
2.581666946679275 -0.4994751925520576 0
2.610153055456924 -0.4994751925520584 0
2.638639164234573 -0.4994751925520595 0
2.667125273012223 -0.4994751925520604 0
2.695611381789873 -0.4994751925520612 0
2.724097490567522 -0.4994751925520624 0
2.752583599345171 -0.4994751925520633 0
2.781069708122821 -0.4994751925520643 0
2.80955581690047 -0.4994751925520653 0
2.83804192567812 -0.4994751925520662 0
2.86652803445577 -0.4994751925520671 0
2.895014143233419 -0.4994751925520682 0
2.923500252011069 -0.499475192552069 0
2.951986360788718 -0.4994751925520702 0
2.980472469566367 -0.4994751925520711 0
3.008958578344017 -0.4994751925520721 0
3.037444687121666 -0.4994751925520731 0
3.065930795899315 -0.4994751925520741 0
3.094416904676965 -0.499475192552075 0
3.122903013454614 -0.499475192552076 0
3.151389122232271 -0.4994751925520768 0
3.179875231009934 -0.499475192552078 0
3.208361339787605 -0.4994751925520788 0
3.236847448565281 -0.4994751925520797 0
3.26533355734296 -0.4994751925520808 0
3.293819666120637 -0.4994751925520818 0
3.322305774898314 -0.4994751925520828 0
3.350791883675992 -0.4994751925520837 0
3.379277992453669 -0.4994751925520847 0
3.407764101231345 -0.4994751925520855 0
3.436250210009024 -0.4994751925520866 0
3.4647363187867 -0.4994751925520877 0
3.493222427564378 -0.4994751925520884 0
3.521708536342055 -0.4994751925520895 0
3.550194645119733 -0.4994751925520906 0
3.57868075389741 -0.4994751925520914 0
3.607166862675089 -0.4994751925520924 0
3.635652971452767 -0.4994751925520935 0
3.664139080230444 -0.4994751925520945 0
3.692625189008122 -0.4994751925520954 0
3.721111297785799 -0.4994751925520962 0
3.749597406563476 -0.4994751925520973 0
3.778083515341153 -0.4994751925520983 0
3.80656962411883 -0.4994751925520993 0
3.835055732896508 -0.4994751925521002 0
3.863541841674186 -0.4994751925521013 0
3.892027950451864 -0.499475192552102 0
3.92051405922954 -0.499475192552103 0
3.94900016800722 -0.4994751925521042 0
3.977486276784895 -0.4994751925521052 0
4.005972385562574 -0.4994751925521062 0
4.034458494340251 -0.499475192552107 0
4.06294460311793 -0.4994751925521078 0
4.091430711895606 -0.4994751925521089 0
4.119916820673282 -0.4994751925521099 0
4.148402929450961 -0.499475192552111 0
4.176889038228638 -0.4994751925521118 0
4.205375147006317 -0.4994751925521129 0
4.233861255783995 -0.4994751925521137 0
4.262347364561671 -0.4994751925521148 0
4.290833473339347 -0.4994751925521159 0
4.319319582117025 -0.4994751925521168 0
4.347805690894704 -0.4994751925521179 0
4.376291799672381 -0.4994751925521188 0
4.40477790845006 -0.4994751925521196 0
4.433264017227736 -0.4994751925521206 0
4.461750126005416 -0.4994751925521217 0
4.490236234783092 -0.4994751925521227 0
4.51872234356077 -0.4994751925521236 0
4.547208452338446 -0.4994751925521246 0
4.575694561116124 -0.4994751925521257 0
4.604180669893801 -0.4994751925521265 0
4.632666778671478 -0.4994751925521276 0
4.661152887449158 -0.4994751925521284 0
4.689638996226835 -0.4994751925521295 0
4.71812510500451 -0.4994751925521302 0
4.74661121378219 -0.4994751925521312 0
4.775097322559867 -0.4994751925521324 0
4.803583431337543 -0.4994751925521334 0
4.832069540115223 -0.4994751925521344 0
4.860555648892898 -0.4994751925521352 0
4.889041757670577 -0.499475192552136 0
4.917527866448253 -0.4994751925521371 0
4.946013975225932 -0.4994751925521381 0
4.974500084003608 -0.4994751925521392 0
5.002986192781287 -0.49947519255214 0
5.031472301558964 -0.4994751925521411 0
5.059958410336641 -0.4994751925521419 0
5.088444519114319 -0.499475192552143 0
5.116930627891996 -0.499475192552144 0
5.145416736669675 -0.499475192552145 0
5.173902845447353 -0.4994751925521459 0
5.202388954225029 -0.4994751925521469 0
5.230875063002706 -0.4994751925521477 0
5.259361171780385 -0.4994751925521488 0
5.287847280558063 -0.4994751925521498 0
5.31633338933574 -0.4994751925521507 0
5.344819498113417 -0.4994751925521517 0
5.373305606891093 -0.4994751925521528 0
5.401791715668772 -0.4994751925521536 0
5.43027782444645 -0.4994751925521547 0
5.458763933224128 -0.4994751925521557 0
5.487250042001806 -0.4994751925521568 0
5.515736150779483 -0.4994751925521576 0
5.544222259557159 -0.4994751925521584 0
5.572708368334838 -0.4994751925521594 0
5.601194477112516 -0.4994751925521604 0
5.629680585890193 -0.4994751925521616 0
5.658166694667869 -0.4994751925521623 0
5.686652803445548 -0.4994751925521634 0
5.715138912223225 -0.4994751925521642 0
5.743625021000904 -0.4994751925521652 0
5.77211112977858 -0.4994751925521663 0
5.800597238556257 -0.4994751925521673 0
5.829083347333933 -0.4994751925521684 0
5.857569456111613 -0.4994751925521692 0
5.886055564889291 -0.4994751925521702 0
5.914541673666966 -0.4994751925521711 0
5.943027782444645 -0.4994751925521722 0
5.971513891222323 -0.4994751925521731 0
0.2387396660988746 -0.8016470482655383 0
0.2797438340173938 -0.8015058022458812 0
0.321968075312646 -0.800711902204339 0
0.3650884982498895 -0.7993229830110035 0
0.4087722817483123 -0.7974080441582377 0
0.4526817341747006 -0.7950409556908086 0
0.4861966160162136 -0.7930732525203524 0
0.5162249940965364 -0.7911989016042706 0
0.5462533721768593 -0.7891930457733313 0
0.5762817502571824 -0.7870646143736046 0
0.6063101283375053 -0.7848184779574939 0
0.6363385064178295 -0.7824619423536011 0
0.6663668844981554 -0.7799966310793942 0
0.6963952625784822 -0.7774274146872753 0
0.7264236406588105 -0.7747534814185106 0
0.7564520187391386 -0.7719764547905675 0
0.7864803968194667 -0.7690930877685112 0
0.8165087748997951 -0.7661017568348747 0
0.8465371529801231 -0.7629992149547227 0
0.8765655310604514 -0.7597797798169196 0
0.9065939091407794 -0.7564369573515961 0
0.9366222872211079 -0.752965065247616 0
0.965228940965557 -0.7529650652476194 0
0.9938355947100361 -0.7529650652476233 0
1.022442248454533 -0.752965065247627 0
1.051048902199025 -0.7529650652476304 0
1.079655555943495 -0.752965065247634 0
1.108262209687935 -0.7529650652476375 0
1.136868863432346 -0.7529650652476408 0
1.165475517176735 -0.7529650652476445 0
1.194082170921158 -0.7529650652476481 0
1.222688824665613 -0.7529650652476517 0
1.251295478410105 -0.7529650652476552 0
1.2799021321546 -0.7529650652476589 0
1.308508785899099 -0.7529650652476625 0
1.337115439643599 -0.7529650652476658 0
1.3657220933881 -0.7529650652476694 0
1.3943287471326 -0.7529650652476729 0
1.4229354008771 -0.7529650652476766 0
1.451542054621601 -0.75296506524768 0
1.480148708366101 -0.7529650652476837 0
1.508755362110601 -0.7529650652476871 0
1.537362015855095 -0.7529650652476909 0
1.56596866959957 -0.7529650652476944 0
1.594575323344 -0.7529650652476982 0
1.623181977088411 -0.7529650652477016 0
1.65178863083281 -0.7529650652477051 0
1.680395284577208 -0.7529650652477085 0
1.709001938321607 -0.7529650652477121 0
1.737608592066006 -0.7529650652477159 0
1.766215245810404 -0.7529650652477192 0
1.794821899554803 -0.7529650652477231 0
1.823428553299201 -0.7529650652477266 0
1.8520352070436 -0.7529650652477302 0
1.880641860787998 -0.7529650652477334 0
1.909248514532397 -0.7529650652477372 0
1.937855168276817 -0.7529650652477408 0
1.966461822021268 -0.7529650652477444 0
1.995068475765769 -0.7529650652477481 0
2.023675129510269 -0.7529650652477515 0
2.052281783254769 -0.752965065247755 0
2.08088843699927 -0.7529650652477586 0
2.10949509074377 -0.7529650652477623 0
2.13810174448827 -0.7529650652477659 0
2.166708398232771 -0.7529650652477692 0
2.195315051977271 -0.7529650652477726 0
2.223921705721772 -0.7529650652477767 0
2.252528359466273 -0.75296506524778 0
2.281135013210772 -0.7529650652477834 0
2.309741666955273 -0.7529650652477869 0
2.338348320699773 -0.7529650652477908 0
2.366954974444273 -0.7529650652477944 0
2.395561628188774 -0.7529650652477978 0
2.424168281933274 -0.7529650652478015 0
2.452774935677774 -0.752965065247805 0
2.481381589422274 -0.7529650652478086 0
2.509988243166774 -0.752965065247812 0
2.538594896911275 -0.7529650652478157 0
2.567201550655775 -0.7529650652478191 0
2.595808204400275 -0.7529650652478228 0
2.624414858144775 -0.7529650652478262 0
2.653021511889275 -0.7529650652478297 0
2.681628165633776 -0.7529650652478337 0
2.710234819378276 -0.752965065247837 0
2.738841473122776 -0.7529650652478407 0
2.767448126867275 -0.7529650652478441 0
2.796054780611776 -0.7529650652478477 0
2.824661434356277 -0.7529650652478512 0
2.853268088100778 -0.7529650652478549 0
2.881874741845277 -0.7529650652478583 0
2.910481395589778 -0.752965065247862 0
2.939088049334278 -0.7529650652478654 0
2.967694703078778 -0.7529650652478689 0
2.996301356823278 -0.7529650652478728 0
3.024908010567778 -0.7529650652478763 0
3.053514664312279 -0.7529650652478797 0
3.082121318056779 -0.7529650652478833 0
3.11072797180128 -0.7529650652478868 0
3.13933462554579 -0.7529650652478908 0
3.167941279290311 -0.7529650652478941 0
3.196547933034843 -0.7529650652478976 0
3.225154586779384 -0.7529650652479012 0
3.253761240523928 -0.7529650652479047 0
3.282367894268471 -0.7529650652479083 0
3.310974548013012 -0.7529650652479116 0
3.339581201757554 -0.7529650652479154 0
3.368187855502097 -0.7529650652479191 0
3.396794509246639 -0.7529650652479225 0
3.425401162991181 -0.7529650652479263 0
3.454007816735724 -0.7529650652479296 0
3.482614470480265 -0.7529650652479332 0
3.511221124224808 -0.7529650652479368 0
3.539827777969351 -0.7529650652479403 0
3.568434431713893 -0.752965065247944 0
3.597041085458436 -0.7529650652479477 0
3.625647739202978 -0.7529650652479511 0
3.65425439294752 -0.7529650652479547 0
3.682861046692064 -0.752965065247958 0
3.711467700436605 -0.7529650652479618 0
3.740074354181149 -0.7529650652479652 0
3.76868100792569 -0.7529650652479689 0
3.797287661670233 -0.7529650652479725 0
3.825894315414776 -0.7529650652479759 0
3.854500969159318 -0.7529650652479796 0
3.88310762290386 -0.7529650652479831 0
3.911714276648402 -0.7529650652479865 0
3.940320930392945 -0.7529650652479902 0
3.968927584137488 -0.7529650652479937 0
3.99753423788203 -0.7529650652479973 0
4.026140891626572 -0.7529650652480009 0
4.054747545371113 -0.7529650652480046 0
4.083354199115657 -0.752965065248008 0
4.1119608528602 -0.7529650652480117 0
4.140567506604742 -0.7529650652480152 0
4.169174160349284 -0.7529650652480189 0
4.197780814093826 -0.7529650652480223 0
4.226387467838371 -0.7529650652480258 0
4.254994121582913 -0.7529650652480295 0
4.283600775327455 -0.7529650652480333 0
4.312207429071997 -0.7529650652480366 0
4.340814082816539 -0.7529650652480402 0
4.369420736561082 -0.7529650652480439 0
4.398027390305625 -0.7529650652480473 0
4.426634044050167 -0.752965065248051 0
4.45524069779471 -0.7529650652480545 0
4.483847351539252 -0.752965065248058 0
4.512454005283792 -0.7529650652480613 0
4.541060659028336 -0.7529650652480653 0
4.569667312772879 -0.7529650652480687 0
4.598273966517421 -0.7529650652480723 0
4.626880620261963 -0.7529650652480757 0
4.655487274006506 -0.7529650652480794 0
4.684093927751049 -0.7529650652480829 0
4.712700581495591 -0.7529650652480865 0
4.741307235240133 -0.75296506524809 0
4.769913888984675 -0.7529650652480935 0
4.798520542729217 -0.7529650652480973 0
4.82712719647376 -0.7529650652481008 0
4.855733850218304 -0.7529650652481044 0
4.884340503962846 -0.7529650652481078 0
4.912947157707389 -0.7529650652481112 0
4.94155381145193 -0.7529650652481149 0
4.970160465196471 -0.7529650652481187 0
4.998767118941015 -0.7529650652481222 0
5.027373772685557 -0.7529650652481256 0
5.055980426430099 -0.7529650652481293 0
5.084587080174642 -0.752965065248133 0
5.113193733919185 -0.7529650652481366 0
5.141800387663727 -0.7529650652481399 0
5.170407041408269 -0.7529650652481436 0
5.199013695152811 -0.7529650652481471 0
5.227620348897354 -0.7529650652481509 0
5.256227002641896 -0.7529650652481542 0
5.284833656386438 -0.7529650652481578 0
5.313440310130981 -0.7529650652481612 0
5.342046963875523 -0.7529650652481649 0
5.370653617620068 -0.7529650652481685 0
5.399260271364608 -0.7529650652481721 0
5.427866925109153 -0.7529650652481755 0
5.456473578853692 -0.7529650652481792 0
5.485080232598236 -0.7529650652481827 0
5.513686886342777 -0.7529650652481864 0
5.54229354008732 -0.7529650652481898 0
5.570900193831863 -0.7529650652481933 0
5.599506847576407 -0.752965065248197 0
5.628113501320949 -0.7529650652482005 0
5.656720155065489 -0.7529650652482042 0
5.685326808810034 -0.7529650652482076 0
5.713933462554574 -0.7529650652482114 0
5.74254011629912 -0.7529650652482148 0
5.771146770043662 -0.7529650652482185 0
5.799753423788203 -0.7529650652482219 0
5.828360077532745 -0.7529650652482254 0
5.856966731277288 -0.7529650652482291 0
5.88557338502183 -0.7529650652482328 0
5.914180038766373 -0.7529650652482363 0
5.942786692510915 -0.7529650652482397 0
5.971393346255457 -0.7529650652482432 0
0.2222926830238754 -1.053833304368094 0
0.2624410723833429 -1.053703195426001 0
0.3037133338116538 -1.052971893441092 0
0.3458111140450232 -1.051692488843768 0
0.3884278345417173 -1.049928540599995 0
0.431252430244758 -1.047748094190989 0
0.4645020546626739 -1.045935542032063 0
0.4945400819177933 -1.044208981415329 0
0.5245781091729125 -1.042361284886984 0
0.5546161364280318 -1.040400677724976 0
0.5846541636831515 -1.038331646444549 0
0.6146921909382723 -1.036160920818572 0
0.6447302181933955 -1.033889996352127 0
0.67476824544852 -1.031523359560456 0
0.7048062727036465 -1.029060262691021 0
0.7348442999587727 -1.026502201248902 0
0.764882327213899 -1.023846184223937 0
0.7949203544690253 -1.021090716111043 0
0.8249583817241517 -1.018232805900058 0
0.8549964089792776 -1.015267219323196 0
0.8850344362344041 -1.012187974360129 0
0.9150724634895305 -1.008989836743074 0
0.9438008676505381 -1.00898983674308 0
0.9725292718115719 -1.008989836743086 0
1.001257675972622 -1.008989836743092 0
1.029986080133665 -1.008989836743099 0
1.058714484294687 -1.008989836743104 0
1.087442888455682 -1.008989836743111 0
1.11617129261665 -1.008989836743117 0
1.144899696777596 -1.008989836743123 0
1.173628100938575 -1.008989836743129 0
1.202356505099583 -1.008989836743135 0
1.231084909260627 -1.008989836743142 0
1.259813313421674 -1.008989836743148 0
1.288541717582726 -1.008989836743154 0
1.31727012174378 -1.00898983674316 0
1.345998525904835 -1.008989836743166 0
1.374726930065889 -1.008989836743173 0
1.403455334226943 -1.008989836743179 0
1.432183738387997 -1.008989836743185 0
1.460912142549051 -1.008989836743191 0
1.489640546710106 -1.008989836743197 0
1.518368950871154 -1.008989836743203 0
1.547097355032185 -1.00898983674321 0
1.575825759193175 -1.008989836743216 0
1.604554163354147 -1.008989836743222 0
1.633282567515107 -1.008989836743228 0
1.662010971676068 -1.008989836743234 0
1.690739375837028 -1.008989836743241 0
1.719467779997989 -1.008989836743247 0
1.748196184158949 -1.008989836743253 0
1.776924588319909 -1.008989836743259 0
1.80565299248087 -1.008989836743265 0
1.834381396641831 -1.008989836743272 0
1.863109800802791 -1.008989836743277 0
1.891838204963752 -1.008989836743283 0
1.920566609124732 -1.00898983674329 0
1.949295013285742 -1.008989836743296 0
1.978023417446796 -1.008989836743302 0
2.006751821607851 -1.008989836743308 0
2.035480225768905 -1.008989836743314 0
2.064208629929959 -1.008989836743321 0
2.092937034091014 -1.008989836743327 0
2.121665438252067 -1.008989836743333 0
2.150393842413123 -1.008989836743339 0
2.179122246574177 -1.008989836743345 0
2.207850650735231 -1.008989836743351 0
2.236579054896284 -1.008989836743358 0
2.265307459057338 -1.008989836743364 0
2.294035863218392 -1.00898983674337 0
2.322764267379447 -1.008989836743377 0
2.351492671540501 -1.008989836743383 0
2.380221075701555 -1.008989836743388 0
2.40894947986261 -1.008989836743395 0
2.437677884023663 -1.008989836743401 0
2.466406288184719 -1.008989836743407 0
2.495134692345772 -1.008989836743413 0
2.523863096506826 -1.00898983674342 0
2.55259150066788 -1.008989836743426 0
2.581319904828935 -1.008989836743432 0
2.610048308989988 -1.008989836743438 0
2.638776713151043 -1.008989836743444 0
2.667505117312097 -1.00898983674345 0
2.696233521473151 -1.008989836743456 0
2.724961925634206 -1.008989836743462 0
2.753690329795259 -1.008989836743469 0
2.782418733956315 -1.008989836743475 0
2.811147138117368 -1.008989836743481 0
2.839875542278424 -1.008989836743488 0
2.868603946439477 -1.008989836743494 0
2.897332350600531 -1.0089898367435 0
2.926060754761585 -1.008989836743506 0
2.954789158922639 -1.008989836743512 0
2.983517563083693 -1.008989836743518 0
3.012245967244747 -1.008989836743525 0
3.040974371405802 -1.008989836743531 0
3.069702775566855 -1.008989836743537 0
3.098431179727911 -1.008989836743543 0
3.127159583888979 -1.008989836743549 0
3.155887988050062 -1.008989836743555 0
3.184616392211157 -1.008989836743561 0
3.213344796372268 -1.008989836743567 0
3.242073200533378 -1.008989836743574 0
3.270801604694489 -1.00898983674358 0
3.299530008855599 -1.008989836743586 0
3.32825841301671 -1.008989836743592 0
3.35698681717782 -1.008989836743599 0
3.385715221338932 -1.008989836743604 0
3.414443625500041 -1.008989836743611 0
3.443172029661152 -1.008989836743617 0
3.471900433822262 -1.008989836743623 0
3.500628837983372 -1.00898983674363 0
3.529357242144484 -1.008989836743635 0
3.558085646305594 -1.008989836743642 0
3.586814050466706 -1.008989836743648 0
3.615542454627816 -1.008989836743655 0
3.644270858788927 -1.00898983674366 0
3.672999262950038 -1.008989836743666 0
3.701727667111149 -1.008989836743672 0
3.730456071272259 -1.008989836743679 0
3.759184475433369 -1.008989836743685 0
3.78791287959448 -1.008989836743691 0
3.816641283755591 -1.008989836743697 0
3.8453696879167 -1.008989836743704 0
3.874098092077812 -1.00898983674371 0
3.902826496238921 -1.008989836743715 0
3.931554900400033 -1.008989836743722 0
3.960283304561144 -1.008989836743728 0
3.989011708722254 -1.008989836743734 0
4.017740112883364 -1.00898983674374 0
4.046468517044476 -1.008989836743747 0
4.075196921205587 -1.008989836743753 0
4.103925325366696 -1.008989836743759 0
4.132653729527807 -1.008989836743765 0
4.161382133688917 -1.008989836743772 0
4.190110537850029 -1.008989836743778 0
4.218838942011139 -1.008989836743784 0
4.247567346172251 -1.00898983674379 0
4.276295750333363 -1.008989836743796 0
4.30502415449447 -1.008989836743802 0
4.333752558655582 -1.008989836743808 0
4.362480962816694 -1.008989836743815 0
4.391209366977803 -1.008989836743821 0
4.419937771138914 -1.008989836743827 0
4.448666175300025 -1.008989836743833 0
4.477394579461135 -1.008989836743839 0
4.506122983622246 -1.008989836743845 0
4.534851387783356 -1.008989836743852 0
4.563579791944466 -1.008989836743858 0
4.59230819610558 -1.008989836743864 0
4.62103660026669 -1.00898983674387 0
4.649765004427799 -1.008989836743876 0
4.67849340858891 -1.008989836743883 0
4.707221812750019 -1.008989836743889 0
4.735950216911132 -1.008989836743895 0
4.764678621072242 -1.008989836743901 0
4.793407025233353 -1.008989836743907 0
4.822135429394462 -1.008989836743913 0
4.850863833555573 -1.00898983674392 0
4.879592237716684 -1.008989836743926 0
4.908320641877794 -1.008989836743932 0
4.937049046038904 -1.008989836743938 0
4.965777450200016 -1.008989836743944 0
4.994505854361128 -1.008989836743951 0
5.023234258522238 -1.008989836743957 0
5.051962662683348 -1.008989836743963 0
5.080691066844459 -1.008989836743969 0
5.10941947100557 -1.008989836743975 0
5.13814787516668 -1.008989836743981 0
5.16687627932779 -1.008989836743988 0
5.195604683488902 -1.008989836743994 0
5.224333087650011 -1.008989836744 0
5.253061491811123 -1.008989836744006 0
5.281789895972234 -1.008989836744012 0
5.310518300133344 -1.008989836744018 0
5.339246704294456 -1.008989836744024 0
5.367975108455565 -1.008989836744031 0
5.396703512616675 -1.008989836744037 0
5.425431916777787 -1.008989836744043 0
5.454160320938898 -1.008989836744049 0
5.482888725100008 -1.008989836744056 0
5.511617129261118 -1.008989836744062 0
5.54034553342223 -1.008989836744068 0
5.56907393758334 -1.008989836744074 0
5.597802341744453 -1.00898983674408 0
5.626530745905562 -1.008989836744086 0
5.655259150066671 -1.008989836744092 0
5.683987554227781 -1.008989836744099 0
5.712715958388894 -1.008989836744105 0
5.741444362550005 -1.008989836744111 0
5.770172766711116 -1.008989836744117 0
5.798901170872225 -1.008989836744123 0
5.827629575033335 -1.00898983674413 0
5.856357979194448 -1.008989836744135 0
5.885086383355557 -1.008989836744142 0
5.913814787516668 -1.008989836744148 0
5.942543191677779 -1.008989836744154 0
5.971271595838889 -1.00898983674416 0
0.2056812301254867 -1.308541422918817 0
0.2449652831406949 -1.308422562425057 0
0.2852760449038212 -1.307754484477321 0
0.3263409560067353 -1.306585689621918 0
0.3678799428721611 -1.304974241893161 0
0.4096088332851061 -1.30298230396308 0
0.4425905477053077 -1.301326454325729 0
0.4726383206269669 -1.299749161911271 0
0.5026860935486261 -1.298061206278475 0
0.5327338664702856 -1.296270101596487 0
0.562781639391945 -1.294379946503024 0
0.5928294123136064 -1.292396888954658 0
0.6228771852352704 -1.290322295163963 0
0.6529249581569365 -1.288160263768656 0
0.6829727310786046 -1.285910111662448 0
0.7130205040002726 -1.283573205057914 0
0.7430682769219407 -1.281146811529909 0
0.7731160498436089 -1.278629564865861 0
0.8031638227652774 -1.276018732640624 0
0.8332115956869455 -1.273309533110199 0
0.8632593686086132 -1.270496501424295 0
0.8933071415302815 -1.267574855838911 0
0.922158513611958 -1.267574855838919 0
0.9510098856936575 -1.267574855838928 0
0.9798612577753711 -1.267574855838937 0
1.008712629857077 -1.267574855838946 0
1.037564001938763 -1.267574855838955 0
1.066415374020423 -1.267574855838964 0
1.095266746102058 -1.267574855838972 0
1.124118118183674 -1.267574855838981 0
1.15296949026532 -1.26757485583899 0
1.181820862346992 -1.267574855838999 0
1.210672234428697 -1.267574855839008 0
1.239523606510407 -1.267574855839017 0
1.268374978592125 -1.267574855839025 0
1.297226350673844 -1.267574855839034 0
1.326077722755563 -1.267574855839043 0
1.354929094837283 -1.267574855839052 0
1.383780466919001 -1.267574855839061 0
1.412631839000721 -1.26757485583907 0
1.44148321108244 -1.267574855839078 0
1.470334583164159 -1.267574855839087 0
1.499185955245873 -1.267574855839096 0
1.528037327327572 -1.267574855839105 0
1.556888699409231 -1.267574855839114 0
1.585740071490876 -1.267574855839123 0
1.614591443572509 -1.267574855839132 0
1.643442815654143 -1.26757485583914 0
1.672294187735777 -1.26757485583915 0
1.70114555981741 -1.267574855839158 0
1.729996931899044 -1.267574855839167 0
1.758848303980677 -1.267574855839176 0
1.78769967606231 -1.267574855839185 0
1.816551048143944 -1.267574855839193 0
1.845402420225578 -1.267574855839202 0
1.874253792307212 -1.267574855839211 0
1.903105164388864 -1.26757485583922 0
1.931956536470541 -1.267574855839229 0
1.960807908552261 -1.267574855839238 0
1.98965928063398 -1.267574855839246 0
2.018510652715701 -1.267574855839255 0
2.047362024797419 -1.267574855839264 0
2.076213396879137 -1.267574855839273 0
2.105064768960857 -1.267574855839282 0
2.133916141042577 -1.267574855839291 0
2.162767513124295 -1.267574855839299 0
2.191618885206015 -1.267574855839308 0
2.220470257287734 -1.267574855839317 0
2.249321629369454 -1.267574855839326 0
2.278173001451172 -1.267574855839335 0
2.307024373532892 -1.267574855839344 0
2.335875745614611 -1.267574855839353 0
2.36472711769633 -1.267574855839362 0
2.393578489778049 -1.26757485583937 0
2.422429861859769 -1.267574855839379 0
2.451281233941489 -1.267574855839388 0
2.480132606023207 -1.267574855839396 0
2.508983978104927 -1.267574855839406 0
2.537835350186646 -1.267574855839415 0
2.566686722268365 -1.267574855839424 0
2.595538094350085 -1.267574855839432 0
2.624389466431803 -1.267574855839441 0
2.653240838513523 -1.26757485583945 0
2.682092210595242 -1.267574855839458 0
2.710943582676961 -1.267574855839468 0
2.739794954758679 -1.267574855839476 0
2.7686463268404 -1.267574855839485 0
2.797497698922118 -1.267574855839494 0
2.826349071003838 -1.267574855839503 0
2.855200443085557 -1.267574855839512 0
2.884051815167276 -1.267574855839521 0
2.912903187248995 -1.267574855839529 0
2.941754559330715 -1.267574855839539 0
2.970605931412433 -1.267574855839547 0
2.999457303494152 -1.267574855839556 0
3.028308675575872 -1.267574855839565 0
3.057160047657591 -1.267574855839574 0
3.08601141973931 -1.267574855839583 0
3.114862791821048 -1.267574855839591 0
3.143714163902803 -1.2675748558396 0
3.172565535984575 -1.267574855839609 0
3.201416908066363 -1.267574855839618 0
3.230268280148153 -1.267574855839627 0
3.259119652229945 -1.267574855839636 0
3.287971024311734 -1.267574855839644 0
3.316822396393524 -1.267574855839653 0
3.345673768475314 -1.267574855839662 0
3.374525140557104 -1.267574855839671 0
3.403376512638894 -1.26757485583968 0
3.432227884720684 -1.267574855839689 0
3.461079256802474 -1.267574855839697 0
3.489930628884263 -1.267574855839707 0
3.518782000966054 -1.267574855839715 0
3.547633373047844 -1.267574855839724 0
3.576484745129634 -1.267574855839733 0
3.605336117211424 -1.267574855839741 0
3.634187489293214 -1.267574855839751 0
3.663038861375005 -1.26757485583976 0
3.691890233456794 -1.267574855839769 0
3.720741605538584 -1.267574855839777 0
3.749592977620375 -1.267574855839786 0
3.778444349702164 -1.267574855839795 0
3.807295721783954 -1.267574855839804 0
3.836147093865744 -1.267574855839813 0
3.864998465947535 -1.267574855839821 0
3.893849838029324 -1.26757485583983 0
3.922701210111115 -1.267574855839839 0
3.951552582192905 -1.267574855839848 0
3.980403954274695 -1.267574855839857 0
4.009255326356485 -1.267574855839866 0
4.038106698438276 -1.267574855839875 0
4.066958070520064 -1.267574855839883 0
4.095809442601855 -1.267574855839892 0
4.124660814683645 -1.267574855839901 0
4.153512186765434 -1.26757485583991 0
4.182363558847226 -1.267574855839919 0
4.211214930929016 -1.267574855839928 0
4.240066303010806 -1.267574855839937 0
4.268917675092596 -1.267574855839945 0
4.297769047174386 -1.267574855839954 0
4.326620419256175 -1.267574855839963 0
4.355471791337965 -1.267574855839972 0
4.384323163419755 -1.26757485583998 0
4.413174535501546 -1.26757485583999 0
4.442025907583337 -1.267574855839999 0
4.470877279665126 -1.267574855840008 0
4.499728651746917 -1.267574855840016 0
4.528580023828705 -1.267574855840025 0
4.557431395910497 -1.267574855840034 0
4.586282767992286 -1.267574855840043 0
4.615134140074077 -1.267574855840051 0
4.643985512155867 -1.26757485584006 0
4.672836884237658 -1.267574855840069 0
4.701688256319447 -1.267574855840078 0
4.730539628401236 -1.267574855840087 0
4.759391000483026 -1.267574855840096 0
4.788242372564817 -1.267574855840105 0
4.817093744646606 -1.267574855840113 0
4.845945116728396 -1.267574855840122 0
4.874796488810185 -1.267574855840131 0
4.903647860891977 -1.26757485584014 0
4.932499232973766 -1.267574855840149 0
4.961350605055557 -1.267574855840157 0
4.99020197713735 -1.267574855840166 0
5.019053349219138 -1.267574855840175 0
5.047904721300927 -1.267574855840184 0
5.076756093382716 -1.267574855840193 0
5.105607465464508 -1.267574855840202 0
5.134458837546297 -1.26757485584021 0
5.163310209628087 -1.267574855840219 0
5.192161581709876 -1.267574855840228 0
5.22101295379167 -1.267574855840237 0
5.249864325873459 -1.267574855840246 0
5.278715697955247 -1.267574855840255 0
5.307567070037037 -1.267574855840264 0
5.336418442118829 -1.267574855840272 0
5.365269814200617 -1.267574855840281 0
5.394121186282407 -1.26757485584029 0
5.422972558364198 -1.267574855840299 0
5.451823930445989 -1.267574855840308 0
5.480675302527779 -1.267574855840316 0
5.509526674609568 -1.267574855840326 0
5.53837804669136 -1.267574855840334 0
5.567229418773149 -1.267574855840343 0
5.596080790854942 -1.267574855840352 0
5.62493216293673 -1.267574855840361 0
5.65378353501852 -1.26757485584037 0
5.682634907100309 -1.267574855840379 0
5.711486279182099 -1.267574855840387 0
5.740337651263888 -1.267574855840397 0
5.76918902334568 -1.267574855840405 0
5.798040395427469 -1.267574855840414 0
5.82689176750926 -1.267574855840423 0
5.855743139591051 -1.267574855840432 0
5.884594511672839 -1.267574855840441 0
5.913445883754631 -1.267574855840449 0
5.94229725583642 -1.267574855840458 0
5.97114862791821 -1.267574855840467 0
0.1889036627017706 -1.565796622598979 0
0.2273147360094672 -1.565689123038034 0
0.2666543831109687 -1.565084901367828 0
0.3066760963923503 -1.564027822351743 0
0.3471265722904323 -1.562570400143117 0
0.3877488003606218 -1.560768855776708 0
0.4204599256831908 -1.559271275686113 0
0.4505175417280533 -1.557844744155922 0
0.480575157772916 -1.556318126827595 0
0.5106327738177785 -1.554698219650391 0
0.5406903898626414 -1.552988729505719 0
0.5707480059075065 -1.551195216715701 0
0.6008056219523746 -1.549318916907472 0
0.6308632379972454 -1.547363536962445 0
0.6609208540421185 -1.545328459067052 0
0.6909784700869916 -1.54321491884843 0
0.7210360861318648 -1.541020445052304 0
0.7510937021767381 -1.538743802051536 0
0.7811513182216112 -1.536382518591853 0
0.8112089342664845 -1.53393226997827 0
0.8412665503113577 -1.531388113702242 0
0.8713241663562308 -1.528745725068785 0
0.9002997360377561 -1.528745725068796 0
0.9292753057193013 -1.528745725068808 0
0.9582508754008585 -1.528745725068819 0
0.9872264450824063 -1.528745725068831 0
1.016202014763935 -1.528745725068843 0
1.04517758444544 -1.528745725068855 0
1.074153154126923 -1.528745725068866 0
1.103128723808387 -1.528745725068878 0
1.13210429348988 -1.52874572506889 0
1.161079863171396 -1.528745725068901 0
1.190055432852942 -1.528745725068912 0
1.219031002534495 -1.528745725068924 0
1.248006572216056 -1.528745725068936 0
1.27698214189762 -1.528745725068947 0
1.305957711579184 -1.528745725068959 0
1.334933281260748 -1.52874572506897 0
1.363908850942312 -1.528745725068982 0
1.392884420623876 -1.528745725068994 0
1.421859990305439 -1.528745725069005 0
1.450835559987004 -1.528745725069017 0
1.479811129668562 -1.528745725069029 0
1.508786699350107 -1.52874572506904 0
1.537762269031617 -1.528745725069052 0
1.566737838713113 -1.528745725069063 0
1.595713408394599 -1.528745725069075 0
1.624688978076086 -1.528745725069086 0
1.653664547757572 -1.528745725069098 0
1.682640117439058 -1.52874572506911 0
1.711615687120545 -1.528745725069121 0
1.740591256802031 -1.528745725069133 0
1.769566826483518 -1.528745725069144 0
1.798542396165004 -1.528745725069156 0
1.82751796584649 -1.528745725069168 0
1.856493535527977 -1.528745725069179 0
1.885469105209479 -1.528745725069191 0
1.914444674891006 -1.528745725069202 0
1.943420244572571 -1.528745725069214 0
1.972395814254134 -1.528745725069226 0
2.001371383935698 -1.528745725069238 0
2.030346953617262 -1.528745725069248 0
2.059322523298825 -1.52874572506926 0
2.08829809298039 -1.528745725069272 0
2.117273662661954 -1.528745725069284 0
2.146249232343517 -1.528745725069295 0
2.175224802025081 -1.528745725069307 0
2.204200371706644 -1.528745725069319 0
2.233175941388208 -1.52874572506933 0
2.262151511069772 -1.528745725069342 0
2.291127080751336 -1.528745725069353 0
2.3201026504329 -1.528745725069365 0
2.349078220114464 -1.528745725069377 0
2.378053789796027 -1.528745725069388 0
2.407029359477591 -1.5287457250694 0
2.436004929159155 -1.528745725069411 0
2.464980498840719 -1.528745725069423 0
2.493956068522282 -1.528745725069434 0
2.522931638203846 -1.528745725069446 0
2.551907207885411 -1.528745725069457 0
2.580882777566974 -1.528745725069469 0
2.609858347248537 -1.52874572506948 0
2.638833916930102 -1.528745725069492 0
2.667809486611666 -1.528745725069504 0
2.696785056293229 -1.528745725069516 0
2.725760625974792 -1.528745725069527 0
2.754736195656356 -1.528745725069539 0
2.78371176533792 -1.528745725069551 0
2.812687335019485 -1.528745725069562 0
2.841662904701048 -1.528745725069574 0
2.870638474382612 -1.528745725069585 0
2.899614044064175 -1.528745725069597 0
2.92858961374574 -1.528745725069609 0
2.957565183427303 -1.52874572506962 0
2.986540753108867 -1.528745725069631 0
3.015516322790431 -1.528745725069643 0
3.044491892471994 -1.528745725069655 0
3.07346746215356 -1.528745725069667 0
3.102443031835144 -1.528745725069678 0
3.131418601516751 -1.52874572506969 0
3.160394171198379 -1.528745725069701 0
3.189369740880026 -1.528745725069713 0
3.218345310561676 -1.528745725069725 0
3.247320880243325 -1.528745725069736 0
3.276296449924974 -1.528745725069748 0
3.305272019606623 -1.528745725069759 0
3.334247589288273 -1.528745725069771 0
3.36322315896992 -1.528745725069782 0
3.392198728651571 -1.528745725069794 0
3.421174298333219 -1.528745725069806 0
3.450149868014868 -1.528745725069817 0
3.479125437696517 -1.528745725069829 0
3.508101007378168 -1.52874572506984 0
3.537076577059817 -1.528745725069852 0
3.566052146741467 -1.528745725069864 0
3.595027716423115 -1.528745725069875 0
3.624003286104764 -1.528745725069887 0
3.652978855786413 -1.528745725069898 0
3.681954425468063 -1.52874572506991 0
3.710929995149712 -1.528745725069922 0
3.739905564831361 -1.528745725069933 0
3.76888113451301 -1.528745725069945 0
3.797856704194659 -1.528745725069957 0
3.826832273876309 -1.528745725069968 0
3.855807843557957 -1.528745725069979 0
3.884783413239606 -1.528745725069991 0
3.913758982921256 -1.528745725070003 0
3.942734552602905 -1.528745725070014 0
3.971710122284556 -1.528745725070026 0
4.000685691966204 -1.528745725070038 0
4.029661261647854 -1.528745725070049 0
4.058636831329503 -1.52874572507006 0
4.087612401011151 -1.528745725070072 0
4.1165879706928 -1.528745725070084 0
4.14556354037445 -1.528745725070096 0
4.1745391100561 -1.528745725070107 0
4.203514679737751 -1.528745725070119 0
4.232490249419398 -1.52874572507013 0
4.261465819101047 -1.528745725070142 0
4.290441388782697 -1.528745725070153 0
4.319416958464346 -1.528745725070165 0
4.348392528145995 -1.528745725070177 0
4.377368097827645 -1.528745725070188 0
4.406343667509293 -1.5287457250702 0
4.435319237190942 -1.528745725070211 0
4.464294806872591 -1.528745725070223 0
4.49327037655424 -1.528745725070235 0
4.522245946235889 -1.528745725070246 0
4.55122151591754 -1.528745725070258 0
4.580197085599189 -1.528745725070269 0
4.609172655280838 -1.528745725070281 0
4.638148224962485 -1.528745725070293 0
4.667123794644136 -1.528745725070304 0
4.696099364325786 -1.528745725070316 0
4.725074934007433 -1.528745725070328 0
4.754050503689085 -1.528745725070339 0
4.783026073370731 -1.528745725070351 0
4.812001643052384 -1.528745725070362 0
4.840977212734031 -1.528745725070374 0
4.869952782415681 -1.528745725070386 0
4.89892835209733 -1.528745725070397 0
4.927903921778977 -1.528745725070409 0
4.956879491460629 -1.52874572507042 0
4.985855061142276 -1.528745725070431 0
5.014830630823926 -1.528745725070443 0
5.043806200505577 -1.528745725070455 0
5.072781770187226 -1.528745725070467 0
5.101757339868874 -1.528745725070478 0
5.130732909550524 -1.52874572507049 0
5.159708479232171 -1.528745725070502 0
5.188684048913822 -1.528745725070513 0
5.217659618595471 -1.528745725070524 0
5.24663518827712 -1.528745725070536 0
5.27561075795877 -1.528745725070548 0
5.304586327640418 -1.52874572507056 0
5.333561897322068 -1.528745725070571 0
5.362537467003716 -1.528745725070583 0
5.391513036685366 -1.528745725070594 0
5.420488606367016 -1.528745725070606 0
5.449464176048664 -1.528745725070617 0
5.478439745730315 -1.528745725070629 0
5.507415315411964 -1.528745725070641 0
5.536390885093613 -1.528745725070652 0
5.565366454775262 -1.528745725070664 0
5.594342024456912 -1.528745725070676 0
5.62331759413856 -1.528745725070687 0
5.65229316382021 -1.528745725070699 0
5.681268733501858 -1.52874572507071 0
5.710244303183506 -1.528745725070722 0
5.739219872865156 -1.528745725070733 0
5.768195442546807 -1.528745725070745 0
5.797171012228455 -1.528745725070757 0
5.826146581910105 -1.528745725070768 0
5.855122151591754 -1.52874572507078 0
5.884097721273404 -1.528745725070792 0
5.913073290955052 -1.528745725070803 0
5.942048860636703 -1.528745725070815 0
5.971024430318353 -1.528745725070826 0
0.1719583195965811 -1.825624374386897 0
0.2094876833993145 -1.8255283493681 0
0.247846504692156 -1.824988622538228 0
0.2868145881733399 -1.8240443765199 0
0.3261656679939351 -1.822742520086675 0
0.3656701670974644 -1.821133273219658 0
0.3981079974313079 -1.819795545371354 0
0.4281755550306099 -1.818521282334336 0
0.4582431126299118 -1.817157616693594 0
0.4883106702292141 -1.815710618996294 0
0.5183782278285167 -1.814183600449982 0
0.5484457854278219 -1.812581527865975 0
0.5785133430271305 -1.810905504980122 0
0.608580900626442 -1.809158842999969 0
0.6386484582257568 -1.80734099005759 0
0.6687160158250711 -1.805453049888835 0
0.6987835734243857 -1.803492815022007 0
0.7288511310237005 -1.801459181721257 0
0.7589186886230148 -1.799349942514888 0
0.7889862462223295 -1.797161234327432 0
0.8190538038216439 -1.794888642215493 0
0.8491213614209586 -1.792528303103602 0
0.8782223706783844 -1.792528303103617 0
0.9073233799358273 -1.792528303103632 0
0.9364243891932799 -1.792528303103645 0
0.9655253984507215 -1.79252830310366 0
0.994626407708145 -1.792528303103675 0
1.023727416965547 -1.792528303103688 0
1.052828426222928 -1.792528303103703 0
1.081929435480295 -1.792528303103717 0
1.111030444737686 -1.792528303103732 0
1.140131453995097 -1.792528303103746 0
1.169232463252537 -1.792528303103761 0
1.198333472509985 -1.792528303103775 0
1.227434481767443 -1.79252830310379 0
1.256535491024903 -1.792528303103804 0
1.285636500282364 -1.792528303103819 0
1.314737509539824 -1.792528303103833 0
1.343838518797285 -1.792528303103847 0
1.372939528054745 -1.792528303103861 0
1.402040537312205 -1.792528303103876 0
1.431141546569666 -1.79252830310389 0
1.460242555827121 -1.792528303103905 0
1.489343565084565 -1.792528303103919 0
1.518444574341977 -1.792528303103933 0
1.547545583599377 -1.792528303103948 0
1.576646592856768 -1.792528303103962 0
1.605747602114159 -1.792528303103977 0
1.634848611371551 -1.792528303103991 0
1.663949620628942 -1.792528303104005 0
1.693050629886333 -1.79252830310402 0
1.722151639143725 -1.792528303104034 0
1.751252648401116 -1.792528303104048 0
1.780353657658507 -1.792528303104063 0
1.809454666915898 -1.792528303104077 0
1.838555676173289 -1.792528303104092 0
1.867656685430696 -1.792528303104106 0
1.896757694688122 -1.792528303104121 0
1.925858703945583 -1.792528303104135 0
1.954959713203044 -1.79252830310415 0
1.984060722460504 -1.792528303104164 0
2.013161731717964 -1.792528303104178 0
2.042262740975425 -1.792528303104193 0
2.071363750232886 -1.792528303104207 0
2.100464759490347 -1.792528303104221 0
2.129565768747806 -1.792528303104236 0
2.158666778005268 -1.79252830310425 0
2.187767787262726 -1.792528303104265 0
2.216868796520187 -1.792528303104279 0
2.245969805777648 -1.792528303104293 0
2.275070815035108 -1.792528303104307 0
2.304171824292569 -1.792528303104322 0
2.333272833550029 -1.792528303104337 0
2.362373842807489 -1.792528303104351 0
2.391474852064949 -1.792528303104365 0
2.420575861322411 -1.79252830310438 0
2.449676870579871 -1.792528303104394 0
2.478777879837331 -1.792528303104408 0
2.507878889094791 -1.792528303104423 0
2.536979898352251 -1.792528303104437 0
2.566080907609712 -1.792528303104451 0
2.595181916867173 -1.792528303104466 0
2.624282926124632 -1.792528303104481 0
2.653383935382093 -1.792528303104495 0
2.682484944639553 -1.792528303104509 0
2.711585953897013 -1.792528303104524 0
2.740686963154475 -1.792528303104538 0
2.769787972411935 -1.792528303104552 0
2.798888981669395 -1.792528303104567 0
2.827989990926856 -1.792528303104581 0
2.857091000184316 -1.792528303104596 0
2.886192009441776 -1.79252830310461 0
2.915293018699237 -1.792528303104625 0
2.944394027956697 -1.792528303104639 0
2.973495037214157 -1.792528303104654 0
3.002596046471617 -1.792528303104667 0
3.031697055729077 -1.792528303104682 0
3.06079806498654 -1.792528303104696 0
3.089899074244026 -1.792528303104711 0
3.119000083501536 -1.792528303104725 0
3.148101092759071 -1.79252830310474 0
3.177202102016629 -1.792528303104754 0
3.20630311127419 -1.792528303104768 0
3.235404120531751 -1.792528303104783 0
3.264505129789311 -1.792528303104797 0
3.293606139046872 -1.792528303104811 0
3.322707148304433 -1.792528303104826 0
3.351808157561993 -1.79252830310484 0
3.380909166819554 -1.792528303104855 0
3.410010176077113 -1.792528303104869 0
3.439111185334674 -1.792528303104884 0
3.468212194592235 -1.792528303104898 0
3.497313203849796 -1.792528303104912 0
3.526414213107356 -1.792528303104926 0
3.555515222364916 -1.792528303104941 0
3.584616231622476 -1.792528303104956 0
3.613717240880037 -1.79252830310497 0
3.642818250137598 -1.792528303104985 0
3.671919259395158 -1.792528303104999 0
3.701020268652719 -1.792528303105013 0
3.73012127791028 -1.792528303105028 0
3.75922228716784 -1.792528303105042 0
3.788323296425401 -1.792528303105057 0
3.817424305682961 -1.79252830310507 0
3.846525314940522 -1.792528303105085 0
3.875626324198081 -1.792528303105099 0
3.904727333455642 -1.792528303105114 0
3.933828342713203 -1.792528303105128 0
3.962929351970764 -1.792528303105143 0
3.992030361228324 -1.792528303105157 0
4.021131370485886 -1.792528303105172 0
4.050232379743443 -1.792528303105186 0
4.079333389001007 -1.7925283031052 0
4.108434398258566 -1.792528303105215 0
4.137535407516125 -1.792528303105229 0
4.166636416773687 -1.792528303105244 0
4.195737426031248 -1.792528303105258 0
4.224838435288808 -1.792528303105272 0
4.253939444546368 -1.792528303105287 0
4.283040453803928 -1.792528303105301 0
4.31214146306149 -1.792528303105315 0
4.341242472319049 -1.79252830310533 0
4.37034348157661 -1.792528303105345 0
4.399444490834171 -1.792528303105359 0
4.428545500091733 -1.792528303105373 0
4.457646509349294 -1.792528303105387 0
4.486747518606855 -1.792528303105402 0
4.515848527864412 -1.792528303105416 0
4.544949537121975 -1.792528303105431 0
4.574050546379535 -1.792528303105445 0
4.603151555637096 -1.79252830310546 0
4.632252564894656 -1.792528303105474 0
4.661353574152216 -1.792528303105488 0
4.690454583409776 -1.792528303105502 0
4.719555592667337 -1.792528303105517 0
4.748656601924896 -1.792528303105532 0
4.777757611182458 -1.792528303105546 0
4.806858620440019 -1.79252830310556 0
4.835959629697578 -1.792528303105574 0
4.86506063895514 -1.792528303105588 0
4.894161648212701 -1.792528303105603 0
4.923262657470261 -1.792528303105618 0
4.952363666727821 -1.792528303105632 0
4.981464675985381 -1.792528303105647 0
5.010565685242941 -1.792528303105661 0
5.039666694500503 -1.792528303105675 0
5.068767703758065 -1.792528303105689 0
5.097868713015623 -1.792528303105704 0
5.126969722273186 -1.792528303105718 0
5.156070731530743 -1.792528303105733 0
5.185171740788306 -1.792528303105747 0
5.214272750045867 -1.792528303105762 0
5.243373759303427 -1.792528303105776 0
5.272474768560986 -1.79252830310579 0
5.301575777818547 -1.792528303105805 0
5.330676787076107 -1.792528303105819 0
5.359777796333669 -1.792528303105834 0
5.388878805591229 -1.792528303105848 0
5.417979814848788 -1.792528303105863 0
5.447080824106351 -1.792528303105877 0
5.47618183336391 -1.792528303105891 0
5.505282842621471 -1.792528303105906 0
5.534383851879032 -1.79252830310592 0
5.563484861136594 -1.792528303105934 0
5.592585870394155 -1.792528303105949 0
5.621686879651715 -1.792528303105963 0
5.650787888909275 -1.792528303105977 0
5.679888898166834 -1.792528303105992 0
5.708989907424394 -1.792528303106006 0
5.738090916681955 -1.792528303106021 0
5.767191925939516 -1.792528303106035 0
5.796292935197076 -1.792528303106049 0
5.825393944454637 -1.792528303106064 0
5.854494953712198 -1.792528303106078 0
5.883595962969758 -1.792528303106093 0
5.912696972227318 -1.792528303106107 0
5.941797981484878 -1.792528303106122 0
5.970898990742439 -1.792528303106136 0
0.1548435230612124 -2.08805040367932 0
0.1914823602639788 -2.08796596794809 0
0.2288505474901248 -2.087491380906949 0
0.2667544648731639 -2.086661096216349 0
0.3049951546555545 -2.085516361216267 0
0.3433707475028152 -2.084101334823623 0
0.37553254989806 -2.082925057740026 0
0.4056101484673456 -2.081804585881104 0
0.4356877470366312 -2.080605501444811 0
0.4657653456059168 -2.079333142322205 0
0.4958429441752026 -2.077990420090225 0
0.5259205427444917 -2.076581702114278 0
0.5559981413137848 -2.075107958920012 0
0.5860757398830811 -2.073572102084369 0
0.6161533384523813 -2.071973646344523 0
0.646230937021681 -2.070313562226121 0
0.6763085355909808 -2.068589908677871 0
0.7063861341602808 -2.066801715174124 0
0.7364637327295809 -2.06494704066359 0
0.7665413312988806 -2.063022488306503 0
0.7966189298681805 -2.06102417600028 0
0.8266965284374805 -2.058948706905156 0
0.8559242316665594 -2.058948706905172 0
0.8851519348956525 -2.058948706905188 0
0.9143796381247528 -2.058948706905204 0
0.9436073413538411 -2.058948706905219 0
0.9728350445829119 -2.058948706905235 0
1.002062747811963 -2.058948706905251 0
1.031290451040997 -2.058948706905268 0
1.060518154270017 -2.058948706905283 0
1.089745857499058 -2.058948706905299 0
1.118973560728118 -2.058948706905314 0
1.148201263957204 -2.05894870690533 0
1.177428967186299 -2.058948706905347 0
1.206656670415405 -2.058948706905363 0
1.235884373644515 -2.058948706905377 0
1.265112076873625 -2.058948706905394 0
1.294339780102734 -2.05894870690541 0
1.323567483331844 -2.058948706905426 0
1.352795186560953 -2.058948706905442 0
1.382022889790063 -2.058948706905457 0
1.411250593019172 -2.058948706905473 0
1.440478296248277 -2.058948706905489 0
1.469705999477372 -2.058948706905505 0
1.49893370270644 -2.058948706905521 0
1.528161405935496 -2.058948706905537 0
1.557389109164545 -2.058948706905553 0
1.586616812393593 -2.058948706905569 0
1.615844515622641 -2.058948706905584 0
1.64507221885169 -2.058948706905601 0
1.674299922080739 -2.058948706905616 0
1.703527625309787 -2.058948706905632 0
1.732755328538836 -2.058948706905648 0
1.761983031767885 -2.058948706905663 0
1.791210734996934 -2.058948706905679 0
1.820438438225982 -2.058948706905695 0
1.849666141455044 -2.058948706905712 0
1.878893844684124 -2.058948706905727 0
1.908121547913234 -2.058948706905743 0
1.937349251142344 -2.058948706905759 0
1.966576954371453 -2.058948706905775 0
1.995804657600562 -2.05894870690579 0
2.025032360829671 -2.058948706905806 0
2.054260064058781 -2.058948706905822 0
2.083487767287891 -2.058948706905838 0
2.112715470517 -2.058948706905854 0
2.141943173746109 -2.058948706905869 0
2.171170876975219 -2.058948706905886 0
2.200398580204329 -2.058948706905901 0
2.229626283433438 -2.058948706905917 0
2.258853986662547 -2.058948706905934 0
2.288081689891658 -2.058948706905949 0
2.317309393120767 -2.058948706905965 0
2.346537096349875 -2.058948706905981 0
2.375764799578985 -2.058948706905997 0
2.404992502808095 -2.058948706906012 0
2.434220206037204 -2.058948706906028 0
2.463447909266313 -2.058948706906044 0
2.492675612495423 -2.05894870690606 0
2.521903315724533 -2.058948706906077 0
2.551131018953642 -2.058948706906091 0
2.580358722182751 -2.058948706906108 0
2.609586425411861 -2.058948706906124 0
2.63881412864097 -2.05894870690614 0
2.66804183187008 -2.058948706906156 0
2.697269535099189 -2.058948706906171 0
2.726497238328299 -2.058948706906187 0
2.755724941557408 -2.058948706906203 0
2.784952644786518 -2.058948706906219 0
2.814180348015626 -2.058948706906234 0
2.843408051244737 -2.05894870690625 0
2.872635754473847 -2.058948706906266 0
2.901863457702956 -2.058948706906282 0
2.931091160932065 -2.058948706906298 0
2.960318864161175 -2.058948706906314 0
2.989546567390284 -2.05894870690633 0
3.018774270619393 -2.058948706906346 0
3.048001973848505 -2.058948706906362 0
3.077229677077643 -2.058948706906377 0
3.10645738030681 -2.058948706906393 0
3.135685083536006 -2.058948706906409 0
3.164912786765228 -2.058948706906425 0
3.194140489994453 -2.05894870690644 0
3.223368193223677 -2.058948706906457 0
3.252595896452901 -2.058948706906473 0
3.281823599682126 -2.058948706906488 0
3.31105130291135 -2.058948706906504 0
3.340279006140574 -2.05894870690652 0
3.369506709369799 -2.058948706906536 0
3.398734412599023 -2.058948706906552 0
3.427962115828247 -2.058948706906568 0
3.457189819057472 -2.058948706906583 0
3.486417522286697 -2.058948706906599 0
3.51564522551592 -2.058948706906615 0
3.544872928745146 -2.058948706906631 0
3.574100631974371 -2.058948706906647 0
3.603328335203594 -2.058948706906663 0
3.632556038432819 -2.058948706906679 0
3.661783741662043 -2.058948706906695 0
3.691011444891267 -2.05894870690671 0
3.720239148120492 -2.058948706906726 0
3.749466851349717 -2.058948706906742 0
3.778694554578941 -2.058948706906758 0
3.807922257808166 -2.058948706906774 0
3.83714996103739 -2.05894870690679 0
3.866377664266614 -2.058948706906805 0
3.89560536749584 -2.058948706906821 0
3.924833070725064 -2.058948706906838 0
3.954060773954287 -2.058948706906853 0
3.983288477183514 -2.058948706906869 0
4.012516180412737 -2.058948706906885 0
4.04174388364196 -2.0589487069069 0
4.070971586871185 -2.058948706906917 0
4.10019929010041 -2.058948706906933 0
4.129426993329634 -2.058948706906948 0
4.15865469655886 -2.058948706906964 0
4.187882399788084 -2.05894870690698 0
4.217110103017309 -2.058948706906996 0
4.246337806246531 -2.058948706907012 0
4.275565509475756 -2.058948706907027 0
4.304793212704981 -2.058948706907044 0
4.334020915934204 -2.058948706907059 0
4.36324861916343 -2.058948706907075 0
4.392476322392657 -2.058948706907091 0
4.42170402562188 -2.058948706907107 0
4.450931728851105 -2.058948706907123 0
4.480159432080328 -2.058948706907139 0
4.50938713530955 -2.058948706907154 0
4.538614838538777 -2.05894870690717 0
4.567842541768004 -2.058948706907186 0
4.597070244997226 -2.058948706907202 0
4.626297948226451 -2.058948706907218 0
4.655525651455674 -2.058948706907234 0
4.6847533546849 -2.05894870690725 0
4.713981057914124 -2.058948706907265 0
4.743208761143349 -2.058948706907281 0
4.772436464372573 -2.058948706907298 0
4.801664167601799 -2.058948706907314 0
4.830891870831021 -2.058948706907329 0
4.860119574060247 -2.058948706907345 0
4.889347277289471 -2.058948706907361 0
4.918574980518695 -2.058948706907376 0
4.947802683747922 -2.058948706907392 0
4.977030386977145 -2.058948706907409 0
5.006258090206368 -2.058948706907424 0
5.035485793435592 -2.05894870690744 0
5.064713496664818 -2.058948706907456 0
5.093941199894042 -2.058948706907472 0
5.123168903123267 -2.058948706907488 0
5.15239660635249 -2.058948706907504 0
5.181624309581716 -2.058948706907519 0
5.21085201281094 -2.058948706907535 0
5.240079716040164 -2.058948706907551 0
5.269307419269389 -2.058948706907567 0
5.298535122498611 -2.058948706907582 0
5.327762825727836 -2.058948706907598 0
5.35699052895706 -2.058948706907615 0
5.386218232186285 -2.05894870690763 0
5.41544593541551 -2.058948706907646 0
5.444673638644735 -2.058948706907663 0
5.473901341873961 -2.058948706907678 0
5.503129045103184 -2.058948706907694 0
5.532356748332409 -2.05894870690771 0
5.561584451561632 -2.058948706907725 0
5.590812154790861 -2.058948706907741 0
5.620039858020082 -2.058948706907757 0
5.649267561249308 -2.058948706907773 0
5.678495264478531 -2.058948706907788 0
5.707722967707755 -2.058948706907805 0
5.736950670936979 -2.058948706907821 0
5.766178374166206 -2.058948706907836 0
5.795406077395429 -2.058948706907852 0
5.824633780624652 -2.058948706907869 0
5.853861483853878 -2.058948706907884 0
5.883089187083101 -2.0589487069079 0
5.912316890312328 -2.058948706907916 0
5.941544593541551 -2.058948706907931 0
5.970772296770777 -2.058948706907947 0
0.1375575785558212 -2.353100693336276 0
0.1732969838923802 -2.353027962785486 0
0.2096646307108959 -2.352619166930973 0
0.2464937403345208 -2.351903983181402 0
0.2836129361780246 -2.350917940828831 0
0.3208483337061488 -2.349699077115349 0
0.3527313478833345 -2.34868586530414 0
0.3828190878323062 -2.347720722535131 0
0.4129068277812779 -2.346687865115372 0
0.4429945677302496 -2.345591890953247 0
0.473082307679222 -2.344435307998785 0
0.5031700476281977 -2.343221878177026 0
0.5332577875771782 -2.341952437471313 0
0.5633455275261621 -2.340629493831676 0
0.5934332674751499 -2.339252629266439 0
0.6235210074241377 -2.337822679758951 0
0.6536087473731259 -2.33633797334252 0
0.6836964873221141 -2.334797674033807 0
0.7137842272711017 -2.333200109866128 0
0.7438719672200897 -2.331542354897783 0
0.7739597071690778 -2.329821065195399 0
0.8040474471180658 -2.328033314817281 0
0.8334031112585492 -2.328033314817292 0
0.8627587753990429 -2.328033314817304 0
0.8921144395395424 -2.328033314817316 0
0.9214701036800276 -2.328033314817327 0
0.9508257678204969 -2.328033314817338 0
0.9801814319609486 -2.32803331481735 0
1.009537096101385 -2.328033314817362 0
1.03889276024181 -2.328033314817372 0
1.068248424382253 -2.328033314817384 0
1.097604088522712 -2.328033314817396 0
1.126959752663195 -2.328033314817407 0
1.156315416803688 -2.328033314817418 0
1.185671080944194 -2.328033314817429 0
1.215026745084704 -2.328033314817442 0
1.244382409225213 -2.328033314817453 0
1.273738073365723 -2.328033314817464 0
1.303093737506232 -2.328033314817476 0
1.332449401646742 -2.328033314817488 0
1.361805065787252 -2.328033314817499 0
1.391160729927761 -2.32803331481751 0
1.420516394068267 -2.328033314817522 0
1.449872058208764 -2.328033314817533 0
1.479227722349237 -2.328033314817544 0
1.508583386489701 -2.328033314817556 0
1.537939050630158 -2.328033314817568 0
1.567294714770615 -2.32803331481758 0
1.596650378911072 -2.328033314817591 0
1.626006043051529 -2.328033314817602 0
1.655361707191986 -2.328033314817614 0
1.684717371332443 -2.328033314817625 0
1.714073035472901 -2.328033314817637 0
1.743428699613357 -2.328033314817648 0
1.772784363753815 -2.32803331481766 0
1.802140027894272 -2.328033314817672 0
1.83149569203474 -2.328033314817682 0
1.860851356175224 -2.328033314817694 0
1.890207020315734 -2.328033314817705 0
1.919562684456244 -2.328033314817717 0
1.948918348596753 -2.328033314817728 0
1.978274012737263 -2.32803331481774 0
2.007629676877773 -2.328033314817751 0
2.036985341018283 -2.328033314817763 0
2.066341005158792 -2.328033314817774 0
2.095696669299302 -2.328033314817786 0
2.125052333439811 -2.328033314817797 0
2.15440799758032 -2.328033314817809 0
2.183763661720829 -2.328033314817819 0
2.213119325861339 -2.328033314817831 0
2.242474990001849 -2.328033314817843 0
2.271830654142359 -2.328033314817854 0
2.301186318282868 -2.328033314817866 0
2.330541982423377 -2.328033314817877 0
2.359897646563887 -2.328033314817889 0
2.389253310704396 -2.328033314817901 0
2.418608974844906 -2.328033314817912 0
2.447964638985415 -2.328033314817923 0
2.477320303125924 -2.328033314817935 0
2.506675967266434 -2.328033314817947 0
2.536031631406944 -2.328033314817958 0
2.565387295547453 -2.328033314817969 0
2.594742959687963 -2.328033314817981 0
2.624098623828471 -2.328033314817993 0
2.653454287968982 -2.328033314818003 0
2.682809952109491 -2.328033314818015 0
2.712165616250001 -2.328033314818026 0
2.74152128039051 -2.328033314818037 0
2.77087694453102 -2.328033314818049 0
2.800232608671529 -2.328033314818061 0
2.82958827281204 -2.328033314818072 0
2.858943936952548 -2.328033314818084 0
2.888299601093058 -2.328033314818095 0
2.917655265233567 -2.328033314818106 0
2.947010929374077 -2.328033314818118 0
2.976366593514586 -2.32803331481813 0
3.005722257655095 -2.328033314818141 0
3.035077921795607 -2.328033314818152 0
3.064433585936149 -2.328033314818164 0
3.093789250076723 -2.328033314818176 0
3.123144914217332 -2.328033314818187 0
3.152500578357968 -2.328033314818199 0
3.181856242498608 -2.328033314818209 0
3.211211906639247 -2.328033314818222 0
3.240567570779887 -2.328033314818233 0
3.269923234920526 -2.328033314818244 0
3.299278899061166 -2.328033314818256 0
3.328634563201805 -2.328033314818268 0
3.357990227342444 -2.328033314818278 0
3.387345891483084 -2.328033314818291 0
3.416701555623723 -2.328033314818302 0
3.446057219764362 -2.328033314818313 0
3.475412883905002 -2.328033314818325 0
3.504768548045642 -2.328033314818336 0
3.534124212186282 -2.328033314818347 0
3.563479876326921 -2.328033314818359 0
3.59283554046756 -2.328033314818371 0
3.622191204608201 -2.328033314818382 0
3.651546868748839 -2.328033314818394 0
3.680902532889478 -2.328033314818405 0
3.710258197030118 -2.328033314818417 0
3.739613861170758 -2.328033314818428 0
3.768969525311397 -2.32803331481844 0
3.798325189452036 -2.328033314818451 0
3.827680853592676 -2.328033314818462 0
3.857036517733316 -2.328033314818474 0
3.886392181873956 -2.328033314818485 0
3.915747846014595 -2.328033314818497 0
3.945103510155234 -2.328033314818509 0
3.974459174295875 -2.328033314818519 0
4.003814838436513 -2.328033314818531 0
4.033170502577152 -2.328033314818543 0
4.062526166717792 -2.328033314818553 0
4.091881830858432 -2.328033314818566 0
4.121237494999073 -2.328033314818577 0
4.15059315913971 -2.328033314818589 0
4.179948823280352 -2.328033314818601 0
4.209304487420991 -2.328033314818611 0
4.23866015156163 -2.328033314818622 0
4.268015815702269 -2.328033314818635 0
4.29737147984291 -2.328033314818646 0
4.326727143983549 -2.328033314818658 0
4.356082808124186 -2.328033314818669 0
4.385438472264827 -2.32803331481868 0
4.414794136405469 -2.328033314818692 0
4.444149800546105 -2.328033314818704 0
4.473505464686744 -2.328033314818715 0
4.502861128827385 -2.328033314818725 0
4.532216792968025 -2.328033314818737 0
4.561572457108665 -2.328033314818748 0
4.590928121249303 -2.32803331481876 0
4.620283785389944 -2.328033314818772 0
4.649639449530582 -2.328033314818783 0
4.678995113671222 -2.328033314818795 0
4.708350777811862 -2.328033314818806 0
4.737706441952502 -2.328033314818817 0
4.767062106093141 -2.328033314818829 0
4.796417770233782 -2.32803331481884 0
4.825773434374421 -2.328033314818852 0
4.85512909851506 -2.328033314818863 0
4.884484762655698 -2.328033314818875 0
4.913840426796338 -2.328033314818887 0
4.943196090936977 -2.328033314818898 0
4.972551755077617 -2.328033314818909 0
5.001907419218258 -2.328033314818921 0
5.031263083358896 -2.328033314818932 0
5.060618747499538 -2.328033314818944 0
5.089974411640174 -2.328033314818955 0
5.119330075780814 -2.328033314818966 0
5.148685739921453 -2.328033314818978 0
5.178041404062094 -2.32803331481899 0
5.207397068202734 -2.328033314819001 0
5.236752732343373 -2.328033314819012 0
5.266108396484013 -2.328033314819025 0
5.295464060624653 -2.328033314819036 0
5.324819724765292 -2.328033314819048 0
5.354175388905931 -2.328033314819059 0
5.383531053046569 -2.32803331481907 0
5.412886717187209 -2.328033314819081 0
5.44224238132785 -2.328033314819093 0
5.471598045468488 -2.328033314819104 0
5.500953709609129 -2.328033314819117 0
5.530309373749768 -2.328033314819127 0
5.559665037890408 -2.328033314819138 0
5.589020702031049 -2.32803331481915 0
5.618376366171685 -2.328033314819161 0
5.647732030312326 -2.328033314819173 0
5.677087694452965 -2.328033314819185 0
5.706443358593607 -2.328033314819196 0
5.735799022734243 -2.328033314819207 0
5.765154686874883 -2.328033314819219 0
5.794510351015522 -2.32803331481923 0
5.823866015156165 -2.328033314819242 0
5.853221679296802 -2.328033314819253 0
5.882577343437442 -2.328033314819265 0
5.911933007578082 -2.328033314819276 0
5.941288671718722 -2.328033314819288 0
5.97064433585936 -2.3280333148193 0
0.1200987746036441 -2.620801485916361 0
0.1549297537552437 -2.620740577597814 0
0.1902868547619526 -2.620398230841802 0
0.2260304085484619 -2.619799299042682 0
0.2620168955135779 -2.618973536264111 0
0.2981006957692598 -2.6179527968566 0
0.3297021338461781 -2.617104280970523 0
0.359800116588634 -2.61629602058234 0
0.3898980993310898 -2.615431052449295 0
0.4199960820735456 -2.614513227097274 0
0.450094064816002 -2.613544644813122 0
0.4801920475584623 -2.612528456027111 0
0.5102900303009276 -2.611465360834858 0
0.5403880130433971 -2.610357459523206 0
0.5704859957858712 -2.609204402044349 0
0.6005839785283451 -2.608006888493903 0
0.630681961270819 -2.606763518680635 0
0.6607799440132932 -2.605473592508933 0
0.690877926755767 -2.604135709787562 0
0.720975909498241 -2.602747420181871 0
0.7510738922407147 -2.601305923309393 0
0.7811718749831889 -2.599808768835479 0
0.8106567796442032 -2.599808768835485 0
0.840141684305225 -2.599808768835493 0
0.86962658896625 -2.599808768835498 0
0.8991114936272591 -2.599808768835504 0
0.928596398288254 -2.599808768835511 0
0.9580813029492329 -2.599808768835518 0
0.9875662076101992 -2.599808768835524 0
1.017051112271155 -2.59980876883553 0
1.046536016932127 -2.599808768835538 0
1.076020921593111 -2.599808768835544 0
1.105505826254119 -2.59980876883555 0
1.134990730915137 -2.599808768835558 0
1.164475635576169 -2.599808768835564 0
1.193960540237206 -2.59980876883557 0
1.223445444898243 -2.599808768835577 0
1.252930349559279 -2.599808768835584 0
1.282415254220315 -2.59980876883559 0
1.311900158881351 -2.599808768835597 0
1.341385063542388 -2.599808768835603 0
1.370869968203424 -2.599808768835608 0
1.400354872864458 -2.599808768835616 0
1.429839777525483 -2.599808768835622 0
1.459324682186489 -2.599808768835628 0
1.488809586847487 -2.599808768835635 0
1.51829449150848 -2.599808768835642 0
1.547779396169472 -2.599808768835649 0
1.577264300830465 -2.599808768835655 0
1.606749205491457 -2.599808768835662 0
1.63623411015245 -2.599808768835668 0
1.665719014813442 -2.599808768835674 0
1.695203919474435 -2.599808768835681 0
1.724688824135427 -2.599808768835688 0
1.75417372879642 -2.599808768835694 0
1.783658633457413 -2.599808768835701 0
1.813143538118414 -2.599808768835708 0
1.842628442779429 -2.599808768835714 0
1.872113347440466 -2.59980876883572 0
1.901598252101502 -2.599808768835727 0
1.931083156762538 -2.599808768835734 0
1.960568061423576 -2.599808768835741 0
1.990052966084611 -2.599808768835747 0
2.019537870745648 -2.599808768835754 0
2.049022775406685 -2.59980876883576 0
2.078507680067721 -2.599808768835767 0
2.107992584728757 -2.599808768835774 0
2.137477489389793 -2.599808768835779 0
2.16696239405083 -2.599808768835786 0
2.196447298711867 -2.599808768835793 0
2.225932203372902 -2.599808768835799 0
2.25541710803394 -2.599808768835806 0
2.284902012694976 -2.599808768835813 0
2.314386917356012 -2.599808768835819 0
2.343871822017047 -2.599808768835826 0
2.373356726678085 -2.599808768835833 0
2.402841631339121 -2.599808768835839 0
2.432326536000156 -2.599808768835846 0
2.461811440661194 -2.599808768835852 0
2.491296345322229 -2.599808768835858 0
2.520781249983266 -2.599808768835866 0
2.550266154644302 -2.599808768835872 0
2.579751059305339 -2.599808768835878 0
2.609235963966375 -2.599808768835885 0
2.638720868627412 -2.599808768835891 0
2.668205773288447 -2.599808768835898 0
2.697690677949485 -2.599808768835905 0
2.727175582610522 -2.599808768835911 0
2.756660487271557 -2.599808768835918 0
2.786145391932593 -2.599808768835924 0
2.81563029659363 -2.599808768835931 0
2.845115201254667 -2.599808768835937 0
2.874600105915702 -2.599808768835944 0
2.904085010576739 -2.59980876883595 0
2.933569915237776 -2.599808768835957 0
2.963054819898812 -2.599808768835963 0
2.992539724559848 -2.59980876883597 0
3.022024629220886 -2.599808768835977 0
3.051509533881959 -2.599808768835983 0
3.080994438543068 -2.599808768835989 0
3.110479343204214 -2.599808768835996 0
3.139964247865392 -2.599808768836003 0
3.169449152526575 -2.599808768836009 0
3.198934057187756 -2.599808768836016 0
3.228418961848937 -2.599808768836023 0
3.257903866510119 -2.599808768836029 0
3.287388771171301 -2.599808768836035 0
3.316873675832482 -2.599808768836043 0
3.346358580493663 -2.599808768836049 0
3.375843485154844 -2.599808768836056 0
3.405328389816026 -2.599808768836062 0
3.434813294477207 -2.599808768836068 0
3.46429819913839 -2.599808768836074 0
3.493783103799571 -2.599808768836082 0
3.523268008460753 -2.599808768836088 0
3.552752913121934 -2.599808768836095 0
3.582237817783116 -2.599808768836101 0
3.611722722444296 -2.599808768836107 0
3.641207627105478 -2.599808768836114 0
3.67069253176666 -2.599808768836121 0
3.700177436427841 -2.599808768836128 0
3.729662341089023 -2.599808768836134 0
3.759147245750204 -2.59980876883614 0
3.788632150411386 -2.599808768836146 0
3.818117055072567 -2.599808768836153 0
3.847601959733749 -2.59980876883616 0
3.877086864394931 -2.599808768836167 0
3.906571769056113 -2.599808768836173 0
3.936056673717293 -2.59980876883618 0
3.965541578378475 -2.599808768836186 0
3.995026483039656 -2.599808768836192 0
4.024511387700838 -2.599808768836199 0
4.053996292362021 -2.599808768836207 0
4.083481197023201 -2.599808768836213 0
4.112966101684381 -2.599808768836219 0
4.142451006345564 -2.599808768836225 0
4.171935911006746 -2.599808768836233 0
4.201420815667928 -2.599808768836239 0
4.230905720329108 -2.599808768836246 0
4.26039062499029 -2.599808768836252 0
4.289875529651472 -2.599808768836258 0
4.319360434312652 -2.599808768836265 0
4.348845338973836 -2.599808768836271 0
4.378330243635016 -2.599808768836278 0
4.407815148296199 -2.599808768836284 0
4.437300052957381 -2.599808768836292 0
4.466784957618562 -2.599808768836298 0
4.496269862279743 -2.599808768836304 0
4.525754766940924 -2.599808768836311 0
4.555239671602106 -2.599808768836317 0
4.584724576263286 -2.599808768836323 0
4.614209480924469 -2.59980876883633 0
4.643694385585649 -2.599808768836337 0
4.673179290246831 -2.599808768836343 0
4.702664194908013 -2.59980876883635 0
4.732149099569195 -2.599808768836357 0
4.761634004230377 -2.599808768836364 0
4.791118908891558 -2.59980876883637 0
4.820603813552738 -2.599808768836376 0
4.850088718213922 -2.599808768836382 0
4.879573622875103 -2.59980876883639 0
4.909058527536283 -2.599808768836396 0
4.938543432197465 -2.599808768836402 0
4.968028336858646 -2.59980876883641 0
4.997513241519828 -2.599808768836416 0
5.026998146181009 -2.599808768836422 0
5.056483050842191 -2.599808768836429 0
5.085967955503373 -2.599808768836435 0
5.115452860164554 -2.599808768836442 0
5.144937764825734 -2.599808768836448 0
5.174422669486919 -2.599808768836455 0
5.203907574148099 -2.599808768836462 0
5.233392478809281 -2.599808768836469 0
5.262877383470463 -2.599808768836475 0
5.292362288131644 -2.599808768836481 0
5.321847192792825 -2.599808768836488 0
5.351332097454006 -2.599808768836494 0
5.380817002115187 -2.599808768836501 0
5.41030190677637 -2.599808768836507 0
5.439786811437551 -2.599808768836513 0
5.469271716098733 -2.599808768836521 0
5.498756620759915 -2.599808768836528 0
5.528241525421096 -2.599808768836534 0
5.557726430082277 -2.599808768836541 0
5.58721133474346 -2.599808768836547 0
5.616696239404639 -2.599808768836553 0
5.646181144065821 -2.59980876883656 0
5.675666048727003 -2.599808768836566 0
5.705150953388184 -2.599808768836573 0
5.734635858049364 -2.59980876883658 0
5.764120762710548 -2.599808768836587 0
5.793605667371729 -2.599808768836593 0
5.823090572032911 -2.5998087688366 0
5.852575476694093 -2.599808768836606 0
5.882060381355273 -2.599808768836612 0
5.911545286016457 -2.599808768836619 0
5.941030190677639 -2.599808768836625 0
5.970515095338818 -2.599808768836631 0
0.1024653826244843 -2.89117928622999 0
0.1363788513299279 -2.891130318365998 0
0.1707153010674386 -2.890855085199422 0
0.2053624434592414 -2.890373567870168 0
0.2402048944580001 -2.889709687461221 0
0.2751255814693436 -2.888889053602599 0
0.3064426276851941 -2.888206880600781 0
0.3365509556490616 -2.887557071417119 0
0.3666592836129291 -2.886861671463532 0
0.3967676115767965 -2.886123776409585 0
0.4268759395406646 -2.885345074802312 0
0.456984267504537 -2.884528099462263 0
0.4870925954684151 -2.883673413238452 0
0.5172009234322977 -2.88278270467791 0
0.547309251396185 -2.881855692356134 0
0.5774175793600727 -2.880892939122131 0
0.6075259073239601 -2.879893319277883 0
0.6376342352878477 -2.878856269974377 0
0.6677425632517351 -2.87778066551359 0
0.6978508912156227 -2.876664535923983 0
0.7279592191795101 -2.875505629809508 0
0.7580675471433977 -2.874301977198627 0
0.7876829847300559 -2.874301977198626 0
0.8172984223167177 -2.874301977198628 0
0.8469138599033809 -2.874301977198626 0
0.8765292974900263 -2.874301977198627 0
0.9061447350766586 -2.874301977198625 0
0.9357601726632772 -2.874301977198626 0
0.9653756102498855 -2.874301977198625 0
0.9949910478364861 -2.874301977198626 0
1.024606485423099 -2.874301977198625 0
1.054221923009722 -2.874301977198624 0
1.083837360596364 -2.874301977198624 0
1.11345279818302 -2.874301977198623 0
1.143068235769692 -2.874301977198623 0
1.172683673356368 -2.874301977198624 0
1.202299110943043 -2.874301977198623 0
1.231914548529719 -2.874301977198622 0
1.261529986116394 -2.874301977198623 0
1.29114542370307 -2.874301977198622 0
1.320760861289745 -2.874301977198622 0
1.350376298876422 -2.874301977198622 0
1.379991736463095 -2.874301977198621 0
1.409607174049761 -2.874301977198621 0
1.439222611636413 -2.874301977198621 0
1.468838049223057 -2.87430197719862 0
1.498453486809698 -2.874301977198619 0
1.528068924396338 -2.87430197719862 0
1.557684361982979 -2.874301977198619 0
1.587299799569619 -2.874301977198619 0
1.616915237156259 -2.87430197719862 0
1.6465306747429 -2.874301977198619 0
1.67614611232954 -2.874301977198618 0
1.705761549916181 -2.874301977198618 0
1.735376987502821 -2.874301977198617 0
1.764992425089462 -2.874301977198616 0
1.794607862676109 -2.874301977198618 0
1.824223300262768 -2.874301977198616 0
1.853838737849444 -2.874301977198617 0
1.88345417543612 -2.874301977198616 0
1.913069613022795 -2.874301977198616 0
1.942685050609471 -2.874301977198615 0
1.972300488196146 -2.874301977198616 0
2.001915925782822 -2.874301977198614 0
2.031531363369498 -2.874301977198615 0
2.061146800956173 -2.874301977198614 0
2.090762238542848 -2.874301977198614 0
2.120377676129525 -2.874301977198614 0
2.1499931137162 -2.874301977198614 0
2.179608551302876 -2.874301977198614 0
2.209223988889551 -2.874301977198613 0
2.238839426476228 -2.874301977198613 0
2.268454864062903 -2.874301977198612 0
2.298070301649579 -2.874301977198612 0
2.327685739236254 -2.874301977198612 0
2.35730117682293 -2.874301977198612 0
2.386916614409605 -2.874301977198611 0
2.416532051996281 -2.874301977198611 0
2.446147489582956 -2.874301977198611 0
2.475762927169633 -2.87430197719861 0
2.505378364756308 -2.874301977198611 0
2.534993802342985 -2.87430197719861 0
2.564609239929659 -2.87430197719861 0
2.594224677516336 -2.874301977198609 0
2.623840115103011 -2.874301977198609 0
2.653455552689686 -2.874301977198608 0
2.683070990276361 -2.874301977198608 0
2.712686427863038 -2.874301977198607 0
2.742301865449714 -2.874301977198607 0
2.771917303036389 -2.874301977198607 0
2.801532740623065 -2.874301977198607 0
2.83114817820974 -2.874301977198606 0
2.860763615796416 -2.874301977198607 0
2.890379053383092 -2.874301977198606 0
2.919994490969767 -2.874301977198606 0
2.949609928556443 -2.874301977198606 0
2.979225366143117 -2.874301977198606 0
3.008840803729796 -2.874301977198605 0
3.038456241316512 -2.874301977198605 0
3.068071678903268 -2.874301977198604 0
3.097687116490064 -2.874301977198605 0
3.127302554076898 -2.874301977198603 0
3.156917991663734 -2.874301977198604 0
3.18653342925057 -2.874301977198604 0
3.216148866837406 -2.874301977198603 0
3.245764304424243 -2.874301977198602 0
3.275379742011078 -2.874301977198603 0
3.304995179597913 -2.874301977198602 0
3.33461061718475 -2.874301977198602 0
3.364226054771586 -2.874301977198602 0
3.393841492358423 -2.874301977198602 0
3.423456929945258 -2.874301977198601 0
3.453072367532095 -2.874301977198601 0
3.482687805118931 -2.8743019771986 0
3.512303242705768 -2.8743019771986 0
3.541918680292604 -2.874301977198599 0
3.571534117879439 -2.8743019771986 0
3.601149555466275 -2.874301977198599 0
3.630764993053111 -2.874301977198598 0
3.660380430639948 -2.874301977198598 0
3.689995868226783 -2.874301977198598 0
3.71961130581362 -2.874301977198598 0
3.749226743400456 -2.874301977198598 0
3.778842180987291 -2.874301977198598 0
3.808457618574128 -2.874301977198597 0
3.838073056160964 -2.874301977198597 0
3.867688493747801 -2.874301977198597 0
3.897303931334637 -2.874301977198596 0
3.926919368921472 -2.874301977198596 0
3.956534806508309 -2.874301977198596 0
3.986150244095145 -2.874301977198595 0
4.015765681681979 -2.874301977198595 0
4.045381119268817 -2.874301977198595 0
4.074996556855652 -2.874301977198594 0
4.104611994442488 -2.874301977198594 0
4.134227432029325 -2.874301977198594 0
4.163842869616163 -2.874301977198593 0
4.193458307202999 -2.874301977198593 0
4.223073744789833 -2.874301977198593 0
4.252689182376669 -2.874301977198592 0
4.282304619963506 -2.874301977198592 0
4.311920057550342 -2.874301977198592 0
4.341535495137179 -2.874301977198592 0
4.371150932724014 -2.874301977198591 0
4.40076637031085 -2.874301977198591 0
4.430381807897686 -2.874301977198591 0
4.459997245484524 -2.87430197719859 0
4.489612683071357 -2.87430197719859 0
4.519228120658194 -2.87430197719859 0
4.54884355824503 -2.87430197719859 0
4.578458995831867 -2.874301977198589 0
4.608074433418705 -2.874301977198589 0
4.63768987100554 -2.874301977198589 0
4.667305308592375 -2.874301977198588 0
4.696920746179212 -2.874301977198588 0
4.726536183766045 -2.874301977198587 0
4.756151621352883 -2.874301977198587 0
4.78576705893972 -2.874301977198587 0
4.815382496526556 -2.874301977198586 0
4.844997934113393 -2.874301977198587 0
4.874613371700229 -2.874301977198586 0
4.904228809287063 -2.874301977198586 0
4.933844246873901 -2.874301977198586 0
4.963459684460735 -2.874301977198585 0
4.993075122047574 -2.874301977198585 0
5.022690559634407 -2.874301977198585 0
5.052305997221243 -2.874301977198584 0
5.081921434808081 -2.874301977198584 0
5.111536872394916 -2.874301977198584 0
5.141152309981752 -2.874301977198584 0
5.17076774756859 -2.874301977198584 0
5.200383185155426 -2.874301977198583 0
5.229998622742261 -2.874301977198583 0
5.259614060329098 -2.874301977198583 0
5.289229497915934 -2.874301977198582 0
5.318844935502771 -2.874301977198582 0
5.348460373089605 -2.874301977198582 0
5.378075810676441 -2.874301977198582 0
5.407691248263278 -2.874301977198582 0
5.437306685850114 -2.874301977198581 0
5.46692212343695 -2.874301977198581 0
5.496537561023787 -2.874301977198581 0
5.526152998610621 -2.87430197719858 0
5.555768436197459 -2.87430197719858 0
5.585383873784295 -2.87430197719858 0
5.61499931137113 -2.874301977198579 0
5.644614748957967 -2.874301977198579 0
5.674230186544802 -2.874301977198579 0
5.703845624131638 -2.874301977198578 0
5.733461061718475 -2.874301977198578 0
5.763076499305311 -2.874301977198578 0
5.792691936892148 -2.874301977198578 0
5.822307374478983 -2.874301977198578 0
5.851922812065821 -2.874301977198578 0
5.881538249652655 -2.874301977198577 0
5.911153687239493 -2.874301977198577 0
5.940769124826328 -2.874301977198576 0
5.970384562413165 -2.874301977198576 0
0.08465565672520917 -3.164260864551717 0
0.1176424398800181 -3.164223956546826 0
0.1509480318356196 -3.164016508105583 0
0.1844877987187485 -3.1636535793909 0
0.218174773391465 -3.163153200175275 0
0.2519207160260046 -3.162534672921033 0
0.2829505264621715 -3.162020506232322 0
0.3130693030996649 -3.161530732765229 0
0.3431880797371582 -3.1610065966729 0
0.3733068563746517 -3.160450431220013 0
0.4034256330121457 -3.159863509096392 0
0.4335444096496445 -3.159247739336769 0
0.4636631862871495 -3.158603546171088 0
0.4937819629246594 -3.157932202289172 0
0.5239007395621746 -3.15723349557605 0
0.5540195161996899 -3.156507850261663 0
0.5841382928372053 -3.15575441788613 0
0.6142570694747205 -3.154972774219508 0
0.6443758461122362 -3.154162070801916 0
0.6744946227497515 -3.15332082282856 0
0.7046133993872665 -3.152447333379674 0
0.7347321760247821 -3.151540117650464 0
0.7644794518663426 -3.151540117650457 0
0.7942267277079037 -3.151540117650451 0
0.8239740035494637 -3.151540117650445 0
0.8537212793910045 -3.151540117650439 0
0.8834685552325334 -3.151540117650432 0
0.9132158310740501 -3.151540117650426 0
0.9429631069155595 -3.151540117650419 0
0.9727103827570627 -3.151540117650414 0
1.002457658598575 -3.151540117650406 0
1.032204934440095 -3.1515401176504 0
1.061952210281633 -3.151540117650393 0
1.091699486123185 -3.151540117650387 0
1.121446761964754 -3.151540117650381 0
1.151194037806328 -3.151540117650374 0
1.180941313647902 -3.151540117650367 0
1.210688589489475 -3.151540117650361 0
1.240435865331049 -3.151540117650355 0
1.270183141172623 -3.151540117650349 0
1.299930417014197 -3.151540117650342 0
1.329677692855771 -3.151540117650336 0
1.359424968697343 -3.15154011765033 0
1.389172244538909 -3.151540117650323 0
1.418919520380465 -3.151540117650318 0
1.448666796222016 -3.151540117650309 0
1.478414072063563 -3.151540117650304 0
1.508161347905109 -3.151540117650297 0
1.537908623746657 -3.151540117650291 0
1.567655899588204 -3.151540117650284 0
1.597403175429751 -3.151540117650278 0
1.627150451271298 -3.151540117650272 0
1.656897727112845 -3.151540117650264 0
1.686645002954393 -3.15154011765026 0
1.716392278795939 -3.151540117650253 0
1.746139554637486 -3.151540117650246 0
1.77588683047904 -3.151540117650239 0
1.805634106320601 -3.151540117650232 0
1.835381382162174 -3.151540117650227 0
1.865128658003748 -3.15154011765022 0
1.894875933845322 -3.151540117650212 0
1.924623209686895 -3.151540117650207 0
1.954370485528469 -3.1515401176502 0
1.984117761370043 -3.151540117650194 0
2.013865037211617 -3.151540117650188 0
2.04361231305319 -3.151540117650181 0
2.073359588894764 -3.151540117650175 0
2.103106864736339 -3.151540117650169 0
2.132854140577912 -3.151540117650163 0
2.162601416419485 -3.151540117650156 0
2.192348692261059 -3.151540117650149 0
2.222095968102633 -3.151540117650143 0
2.251843243944208 -3.151540117650137 0
2.28159051978578 -3.15154011765013 0
2.311337795627354 -3.151540117650123 0
2.341085071468928 -3.151540117650117 0
2.370832347310501 -3.151540117650111 0
2.400579623152074 -3.151540117650104 0
2.430326898993649 -3.151540117650098 0
2.460074174835223 -3.151540117650092 0
2.489821450676797 -3.151540117650085 0
2.51956872651837 -3.151540117650079 0
2.549316002359944 -3.151540117650072 0
2.579063278201517 -3.151540117650065 0
2.608810554043091 -3.151540117650059 0
2.638557829884665 -3.151540117650053 0
2.668305105726239 -3.151540117650046 0
2.698052381567813 -3.15154011765004 0
2.727799657409386 -3.151540117650034 0
2.75754693325096 -3.151540117650027 0
2.787294209092534 -3.151540117650021 0
2.817041484934108 -3.151540117650015 0
2.846788760775681 -3.151540117650008 0
2.876536036617255 -3.151540117650002 0
2.906283312458829 -3.151540117649994 0
2.936030588300402 -3.151540117649989 0
2.965777864141976 -3.151540117649983 0
2.995525139983552 -3.151540117649975 0
3.025272415825169 -3.151540117649969 0
3.055019691666832 -3.151540117649962 0
3.084766967508538 -3.151540117649956 0
3.114514243350284 -3.15154011764995 0
3.144261519192034 -3.151540117649944 0
3.174008795033783 -3.151540117649938 0
3.203756070875533 -3.151540117649931 0
3.233503346717284 -3.151540117649923 0
3.263250622559033 -3.151540117649918 0
3.292997898400782 -3.151540117649912 0
3.322745174242533 -3.151540117649904 0
3.35249245008428 -3.151540117649898 0
3.382239725926032 -3.151540117649892 0
3.411987001767781 -3.151540117649885 0
3.44173427760953 -3.151540117649879 0
3.47148155345128 -3.151540117649872 0
3.50122882929303 -3.151540117649866 0
3.530976105134779 -3.15154011764986 0
3.560723380976529 -3.151540117649854 0
3.590470656818278 -3.151540117649847 0
3.620217932660028 -3.15154011764984 0
3.649965208501778 -3.151540117649834 0
3.679712484343528 -3.151540117649827 0
3.709459760185277 -3.151540117649822 0
3.739207036027028 -3.151540117649815 0
3.768954311868776 -3.151540117649808 0
3.798701587710527 -3.151540117649802 0
3.828448863552276 -3.151540117649795 0
3.858196139394025 -3.151540117649788 0
3.887943415235776 -3.151540117649782 0
3.917690691077525 -3.151540117649777 0
3.947437966919274 -3.151540117649771 0
3.977185242761025 -3.151540117649763 0
4.006932518602773 -3.151540117649757 0
4.036679794444523 -3.15154011764975 0
4.066427070286273 -3.151540117649744 0
4.096174346128022 -3.151540117649738 0
4.125921621969773 -3.151540117649731 0
4.155668897811523 -3.151540117649726 0
4.185416173653273 -3.151540117649718 0
4.215163449495022 -3.151540117649712 0
4.244910725336772 -3.151540117649705 0
4.27465800117852 -3.151540117649699 0
4.30440527702027 -3.151540117649693 0
4.334152552862019 -3.151540117649686 0
4.36389982870377 -3.15154011764968 0
4.393647104545519 -3.151540117649673 0
4.423394380387268 -3.151540117649667 0
4.453141656229018 -3.15154011764966 0
4.482888932070768 -3.151540117649654 0
4.512636207912518 -3.151540117649648 0
4.542383483754268 -3.151540117649641 0
4.572130759596017 -3.151540117649635 0
4.601878035437768 -3.151540117649628 0
4.631625311279516 -3.151540117649622 0
4.661372587121265 -3.151540117649616 0
4.691119862963015 -3.151540117649609 0
4.720867138804766 -3.151540117649603 0
4.750614414646515 -3.151540117649597 0
4.780361690488265 -3.15154011764959 0
4.810108966330013 -3.151540117649584 0
4.839856242171763 -3.151540117649577 0
4.869603518013514 -3.151540117649571 0
4.899350793855263 -3.151540117649565 0
4.929098069697014 -3.151540117649558 0
4.958845345538761 -3.151540117649551 0
4.988592621380514 -3.151540117649545 0
5.018339897222262 -3.151540117649539 0
5.048087173064012 -3.151540117649532 0
5.077834448905762 -3.151540117649526 0
5.10758172474751 -3.151540117649519 0
5.13732900058926 -3.151540117649513 0
5.16707627643101 -3.151540117649507 0
5.196823552272759 -3.1515401176495 0
5.226570828114509 -3.151540117649493 0
5.256318103956259 -3.151540117649487 0
5.28606537979801 -3.151540117649481 0
5.315812655639759 -3.151540117649474 0
5.345559931481508 -3.151540117649468 0
5.375307207323258 -3.151540117649462 0
5.405054483165006 -3.151540117649455 0
5.434801759006756 -3.151540117649449 0
5.464549034848506 -3.151540117649442 0
5.494296310690257 -3.151540117649436 0
5.524043586532008 -3.15154011764943 0
5.553790862373756 -3.151540117649423 0
5.583538138215506 -3.151540117649417 0
5.613285414057254 -3.15154011764941 0
5.643032689899005 -3.151540117649404 0
5.672779965740755 -3.151540117649398 0
5.702527241582501 -3.151540117649391 0
5.732274517424253 -3.151540117649385 0
5.762021793266003 -3.151540117649378 0
5.791769069107753 -3.151540117649372 0
5.821516344949501 -3.151540117649366 0
5.851263620791252 -3.151540117649359 0
5.881010896633001 -3.151540117649353 0
5.910758172474752 -3.151540117649346 0
5.940505448316501 -3.15154011764934 0
5.970252724158251 -3.151540117649334 0
0.06666783356348115 -3.440073258709719 0
0.0987186643119695 -3.440048531162522 0
0.1309830899076428 -3.439909545293876 0
0.1634044075267963 -3.43966639107993 0
0.1959243511099861 -3.439331148069593 0
0.2284838019237264 -3.438916748485813 0
0.2592235042223571 -3.438572268173372 0
0.2893528340202146 -3.438244130780043 0
0.3194821638180723 -3.437892971187617 0
0.3496114936159299 -3.437520352631834 0
0.3797408234137881 -3.437127127786736 0
0.4098701532116517 -3.436714575663382 0
0.439999483009522 -3.436282980486454 0
0.4701288128073976 -3.435833194929989 0
0.5002581426052792 -3.435365076881653 0
0.5303874724031608 -3.434878910566123 0
0.5605168022010423 -3.434374127534038 0
0.5906461319989237 -3.433850443560717 0
0.6207754617968052 -3.433307290196802 0
0.6509047915946871 -3.432743672655911 0
0.6810341213925682 -3.432158454039323 0
0.71116345119045 -3.431550639560659 0
0.7410438836694873 -3.431550639560645 0
0.770924316148522 -3.431550639560632 0
0.8008047486275536 -3.431550639560618 0
0.8306851811065641 -3.431550639560604 0
0.8605656135855637 -3.431550639560589 0
0.8904460460645539 -3.431550639560577 0
0.9203264785435386 -3.431550639560562 0
0.9502069110225191 -3.431550639560549 0
0.9800873435015065 -3.431550639560535 0
1.009967775980498 -3.431550639560521 0
1.039848208459506 -3.431550639560508 0
1.069728640938528 -3.431550639560494 0
1.099609073417569 -3.43155063956048 0
1.129489505896616 -3.431550639560466 0
1.159369938375662 -3.431550639560453 0
1.189250370854708 -3.431550639560439 0
1.219130803333755 -3.431550639560426 0
1.249011235812801 -3.431550639560411 0
1.278891668291848 -3.431550639560397 0
1.308772100770894 -3.431550639560385 0
1.338652533249939 -3.43155063956037 0
1.368532965728982 -3.431550639560357 0
1.398413398208015 -3.431550639560343 0
1.428293830687046 -3.431550639560329 0
1.458174263166074 -3.431550639560315 0
1.488054695645103 -3.431550639560302 0
1.517935128124132 -3.431550639560288 0
1.547815560603161 -3.431550639560274 0
1.577695993082189 -3.43155063956026 0
1.607576425561217 -3.431550639560247 0
1.637456858040246 -3.431550639560234 0
1.667337290519275 -3.43155063956022 0
1.697217722998303 -3.431550639560205 0
1.727098155477332 -3.431550639560191 0
1.756978587956364 -3.431550639560179 0
1.786859020435402 -3.431550639560165 0
1.816739452914448 -3.43155063956015 0
1.846619885393495 -3.431550639560136 0
1.876500317872541 -3.431550639560123 0
1.906380750351588 -3.431550639560109 0
1.936261182830634 -3.431550639560095 0
1.96614161530968 -3.431550639560082 0
1.996022047788727 -3.431550639560068 0
2.025902480267773 -3.431550639560055 0
2.055782912746821 -3.43155063956004 0
2.085663345225866 -3.431550639560027 0
2.115543777704913 -3.431550639560013 0
2.145424210183959 -3.431550639559998 0
2.175304642663005 -3.431550639559986 0
2.205185075142052 -3.431550639559973 0
2.235065507621099 -3.431550639559958 0
2.264945940100144 -3.431550639559944 0
2.29482637257919 -3.431550639559932 0
2.324706805058238 -3.431550639559917 0
2.354587237537283 -3.431550639559902 0
2.38446767001633 -3.43155063955989 0
2.414348102495375 -3.431550639559876 0
2.444228534974422 -3.431550639559862 0
2.474108967453469 -3.431550639559849 0
2.503989399932516 -3.431550639559835 0
2.533869832411561 -3.431550639559821 0
2.563750264890607 -3.431550639559807 0
2.593630697369655 -3.431550639559793 0
2.623511129848701 -3.431550639559779 0
2.653391562327747 -3.431550639559766 0
2.683271994806794 -3.431550639559751 0
2.71315242728584 -3.431550639559738 0
2.743032859764886 -3.431550639559725 0
2.772913292243933 -3.43155063955971 0
2.80279372472298 -3.431550639559697 0
2.832674157202026 -3.431550639559683 0
2.862554589681073 -3.431550639559671 0
2.892435022160118 -3.431550639559656 0
2.922315454639164 -3.431550639559641 0
2.952195887118211 -3.431550639559628 0
2.98207631959726 -3.431550639559615 0
3.011956752076354 -3.4315506395596 0
3.041837184555497 -3.431550639559587 0
3.071717617034687 -3.431550639559573 0
3.101598049513921 -3.431550639559559 0
3.13147848199316 -3.431550639559546 0
3.161358914472399 -3.431550639559533 0
3.191239346951636 -3.431550639559518 0
3.221119779430874 -3.431550639559505 0
3.251000211910113 -3.431550639559491 0
3.28088064438935 -3.431550639559477 0
3.310761076868587 -3.431550639559463 0
3.340641509347826 -3.431550639559449 0
3.370521941827064 -3.431550639559436 0
3.400402374306301 -3.431550639559422 0
3.430282806785539 -3.431550639559409 0
3.460163239264778 -3.431550639559394 0
3.490043671744015 -3.431550639559381 0
3.519924104223254 -3.431550639559367 0
3.54980453670249 -3.431550639559353 0
3.579684969181729 -3.431550639559341 0
3.609565401660968 -3.431550639559326 0
3.639445834140205 -3.431550639559312 0
3.669326266619443 -3.431550639559299 0
3.699206699098681 -3.431550639559285 0
3.729087131577919 -3.431550639559271 0
3.758967564057156 -3.431550639559258 0
3.788847996536395 -3.431550639559244 0
3.818728429015632 -3.43155063955923 0
3.84860886149487 -3.431550639559216 0
3.878489293974108 -3.431550639559202 0
3.908369726453346 -3.431550639559188 0
3.938250158932585 -3.431550639559175 0
3.968130591411821 -3.431550639559161 0
3.998011023891058 -3.431550639559148 0
4.027891456370297 -3.431550639559134 0
4.057771888849535 -3.43155063955912 0
4.087652321328773 -3.431550639559106 0
4.117532753808013 -3.431550639559093 0
4.147413186287249 -3.431550639559079 0
4.177293618766488 -3.431550639559065 0
4.207174051245726 -3.431550639559052 0
4.237054483724962 -3.431550639559038 0
4.266934916204201 -3.431550639559024 0
4.296815348683439 -3.431550639559011 0
4.326695781162676 -3.431550639558997 0
4.356576213641913 -3.431550639558983 0
4.386456646121153 -3.431550639558969 0
4.416337078600391 -3.431550639558954 0
4.446217511079627 -3.431550639558942 0
4.476097943558863 -3.431550639558928 0
4.505978376038104 -3.431550639558913 0
4.535858808517343 -3.431550639558901 0
4.565739240996581 -3.431550639558887 0
4.595619673475819 -3.431550639558873 0
4.625500105955056 -3.431550639558859 0
4.655380538434293 -3.431550639558846 0
4.685260970913531 -3.431550639558832 0
4.715141403392771 -3.431550639558818 0
4.745021835872008 -3.431550639558803 0
4.774902268351245 -3.43155063955879 0
4.804782700830482 -3.431550639558777 0
4.834663133309721 -3.431550639558762 0
4.86454356578896 -3.431550639558748 0
4.894423998268197 -3.431550639558736 0
4.924304430747435 -3.431550639558721 0
4.954184863226674 -3.431550639558707 0
4.984065295705911 -3.431550639558694 0
5.013945728185147 -3.43155063955868 0
5.043826160664386 -3.431550639558666 0
5.073706593143623 -3.431550639558653 0
5.103587025622863 -3.431550639558639 0
5.133467458102102 -3.431550639558625 0
5.163347890581338 -3.431550639558611 0
5.193228323060575 -3.431550639558599 0
5.223108755539814 -3.431550639558584 0
5.252989188019053 -3.43155063955857 0
5.282869620498292 -3.431550639558557 0
5.312750052977528 -3.431550639558543 0
5.342630485456766 -3.431550639558529 0
5.372510917936003 -3.431550639558515 0
5.402391350415241 -3.431550639558502 0
5.432271782894479 -3.431550639558488 0
5.462152215373718 -3.431550639558474 0
5.492032647852955 -3.43155063955846 0
5.521913080332196 -3.431550639558447 0
5.551793512811431 -3.431550639558433 0
5.581673945290671 -3.431550639558419 0
5.611554377769906 -3.431550639558405 0
5.641434810249146 -3.431550639558392 0
5.671315242728385 -3.431550639558378 0
5.701195675207622 -3.431550639558364 0
5.731076107686857 -3.43155063955835 0
5.760956540166098 -3.431550639558337 0
5.790836972645335 -3.431550639558323 0
5.820717405124572 -3.431550639558309 0
5.850597837603811 -3.431550639558295 0
5.880478270083047 -3.431550639558282 0
5.910358702562285 -3.431550639558268 0
5.940239135041525 -3.431550639558254 0
5.970119567520762 -3.43155063955824 0
0.04850013217028876 -3.718643776806915 0
0.07960565098839732 -3.718631351522003 0
0.1108184985605477 -3.718561512851696 0
0.1421101824230909 -3.718439330883506 0
0.173451424605864 -3.718270875440521 0
0.2048125186806022 -3.718062644803923 0
0.2352592117603221 -3.717889547731524 0
0.2653992002501472 -3.717724662772707 0
0.2955391887399721 -3.717548209445193 0
0.3256791772297974 -3.717360973255496 0
0.3558191657196232 -3.717163382661717 0
0.3859591542094548 -3.716956080351003 0
0.4160991426992936 -3.716739209142725 0
0.4462391311891381 -3.716513197494981 0
0.476379119678989 -3.716277973998086 0
0.5065191081688399 -3.71603368147141 0
0.5366590966586913 -3.715780034276217 0
0.5667990851485423 -3.715516889593142 0
0.5969390736383929 -3.715243961783452 0
0.627079062128244 -3.71496075097936 0
0.6572190506180952 -3.714666685903404 0
0.6873590391079459 -3.714361266687798 0
0.7173739597908342 -3.714361266687788 0
0.7473888804737163 -3.714361266687778 0
0.7774038011565931 -3.714361266687767 0
0.8074187218394471 -3.714361266687757 0
0.8374336425222917 -3.714361266687746 0
0.8674485632051284 -3.714361266687737 0
0.8974634838879625 -3.714361266687726 0
0.9274784045707944 -3.714361266687715 0
0.95749332525363 -3.714361266687705 0
0.9875082459364672 -3.714361266687694 0
1.017523166619317 -3.714361266687684 0
1.047538087302184 -3.714361266687675 0
1.077553007985072 -3.714361266687665 0
1.107567928667965 -3.714361266687653 0
1.137582849350858 -3.714361266687643 0
1.16759777003375 -3.714361266687633 0
1.197612690716643 -3.714361266687622 0
1.227627611399536 -3.714361266687612 0
1.257642532082429 -3.714361266687602 0
1.287657452765321 -3.714361266687591 0
1.317672373448214 -3.714361266687581 0
1.347687294131104 -3.714361266687571 0
1.37770221481399 -3.71436126668756 0
1.407717135496876 -3.714361266687551 0
1.437732056179759 -3.71436126668754 0
1.467746976862643 -3.71436126668753 0
1.497761897545528 -3.714361266687519 0
1.527776818228411 -3.71436126668751 0
1.557791738911295 -3.714361266687499 0
1.587806659594179 -3.714361266687489 0
1.617821580277063 -3.714361266687479 0
1.647836500959947 -3.714361266687467 0
1.67785142164283 -3.714361266687457 0
1.707866342325714 -3.714361266687447 0
1.7378812630086 -3.714361266687437 0
1.767896183691488 -3.714361266687426 0
1.797911104374381 -3.714361266687416 0
1.827926025057274 -3.714361266687406 0
1.857940945740167 -3.714361266687395 0
1.88795586642306 -3.714361266687385 0
1.917970787105953 -3.714361266687376 0
1.947985707788845 -3.714361266687364 0
1.978000628471738 -3.714361266687354 0
2.008015549154631 -3.714361266687344 0
2.038030469837524 -3.714361266687334 0
2.068045390520417 -3.714361266687323 0
2.09806031120331 -3.714361266687313 0
2.128075231886202 -3.714361266687302 0
2.158090152569095 -3.714361266687292 0
2.188105073251988 -3.714361266687281 0
2.218119993934881 -3.714361266687271 0
2.248134914617774 -3.714361266687261 0
2.278149835300666 -3.71436126668725 0
2.308164755983559 -3.714361266687241 0
2.338179676666452 -3.71436126668723 0
2.368194597349345 -3.714361266687221 0
2.398209518032237 -3.714361266687209 0
2.428224438715131 -3.714361266687199 0
2.458239359398022 -3.714361266687188 0
2.488254280080916 -3.714361266687177 0
2.518269200763808 -3.714361266687168 0
2.548284121446701 -3.714361266687158 0
2.578299042129595 -3.714361266687146 0
2.608313962812487 -3.714361266687138 0
2.63832888349538 -3.714361266687127 0
2.668343804178273 -3.714361266687117 0
2.698358724861166 -3.714361266687107 0
2.728373645544057 -3.714361266687095 0
2.758388566226951 -3.714361266687085 0
2.788403486909844 -3.714361266687075 0
2.818418407592737 -3.714361266687065 0
2.848433328275631 -3.714361266687054 0
2.878448248958523 -3.714361266687044 0
2.908463169641415 -3.714361266687034 0
2.938478090324307 -3.714361266687022 0
2.968493011007203 -3.714361266687012 0
2.998507931690148 -3.714361266687003 0
3.028522852373145 -3.714361266686993 0
3.058537773056193 -3.714361266686983 0
3.08855269373929 -3.714361266686971 0
3.118567614422391 -3.714361266686961 0
3.148582535105489 -3.714361266686951 0
3.17859745578859 -3.71436126668694 0
3.208612376471691 -3.714361266686931 0
3.238627297154792 -3.714361266686921 0
3.268642217837891 -3.714361266686909 0
3.298657138520992 -3.714361266686899 0
3.328672059204091 -3.714361266686889 0
3.358686979887191 -3.714361266686878 0
3.388701900570291 -3.714361266686868 0
3.418716821253392 -3.714361266686858 0
3.448731741936491 -3.714361266686847 0
3.478746662619592 -3.714361266686837 0
3.508761583302691 -3.714361266686828 0
3.538776503985792 -3.714361266686816 0
3.568791424668892 -3.714361266686806 0
3.598806345351992 -3.714361266686796 0
3.628821266035092 -3.714361266686786 0
3.658836186718192 -3.714361266686776 0
3.688851107401292 -3.714361266686765 0
3.718866028084393 -3.714361266686755 0
3.748880948767493 -3.714361266686745 0
3.778895869450593 -3.714361266686734 0
3.808910790133693 -3.714361266686725 0
3.838925710816793 -3.714361266686714 0
3.868940631499894 -3.714361266686703 0
3.898955552182993 -3.714361266686693 0
3.928970472866094 -3.714361266686683 0
3.958985393549193 -3.714361266686672 0
3.989000314232293 -3.714361266686662 0
4.019015234915392 -3.71436126668665 0
4.049030155598493 -3.714361266686641 0
4.079045076281593 -3.714361266686631 0
4.109059996964694 -3.714361266686621 0
4.139074917647796 -3.714361266686612 0
4.169089838330893 -3.7143612666866 0
4.199104759013994 -3.71436126668659 0
4.229119679697092 -3.714361266686578 0
4.259134600380194 -3.714361266686569 0
4.289149521063294 -3.714361266686558 0
4.319164441746394 -3.714361266686548 0
4.349179362429495 -3.714361266686537 0
4.379194283112597 -3.714361266686528 0
4.409209203795696 -3.714361266686517 0
4.439224124478796 -3.714361266686507 0
4.469239045161895 -3.714361266686497 0
4.499253965844995 -3.714361266686486 0
4.529268886528095 -3.714361266686476 0
4.559283807211195 -3.714361266686465 0
4.589298727894296 -3.714361266686456 0
4.619313648577395 -3.714361266686445 0
4.649328569260494 -3.714361266686434 0
4.679343489943595 -3.714361266686425 0
4.709358410626696 -3.714361266686415 0
4.739373331309796 -3.714361266686403 0
4.769388251992898 -3.714361266686393 0
4.799403172675997 -3.714361266686383 0
4.829418093359098 -3.714361266686372 0
4.859433014042197 -3.714361266686363 0
4.889447934725295 -3.714361266686352 0
4.919462855408396 -3.714361266686341 0
4.949477776091498 -3.714361266686331 0
4.979492696774599 -3.714361266686321 0
5.009507617457697 -3.71436126668631 0
5.039522538140798 -3.7143612666863 0
5.069537458823897 -3.71436126668629 0
5.099552379506997 -3.71436126668628 0
5.129567300190096 -3.714361266686269 0
5.159582220873197 -3.714361266686259 0
5.189597141556298 -3.714361266686248 0
5.219612062239397 -3.714361266686239 0
5.249626982922498 -3.714361266686228 0
5.279641903605598 -3.714361266686218 0
5.3096568242887 -3.714361266686207 0
5.339671744971798 -3.714361266686197 0
5.369686665654897 -3.714361266686187 0
5.399701586337998 -3.714361266686176 0
5.4297165070211 -3.714361266686166 0
5.459731427704201 -3.714361266686156 0
5.489746348387298 -3.714361266686145 0
5.519761269070398 -3.714361266686134 0
5.549776189753498 -3.714361266686125 0
5.5797911104366 -3.714361266686115 0
5.609806031119698 -3.714361266686103 0
5.639820951802799 -3.714361266686094 0
5.669835872485899 -3.714361266686084 0
5.699850793168998 -3.714361266686073 0
5.729865713852099 -3.714361266686062 0
5.7598806345352 -3.714361266686053 0
5.789895555218299 -3.714361266686041 0
5.819910475901399 -3.714361266686031 0
5.849925396584498 -3.714361266686022 0
5.879940317267599 -3.714361266686011 0
5.9099552379507 -3.714361266686 0
5.9399701586338 -3.71436126668599 0
5.969985079316902 -3.71436126668598 0
2 7 0 1298
6651
6652
6653
6654
6655
6656
6657
6658
6659
6660
6661
6662
6663
6664
6665
6666
6667
6668
6669
6670
6671
6672
6673
6674
6675
6676
6677
6678
6679
6680
6681
6682
6683
6684
6685
6686
6687
6688
6689
6690
6691
6692
6693
6694
6695
6696
6697
6698
6699
6700
6701
6702
6703
6704
6705
6706
6707
6708
6709
6710
6711
6712
6713
6714
6715
6716
6717
6718
6719
6720
6721
6722
6723
6724
6725
6726
6727
6728
6729
6730
6731
6732
6733
6734
6735
6736
6737
6738
6739
6740
6741
6742
6743
6744
6745
6746
6747
6748
6749
6750
6751
6752
6753
6754
6755
6756
6757
6758
6759
6760
6761
6762
6763
6764
6765
6766
6767
6768
6769
6770
6771
6772
6773
6774
6775
6776
6777
6778
6779
6780
6781
6782
6783
6784
6785
6786
6787
6788
6789
6790
6791
6792
6793
6794
6795
6796
6797
6798
6799
6800
6801
6802
6803
6804
6805
6806
6807
6808
6809
6810
6811
6812
6813
6814
6815
6816
6817
6818
6819
6820
6821
6822
6823
6824
6825
6826
6827
6828
6829
6830
6831
6832
6833
6834
6835
6836
6837
6838
6839
6840
6841
6842
6843
6844
6845
6846
6847
6848
6849
6850
6851
6852
6853
6854
6855
6856
6857
6858
6859
6860
6861
6862
6863
6864
6865
6866
6867
6868
6869
6870
6871
6872
6873
6874
6875
6876
6877
6878
6879
6880
6881
6882
6883
6884
6885
6886
6887
6888
6889
6890
6891
6892
6893
6894
6895
6896
6897
6898
6899
6900
6901
6902
6903
6904
6905
6906
6907
6908
6909
6910
6911
6912
6913
6914
6915
6916
6917
6918
6919
6920
6921
6922
6923
6924
6925
6926
6927
6928
6929
6930
6931
6932
6933
6934
6935
6936
6937
6938
6939
6940
6941
6942
6943
6944
6945
6946
6947
6948
6949
6950
6951
6952
6953
6954
6955
6956
6957
6958
6959
6960
6961
6962
6963
6964
6965
6966
6967
6968
6969
6970
6971
6972
6973
6974
6975
6976
6977
6978
6979
6980
6981
6982
6983
6984
6985
6986
6987
6988
6989
6990
6991
6992
6993
6994
6995
6996
6997
6998
6999
7000
7001
7002
7003
7004
7005
7006
7007
7008
7009
7010
7011
7012
7013
7014
7015
7016
7017
7018
7019
7020
7021
7022
7023
7024
7025
7026
7027
7028
7029
7030
7031
7032
7033
7034
7035
7036
7037
7038
7039
7040
7041
7042
7043
7044
7045
7046
7047
7048
7049
7050
7051
7052
7053
7054
7055
7056
7057
7058
7059
7060
7061
7062
7063
7064
7065
7066
7067
7068
7069
7070
7071
7072
7073
7074
7075
7076
7077
7078
7079
7080
7081
7082
7083
7084
7085
7086
7087
7088
7089
7090
7091
7092
7093
7094
7095
7096
7097
7098
7099
7100
7101
7102
7103
7104
7105
7106
7107
7108
7109
7110
7111
7112
7113
7114
7115
7116
7117
7118
7119
7120
7121
7122
7123
7124
7125
7126
7127
7128
7129
7130
7131
7132
7133
7134
7135
7136
7137
7138
7139
7140
7141
7142
7143
7144
7145
7146
7147
7148
7149
7150
7151
7152
7153
7154
7155
7156
7157
7158
7159
7160
7161
7162
7163
7164
7165
7166
7167
7168
7169
7170
7171
7172
7173
7174
7175
7176
7177
7178
7179
7180
7181
7182
7183
7184
7185
7186
7187
7188
7189
7190
7191
7192
7193
7194
7195
7196
7197
7198
7199
7200
7201
7202
7203
7204
7205
7206
7207
7208
7209
7210
7211
7212
7213
7214
7215
7216
7217
7218
7219
7220
7221
7222
7223
7224
7225
7226
7227
7228
7229
7230
7231
7232
7233
7234
7235
7236
7237
7238
7239
7240
7241
7242
7243
7244
7245
7246
7247
7248
7249
7250
7251
7252
7253
7254
7255
7256
7257
7258
7259
7260
7261
7262
7263
7264
7265
7266
7267
7268
7269
7270
7271
7272
7273
7274
7275
7276
7277
7278
7279
7280
7281
7282
7283
7284
7285
7286
7287
7288
7289
7290
7291
7292
7293
7294
7295
7296
7297
7298
7299
7300
7301
7302
7303
7304
7305
7306
7307
7308
7309
7310
7311
7312
7313
7314
7315
7316
7317
7318
7319
7320
7321
7322
7323
7324
7325
7326
7327
7328
7329
7330
7331
7332
7333
7334
7335
7336
7337
7338
7339
7340
7341
7342
7343
7344
7345
7346
7347
7348
7349
7350
7351
7352
7353
7354
7355
7356
7357
7358
7359
7360
7361
7362
7363
7364
7365
7366
7367
7368
7369
7370
7371
7372
7373
7374
7375
7376
7377
7378
7379
7380
7381
7382
7383
7384
7385
7386
7387
7388
7389
7390
7391
7392
7393
7394
7395
7396
7397
7398
7399
7400
7401
7402
7403
7404
7405
7406
7407
7408
7409
7410
7411
7412
7413
7414
7415
7416
7417
7418
7419
7420
7421
7422
7423
7424
7425
7426
7427
7428
7429
7430
7431
7432
7433
7434
7435
7436
7437
7438
7439
7440
7441
7442
7443
7444
7445
7446
7447
7448
7449
7450
7451
7452
7453
7454
7455
7456
7457
7458
7459
7460
7461
7462
7463
7464
7465
7466
7467
7468
7469
7470
7471
7472
7473
7474
7475
7476
7477
7478
7479
7480
7481
7482
7483
7484
7485
7486
7487
7488
7489
7490
7491
7492
7493
7494
7495
7496
7497
7498
7499
7500
7501
7502
7503
7504
7505
7506
7507
7508
7509
7510
7511
7512
7513
7514
7515
7516
7517
7518
7519
7520
7521
7522
7523
7524
7525
7526
7527
7528
7529
7530
7531
7532
7533
7534
7535
7536
7537
7538
7539
7540
7541
7542
7543
7544
7545
7546
7547
7548
7549
7550
7551
7552
7553
7554
7555
7556
7557
7558
7559
7560
7561
7562
7563
7564
7565
7566
7567
7568
7569
7570
7571
7572
7573
7574
7575
7576
7577
7578
7579
7580
7581
7582
7583
7584
7585
7586
7587
7588
7589
7590
7591
7592
7593
7594
7595
7596
7597
7598
7599
7600
7601
7602
7603
7604
7605
7606
7607
7608
7609
7610
7611
7612
7613
7614
7615
7616
7617
7618
7619
7620
7621
7622
7623
7624
7625
7626
7627
7628
7629
7630
7631
7632
7633
7634
7635
7636
7637
7638
7639
7640
7641
7642
7643
7644
7645
7646
7647
7648
7649
7650
7651
7652
7653
7654
7655
7656
7657
7658
7659
7660
7661
7662
7663
7664
7665
7666
7667
7668
7669
7670
7671
7672
7673
7674
7675
7676
7677
7678
7679
7680
7681
7682
7683
7684
7685
7686
7687
7688
7689
7690
7691
7692
7693
7694
7695
7696
7697
7698
7699
7700
7701
7702
7703
7704
7705
7706
7707
7708
7709
7710
7711
7712
7713
7714
7715
7716
7717
7718
7719
7720
7721
7722
7723
7724
7725
7726
7727
7728
7729
7730
7731
7732
7733
7734
7735
7736
7737
7738
7739
7740
7741
7742
7743
7744
7745
7746
7747
7748
7749
7750
7751
7752
7753
7754
7755
7756
7757
7758
7759
7760
7761
7762
7763
7764
7765
7766
7767
7768
7769
7770
7771
7772
7773
7774
7775
7776
7777
7778
7779
7780
7781
7782
7783
7784
7785
7786
7787
7788
7789
7790
7791
7792
7793
7794
7795
7796
7797
7798
7799
7800
7801
7802
7803
7804
7805
7806
7807
7808
7809
7810
7811
7812
7813
7814
7815
7816
7817
7818
7819
7820
7821
7822
7823
7824
7825
7826
7827
7828
7829
7830
7831
7832
7833
7834
7835
7836
7837
7838
7839
7840
7841
7842
7843
7844
7845
7846
7847
7848
7849
7850
7851
7852
7853
7854
7855
7856
7857
7858
7859
7860
7861
7862
7863
7864
7865
7866
7867
7868
7869
7870
7871
7872
7873
7874
7875
7876
7877
7878
7879
7880
7881
7882
7883
7884
7885
7886
7887
7888
7889
7890
7891
7892
7893
7894
7895
7896
7897
7898
7899
7900
7901
7902
7903
7904
7905
7906
7907
7908
7909
7910
7911
7912
7913
7914
7915
7916
7917
7918
7919
7920
7921
7922
7923
7924
7925
7926
7927
7928
7929
7930
7931
7932
7933
7934
7935
7936
7937
7938
7939
7940
7941
7942
7943
7944
7945
7946
7947
7948
4.027418061332361 4.026842466176858 0
3.715516422427338 4.019114197833336 0
3.448390610201747 4.027522735930812 0
3.166920032551493 4.023596527292862 0
2.897357467657002 4.027999902612301 0
4.293003807508275 4.029742237354712 0
4.563216073086465 4.028252430422227 0
2.647363838337249 4.023453980326416 0
2.418146672129497 4.029097735464359 0
4.790979372790883 4.029926826816657 0
2.199546596581021 4.03158366434976 0
1.99153372096116 4.02622274452498 0
1.782489192310545 4.029985366095246 0
5.017162870252399 4.025945510870665 0
1.598096462794037 4.028228469378419 0
1.416244346267744 4.027258342030896 0
5.192720896512042 4.030542495276394 0
3.871963634838749 4.027647643948169 0
1.28092375439835 4.029685241363779 0
5.342767361669833 4.018980637691335 0
1.133395561013801 4.029778609272014 0
0.9703494723124668 4.020649793644061 0
5.496030685809063 4.030132516550432 0
3.598633563423679 4.024933969009117 0
3.321686390809398 4.029229937365804 0
3.055568954819163 4.030554091690226 0
4.143663775123408 4.028690421730732 0
2.539383946654804 4.028816507672351 0
2.774190439671676 4.027807836071067 0
4.415025570780903 4.02915106766874 0
4.688442210882867 4.02611131067932 0
5.74637797940736 5.924339764656777 0
0.8592715036826425 4.031080105428456 0
0.7293579532296173 4.019852416410476 0
0.609670475500393 4.018502383518705 0
5.607644349971697 4.032159640580634 0
2.464662818181013 6.761450775436389 0
5.748032318089816 5.079937741142052 0
1.711407032996187 5.857098175699098 0
2.327272421201229 4.032536185847586 0
2.110541894135285 4.027858162364868 0
1.901310110729452 4.027139895397677 0
1.701281866274918 4.029772156693148 0
1.50865999671256 4.027254171389217 0
4.891870469093748 4.030651528803016 0
5.111125635852339 4.026604219101426 0
0.5183753900804133 4.03295168228593 0
5.709529753937977 4.029606902253696 0
0.4329927172601676 4.038924360945244 0
5.702244627920837 6.808868748073763 0
0.3401870853793056 4.039445193756444 0
5.808161369730327 4.034273107862285 0
3.161899050373624 7.657226602001326 0
1.195979234868654 5.189505000123058 0
5.649048380319471 7.960944995707719 0
5.853888650477586 4.522863634047829 0
0.7914161349619606 4.696173145624193 0
3.824370805818904 8.308105765258963 0
3.963947053510867 4.027271842090958 0
2.961450103413821 4.030531053060148 0
4.072503652156857 4.032607470058045 0
4.207443109240475 4.025588199206725 0
2.835556751385468 4.027461321203178 0
2.710583981369151 4.028728250068725 0
2.609397480537498 4.028695820501997 0
4.351477190254746 4.026741694127926 0
2.479909326809688 4.030774973589815 0
2.265230413064024 4.03079633970146 0
4.475872420530592 4.027600286896494 0
2.050102051529165 4.02542240551356 0
4.626969491252253 4.027438480585224 0
1.841515182517 4.026956803094827 0
4.72632856798307 4.023320731406114 0
1.354085806070519 4.02304556144583 0
4.958235873325094 4.029715169824788 0
5.264462707091942 4.029941395564434 0
1.207714699269186 4.03095493491665 0
1.059431699126306 4.03488861592443 0
5.614911416774707 8.796311229223939 0
0.9117365888329081 4.019226570267103 0
5.397039668680873 4.030440471403936 0
0.788007127780409 4.032052234239763 0
0.6635207363134328 4.029328273967476 0
5.565102939309156 4.028860431645758 0
0.2818561773204538 4.033365174142758 0
0.2407704977127942 4.035949528472385 0
0.1835552477494667 4.027149970561356 0
5.850104558629448 4.030219627609909 0
0.1201147969049991 4.02262563181271 0
5.908527872058755 4.029526533152819 0
4.451323631149092 9.12554464165698 0
5.59701258741405 9.695003130555804 0
0.4662102505865091 4.323279458588048 0
5.836088282180112 4.066488831677407 0
0.2441401748615099 4.068418908187382 0
0.6503888039832596 4.586336689813206 0
0.8563098738712102 4.501294902603473 0
1.007492618818151 4.642259417856576 0
0.9975182410244284 4.502506687574026 0
1.165563976788789 4.593777135255898 0
1.137375416856284 4.473252963449418 0
1.282121021279437 4.419850461813977 0
1.309300574680349 4.54641583691817 0
1.419921211071972 4.410931837776723 0
1.439135877971393 4.509440693531445 0
1.524070515666561 4.393184420533741 0
1.55350255838607 4.480193240741197 0
1.598788314674422 4.573415913849815 0
1.70879324382585 4.537405167823842 0
1.657986433505521 4.671296190119191 0
1.777591120531663 4.624470841367053 0
1.804487211213615 4.503136438365717 0
1.884132129136627 4.583188769957528 0
1.847685007067285 4.717909897043886 0
1.991136590750002 4.64405012204482 0
1.901591629966621 4.831482144111209 0
2.034833563485543 4.774357237361586 0
2.115631210626289 4.629395522128758 0
2.183996301605106 4.717284396021321 0
2.171329578297734 4.874463057527894 0
2.351543672518762 4.736028323993685 0
2.310827516067821 4.883003659417496 0
2.442530857565432 4.878346652720149 0
2.452183612609976 5.015627240285801 0
2.602341739662411 4.964580883891854 0
2.566836698737676 4.842900845052243 0
2.73792774065488 4.90416856242751 0
2.778712388229636 5.021832568683505 0
2.804169686344735 5.143452909788294 0
2.9381689615624 5.099808863981155 0
2.967872543129843 5.245262386964687 0
3.113022238442258 5.187350102899688 0
3.175321938730344 5.331652943166313 0
3.276496760517785 5.261799838307578 0
3.264399863079456 5.120648297657247 0
3.432136890434431 5.171453942138731 0
3.38869443001102 5.319860764026204 0
3.582893919203515 5.190168261961513 0
3.603329367448746 5.399073951813386 0
3.822980684790353 5.30518426082848 0
3.783169005946882 5.621038265356425 0
3.735597218993433 5.14720044285577 0
3.972001869455058 5.214537639045886 0
3.887525884639693 5.051854587874741 0
4.064770116107379 5.157207885002199 0
4.055210886425344 5.04952630934363 0
4.198533831362368 5.073886266315245 0
4.164272390117544 5.208232130035173 0
3.911773381224616 4.892396932126241 0
2.863840130015643 4.851397886346367 0
4.203442293389949 4.899314786076983 0
4.398321966452885 4.95392680311804 0
4.373927718636964 4.822845683088305 0
4.283805696142996 4.777821038213166 0
4.540330494143486 4.870718911465814 0
4.467857339426319 4.738882911806804 0
4.660770706434908 4.798991893916224 0
4.608287364310689 4.989261347973533 0
4.604458452718371 4.687491395058876 0
4.745698301166879 4.742021358633462 0
2.26291221810166 4.597070622026465 0
4.477342040859331 4.608246046977362 0
2.810981202175864 5.285908674325464 0
3.593989091141728 5.682556605325218 0
3.786898496012076 5.894093700022252 0
4.723599735412025 4.620597322202495 0
4.866616536345894 4.632321275341861 0
4.85985145532859 4.50619650178034 0
5.017236569448142 4.62044485333729 0
4.997769472683721 4.750752278255577 0
2.166276080082527 4.529761627031618 0
2.248707302069405 4.469190478417884 0
4.759699466826942 4.489004293939186 0
3.570498762795547 5.850835801648634 0
3.766502247946132 6.132488307176867 0
4.964339741482196 4.488553273053401 0
2.151355702303809 4.416846181635453 0
2.244586331256698 4.380024312841875 0
2.33729806406904 4.390751685890613 0
2.345425328236555 4.311852066046518 0
2.414269077825683 4.38365390078922 0
5.090393415447639 4.539507874064748 0
3.53998864271744 6.087381207008019 0
3.741974715378253 6.371000557931024 0
3.987517412974293 6.1764704729773 0
3.961313572829705 6.422089266226523 0
4.20052699497786 6.181917109053273 0
4.201666851833149 6.449877780500383 0
2.410759251233259 4.31097934011993 0
2.484517950329119 4.373406122112716 0
1.615342371968933 4.375098692500519 0
5.072521714925287 4.432082182761226 0
2.482087279250943 4.289885982130835 0
2.55522410943988 4.29712133579518 0
2.203090948516247 4.301732918726548 0
3.303794122525618 6.039063453820926 0
5.163601187422361 4.481157905048153 0
4.987829554641571 4.38015289048356 0
2.138274446456168 4.331030545472038 0
2.295672083690516 5.033178260427027 0
2.562961423852783 4.23822512301234 0
2.617726322671488 4.288527651517875 0
2.62563687741229 4.353111126125421 0
2.692204073877561 4.326171245159782 0
2.719584233393207 4.386439983232726 0
2.746601384326953 4.290728209130279 0
2.797667927415709 4.347084155149925 0
2.83669446833013 4.283983039422719 0
2.874158136788179 4.306044183138948 0
2.876144539010065 4.350773326558389 0
2.938169367672914 4.33002068311236 0
2.96524669579217 4.391802400667634 0
2.99476465180979 4.466750950369771 0
3.078035693555848 4.416946015052184 0
3.089390853785826 4.496686933181488 0
3.156962403871221 4.418696985502608 0
3.158245040071803 4.345980105915467 0
3.226324877287982 4.402426547814065 0
3.233651098319348 4.489049226802489 0
3.314047845704932 4.452097918340968 0
3.296852160507601 4.371363941520341 0
3.385767166381741 4.40742703002519 0
3.423061361705838 4.472094146077633 0
3.485454566881084 4.422987361711638 0
3.480935229774007 4.528054436178316 0
3.539345280028712 4.468418494929484 0
3.528601442463488 4.390725373552556 0
3.579137704818999 4.4098472938259 0
3.597413336055345 4.350470601461032 0
3.663846340818407 4.356320096501014 0
3.364853524650652 4.33755327007469 0
3.281334662002787 4.286500638051638 0
3.668566046165378 4.435326544622286 0
3.731699023807801 4.403589148013793 0
3.730220821362581 4.354382382958795 0
3.798854064393378 4.357390196584191 0
3.78424417458135 4.422370522034709 0
3.886073742782636 4.357737752167147 0
3.555641289289568 4.577210742902019 0
2.992313570000733 4.290730873627926 0
3.859688328140567 4.289526486185711 0
3.949721987732929 4.303842982230657 0
3.949119638905878 4.38673601497932 0
3.992117925435007 4.34993953188175 0
3.352400454786398 4.2669278629974 0
3.294078343088876 4.208650052769547 0
3.999986851530541 4.254341171870423 0
4.056992964247701 4.298932528058337 0
4.071766206097731 4.356919876486492 0
4.130762576879326 4.300559284537186 0
4.123189659801323 4.365899980326516 0
4.189118258846605 4.293202079576725 0
2.758330841485305 4.446795473134855 0
5.181379000543082 4.35056151560008 0
4.461960628617244 6.398748092333771 0
4.514523913248576 6.70346324767233 0
4.419349730239519 6.125047447480991 0
4.718844466233883 6.293465449021275 0
4.658521091299916 6.033488099614816 0
2.355055230893938 4.247613307339428 0
1.761889178403856 4.882896974714003 0
2.87505620214487 4.243690975092001 0
4.178994602071996 4.252006717447562 0
4.250523050139647 4.263631485987777 0
4.260233446289694 4.321701796926833 0
4.317590000209171 4.270333106055836 0
5.237958186406578 4.451408764464239 0
5.259942429933029 4.55616868412111 0
2.132464323700782 4.255681479539586 0
2.070036258703403 4.257794490039633 0
4.097657797049838 4.433388094867766 0
4.184892916281717 4.478434870599775 0
3.417881554138419 4.597694256482869 0
2.613879551290571 4.233100584990911 0
4.16602057701574 6.846958100779835 0
4.630540658856201 6.999525378666281 0
1.210157407982603 4.344196165260298 0
3.954682257288239 4.221286782485333 0
2.486276175300373 4.429691160818633 0
3.345119137251884 4.200746027877592 0
3.412949288191032 4.246350137326128 0
3.282781095725258 6.313935512096626 0
5.293222054181324 4.308685974732877 0
1.417132548337675 4.325803973838698 0
1.347388760769952 4.669359072598869 0
5.362550299481289 4.409289597009441 0
3.294347985201994 4.148881590266763 0
3.248790361450214 4.211266068110863 0
4.309450066323979 4.331908009723628 0
4.370025552489033 4.265760480008904 0
4.359343180153552 4.224497693802606 0
4.413474402427006 4.23945886141949 0
4.442184373584663 4.297625304877727 0
4.483934263522424 4.249807589296142 0
2.516603564248959 4.225530034864572 0
0.8915211414544274 4.379666154703453 0
4.520333524389972 4.300008078555095 0
4.559633814917869 4.242521169072938 0
2.831787391440111 4.208648308458187 0
5.172776986250494 4.254078132379918 0
2.08367478097974 4.191477459409426 0
2.012616729948659 4.237542385917707 0
2.136654079994229 4.189595400912427 0
4.203852008307818 4.221789983670183 0
2.932649940817783 4.493990996617499 0
3.722619643893492 6.549418236386391 0
3.46810024339142 5.034544939576984 0
2.686128290750721 4.489768231798492 0
5.371622423321147 4.253629297801059 0
5.440908149994262 4.317425436343484 0
2.87591240458497 4.174312512260268 0
3.4076003917096 4.181420383642429 0
3.454625521318512 4.190382218797089 0
4.522340103513517 4.202570791953622 0
4.595648177293303 4.185733126870267 0
4.638303431981914 4.216052553920157 0
4.679773517379936 4.245592543512295 0
4.724368856410013 4.180811246154809 0
4.771096269976558 4.252567103855013 0
4.781482514594053 4.193494058468936 0
3.25222821587439 4.143928711252312 0
3.201129934943448 4.166649266788947 0
3.258066924872129 4.028703367339213 0
4.972470437322455 6.189918387266307 0
4.914799853452302 5.931727318102245 0
4.845033723246295 5.695340069172731 0
5.074267728270724 5.566204833321468 0
1.978169377386528 4.299857800895578 0
1.931093059620099 4.254548677287818 0
1.96470499595184 4.206121234706514 0
1.892798438984269 4.212990181602128 0
1.852865255791367 4.249726142080476 0
1.817894665035335 4.204230211157703 0
5.456829321053844 4.436839393687992 0
4.306559911654536 7.250579139241319 0
4.558835139459839 7.411295118136239 0
4.785417132264748 7.282748400709529 0
3.990726075563869 4.176407381612117 0
3.944682630860924 4.1554419663112 0
4.383189255458696 4.197065283613097 0
4.345212671921422 4.172248514257809 0
4.069534675225814 5.747597892697323 0
3.337652015452953 4.970031027180086 0
5.034488816091582 6.447067931449531 0
5.43517677370497 4.184148285385854 0
5.50091984324377 4.250595082324064 0
4.477538697325748 4.359228804549587 0
4.162917665903582 4.198104763374673 0
2.833945979083876 4.14336669860444 0
2.790273404810458 4.171609433512587 0
2.488412410686349 5.200858188320619 0
2.281363644918773 5.201104629932419 0
2.439352860211792 5.367522877997673 0
2.09505886762219 4.137412370955095 0
2.141642404436006 4.134298851221003 0
2.188745248744596 4.176152688641926 0
4.945900960304183 7.66445827230701 0
2.733287675111222 4.557105430654756 0
2.252180078362574 5.40192520393653 0
2.382976798856656 5.607868959933649 0
2.100470573329573 5.311714718729149 0
4.12390229081449 4.526398757635023 0
4.189454496025185 4.157161447673343 0
4.147578280231016 4.138053970185473 0
4.649514990442699 4.325101363327489 0
5.258595124599015 6.388096408486436 0
2.971620751443834 6.321913014694097 0
1.85903442917566 4.173415108315986 0
1.782732011525701 4.160440046992692 0
1.77194546096485 4.236982936581117 0
1.737245967789231 4.190453765249089 0
3.44450069155098 4.132796439809811 0
3.483225995638978 4.162703856710029 0
3.38680754453554 4.028172837360271 0
3.515838438061972 4.195484177607579 0
3.519920918132449 4.129403679711859 0
3.556379488875954 4.158756080268513 0
3.597216286383777 4.187889998712443 0
3.630506065199233 4.151163177908622 0
3.510144459131005 4.028599681184762 0
4.839158898214716 4.25685421052491 0
4.842720514429677 4.197871733354935 0
4.779352127415215 5.486954679335952 0
4.980343892392789 5.375395776333808 0
5.161923795032417 5.253929424502069 0
5.268408258149093 5.421324702615201 0
5.321053210721861 5.133103396716437 0
4.568828512000044 5.575887707921358 0
3.91103477266515 4.194709712357874 0
3.90226435211692 4.136071327600082 0
3.868769036922 4.172419536190118 0
3.868621801527156 4.113230641698165 0
3.822615608531314 4.1543108786818 0
3.813090481747442 4.027366148155758 0
3.203784214723558 4.217464046063625 0
3.158078806486984 4.169093518150141 0
3.158895692088932 4.12282559877714 0
3.115728979635209 4.159695364662789 0
3.124863984747164 4.034490992973937 0
3.395358852059504 4.849358150554826 0
4.549741598684449 7.689725679212552 0
4.873404821546006 8.176952525754162 0
2.91735656264948 4.208217843389265 0
2.919785523348103 4.135109639699595 0
2.955880325198995 4.173140821341542 0
2.95943172978049 4.122915291022112 0
4.626807966699573 4.131568516712036 0
4.748096028074447 4.138263448203491 0
3.640895851528609 4.21229389338565 0
3.670614474711606 4.174610819139219 0
3.654892823179047 4.119981121751954 0
3.660886020703606 4.027523399522149 0
3.968260496067791 4.117308111746761 0
3.052792873424276 5.978333668584114 0
2.808539216644382 5.906735915766893 0
1.749729567226298 4.120347533659331 0
1.694490675990231 4.146136094404953 0
1.672627335946248 4.183945124293882 0
1.633645995987233 4.14118779180547 0
1.632786195893235 4.186456661993261 0
1.580332413466141 4.140393016952407 0
1.576162503472808 4.189673145802957 0
1.525504858477744 4.137402783207958 0
3.406989701810583 4.118307390457137 0
3.515230918416903 4.914862874344793 0
5.543066027628332 4.190008470499342 0
5.615943192443673 4.231149167069244 0
3.692951376906116 4.136125524217811 0
3.714699578423307 4.199500242701073 0
3.106888945528667 4.213665364952363 0
4.368461687552033 4.131117707365057 0
4.421086654682457 4.151714065409202 0
4.325533041873133 4.115965154476024 0
2.188892624269761 4.123478933315818 0
2.237089208933932 4.157472586358166 0
3.120547491477296 4.113851115522636 0
3.074759360972092 4.141333538901228 0
5.577040847305281 4.311772686241813 0
5.71048080024795 4.268300517285538 0
3.811264034726036 4.098271354683473 0
4.220774587499456 4.577701303621997 0
2.800747175473072 4.114150359103343 0
2.760155521690853 4.132640488924443 0
2.734755718470992 4.209656162343327 0
4.515331069650927 8.086380934022417 0
2.157145917796256 5.711786336562215 0
2.264703298187548 5.916440885859277 0
5.154280080763668 7.418324702649072 0
1.965394591526517 4.983805862096284 0
1.765981569555864 5.02725767032811 0
4.012910561565822 4.131221856029302 0
2.244580469266507 4.20746372877712 0
4.897700681327873 5.203462941583453 0
5.110070133727659 7.099334784884933 0
2.710748185050926 4.152488001372912 0
2.692608733780064 4.10231949550687 0
2.640692911389149 4.129136194344932 0
4.772358966810138 4.319762539310564 0
2.663198357522291 4.584332172004467 0
5.404203337137356 5.580886256183096 0
3.547024601115822 4.097258287498734 0
4.174121990859225 4.09635486021337 0
4.216665135027295 4.119555132883412 0
3.257740657083299 4.096513609371139 0
2.234467965339401 4.111216785867228 0
2.281247350060619 4.141897637312378 0
3.557290519361072 4.800021871864383 0
4.119367718935652 4.094220303732496 0
2.103362606173417 4.093544437224506 0
2.051054816243092 4.130097400797256 0
1.890414218721951 4.467922571389208 0
4.905853515101775 4.258038420686513 0
4.903510174109576 4.19948497866692 0
4.902451173406679 4.147515908003656 0
4.956150916958693 4.14751588390096 0
4.964583270001581 4.199507660591729 0
5.010861858310133 4.145469506531095 0
5.025624060547939 4.198331969910588 0
5.067157066827519 4.142234065257884 0
2.926272385492817 4.092045108341073 0
3.286155096342547 4.775157026125251 0
3.187901516240196 4.888781891945198 0
3.216402450366941 4.711139295967155 0
3.108131217932306 4.726902231748091 0
3.703938728743694 4.098428463842536 0
1.040557455237328 4.808801029269365 0
5.544638430996328 5.43273960579997 0
3.159839340723497 4.083144068242334 0
1.513667160680287 4.188049745762767 0
1.47339389563253 4.129297855579826 0
2.832654253717695 4.097494429818405 0
3.920085615826777 7.011308759730865 0
3.871395485526369 7.320399153828283 0
4.54104920638394 5.378600381963432 0
3.891712264542872 4.090691524165147 0
4.56464232435419 4.348630093414592 0
4.302016011329184 4.155360897276711 0
2.371357946604085 6.122935997548228 0
4.523577342099977 4.415119033143608 0
2.838841665362284 5.670387579568912 0
2.776674445678869 4.639378611318645 0
3.083081135375489 4.098790829397617 0
1.657192368744532 4.907558450721324 0
1.607959435892502 5.012184065659879 0
1.488941493218422 4.923909064427996 0
1.751820931542352 5.212685598697885 0
1.509332807248823 5.236043979187349 0
3.671818736663405 4.841609183929251 0
3.689001905347424 4.731687642836443 0
3.289916490094017 6.517732565761753 0
3.123930563530491 6.632412370297764 0
3.31665382311272 6.86677811072634 0
3.836200507583364 4.207736073450036 0
4.291791782119573 4.39715019495362 0
1.451881809820915 4.175629119986226 0
1.388124919732787 4.148595130007644 0
1.374234679018066 4.19764974467893 0
1.319370975854457 4.153464310009689 0
1.32492917461943 4.205839693188804 0
1.25860186046972 4.158417218777034 0
1.25851529685944 4.213492618229712 0
1.196828259899742 4.160565546624523 0
1.189975711371929 4.21784896094675 0
1.137342701167396 4.156807249341507 0
1.120912325372172 4.21500888061291 0
1.084905551307958 4.14317751360795 0
1.05738571411326 4.196272024999934 0
1.007932258614543 4.160770086159376 0
1.041518845080476 4.119266725155581 0
0.9707410786104175 4.120094023045151 0
0.927114346650742 4.14666421431656 0
0.8993192665954801 4.101855381522656 0
0.8767440216878434 4.168085351351596 0
0.8512275460467835 4.117630877255253 0
0.8267969152702472 4.195242477700213 0
0.7840150432262153 4.135199784493214 0
0.7296627489325993 4.19438900960894 0
0.7802971268492414 4.239425554212708 0
0.693675054676148 4.240012984444856 0
0.6785533214773096 4.150609051195771 0
0.7221054120052007 4.294072259731996 0
3.435734327565443 4.086285390819357 0
5.086877658061955 4.196503809471197 0
5.123460911970374 4.137429188823028 0
5.037678531528766 4.256169951511397 0
4.576573861231267 4.466196163670527 0
4.119763536542562 4.177349605157998 0
4.062693788963911 4.501950805676372 0
4.042631621159655 4.581179281505365 0
3.939381455509786 4.555499056856523 0
4.036135660443586 4.675177460530657 0
3.920363410641932 4.654114021918565 0
1.310220893233009 4.10512963373524 0
5.634346542670666 4.158422026461005 0
1.114964376180918 4.370699040018148 0
3.526643459365247 4.333662278737307 0
3.115184868263841 7.095399574487367 0
1.327492162564372 4.327473246829705 0
1.68112351665796 4.095372497594244 0
1.48294146309726 4.091586891765819 0
4.425723934244411 4.415829705526542 0
5.28185261171688 6.570357622717543 0
5.362488342501227 7.255869509941071 0
1.640440679448248 4.23416380299135 0
2.277483367012975 4.099723032510022 0
2.324886905387259 4.137540370633283 0
2.316994850678636 4.18453178509279 0
2.377242272982339 4.14134452669272 0
2.367933485564133 4.10236524172379 0
2.418283319316731 4.116200998587408 0
2.41168796569464 4.165217110803962 0
2.443060898055555 4.14892770880436 0
2.453561143131831 4.094389817575821 0
2.484161104754593 4.12198903895703 0
1.769868304065266 5.415635022606253 0
1.831759498579328 4.385020269270148 0
4.900933017869136 4.102806105691049 0
4.855732740857266 4.102285471435384 0
5.24562816660606 4.23378261780713 0
3.66671963475221 4.08917961916523 0
3.520286870296344 4.083043886955221 0
3.292937732612501 4.100348733668233 0
3.330471148976045 4.098884405857115 0
4.018291177545511 4.089647019172029 0
5.486314291093246 6.417181483975461 0
3.035344015575467 4.120912217335767 0
4.38333821703506 4.092495306934298 0
4.426427519381518 4.098608571943854 0
0.9007276904529156 4.222688989394052 0
1.535059247334677 4.727399994810113 0
5.436313450241754 4.114173986542468 0
5.380171928980542 4.102711271909767 0
5.354978401925571 4.148474864306341 0
3.741079061576603 4.104995519316369 0
5.779885199381526 4.064325678829504 0
5.781443264353032 4.128003812126309 0
2.591931594837853 5.476793854624282 0
1.102297669623739 4.098897712019759 0
4.797967888696534 4.143901612013792 0
4.770655514488072 4.098234515080702 0
4.731495121160982 4.095561397479436 0
5.103131952560062 4.093099127246319 0
5.148230313606577 4.087374164380996 0
5.175037595948207 4.126397544279172 0
5.044592412336971 4.088901695188144 0
4.993053144043873 4.099979851774547 0
5.501202033557156 4.108720611365368 0
1.202703228229085 4.109790451315931 0
4.464639579145681 4.13846245759613 0
4.478003787289437 4.098509449698713 0
4.850171849569348 4.405197611718018 0
3.978212386477976 4.084462203631994 0
4.676783226093141 4.143592179315954 0
4.65143954292249 4.08707542537284 0
4.585627219062296 4.111224784515696 0
3.618039472390248 4.252144547094548 0
3.655125633089874 4.262786718198791 0
4.344579270367507 4.082346245846601 0
4.368240027928174 5.473847783184945 0
4.357036348243796 5.610366012808267 0
3.559019226981894 4.060583349905805 0
5.252286319334837 8.26703560827082 0
2.962606842128717 4.096437242822537 0
2.449906743819793 4.245645731091711 0
2.614504275806042 4.537196143134366 0
2.543298866189803 4.596982435598274 0
2.47869234985393 4.527224198784268 0
3.926106072161471 4.095192684813829 0
3.914044164931 4.058317530553956 0
1.744937866395884 4.424808286689347 0
4.346532274179532 4.681544519808837 0
4.385376722692006 4.536481797426128 0
3.019870197027652 4.164013924589941 0
3.629690908624265 4.106240700173733 0
3.135892021600584 4.598458410059858 0
3.021099863585848 4.663001087756345 0
3.196010206610322 4.123039549213353 0
3.225609265449644 4.091282599587423 0
3.48776977074383 4.094774326495762 0
3.598521391572792 4.076622789290488 0
4.045166377077703 4.908610942256161 0
4.068760644655794 4.085061602700264 0
1.76111140693358 4.322680646079856 0
2.045290909010438 4.526520385640654 0
3.034156745891918 4.923432597003234 0
2.662589830798677 4.082394872602235 0
2.62799026505761 4.092617079767479 0
2.567217056263613 4.108719502578015 0
2.590705748787455 4.151741824060537 0
5.490435708007931 6.146969964419345 0
2.284193395342115 4.295492084239789 0
1.360905811982411 4.096954217006265 0
1.403495259642578 4.08312160872928 0
3.555493804067429 7.097626271844081 0
5.801129253779809 4.851047596422896 0
5.687424442383239 4.680650059041218 0
5.578296425252249 4.905880647634845 0
5.488475896677266 4.811497391677282 0
5.567015843989759 5.181753436268815 0
3.453551678609202 4.367482329673631 0
1.533498241610339 4.08660908777689 0
1.586832167849681 4.096193014148069 0
1.558797682557169 4.053304497503595 0
3.486082772643942 4.057388664909992 0
5.18483228850868 4.073974060580507 0
5.217271935981572 4.106110647705168 0
2.490107559968562 4.072780095944032 0
4.306038611996899 4.064044015346119 0
4.283844357447639 4.10119533166912 0
0.3548213125068612 4.221939461859317 0
0.5038010467037334 4.211333364070173 0
0.6121420567560047 4.216791879418742 0
3.11132788067412 5.661162687268032 0
1.301471142123946 5.326714860010943 0
1.536349254268855 5.492900607362192 0
3.845643577762385 4.083669897166508 0
4.190127774485061 7.986841051948636 0
3.379645509247927 4.132499060041808 0
2.034190443119946 4.179304097988913 0
2.01090940911247 4.115414587405442 0
2.029889733287878 4.079372895188733 0
1.973470769430653 4.098121553444824 0
1.951483847279179 4.135786289982064 0
1.938754834783605 4.081772345217582 0
1.954759959026355 4.052661312940117 0
1.917627454290973 4.114166859072845 0
1.885187063505445 4.097381571894187 0
4.556207331940425 4.156292701374098 0
4.5476339426315 4.089650529408073 0
3.402334520898856 4.090354105090785 0
3.217529294326588 4.329160990968504 0
3.155999273690433 4.281316418049404 0
3.112684784584412 4.349463278327419 0
3.12329079509372 4.074253780319394 0
3.788698761573088 4.869493721512458 0
3.042593534925984 4.073887297059867 0
3.740392248051658 4.077798025149571 0
2.142887898794494 4.08976278580955 0
2.186299002109291 4.072231084294855 0
2.704848173597848 6.559524124837197 0
5.207781999904574 4.173789527859678 0
5.692367528460742 4.398710681429995 0
5.836328183788686 4.280808514737774 0
5.578454946562895 4.475704371199646 0
3.362402976051476 5.788253288185236 0
2.460979175600046 4.66129911451847 0
2.868771793732269 4.11523214356543 0
2.864743774493829 4.078272322931819 0
5.14869996656445 10.02100824635293 0
4.090413170368132 4.227446235622509 0
2.804847956195376 4.07758602681379 0
2.781663961628384 4.085320069762682 0
5.434956241396695 4.068940817756831 0
3.836109077034077 4.525460013789998 0
3.78590702296957 4.627400017464696 0
3.450527154994836 4.744612912020174 0
2.954437865130816 4.246286988088055 0
3.668010786328783 4.057528037812297 0
2.165105668197048 4.050998664731353 0
4.721903379489745 5.295826170907514 0
5.248955379939794 4.072505374837854 0
4.278692970068415 4.201453615709552 0
1.342293141774073 4.052876966198023 0
1.725705486556286 4.083675407474038 0
1.762987552393909 4.066381086032631 0
1.789044520721108 4.094305601166806 0
5.17917010530068 10.36325150884752 0
3.62361845439069 7.636949463921275 0
5.052062444155547 4.05330595044493 0
0.6143610692412169 4.364580417752247 0
5.331452926196631 4.080004843654917 0
2.705047311711579 4.060264693236652 0
5.777369315701445 5.355858418437151 0
2.085876948849751 4.431164701451926 0
2.302954342716868 4.235151285028696 0
5.062824242397662 5.097202786818056 0
5.215800576393938 4.984408059365277 0
4.965391986049508 4.9496791806749 0
5.114729559106101 4.821919367176398 0
5.142527385439145 4.665782164068685 0
4.634682748276816 4.527377891930818 0
3.796513519905134 4.062637083323278 0
4.785925250667301 9.400841989982696 0
4.938220236222607 9.088287243965421 0
4.203072806955596 4.076152838695934 0
0.3000346317049457 4.084603281501917 0
0.3820912589677324 4.065604664465496 0
2.328494053591543 4.080859094145225 0
2.676227019146115 4.271584607376684 0
2.51900744774326 4.090228813618044 0
3.776586233651813 4.967966993783907 0
4.14309773295702 8.780998873260355 0
3.910215020846764 4.262375232040758 0
3.566506760565544 5.075076578033632 0
2.100079816750877 6.250624214098774 0
2.542046455908017 5.823551625871485 0
2.929812962076335 4.059592879099424 0
2.576408891101353 4.061455059696049 0
4.516348466587524 5.156321746302223 0
3.08807311677359 4.063878188128233 0
2.681430196883746 7.051095729888472 0
4.155764380739213 4.058813820560711 0
4.174989974906702 6.003786004498346 0
5.659688210253742 7.583314710829887 0
3.801306932062373 4.294888756535093 0
2.33314690231463 4.497055638764677 0
1.921679594016343 4.352740970279744 0
2.452904991744657 4.054537331917791 0
2.422125004003741 4.065540844934496 0
2.392872037773285 4.049688663811242 0
4.816853343738333 5.047132377193018 0
4.042767901084595 4.049530160358554 0
4.08875640392805 4.058937366572533 0
2.334308827841846 4.634252903165121 0
2.232345570926692 4.069582186694763 0
3.727757776713556 4.282747654316981 0
0.9077062002860093 4.866791656143784 0
4.972432036007445 4.258257841285369 0
0.2459758957185978 4.142613855515334 0
4.913459706193029 6.829326912479834 0
5.231572580934965 8.715118016378167 0
5.233402580900261 6.137610634886043 0
5.505398221220824 5.883344850341606 0
3.163010939020215 4.050109668145955 0
4.268321068426431 4.059773077948477 0
5.629707572473027 8.375295107522943 0
5.31070971042447 7.854150231089863 0
0.1991152279526283 4.083815580516358 0
1.816592924258539 4.061968786943578 0
1.744453347067015 4.033707012657405 0
1.851052441500358 4.083885542472419 0
5.607446889129086 9.244074371227228 0
0.9395814822165017 4.083077448954991 0
1.005214187227988 4.089942073987958 0
2.513285683351827 4.052204184147563 0
5.179706184711164 9.573588099268177 0
3.792513821706722 4.185898837183265 0
2.536931621566021 4.058697042655206 0
2.06517958221648 4.089760093920635 0
2.542856245340943 6.034902327377233 0
4.151276731590708 5.563684670396933 0
4.452409317166811 4.203027907913343 0
2.516834126671631 6.3306172568941 0
3.865549430779762 4.443102294292636 0
3.746012228988493 4.488245873022763 0
3.692037606012739 4.556571792821059 0
2.108082909383354 4.058171507204706 0
3.963627595678167 5.45230877986214 0
3.151236344941382 4.500758157631063 0
3.255231152636167 4.605327589745383 0
2.657078059159586 5.278130930990136 0
3.29239855481352 5.470708489577881 0
3.016869089398133 5.417065117002444 0
5.299645842976826 4.112614809500252 0
5.258636494472238 4.146303370414628 0
5.292735989067346 4.054101943321355 0
5.716621734054956 5.621592730693784 0
2.62545998981444 4.052722534821849 0
0.8768250467059948 4.064262319852169 0
3.448913420864435 7.97771786420106 0
2.363750267443612 4.194485837743135 0
5.160690205899019 4.046881493184445 0
4.605506468413956 5.791655836694147 0
3.034247219571549 4.564480202627546 0
1.358061720004064 5.0469789000615 0
1.205907066726517 4.06663053570429 0
1.1539896110546 4.05814522676302 0
2.814712016906007 4.507443148902732 0
3.593805022596828 4.701101198503927 0
2.835207351424799 4.056628841906586 0
3.914717234290192 4.767374465583681 0
4.913105237878269 4.324304830518098 0
2.115813659008348 5.184293524363484 0
4.735455660745852 4.913024941814118 0
3.744627627534037 4.03328711473473 0
3.763833699238436 4.07049584224846 0
0.7206532928177536 4.102484389649272 0
0.6413687145348698 4.104000633952957 0
0.5837069631925026 4.127500355656005 0
0.5163933139084871 4.131881974452344 0
0.4417994005270938 4.11636097895919 0
3.570076642914002 4.025210025153231 0
4.394375276652632 8.462639098026674 0
3.902221414960437 4.028438174296337 0
0.5692817214829279 4.072545828923879 0
0.4728757150564541 4.063911381090311 0
3.289393415245779 4.029352766053603 0
3.196472971791921 4.026767559569056 0
3.781540232884442 4.030845958907145 0
3.99527995195212 4.026866112073831 0
3.226995288860133 4.028230999362809 0
3.258629783210577 4.06081176636804 0
3.478225984951906 4.028267921212341 0
3.540993102051602 4.027555141056737 0
3.354233174568161 4.029055831879441 0
3.417771762544701 4.027671256203158 0
3.93284864969148 4.027839352751773 0
3.628291404831477 4.026532274289613 0
2.909530455134613 4.281940139928922 0
3.033919409541369 4.243058123147798 0
3.026139600011744 4.032497663361798 0
2.999807462937164 4.06817897183831 0
3.844142881412881 4.025844867983013 0
2.993848010688425 4.032902394000625 0
2.92862449735098 4.029313063059618 0
4.045022985674279 4.01876438310605 0
4.110079678124719 4.030075316220946 0
2.865928078813608 4.027780224246339 0
2.804815502810577 4.027600977877903 0
4.1756676079879 4.026906247595667 0
2.742345106418253 4.028739158108725 0
2.9857900919838 4.803113151666355 0
4.225957334294359 4.018027054023271 0
2.818514214519938 4.741532341035017 0
2.691333556200097 4.791786070313246 0
2.677271916707916 4.027561689719318 0
4.25272592903263 4.032180113164222 0
2.572329079709464 4.029100902915016 0
2.789889557630667 4.249570975663365 0
3.171079688221955 5.020267800541028 0
4.322234627369184 4.027146962746651 0
1.032998464616685 4.061779404375119 0
3.881866929800301 4.059972101024194 0
2.358781209947978 4.030501455134081 0
2.295642207929472 4.03144564654325 0
2.2317875253468 4.032914530498108 0
5.108743579449861 4.305630216835057 0
4.010460199585815 5.952218739621819 0
4.381976300022961 4.028268464780483 0
4.44645810534164 4.028614509202099 0
4.424231650448716 4.061326191304972 0
2.079328745203274 4.027201904793777 0
4.504480256776952 4.027333329062229 0
1.979886203371848 6.018180653216452 0
2.021217022170241 4.025079396573529 0
1.251656079159043 4.067307789234587 0
4.532793886963065 4.027106437000131 0
4.513195416356338 4.061351922384172 0
4.595285317537048 4.028854665776515 0
4.56343145008116 4.05742492208189 0
1.870793379205127 4.027178787303865 0
4.541156016286951 4.517430137980362 0
2.656800396629958 4.171830294237445 0
1.812384260158432 4.028217425432953 0
4.657867160606892 4.026660876427341 0
4.673366803756076 4.056172658513995 0
4.704196769374098 4.051512903433703 0
4.705556632959573 4.016750399459201 0
4.795044336719095 6.566271736154516 0
3.734935221028859 6.864676079548025 0
5.223239864293351 5.818213145621241 0
1.665197169335053 4.028907209929287 0
1.630934316070393 4.02922602208459 0
1.632813314306581 4.061219845997526 0
4.756559732914574 4.028245274231573 0
4.782959130852366 4.062542035186384 0
4.820472211347827 4.063679765290405 0
5.745449573088657 6.215358251359382 0
3.24410943983806 4.255344286696859 0
3.781895045898588 4.134499844829241 0
4.823850172784039 4.030720832878278 0
4.858356121561351 4.064615708090899 0
2.050278937011075 4.352272883701181 0
1.47801455559563 4.029093480723076 0
1.446548244025261 4.028759536493428 0
1.439837932136562 4.062428811961981 0
4.519326641997059 4.127228229640712 0
4.356486045601493 5.12239823045806 0
1.26118281416179 4.269479722620717 0
1.384932344135439 4.026445632737081 0
1.385431096370519 4.057688089502724 0
3.059787561442548 4.191374216785966 0
4.925436261240969 4.030688255936522 0
4.936146449826121 4.064330372986439 0
4.988506939438992 4.027774296994655 0
4.237988819746322 7.647120572927022 0
1.331280008473317 4.01682858716374 0
1.311557792468473 4.026111311664052 0
1.295866069718557 4.063999383023035 0
4.232736929114845 4.180129921062412 0
2.699360066185554 6.139179315055349 0
2.80900919013878 4.411403660224339 0
2.190889535706944 4.236148255869565 0
5.14308775655744 4.02606373305096 0
4.811030014418521 4.101717027554137 0
5.231479212327724 4.031602475973918 0
0.8347242858071171 4.07208216813126 0
1.172849659263707 4.026147797445341 0
1.150179165636438 4.018941179770299 0
1.106596096968911 4.062589862677002 0
1.244216080989972 4.032008485375737 0
3.519917311230978 6.336109604057124 0
1.0980558722696 4.031034604574781 0
5.322926821912215 6.882937450238066 0
4.086410540037317 5.325203372001374 0
2.554990697863877 4.36700713581909 0
2.432843913832628 4.457286339850341 0
2.667999556418133 4.220664483942765 0
3.880099231521037 6.653334448852194 0
1.030499679470076 4.02146634762515 0
1.810090071485392 4.285907374963755 0
1.720983177691463 4.266219963123122 0
3.355307679063271 4.681927025032548 0
4.117678719802222 4.060555856449028 0
4.77204098556044 4.39549224735455 0
0.1200891275607988 4.060019221784989 0
2.649132793774121 5.087959697617249 0
4.243045842501279 4.649003216937098 0
1.905680381201224 5.804287762391846 0
3.875241539570195 4.230311931403731 0
2.046261580917855 5.525568022267841 0
3.426594817406241 4.0561951562781 0
4.744687080210793 4.059997573141797 0
3.694453515728927 4.025973036494244 0
1.946536701501248 5.186781638236655 0
2.141387282781169 5.023460071220439 0
2.283367334375768 4.177007678192656 0
1.00087759822409 4.032193757761305 0
0.9463825011115909 4.030853745053499 0
2.169061135888319 4.028808520831963 0
5.325056879794045 4.034261535039131 0
5.364754180969253 4.025033838260372 0
5.391791642081352 4.06337653619206 0
5.431062749638992 4.032605522050656 0
0.8906997732418008 4.029536666516483 0
0.8240245571301299 4.033532897946789 0
4.613125986499607 4.064478839516469 0
5.005025133527345 4.057297928729529 0
3.557257827783816 4.240870409430236 0
4.46735652397864 4.060138445173563 0
3.354602005666063 4.530290535579319 0
1.718074179831573 4.77352365778393 0
4.211202206268736 4.367951284708121 0
4.037376453521054 4.395917607662185 0
3.366536513830111 7.370123397177427 0
2.900570033265034 4.580140794704334 0
4.116125394043969 4.123264963635782 0
4.678989668510216 4.446732696604621 0
2.639161268134623 4.669733486865545 0
0.7531400953415619 4.027000217051645 0
0.7435329863471054 4.060353890126434 0
4.381697685588427 4.344908796566483 0
2.626051449688226 4.017490449778763 0
4.602497455312557 4.282733943711809 0
4.038466288890424 4.202077442641527 0
1.47968662105514 4.618833572452069 0
1.407030073964368 4.800126318201034 0
3.874910517909915 7.857987106577393 0
1.098416501403916 5.001148302959924 0
2.740802626881143 4.059838454290332 0
3.46187708430163 5.592800576562177 0
3.1952349863939 4.055823656383137 0
0.7033282313595334 4.03604214256674 0
0.6364727029908772 4.02568985402223 0
5.710367518929584 4.181891215359173 0
5.711933982536713 4.116039176177619 0
5.602260643039577 7.16708263592879 0
4.473085405610075 4.497997834708596 0
4.361089661239271 4.455505387078868 0
4.135767999727745 4.589233821135657 0
0.5904764035296958 4.029370770701168 0
5.148215947247376 4.190081090872293 0
5.245678153533272 4.780078070573971 0
0.5558288962699786 4.032988252075496 0
1.507537714153314 4.056563109974319 0
4.691311522239197 4.093928661895819 0
3.503972408980774 4.654968376854143 0
5.078292153445642 4.02724389540888 0
2.997076381891892 4.105595904390787 0
1.203388909069901 4.738384525384022 0
2.448739798813056 4.030513574339103 0
4.243791714425824 4.083740807738806 0
5.528507516312207 4.030625863647825 0
5.528123836257313 4.064645234198117 0
5.582305799241984 4.070394194304671 0
5.647211177851606 4.098127717977431 0
5.656966150315021 4.043566593736812 0
2.371057878645109 4.059912876461587 0
2.879341285129501 4.432526909280287 0
2.991516304322615 4.206523132354435 0
2.647995220921619 4.421694746351073 0
5.582325067152695 4.021271490082669 0
2.826651507591031 5.461669454444677 0
4.722101489069086 4.314561166521817 0
0.680299259047118 4.073381691235568 0
2.606476832054919 4.189757345703108 0
3.633418460849434 4.054070444367058 0
4.84330908007361 4.325803165956573 0
5.369525070363799 4.545005860114962 0
5.477909634267133 4.524235499260211 0
5.102101514692102 4.256862696568264 0
0.958793901905551 4.19882937555034 0
1.006991542967749 4.270960749670373 0
0.9073237141881154 4.28884251842947 0
0.8351187482332002 4.275847889291088 0
3.367605654239032 4.094549264510507 0
5.73489068955037 6.510492360583012 0
3.775473028311995 4.105094230594267 0
3.08904118485312 4.288950854630284 0
2.896478361387421 4.056923614987965 0
5.46278026001214 5.022792105140421 0
4.008992353200899 4.055406544587917 0
3.085541445321395 4.0319985058413 0
4.616710920020121 4.396811794328154 0
2.516225228767684 4.152569875011366 0
1.190343142005498 4.279031158702314 0
3.326056791208367 4.061881761148443 0
0.4822617942424012 4.02881455958055 0
0.457297566885385 4.02201650228857 0
1.331454284355254 4.261470609491234 0
1.578000000849925 4.243330455953869 0
1.505366297749921 4.246761943127535 0
5.053549556278035 4.322451682019572 0
1.843055990141215 4.047514929057666 0
3.612073624275093 4.510048949489423 0
1.590356289029547 4.305214187538075 0
0.391371444591018 4.030742155576386 0
0.4166168225783436 4.07271480003737 0
0.3661021555516266 4.022977104293793 0
1.077696288374666 4.061452298881786 0
3.682346542735563 4.238542640675821 0
2.572104547957362 4.202786772509954 0
1.537494798173526 4.025659588291602 0
4.286780768115738 4.472760536267666 0
2.904182792648659 4.972630512005893 0
5.224530904818458 9.147100071238787 0
3.491270491827547 4.275231981231891 0
5.286846838242749 4.020682260068007 0
2.916732712205318 7.353448535461367 0
1.719723276575121 4.019981879402176 0
4.386242453938459 4.058648778263716 0
5.25550429168439 4.677033814570545 0
5.373916061228817 4.678735380280608 0
5.308976020145233 4.195184962557772 0
1.960335319683844 4.026021431174843 0
5.512439428808141 4.387255546049015 0
5.423755093772085 5.290408288039288 0
4.537825442854872 4.048482211381204 0
1.002350697468555 4.383127909859225 0
5.141823673073023 6.67841826600142 0
4.511441803193367 5.036725984602393 0
5.127563004033206 4.054658095535935 0
1.109801168957785 4.28471649372473 0
5.52961280037171 5.701252105520782 0
1.970990675975797 4.421023049158026 0
1.835034918125315 5.610479899474758 0
1.696204470417072 4.352881814601044 0
2.269957173558735 4.063482310829555 0
4.305989317062137 4.560825638661301 0
0.7934272782004683 4.349904231142407 0
3.360883639309628 4.060582632928944 0
5.474614140150755 4.065453245701288 0
5.567588658292984 4.13323805143168 0
1.508489564857815 4.316683539325403 0
3.15557071086521 4.221488788765065 0
1.843922123625881 4.320013911070804 0
1.537299573986571 4.045567936075997 0
2.69978299930146 5.169859699244785 0
1.994974348177663 4.05978203199913 0
0.8547953585511158 4.231365050742429 0
0.787814687198234 4.072742155128893 0
4.149186885632609 8.251133418241254 0
5.596039463755655 10.16876361132105 0
1.866115609283348 4.05449466948405 0
1.9048953044153 4.060909807619663 0
1.56642159221197 4.026483931740784 0
5.046252848556034 4.026331412881224 0
1.452301939966504 4.089338974521092 0
5.745679628778287 4.031555016756188 0
1.672283679330534 4.059516957744006 0
3.517549428080038 4.058812858674747 0
2.043740081869355 4.050902358823286 0
0.3056420804611688 4.025599717981832 0
1.255992513626872 4.109946338528114 0
5.158996570668501 4.55570805497001 0
3.85161161823567 4.045916738714554 0
3.699311270751203 4.661340534762254 0
4.857357848674955 4.031220302287546 0
4.896940089518221 4.065289526578514 0
1.634243870730172 4.098982380583721 0
4.329315201012625 4.047538567916677 0
4.31505340926924 5.274549899335224 0
1.48010708733241 4.059289335872831 0
4.352244622937719 4.053428569862948 0
5.46431408732113 4.031627283890963 0
2.466702434670596 4.196893221528667 0
1.709718141648763 4.052046211020383 0
5.207124261309995 4.059856786148546 0
5.743293574234923 11.20638736949325 0
1.415084247537871 4.240094608282464 0
1.413432181856978 4.048149069106358 0
4.974185586771656 4.062354621409309 0
4.849442281514802 4.147647629673303 0
1.92525472344097 4.174717546358657 0
1.971382454740888 5.357473302021781 0
5.769287013001234 4.02186180921555 0
3.7962935098225 4.752062722909517 0
2.270508336099974 6.501480637925106 0
5.089522022672504 4.057087749584987 0
1.884885673415213 4.295867632894738 0
1.262710056511803 4.31175040959467 0
5.161807199938541 4.017780174593915 0
1.602372591666636 4.834750319311187 0
3.468423870345558 4.225327472448815 0
2.140252036698499 4.027689400418838 0
3.762994449962385 4.226477291274943 0
1.87194662152503 4.123055083801153 0
3.848506665855286 4.254847772534942 0
2.410444823862189 4.19983940560172 0
1.930616152877568 4.025811644940092 0
4.239158405362452 5.411771012064387 0
2.774833000367579 4.056722285776373 0
2.521090209553833 4.743607211877952 0
3.143511178037616 4.018519889371223 0
0.5619724670761096 4.494598017236243 0
3.632074884598613 4.082927700582168 0
2.50881662423088 4.029491733691276 0
3.970517781617537 4.454725697093696 0
3.827929408313343 4.054428717893053 0
3.654772714035301 4.989922082880846 0
4.946450253673368 4.103549168681028 0
1.931364025031171 4.045820767306075 0
1.69193722556591 4.217093064808425 0
3.430660466808779 4.306834716218358 0
0.6196039366077017 4.056399126555767 0
2.98226379277867 4.140517491093783 0
1.149008184600023 4.106614431867622 0
4.34414752244299 4.4022743214421 0
2.29571315479747 4.05675232262423 0
5.874490915048723 4.101002654412339 0
1.59353938218667 4.059660934020047 0
4.864007513049939 4.793260460610261 0
3.745656844639864 4.152030300968822 0
3.601742915925097 4.049501652468686 0
5.358054160395247 7.50436074113324 0
2.244428596848459 4.273307726465992 0
3.564822698422424 4.290532777357948 0
2.718356224302637 4.259208359386976 0
2.555075340617349 4.456374626547199 0
5.638219398282881 4.591451617429297 0
5.680052863075852 4.023610845381476 0
3.516113658931543 6.622897833195248 0
3.661174551878751 4.299263942858199 0
5.353470387265935 4.051050496475227 0
2.936677909481382 4.6962862204332 0
3.951539420724272 4.077717578599211 0
3.291733143625501 4.062567691786633 0
0.7327148614730362 4.455159196780867 0
5.52000239795515 4.679094872326659 0
4.931762044361379 4.397969966271667 0
2.02185138402095 4.04457187211241 0
2.888867086543024 4.085998832286133 0
4.482903126240185 4.050181396028258 0
2.064338421413474 4.869593375105471 0
2.140584218875449 4.056140584069142 0
2.388501734777373 4.028490771148451 0
4.488280696764995 4.165987835116631 0
5.851835690506618 4.410285343979651 0
1.661529471528818 4.289472224258991 0
3.578358991076271 4.044352225717229 0
5.444784081639397 6.671713681619146 0
3.943764152980037 4.055935376928343 0
2.865208493949375 4.056326408086059 0
3.457344791739536 4.055429243985238 0
3.638374508498347 4.625140513802144 0
3.974462136362919 4.055526237042826 0
5.501001354036133 4.05429331364459 0
1.265604302679848 4.893870836542027 0
0.3667235094735315 4.118039865104603 0
0.9127255615446582 4.052234186141467 0
4.722076045556243 4.125213014018744 0
3.226723928884512 4.058963754425637 0
4.636956015168737 4.048750415353803 0
5.755429459286174 4.549054874662968 0
5.646044342074664 10.64430182862873 0
2.906364109400724 6.828305383260498 0
4.705594952736055 4.367463941512058 0
4.190499671967208 4.054398111078604 0
3.028331139791409 4.346831296944148 0
4.563743985866331 4.584163336857067 0
2.668810086035356 4.057586302265571 0
3.207577447481606 4.269880316992766 0
3.60693965619605 4.297844843271657 0
1.615181791868826 5.711767132280463 0
1.990219031021604 4.159222166035963 0
5.71426704414298 4.065842497444593 0
2.963430527773252 4.063670902747104 0
2.074260995177441 4.056380602019003 0
0.5185321881777125 4.075118735797149 0
2.665050222499363 5.657299598808778 0
1.65531572189022 4.453998350043133 0
1.83143109840229 4.126518212285683 0
5.358450842138883 4.850568451889433 0
1.892494798643951 4.145118659950422 0
2.441415727143051 4.789068270314583 0
3.338017176866715 4.145174342794077 0
2.409143963111309 4.250178869416748 0
4.222086812437043 4.047696715709685 0
0.972931623063637 4.060459549460074 0
0.4388144110154187 4.18537779455331 0
4.407619703719329 4.606146373395242 0
3.812401859565262 4.24613217440197 0
4.037211164164037 4.783635627075017 0
5.025575478710596 4.04623550244761 0
2.805270971862534 4.056016227405918 0
4.258952078879873 4.138616133995773 0
3.394459238020326 4.058634953820143 0
3.063191828785739 4.055213207181169 0
5.496464612101605 4.16219658494822 0
1.431169577706944 4.110788608173665 0
4.98298905836694 4.325101011688131 0
3.070479769701305 5.055566393063344 0
1.934535876623901 4.525105208629006 0
4.006421602255665 7.61453040735318 0
0.657682219833293 4.053282792513685 0
3.461458198060015 4.078575292212935 0
5.800228193002027 4.686268481219973 0
5.650987418019581 4.78121941169327 0
4.325542740767354 4.217597916000162 0
4.072358308286617 4.1440001184973 0
2.400324543530176 4.585470601231962 0
5.630962859334997 5.323345216452628 0
4.323897548266326 5.85868481734621 0
2.392578062650349 4.087523821024987 0
3.193852382578302 4.087921620910283 0
4.780515530818158 8.719573934983638 0
2.74477264867934 4.094979174737356 0
3.592931457784184 4.117329698314626 0
1.785754155720585 4.052613211891982 0
4.130492266972485 4.790543653170499 0
4.166893286097943 4.69875423656817 0
1.064078372641618 4.08434360103957 0
2.54899796209137 4.182789903410227 0
3.710379103400325 4.059637540004378 0
5.771798638232297 4.185296807474486 0
4.667951406760012 5.125968612060062 0
4.141228753249854 4.245128720864941 0
3.222446824987191 4.118376905360162 0
2 8 0 1293
7949
7950
7951
7952
7953
7954
7955
7956
7957
7958
7959
7960
7961
7962
7963
7964
7965
7966
7967
7968
7969
7970
7971
7972
7973
7974
7975
7976
7977
7978
7979
7980
7981
7982
7983
7984
7985
7986
7987
7988
7989
7990
7991
7992
7993
7994
7995
7996
7997
7998
7999
8000
8001
8002
8003
8004
8005
8006
8007
8008
8009
8010
8011
8012
8013
8014
8015
8016
8017
8018
8019
8020
8021
8022
8023
8024
8025
8026
8027
8028
8029
8030
8031
8032
8033
8034
8035
8036
8037
8038
8039
8040
8041
8042
8043
8044
8045
8046
8047
8048
8049
8050
8051
8052
8053
8054
8055
8056
8057
8058
8059
8060
8061
8062
8063
8064
8065
8066
8067
8068
8069
8070
8071
8072
8073
8074
8075
8076
8077
8078
8079
8080
8081
8082
8083
8084
8085
8086
8087
8088
8089
8090
8091
8092
8093
8094
8095
8096
8097
8098
8099
8100
8101
8102
8103
8104
8105
8106
8107
8108
8109
8110
8111
8112
8113
8114
8115
8116
8117
8118
8119
8120
8121
8122
8123
8124
8125
8126
8127
8128
8129
8130
8131
8132
8133
8134
8135
8136
8137
8138
8139
8140
8141
8142
8143
8144
8145
8146
8147
8148
8149
8150
8151
8152
8153
8154
8155
8156
8157
8158
8159
8160
8161
8162
8163
8164
8165
8166
8167
8168
8169
8170
8171
8172
8173
8174
8175
8176
8177
8178
8179
8180
8181
8182
8183
8184
8185
8186
8187
8188
8189
8190
8191
8192
8193
8194
8195
8196
8197
8198
8199
8200
8201
8202
8203
8204
8205
8206
8207
8208
8209
8210
8211
8212
8213
8214
8215
8216
8217
8218
8219
8220
8221
8222
8223
8224
8225
8226
8227
8228
8229
8230
8231
8232
8233
8234
8235
8236
8237
8238
8239
8240
8241
8242
8243
8244
8245
8246
8247
8248
8249
8250
8251
8252
8253
8254
8255
8256
8257
8258
8259
8260
8261
8262
8263
8264
8265
8266
8267
8268
8269
8270
8271
8272
8273
8274
8275
8276
8277
8278
8279
8280
8281
8282
8283
8284
8285
8286
8287
8288
8289
8290
8291
8292
8293
8294
8295
8296
8297
8298
8299
8300
8301
8302
8303
8304
8305
8306
8307
8308
8309
8310
8311
8312
8313
8314
8315
8316
8317
8318
8319
8320
8321
8322
8323
8324
8325
8326
8327
8328
8329
8330
8331
8332
8333
8334
8335
8336
8337
8338
8339
8340
8341
8342
8343
8344
8345
8346
8347
8348
8349
8350
8351
8352
8353
8354
8355
8356
8357
8358
8359
8360
8361
8362
8363
8364
8365
8366
8367
8368
8369
8370
8371
8372
8373
8374
8375
8376
8377
8378
8379
8380
8381
8382
8383
8384
8385
8386
8387
8388
8389
8390
8391
8392
8393
8394
8395
8396
8397
8398
8399
8400
8401
8402
8403
8404
8405
8406
8407
8408
8409
8410
8411
8412
8413
8414
8415
8416
8417
8418
8419
8420
8421
8422
8423
8424
8425
8426
8427
8428
8429
8430
8431
8432
8433
8434
8435
8436
8437
8438
8439
8440
8441
8442
8443
8444
8445
8446
8447
8448
8449
8450
8451
8452
8453
8454
8455
8456
8457
8458
8459
8460
8461
8462
8463
8464
8465
8466
8467
8468
8469
8470
8471
8472
8473
8474
8475
8476
8477
8478
8479
8480
8481
8482
8483
8484
8485
8486
8487
8488
8489
8490
8491
8492
8493
8494
8495
8496
8497
8498
8499
8500
8501
8502
8503
8504
8505
8506
8507
8508
8509
8510
8511
8512
8513
8514
8515
8516
8517
8518
8519
8520
8521
8522
8523
8524
8525
8526
8527
8528
8529
8530
8531
8532
8533
8534
8535
8536
8537
8538
8539
8540
8541
8542
8543
8544
8545
8546
8547
8548
8549
8550
8551
8552
8553
8554
8555
8556
8557
8558
8559
8560
8561
8562
8563
8564
8565
8566
8567
8568
8569
8570
8571
8572
8573
8574
8575
8576
8577
8578
8579
8580
8581
8582
8583
8584
8585
8586
8587
8588
8589
8590
8591
8592
8593
8594
8595
8596
8597
8598
8599
8600
8601
8602
8603
8604
8605
8606
8607
8608
8609
8610
8611
8612
8613
8614
8615
8616
8617
8618
8619
8620
8621
8622
8623
8624
8625
8626
8627
8628
8629
8630
8631
8632
8633
8634
8635
8636
8637
8638
8639
8640
8641
8642
8643
8644
8645
8646
8647
8648
8649
8650
8651
8652
8653
8654
8655
8656
8657
8658
8659
8660
8661
8662
8663
8664
8665
8666
8667
8668
8669
8670
8671
8672
8673
8674
8675
8676
8677
8678
8679
8680
8681
8682
8683
8684
8685
8686
8687
8688
8689
8690
8691
8692
8693
8694
8695
8696
8697
8698
8699
8700
8701
8702
8703
8704
8705
8706
8707
8708
8709
8710
8711
8712
8713
8714
8715
8716
8717
8718
8719
8720
8721
8722
8723
8724
8725
8726
8727
8728
8729
8730
8731
8732
8733
8734
8735
8736
8737
8738
8739
8740
8741
8742
8743
8744
8745
8746
8747
8748
8749
8750
8751
8752
8753
8754
8755
8756
8757
8758
8759
8760
8761
8762
8763
8764
8765
8766
8767
8768
8769
8770
8771
8772
8773
8774
8775
8776
8777
8778
8779
8780
8781
8782
8783
8784
8785
8786
8787
8788
8789
8790
8791
8792
8793
8794
8795
8796
8797
8798
8799
8800
8801
8802
8803
8804
8805
8806
8807
8808
8809
8810
8811
8812
8813
8814
8815
8816
8817
8818
8819
8820
8821
8822
8823
8824
8825
8826
8827
8828
8829
8830
8831
8832
8833
8834
8835
8836
8837
8838
8839
8840
8841
8842
8843
8844
8845
8846
8847
8848
8849
8850
8851
8852
8853
8854
8855
8856
8857
8858
8859
8860
8861
8862
8863
8864
8865
8866
8867
8868
8869
8870
8871
8872
8873
8874
8875
8876
8877
8878
8879
8880
8881
8882
8883
8884
8885
8886
8887
8888
8889
8890
8891
8892
8893
8894
8895
8896
8897
8898
8899
8900
8901
8902
8903
8904
8905
8906
8907
8908
8909
8910
8911
8912
8913
8914
8915
8916
8917
8918
8919
8920
8921
8922
8923
8924
8925
8926
8927
8928
8929
8930
8931
8932
8933
8934
8935
8936
8937
8938
8939
8940
8941
8942
8943
8944
8945
8946
8947
8948
8949
8950
8951
8952
8953
8954
8955
8956
8957
8958
8959
8960
8961
8962
8963
8964
8965
8966
8967
8968
8969
8970
8971
8972
8973
8974
8975
8976
8977
8978
8979
8980
8981
8982
8983
8984
8985
8986
8987
8988
8989
8990
8991
8992
8993
8994
8995
8996
8997
8998
8999
9000
9001
9002
9003
9004
9005
9006
9007
9008
9009
9010
9011
9012
9013
9014
9015
9016
9017
9018
9019
9020
9021
9022
9023
9024
9025
9026
9027
9028
9029
9030
9031
9032
9033
9034
9035
9036
9037
9038
9039
9040
9041
9042
9043
9044
9045
9046
9047
9048
9049
9050
9051
9052
9053
9054
9055
9056
9057
9058
9059
9060
9061
9062
9063
9064
9065
9066
9067
9068
9069
9070
9071
9072
9073
9074
9075
9076
9077
9078
9079
9080
9081
9082
9083
9084
9085
9086
9087
9088
9089
9090
9091
9092
9093
9094
9095
9096
9097
9098
9099
9100
9101
9102
9103
9104
9105
9106
9107
9108
9109
9110
9111
9112
9113
9114
9115
9116
9117
9118
9119
9120
9121
9122
9123
9124
9125
9126
9127
9128
9129
9130
9131
9132
9133
9134
9135
9136
9137
9138
9139
9140
9141
9142
9143
9144
9145
9146
9147
9148
9149
9150
9151
9152
9153
9154
9155
9156
9157
9158
9159
9160
9161
9162
9163
9164
9165
9166
9167
9168
9169
9170
9171
9172
9173
9174
9175
9176
9177
9178
9179
9180
9181
9182
9183
9184
9185
9186
9187
9188
9189
9190
9191
9192
9193
9194
9195
9196
9197
9198
9199
9200
9201
9202
9203
9204
9205
9206
9207
9208
9209
9210
9211
9212
9213
9214
9215
9216
9217
9218
9219
9220
9221
9222
9223
9224
9225
9226
9227
9228
9229
9230
9231
9232
9233
9234
9235
9236
9237
9238
9239
9240
9241
4.027418108034036 -4.026842463789083 0
3.7216021793476 -4.024724253779766 0
3.465505343354138 -4.028370088869438 0
3.176652139582908 -4.025794600598324 0
2.926853077775749 -4.024482132479386 0
4.308324868520987 -4.029863643382091 0
4.580668600500093 -4.029293014792806 0
2.670454137159008 -4.032888882112547 0
2.434289875443537 -4.029667452257152 0
4.80845056054118 -4.030544852144835 0
2.233547777584439 -4.023508955749414 0
2.01975682777425 -4.026541288669455 0
1.806865193119674 -4.031067387650587 0
5.035064647519363 -4.025636752115741 0
1.616511194704034 -4.031988993891234 0
1.43216081101503 -4.026111311339517 0
5.197554881760292 -4.025348928116053 0
3.886331820882445 -4.027547743016672 0
1.284459154941501 -4.03516268819633 0
5.353906492281198 -4.032362678412762 0
1.134848814106969 -4.031348713217519 0
0.9856036234621345 -4.03393847725516 0
5.513524215254725 -4.019744024969295 0
3.616661092335778 -4.025029890136592 0
3.33970500561081 -4.029523092108443 0
3.072754189914348 -4.031036938032317 0
4.160583833893666 -4.028730949086159 0
2.802054880768504 -4.027542782973367 0
2.558253064166095 -4.030365447299848 0
4.431190690866904 -4.029390336361361 0
4.705573731672212 -4.022602930419259 0
5.757861223032556 -5.9485396673722 0
0.8636378734749657 -4.031280229795986 0
0.7411201380487454 -4.032712219541438 0
0.629704523112498 -4.023204171938293 0
5.640323473228128 -4.028479088415168 0
2.470192686104583 -6.767414094692034 0
5.797628013270061 -5.073003185445227 0
1.711823212652428 -5.857693051031224 0
2.344116260934031 -4.033445620183564 0
2.140635576320207 -4.026770956788305 0
1.933362806708 -4.029758042635508 0
1.715532203145493 -4.026565314993479 0
1.540647841520701 -4.0283682359176 0
4.909450020510394 -4.031557001543515 0
5.129953621839737 -4.026518010098578 0
0.5362400790334989 -4.021021087637115 0
5.722631259594139 -4.023131073654823 0
0.4411439500161055 -4.031234678638437 0
5.724291006056877 -6.900832722240386 0
0.3620092437996875 -4.031419742317643 0
5.791961028261211 -4.03486531003343 0
3.274129338492138 -7.606321541390492 0
1.19856893351828 -5.194122088673652 0
5.654459053168086 -7.975697149441352 0
5.855435038129729 -4.541076535173344 0
0.7914161631209259 -4.696173167201177 0
3.802900893111485 -8.366926163681715 0
3.980856314164658 -4.027494627775063 0
2.973128248400082 -4.034036409045355 0
4.084771137043429 -4.033038949228573 0
4.223317888324868 -4.022440841301927 0
2.863704628391982 -4.027391430911019 0
2.74034009492819 -4.028969481397279 0
2.625363239754072 -4.025585781557881 0
4.36847287992979 -4.026949238015922 0
2.496232952332128 -4.030852627958373 0
2.274188115312273 -4.026995299038982 0
4.493400581629038 -4.026758425817969 0
2.079729523918299 -4.028961566554123 0
4.643996984587959 -4.027560293505312 0
1.869850780780932 -4.031651612250323 0
4.748743706073162 -4.026111310212492 0
1.394385660853112 -4.023724359597401 0
4.976087716469914 -4.029863105197552 0
5.270753778699741 -4.036526757733671 0
1.237156646077731 -4.026011325025211 0
1.068868221209851 -4.028706335808691 0
5.615939008380533 -8.81039427879834 0
0.9263088797362796 -4.03077321897734 0
5.423371961914602 -4.034757856777849 0
0.806868063012837 -4.020253318665427 0
0.6871882908415347 -4.021421548504207 0
5.56876343332406 -4.033907695232654 0
0.286254104058664 -4.032448410922115 0
0.2370082919504866 -4.026554114952658 0
0.1833136853393652 -4.024810225462696 0
5.84911921292492 -4.024485154799017 0
0.120448431379395 -4.020544820597888 0
5.910500862923908 -4.0204283870499 0
4.432977545848626 -9.113129662933892 0
5.595856040988483 -9.706619411148839 0
0.4642742799349586 -4.329941447991401 0
5.849475420284843 -4.06022217259363 0
0.257562501008107 -4.055267945557603 0
0.6508268155178575 -4.586974925104211 0
0.856627944290471 -4.501139918621111 0
1.007780966388698 -4.64662639378627 0
0.9977133329483781 -4.503146550556063 0
1.137606197833857 -4.473804624290947 0
1.165236757767376 -4.599045173128919 0
1.2809085492087 -4.421138048473202 0
1.308775530089834 -4.551597151692406 0
1.41994922732319 -4.411861326627995 0
1.439669756166987 -4.514171066709785 0
1.52536289547619 -4.388774577512131 0
1.573859748113828 -4.483964424288824 0
1.566812222579433 -4.577438076186601 0
1.69604592143009 -4.504688691417011 0
1.668244460318696 -4.629233549847653 0
1.804202709079289 -4.495550197415195 0
1.823231798084437 -4.594213343716058 0
1.860776577708202 -4.707199977355383 0
1.987946239590641 -4.658238133616724 0
1.901612257323044 -4.832020677632865 0
2.031573702325743 -4.775645912783665 0
2.094121960305507 -4.603910344127361 0
2.179582064116089 -4.718638460572071 0
2.169918243483687 -4.876454030142831 0
2.348559292365853 -4.740316338319633 0
2.310472864982127 -4.883952638815463 0
2.442146973317934 -4.878883455273377 0
2.454610006324845 -5.014445242650572 0
2.601363779629505 -4.964815490695002 0
2.564987891327826 -4.843841602831054 0
2.733672002015933 -4.905310323516963 0
2.6490144451724 -5.087287960173062 0
2.775090830312463 -5.021933115027244 0
2.804195732197397 -5.142098853583081 0
2.941290107596373 -5.094033041181042 0
2.97914241749379 -5.240095766172942 0
3.139430845409878 -5.171261872189464 0
3.213487151134975 -5.323504848349217 0
3.290543851717152 -5.091145448830323 0
3.375584258175288 -5.220293461336504 0
3.480578072708628 -5.350328155130581 0
3.631352012699995 -5.244012245889768 0
3.59077762223201 -5.477572801997186 0
3.740128696946169 -5.376388666921905 0
3.678261042599695 -5.611131711823619 0
3.775302417492509 -5.151676957174602 0
3.888550444574084 -5.277672240571911 0
3.917312912120612 -5.076438961722006 0
4.026959931323296 -5.176683391542682 0
4.036338961358258 -5.001908874066996 0
4.134473075798579 -5.058021208916453 0
4.137738762566181 -5.295986601783952 0
3.916254198790464 -4.893777022013995 0
2.856912241296199 -4.849342977754271 0
4.189003129660325 -4.894695075663881 0
4.386906212158472 -4.954721265603936 0
4.37097142512387 -4.821240744159518 0
4.280146691858636 -4.776722474575363 0
4.540594714353533 -4.869214733020544 0
4.468288408097373 -4.737586502830971 0
4.66982338217383 -4.798663126682897 0
4.607332567999094 -4.985908132656665 0
4.612709817095295 -4.686445685458668 0
4.793757443843195 -4.726944769381752 0
2.260047417792431 -4.605522801519345 0
4.480570230459774 -4.606377767101948 0
2.816311604072438 -5.283107548516303 0
3.560778964449196 -5.672225000787137 0
3.730019802526989 -5.775535519527442 0
4.724881760661801 -4.622747922812312 0
4.91685323057467 -4.654066322929345 0
4.838310211789451 -4.527114024946268 0
5.034990718603821 -4.581288682514318 0
4.987793965871672 -4.764672392419592 0
2.177467720519097 -4.536949354363389 0
2.251794920328072 -4.468044338622402 0
4.728512647343642 -4.470190071802469 0
3.547697461536312 -5.809196322591632 0
3.762234967951172 -5.980675973134411 0
4.974730533989471 -4.480935326137751 0
2.180360699492636 -4.402858836157871 0
2.23923115694376 -4.34597329082241 0
2.330866151562799 -4.394521832680585 0
2.345662915682345 -4.308376018586733 0
2.408498728661053 -4.378583083577002 0
3.539406066764923 -6.022182411942265 0
3.793691949157832 -6.217029725779057 0
4.042762832427563 -6.117250553979236 0
4.101500727967609 -6.356285620492163 0
4.149043322391182 -6.618579872372695 0
2.428216636328457 -4.316880120951534 0
2.497194724584486 -4.360342186494461 0
1.611562468526447 -4.365873264203048 0
5.080486736343843 -4.410274931157645 0
2.482653196836974 -4.270906953321433 0
2.53358801573543 -4.306971373168758 0
2.176245290838474 -4.299879142071656 0
3.305802955068503 -6.017403188378052 0
5.137179851374101 -4.510742229907904 0
5.005185429878981 -4.372680357081549 0
2.12230278467861 -4.343872621029337 0
2.298541165654596 -5.032601072342366 0
2.57198704480138 -4.249330717728267 0
2.612541748039437 -4.287327909520467 0
2.601611493708126 -4.345917300958543 0
2.685527356381086 -4.323043528426642 0
2.717938969414942 -4.385018005342267 0
2.753720105219545 -4.292700226188826 0
2.788812761032551 -4.349562946667482 0
2.816366506140806 -4.263468597260413 0
2.852284512573633 -4.314344219572194 0
2.894133854249704 -4.366050289748973 0
2.95074696814926 -4.324850232940481 0
2.940065849996402 -4.420316365571159 0
2.999609093424824 -4.374725072301346 0
2.979715849494076 -4.484553788267525 0
3.066516810354387 -4.437835604798186 0
3.086612298290373 -4.516801989952956 0
3.158590016844571 -4.435574008040478 0
3.151830391642171 -4.379152132403941 0
3.232220663401209 -4.415629914398666 0
3.263024527800342 -4.486427151435201 0
3.315146320901116 -4.452048648910899 0
3.303993391650487 -4.395924270325209 0
3.373751813903976 -4.381519430470988 0
3.391897869442441 -4.46850952243011 0
3.477860144161307 -4.417930805550812 0
3.476991644892146 -4.533975959292757 0
3.536959475158244 -4.466544873434245 0
3.525901480641628 -4.386934412395361 0
3.579843532746379 -4.404895144154244 0
3.598362791031955 -4.345516718175628 0
3.668609071443785 -4.342683426491691 0
3.359515659928984 -4.330664434327794 0
3.295909597982327 -4.315641108248658 0
3.680113325183857 -4.422142141284534 0
3.73757137412156 -4.316906193611596 0
3.774906639530073 -4.368380210272492 0
3.830559416687439 -4.416811237435561 0
3.886568878630269 -4.36087493366227 0
3.560460888518583 -4.582472615421801 0
2.997481289421597 -4.281237517337782 0
3.840130923723311 -4.320335442138684 0
3.922373599260541 -4.323788111495078 0
3.942833228829949 -4.391713039797106 0
3.969755375001274 -4.332456207186342 0
3.336769959903538 -4.255595850462914 0
3.297544041016047 -4.234802537968476 0
3.980986544362344 -4.273898898533714 0
4.053725099218862 -4.27037983708964 0
4.036946972427226 -4.346469151075714 0
4.125956799395777 -4.292218803906758 0
4.113370496044654 -4.361941110258615 0
4.187026419151006 -4.29054660551222 0
2.759908608805252 -4.447566604408098 0
5.19771184342398 -4.361123715772113 0
4.420685539959755 -6.481574484012069 0
4.462602091942285 -6.770777680470029 0
4.357453428441177 -6.221189284325711 0
4.684497053743228 -6.335640243769982 0
4.613865176926269 -6.07396927531171 0
2.355222456307914 -4.245009795744141 0
1.763440176609434 -4.880508857574229 0
2.871355533768685 -4.234443620382852 0
4.178059159617583 -4.249965223024448 0
4.249838164327456 -4.263380107156062 0
4.259133788971607 -4.320384438587337 0
4.316120865769193 -4.270522198830466 0
5.231757306376032 -4.45272685470837 0
5.260312961138944 -4.550158147789224 0
2.129501381683899 -4.255376941086714 0
2.076345390658884 -4.289724866635268 0
4.090396644521084 -4.43813999111488 0
4.183814243075743 -4.479187359030262 0
3.423806376494913 -4.614193466378008 0
2.629065260180674 -4.22054739083114 0
4.178013492921622 -6.911123450888108 0
4.49080342117335 -7.088242144568952 0
1.211169751008563 -4.343525952788601 0
4.029520581188242 -4.225043602981724 0
3.98896659654005 -4.220286826257428 0
2.455779675131638 -4.415230081776269 0
3.35814437046528 -4.203295570559285 0
3.414629060513104 -4.217108956782977 0
3.290185954774707 -6.289092468474492 0
5.291257449692337 -4.317479765613718 0
1.410240585218001 -4.325579684671543 0
1.348772355848196 -4.675555392432556 0
5.324935010145382 -4.402673541120409 0
3.296105447674235 -4.18489242388977 0
3.241430141586362 -4.20579415360428 0
4.306651079312324 -4.330636170685866 0
4.367615109627582 -4.26672551734386 0
4.35891014188419 -4.226682083966178 0
4.412683023968222 -4.242461443835984 0
4.441454005823671 -4.299517430218331 0
4.486524258587736 -4.256848514945094 0
2.512089969885025 -4.227969988376474 0
0.8914536482209909 -4.377705436534669 0
4.52283905503327 -4.307422247034589 0
4.564891184230153 -4.271139515002096 0
2.839741406101218 -4.192180802147082 0
5.16461123791133 -4.266705368285428 0
2.098785442674193 -4.210236841283157 0
2.043698825443828 -4.234356794513253 0
2.137080326740347 -4.193426554968349 0
4.203620212554785 -4.221720128176756 0
2.918563588891696 -4.507211858033833 0
3.833261284799515 -6.469281415309906 0
3.052693314243949 -5.97310357793812 0
3.421809818474854 -5.007473374013532 0
2.684291069996116 -4.489028930264507 0
5.374114690191615 -4.274671878848364 0
5.412139603206934 -4.350747105251308 0
2.88383143276327 -4.166976042591094 0
3.426878366934278 -4.170092899062424 0
3.460536379226725 -4.181078870762737 0
4.531573084002967 -4.209432059229535 0
4.595507646746671 -4.197664184501812 0
4.614230795664182 -4.254550264423185 0
4.649450964041434 -4.188539787152767 0
4.671511437165405 -4.245104762403499 0
4.701620643136804 -4.175903472698645 0
4.730226059163923 -4.22902654894623 0
4.786383038501767 -4.207238454550577 0
3.259074859498478 -4.132860570608816 0
3.220745060076075 -4.161451971004114 0
3.276190990583152 -4.02874549056072 0
4.942665938818502 -6.186153389500182 0
4.870303588473923 -5.931077365239575 0
4.807195899161453 -5.688554927545836 0
2.006301505150863 -4.338493608029613 0
1.979243797911784 -4.254654025134591 0
1.966237876257202 -4.193278999527813 0
1.905482651436224 -4.198335101871184 0
1.907884470427225 -4.263395239348854 0
1.845417635645655 -4.189929986287756 0
5.452507317859439 -4.436420785263807 0
4.19823353810877 -7.221625401272137 0
4.508501814979549 -7.43863700901635 0
4.83552312697899 -7.292827365215946 0
4.003327558365892 -4.173857973158499 0
3.954284081765064 -4.158795856391349 0
4.383120853215275 -4.200152293246433 0
4.345436779979111 -4.174714190469865 0
3.922031508136515 -5.690761074817049 0
3.353056691233446 -4.900847904801989 0
5.016069079732936 -6.461811594079878 0
5.447913194268127 -4.22832920243604 0
5.491833211719689 -4.297674002146098 0
4.479653384497388 -4.359655820749861 0
4.163573588179381 -4.196939652203229 0
2.813282417002556 -4.152007055791276 0
2.769121590269965 -4.170282997984995 0
2.492759788511322 -5.197242590970617 0
2.286516125374641 -5.197198088325385 0
2.443701742063568 -5.361428769276938 0
2.077870158004568 -4.16342746329051 0
2.143475704232382 -4.140962704736357 0
2.19865617138583 -4.178798567237269 0
4.924136573312349 -7.658822180035961 0
2.728979663976521 -4.556335382129869 0
2.25586393184056 -5.397260521037103 0
2.378548277884216 -5.606930024173879 0
2.105904301912459 -5.31026237394131 0
4.12341551883426 -4.528907933673199 0
4.189956611093301 -4.157737800455601 0
4.148661646325206 -4.137629533477265 0
4.625052392288621 -4.31018852498034 0
5.259994064268394 -6.3179315235517 0
2.973590813066807 -6.316167306392956 0
1.859079652737461 -4.137002430806644 0
1.790409544191334 -4.168543864022946 0
1.761573404330386 -4.220727958110832 0
1.715137799989134 -4.191428038935332 0
3.448915033683898 -4.126034169037584 0
3.486827968292285 -4.158498767260521 0
3.404095492122682 -4.02878408861778 0
3.517458539767518 -4.192376510172227 0
3.521676639821648 -4.128802969711679 0
3.558621786870822 -4.158678059986753 0
3.599959332775118 -4.189219032274925 0
3.637082333275987 -4.15453583118336 0
3.527522157851035 -4.029161404949883 0
4.810725510986078 -4.25010789142066 0
4.839564312304881 -4.185359202425042 0
4.761243242615759 -5.465550720074286 0
4.971939267410777 -5.357999424792795 0
5.039195395045092 -5.562207505127442 0
5.169566214572773 -5.240302952267291 0
5.245400591072201 -5.430766684957401 0
5.342123000021526 -5.140929966036637 0
4.550426758663043 -5.529872137086738 0
3.933825020751877 -4.20731431491453 0
3.904908585753851 -4.141892637595228 0
3.880022537512722 -4.186397728998723 0
3.857647751295755 -4.124668289552592 0
3.831144885312339 -4.162567277546776 0
3.821756418479328 -4.025261574719142 0
3.207864363401378 -4.220851591480061 0
3.173991450655916 -4.184734136646916 0
3.166121813961667 -4.125053921054994 0
3.118833247722231 -4.165061824660279 0
3.129115964435399 -4.03179241727728 0
5.404985247626664 -4.173051542337844 0
3.436576507862223 -4.860159692472746 0
4.517139311037868 -7.824653415090705 0
2.917274310291318 -4.203358974076188 0
2.919452075517813 -4.140060905635054 0
2.953454498935799 -4.170404132388193 0
2.94625025130819 -4.111089788580909 0
3.293525136306308 -4.122653750351596 0
4.630481327919577 -4.130791975107731 0
4.753914825758336 -4.146298378740957 0
3.642996951130748 -4.214905357072102 0
3.676945502334381 -4.181137206418987 0
3.668314073981461 -4.125765660257833 0
3.679272739014308 -4.023532885453758 0
3.970886346453435 -4.118274862591845 0
2.801840971882729 -5.906493886594691 0
1.740574922188534 -4.145194361353267 0
1.696002474025643 -4.121888630502016 0
1.656327977629273 -4.169043953830005 0
1.623847472230796 -4.122160723905521 0
1.593227755586438 -4.183036719342417 0
1.57784969362966 -4.139377021975225 0
1.55279771723461 -4.188949150823612 0
1.529652902123446 -4.158406528131799 0
3.410783215009312 -4.119313464257861 0
3.513191209127459 -4.913425730877531 0
5.509209636039024 -4.176960907775957 0
5.580116736809608 -4.239108224396648 0
3.7123460839034 -4.148683744512756 0
3.717271747768905 -4.208274114450141 0
3.104196707278676 -4.216902830504756 0
4.36851194823073 -4.133423254486258 0
4.422227928120016 -4.156211330605269 0
4.325878421399882 -4.117540554746703 0
2.191146000771472 -4.123550443337071 0
2.221553530272026 -4.139657500388019 0
3.125160865968159 -4.116739381234307 0
3.075264579486487 -4.142860543231495 0
5.595010822332097 -4.32384360875318 0
5.683179954574157 -4.237526024153946 0
3.815807127205565 -4.106570033357366 0
4.220934635109668 -4.578266971354707 0
2.791812457489868 -4.115673699185205 0
2.753063366746385 -4.130648572748456 0
2.733475384793181 -4.181171187448713 0
4.492586350820863 -8.223103427923446 0
4.856261166131752 -8.221763201768233 0
2.152391829319202 -5.712435274126578 0
2.255408568660944 -5.919693340668053 0
5.158639578260011 -7.444562239205589 0
1.965497486028535 -4.986000023133098 0
1.766671414879692 -5.027650332410542 0
4.017252445866012 -4.130262519746465 0
2.245678601282321 -4.205595097484554 0
4.898732331202492 -5.180031736462039 0
5.137618012516096 -7.190726164307626 0
2.704070251998297 -4.1474140729083 0
2.703260182713817 -4.096482572378582 0
2.652648003031041 -4.133796278679564 0
4.77110764504475 -4.299045858266513 0
2.660702390649254 -4.583749797823776 0
5.33642762261521 -5.638583146314558 0
3.550011204243495 -4.098001939504909 0
4.174120835222469 -4.096353910384774 0
4.216973382114697 -4.120319707636263 0
3.262904656771319 -4.091191672174414 0
2.237126747722119 -4.100575306725142 0
3.562633193149924 -4.806944637505021 0
4.121978715028458 -4.093716491479463 0
2.095058612109742 -4.100089098803069 0
2.058038511594879 -4.120448480796431 0
1.879950463017591 -4.479035423042202 0
4.875998015116435 -4.251191063955688 0
4.907413396370621 -4.199118265098943 0
4.890692387450802 -4.15433385319822 0
4.948844274986277 -4.149634145345977 0
4.948942711973134 -4.200186686672712 0
5.00073090760814 -4.146390849680645 0
5.004551290639919 -4.197882409424642 0
5.054474701925326 -4.142961974770467 0
1.97685034034272 -6.01910610625824 0
2.915618214800547 -4.089084374799901 0
3.319012382574632 -4.789691375207918 0
3.170800384841247 -4.809118891331683 0
3.212397901599573 -4.671667439080219 0
3.061258440595588 -4.72064696518345 0
3.714565108767061 -4.092758394783394 0
1.04205168961839 -4.816763641572037 0
5.522594904564304 -5.494854501440661 0
3.164901900072439 -4.083114174778039 0
1.473803038541619 -4.195293503009749 0
1.446194332928713 -4.135664655896918 0
2.829142750031042 -4.092083986597685 0
3.890826838024812 -7.027885575657446 0
3.907504664161562 -7.370318383262552 0
4.531104737799976 -5.331156820061052 0
3.874988281296651 -4.089060152911943 0
4.565872375165042 -4.349113528508897 0
4.302427387574545 -4.157335898671119 0
2.363481670676105 -6.128180290463328 0
4.532023387485037 -4.410981537725957 0
2.838771720903173 -5.67063104518938 0
3.086704422101404 -4.100403065741818 0
1.659686614440732 -4.90489147997363 0
1.6102770397566 -5.011906707666436 0
1.492845344308319 -4.925547671477944 0
1.754989270885383 -5.214338759593155 0
1.509362418481657 -5.236013249732847 0
3.676519899777319 -4.846686849797137 0
3.694322864652 -4.737604413901267 0
3.300295618281305 -6.495347355902251 0
3.133422014606818 -6.620708587775949 0
3.317250029145147 -6.840064237892162 0
4.290249781048862 -4.395744642522443 0
1.397426405386239 -4.201174653032816 0
1.388248429687748 -4.148250669001706 0
1.326907156361918 -4.153341280774671 0
1.32997195170997 -4.207851946645464 0
1.263317416203521 -4.156408019138624 0
1.26186097672969 -4.213160561032467 0
1.19950358842056 -4.158598166528428 0
1.192984023617281 -4.216510798899589 0
1.140097554078424 -4.154864154141965 0
1.123441771712403 -4.212590513524032 0
1.089241706329812 -4.13883296793262 0
1.059148881700376 -4.191579312944352 0
1.008342391626532 -4.153868516302522 0
1.204403605949103 -4.10709763605354 0
1.04791321264514 -4.102062648707473 0
0.971467208913793 -4.113009920990296 0
0.9290564242733601 -4.142306320425777 0
0.9067618164017034 -4.098262498588064 0
0.8810632445529941 -4.164522255863787 0
0.8631222171334917 -4.113375141597985 0
0.8329208889563406 -4.188380294174189 0
0.8021409417311786 -4.122688662498094 0
0.7449456707118113 -4.169283610657689 0
0.7841414537299912 -4.22742268977386 0
0.6812122317920775 -4.205535122047519 0
0.6639403308251683 -4.136338504725233 0
0.7213317831131533 -4.283282275531109 0
3.439291471994553 -4.086518599661152 0
5.060331190684591 -4.193622210680062 0
5.109512446356384 -4.140899507176463 0
5.068061766103019 -4.245468434947317 0
4.608172672090961 -4.454499747457366 0
4.121901673255786 -4.174577715585167 0
4.062206598081489 -4.510216836811343 0
4.045228481739086 -4.586934881877509 0
3.947837230121963 -4.564722799432394 0
3.925098049514737 -4.658905721608122 0
1.326141136251038 -4.104922376672389 0
5.621950689660879 -4.139667653232319 0
1.116296812210659 -4.370064224237947 0
3.523810868370521 -4.328897593452921 0
3.12608909868467 -7.066202264823527 0
1.323763929980614 -4.327718428991318 0
1.65922856526038 -4.097620829273238 0
1.499947764832221 -4.10796738752736 0
4.426231386877901 -4.413974786992577 0
1.536377557392444 -4.225929522976882 0
5.30720222438844 -6.528887683362083 0
5.420680087701832 -7.18672665480092 0
1.653943461579294 -4.229944565045942 0
2.280548506392296 -4.113021978742087 0
2.324355943670918 -4.127556335838705 0
2.312478845947355 -4.176634013726148 0
2.366915892335504 -4.140378534212177 0
2.36929395314054 -4.100945493434778 0
2.417113984290731 -4.117888029596378 0
2.408018887910133 -4.165796358868617 0
2.440889897346618 -4.153084767713907 0
2.455533936149478 -4.096983608101696 0
2.494001538037827 -4.133972387528799 0
1.774744623357785 -5.417005346270038 0
1.802248965254043 -4.392935453131479 0
4.901575473021052 -4.103916434297481 0
4.86117329351949 -4.100990718356242 0
5.261151664264278 -4.24331453321892 0
3.664800041770352 -4.087313290497119 0
3.523876992400583 -4.084201424650347 0
3.296158873081358 -4.094108362676962 0
3.331892688357061 -4.097316100095824 0
4.021365734359531 -4.089400132159123 0
3.035724182514892 -4.120548722497493 0
4.384966039833389 -4.094020482394881 0
4.427753908110729 -4.100602067956826 0
0.9017147967269553 -4.218936249247887 0
1.536543263690842 -4.722237617521112 0
2.76841843608148 -4.638669917314345 0
5.460355808859308 -4.123904725114865 0
3.747046572941958 -4.116918021420334 0
5.791274420399615 -4.086506589325501 0
5.861815010043489 -4.135755383339233 0
2.593399733990966 -5.474103328948811 0
1.110877070266844 -4.098094297670008 0
4.821002475211266 -4.140126749038293 0
4.777425729091965 -4.099763710625811 0
4.735475407803518 -4.096069930527838 0
5.10177504168648 -4.095536255038884 0
5.151255948371431 -4.093221365061409 0
5.164670511844269 -4.137383613145746 0
5.044396499254919 -4.089530586491695 0
4.992160421851229 -4.100935548247503 0
5.507517946988326 -4.103641248297552 0
4.479863433310617 -4.146463702156709 0
4.473154771595302 -4.100059801196343 0
4.85066712966298 -4.403486338580366 0
3.981139058628948 -4.084820497192888 0
4.672305250655509 -4.136321925286714 0
4.655551045400388 -4.085475939353927 0
4.606021181728024 -4.097126862760076 0
3.618573379139067 -4.252189095533772 0
3.653248776907448 -4.261151462763132 0
4.346761615043473 -4.083287238426945 0
4.357203933380851 -5.555662972422675 0
4.349202940825946 -5.709192108563195 0
3.567144734062265 -4.061252159242547 0
5.248755822917218 -8.289491564940134 0
2.967398260456803 -4.081973941187993 0
2.451445428573644 -4.24261484228502 0
2.610803809874103 -4.537460567525945 0
2.53875305242597 -4.599964448581432 0
2.466648507216238 -4.534365370317305 0
3.925439394611094 -4.096562276213134 0
3.918715816948091 -4.05791765516565 0
1.713451015018249 -4.423018909501714 0
4.346532800713723 -4.681545152241467 0
4.38743078814324 -4.534775265031281 0
3.017722448108985 -4.162094809395573 0
3.642620727471716 -4.107986705732818 0
3.119187939525198 -4.633076229740129 0
2.999999584769297 -4.665715967742932 0
3.204479543232868 -4.121863195439791 0
3.231782798118971 -4.088653906985822 0
3.490464867057135 -4.097738250735322 0
3.605156845978315 -4.077393823606444 0
4.037424748917116 -4.901564776427831 0
4.072751754283369 -4.084479951378528 0
1.754095831114685 -4.316192412226233 0
2.046636824660625 -4.53458030596838 0
3.030167852661807 -4.900979418915701 0
2.657648166452701 -4.087374400615324 0
2.620310364694497 -4.095681175491878 0
2.610907371063619 -4.124744292395953 0
2.568698820378272 -4.111190088529451 0
2.54920314997897 -4.149832673355102 0
5.496935707091733 -6.249103077058807 0
2.276189156140387 -4.28537605919564 0
1.378192535382047 -4.101765395224851 0
1.427398071768758 -4.093427231920504 0
3.554614942117658 -7.078318528284547 0
5.8246126164502 -4.858617672592391 0
5.699922626958223 -4.650398550679103 0
5.62091182893378 -4.994912211182406 0
5.479327252533174 -4.757130933188368 0
5.552108117965265 -5.167163306779532 0
3.443627886978862 -4.357045868644775 0
1.558614744666858 -4.098435235161324 0
1.60523440545272 -4.0864248815908 0
3.494252046727047 -4.058840155123328 0
5.197982096286457 -4.085925050319991 0
5.219592489050924 -4.127878618097211 0
2.490299629636583 -4.071421561731993 0
4.313612696509696 -4.06586311914921 0
4.285420085248061 -4.102381087994599 0
0.3511791302522498 -4.255805917221244 0
0.5049273294566663 -4.21490496517391 0
0.5985602569643381 -4.225501899223137 0
3.11985766821869 -5.660154008700658 0
1.303278099073473 -5.328808371643174 0
1.539081292829109 -5.493980124348007 0
3.836654698019553 -4.078107680273535 0
4.111604278580001 -7.983051209474401 0
3.378158199988055 -4.145013088627586 0
2.023962973856815 -4.180864561629178 0
1.958326625963051 -4.141588531762776 0
1.868101837636545 -4.09732495533808 0
1.950054023512983 -4.097660238668612 0
1.999302579763284 -4.084761328701915 0
1.973465705724854 -4.053763688540205 0
4.580496125235626 -4.14308347511429 0
4.574280686785388 -4.09753053821471 0
3.406109089534076 -4.092102334804198 0
3.201299980127059 -4.336911054696293 0
3.132743346738437 -4.300751016228906 0
3.103476548492995 -4.357973862532652 0
3.128717102530381 -4.074663562659338 0
3.795987281010877 -4.87542466771239 0
3.049588883125701 -4.074393674591565 0
3.741540957805817 -4.074356208027181 0
2.156085039216772 -4.085823525159486 0
2.195776885576216 -4.093491117372756 0
2.165794213346849 -4.053619124346281 0
2.709662677278831 -6.561949272684116 0
5.17372348064638 -4.190686227041654 0
5.68127900966768 -4.355886169991844 0
5.824705424958879 -4.301699704782276 0
5.587379214948403 -4.449603140981788 0
3.360562010137568 -5.775157382239718 0
2.456576230017128 -4.666614404495606 0
2.889730899710028 -4.111124659629801 0
2.894694197841137 -4.075200542838778 0
5.147099847461582 -10.02861822873676 0
3.487378873185036 -4.266288098621486 0
4.094006862541062 -4.217176021530728 0
2.800406623289872 -4.07653479842757 0
2.777347395281314 -4.084792201491045 0
2.073076691602806 -4.08062282883562 0
3.85241659106555 -4.531336292040698 0
3.793643668775959 -4.632265847470424 0
3.441906772236996 -4.759924723643116 0
2.954347502523631 -4.241418482950079 0
3.693832728031057 -4.056873075982491 0
5.237281219910768 -4.070934967786065 0
5.27674492462589 -4.111512711802637 0
5.303003727838964 -4.059148035598684 0
5.329643045093538 -4.097780380849247 0
4.715148863287273 -5.27267607752381 0
4.278738287236824 -4.202881822256833 0
4.038244913339552 -4.679011101471747 0
1.7206472575255 -4.085304834527611 0
1.759934648568173 -4.10096009819845 0
1.811817149234935 -4.111777990155402 0
1.80583056508774 -4.065396165677956 0
5.179763079984746 -10.3627000903478 0
3.640218914472238 -7.482043654089923 0
5.058299594179652 -4.053290457190589 0
0.6120623239193331 -4.363155479876273 0
2.705442951850367 -4.060848016344226 0
5.729741994531405 -5.356248490094327 0
1.326945547708005 -4.06543786222747 0
2.0898814439463 -4.456521654088191 0
2.297726812460287 -4.228435753269267 0
5.097152458643842 -5.036418886630201 0
5.306035310226475 -4.981107102354412 0
4.954446436632717 -4.934996027349118 0
5.161660609931349 -4.850130528377324 0
5.461168903194019 -4.070876892890409 0
5.417539285097192 -4.10612430489104 0
4.662836150827105 -4.535998934037957 0
4.780239952173551 -9.408988961322933 0
4.930937392836914 -9.102020421889948 0
4.203608474634556 -4.076161900695663 0
0.3056541113989264 -4.076574660228616 0
0.3859122644747098 -4.076811078682237 0
2.342947302113338 -4.078381003491468 0
2.658027452442782 -4.266791999780168 0
2.526900792170509 -4.093534992438752 0
2.247898514526859 -4.055664601938733 0
3.790608896592984 -4.976681623791845 0
1.736472668281279 -4.054793960533347 0
4.122067322035564 -8.664852230133123 0
3.905447738949494 -4.272522390956984 0
3.812417159047361 -4.065729855539435 0
3.51981236020553 -5.120263902707988 0
2.096710193172924 -6.255644586220493 0
2.533132337742747 -5.82474250477534 0
2.934970379511156 -4.057353728598936 0
2.593755910065967 -4.070799799469871 0
4.506958866119199 -5.157915364896926 0
3.095745301396965 -4.064518851328581 0
2.690603242863923 -7.048953423441601 0
4.163166388591753 -4.058792951633529 0
4.275990034926012 -5.991498193021687 0
5.683469974044908 -7.600126182679792 0
2.326050707246689 -4.533086151941599 0
2.329788676494042 -4.644747972035669 0
1.896742550678044 -4.414949139285628 0
2.459857141754143 -4.055077235905038 0
2.421631374387459 -4.067453254345684 0
2.401763051858599 -4.050374207474666 0
4.817731034300406 -5.034944815401966 0
1.90473522699027 -4.064311656755269 0
4.049131965499649 -4.049447249535572 0
4.095947598629511 -4.058828119143422 0
0.907680246021678 -4.866734556598862 0
4.942639780252771 -4.257062321853708 0
3.709495121528467 -4.27228410717376 0
0.2658149308139037 -4.153455913856948 0
4.79652245168805 -6.947416096601104 0
1.583240580128743 -4.05059776663599 0
5.227241870745242 -8.735432327365023 0
5.306636880212598 -4.157424575512076 0
5.195172834921496 -6.048237685191437 0
5.480155779498898 -5.901068162212034 0
3.170169029393979 -4.04986800555751 0
4.274777172685679 -4.060280202364018 0
5.2963379402828 -4.815928140820672 0
5.131513138184317 -4.688262568821057 0
5.630552887092444 -8.388336121406457 0
5.310754969506564 -7.873141316691709 0
0.203584002252596 -4.073454546043949 0
5.606670404295063 -9.256344237038348 0
5.177067189160437 -9.586139078013352 0
0.9463280873331066 -4.071159231198019 0
1.002038309802312 -4.078279628026382 0
2.523360012639921 -4.053111188680554 0
3.797390088922502 -4.201771409808978 0
2.548396016289413 -4.061398880413517 0
4.52985896530154 -4.145533366845263 0
4.519432126779098 -4.044712154386781 0
2.533893744923355 -6.037192322603631 0
4.13941470696142 -5.5644030423678 0
4.936395466641105 -4.321657334642147 0
4.454239361793587 -4.21015665601173 0
2.514929718926981 -6.33484129942923 0
3.901488211104388 -4.456127864009469 0
3.766631956116134 -4.484713485134004 0
3.70150473654032 -4.557949500160412 0
3.779581867059567 -4.082552191564637 0
3.782154368517673 -4.050866475815348 0
2.117585476079427 -4.064610948646599 0
3.837867079468857 -5.520966343803016 0
3.171507671772758 -4.533747893329578 0
3.233358947836448 -4.594777306115976 0
2.660282401599142 -5.275501932493504 0
3.323516445780164 -5.477803421006704 0
3.032417787507062 -5.413990468706461 0
5.765623063787235 -5.671730382342093 0
2.635937622369424 -4.053066449289182 0
0.8959031797591642 -4.062467742131643 0
3.536243777032668 -8.043468258715453 0
2.360708877087552 -4.191269593419326 0
5.182952017055488 -4.047579781075139 0
4.517475201551057 -5.797123179963652 0
1.417332793489204 -4.052478050181607 0
3.019721611377892 -4.57726426359039 0
0.1223905978678349 -4.058557584561843 0
1.361447490309379 -5.051489520424163 0
1.204161700604439 -4.064934967910466 0
1.162211478021162 -4.066730968850895 0
2.809448846564795 -4.511365706614852 0
3.598792886270654 -4.708423402021937 0
2.832191854236259 -4.056068977623337 0
3.917611312058733 -4.770399619046509 0
2.119933457309902 -5.184162743006226 0
0.715010874043354 -4.115542572523479 0
0.6578822324031111 -4.093756262734417 0
0.6029973424965539 -4.140940112640463 0
0.5308594992389752 -4.119071197570661 0
0.4529896911079185 -4.113059798560233 0
3.588390646159047 -4.025414128349103 0
4.462966648924061 -8.535503610797697 0
3.918557983619721 -4.028164000026202 0
3.372220894942437 -4.029466905946873 0
3.36958929423771 -4.061124999620351 0
3.212894225631026 -4.027056482659948 0
0.5708270908356875 -4.073257287308803 0
0.468749570899838 -4.064174860502668 0
4.009935268466014 -4.026967357753403 0
3.245104315117473 -4.028207816292423 0
3.26869859952135 -4.059234722795455 0
3.496109513646283 -4.028996579392614 0
3.559319506614985 -4.027909006708384 0
3.435311942042049 -4.0284362345759 0
3.308102170001839 -4.029498849666777 0
3.950156857819158 -4.027940734963991 0
3.648079571587514 -4.025980337715062 0
2.907338405904714 -4.278676314296495 0
3.032853371341512 -4.235665516658919 0
4.061648074128412 -4.01881023358689 0
3.043879529886765 -4.032959474011802 0
3.008875051262925 -4.067056468577373 0
3.853998069162274 -4.02627030477252 0
3.011868574672229 -4.033461382004109 0
2.950092044446047 -4.019294533118883 0
4.126874145261086 -4.030161567017246 0
3.983314123288397 -5.89327923718405 0
2.895613217903551 -4.027052084963684 0
2.832927747971078 -4.027609895202483 0
4.193115141722265 -4.026386235655078 0
2.77163251044822 -4.028113604621814 0
4.739870770506558 -4.913183607982185 0
2.970279777937077 -4.791964167655053 0
4.2460744017533 -4.017400290015713 0
2.809557395086984 -4.74034837117618 0
2.687072333606394 -4.792131356044093 0
2.708510273459032 -4.030215850450317 0
4.268187314285507 -4.032104639857386 0
2.59242349463414 -4.030604996356369 0
2.788783676143925 -4.214221074407135 0
3.225733135387092 -4.961151108692099 0
4.339524577085291 -4.027366386257771 0
1.056803834893456 -4.055740335501091 0
3.882713305966409 -4.056800578615004 0
2.377296622548366 -4.030579820451035 0
2.308389865048611 -4.032567286948051 0
2.256316918633552 -4.017395188052683 0
5.080412435108381 -4.308091300682778 0
4.399029266268146 -4.028557774189865 0
4.463384124194239 -4.028921779356169 0
4.430139368064003 -4.062092608834049 0
2.111321159558787 -4.028775985007983 0
2.048981559714493 -4.027944920326487 0
2.01967130671878 -4.055508666639787 0
1.245598732124177 -4.055459498996698 0
4.549481653631876 -4.026751692650033 0
4.613268015583686 -4.02951158274589 0
4.576872607193156 -4.061084084208114 0
1.963809348675669 -4.027066320213264 0
1.901850997724519 -4.031347503068986 0
1.870837750602253 -4.063936367754727 0
4.555416669600978 -4.51435188228367 0
2.643658905223004 -4.165360639887441 0
1.838614555041872 -4.031729415111856 0
4.674765348858389 -4.026102109207923 0
4.673366817171167 -4.05617265569499 0
4.714671187084203 -4.051323444489472 0
4.72855612247958 -4.016553290271666 0
4.744258070867607 -6.626952600121706 0
3.662052233436106 -6.795306978185292 0
5.114654040199153 -5.794138156622552 0
1.685443808959465 -4.028484068224996 0
1.653391875795272 -4.029788310402118 0
4.775597528485914 -4.028971245510003 0
4.792839578913547 -4.06346124083789 0
4.830489449568984 -4.064547843873969 0
5.746041489317671 -6.258280119992876 0
3.259903893478344 -4.254475948924505 0
3.786976479246197 -4.139480974101727 0
4.842129078565791 -4.031426851814499 0
4.868013520620995 -4.065418322625544 0
2.074948635780927 -4.377633319600715 0
1.506091163194494 -4.029839691704467 0
1.469815839966225 -4.028724593613589 0
1.464642642102531 -4.059092282930223 0
1.572471527054913 -4.023844171054794 0
4.301574613632847 -5.167325413290854 0
1.415287008033564 -4.016907503514911 0
3.05793583277635 -4.189341793857816 0
5.904283363474752 -4.062766891250503 0
4.943377048158799 -4.031339980057616 0
4.944078804321463 -4.065525529390658 0
5.007060985129281 -4.027375777985017 0
4.188452922950535 -7.552784900326595 0
1.362401039389832 -4.029317377782888 0
1.326420926060841 -4.032052286167583 0
4.232916509315993 -4.181134579234848 0
2.694698686058004 -6.139494705623142 0
2.830117753602237 -4.406723963584016 0
1.294997147372767 -4.064912332981585 0
2.169354566898238 -4.218523633040129 0
5.161681488052852 -4.021918952304342 0
4.820722664481514 -4.100993966367399 0
5.231326213025553 -4.028383903577136 0
0.8586905631477956 -4.068059752946621 0
1.204054681699867 -4.030645616773439 0
1.169218003761519 -4.032104579909964 0
1.12479784678607 -4.063989876891474 0
1.26138892918559 -4.01975776750247 0
3.541385779535991 -6.268959888230046 0
2.864564479267467 -4.055294857431371 0
1.10237611698829 -4.029998811850374 0
5.453376096767053 -6.856756441269823 0
3.995081180282405 -5.411976215230085 0
2.546135872712236 -4.386695681949133 0
2.396576745170802 -4.471779673655299 0
5.301033526947997 -4.021086326360614 0
5.319607650751873 -4.028818253020328 0
5.341038589948713 -4.068183477095086 0
5.380981756240987 -4.072262244477145 0
2.670190975048453 -4.190040970275168 0
3.870758421071995 -6.73080087123899 0
1.049986025862505 -4.020464104377152 0
1.823884767061498 -4.266565921838009 0
1.719205175208438 -4.260833230836123 0
4.125618158067398 -4.060472315972281 0
4.761000543321501 -4.391092785053847 0
5.007312719419637 -4.318146166153918 0
4.242636431541307 -4.649231696377749 0
3.31240751522124 -4.683073228137682 0
1.904696752280634 -5.804969797271165 0
3.844527699622327 -4.233438984351475 0
2.048813916499765 -5.524764234513991 0
3.435090836851971 -4.057329300496998 0
1.623285318045451 -4.057256998213241 0
4.755354258471205 -4.06067280953164 0
3.702950386749791 -4.017126359956981 0
1.950107683725771 -5.188066451395412 0
2.142870024363746 -5.02446379514998 0
2.265127331836851 -4.158810931823392 0
1.01839990453255 -4.035843643476078 0
0.9559550926870422 -4.03227082481602 0
3.32057266764088 -4.570762636773013 0
5.388720779533165 -4.034723926661769 0
0.8969964274198005 -4.030960617968209 0
0.8271066661501997 -4.026756117355958 0
4.619577407143374 -4.06569096287888 0
5.016208160144347 -4.05487574864437 0
3.558082448058367 -4.239123048090407 0
4.46725116911112 -4.061104806109786 0
1.726640033812379 -4.761290818190216 0
4.208478666717186 -4.366348238126993 0
4.012252092980905 -4.415297596728897 0
3.308235892991644 -7.239230121198258 0
2.885630152137669 -4.584122182904134 0
4.118078314208873 -4.122268786890647 0
4.676427387251254 -4.433762459709438 0
2.635112561913471 -4.670429420316903 0
0.7766731388489284 -4.035180363483541 0
0.7535245146281776 -4.08289500094166 0
4.377162723702538 -4.343714988381556 0
2.648774183443796 -4.018858880387343 0
4.58534624761201 -4.309907678767916 0
4.049182594395667 -4.192350603600176 0
5.458829348323524 -4.033299675371173 0
5.491875518059814 -4.027594971294615 0
4.521297496500246 -4.025337920137681 0
1.477901988072582 -4.619068331678209 0
1.410058376044367 -4.803799551619966 0
3.766083160670898 -7.885242933445443 0
1.100715347743165 -5.007116326400475 0
3.457803448519269 -5.601616538127629 0
2.739596882575526 -4.059603559185703 0
3.204144639691381 -4.055585879084264 0
0.710153177343783 -4.02801582045077 0
0.6575034612114132 -4.03528620612399 0
5.678547239677112 -4.175014114758397 0
5.684467902045078 -4.098545076030475 0
1.991981525714925 -4.025593013603541 0
5.707014650709338 -7.246571699702006 0
4.479680789508104 -4.495200094062083 0
4.361843136482229 -4.453964157496768 0
1.505548635767789 -4.062648405430989 0
4.135972936455814 -4.591595519948675 0
0.6043496247596596 -4.031727412390866 0
5.114464231719957 -4.192041567895967 0
0.5601002275979425 -4.03934964011021 0
4.694505421708437 -4.092649843497163 0
3.509393435596751 -4.663787347652767 0
0.6934827070273251 -4.067316245755651 0
5.096395772389267 -4.027584668807359 0
2.998947871181494 -4.101440165125826 0
1.20516945720512 -4.745668824549692 0
2.465093191651262 -4.030780036764748 0
4.24379171740385 -4.083740806497388 0
5.531290431981765 -4.030057873080048 0
2.380755241271238 -4.059892534299446 0
2.990110474462255 -4.202415329892497 0
2.641286069450231 -4.421409140877279 0
5.663412107518445 -4.021602571557509 0
5.653821753006669 -4.061242207488347 0
5.61025836220197 -4.074501725058 0
5.682862567965775 -4.038622294303426 0
5.606891720152709 -4.033851533698047 0
2.83191062909364 -5.459845166974175 0
4.686169096131994 -4.308983407984656 0
2.599672647219745 -4.17294693662418 0
3.645922047775965 -4.053763588603315 0
4.860215746572202 -4.32038462321556 0
5.359134307242321 -4.498481540092334 0
5.502662083880622 -4.527590380592356 0
5.112536781879705 -4.233178950942558 0
0.9594527892482116 -4.194381377887117 0
1.007856421269359 -4.267970951710029 0
0.9075647228098578 -4.285605298810765 0
0.8362834802496044 -4.270358112065586 0
3.370044640777732 -4.097269260582684 0
5.738797239680206 -6.577370413952169 0
3.079411645743328 -4.268858725298236 0
1.685863391385739 -4.063011264762546 0
4.015726089507681 -4.055454831736587 0
3.101263508580516 -4.031884790539037 0
4.620644512751957 -4.370525883058207 0
2.497582110322727 -4.1742528404915 0
1.192672895146196 -4.278170344577891 0
3.335347982609675 -4.061837717495699 0
5.239385257209508 -4.17994657589979 0
0.5110768022099721 -4.026959965825301 0
0.4766657949554667 -4.030008835018812 0
1.331705547890957 -4.26478061040811 0
3.68008449074182 -4.239740685134247 0
1.594882059323329 -4.23394057549584 0
1.45753268191684 -4.249526266811927 0
2.201880953166335 -4.026883625840263 0
3.617794124632457 -4.508926906292428 0
1.596061578512401 -4.295795470508027 0
0.4047813232382579 -4.0315720863374 0
0.4344023769020751 -4.056477000478724 0
0.3873885034644065 -4.022541134982907 0
1.091074286907663 -4.061028134880891 0
1.262946154339681 -4.269394432192199 0
1.775074947580035 -4.029774817059559 0
1.841445237439533 -4.090130312380722 0
5.561564881687146 -4.074074851887753 0
2.900976666559461 -4.96622076487876 0
2.566280714725262 -4.201786476625635 0
4.28689111918935 -4.471967782809759 0
2.936102646726482 -7.331032682636491 0
1.594708897526723 -4.018022298078451 0
4.393927480428936 -4.059427175309517 0
5.220648477416914 -9.162363457240765 0
5.53603513086301 -4.373455126487878 0
5.453562396571783 -5.083768142455765 0
5.419816621107578 -5.311214519193764 0
2.046181090329743 -4.085607544003063 0
1.003059590465907 -4.381969094906078 0
5.143483887071027 -6.770726276003534 0
2.87663834493682 -4.464099428588503 0
4.501503318650023 -5.039283114004313 0
5.374363376070066 -4.125138240552505 0
4.542755319679936 -4.054009425033156 0
5.139625588786448 -4.056712808977662 0
1.111741630608929 -4.282944172347801 0
5.596837263988562 -5.670853547757639 0
1.983044201134531 -4.434497764039215 0
1.83770309759349 -5.611227747268965 0
1.686389300212805 -4.345913170652997 0
4.306546140199567 -4.560284989470276 0
0.7936544027510063 -4.345565371426493 0
1.504122596138338 -4.295516218460114 0
5.420618567275577 -4.073450734343529 0
3.153227088270403 -4.245071633630654 0
1.847605616175262 -4.331543685053601 0
2.294790664100299 -4.07032994468597 0
0.8572515416033616 -4.226183256730838 0
0.8177364253947613 -4.062674671493338 0
3.755083788928212 -4.026093598010474 0
4.258402546951165 -8.26958733877302 0
3.789389819196133 -4.025506429118781 0
5.595078026864654 -10.174006397248 0
5.064321239132161 -4.026386647733122 0
5.749921120925384 -4.033415228245784 0
4.195762535301071 -5.790212540547046 0
1.64654416687896 -4.058795856710973 0
3.526654048004588 -4.05985220885805 0
0.3220953962261625 -4.034833285131705 0
1.267347148896294 -4.096825500776005 0
3.705588768878259 -4.666690349006774 0
2.170073909308755 -4.026537605783155 0
2.700985851061658 -5.168230922320082 0
4.875931883896572 -4.031933088541679 0
4.905861038475602 -4.066321598794845 0
4.339257213165174 -4.048105429690925 0
2.009912882862249 -4.132765086039899 0
4.34760387642632 -5.370636933054731 0
2.142652591195655 -4.047798377177521 0
4.361258699678062 -4.05409827675298 0
5.337683491455634 -4.211690469499374 0
2.463166962130766 -4.199951764964637 0
5.218593349399372 -4.049074095113291 0
0.2651341426267838 -4.019488958579267 0
5.743290774956508 -11.20694463585966 0
1.402779523156322 -4.258780285713893 0
5.179223439222435 -4.578094356072777 0
4.982821243649012 -4.062660626149904 0
4.856241715514942 -4.130851951425123 0
1.975924643082856 -5.357313031658399 0
3.801578238907563 -4.75681115552614 0
5.006016788068775 -4.254760897771123 0
2.04627084624354 -4.056147922186336 0
3.847815309530204 -4.052331653833178 0
5.098250513960627 -4.058373408406518 0
1.908715287402617 -4.336796875918663 0
1.262735708930833 -4.311769640357823 0
5.182496216444328 -4.015838374028562 0
0.6175426432727067 -4.075470620118621 0
1.606488765232825 -4.828808350678257 0
3.469621539167834 -4.214323344646689 0
1.992818048332436 -4.045310272178903 0
2.871112626640595 -4.083192108674139 0
2.4084668591016 -4.199460027007381 0
3.796259679191562 -4.277815233190855 0
3.755356353168152 -4.240110065283 0
4.21335291905725 -5.398996245209355 0
3.658946360142625 -5.001303393290732 0
2.771708890757334 -4.056573195822964 0
2.518069518889722 -4.745756698281221 0
3.160359439483259 -4.018320881358951 0
0.5616966919445664 -4.495424491740248 0
3.981128955937101 -4.486449562008798 0
3.640656288896199 -4.083596188122373 0
2.526982529602635 -4.03004326697994 0
4.946077825614176 -4.105345583217034 0
1.695536342414201 -4.226448491993522 0
3.406810225219331 -4.286561902128912 0
2.979469496834076 -4.136176356541453 0
1.153991828296107 -4.106705093983231 0
4.342611946867545 -4.400811316598096 0
3.753396252655044 -4.174433786853456 0
3.613116984996875 -4.049763796746198 0
5.380196762879735 -7.520047429842227 0
2.216927546671414 -4.252611176760984 0
3.564330422991509 -4.287717352126835 0
2.72093456363029 -4.227850442308647 0
2.543997017831498 -4.457583982381382 0
5.632005821228398 -4.513967194266668 0
3.529492784247399 -6.580625523849249 0
3.659303193934868 -4.291615197787088 0
2.920655648626302 -4.695483285313801 0
3.95450205662578 -4.078300976312883 0
5.280175859379952 -4.667150603796356 0
5.402234175870453 -4.608310352823596 0
3.301795949662054 -4.061016507937277 0
0.7325902155175876 -4.453619172994623 0
1.941017124529731 -4.061284082346821 0
4.500404440319944 -4.054256462574394 0
2.062665048954943 -4.871534265514418 0
4.943009588651107 -4.39454953280176 0
2.406247228093477 -4.028891025576344 0
1.744496771132806 -4.027417178542978 0
5.851701567311423 -4.394060890782994 0
1.663901585997333 -4.284056611444761 0
3.590741631085879 -4.044734223403965 0
5.489209457371328 -6.551809229459534 0
2.854552334265731 -4.131315846294299 0
4.485535497036222 -4.186818032236905 0
3.951574919068385 -4.056223894089142 0
1.462353642201313 -4.082539404314757 0
4.865844326608747 -4.835041279124203 0
3.46456746930098 -4.057434294322253 0
3.644682425061711 -4.630062101524872 0
3.982886278309407 -4.055771978945502 0
1.268666656679478 -4.900083134733114 0
5.5102610192369 -4.062815785055465 0
0.3590317774400354 -4.137512973922862 0
0.9213902056222341 -4.054498697383988 0
4.72175048068359 -4.125084157854542 0
3.237118523203937 -4.057911949579118 0
2.896268210728281 -4.054467211406483 0
4.646188791018172 -4.048890560755849 0
5.749824649472266 -4.490807281559852 0
5.583729742996254 -4.604310567454587 0
1.714128278889522 -4.047560870218404 0
5.64586559336234 -10.64439139436446 0
1.370160272902969 -4.062539408059847 0
4.685150016734515 -4.378499835717859 0
4.198368081870583 -4.054038438370828 0
3.045730079015024 -4.322091296623133 0
5.546945968805338 -4.123607154413906 0
4.575305655368429 -4.583475978253438 0
2.679236348846451 -4.060079247513066 0
3.206444159723895 -4.263027419705002 0
3.60693812390021 -4.294016302946663 0
5.729368755669488 -4.142020990779797 0
1.616994544648702 -5.712486006568263 0
5.725986719058416 -4.064549834690157 0
2.982718416873543 -4.061829979434261 0
2.661986926780247 -5.656979266491722 0
1.769962456041668 -4.062807164955466 0
3.815586179048099 -4.049934472305191 0
1.633942145322139 -4.420620223169422 0
1.839096717142559 -4.064353625081396 0
1.546654227883246 -4.06062104379635 0
2.439213788117944 -4.791352357731818 0
3.32446377429664 -4.141488005996189 0
2.411633587202095 -4.248398436971382 0
4.231785326763172 -4.047100381812529 0
0.9790916898620697 -4.060915767631698 0
1.638451437330149 -4.080859264273379 0
0.426388416039347 -4.185611776092183 0
1.907353267111269 -4.144560503745893 0
4.409273998102653 -4.604683782421496 0
2.915586272464378 -6.819781645540988 0
0.5148075922124209 -4.061123398207164 0
4.524172581179676 -4.090247435074517 0
0.7307681003810168 -4.060308257737786 0
4.03581312090538 -4.784100470721625 0
5.0359803984013 -4.045682667080138 0
3.389283509668787 -4.681446733200113 0
4.66454739052838 -5.114220331792088 0
3.745436474108977 -4.053298960530921 0
2.801709331110553 -4.055363681910771 0
4.259415367627195 -4.139889595660233 0
2.077790563969951 -4.058459838292444 0
5.778769480350993 -4.204871485857706 0
3.403712940577535 -4.059729526052837 0
3.073861421950813 -4.055866956457324 0
2.201466729126905 -4.057832292267225 0
3.084539843807121 -5.030077799767325 0
1.946579894302249 -4.538153108501159 0
3.964087751448585 -7.589317785537657 0
3.462907340900083 -4.08050938782806 0
2.270902532703564 -6.506049628499659 0
5.845897732216227 -4.668784580093417 0
5.660656311833152 -4.816137995868797 0
4.325220080543346 -4.219210736277482 0
4.076550623811878 -4.141256225960847 0
2.392117780746926 -4.597844205743339 0
5.033818140642009 -4.851285702223005 0
2.39514706028553 -4.087910572888471 0
3.200636093551953 -4.087003173718259 0
4.775823346715052 -8.740460994213015 0
2.743016755914169 -4.093508693939849 0
5.4644599750934 -4.96119862174652 0
3.598868807991833 -4.118700166433915 0
4.125954181050565 -4.789448404300845 0
4.165329708513275 -4.699426008970494 0
1.085138492176712 -4.086818120590694 0
1.907370249009754 -4.101015417757257 0
2.531557636451437 -4.188339280876344 0
4.140816490876751 -4.239074744392114 0
3.230127009618912 -4.113925286554441 0
$EndNodes
$Elements
82 9355 1 9355
1 1 1 1
1 1 2 
1 4 1 1
2 2 3 
1 7 1 1
3 3 4 
1 10 1 1
4 4 5 
1 13 1 1
5 5 6 
1 16 1 1
6 6 7 
1 19 1 1
7 7 8 
1 22 1 1
8 8 9 
1 25 1 1
9 9 10 
1 28 1 1
10 10 11 
1 31 1 1
11 11 12 
1 34 1 1
12 12 13 
1 37 1 1
13 13 14 
1 40 1 1
14 14 15 
1 43 1 1
15 15 16 
1 46 1 1
16 16 17 
1 49 1 1
17 17 18 
1 52 1 1
18 18 19 
1 55 1 1
19 19 20 
1 58 1 1
20 20 21 
1 61 1 1
21 21 22 
1 64 1 1
22 22 23 
1 67 1 1
23 23 24 
1 70 1 1
24 24 25 
1 73 1 1
25 25 26 
1 76 1 1
26 26 27 
1 79 1 1
27 27 28 
1 82 1 1
28 28 29 
1 85 1 1
29 29 30 
1 88 1 1
30 30 31 
1 91 1 1
31 31 32 
1 94 1 1
32 32 33 
1 97 1 1
33 33 34 
1 100 1 1
34 34 35 
1 103 1 1
35 35 36 
1 106 1 1
36 36 37 
1 109 1 1
37 37 38 
1 112 1 1
38 38 39 
1 115 1 1
39 39 40 
1 118 1 1
40 40 41 
1 121 1 1
41 41 42 
1 124 1 1
42 42 43 
1 127 1 1
43 43 44 
1 130 1 1
44 44 45 
1 133 1 1
45 45 46 
1 136 1 1
46 46 47 
1 139 1 1
47 47 48 
1 142 1 1
48 48 49 
1 145 1 1
49 49 50 
1 148 1 1
50 50 51 
1 151 1 1
51 51 52 
1 154 1 1
52 52 53 
1 157 1 1
53 53 54 
1 160 1 1
54 54 55 
1 163 1 1
55 55 56 
1 166 1 1
56 56 57 
1 169 1 1
57 57 58 
1 172 1 1
58 58 59 
1 175 1 1
59 59 60 
1 178 1 1
60 60 61 
1 181 1 1
61 61 62 
1 184 1 1
62 62 63 
1 187 1 1
63 63 64 
1 190 1 1
64 64 65 
1 193 1 1
65 65 66 
1 196 1 1
66 66 1 
1 203 1 11
67 67 117 
68 117 118 
69 118 119 
70 119 120 
71 120 121 
72 121 122 
73 122 123 
74 123 124 
75 124 125 
76 125 126 
77 126 69 
1 204 1 11
78 69 127 
79 127 128 
80 128 129 
81 129 130 
82 130 131 
83 131 132 
84 132 133 
85 133 134 
86 134 135 
87 135 136 
88 136 68 
1 211 1 15
89 70 313 
90 313 314 
91 314 315 
92 315 316 
93 316 317 
94 317 318 
95 318 319 
96 319 320 
97 320 321 
98 321 322 
99 322 323 
100 323 324 
101 324 325 
102 325 326 
103 326 72 
1 212 1 15
104 71 327 
105 327 328 
106 328 329 
107 329 330 
108 330 331 
109 331 332 
110 332 333 
111 333 334 
112 334 335 
113 335 336 
114 336 337 
115 337 338 
116 338 339 
117 339 340 
118 340 72 
1 230 1 22
119 70 737 
120 737 738 
121 738 739 
122 739 740 
123 740 741 
124 741 742 
125 742 743 
126 743 744 
127 744 745 
128 745 746 
129 746 747 
130 747 748 
131 748 749 
132 749 750 
133 750 751 
134 751 752 
135 752 753 
136 753 754 
137 754 755 
138 755 756 
139 756 757 
140 757 73 
1 231 1 22
141 71 758 
142 758 759 
143 759 760 
144 760 761 
145 761 762 
146 762 763 
147 763 764 
148 764 765 
149 765 766 
150 766 767 
151 767 768 
152 768 769 
153 769 770 
154 770 771 
155 771 772 
156 772 773 
157 773 774 
158 774 775 
159 775 776 
160 776 777 
161 777 778 
162 778 74 
1 232 1 25
163 67 779 
164 779 780 
165 780 781 
166 781 782 
167 782 783 
168 783 784 
169 784 785 
170 785 786 
171 786 787 
172 787 788 
173 788 789 
174 789 790 
175 790 791 
176 791 792 
177 792 793 
178 793 794 
179 794 795 
180 795 796 
181 796 797 
182 797 798 
183 798 799 
184 799 800 
185 800 801 
186 801 802 
187 802 73 
1 233 1 25
188 68 803 
189 803 804 
190 804 805 
191 805 806 
192 806 807 
193 807 808 
194 808 809 
195 809 810 
196 810 811 
197 811 812 
198 812 813 
199 813 814 
200 814 815 
201 815 816 
202 816 817 
203 817 818 
204 818 819 
205 819 820 
206 820 821 
207 821 822 
208 822 823 
209 823 824 
210 824 825 
211 825 826 
212 826 74 
2 1 3 165
213 69 126 827 88 
214 126 125 828 827 
215 125 124 829 828 
216 124 123 830 829 
217 123 122 831 830 
218 122 121 832 831 
219 121 120 833 832 
220 120 119 834 833 
221 119 118 835 834 
222 118 117 836 835 
223 117 67 89 836 
224 88 827 837 87 
225 827 828 838 837 
226 828 829 839 838 
227 829 830 840 839 
228 830 831 841 840 
229 831 832 842 841 
230 832 833 843 842 
231 833 834 844 843 
232 834 835 845 844 
233 835 836 846 845 
234 836 89 90 846 
235 87 837 847 86 
236 837 838 848 847 
237 838 839 849 848 
238 839 840 850 849 
239 840 841 851 850 
240 841 842 852 851 
241 842 843 853 852 
242 843 844 854 853 
243 844 845 855 854 
244 845 846 856 855 
245 846 90 91 856 
246 86 847 857 85 
247 847 848 858 857 
248 848 849 859 858 
249 849 850 860 859 
250 850 851 861 860 
251 851 852 862 861 
252 852 853 863 862 
253 853 854 864 863 
254 854 855 865 864 
255 855 856 866 865 
256 856 91 92 866 
257 85 857 867 84 
258 857 858 868 867 
259 858 859 869 868 
260 859 860 870 869 
261 860 861 871 870 
262 861 862 872 871 
263 862 863 873 872 
264 863 864 874 873 
265 864 865 875 874 
266 865 866 876 875 
267 866 92 93 876 
268 84 867 877 83 
269 867 868 878 877 
270 868 869 879 878 
271 869 870 880 879 
272 870 871 881 880 
273 871 872 882 881 
274 872 873 883 882 
275 873 874 884 883 
276 874 875 885 884 
277 875 876 886 885 
278 876 93 94 886 
279 83 877 887 82 
280 877 878 888 887 
281 878 879 889 888 
282 879 880 890 889 
283 880 881 891 890 
284 881 882 892 891 
285 882 883 893 892 
286 883 884 894 893 
287 884 885 895 894 
288 885 886 896 895 
289 886 94 95 896 
290 82 887 897 81 
291 887 888 898 897 
292 888 889 899 898 
293 889 890 900 899 
294 890 891 901 900 
295 891 892 902 901 
296 892 893 903 902 
297 893 894 904 903 
298 894 895 905 904 
299 895 896 906 905 
300 896 95 96 906 
301 81 897 907 80 
302 897 898 908 907 
303 898 899 909 908 
304 899 900 910 909 
305 900 901 911 910 
306 901 902 912 911 
307 902 903 913 912 
308 903 904 914 913 
309 904 905 915 914 
310 905 906 916 915 
311 906 96 97 916 
312 80 907 917 79 
313 907 908 918 917 
314 908 909 919 918 
315 909 910 920 919 
316 910 911 921 920 
317 911 912 922 921 
318 912 913 923 922 
319 913 914 924 923 
320 914 915 925 924 
321 915 916 926 925 
322 916 97 98 926 
323 79 917 927 78 
324 917 918 928 927 
325 918 919 929 928 
326 919 920 930 929 
327 920 921 931 930 
328 921 922 932 931 
329 922 923 933 932 
330 923 924 934 933 
331 924 925 935 934 
332 925 926 936 935 
333 926 98 99 936 
334 78 927 937 77 
335 927 928 938 937 
336 928 929 939 938 
337 929 930 940 939 
338 930 931 941 940 
339 931 932 942 941 
340 932 933 943 942 
341 933 934 944 943 
342 934 935 945 944 
343 935 936 946 945 
344 936 99 100 946 
345 77 937 947 76 
346 937 938 948 947 
347 938 939 949 948 
348 939 940 950 949 
349 940 941 951 950 
350 941 942 952 951 
351 942 943 953 952 
352 943 944 954 953 
353 944 945 955 954 
354 945 946 956 955 
355 946 100 101 956 
356 76 947 957 75 
357 947 948 958 957 
358 948 949 959 958 
359 949 950 960 959 
360 950 951 961 960 
361 951 952 962 961 
362 952 953 963 962 
363 953 954 964 963 
364 954 955 965 964 
365 955 956 966 965 
366 956 101 102 966 
367 75 957 33 34 
368 957 958 32 33 
369 958 959 31 32 
370 959 960 30 31 
371 960 961 29 30 
372 961 962 28 29 
373 962 963 27 28 
374 963 964 26 27 
375 964 965 25 26 
376 965 966 24 25 
377 966 102 23 24 
2 2 3 165
378 69 88 967 127 
379 88 87 968 967 
380 87 86 969 968 
381 86 85 970 969 
382 85 84 971 970 
383 84 83 972 971 
384 83 82 973 972 
385 82 81 974 973 
386 81 80 975 974 
387 80 79 976 975 
388 79 78 977 976 
389 78 77 978 977 
390 77 76 979 978 
391 76 75 980 979 
392 75 34 35 980 
393 127 967 981 128 
394 967 968 982 981 
395 968 969 983 982 
396 969 970 984 983 
397 970 971 985 984 
398 971 972 986 985 
399 972 973 987 986 
400 973 974 988 987 
401 974 975 989 988 
402 975 976 990 989 
403 976 977 991 990 
404 977 978 992 991 
405 978 979 993 992 
406 979 980 994 993 
407 980 35 36 994 
408 128 981 995 129 
409 981 982 996 995 
410 982 983 997 996 
411 983 984 998 997 
412 984 985 999 998 
413 985 986 1000 999 
414 986 987 1001 1000 
415 987 988 1002 1001 
416 988 989 1003 1002 
417 989 990 1004 1003 
418 990 991 1005 1004 
419 991 992 1006 1005 
420 992 993 1007 1006 
421 993 994 1008 1007 
422 994 36 37 1008 
423 129 995 1009 130 
424 995 996 1010 1009 
425 996 997 1011 1010 
426 997 998 1012 1011 
427 998 999 1013 1012 
428 999 1000 1014 1013 
429 1000 1001 1015 1014 
430 1001 1002 1016 1015 
431 1002 1003 1017 1016 
432 1003 1004 1018 1017 
433 1004 1005 1019 1018 
434 1005 1006 1020 1019 
435 1006 1007 1021 1020 
436 1007 1008 1022 1021 
437 1008 37 38 1022 
438 130 1009 1023 131 
439 1009 1010 1024 1023 
440 1010 1011 1025 1024 
441 1011 1012 1026 1025 
442 1012 1013 1027 1026 
443 1013 1014 1028 1027 
444 1014 1015 1029 1028 
445 1015 1016 1030 1029 
446 1016 1017 1031 1030 
447 1017 1018 1032 1031 
448 1018 1019 1033 1032 
449 1019 1020 1034 1033 
450 1020 1021 1035 1034 
451 1021 1022 1036 1035 
452 1022 38 39 1036 
453 131 1023 1037 132 
454 1023 1024 1038 1037 
455 1024 1025 1039 1038 
456 1025 1026 1040 1039 
457 1026 1027 1041 1040 
458 1027 1028 1042 1041 
459 1028 1029 1043 1042 
460 1029 1030 1044 1043 
461 1030 1031 1045 1044 
462 1031 1032 1046 1045 
463 1032 1033 1047 1046 
464 1033 1034 1048 1047 
465 1034 1035 1049 1048 
466 1035 1036 1050 1049 
467 1036 39 40 1050 
468 132 1037 1051 133 
469 1037 1038 1052 1051 
470 1038 1039 1053 1052 
471 1039 1040 1054 1053 
472 1040 1041 1055 1054 
473 1041 1042 1056 1055 
474 1042 1043 1057 1056 
475 1043 1044 1058 1057 
476 1044 1045 1059 1058 
477 1045 1046 1060 1059 
478 1046 1047 1061 1060 
479 1047 1048 1062 1061 
480 1048 1049 1063 1062 
481 1049 1050 1064 1063 
482 1050 40 41 1064 
483 133 1051 1065 134 
484 1051 1052 1066 1065 
485 1052 1053 1067 1066 
486 1053 1054 1068 1067 
487 1054 1055 1069 1068 
488 1055 1056 1070 1069 
489 1056 1057 1071 1070 
490 1057 1058 1072 1071 
491 1058 1059 1073 1072 
492 1059 1060 1074 1073 
493 1060 1061 1075 1074 
494 1061 1062 1076 1075 
495 1062 1063 1077 1076 
496 1063 1064 1078 1077 
497 1064 41 42 1078 
498 134 1065 1079 135 
499 1065 1066 1080 1079 
500 1066 1067 1081 1080 
501 1067 1068 1082 1081 
502 1068 1069 1083 1082 
503 1069 1070 1084 1083 
504 1070 1071 1085 1084 
505 1071 1072 1086 1085 
506 1072 1073 1087 1086 
507 1073 1074 1088 1087 
508 1074 1075 1089 1088 
509 1075 1076 1090 1089 
510 1076 1077 1091 1090 
511 1077 1078 1092 1091 
512 1078 42 43 1092 
513 135 1079 1093 136 
514 1079 1080 1094 1093 
515 1080 1081 1095 1094 
516 1081 1082 1096 1095 
517 1082 1083 1097 1096 
518 1083 1084 1098 1097 
519 1084 1085 1099 1098 
520 1085 1086 1100 1099 
521 1086 1087 1101 1100 
522 1087 1088 1102 1101 
523 1088 1089 1103 1102 
524 1089 1090 1104 1103 
525 1090 1091 1105 1104 
526 1091 1092 1106 1105 
527 1092 43 44 1106 
528 136 1093 103 68 
529 1093 1094 104 103 
530 1094 1095 105 104 
531 1095 1096 106 105 
532 1096 1097 107 106 
533 1097 1098 108 107 
534 1098 1099 109 108 
535 1099 1100 110 109 
536 1100 1101 111 110 
537 1101 1102 112 111 
538 1102 1103 113 112 
539 1103 1104 114 113 
540 1104 1105 115 114 
541 1105 1106 116 115 
542 1106 44 45 116 
2 5 3 2985
543 23 102 1107 22 
544 102 101 1108 1107 
545 101 100 1109 1108 
546 100 99 1110 1109 
547 99 98 1111 1110 
548 98 97 1112 1111 
549 97 96 1113 1112 
550 96 95 1114 1113 
551 95 94 1115 1114 
552 94 93 1116 1115 
553 93 92 1117 1116 
554 92 91 1118 1117 
555 91 90 1119 1118 
556 90 89 1120 1119 
557 89 67 341 1120 
558 22 1107 1121 21 
559 1107 1108 1122 1121 
560 1108 1109 1123 1122 
561 1109 1110 1124 1123 
562 1110 1111 1125 1124 
563 1111 1112 1126 1125 
564 1112 1113 1127 1126 
565 1113 1114 1128 1127 
566 1114 1115 1129 1128 
567 1115 1116 1130 1129 
568 1116 1117 1131 1130 
569 1117 1118 1132 1131 
570 1118 1119 1133 1132 
571 1119 1120 1134 1133 
572 1120 341 342 1134 
573 21 1121 1135 20 
574 1121 1122 1136 1135 
575 1122 1123 1137 1136 
576 1123 1124 1138 1137 
577 1124 1125 1139 1138 
578 1125 1126 1140 1139 
579 1126 1127 1141 1140 
580 1127 1128 1142 1141 
581 1128 1129 1143 1142 
582 1129 1130 1144 1143 
583 1130 1131 1145 1144 
584 1131 1132 1146 1145 
585 1132 1133 1147 1146 
586 1133 1134 1148 1147 
587 1134 342 343 1148 
588 20 1135 1149 19 
589 1135 1136 1150 1149 
590 1136 1137 1151 1150 
591 1137 1138 1152 1151 
592 1138 1139 1153 1152 
593 1139 1140 1154 1153 
594 1140 1141 1155 1154 
595 1141 1142 1156 1155 
596 1142 1143 1157 1156 
597 1143 1144 1158 1157 
598 1144 1145 1159 1158 
599 1145 1146 1160 1159 
600 1146 1147 1161 1160 
601 1147 1148 1162 1161 
602 1148 343 344 1162 
603 19 1149 1163 18 
604 1149 1150 1164 1163 
605 1150 1151 1165 1164 
606 1151 1152 1166 1165 
607 1152 1153 1167 1166 
608 1153 1154 1168 1167 
609 1154 1155 1169 1168 
610 1155 1156 1170 1169 
611 1156 1157 1171 1170 
612 1157 1158 1172 1171 
613 1158 1159 1173 1172 
614 1159 1160 1174 1173 
615 1160 1161 1175 1174 
616 1161 1162 1176 1175 
617 1162 344 345 1176 
618 18 1163 1177 17 
619 1163 1164 1178 1177 
620 1164 1165 1179 1178 
621 1165 1166 1180 1179 
622 1166 1167 1181 1180 
623 1167 1168 1182 1181 
624 1168 1169 1183 1182 
625 1169 1170 1184 1183 
626 1170 1171 1185 1184 
627 1171 1172 1186 1185 
628 1172 1173 1187 1186 
629 1173 1174 1188 1187 
630 1174 1175 1189 1188 
631 1175 1176 1190 1189 
632 1176 345 346 1190 
633 17 1177 1191 16 
634 1177 1178 1192 1191 
635 1178 1179 1193 1192 
636 1179 1180 1194 1193 
637 1180 1181 1195 1194 
638 1181 1182 1196 1195 
639 1182 1183 1197 1196 
640 1183 1184 1198 1197 
641 1184 1185 1199 1198 
642 1185 1186 1200 1199 
643 1186 1187 1201 1200 
644 1187 1188 1202 1201 
645 1188 1189 1203 1202 
646 1189 1190 1204 1203 
647 1190 346 347 1204 
648 16 1191 1205 15 
649 1191 1192 1206 1205 
650 1192 1193 1207 1206 
651 1193 1194 1208 1207 
652 1194 1195 1209 1208 
653 1195 1196 1210 1209 
654 1196 1197 1211 1210 
655 1197 1198 1212 1211 
656 1198 1199 1213 1212 
657 1199 1200 1214 1213 
658 1200 1201 1215 1214 
659 1201 1202 1216 1215 
660 1202 1203 1217 1216 
661 1203 1204 1218 1217 
662 1204 347 348 1218 
663 15 1205 1219 14 
664 1205 1206 1220 1219 
665 1206 1207 1221 1220 
666 1207 1208 1222 1221 
667 1208 1209 1223 1222 
668 1209 1210 1224 1223 
669 1210 1211 1225 1224 
670 1211 1212 1226 1225 
671 1212 1213 1227 1226 
672 1213 1214 1228 1227 
673 1214 1215 1229 1228 
674 1215 1216 1230 1229 
675 1216 1217 1231 1230 
676 1217 1218 1232 1231 
677 1218 348 349 1232 
678 14 1219 1233 13 
679 1219 1220 1234 1233 
680 1220 1221 1235 1234 
681 1221 1222 1236 1235 
682 1222 1223 1237 1236 
683 1223 1224 1238 1237 
684 1224 1225 1239 1238 
685 1225 1226 1240 1239 
686 1226 1227 1241 1240 
687 1227 1228 1242 1241 
688 1228 1229 1243 1242 
689 1229 1230 1244 1243 
690 1230 1231 1245 1244 
691 1231 1232 1246 1245 
692 1232 349 350 1246 
693 13 1233 1247 12 
694 1233 1234 1248 1247 
695 1234 1235 1249 1248 
696 1235 1236 1250 1249 
697 1236 1237 1251 1250 
698 1237 1238 1252 1251 
699 1238 1239 1253 1252 
700 1239 1240 1254 1253 
701 1240 1241 1255 1254 
702 1241 1242 1256 1255 
703 1242 1243 1257 1256 
704 1243 1244 1258 1257 
705 1244 1245 1259 1258 
706 1245 1246 1260 1259 
707 1246 350 351 1260 
708 12 1247 1261 11 
709 1247 1248 1262 1261 
710 1248 1249 1263 1262 
711 1249 1250 1264 1263 
712 1250 1251 1265 1264 
713 1251 1252 1266 1265 
714 1252 1253 1267 1266 
715 1253 1254 1268 1267 
716 1254 1255 1269 1268 
717 1255 1256 1270 1269 
718 1256 1257 1271 1270 
719 1257 1258 1272 1271 
720 1258 1259 1273 1272 
721 1259 1260 1274 1273 
722 1260 351 352 1274 
723 11 1261 1275 10 
724 1261 1262 1276 1275 
725 1262 1263 1277 1276 
726 1263 1264 1278 1277 
727 1264 1265 1279 1278 
728 1265 1266 1280 1279 
729 1266 1267 1281 1280 
730 1267 1268 1282 1281 
731 1268 1269 1283 1282 
732 1269 1270 1284 1283 
733 1270 1271 1285 1284 
734 1271 1272 1286 1285 
735 1272 1273 1287 1286 
736 1273 1274 1288 1287 
737 1274 352 353 1288 
738 10 1275 1289 9 
739 1275 1276 1290 1289 
740 1276 1277 1291 1290 
741 1277 1278 1292 1291 
742 1278 1279 1293 1292 
743 1279 1280 1294 1293 
744 1280 1281 1295 1294 
745 1281 1282 1296 1295 
746 1282 1283 1297 1296 
747 1283 1284 1298 1297 
748 1284 1285 1299 1298 
749 1285 1286 1300 1299 
750 1286 1287 1301 1300 
751 1287 1288 1302 1301 
752 1288 353 354 1302 
753 9 1289 1303 8 
754 1289 1290 1304 1303 
755 1290 1291 1305 1304 
756 1291 1292 1306 1305 
757 1292 1293 1307 1306 
758 1293 1294 1308 1307 
759 1294 1295 1309 1308 
760 1295 1296 1310 1309 
761 1296 1297 1311 1310 
762 1297 1298 1312 1311 
763 1298 1299 1313 1312 
764 1299 1300 1314 1313 
765 1300 1301 1315 1314 
766 1301 1302 1316 1315 
767 1302 354 355 1316 
768 8 1303 1317 7 
769 1303 1304 1318 1317 
770 1304 1305 1319 1318 
771 1305 1306 1320 1319 
772 1306 1307 1321 1320 
773 1307 1308 1322 1321 
774 1308 1309 1323 1322 
775 1309 1310 1324 1323 
776 1310 1311 1325 1324 
777 1311 1312 1326 1325 
778 1312 1313 1327 1326 
779 1313 1314 1328 1327 
780 1314 1315 1329 1328 
781 1315 1316 1330 1329 
782 1316 355 356 1330 
783 7 1317 1331 6 
784 1317 1318 1332 1331 
785 1318 1319 1333 1332 
786 1319 1320 1334 1333 
787 1320 1321 1335 1334 
788 1321 1322 1336 1335 
789 1322 1323 1337 1336 
790 1323 1324 1338 1337 
791 1324 1325 1339 1338 
792 1325 1326 1340 1339 
793 1326 1327 1341 1340 
794 1327 1328 1342 1341 
795 1328 1329 1343 1342 
796 1329 1330 1344 1343 
797 1330 356 357 1344 
798 6 1331 1345 5 
799 1331 1332 1346 1345 
800 1332 1333 1347 1346 
801 1333 1334 1348 1347 
802 1334 1335 1349 1348 
803 1335 1336 1350 1349 
804 1336 1337 1351 1350 
805 1337 1338 1352 1351 
806 1338 1339 1353 1352 
807 1339 1340 1354 1353 
808 1340 1341 1355 1354 
809 1341 1342 1356 1355 
810 1342 1343 1357 1356 
811 1343 1344 1358 1357 
812 1344 357 358 1358 
813 5 1345 1359 4 
814 1345 1346 1360 1359 
815 1346 1347 1361 1360 
816 1347 1348 1362 1361 
817 1348 1349 1363 1362 
818 1349 1350 1364 1363 
819 1350 1351 1365 1364 
820 1351 1352 1366 1365 
821 1352 1353 1367 1366 
822 1353 1354 1368 1367 
823 1354 1355 1369 1368 
824 1355 1356 1370 1369 
825 1356 1357 1371 1370 
826 1357 1358 1372 1371 
827 1358 358 359 1372 
828 4 1359 1373 3 
829 1359 1360 1374 1373 
830 1360 1361 1375 1374 
831 1361 1362 1376 1375 
832 1362 1363 1377 1376 
833 1363 1364 1378 1377 
834 1364 1365 1379 1378 
835 1365 1366 1380 1379 
836 1366 1367 1381 1380 
837 1367 1368 1382 1381 
838 1368 1369 1383 1382 
839 1369 1370 1384 1383 
840 1370 1371 1385 1384 
841 1371 1372 1386 1385 
842 1372 359 360 1386 
843 3 1373 1387 2 
844 1373 1374 1388 1387 
845 1374 1375 1389 1388 
846 1375 1376 1390 1389 
847 1376 1377 1391 1390 
848 1377 1378 1392 1391 
849 1378 1379 1393 1392 
850 1379 1380 1394 1393 
851 1380 1381 1395 1394 
852 1381 1382 1396 1395 
853 1382 1383 1397 1396 
854 1383 1384 1398 1397 
855 1384 1385 1399 1398 
856 1385 1386 1400 1399 
857 1386 360 361 1400 
858 2 1387 1401 1 
859 1387 1388 1402 1401 
860 1388 1389 1403 1402 
861 1389 1390 1404 1403 
862 1390 1391 1405 1404 
863 1391 1392 1406 1405 
864 1392 1393 1407 1406 
865 1393 1394 1408 1407 
866 1394 1395 1409 1408 
867 1395 1396 1410 1409 
868 1396 1397 1411 1410 
869 1397 1398 1412 1411 
870 1398 1399 1413 1412 
871 1399 1400 1414 1413 
872 1400 361 362 1414 
873 1 1401 1415 137 
874 1401 1402 1416 1415 
875 1402 1403 1417 1416 
876 1403 1404 1418 1417 
877 1404 1405 1419 1418 
878 1405 1406 1420 1419 
879 1406 1407 1421 1420 
880 1407 1408 1422 1421 
881 1408 1409 1423 1422 
882 1409 1410 1424 1423 
883 1410 1411 1425 1424 
884 1411 1412 1426 1425 
885 1412 1413 1427 1426 
886 1413 1414 1428 1427 
887 1414 362 363 1428 
888 137 1415 1429 138 
889 1415 1416 1430 1429 
890 1416 1417 1431 1430 
891 1417 1418 1432 1431 
892 1418 1419 1433 1432 
893 1419 1420 1434 1433 
894 1420 1421 1435 1434 
895 1421 1422 1436 1435 
896 1422 1423 1437 1436 
897 1423 1424 1438 1437 
898 1424 1425 1439 1438 
899 1425 1426 1440 1439 
900 1426 1427 1441 1440 
901 1427 1428 1442 1441 
902 1428 363 364 1442 
903 138 1429 1443 139 
904 1429 1430 1444 1443 
905 1430 1431 1445 1444 
906 1431 1432 1446 1445 
907 1432 1433 1447 1446 
908 1433 1434 1448 1447 
909 1434 1435 1449 1448 
910 1435 1436 1450 1449 
911 1436 1437 1451 1450 
912 1437 1438 1452 1451 
913 1438 1439 1453 1452 
914 1439 1440 1454 1453 
915 1440 1441 1455 1454 
916 1441 1442 1456 1455 
917 1442 364 365 1456 
918 139 1443 1457 140 
919 1443 1444 1458 1457 
920 1444 1445 1459 1458 
921 1445 1446 1460 1459 
922 1446 1447 1461 1460 
923 1447 1448 1462 1461 
924 1448 1449 1463 1462 
925 1449 1450 1464 1463 
926 1450 1451 1465 1464 
927 1451 1452 1466 1465 
928 1452 1453 1467 1466 
929 1453 1454 1468 1467 
930 1454 1455 1469 1468 
931 1455 1456 1470 1469 
932 1456 365 366 1470 
933 140 1457 1471 141 
934 1457 1458 1472 1471 
935 1458 1459 1473 1472 
936 1459 1460 1474 1473 
937 1460 1461 1475 1474 
938 1461 1462 1476 1475 
939 1462 1463 1477 1476 
940 1463 1464 1478 1477 
941 1464 1465 1479 1478 
942 1465 1466 1480 1479 
943 1466 1467 1481 1480 
944 1467 1468 1482 1481 
945 1468 1469 1483 1482 
946 1469 1470 1484 1483 
947 1470 366 367 1484 
948 141 1471 1485 142 
949 1471 1472 1486 1485 
950 1472 1473 1487 1486 
951 1473 1474 1488 1487 
952 1474 1475 1489 1488 
953 1475 1476 1490 1489 
954 1476 1477 1491 1490 
955 1477 1478 1492 1491 
956 1478 1479 1493 1492 
957 1479 1480 1494 1493 
958 1480 1481 1495 1494 
959 1481 1482 1496 1495 
960 1482 1483 1497 1496 
961 1483 1484 1498 1497 
962 1484 367 368 1498 
963 142 1485 1499 143 
964 1485 1486 1500 1499 
965 1486 1487 1501 1500 
966 1487 1488 1502 1501 
967 1488 1489 1503 1502 
968 1489 1490 1504 1503 
969 1490 1491 1505 1504 
970 1491 1492 1506 1505 
971 1492 1493 1507 1506 
972 1493 1494 1508 1507 
973 1494 1495 1509 1508 
974 1495 1496 1510 1509 
975 1496 1497 1511 1510 
976 1497 1498 1512 1511 
977 1498 368 369 1512 
978 143 1499 1513 144 
979 1499 1500 1514 1513 
980 1500 1501 1515 1514 
981 1501 1502 1516 1515 
982 1502 1503 1517 1516 
983 1503 1504 1518 1517 
984 1504 1505 1519 1518 
985 1505 1506 1520 1519 
986 1506 1507 1521 1520 
987 1507 1508 1522 1521 
988 1508 1509 1523 1522 
989 1509 1510 1524 1523 
990 1510 1511 1525 1524 
991 1511 1512 1526 1525 
992 1512 369 370 1526 
993 144 1513 1527 145 
994 1513 1514 1528 1527 
995 1514 1515 1529 1528 
996 1515 1516 1530 1529 
997 1516 1517 1531 1530 
998 1517 1518 1532 1531 
999 1518 1519 1533 1532 
1000 1519 1520 1534 1533 
1001 1520 1521 1535 1534 
1002 1521 1522 1536 1535 
1003 1522 1523 1537 1536 
1004 1523 1524 1538 1537 
1005 1524 1525 1539 1538 
1006 1525 1526 1540 1539 
1007 1526 370 371 1540 
1008 145 1527 1541 146 
1009 1527 1528 1542 1541 
1010 1528 1529 1543 1542 
1011 1529 1530 1544 1543 
1012 1530 1531 1545 1544 
1013 1531 1532 1546 1545 
1014 1532 1533 1547 1546 
1015 1533 1534 1548 1547 
1016 1534 1535 1549 1548 
1017 1535 1536 1550 1549 
1018 1536 1537 1551 1550 
1019 1537 1538 1552 1551 
1020 1538 1539 1553 1552 
1021 1539 1540 1554 1553 
1022 1540 371 372 1554 
1023 146 1541 1555 147 
1024 1541 1542 1556 1555 
1025 1542 1543 1557 1556 
1026 1543 1544 1558 1557 
1027 1544 1545 1559 1558 
1028 1545 1546 1560 1559 
1029 1546 1547 1561 1560 
1030 1547 1548 1562 1561 
1031 1548 1549 1563 1562 
1032 1549 1550 1564 1563 
1033 1550 1551 1565 1564 
1034 1551 1552 1566 1565 
1035 1552 1553 1567 1566 
1036 1553 1554 1568 1567 
1037 1554 372 373 1568 
1038 147 1555 1569 148 
1039 1555 1556 1570 1569 
1040 1556 1557 1571 1570 
1041 1557 1558 1572 1571 
1042 1558 1559 1573 1572 
1043 1559 1560 1574 1573 
1044 1560 1561 1575 1574 
1045 1561 1562 1576 1575 
1046 1562 1563 1577 1576 
1047 1563 1564 1578 1577 
1048 1564 1565 1579 1578 
1049 1565 1566 1580 1579 
1050 1566 1567 1581 1580 
1051 1567 1568 1582 1581 
1052 1568 373 374 1582 
1053 148 1569 1583 149 
1054 1569 1570 1584 1583 
1055 1570 1571 1585 1584 
1056 1571 1572 1586 1585 
1057 1572 1573 1587 1586 
1058 1573 1574 1588 1587 
1059 1574 1575 1589 1588 
1060 1575 1576 1590 1589 
1061 1576 1577 1591 1590 
1062 1577 1578 1592 1591 
1063 1578 1579 1593 1592 
1064 1579 1580 1594 1593 
1065 1580 1581 1595 1594 
1066 1581 1582 1596 1595 
1067 1582 374 375 1596 
1068 149 1583 1597 150 
1069 1583 1584 1598 1597 
1070 1584 1585 1599 1598 
1071 1585 1586 1600 1599 
1072 1586 1587 1601 1600 
1073 1587 1588 1602 1601 
1074 1588 1589 1603 1602 
1075 1589 1590 1604 1603 
1076 1590 1591 1605 1604 
1077 1591 1592 1606 1605 
1078 1592 1593 1607 1606 
1079 1593 1594 1608 1607 
1080 1594 1595 1609 1608 
1081 1595 1596 1610 1609 
1082 1596 375 376 1610 
1083 150 1597 1611 151 
1084 1597 1598 1612 1611 
1085 1598 1599 1613 1612 
1086 1599 1600 1614 1613 
1087 1600 1601 1615 1614 
1088 1601 1602 1616 1615 
1089 1602 1603 1617 1616 
1090 1603 1604 1618 1617 
1091 1604 1605 1619 1618 
1092 1605 1606 1620 1619 
1093 1606 1607 1621 1620 
1094 1607 1608 1622 1621 
1095 1608 1609 1623 1622 
1096 1609 1610 1624 1623 
1097 1610 376 377 1624 
1098 151 1611 1625 152 
1099 1611 1612 1626 1625 
1100 1612 1613 1627 1626 
1101 1613 1614 1628 1627 
1102 1614 1615 1629 1628 
1103 1615 1616 1630 1629 
1104 1616 1617 1631 1630 
1105 1617 1618 1632 1631 
1106 1618 1619 1633 1632 
1107 1619 1620 1634 1633 
1108 1620 1621 1635 1634 
1109 1621 1622 1636 1635 
1110 1622 1623 1637 1636 
1111 1623 1624 1638 1637 
1112 1624 377 378 1638 
1113 152 1625 1639 153 
1114 1625 1626 1640 1639 
1115 1626 1627 1641 1640 
1116 1627 1628 1642 1641 
1117 1628 1629 1643 1642 
1118 1629 1630 1644 1643 
1119 1630 1631 1645 1644 
1120 1631 1632 1646 1645 
1121 1632 1633 1647 1646 
1122 1633 1634 1648 1647 
1123 1634 1635 1649 1648 
1124 1635 1636 1650 1649 
1125 1636 1637 1651 1650 
1126 1637 1638 1652 1651 
1127 1638 378 379 1652 
1128 153 1639 1653 154 
1129 1639 1640 1654 1653 
1130 1640 1641 1655 1654 
1131 1641 1642 1656 1655 
1132 1642 1643 1657 1656 
1133 1643 1644 1658 1657 
1134 1644 1645 1659 1658 
1135 1645 1646 1660 1659 
1136 1646 1647 1661 1660 
1137 1647 1648 1662 1661 
1138 1648 1649 1663 1662 
1139 1649 1650 1664 1663 
1140 1650 1651 1665 1664 
1141 1651 1652 1666 1665 
1142 1652 379 380 1666 
1143 154 1653 1667 155 
1144 1653 1654 1668 1667 
1145 1654 1655 1669 1668 
1146 1655 1656 1670 1669 
1147 1656 1657 1671 1670 
1148 1657 1658 1672 1671 
1149 1658 1659 1673 1672 
1150 1659 1660 1674 1673 
1151 1660 1661 1675 1674 
1152 1661 1662 1676 1675 
1153 1662 1663 1677 1676 
1154 1663 1664 1678 1677 
1155 1664 1665 1679 1678 
1156 1665 1666 1680 1679 
1157 1666 380 381 1680 
1158 155 1667 1681 156 
1159 1667 1668 1682 1681 
1160 1668 1669 1683 1682 
1161 1669 1670 1684 1683 
1162 1670 1671 1685 1684 
1163 1671 1672 1686 1685 
1164 1672 1673 1687 1686 
1165 1673 1674 1688 1687 
1166 1674 1675 1689 1688 
1167 1675 1676 1690 1689 
1168 1676 1677 1691 1690 
1169 1677 1678 1692 1691 
1170 1678 1679 1693 1692 
1171 1679 1680 1694 1693 
1172 1680 381 382 1694 
1173 156 1681 1695 157 
1174 1681 1682 1696 1695 
1175 1682 1683 1697 1696 
1176 1683 1684 1698 1697 
1177 1684 1685 1699 1698 
1178 1685 1686 1700 1699 
1179 1686 1687 1701 1700 
1180 1687 1688 1702 1701 
1181 1688 1689 1703 1702 
1182 1689 1690 1704 1703 
1183 1690 1691 1705 1704 
1184 1691 1692 1706 1705 
1185 1692 1693 1707 1706 
1186 1693 1694 1708 1707 
1187 1694 382 383 1708 
1188 157 1695 1709 158 
1189 1695 1696 1710 1709 
1190 1696 1697 1711 1710 
1191 1697 1698 1712 1711 
1192 1698 1699 1713 1712 
1193 1699 1700 1714 1713 
1194 1700 1701 1715 1714 
1195 1701 1702 1716 1715 
1196 1702 1703 1717 1716 
1197 1703 1704 1718 1717 
1198 1704 1705 1719 1718 
1199 1705 1706 1720 1719 
1200 1706 1707 1721 1720 
1201 1707 1708 1722 1721 
1202 1708 383 384 1722 
1203 158 1709 1723 159 
1204 1709 1710 1724 1723 
1205 1710 1711 1725 1724 
1206 1711 1712 1726 1725 
1207 1712 1713 1727 1726 
1208 1713 1714 1728 1727 
1209 1714 1715 1729 1728 
1210 1715 1716 1730 1729 
1211 1716 1717 1731 1730 
1212 1717 1718 1732 1731 
1213 1718 1719 1733 1732 
1214 1719 1720 1734 1733 
1215 1720 1721 1735 1734 
1216 1721 1722 1736 1735 
1217 1722 384 385 1736 
1218 159 1723 1737 160 
1219 1723 1724 1738 1737 
1220 1724 1725 1739 1738 
1221 1725 1726 1740 1739 
1222 1726 1727 1741 1740 
1223 1727 1728 1742 1741 
1224 1728 1729 1743 1742 
1225 1729 1730 1744 1743 
1226 1730 1731 1745 1744 
1227 1731 1732 1746 1745 
1228 1732 1733 1747 1746 
1229 1733 1734 1748 1747 
1230 1734 1735 1749 1748 
1231 1735 1736 1750 1749 
1232 1736 385 386 1750 
1233 160 1737 1751 161 
1234 1737 1738 1752 1751 
1235 1738 1739 1753 1752 
1236 1739 1740 1754 1753 
1237 1740 1741 1755 1754 
1238 1741 1742 1756 1755 
1239 1742 1743 1757 1756 
1240 1743 1744 1758 1757 
1241 1744 1745 1759 1758 
1242 1745 1746 1760 1759 
1243 1746 1747 1761 1760 
1244 1747 1748 1762 1761 
1245 1748 1749 1763 1762 
1246 1749 1750 1764 1763 
1247 1750 386 387 1764 
1248 161 1751 1765 162 
1249 1751 1752 1766 1765 
1250 1752 1753 1767 1766 
1251 1753 1754 1768 1767 
1252 1754 1755 1769 1768 
1253 1755 1756 1770 1769 
1254 1756 1757 1771 1770 
1255 1757 1758 1772 1771 
1256 1758 1759 1773 1772 
1257 1759 1760 1774 1773 
1258 1760 1761 1775 1774 
1259 1761 1762 1776 1775 
1260 1762 1763 1777 1776 
1261 1763 1764 1778 1777 
1262 1764 387 388 1778 
1263 162 1765 1779 163 
1264 1765 1766 1780 1779 
1265 1766 1767 1781 1780 
1266 1767 1768 1782 1781 
1267 1768 1769 1783 1782 
1268 1769 1770 1784 1783 
1269 1770 1771 1785 1784 
1270 1771 1772 1786 1785 
1271 1772 1773 1787 1786 
1272 1773 1774 1788 1787 
1273 1774 1775 1789 1788 
1274 1775 1776 1790 1789 
1275 1776 1777 1791 1790 
1276 1777 1778 1792 1791 
1277 1778 388 389 1792 
1278 163 1779 1793 164 
1279 1779 1780 1794 1793 
1280 1780 1781 1795 1794 
1281 1781 1782 1796 1795 
1282 1782 1783 1797 1796 
1283 1783 1784 1798 1797 
1284 1784 1785 1799 1798 
1285 1785 1786 1800 1799 
1286 1786 1787 1801 1800 
1287 1787 1788 1802 1801 
1288 1788 1789 1803 1802 
1289 1789 1790 1804 1803 
1290 1790 1791 1805 1804 
1291 1791 1792 1806 1805 
1292 1792 389 390 1806 
1293 164 1793 1807 165 
1294 1793 1794 1808 1807 
1295 1794 1795 1809 1808 
1296 1795 1796 1810 1809 
1297 1796 1797 1811 1810 
1298 1797 1798 1812 1811 
1299 1798 1799 1813 1812 
1300 1799 1800 1814 1813 
1301 1800 1801 1815 1814 
1302 1801 1802 1816 1815 
1303 1802 1803 1817 1816 
1304 1803 1804 1818 1817 
1305 1804 1805 1819 1818 
1306 1805 1806 1820 1819 
1307 1806 390 391 1820 
1308 165 1807 1821 166 
1309 1807 1808 1822 1821 
1310 1808 1809 1823 1822 
1311 1809 1810 1824 1823 
1312 1810 1811 1825 1824 
1313 1811 1812 1826 1825 
1314 1812 1813 1827 1826 
1315 1813 1814 1828 1827 
1316 1814 1815 1829 1828 
1317 1815 1816 1830 1829 
1318 1816 1817 1831 1830 
1319 1817 1818 1832 1831 
1320 1818 1819 1833 1832 
1321 1819 1820 1834 1833 
1322 1820 391 392 1834 
1323 166 1821 1835 167 
1324 1821 1822 1836 1835 
1325 1822 1823 1837 1836 
1326 1823 1824 1838 1837 
1327 1824 1825 1839 1838 
1328 1825 1826 1840 1839 
1329 1826 1827 1841 1840 
1330 1827 1828 1842 1841 
1331 1828 1829 1843 1842 
1332 1829 1830 1844 1843 
1333 1830 1831 1845 1844 
1334 1831 1832 1846 1845 
1335 1832 1833 1847 1846 
1336 1833 1834 1848 1847 
1337 1834 392 393 1848 
1338 167 1835 1849 168 
1339 1835 1836 1850 1849 
1340 1836 1837 1851 1850 
1341 1837 1838 1852 1851 
1342 1838 1839 1853 1852 
1343 1839 1840 1854 1853 
1344 1840 1841 1855 1854 
1345 1841 1842 1856 1855 
1346 1842 1843 1857 1856 
1347 1843 1844 1858 1857 
1348 1844 1845 1859 1858 
1349 1845 1846 1860 1859 
1350 1846 1847 1861 1860 
1351 1847 1848 1862 1861 
1352 1848 393 394 1862 
1353 168 1849 1863 169 
1354 1849 1850 1864 1863 
1355 1850 1851 1865 1864 
1356 1851 1852 1866 1865 
1357 1852 1853 1867 1866 
1358 1853 1854 1868 1867 
1359 1854 1855 1869 1868 
1360 1855 1856 1870 1869 
1361 1856 1857 1871 1870 
1362 1857 1858 1872 1871 
1363 1858 1859 1873 1872 
1364 1859 1860 1874 1873 
1365 1860 1861 1875 1874 
1366 1861 1862 1876 1875 
1367 1862 394 395 1876 
1368 169 1863 1877 170 
1369 1863 1864 1878 1877 
1370 1864 1865 1879 1878 
1371 1865 1866 1880 1879 
1372 1866 1867 1881 1880 
1373 1867 1868 1882 1881 
1374 1868 1869 1883 1882 
1375 1869 1870 1884 1883 
1376 1870 1871 1885 1884 
1377 1871 1872 1886 1885 
1378 1872 1873 1887 1886 
1379 1873 1874 1888 1887 
1380 1874 1875 1889 1888 
1381 1875 1876 1890 1889 
1382 1876 395 396 1890 
1383 170 1877 1891 171 
1384 1877 1878 1892 1891 
1385 1878 1879 1893 1892 
1386 1879 1880 1894 1893 
1387 1880 1881 1895 1894 
1388 1881 1882 1896 1895 
1389 1882 1883 1897 1896 
1390 1883 1884 1898 1897 
1391 1884 1885 1899 1898 
1392 1885 1886 1900 1899 
1393 1886 1887 1901 1900 
1394 1887 1888 1902 1901 
1395 1888 1889 1903 1902 
1396 1889 1890 1904 1903 
1397 1890 396 397 1904 
1398 171 1891 1905 172 
1399 1891 1892 1906 1905 
1400 1892 1893 1907 1906 
1401 1893 1894 1908 1907 
1402 1894 1895 1909 1908 
1403 1895 1896 1910 1909 
1404 1896 1897 1911 1910 
1405 1897 1898 1912 1911 
1406 1898 1899 1913 1912 
1407 1899 1900 1914 1913 
1408 1900 1901 1915 1914 
1409 1901 1902 1916 1915 
1410 1902 1903 1917 1916 
1411 1903 1904 1918 1917 
1412 1904 397 398 1918 
1413 172 1905 1919 173 
1414 1905 1906 1920 1919 
1415 1906 1907 1921 1920 
1416 1907 1908 1922 1921 
1417 1908 1909 1923 1922 
1418 1909 1910 1924 1923 
1419 1910 1911 1925 1924 
1420 1911 1912 1926 1925 
1421 1912 1913 1927 1926 
1422 1913 1914 1928 1927 
1423 1914 1915 1929 1928 
1424 1915 1916 1930 1929 
1425 1916 1917 1931 1930 
1426 1917 1918 1932 1931 
1427 1918 398 399 1932 
1428 173 1919 1933 174 
1429 1919 1920 1934 1933 
1430 1920 1921 1935 1934 
1431 1921 1922 1936 1935 
1432 1922 1923 1937 1936 
1433 1923 1924 1938 1937 
1434 1924 1925 1939 1938 
1435 1925 1926 1940 1939 
1436 1926 1927 1941 1940 
1437 1927 1928 1942 1941 
1438 1928 1929 1943 1942 
1439 1929 1930 1944 1943 
1440 1930 1931 1945 1944 
1441 1931 1932 1946 1945 
1442 1932 399 400 1946 
1443 174 1933 1947 175 
1444 1933 1934 1948 1947 
1445 1934 1935 1949 1948 
1446 1935 1936 1950 1949 
1447 1936 1937 1951 1950 
1448 1937 1938 1952 1951 
1449 1938 1939 1953 1952 
1450 1939 1940 1954 1953 
1451 1940 1941 1955 1954 
1452 1941 1942 1956 1955 
1453 1942 1943 1957 1956 
1454 1943 1944 1958 1957 
1455 1944 1945 1959 1958 
1456 1945 1946 1960 1959 
1457 1946 400 401 1960 
1458 175 1947 1961 176 
1459 1947 1948 1962 1961 
1460 1948 1949 1963 1962 
1461 1949 1950 1964 1963 
1462 1950 1951 1965 1964 
1463 1951 1952 1966 1965 
1464 1952 1953 1967 1966 
1465 1953 1954 1968 1967 
1466 1954 1955 1969 1968 
1467 1955 1956 1970 1969 
1468 1956 1957 1971 1970 
1469 1957 1958 1972 1971 
1470 1958 1959 1973 1972 
1471 1959 1960 1974 1973 
1472 1960 401 402 1974 
1473 176 1961 1975 177 
1474 1961 1962 1976 1975 
1475 1962 1963 1977 1976 
1476 1963 1964 1978 1977 
1477 1964 1965 1979 1978 
1478 1965 1966 1980 1979 
1479 1966 1967 1981 1980 
1480 1967 1968 1982 1981 
1481 1968 1969 1983 1982 
1482 1969 1970 1984 1983 
1483 1970 1971 1985 1984 
1484 1971 1972 1986 1985 
1485 1972 1973 1987 1986 
1486 1973 1974 1988 1987 
1487 1974 402 403 1988 
1488 177 1975 1989 178 
1489 1975 1976 1990 1989 
1490 1976 1977 1991 1990 
1491 1977 1978 1992 1991 
1492 1978 1979 1993 1992 
1493 1979 1980 1994 1993 
1494 1980 1981 1995 1994 
1495 1981 1982 1996 1995 
1496 1982 1983 1997 1996 
1497 1983 1984 1998 1997 
1498 1984 1985 1999 1998 
1499 1985 1986 2000 1999 
1500 1986 1987 2001 2000 
1501 1987 1988 2002 2001 
1502 1988 403 404 2002 
1503 178 1989 2003 179 
1504 1989 1990 2004 2003 
1505 1990 1991 2005 2004 
1506 1991 1992 2006 2005 
1507 1992 1993 2007 2006 
1508 1993 1994 2008 2007 
1509 1994 1995 2009 2008 
1510 1995 1996 2010 2009 
1511 1996 1997 2011 2010 
1512 1997 1998 2012 2011 
1513 1998 1999 2013 2012 
1514 1999 2000 2014 2013 
1515 2000 2001 2015 2014 
1516 2001 2002 2016 2015 
1517 2002 404 405 2016 
1518 179 2003 2017 180 
1519 2003 2004 2018 2017 
1520 2004 2005 2019 2018 
1521 2005 2006 2020 2019 
1522 2006 2007 2021 2020 
1523 2007 2008 2022 2021 
1524 2008 2009 2023 2022 
1525 2009 2010 2024 2023 
1526 2010 2011 2025 2024 
1527 2011 2012 2026 2025 
1528 2012 2013 2027 2026 
1529 2013 2014 2028 2027 
1530 2014 2015 2029 2028 
1531 2015 2016 2030 2029 
1532 2016 405 406 2030 
1533 180 2017 2031 181 
1534 2017 2018 2032 2031 
1535 2018 2019 2033 2032 
1536 2019 2020 2034 2033 
1537 2020 2021 2035 2034 
1538 2021 2022 2036 2035 
1539 2022 2023 2037 2036 
1540 2023 2024 2038 2037 
1541 2024 2025 2039 2038 
1542 2025 2026 2040 2039 
1543 2026 2027 2041 2040 
1544 2027 2028 2042 2041 
1545 2028 2029 2043 2042 
1546 2029 2030 2044 2043 
1547 2030 406 407 2044 
1548 181 2031 2045 182 
1549 2031 2032 2046 2045 
1550 2032 2033 2047 2046 
1551 2033 2034 2048 2047 
1552 2034 2035 2049 2048 
1553 2035 2036 2050 2049 
1554 2036 2037 2051 2050 
1555 2037 2038 2052 2051 
1556 2038 2039 2053 2052 
1557 2039 2040 2054 2053 
1558 2040 2041 2055 2054 
1559 2041 2042 2056 2055 
1560 2042 2043 2057 2056 
1561 2043 2044 2058 2057 
1562 2044 407 408 2058 
1563 182 2045 2059 183 
1564 2045 2046 2060 2059 
1565 2046 2047 2061 2060 
1566 2047 2048 2062 2061 
1567 2048 2049 2063 2062 
1568 2049 2050 2064 2063 
1569 2050 2051 2065 2064 
1570 2051 2052 2066 2065 
1571 2052 2053 2067 2066 
1572 2053 2054 2068 2067 
1573 2054 2055 2069 2068 
1574 2055 2056 2070 2069 
1575 2056 2057 2071 2070 
1576 2057 2058 2072 2071 
1577 2058 408 409 2072 
1578 183 2059 2073 184 
1579 2059 2060 2074 2073 
1580 2060 2061 2075 2074 
1581 2061 2062 2076 2075 
1582 2062 2063 2077 2076 
1583 2063 2064 2078 2077 
1584 2064 2065 2079 2078 
1585 2065 2066 2080 2079 
1586 2066 2067 2081 2080 
1587 2067 2068 2082 2081 
1588 2068 2069 2083 2082 
1589 2069 2070 2084 2083 
1590 2070 2071 2085 2084 
1591 2071 2072 2086 2085 
1592 2072 409 410 2086 
1593 184 2073 2087 185 
1594 2073 2074 2088 2087 
1595 2074 2075 2089 2088 
1596 2075 2076 2090 2089 
1597 2076 2077 2091 2090 
1598 2077 2078 2092 2091 
1599 2078 2079 2093 2092 
1600 2079 2080 2094 2093 
1601 2080 2081 2095 2094 
1602 2081 2082 2096 2095 
1603 2082 2083 2097 2096 
1604 2083 2084 2098 2097 
1605 2084 2085 2099 2098 
1606 2085 2086 2100 2099 
1607 2086 410 411 2100 
1608 185 2087 2101 186 
1609 2087 2088 2102 2101 
1610 2088 2089 2103 2102 
1611 2089 2090 2104 2103 
1612 2090 2091 2105 2104 
1613 2091 2092 2106 2105 
1614 2092 2093 2107 2106 
1615 2093 2094 2108 2107 
1616 2094 2095 2109 2108 
1617 2095 2096 2110 2109 
1618 2096 2097 2111 2110 
1619 2097 2098 2112 2111 
1620 2098 2099 2113 2112 
1621 2099 2100 2114 2113 
1622 2100 411 412 2114 
1623 186 2101 2115 187 
1624 2101 2102 2116 2115 
1625 2102 2103 2117 2116 
1626 2103 2104 2118 2117 
1627 2104 2105 2119 2118 
1628 2105 2106 2120 2119 
1629 2106 2107 2121 2120 
1630 2107 2108 2122 2121 
1631 2108 2109 2123 2122 
1632 2109 2110 2124 2123 
1633 2110 2111 2125 2124 
1634 2111 2112 2126 2125 
1635 2112 2113 2127 2126 
1636 2113 2114 2128 2127 
1637 2114 412 413 2128 
1638 187 2115 2129 188 
1639 2115 2116 2130 2129 
1640 2116 2117 2131 2130 
1641 2117 2118 2132 2131 
1642 2118 2119 2133 2132 
1643 2119 2120 2134 2133 
1644 2120 2121 2135 2134 
1645 2121 2122 2136 2135 
1646 2122 2123 2137 2136 
1647 2123 2124 2138 2137 
1648 2124 2125 2139 2138 
1649 2125 2126 2140 2139 
1650 2126 2127 2141 2140 
1651 2127 2128 2142 2141 
1652 2128 413 414 2142 
1653 188 2129 2143 189 
1654 2129 2130 2144 2143 
1655 2130 2131 2145 2144 
1656 2131 2132 2146 2145 
1657 2132 2133 2147 2146 
1658 2133 2134 2148 2147 
1659 2134 2135 2149 2148 
1660 2135 2136 2150 2149 
1661 2136 2137 2151 2150 
1662 2137 2138 2152 2151 
1663 2138 2139 2153 2152 
1664 2139 2140 2154 2153 
1665 2140 2141 2155 2154 
1666 2141 2142 2156 2155 
1667 2142 414 415 2156 
1668 189 2143 2157 190 
1669 2143 2144 2158 2157 
1670 2144 2145 2159 2158 
1671 2145 2146 2160 2159 
1672 2146 2147 2161 2160 
1673 2147 2148 2162 2161 
1674 2148 2149 2163 2162 
1675 2149 2150 2164 2163 
1676 2150 2151 2165 2164 
1677 2151 2152 2166 2165 
1678 2152 2153 2167 2166 
1679 2153 2154 2168 2167 
1680 2154 2155 2169 2168 
1681 2155 2156 2170 2169 
1682 2156 415 416 2170 
1683 190 2157 2171 191 
1684 2157 2158 2172 2171 
1685 2158 2159 2173 2172 
1686 2159 2160 2174 2173 
1687 2160 2161 2175 2174 
1688 2161 2162 2176 2175 
1689 2162 2163 2177 2176 
1690 2163 2164 2178 2177 
1691 2164 2165 2179 2178 
1692 2165 2166 2180 2179 
1693 2166 2167 2181 2180 
1694 2167 2168 2182 2181 
1695 2168 2169 2183 2182 
1696 2169 2170 2184 2183 
1697 2170 416 417 2184 
1698 191 2171 2185 192 
1699 2171 2172 2186 2185 
1700 2172 2173 2187 2186 
1701 2173 2174 2188 2187 
1702 2174 2175 2189 2188 
1703 2175 2176 2190 2189 
1704 2176 2177 2191 2190 
1705 2177 2178 2192 2191 
1706 2178 2179 2193 2192 
1707 2179 2180 2194 2193 
1708 2180 2181 2195 2194 
1709 2181 2182 2196 2195 
1710 2182 2183 2197 2196 
1711 2183 2184 2198 2197 
1712 2184 417 418 2198 
1713 192 2185 2199 193 
1714 2185 2186 2200 2199 
1715 2186 2187 2201 2200 
1716 2187 2188 2202 2201 
1717 2188 2189 2203 2202 
1718 2189 2190 2204 2203 
1719 2190 2191 2205 2204 
1720 2191 2192 2206 2205 
1721 2192 2193 2207 2206 
1722 2193 2194 2208 2207 
1723 2194 2195 2209 2208 
1724 2195 2196 2210 2209 
1725 2196 2197 2211 2210 
1726 2197 2198 2212 2211 
1727 2198 418 419 2212 
1728 193 2199 2213 194 
1729 2199 2200 2214 2213 
1730 2200 2201 2215 2214 
1731 2201 2202 2216 2215 
1732 2202 2203 2217 2216 
1733 2203 2204 2218 2217 
1734 2204 2205 2219 2218 
1735 2205 2206 2220 2219 
1736 2206 2207 2221 2220 
1737 2207 2208 2222 2221 
1738 2208 2209 2223 2222 
1739 2209 2210 2224 2223 
1740 2210 2211 2225 2224 
1741 2211 2212 2226 2225 
1742 2212 419 420 2226 
1743 194 2213 2227 195 
1744 2213 2214 2228 2227 
1745 2214 2215 2229 2228 
1746 2215 2216 2230 2229 
1747 2216 2217 2231 2230 
1748 2217 2218 2232 2231 
1749 2218 2219 2233 2232 
1750 2219 2220 2234 2233 
1751 2220 2221 2235 2234 
1752 2221 2222 2236 2235 
1753 2222 2223 2237 2236 
1754 2223 2224 2238 2237 
1755 2224 2225 2239 2238 
1756 2225 2226 2240 2239 
1757 2226 420 421 2240 
1758 195 2227 2241 196 
1759 2227 2228 2242 2241 
1760 2228 2229 2243 2242 
1761 2229 2230 2244 2243 
1762 2230 2231 2245 2244 
1763 2231 2232 2246 2245 
1764 2232 2233 2247 2246 
1765 2233 2234 2248 2247 
1766 2234 2235 2249 2248 
1767 2235 2236 2250 2249 
1768 2236 2237 2251 2250 
1769 2237 2238 2252 2251 
1770 2238 2239 2253 2252 
1771 2239 2240 2254 2253 
1772 2240 421 422 2254 
1773 196 2241 2255 197 
1774 2241 2242 2256 2255 
1775 2242 2243 2257 2256 
1776 2243 2244 2258 2257 
1777 2244 2245 2259 2258 
1778 2245 2246 2260 2259 
1779 2246 2247 2261 2260 
1780 2247 2248 2262 2261 
1781 2248 2249 2263 2262 
1782 2249 2250 2264 2263 
1783 2250 2251 2265 2264 
1784 2251 2252 2266 2265 
1785 2252 2253 2267 2266 
1786 2253 2254 2268 2267 
1787 2254 422 423 2268 
1788 197 2255 2269 198 
1789 2255 2256 2270 2269 
1790 2256 2257 2271 2270 
1791 2257 2258 2272 2271 
1792 2258 2259 2273 2272 
1793 2259 2260 2274 2273 
1794 2260 2261 2275 2274 
1795 2261 2262 2276 2275 
1796 2262 2263 2277 2276 
1797 2263 2264 2278 2277 
1798 2264 2265 2279 2278 
1799 2265 2266 2280 2279 
1800 2266 2267 2281 2280 
1801 2267 2268 2282 2281 
1802 2268 423 424 2282 
1803 198 2269 2283 199 
1804 2269 2270 2284 2283 
1805 2270 2271 2285 2284 
1806 2271 2272 2286 2285 
1807 2272 2273 2287 2286 
1808 2273 2274 2288 2287 
1809 2274 2275 2289 2288 
1810 2275 2276 2290 2289 
1811 2276 2277 2291 2290 
1812 2277 2278 2292 2291 
1813 2278 2279 2293 2292 
1814 2279 2280 2294 2293 
1815 2280 2281 2295 2294 
1816 2281 2282 2296 2295 
1817 2282 424 425 2296 
1818 199 2283 2297 200 
1819 2283 2284 2298 2297 
1820 2284 2285 2299 2298 
1821 2285 2286 2300 2299 
1822 2286 2287 2301 2300 
1823 2287 2288 2302 2301 
1824 2288 2289 2303 2302 
1825 2289 2290 2304 2303 
1826 2290 2291 2305 2304 
1827 2291 2292 2306 2305 
1828 2292 2293 2307 2306 
1829 2293 2294 2308 2307 
1830 2294 2295 2309 2308 
1831 2295 2296 2310 2309 
1832 2296 425 426 2310 
1833 200 2297 2311 201 
1834 2297 2298 2312 2311 
1835 2298 2299 2313 2312 
1836 2299 2300 2314 2313 
1837 2300 2301 2315 2314 
1838 2301 2302 2316 2315 
1839 2302 2303 2317 2316 
1840 2303 2304 2318 2317 
1841 2304 2305 2319 2318 
1842 2305 2306 2320 2319 
1843 2306 2307 2321 2320 
1844 2307 2308 2322 2321 
1845 2308 2309 2323 2322 
1846 2309 2310 2324 2323 
1847 2310 426 427 2324 
1848 201 2311 2325 202 
1849 2311 2312 2326 2325 
1850 2312 2313 2327 2326 
1851 2313 2314 2328 2327 
1852 2314 2315 2329 2328 
1853 2315 2316 2330 2329 
1854 2316 2317 2331 2330 
1855 2317 2318 2332 2331 
1856 2318 2319 2333 2332 
1857 2319 2320 2334 2333 
1858 2320 2321 2335 2334 
1859 2321 2322 2336 2335 
1860 2322 2323 2337 2336 
1861 2323 2324 2338 2337 
1862 2324 427 428 2338 
1863 202 2325 2339 203 
1864 2325 2326 2340 2339 
1865 2326 2327 2341 2340 
1866 2327 2328 2342 2341 
1867 2328 2329 2343 2342 
1868 2329 2330 2344 2343 
1869 2330 2331 2345 2344 
1870 2331 2332 2346 2345 
1871 2332 2333 2347 2346 
1872 2333 2334 2348 2347 
1873 2334 2335 2349 2348 
1874 2335 2336 2350 2349 
1875 2336 2337 2351 2350 
1876 2337 2338 2352 2351 
1877 2338 428 429 2352 
1878 203 2339 2353 204 
1879 2339 2340 2354 2353 
1880 2340 2341 2355 2354 
1881 2341 2342 2356 2355 
1882 2342 2343 2357 2356 
1883 2343 2344 2358 2357 
1884 2344 2345 2359 2358 
1885 2345 2346 2360 2359 
1886 2346 2347 2361 2360 
1887 2347 2348 2362 2361 
1888 2348 2349 2363 2362 
1889 2349 2350 2364 2363 
1890 2350 2351 2365 2364 
1891 2351 2352 2366 2365 
1892 2352 429 430 2366 
1893 204 2353 2367 205 
1894 2353 2354 2368 2367 
1895 2354 2355 2369 2368 
1896 2355 2356 2370 2369 
1897 2356 2357 2371 2370 
1898 2357 2358 2372 2371 
1899 2358 2359 2373 2372 
1900 2359 2360 2374 2373 
1901 2360 2361 2375 2374 
1902 2361 2362 2376 2375 
1903 2362 2363 2377 2376 
1904 2363 2364 2378 2377 
1905 2364 2365 2379 2378 
1906 2365 2366 2380 2379 
1907 2366 430 431 2380 
1908 205 2367 2381 206 
1909 2367 2368 2382 2381 
1910 2368 2369 2383 2382 
1911 2369 2370 2384 2383 
1912 2370 2371 2385 2384 
1913 2371 2372 2386 2385 
1914 2372 2373 2387 2386 
1915 2373 2374 2388 2387 
1916 2374 2375 2389 2388 
1917 2375 2376 2390 2389 
1918 2376 2377 2391 2390 
1919 2377 2378 2392 2391 
1920 2378 2379 2393 2392 
1921 2379 2380 2394 2393 
1922 2380 431 432 2394 
1923 206 2381 2395 207 
1924 2381 2382 2396 2395 
1925 2382 2383 2397 2396 
1926 2383 2384 2398 2397 
1927 2384 2385 2399 2398 
1928 2385 2386 2400 2399 
1929 2386 2387 2401 2400 
1930 2387 2388 2402 2401 
1931 2388 2389 2403 2402 
1932 2389 2390 2404 2403 
1933 2390 2391 2405 2404 
1934 2391 2392 2406 2405 
1935 2392 2393 2407 2406 
1936 2393 2394 2408 2407 
1937 2394 432 433 2408 
1938 207 2395 2409 208 
1939 2395 2396 2410 2409 
1940 2396 2397 2411 2410 
1941 2397 2398 2412 2411 
1942 2398 2399 2413 2412 
1943 2399 2400 2414 2413 
1944 2400 2401 2415 2414 
1945 2401 2402 2416 2415 
1946 2402 2403 2417 2416 
1947 2403 2404 2418 2417 
1948 2404 2405 2419 2418 
1949 2405 2406 2420 2419 
1950 2406 2407 2421 2420 
1951 2407 2408 2422 2421 
1952 2408 433 434 2422 
1953 208 2409 2423 209 
1954 2409 2410 2424 2423 
1955 2410 2411 2425 2424 
1956 2411 2412 2426 2425 
1957 2412 2413 2427 2426 
1958 2413 2414 2428 2427 
1959 2414 2415 2429 2428 
1960 2415 2416 2430 2429 
1961 2416 2417 2431 2430 
1962 2417 2418 2432 2431 
1963 2418 2419 2433 2432 
1964 2419 2420 2434 2433 
1965 2420 2421 2435 2434 
1966 2421 2422 2436 2435 
1967 2422 434 435 2436 
1968 209 2423 2437 210 
1969 2423 2424 2438 2437 
1970 2424 2425 2439 2438 
1971 2425 2426 2440 2439 
1972 2426 2427 2441 2440 
1973 2427 2428 2442 2441 
1974 2428 2429 2443 2442 
1975 2429 2430 2444 2443 
1976 2430 2431 2445 2444 
1977 2431 2432 2446 2445 
1978 2432 2433 2447 2446 
1979 2433 2434 2448 2447 
1980 2434 2435 2449 2448 
1981 2435 2436 2450 2449 
1982 2436 435 436 2450 
1983 210 2437 2451 211 
1984 2437 2438 2452 2451 
1985 2438 2439 2453 2452 
1986 2439 2440 2454 2453 
1987 2440 2441 2455 2454 
1988 2441 2442 2456 2455 
1989 2442 2443 2457 2456 
1990 2443 2444 2458 2457 
1991 2444 2445 2459 2458 
1992 2445 2446 2460 2459 
1993 2446 2447 2461 2460 
1994 2447 2448 2462 2461 
1995 2448 2449 2463 2462 
1996 2449 2450 2464 2463 
1997 2450 436 437 2464 
1998 211 2451 2465 212 
1999 2451 2452 2466 2465 
2000 2452 2453 2467 2466 
2001 2453 2454 2468 2467 
2002 2454 2455 2469 2468 
2003 2455 2456 2470 2469 
2004 2456 2457 2471 2470 
2005 2457 2458 2472 2471 
2006 2458 2459 2473 2472 
2007 2459 2460 2474 2473 
2008 2460 2461 2475 2474 
2009 2461 2462 2476 2475 
2010 2462 2463 2477 2476 
2011 2463 2464 2478 2477 
2012 2464 437 438 2478 
2013 212 2465 2479 213 
2014 2465 2466 2480 2479 
2015 2466 2467 2481 2480 
2016 2467 2468 2482 2481 
2017 2468 2469 2483 2482 
2018 2469 2470 2484 2483 
2019 2470 2471 2485 2484 
2020 2471 2472 2486 2485 
2021 2472 2473 2487 2486 
2022 2473 2474 2488 2487 
2023 2474 2475 2489 2488 
2024 2475 2476 2490 2489 
2025 2476 2477 2491 2490 
2026 2477 2478 2492 2491 
2027 2478 438 439 2492 
2028 213 2479 2493 214 
2029 2479 2480 2494 2493 
2030 2480 2481 2495 2494 
2031 2481 2482 2496 2495 
2032 2482 2483 2497 2496 
2033 2483 2484 2498 2497 
2034 2484 2485 2499 2498 
2035 2485 2486 2500 2499 
2036 2486 2487 2501 2500 
2037 2487 2488 2502 2501 
2038 2488 2489 2503 2502 
2039 2489 2490 2504 2503 
2040 2490 2491 2505 2504 
2041 2491 2492 2506 2505 
2042 2492 439 440 2506 
2043 214 2493 2507 215 
2044 2493 2494 2508 2507 
2045 2494 2495 2509 2508 
2046 2495 2496 2510 2509 
2047 2496 2497 2511 2510 
2048 2497 2498 2512 2511 
2049 2498 2499 2513 2512 
2050 2499 2500 2514 2513 
2051 2500 2501 2515 2514 
2052 2501 2502 2516 2515 
2053 2502 2503 2517 2516 
2054 2503 2504 2518 2517 
2055 2504 2505 2519 2518 
2056 2505 2506 2520 2519 
2057 2506 440 441 2520 
2058 215 2507 2521 216 
2059 2507 2508 2522 2521 
2060 2508 2509 2523 2522 
2061 2509 2510 2524 2523 
2062 2510 2511 2525 2524 
2063 2511 2512 2526 2525 
2064 2512 2513 2527 2526 
2065 2513 2514 2528 2527 
2066 2514 2515 2529 2528 
2067 2515 2516 2530 2529 
2068 2516 2517 2531 2530 
2069 2517 2518 2532 2531 
2070 2518 2519 2533 2532 
2071 2519 2520 2534 2533 
2072 2520 441 442 2534 
2073 216 2521 2535 217 
2074 2521 2522 2536 2535 
2075 2522 2523 2537 2536 
2076 2523 2524 2538 2537 
2077 2524 2525 2539 2538 
2078 2525 2526 2540 2539 
2079 2526 2527 2541 2540 
2080 2527 2528 2542 2541 
2081 2528 2529 2543 2542 
2082 2529 2530 2544 2543 
2083 2530 2531 2545 2544 
2084 2531 2532 2546 2545 
2085 2532 2533 2547 2546 
2086 2533 2534 2548 2547 
2087 2534 442 443 2548 
2088 217 2535 2549 218 
2089 2535 2536 2550 2549 
2090 2536 2537 2551 2550 
2091 2537 2538 2552 2551 
2092 2538 2539 2553 2552 
2093 2539 2540 2554 2553 
2094 2540 2541 2555 2554 
2095 2541 2542 2556 2555 
2096 2542 2543 2557 2556 
2097 2543 2544 2558 2557 
2098 2544 2545 2559 2558 
2099 2545 2546 2560 2559 
2100 2546 2547 2561 2560 
2101 2547 2548 2562 2561 
2102 2548 443 444 2562 
2103 218 2549 2563 219 
2104 2549 2550 2564 2563 
2105 2550 2551 2565 2564 
2106 2551 2552 2566 2565 
2107 2552 2553 2567 2566 
2108 2553 2554 2568 2567 
2109 2554 2555 2569 2568 
2110 2555 2556 2570 2569 
2111 2556 2557 2571 2570 
2112 2557 2558 2572 2571 
2113 2558 2559 2573 2572 
2114 2559 2560 2574 2573 
2115 2560 2561 2575 2574 
2116 2561 2562 2576 2575 
2117 2562 444 445 2576 
2118 219 2563 2577 220 
2119 2563 2564 2578 2577 
2120 2564 2565 2579 2578 
2121 2565 2566 2580 2579 
2122 2566 2567 2581 2580 
2123 2567 2568 2582 2581 
2124 2568 2569 2583 2582 
2125 2569 2570 2584 2583 
2126 2570 2571 2585 2584 
2127 2571 2572 2586 2585 
2128 2572 2573 2587 2586 
2129 2573 2574 2588 2587 
2130 2574 2575 2589 2588 
2131 2575 2576 2590 2589 
2132 2576 445 446 2590 
2133 220 2577 2591 221 
2134 2577 2578 2592 2591 
2135 2578 2579 2593 2592 
2136 2579 2580 2594 2593 
2137 2580 2581 2595 2594 
2138 2581 2582 2596 2595 
2139 2582 2583 2597 2596 
2140 2583 2584 2598 2597 
2141 2584 2585 2599 2598 
2142 2585 2586 2600 2599 
2143 2586 2587 2601 2600 
2144 2587 2588 2602 2601 
2145 2588 2589 2603 2602 
2146 2589 2590 2604 2603 
2147 2590 446 447 2604 
2148 221 2591 2605 222 
2149 2591 2592 2606 2605 
2150 2592 2593 2607 2606 
2151 2593 2594 2608 2607 
2152 2594 2595 2609 2608 
2153 2595 2596 2610 2609 
2154 2596 2597 2611 2610 
2155 2597 2598 2612 2611 
2156 2598 2599 2613 2612 
2157 2599 2600 2614 2613 
2158 2600 2601 2615 2614 
2159 2601 2602 2616 2615 
2160 2602 2603 2617 2616 
2161 2603 2604 2618 2617 
2162 2604 447 448 2618 
2163 222 2605 2619 223 
2164 2605 2606 2620 2619 
2165 2606 2607 2621 2620 
2166 2607 2608 2622 2621 
2167 2608 2609 2623 2622 
2168 2609 2610 2624 2623 
2169 2610 2611 2625 2624 
2170 2611 2612 2626 2625 
2171 2612 2613 2627 2626 
2172 2613 2614 2628 2627 
2173 2614 2615 2629 2628 
2174 2615 2616 2630 2629 
2175 2616 2617 2631 2630 
2176 2617 2618 2632 2631 
2177 2618 448 449 2632 
2178 223 2619 2633 224 
2179 2619 2620 2634 2633 
2180 2620 2621 2635 2634 
2181 2621 2622 2636 2635 
2182 2622 2623 2637 2636 
2183 2623 2624 2638 2637 
2184 2624 2625 2639 2638 
2185 2625 2626 2640 2639 
2186 2626 2627 2641 2640 
2187 2627 2628 2642 2641 
2188 2628 2629 2643 2642 
2189 2629 2630 2644 2643 
2190 2630 2631 2645 2644 
2191 2631 2632 2646 2645 
2192 2632 449 450 2646 
2193 224 2633 2647 225 
2194 2633 2634 2648 2647 
2195 2634 2635 2649 2648 
2196 2635 2636 2650 2649 
2197 2636 2637 2651 2650 
2198 2637 2638 2652 2651 
2199 2638 2639 2653 2652 
2200 2639 2640 2654 2653 
2201 2640 2641 2655 2654 
2202 2641 2642 2656 2655 
2203 2642 2643 2657 2656 
2204 2643 2644 2658 2657 
2205 2644 2645 2659 2658 
2206 2645 2646 2660 2659 
2207 2646 450 451 2660 
2208 225 2647 2661 226 
2209 2647 2648 2662 2661 
2210 2648 2649 2663 2662 
2211 2649 2650 2664 2663 
2212 2650 2651 2665 2664 
2213 2651 2652 2666 2665 
2214 2652 2653 2667 2666 
2215 2653 2654 2668 2667 
2216 2654 2655 2669 2668 
2217 2655 2656 2670 2669 
2218 2656 2657 2671 2670 
2219 2657 2658 2672 2671 
2220 2658 2659 2673 2672 
2221 2659 2660 2674 2673 
2222 2660 451 452 2674 
2223 226 2661 2675 227 
2224 2661 2662 2676 2675 
2225 2662 2663 2677 2676 
2226 2663 2664 2678 2677 
2227 2664 2665 2679 2678 
2228 2665 2666 2680 2679 
2229 2666 2667 2681 2680 
2230 2667 2668 2682 2681 
2231 2668 2669 2683 2682 
2232 2669 2670 2684 2683 
2233 2670 2671 2685 2684 
2234 2671 2672 2686 2685 
2235 2672 2673 2687 2686 
2236 2673 2674 2688 2687 
2237 2674 452 453 2688 
2238 227 2675 2689 228 
2239 2675 2676 2690 2689 
2240 2676 2677 2691 2690 
2241 2677 2678 2692 2691 
2242 2678 2679 2693 2692 
2243 2679 2680 2694 2693 
2244 2680 2681 2695 2694 
2245 2681 2682 2696 2695 
2246 2682 2683 2697 2696 
2247 2683 2684 2698 2697 
2248 2684 2685 2699 2698 
2249 2685 2686 2700 2699 
2250 2686 2687 2701 2700 
2251 2687 2688 2702 2701 
2252 2688 453 454 2702 
2253 228 2689 2703 229 
2254 2689 2690 2704 2703 
2255 2690 2691 2705 2704 
2256 2691 2692 2706 2705 
2257 2692 2693 2707 2706 
2258 2693 2694 2708 2707 
2259 2694 2695 2709 2708 
2260 2695 2696 2710 2709 
2261 2696 2697 2711 2710 
2262 2697 2698 2712 2711 
2263 2698 2699 2713 2712 
2264 2699 2700 2714 2713 
2265 2700 2701 2715 2714 
2266 2701 2702 2716 2715 
2267 2702 454 455 2716 
2268 229 2703 2717 230 
2269 2703 2704 2718 2717 
2270 2704 2705 2719 2718 
2271 2705 2706 2720 2719 
2272 2706 2707 2721 2720 
2273 2707 2708 2722 2721 
2274 2708 2709 2723 2722 
2275 2709 2710 2724 2723 
2276 2710 2711 2725 2724 
2277 2711 2712 2726 2725 
2278 2712 2713 2727 2726 
2279 2713 2714 2728 2727 
2280 2714 2715 2729 2728 
2281 2715 2716 2730 2729 
2282 2716 455 456 2730 
2283 230 2717 2731 231 
2284 2717 2718 2732 2731 
2285 2718 2719 2733 2732 
2286 2719 2720 2734 2733 
2287 2720 2721 2735 2734 
2288 2721 2722 2736 2735 
2289 2722 2723 2737 2736 
2290 2723 2724 2738 2737 
2291 2724 2725 2739 2738 
2292 2725 2726 2740 2739 
2293 2726 2727 2741 2740 
2294 2727 2728 2742 2741 
2295 2728 2729 2743 2742 
2296 2729 2730 2744 2743 
2297 2730 456 457 2744 
2298 231 2731 2745 232 
2299 2731 2732 2746 2745 
2300 2732 2733 2747 2746 
2301 2733 2734 2748 2747 
2302 2734 2735 2749 2748 
2303 2735 2736 2750 2749 
2304 2736 2737 2751 2750 
2305 2737 2738 2752 2751 
2306 2738 2739 2753 2752 
2307 2739 2740 2754 2753 
2308 2740 2741 2755 2754 
2309 2741 2742 2756 2755 
2310 2742 2743 2757 2756 
2311 2743 2744 2758 2757 
2312 2744 457 458 2758 
2313 232 2745 2759 233 
2314 2745 2746 2760 2759 
2315 2746 2747 2761 2760 
2316 2747 2748 2762 2761 
2317 2748 2749 2763 2762 
2318 2749 2750 2764 2763 
2319 2750 2751 2765 2764 
2320 2751 2752 2766 2765 
2321 2752 2753 2767 2766 
2322 2753 2754 2768 2767 
2323 2754 2755 2769 2768 
2324 2755 2756 2770 2769 
2325 2756 2757 2771 2770 
2326 2757 2758 2772 2771 
2327 2758 458 459 2772 
2328 233 2759 2773 234 
2329 2759 2760 2774 2773 
2330 2760 2761 2775 2774 
2331 2761 2762 2776 2775 
2332 2762 2763 2777 2776 
2333 2763 2764 2778 2777 
2334 2764 2765 2779 2778 
2335 2765 2766 2780 2779 
2336 2766 2767 2781 2780 
2337 2767 2768 2782 2781 
2338 2768 2769 2783 2782 
2339 2769 2770 2784 2783 
2340 2770 2771 2785 2784 
2341 2771 2772 2786 2785 
2342 2772 459 460 2786 
2343 234 2773 2787 235 
2344 2773 2774 2788 2787 
2345 2774 2775 2789 2788 
2346 2775 2776 2790 2789 
2347 2776 2777 2791 2790 
2348 2777 2778 2792 2791 
2349 2778 2779 2793 2792 
2350 2779 2780 2794 2793 
2351 2780 2781 2795 2794 
2352 2781 2782 2796 2795 
2353 2782 2783 2797 2796 
2354 2783 2784 2798 2797 
2355 2784 2785 2799 2798 
2356 2785 2786 2800 2799 
2357 2786 460 461 2800 
2358 235 2787 2801 236 
2359 2787 2788 2802 2801 
2360 2788 2789 2803 2802 
2361 2789 2790 2804 2803 
2362 2790 2791 2805 2804 
2363 2791 2792 2806 2805 
2364 2792 2793 2807 2806 
2365 2793 2794 2808 2807 
2366 2794 2795 2809 2808 
2367 2795 2796 2810 2809 
2368 2796 2797 2811 2810 
2369 2797 2798 2812 2811 
2370 2798 2799 2813 2812 
2371 2799 2800 2814 2813 
2372 2800 461 462 2814 
2373 236 2801 2815 237 
2374 2801 2802 2816 2815 
2375 2802 2803 2817 2816 
2376 2803 2804 2818 2817 
2377 2804 2805 2819 2818 
2378 2805 2806 2820 2819 
2379 2806 2807 2821 2820 
2380 2807 2808 2822 2821 
2381 2808 2809 2823 2822 
2382 2809 2810 2824 2823 
2383 2810 2811 2825 2824 
2384 2811 2812 2826 2825 
2385 2812 2813 2827 2826 
2386 2813 2814 2828 2827 
2387 2814 462 463 2828 
2388 237 2815 2829 238 
2389 2815 2816 2830 2829 
2390 2816 2817 2831 2830 
2391 2817 2818 2832 2831 
2392 2818 2819 2833 2832 
2393 2819 2820 2834 2833 
2394 2820 2821 2835 2834 
2395 2821 2822 2836 2835 
2396 2822 2823 2837 2836 
2397 2823 2824 2838 2837 
2398 2824 2825 2839 2838 
2399 2825 2826 2840 2839 
2400 2826 2827 2841 2840 
2401 2827 2828 2842 2841 
2402 2828 463 464 2842 
2403 238 2829 2843 239 
2404 2829 2830 2844 2843 
2405 2830 2831 2845 2844 
2406 2831 2832 2846 2845 
2407 2832 2833 2847 2846 
2408 2833 2834 2848 2847 
2409 2834 2835 2849 2848 
2410 2835 2836 2850 2849 
2411 2836 2837 2851 2850 
2412 2837 2838 2852 2851 
2413 2838 2839 2853 2852 
2414 2839 2840 2854 2853 
2415 2840 2841 2855 2854 
2416 2841 2842 2856 2855 
2417 2842 464 465 2856 
2418 239 2843 2857 240 
2419 2843 2844 2858 2857 
2420 2844 2845 2859 2858 
2421 2845 2846 2860 2859 
2422 2846 2847 2861 2860 
2423 2847 2848 2862 2861 
2424 2848 2849 2863 2862 
2425 2849 2850 2864 2863 
2426 2850 2851 2865 2864 
2427 2851 2852 2866 2865 
2428 2852 2853 2867 2866 
2429 2853 2854 2868 2867 
2430 2854 2855 2869 2868 
2431 2855 2856 2870 2869 
2432 2856 465 466 2870 
2433 240 2857 2871 241 
2434 2857 2858 2872 2871 
2435 2858 2859 2873 2872 
2436 2859 2860 2874 2873 
2437 2860 2861 2875 2874 
2438 2861 2862 2876 2875 
2439 2862 2863 2877 2876 
2440 2863 2864 2878 2877 
2441 2864 2865 2879 2878 
2442 2865 2866 2880 2879 
2443 2866 2867 2881 2880 
2444 2867 2868 2882 2881 
2445 2868 2869 2883 2882 
2446 2869 2870 2884 2883 
2447 2870 466 467 2884 
2448 241 2871 2885 242 
2449 2871 2872 2886 2885 
2450 2872 2873 2887 2886 
2451 2873 2874 2888 2887 
2452 2874 2875 2889 2888 
2453 2875 2876 2890 2889 
2454 2876 2877 2891 2890 
2455 2877 2878 2892 2891 
2456 2878 2879 2893 2892 
2457 2879 2880 2894 2893 
2458 2880 2881 2895 2894 
2459 2881 2882 2896 2895 
2460 2882 2883 2897 2896 
2461 2883 2884 2898 2897 
2462 2884 467 468 2898 
2463 242 2885 2899 243 
2464 2885 2886 2900 2899 
2465 2886 2887 2901 2900 
2466 2887 2888 2902 2901 
2467 2888 2889 2903 2902 
2468 2889 2890 2904 2903 
2469 2890 2891 2905 2904 
2470 2891 2892 2906 2905 
2471 2892 2893 2907 2906 
2472 2893 2894 2908 2907 
2473 2894 2895 2909 2908 
2474 2895 2896 2910 2909 
2475 2896 2897 2911 2910 
2476 2897 2898 2912 2911 
2477 2898 468 469 2912 
2478 243 2899 2913 244 
2479 2899 2900 2914 2913 
2480 2900 2901 2915 2914 
2481 2901 2902 2916 2915 
2482 2902 2903 2917 2916 
2483 2903 2904 2918 2917 
2484 2904 2905 2919 2918 
2485 2905 2906 2920 2919 
2486 2906 2907 2921 2920 
2487 2907 2908 2922 2921 
2488 2908 2909 2923 2922 
2489 2909 2910 2924 2923 
2490 2910 2911 2925 2924 
2491 2911 2912 2926 2925 
2492 2912 469 470 2926 
2493 244 2913 2927 245 
2494 2913 2914 2928 2927 
2495 2914 2915 2929 2928 
2496 2915 2916 2930 2929 
2497 2916 2917 2931 2930 
2498 2917 2918 2932 2931 
2499 2918 2919 2933 2932 
2500 2919 2920 2934 2933 
2501 2920 2921 2935 2934 
2502 2921 2922 2936 2935 
2503 2922 2923 2937 2936 
2504 2923 2924 2938 2937 
2505 2924 2925 2939 2938 
2506 2925 2926 2940 2939 
2507 2926 470 471 2940 
2508 245 2927 2941 246 
2509 2927 2928 2942 2941 
2510 2928 2929 2943 2942 
2511 2929 2930 2944 2943 
2512 2930 2931 2945 2944 
2513 2931 2932 2946 2945 
2514 2932 2933 2947 2946 
2515 2933 2934 2948 2947 
2516 2934 2935 2949 2948 
2517 2935 2936 2950 2949 
2518 2936 2937 2951 2950 
2519 2937 2938 2952 2951 
2520 2938 2939 2953 2952 
2521 2939 2940 2954 2953 
2522 2940 471 472 2954 
2523 246 2941 2955 247 
2524 2941 2942 2956 2955 
2525 2942 2943 2957 2956 
2526 2943 2944 2958 2957 
2527 2944 2945 2959 2958 
2528 2945 2946 2960 2959 
2529 2946 2947 2961 2960 
2530 2947 2948 2962 2961 
2531 2948 2949 2963 2962 
2532 2949 2950 2964 2963 
2533 2950 2951 2965 2964 
2534 2951 2952 2966 2965 
2535 2952 2953 2967 2966 
2536 2953 2954 2968 2967 
2537 2954 472 473 2968 
2538 247 2955 2969 248 
2539 2955 2956 2970 2969 
2540 2956 2957 2971 2970 
2541 2957 2958 2972 2971 
2542 2958 2959 2973 2972 
2543 2959 2960 2974 2973 
2544 2960 2961 2975 2974 
2545 2961 2962 2976 2975 
2546 2962 2963 2977 2976 
2547 2963 2964 2978 2977 
2548 2964 2965 2979 2978 
2549 2965 2966 2980 2979 
2550 2966 2967 2981 2980 
2551 2967 2968 2982 2981 
2552 2968 473 474 2982 
2553 248 2969 2983 249 
2554 2969 2970 2984 2983 
2555 2970 2971 2985 2984 
2556 2971 2972 2986 2985 
2557 2972 2973 2987 2986 
2558 2973 2974 2988 2987 
2559 2974 2975 2989 2988 
2560 2975 2976 2990 2989 
2561 2976 2977 2991 2990 
2562 2977 2978 2992 2991 
2563 2978 2979 2993 2992 
2564 2979 2980 2994 2993 
2565 2980 2981 2995 2994 
2566 2981 2982 2996 2995 
2567 2982 474 475 2996 
2568 249 2983 2997 250 
2569 2983 2984 2998 2997 
2570 2984 2985 2999 2998 
2571 2985 2986 3000 2999 
2572 2986 2987 3001 3000 
2573 2987 2988 3002 3001 
2574 2988 2989 3003 3002 
2575 2989 2990 3004 3003 
2576 2990 2991 3005 3004 
2577 2991 2992 3006 3005 
2578 2992 2993 3007 3006 
2579 2993 2994 3008 3007 
2580 2994 2995 3009 3008 
2581 2995 2996 3010 3009 
2582 2996 475 476 3010 
2583 250 2997 3011 251 
2584 2997 2998 3012 3011 
2585 2998 2999 3013 3012 
2586 2999 3000 3014 3013 
2587 3000 3001 3015 3014 
2588 3001 3002 3016 3015 
2589 3002 3003 3017 3016 
2590 3003 3004 3018 3017 
2591 3004 3005 3019 3018 
2592 3005 3006 3020 3019 
2593 3006 3007 3021 3020 
2594 3007 3008 3022 3021 
2595 3008 3009 3023 3022 
2596 3009 3010 3024 3023 
2597 3010 476 477 3024 
2598 251 3011 3025 252 
2599 3011 3012 3026 3025 
2600 3012 3013 3027 3026 
2601 3013 3014 3028 3027 
2602 3014 3015 3029 3028 
2603 3015 3016 3030 3029 
2604 3016 3017 3031 3030 
2605 3017 3018 3032 3031 
2606 3018 3019 3033 3032 
2607 3019 3020 3034 3033 
2608 3020 3021 3035 3034 
2609 3021 3022 3036 3035 
2610 3022 3023 3037 3036 
2611 3023 3024 3038 3037 
2612 3024 477 478 3038 
2613 252 3025 3039 253 
2614 3025 3026 3040 3039 
2615 3026 3027 3041 3040 
2616 3027 3028 3042 3041 
2617 3028 3029 3043 3042 
2618 3029 3030 3044 3043 
2619 3030 3031 3045 3044 
2620 3031 3032 3046 3045 
2621 3032 3033 3047 3046 
2622 3033 3034 3048 3047 
2623 3034 3035 3049 3048 
2624 3035 3036 3050 3049 
2625 3036 3037 3051 3050 
2626 3037 3038 3052 3051 
2627 3038 478 479 3052 
2628 253 3039 3053 254 
2629 3039 3040 3054 3053 
2630 3040 3041 3055 3054 
2631 3041 3042 3056 3055 
2632 3042 3043 3057 3056 
2633 3043 3044 3058 3057 
2634 3044 3045 3059 3058 
2635 3045 3046 3060 3059 
2636 3046 3047 3061 3060 
2637 3047 3048 3062 3061 
2638 3048 3049 3063 3062 
2639 3049 3050 3064 3063 
2640 3050 3051 3065 3064 
2641 3051 3052 3066 3065 
2642 3052 479 480 3066 
2643 254 3053 3067 255 
2644 3053 3054 3068 3067 
2645 3054 3055 3069 3068 
2646 3055 3056 3070 3069 
2647 3056 3057 3071 3070 
2648 3057 3058 3072 3071 
2649 3058 3059 3073 3072 
2650 3059 3060 3074 3073 
2651 3060 3061 3075 3074 
2652 3061 3062 3076 3075 
2653 3062 3063 3077 3076 
2654 3063 3064 3078 3077 
2655 3064 3065 3079 3078 
2656 3065 3066 3080 3079 
2657 3066 480 481 3080 
2658 255 3067 3081 256 
2659 3067 3068 3082 3081 
2660 3068 3069 3083 3082 
2661 3069 3070 3084 3083 
2662 3070 3071 3085 3084 
2663 3071 3072 3086 3085 
2664 3072 3073 3087 3086 
2665 3073 3074 3088 3087 
2666 3074 3075 3089 3088 
2667 3075 3076 3090 3089 
2668 3076 3077 3091 3090 
2669 3077 3078 3092 3091 
2670 3078 3079 3093 3092 
2671 3079 3080 3094 3093 
2672 3080 481 482 3094 
2673 256 3081 3095 257 
2674 3081 3082 3096 3095 
2675 3082 3083 3097 3096 
2676 3083 3084 3098 3097 
2677 3084 3085 3099 3098 
2678 3085 3086 3100 3099 
2679 3086 3087 3101 3100 
2680 3087 3088 3102 3101 
2681 3088 3089 3103 3102 
2682 3089 3090 3104 3103 
2683 3090 3091 3105 3104 
2684 3091 3092 3106 3105 
2685 3092 3093 3107 3106 
2686 3093 3094 3108 3107 
2687 3094 482 483 3108 
2688 257 3095 3109 258 
2689 3095 3096 3110 3109 
2690 3096 3097 3111 3110 
2691 3097 3098 3112 3111 
2692 3098 3099 3113 3112 
2693 3099 3100 3114 3113 
2694 3100 3101 3115 3114 
2695 3101 3102 3116 3115 
2696 3102 3103 3117 3116 
2697 3103 3104 3118 3117 
2698 3104 3105 3119 3118 
2699 3105 3106 3120 3119 
2700 3106 3107 3121 3120 
2701 3107 3108 3122 3121 
2702 3108 483 484 3122 
2703 258 3109 3123 259 
2704 3109 3110 3124 3123 
2705 3110 3111 3125 3124 
2706 3111 3112 3126 3125 
2707 3112 3113 3127 3126 
2708 3113 3114 3128 3127 
2709 3114 3115 3129 3128 
2710 3115 3116 3130 3129 
2711 3116 3117 3131 3130 
2712 3117 3118 3132 3131 
2713 3118 3119 3133 3132 
2714 3119 3120 3134 3133 
2715 3120 3121 3135 3134 
2716 3121 3122 3136 3135 
2717 3122 484 485 3136 
2718 259 3123 3137 260 
2719 3123 3124 3138 3137 
2720 3124 3125 3139 3138 
2721 3125 3126 3140 3139 
2722 3126 3127 3141 3140 
2723 3127 3128 3142 3141 
2724 3128 3129 3143 3142 
2725 3129 3130 3144 3143 
2726 3130 3131 3145 3144 
2727 3131 3132 3146 3145 
2728 3132 3133 3147 3146 
2729 3133 3134 3148 3147 
2730 3134 3135 3149 3148 
2731 3135 3136 3150 3149 
2732 3136 485 486 3150 
2733 260 3137 3151 261 
2734 3137 3138 3152 3151 
2735 3138 3139 3153 3152 
2736 3139 3140 3154 3153 
2737 3140 3141 3155 3154 
2738 3141 3142 3156 3155 
2739 3142 3143 3157 3156 
2740 3143 3144 3158 3157 
2741 3144 3145 3159 3158 
2742 3145 3146 3160 3159 
2743 3146 3147 3161 3160 
2744 3147 3148 3162 3161 
2745 3148 3149 3163 3162 
2746 3149 3150 3164 3163 
2747 3150 486 487 3164 
2748 261 3151 3165 262 
2749 3151 3152 3166 3165 
2750 3152 3153 3167 3166 
2751 3153 3154 3168 3167 
2752 3154 3155 3169 3168 
2753 3155 3156 3170 3169 
2754 3156 3157 3171 3170 
2755 3157 3158 3172 3171 
2756 3158 3159 3173 3172 
2757 3159 3160 3174 3173 
2758 3160 3161 3175 3174 
2759 3161 3162 3176 3175 
2760 3162 3163 3177 3176 
2761 3163 3164 3178 3177 
2762 3164 487 488 3178 
2763 262 3165 3179 263 
2764 3165 3166 3180 3179 
2765 3166 3167 3181 3180 
2766 3167 3168 3182 3181 
2767 3168 3169 3183 3182 
2768 3169 3170 3184 3183 
2769 3170 3171 3185 3184 
2770 3171 3172 3186 3185 
2771 3172 3173 3187 3186 
2772 3173 3174 3188 3187 
2773 3174 3175 3189 3188 
2774 3175 3176 3190 3189 
2775 3176 3177 3191 3190 
2776 3177 3178 3192 3191 
2777 3178 488 489 3192 
2778 263 3179 3193 264 
2779 3179 3180 3194 3193 
2780 3180 3181 3195 3194 
2781 3181 3182 3196 3195 
2782 3182 3183 3197 3196 
2783 3183 3184 3198 3197 
2784 3184 3185 3199 3198 
2785 3185 3186 3200 3199 
2786 3186 3187 3201 3200 
2787 3187 3188 3202 3201 
2788 3188 3189 3203 3202 
2789 3189 3190 3204 3203 
2790 3190 3191 3205 3204 
2791 3191 3192 3206 3205 
2792 3192 489 490 3206 
2793 264 3193 3207 265 
2794 3193 3194 3208 3207 
2795 3194 3195 3209 3208 
2796 3195 3196 3210 3209 
2797 3196 3197 3211 3210 
2798 3197 3198 3212 3211 
2799 3198 3199 3213 3212 
2800 3199 3200 3214 3213 
2801 3200 3201 3215 3214 
2802 3201 3202 3216 3215 
2803 3202 3203 3217 3216 
2804 3203 3204 3218 3217 
2805 3204 3205 3219 3218 
2806 3205 3206 3220 3219 
2807 3206 490 491 3220 
2808 265 3207 3221 266 
2809 3207 3208 3222 3221 
2810 3208 3209 3223 3222 
2811 3209 3210 3224 3223 
2812 3210 3211 3225 3224 
2813 3211 3212 3226 3225 
2814 3212 3213 3227 3226 
2815 3213 3214 3228 3227 
2816 3214 3215 3229 3228 
2817 3215 3216 3230 3229 
2818 3216 3217 3231 3230 
2819 3217 3218 3232 3231 
2820 3218 3219 3233 3232 
2821 3219 3220 3234 3233 
2822 3220 491 492 3234 
2823 266 3221 3235 267 
2824 3221 3222 3236 3235 
2825 3222 3223 3237 3236 
2826 3223 3224 3238 3237 
2827 3224 3225 3239 3238 
2828 3225 3226 3240 3239 
2829 3226 3227 3241 3240 
2830 3227 3228 3242 3241 
2831 3228 3229 3243 3242 
2832 3229 3230 3244 3243 
2833 3230 3231 3245 3244 
2834 3231 3232 3246 3245 
2835 3232 3233 3247 3246 
2836 3233 3234 3248 3247 
2837 3234 492 493 3248 
2838 267 3235 3249 268 
2839 3235 3236 3250 3249 
2840 3236 3237 3251 3250 
2841 3237 3238 3252 3251 
2842 3238 3239 3253 3252 
2843 3239 3240 3254 3253 
2844 3240 3241 3255 3254 
2845 3241 3242 3256 3255 
2846 3242 3243 3257 3256 
2847 3243 3244 3258 3257 
2848 3244 3245 3259 3258 
2849 3245 3246 3260 3259 
2850 3246 3247 3261 3260 
2851 3247 3248 3262 3261 
2852 3248 493 494 3262 
2853 268 3249 3263 269 
2854 3249 3250 3264 3263 
2855 3250 3251 3265 3264 
2856 3251 3252 3266 3265 
2857 3252 3253 3267 3266 
2858 3253 3254 3268 3267 
2859 3254 3255 3269 3268 
2860 3255 3256 3270 3269 
2861 3256 3257 3271 3270 
2862 3257 3258 3272 3271 
2863 3258 3259 3273 3272 
2864 3259 3260 3274 3273 
2865 3260 3261 3275 3274 
2866 3261 3262 3276 3275 
2867 3262 494 495 3276 
2868 269 3263 3277 270 
2869 3263 3264 3278 3277 
2870 3264 3265 3279 3278 
2871 3265 3266 3280 3279 
2872 3266 3267 3281 3280 
2873 3267 3268 3282 3281 
2874 3268 3269 3283 3282 
2875 3269 3270 3284 3283 
2876 3270 3271 3285 3284 
2877 3271 3272 3286 3285 
2878 3272 3273 3287 3286 
2879 3273 3274 3288 3287 
2880 3274 3275 3289 3288 
2881 3275 3276 3290 3289 
2882 3276 495 496 3290 
2883 270 3277 3291 271 
2884 3277 3278 3292 3291 
2885 3278 3279 3293 3292 
2886 3279 3280 3294 3293 
2887 3280 3281 3295 3294 
2888 3281 3282 3296 3295 
2889 3282 3283 3297 3296 
2890 3283 3284 3298 3297 
2891 3284 3285 3299 3298 
2892 3285 3286 3300 3299 
2893 3286 3287 3301 3300 
2894 3287 3288 3302 3301 
2895 3288 3289 3303 3302 
2896 3289 3290 3304 3303 
2897 3290 496 497 3304 
2898 271 3291 3305 272 
2899 3291 3292 3306 3305 
2900 3292 3293 3307 3306 
2901 3293 3294 3308 3307 
2902 3294 3295 3309 3308 
2903 3295 3296 3310 3309 
2904 3296 3297 3311 3310 
2905 3297 3298 3312 3311 
2906 3298 3299 3313 3312 
2907 3299 3300 3314 3313 
2908 3300 3301 3315 3314 
2909 3301 3302 3316 3315 
2910 3302 3303 3317 3316 
2911 3303 3304 3318 3317 
2912 3304 497 498 3318 
2913 272 3305 3319 273 
2914 3305 3306 3320 3319 
2915 3306 3307 3321 3320 
2916 3307 3308 3322 3321 
2917 3308 3309 3323 3322 
2918 3309 3310 3324 3323 
2919 3310 3311 3325 3324 
2920 3311 3312 3326 3325 
2921 3312 3313 3327 3326 
2922 3313 3314 3328 3327 
2923 3314 3315 3329 3328 
2924 3315 3316 3330 3329 
2925 3316 3317 3331 3330 
2926 3317 3318 3332 3331 
2927 3318 498 499 3332 
2928 273 3319 3333 274 
2929 3319 3320 3334 3333 
2930 3320 3321 3335 3334 
2931 3321 3322 3336 3335 
2932 3322 3323 3337 3336 
2933 3323 3324 3338 3337 
2934 3324 3325 3339 3338 
2935 3325 3326 3340 3339 
2936 3326 3327 3341 3340 
2937 3327 3328 3342 3341 
2938 3328 3329 3343 3342 
2939 3329 3330 3344 3343 
2940 3330 3331 3345 3344 
2941 3331 3332 3346 3345 
2942 3332 499 500 3346 
2943 274 3333 3347 275 
2944 3333 3334 3348 3347 
2945 3334 3335 3349 3348 
2946 3335 3336 3350 3349 
2947 3336 3337 3351 3350 
2948 3337 3338 3352 3351 
2949 3338 3339 3353 3352 
2950 3339 3340 3354 3353 
2951 3340 3341 3355 3354 
2952 3341 3342 3356 3355 
2953 3342 3343 3357 3356 
2954 3343 3344 3358 3357 
2955 3344 3345 3359 3358 
2956 3345 3346 3360 3359 
2957 3346 500 501 3360 
2958 275 3347 3361 276 
2959 3347 3348 3362 3361 
2960 3348 3349 3363 3362 
2961 3349 3350 3364 3363 
2962 3350 3351 3365 3364 
2963 3351 3352 3366 3365 
2964 3352 3353 3367 3366 
2965 3353 3354 3368 3367 
2966 3354 3355 3369 3368 
2967 3355 3356 3370 3369 
2968 3356 3357 3371 3370 
2969 3357 3358 3372 3371 
2970 3358 3359 3373 3372 
2971 3359 3360 3374 3373 
2972 3360 501 502 3374 
2973 276 3361 3375 277 
2974 3361 3362 3376 3375 
2975 3362 3363 3377 3376 
2976 3363 3364 3378 3377 
2977 3364 3365 3379 3378 
2978 3365 3366 3380 3379 
2979 3366 3367 3381 3380 
2980 3367 3368 3382 3381 
2981 3368 3369 3383 3382 
2982 3369 3370 3384 3383 
2983 3370 3371 3385 3384 
2984 3371 3372 3386 3385 
2985 3372 3373 3387 3386 
2986 3373 3374 3388 3387 
2987 3374 502 503 3388 
2988 277 3375 3389 278 
2989 3375 3376 3390 3389 
2990 3376 3377 3391 3390 
2991 3377 3378 3392 3391 
2992 3378 3379 3393 3392 
2993 3379 3380 3394 3393 
2994 3380 3381 3395 3394 
2995 3381 3382 3396 3395 
2996 3382 3383 3397 3396 
2997 3383 3384 3398 3397 
2998 3384 3385 3399 3398 
2999 3385 3386 3400 3399 
3000 3386 3387 3401 3400 
3001 3387 3388 3402 3401 
3002 3388 503 504 3402 
3003 278 3389 3403 279 
3004 3389 3390 3404 3403 
3005 3390 3391 3405 3404 
3006 3391 3392 3406 3405 
3007 3392 3393 3407 3406 
3008 3393 3394 3408 3407 
3009 3394 3395 3409 3408 
3010 3395 3396 3410 3409 
3011 3396 3397 3411 3410 
3012 3397 3398 3412 3411 
3013 3398 3399 3413 3412 
3014 3399 3400 3414 3413 
3015 3400 3401 3415 3414 
3016 3401 3402 3416 3415 
3017 3402 504 505 3416 
3018 279 3403 3417 280 
3019 3403 3404 3418 3417 
3020 3404 3405 3419 3418 
3021 3405 3406 3420 3419 
3022 3406 3407 3421 3420 
3023 3407 3408 3422 3421 
3024 3408 3409 3423 3422 
3025 3409 3410 3424 3423 
3026 3410 3411 3425 3424 
3027 3411 3412 3426 3425 
3028 3412 3413 3427 3426 
3029 3413 3414 3428 3427 
3030 3414 3415 3429 3428 
3031 3415 3416 3430 3429 
3032 3416 505 506 3430 
3033 280 3417 3431 281 
3034 3417 3418 3432 3431 
3035 3418 3419 3433 3432 
3036 3419 3420 3434 3433 
3037 3420 3421 3435 3434 
3038 3421 3422 3436 3435 
3039 3422 3423 3437 3436 
3040 3423 3424 3438 3437 
3041 3424 3425 3439 3438 
3042 3425 3426 3440 3439 
3043 3426 3427 3441 3440 
3044 3427 3428 3442 3441 
3045 3428 3429 3443 3442 
3046 3429 3430 3444 3443 
3047 3430 506 507 3444 
3048 281 3431 3445 282 
3049 3431 3432 3446 3445 
3050 3432 3433 3447 3446 
3051 3433 3434 3448 3447 
3052 3434 3435 3449 3448 
3053 3435 3436 3450 3449 
3054 3436 3437 3451 3450 
3055 3437 3438 3452 3451 
3056 3438 3439 3453 3452 
3057 3439 3440 3454 3453 
3058 3440 3441 3455 3454 
3059 3441 3442 3456 3455 
3060 3442 3443 3457 3456 
3061 3443 3444 3458 3457 
3062 3444 507 508 3458 
3063 282 3445 3459 283 
3064 3445 3446 3460 3459 
3065 3446 3447 3461 3460 
3066 3447 3448 3462 3461 
3067 3448 3449 3463 3462 
3068 3449 3450 3464 3463 
3069 3450 3451 3465 3464 
3070 3451 3452 3466 3465 
3071 3452 3453 3467 3466 
3072 3453 3454 3468 3467 
3073 3454 3455 3469 3468 
3074 3455 3456 3470 3469 
3075 3456 3457 3471 3470 
3076 3457 3458 3472 3471 
3077 3458 508 509 3472 
3078 283 3459 3473 284 
3079 3459 3460 3474 3473 
3080 3460 3461 3475 3474 
3081 3461 3462 3476 3475 
3082 3462 3463 3477 3476 
3083 3463 3464 3478 3477 
3084 3464 3465 3479 3478 
3085 3465 3466 3480 3479 
3086 3466 3467 3481 3480 
3087 3467 3468 3482 3481 
3088 3468 3469 3483 3482 
3089 3469 3470 3484 3483 
3090 3470 3471 3485 3484 
3091 3471 3472 3486 3485 
3092 3472 509 510 3486 
3093 284 3473 3487 285 
3094 3473 3474 3488 3487 
3095 3474 3475 3489 3488 
3096 3475 3476 3490 3489 
3097 3476 3477 3491 3490 
3098 3477 3478 3492 3491 
3099 3478 3479 3493 3492 
3100 3479 3480 3494 3493 
3101 3480 3481 3495 3494 
3102 3481 3482 3496 3495 
3103 3482 3483 3497 3496 
3104 3483 3484 3498 3497 
3105 3484 3485 3499 3498 
3106 3485 3486 3500 3499 
3107 3486 510 511 3500 
3108 285 3487 3501 286 
3109 3487 3488 3502 3501 
3110 3488 3489 3503 3502 
3111 3489 3490 3504 3503 
3112 3490 3491 3505 3504 
3113 3491 3492 3506 3505 
3114 3492 3493 3507 3506 
3115 3493 3494 3508 3507 
3116 3494 3495 3509 3508 
3117 3495 3496 3510 3509 
3118 3496 3497 3511 3510 
3119 3497 3498 3512 3511 
3120 3498 3499 3513 3512 
3121 3499 3500 3514 3513 
3122 3500 511 512 3514 
3123 286 3501 3515 287 
3124 3501 3502 3516 3515 
3125 3502 3503 3517 3516 
3126 3503 3504 3518 3517 
3127 3504 3505 3519 3518 
3128 3505 3506 3520 3519 
3129 3506 3507 3521 3520 
3130 3507 3508 3522 3521 
3131 3508 3509 3523 3522 
3132 3509 3510 3524 3523 
3133 3510 3511 3525 3524 
3134 3511 3512 3526 3525 
3135 3512 3513 3527 3526 
3136 3513 3514 3528 3527 
3137 3514 512 513 3528 
3138 287 3515 3529 288 
3139 3515 3516 3530 3529 
3140 3516 3517 3531 3530 
3141 3517 3518 3532 3531 
3142 3518 3519 3533 3532 
3143 3519 3520 3534 3533 
3144 3520 3521 3535 3534 
3145 3521 3522 3536 3535 
3146 3522 3523 3537 3536 
3147 3523 3524 3538 3537 
3148 3524 3525 3539 3538 
3149 3525 3526 3540 3539 
3150 3526 3527 3541 3540 
3151 3527 3528 3542 3541 
3152 3528 513 514 3542 
3153 288 3529 3543 289 
3154 3529 3530 3544 3543 
3155 3530 3531 3545 3544 
3156 3531 3532 3546 3545 
3157 3532 3533 3547 3546 
3158 3533 3534 3548 3547 
3159 3534 3535 3549 3548 
3160 3535 3536 3550 3549 
3161 3536 3537 3551 3550 
3162 3537 3538 3552 3551 
3163 3538 3539 3553 3552 
3164 3539 3540 3554 3553 
3165 3540 3541 3555 3554 
3166 3541 3542 3556 3555 
3167 3542 514 515 3556 
3168 289 3543 3557 290 
3169 3543 3544 3558 3557 
3170 3544 3545 3559 3558 
3171 3545 3546 3560 3559 
3172 3546 3547 3561 3560 
3173 3547 3548 3562 3561 
3174 3548 3549 3563 3562 
3175 3549 3550 3564 3563 
3176 3550 3551 3565 3564 
3177 3551 3552 3566 3565 
3178 3552 3553 3567 3566 
3179 3553 3554 3568 3567 
3180 3554 3555 3569 3568 
3181 3555 3556 3570 3569 
3182 3556 515 516 3570 
3183 290 3557 3571 291 
3184 3557 3558 3572 3571 
3185 3558 3559 3573 3572 
3186 3559 3560 3574 3573 
3187 3560 3561 3575 3574 
3188 3561 3562 3576 3575 
3189 3562 3563 3577 3576 
3190 3563 3564 3578 3577 
3191 3564 3565 3579 3578 
3192 3565 3566 3580 3579 
3193 3566 3567 3581 3580 
3194 3567 3568 3582 3581 
3195 3568 3569 3583 3582 
3196 3569 3570 3584 3583 
3197 3570 516 517 3584 
3198 291 3571 3585 292 
3199 3571 3572 3586 3585 
3200 3572 3573 3587 3586 
3201 3573 3574 3588 3587 
3202 3574 3575 3589 3588 
3203 3575 3576 3590 3589 
3204 3576 3577 3591 3590 
3205 3577 3578 3592 3591 
3206 3578 3579 3593 3592 
3207 3579 3580 3594 3593 
3208 3580 3581 3595 3594 
3209 3581 3582 3596 3595 
3210 3582 3583 3597 3596 
3211 3583 3584 3598 3597 
3212 3584 517 518 3598 
3213 292 3585 3599 293 
3214 3585 3586 3600 3599 
3215 3586 3587 3601 3600 
3216 3587 3588 3602 3601 
3217 3588 3589 3603 3602 
3218 3589 3590 3604 3603 
3219 3590 3591 3605 3604 
3220 3591 3592 3606 3605 
3221 3592 3593 3607 3606 
3222 3593 3594 3608 3607 
3223 3594 3595 3609 3608 
3224 3595 3596 3610 3609 
3225 3596 3597 3611 3610 
3226 3597 3598 3612 3611 
3227 3598 518 519 3612 
3228 293 3599 3613 294 
3229 3599 3600 3614 3613 
3230 3600 3601 3615 3614 
3231 3601 3602 3616 3615 
3232 3602 3603 3617 3616 
3233 3603 3604 3618 3617 
3234 3604 3605 3619 3618 
3235 3605 3606 3620 3619 
3236 3606 3607 3621 3620 
3237 3607 3608 3622 3621 
3238 3608 3609 3623 3622 
3239 3609 3610 3624 3623 
3240 3610 3611 3625 3624 
3241 3611 3612 3626 3625 
3242 3612 519 520 3626 
3243 294 3613 3627 295 
3244 3613 3614 3628 3627 
3245 3614 3615 3629 3628 
3246 3615 3616 3630 3629 
3247 3616 3617 3631 3630 
3248 3617 3618 3632 3631 
3249 3618 3619 3633 3632 
3250 3619 3620 3634 3633 
3251 3620 3621 3635 3634 
3252 3621 3622 3636 3635 
3253 3622 3623 3637 3636 
3254 3623 3624 3638 3637 
3255 3624 3625 3639 3638 
3256 3625 3626 3640 3639 
3257 3626 520 521 3640 
3258 295 3627 3641 296 
3259 3627 3628 3642 3641 
3260 3628 3629 3643 3642 
3261 3629 3630 3644 3643 
3262 3630 3631 3645 3644 
3263 3631 3632 3646 3645 
3264 3632 3633 3647 3646 
3265 3633 3634 3648 3647 
3266 3634 3635 3649 3648 
3267 3635 3636 3650 3649 
3268 3636 3637 3651 3650 
3269 3637 3638 3652 3651 
3270 3638 3639 3653 3652 
3271 3639 3640 3654 3653 
3272 3640 521 522 3654 
3273 296 3641 3655 297 
3274 3641 3642 3656 3655 
3275 3642 3643 3657 3656 
3276 3643 3644 3658 3657 
3277 3644 3645 3659 3658 
3278 3645 3646 3660 3659 
3279 3646 3647 3661 3660 
3280 3647 3648 3662 3661 
3281 3648 3649 3663 3662 
3282 3649 3650 3664 3663 
3283 3650 3651 3665 3664 
3284 3651 3652 3666 3665 
3285 3652 3653 3667 3666 
3286 3653 3654 3668 3667 
3287 3654 522 523 3668 
3288 297 3655 3669 298 
3289 3655 3656 3670 3669 
3290 3656 3657 3671 3670 
3291 3657 3658 3672 3671 
3292 3658 3659 3673 3672 
3293 3659 3660 3674 3673 
3294 3660 3661 3675 3674 
3295 3661 3662 3676 3675 
3296 3662 3663 3677 3676 
3297 3663 3664 3678 3677 
3298 3664 3665 3679 3678 
3299 3665 3666 3680 3679 
3300 3666 3667 3681 3680 
3301 3667 3668 3682 3681 
3302 3668 523 524 3682 
3303 298 3669 3683 299 
3304 3669 3670 3684 3683 
3305 3670 3671 3685 3684 
3306 3671 3672 3686 3685 
3307 3672 3673 3687 3686 
3308 3673 3674 3688 3687 
3309 3674 3675 3689 3688 
3310 3675 3676 3690 3689 
3311 3676 3677 3691 3690 
3312 3677 3678 3692 3691 
3313 3678 3679 3693 3692 
3314 3679 3680 3694 3693 
3315 3680 3681 3695 3694 
3316 3681 3682 3696 3695 
3317 3682 524 525 3696 
3318 299 3683 3697 300 
3319 3683 3684 3698 3697 
3320 3684 3685 3699 3698 
3321 3685 3686 3700 3699 
3322 3686 3687 3701 3700 
3323 3687 3688 3702 3701 
3324 3688 3689 3703 3702 
3325 3689 3690 3704 3703 
3326 3690 3691 3705 3704 
3327 3691 3692 3706 3705 
3328 3692 3693 3707 3706 
3329 3693 3694 3708 3707 
3330 3694 3695 3709 3708 
3331 3695 3696 3710 3709 
3332 3696 525 526 3710 
3333 300 3697 3711 301 
3334 3697 3698 3712 3711 
3335 3698 3699 3713 3712 
3336 3699 3700 3714 3713 
3337 3700 3701 3715 3714 
3338 3701 3702 3716 3715 
3339 3702 3703 3717 3716 
3340 3703 3704 3718 3717 
3341 3704 3705 3719 3718 
3342 3705 3706 3720 3719 
3343 3706 3707 3721 3720 
3344 3707 3708 3722 3721 
3345 3708 3709 3723 3722 
3346 3709 3710 3724 3723 
3347 3710 526 527 3724 
3348 301 3711 3725 302 
3349 3711 3712 3726 3725 
3350 3712 3713 3727 3726 
3351 3713 3714 3728 3727 
3352 3714 3715 3729 3728 
3353 3715 3716 3730 3729 
3354 3716 3717 3731 3730 
3355 3717 3718 3732 3731 
3356 3718 3719 3733 3732 
3357 3719 3720 3734 3733 
3358 3720 3721 3735 3734 
3359 3721 3722 3736 3735 
3360 3722 3723 3737 3736 
3361 3723 3724 3738 3737 
3362 3724 527 528 3738 
3363 302 3725 3739 303 
3364 3725 3726 3740 3739 
3365 3726 3727 3741 3740 
3366 3727 3728 3742 3741 
3367 3728 3729 3743 3742 
3368 3729 3730 3744 3743 
3369 3730 3731 3745 3744 
3370 3731 3732 3746 3745 
3371 3732 3733 3747 3746 
3372 3733 3734 3748 3747 
3373 3734 3735 3749 3748 
3374 3735 3736 3750 3749 
3375 3736 3737 3751 3750 
3376 3737 3738 3752 3751 
3377 3738 528 529 3752 
3378 303 3739 3753 304 
3379 3739 3740 3754 3753 
3380 3740 3741 3755 3754 
3381 3741 3742 3756 3755 
3382 3742 3743 3757 3756 
3383 3743 3744 3758 3757 
3384 3744 3745 3759 3758 
3385 3745 3746 3760 3759 
3386 3746 3747 3761 3760 
3387 3747 3748 3762 3761 
3388 3748 3749 3763 3762 
3389 3749 3750 3764 3763 
3390 3750 3751 3765 3764 
3391 3751 3752 3766 3765 
3392 3752 529 530 3766 
3393 304 3753 3767 305 
3394 3753 3754 3768 3767 
3395 3754 3755 3769 3768 
3396 3755 3756 3770 3769 
3397 3756 3757 3771 3770 
3398 3757 3758 3772 3771 
3399 3758 3759 3773 3772 
3400 3759 3760 3774 3773 
3401 3760 3761 3775 3774 
3402 3761 3762 3776 3775 
3403 3762 3763 3777 3776 
3404 3763 3764 3778 3777 
3405 3764 3765 3779 3778 
3406 3765 3766 3780 3779 
3407 3766 530 531 3780 
3408 305 3767 3781 306 
3409 3767 3768 3782 3781 
3410 3768 3769 3783 3782 
3411 3769 3770 3784 3783 
3412 3770 3771 3785 3784 
3413 3771 3772 3786 3785 
3414 3772 3773 3787 3786 
3415 3773 3774 3788 3787 
3416 3774 3775 3789 3788 
3417 3775 3776 3790 3789 
3418 3776 3777 3791 3790 
3419 3777 3778 3792 3791 
3420 3778 3779 3793 3792 
3421 3779 3780 3794 3793 
3422 3780 531 532 3794 
3423 306 3781 3795 307 
3424 3781 3782 3796 3795 
3425 3782 3783 3797 3796 
3426 3783 3784 3798 3797 
3427 3784 3785 3799 3798 
3428 3785 3786 3800 3799 
3429 3786 3787 3801 3800 
3430 3787 3788 3802 3801 
3431 3788 3789 3803 3802 
3432 3789 3790 3804 3803 
3433 3790 3791 3805 3804 
3434 3791 3792 3806 3805 
3435 3792 3793 3807 3806 
3436 3793 3794 3808 3807 
3437 3794 532 533 3808 
3438 307 3795 3809 308 
3439 3795 3796 3810 3809 
3440 3796 3797 3811 3810 
3441 3797 3798 3812 3811 
3442 3798 3799 3813 3812 
3443 3799 3800 3814 3813 
3444 3800 3801 3815 3814 
3445 3801 3802 3816 3815 
3446 3802 3803 3817 3816 
3447 3803 3804 3818 3817 
3448 3804 3805 3819 3818 
3449 3805 3806 3820 3819 
3450 3806 3807 3821 3820 
3451 3807 3808 3822 3821 
3452 3808 533 534 3822 
3453 308 3809 3823 309 
3454 3809 3810 3824 3823 
3455 3810 3811 3825 3824 
3456 3811 3812 3826 3825 
3457 3812 3813 3827 3826 
3458 3813 3814 3828 3827 
3459 3814 3815 3829 3828 
3460 3815 3816 3830 3829 
3461 3816 3817 3831 3830 
3462 3817 3818 3832 3831 
3463 3818 3819 3833 3832 
3464 3819 3820 3834 3833 
3465 3820 3821 3835 3834 
3466 3821 3822 3836 3835 
3467 3822 534 535 3836 
3468 309 3823 3837 310 
3469 3823 3824 3838 3837 
3470 3824 3825 3839 3838 
3471 3825 3826 3840 3839 
3472 3826 3827 3841 3840 
3473 3827 3828 3842 3841 
3474 3828 3829 3843 3842 
3475 3829 3830 3844 3843 
3476 3830 3831 3845 3844 
3477 3831 3832 3846 3845 
3478 3832 3833 3847 3846 
3479 3833 3834 3848 3847 
3480 3834 3835 3849 3848 
3481 3835 3836 3850 3849 
3482 3836 535 536 3850 
3483 310 3837 3851 311 
3484 3837 3838 3852 3851 
3485 3838 3839 3853 3852 
3486 3839 3840 3854 3853 
3487 3840 3841 3855 3854 
3488 3841 3842 3856 3855 
3489 3842 3843 3857 3856 
3490 3843 3844 3858 3857 
3491 3844 3845 3859 3858 
3492 3845 3846 3860 3859 
3493 3846 3847 3861 3860 
3494 3847 3848 3862 3861 
3495 3848 3849 3863 3862 
3496 3849 3850 3864 3863 
3497 3850 536 537 3864 
3498 311 3851 3865 312 
3499 3851 3852 3866 3865 
3500 3852 3853 3867 3866 
3501 3853 3854 3868 3867 
3502 3854 3855 3869 3868 
3503 3855 3856 3870 3869 
3504 3856 3857 3871 3870 
3505 3857 3858 3872 3871 
3506 3858 3859 3873 3872 
3507 3859 3860 3874 3873 
3508 3860 3861 3875 3874 
3509 3861 3862 3876 3875 
3510 3862 3863 3877 3876 
3511 3863 3864 3878 3877 
3512 3864 537 538 3878 
3513 312 3865 326 72 
3514 3865 3866 325 326 
3515 3866 3867 324 325 
3516 3867 3868 323 324 
3517 3868 3869 322 323 
3518 3869 3870 321 322 
3519 3870 3871 320 321 
3520 3871 3872 319 320 
3521 3872 3873 318 319 
3522 3873 3874 317 318 
3523 3874 3875 316 317 
3524 3875 3876 315 316 
3525 3876 3877 314 315 
3526 3877 3878 313 314 
3527 3878 538 70 313 
2 6 3 2985
3528 45 46 3879 116 
3529 46 47 3880 3879 
3530 47 48 3881 3880 
3531 48 49 3882 3881 
3532 49 50 3883 3882 
3533 50 51 3884 3883 
3534 51 52 3885 3884 
3535 52 53 3886 3885 
3536 53 54 3887 3886 
3537 54 55 3888 3887 
3538 55 56 3889 3888 
3539 56 57 3890 3889 
3540 57 58 3891 3890 
3541 58 59 3892 3891 
3542 59 60 3893 3892 
3543 60 61 3894 3893 
3544 61 62 3895 3894 
3545 62 63 3896 3895 
3546 63 64 3897 3896 
3547 64 65 3898 3897 
3548 65 66 3899 3898 
3549 66 1 3900 3899 
3550 1 137 3901 3900 
3551 137 138 3902 3901 
3552 138 139 3903 3902 
3553 139 140 3904 3903 
3554 140 141 3905 3904 
3555 141 142 3906 3905 
3556 142 143 3907 3906 
3557 143 144 3908 3907 
3558 144 145 3909 3908 
3559 145 146 3910 3909 
3560 146 147 3911 3910 
3561 147 148 3912 3911 
3562 148 149 3913 3912 
3563 149 150 3914 3913 
3564 150 151 3915 3914 
3565 151 152 3916 3915 
3566 152 153 3917 3916 
3567 153 154 3918 3917 
3568 154 155 3919 3918 
3569 155 156 3920 3919 
3570 156 157 3921 3920 
3571 157 158 3922 3921 
3572 158 159 3923 3922 
3573 159 160 3924 3923 
3574 160 161 3925 3924 
3575 161 162 3926 3925 
3576 162 163 3927 3926 
3577 163 164 3928 3927 
3578 164 165 3929 3928 
3579 165 166 3930 3929 
3580 166 167 3931 3930 
3581 167 168 3932 3931 
3582 168 169 3933 3932 
3583 169 170 3934 3933 
3584 170 171 3935 3934 
3585 171 172 3936 3935 
3586 172 173 3937 3936 
3587 173 174 3938 3937 
3588 174 175 3939 3938 
3589 175 176 3940 3939 
3590 176 177 3941 3940 
3591 177 178 3942 3941 
3592 178 179 3943 3942 
3593 179 180 3944 3943 
3594 180 181 3945 3944 
3595 181 182 3946 3945 
3596 182 183 3947 3946 
3597 183 184 3948 3947 
3598 184 185 3949 3948 
3599 185 186 3950 3949 
3600 186 187 3951 3950 
3601 187 188 3952 3951 
3602 188 189 3953 3952 
3603 189 190 3954 3953 
3604 190 191 3955 3954 
3605 191 192 3956 3955 
3606 192 193 3957 3956 
3607 193 194 3958 3957 
3608 194 195 3959 3958 
3609 195 196 3960 3959 
3610 196 197 3961 3960 
3611 197 198 3962 3961 
3612 198 199 3963 3962 
3613 199 200 3964 3963 
3614 200 201 3965 3964 
3615 201 202 3966 3965 
3616 202 203 3967 3966 
3617 203 204 3968 3967 
3618 204 205 3969 3968 
3619 205 206 3970 3969 
3620 206 207 3971 3970 
3621 207 208 3972 3971 
3622 208 209 3973 3972 
3623 209 210 3974 3973 
3624 210 211 3975 3974 
3625 211 212 3976 3975 
3626 212 213 3977 3976 
3627 213 214 3978 3977 
3628 214 215 3979 3978 
3629 215 216 3980 3979 
3630 216 217 3981 3980 
3631 217 218 3982 3981 
3632 218 219 3983 3982 
3633 219 220 3984 3983 
3634 220 221 3985 3984 
3635 221 222 3986 3985 
3636 222 223 3987 3986 
3637 223 224 3988 3987 
3638 224 225 3989 3988 
3639 225 226 3990 3989 
3640 226 227 3991 3990 
3641 227 228 3992 3991 
3642 228 229 3993 3992 
3643 229 230 3994 3993 
3644 230 231 3995 3994 
3645 231 232 3996 3995 
3646 232 233 3997 3996 
3647 233 234 3998 3997 
3648 234 235 3999 3998 
3649 235 236 4000 3999 
3650 236 237 4001 4000 
3651 237 238 4002 4001 
3652 238 239 4003 4002 
3653 239 240 4004 4003 
3654 240 241 4005 4004 
3655 241 242 4006 4005 
3656 242 243 4007 4006 
3657 243 244 4008 4007 
3658 244 245 4009 4008 
3659 245 246 4010 4009 
3660 246 247 4011 4010 
3661 247 248 4012 4011 
3662 248 249 4013 4012 
3663 249 250 4014 4013 
3664 250 251 4015 4014 
3665 251 252 4016 4015 
3666 252 253 4017 4016 
3667 253 254 4018 4017 
3668 254 255 4019 4018 
3669 255 256 4020 4019 
3670 256 257 4021 4020 
3671 257 258 4022 4021 
3672 258 259 4023 4022 
3673 259 260 4024 4023 
3674 260 261 4025 4024 
3675 261 262 4026 4025 
3676 262 263 4027 4026 
3677 263 264 4028 4027 
3678 264 265 4029 4028 
3679 265 266 4030 4029 
3680 266 267 4031 4030 
3681 267 268 4032 4031 
3682 268 269 4033 4032 
3683 269 270 4034 4033 
3684 270 271 4035 4034 
3685 271 272 4036 4035 
3686 272 273 4037 4036 
3687 273 274 4038 4037 
3688 274 275 4039 4038 
3689 275 276 4040 4039 
3690 276 277 4041 4040 
3691 277 278 4042 4041 
3692 278 279 4043 4042 
3693 279 280 4044 4043 
3694 280 281 4045 4044 
3695 281 282 4046 4045 
3696 282 283 4047 4046 
3697 283 284 4048 4047 
3698 284 285 4049 4048 
3699 285 286 4050 4049 
3700 286 287 4051 4050 
3701 287 288 4052 4051 
3702 288 289 4053 4052 
3703 289 290 4054 4053 
3704 290 291 4055 4054 
3705 291 292 4056 4055 
3706 292 293 4057 4056 
3707 293 294 4058 4057 
3708 294 295 4059 4058 
3709 295 296 4060 4059 
3710 296 297 4061 4060 
3711 297 298 4062 4061 
3712 298 299 4063 4062 
3713 299 300 4064 4063 
3714 300 301 4065 4064 
3715 301 302 4066 4065 
3716 302 303 4067 4066 
3717 303 304 4068 4067 
3718 304 305 4069 4068 
3719 305 306 4070 4069 
3720 306 307 4071 4070 
3721 307 308 4072 4071 
3722 308 309 4073 4072 
3723 309 310 4074 4073 
3724 310 311 4075 4074 
3725 311 312 4076 4075 
3726 312 72 340 4076 
3727 116 3879 4077 115 
3728 3879 3880 4078 4077 
3729 3880 3881 4079 4078 
3730 3881 3882 4080 4079 
3731 3882 3883 4081 4080 
3732 3883 3884 4082 4081 
3733 3884 3885 4083 4082 
3734 3885 3886 4084 4083 
3735 3886 3887 4085 4084 
3736 3887 3888 4086 4085 
3737 3888 3889 4087 4086 
3738 3889 3890 4088 4087 
3739 3890 3891 4089 4088 
3740 3891 3892 4090 4089 
3741 3892 3893 4091 4090 
3742 3893 3894 4092 4091 
3743 3894 3895 4093 4092 
3744 3895 3896 4094 4093 
3745 3896 3897 4095 4094 
3746 3897 3898 4096 4095 
3747 3898 3899 4097 4096 
3748 3899 3900 4098 4097 
3749 3900 3901 4099 4098 
3750 3901 3902 4100 4099 
3751 3902 3903 4101 4100 
3752 3903 3904 4102 4101 
3753 3904 3905 4103 4102 
3754 3905 3906 4104 4103 
3755 3906 3907 4105 4104 
3756 3907 3908 4106 4105 
3757 3908 3909 4107 4106 
3758 3909 3910 4108 4107 
3759 3910 3911 4109 4108 
3760 3911 3912 4110 4109 
3761 3912 3913 4111 4110 
3762 3913 3914 4112 4111 
3763 3914 3915 4113 4112 
3764 3915 3916 4114 4113 
3765 3916 3917 4115 4114 
3766 3917 3918 4116 4115 
3767 3918 3919 4117 4116 
3768 3919 3920 4118 4117 
3769 3920 3921 4119 4118 
3770 3921 3922 4120 4119 
3771 3922 3923 4121 4120 
3772 3923 3924 4122 4121 
3773 3924 3925 4123 4122 
3774 3925 3926 4124 4123 
3775 3926 3927 4125 4124 
3776 3927 3928 4126 4125 
3777 3928 3929 4127 4126 
3778 3929 3930 4128 4127 
3779 3930 3931 4129 4128 
3780 3931 3932 4130 4129 
3781 3932 3933 4131 4130 
3782 3933 3934 4132 4131 
3783 3934 3935 4133 4132 
3784 3935 3936 4134 4133 
3785 3936 3937 4135 4134 
3786 3937 3938 4136 4135 
3787 3938 3939 4137 4136 
3788 3939 3940 4138 4137 
3789 3940 3941 4139 4138 
3790 3941 3942 4140 4139 
3791 3942 3943 4141 4140 
3792 3943 3944 4142 4141 
3793 3944 3945 4143 4142 
3794 3945 3946 4144 4143 
3795 3946 3947 4145 4144 
3796 3947 3948 4146 4145 
3797 3948 3949 4147 4146 
3798 3949 3950 4148 4147 
3799 3950 3951 4149 4148 
3800 3951 3952 4150 4149 
3801 3952 3953 4151 4150 
3802 3953 3954 4152 4151 
3803 3954 3955 4153 4152 
3804 3955 3956 4154 4153 
3805 3956 3957 4155 4154 
3806 3957 3958 4156 4155 
3807 3958 3959 4157 4156 
3808 3959 3960 4158 4157 
3809 3960 3961 4159 4158 
3810 3961 3962 4160 4159 
3811 3962 3963 4161 4160 
3812 3963 3964 4162 4161 
3813 3964 3965 4163 4162 
3814 3965 3966 4164 4163 
3815 3966 3967 4165 4164 
3816 3967 3968 4166 4165 
3817 3968 3969 4167 4166 
3818 3969 3970 4168 4167 
3819 3970 3971 4169 4168 
3820 3971 3972 4170 4169 
3821 3972 3973 4171 4170 
3822 3973 3974 4172 4171 
3823 3974 3975 4173 4172 
3824 3975 3976 4174 4173 
3825 3976 3977 4175 4174 
3826 3977 3978 4176 4175 
3827 3978 3979 4177 4176 
3828 3979 3980 4178 4177 
3829 3980 3981 4179 4178 
3830 3981 3982 4180 4179 
3831 3982 3983 4181 4180 
3832 3983 3984 4182 4181 
3833 3984 3985 4183 4182 
3834 3985 3986 4184 4183 
3835 3986 3987 4185 4184 
3836 3987 3988 4186 4185 
3837 3988 3989 4187 4186 
3838 3989 3990 4188 4187 
3839 3990 3991 4189 4188 
3840 3991 3992 4190 4189 
3841 3992 3993 4191 4190 
3842 3993 3994 4192 4191 
3843 3994 3995 4193 4192 
3844 3995 3996 4194 4193 
3845 3996 3997 4195 4194 
3846 3997 3998 4196 4195 
3847 3998 3999 4197 4196 
3848 3999 4000 4198 4197 
3849 4000 4001 4199 4198 
3850 4001 4002 4200 4199 
3851 4002 4003 4201 4200 
3852 4003 4004 4202 4201 
3853 4004 4005 4203 4202 
3854 4005 4006 4204 4203 
3855 4006 4007 4205 4204 
3856 4007 4008 4206 4205 
3857 4008 4009 4207 4206 
3858 4009 4010 4208 4207 
3859 4010 4011 4209 4208 
3860 4011 4012 4210 4209 
3861 4012 4013 4211 4210 
3862 4013 4014 4212 4211 
3863 4014 4015 4213 4212 
3864 4015 4016 4214 4213 
3865 4016 4017 4215 4214 
3866 4017 4018 4216 4215 
3867 4018 4019 4217 4216 
3868 4019 4020 4218 4217 
3869 4020 4021 4219 4218 
3870 4021 4022 4220 4219 
3871 4022 4023 4221 4220 
3872 4023 4024 4222 4221 
3873 4024 4025 4223 4222 
3874 4025 4026 4224 4223 
3875 4026 4027 4225 4224 
3876 4027 4028 4226 4225 
3877 4028 4029 4227 4226 
3878 4029 4030 4228 4227 
3879 4030 4031 4229 4228 
3880 4031 4032 4230 4229 
3881 4032 4033 4231 4230 
3882 4033 4034 4232 4231 
3883 4034 4035 4233 4232 
3884 4035 4036 4234 4233 
3885 4036 4037 4235 4234 
3886 4037 4038 4236 4235 
3887 4038 4039 4237 4236 
3888 4039 4040 4238 4237 
3889 4040 4041 4239 4238 
3890 4041 4042 4240 4239 
3891 4042 4043 4241 4240 
3892 4043 4044 4242 4241 
3893 4044 4045 4243 4242 
3894 4045 4046 4244 4243 
3895 4046 4047 4245 4244 
3896 4047 4048 4246 4245 
3897 4048 4049 4247 4246 
3898 4049 4050 4248 4247 
3899 4050 4051 4249 4248 
3900 4051 4052 4250 4249 
3901 4052 4053 4251 4250 
3902 4053 4054 4252 4251 
3903 4054 4055 4253 4252 
3904 4055 4056 4254 4253 
3905 4056 4057 4255 4254 
3906 4057 4058 4256 4255 
3907 4058 4059 4257 4256 
3908 4059 4060 4258 4257 
3909 4060 4061 4259 4258 
3910 4061 4062 4260 4259 
3911 4062 4063 4261 4260 
3912 4063 4064 4262 4261 
3913 4064 4065 4263 4262 
3914 4065 4066 4264 4263 
3915 4066 4067 4265 4264 
3916 4067 4068 4266 4265 
3917 4068 4069 4267 4266 
3918 4069 4070 4268 4267 
3919 4070 4071 4269 4268 
3920 4071 4072 4270 4269 
3921 4072 4073 4271 4270 
3922 4073 4074 4272 4271 
3923 4074 4075 4273 4272 
3924 4075 4076 4274 4273 
3925 4076 340 339 4274 
3926 115 4077 4275 114 
3927 4077 4078 4276 4275 
3928 4078 4079 4277 4276 
3929 4079 4080 4278 4277 
3930 4080 4081 4279 4278 
3931 4081 4082 4280 4279 
3932 4082 4083 4281 4280 
3933 4083 4084 4282 4281 
3934 4084 4085 4283 4282 
3935 4085 4086 4284 4283 
3936 4086 4087 4285 4284 
3937 4087 4088 4286 4285 
3938 4088 4089 4287 4286 
3939 4089 4090 4288 4287 
3940 4090 4091 4289 4288 
3941 4091 4092 4290 4289 
3942 4092 4093 4291 4290 
3943 4093 4094 4292 4291 
3944 4094 4095 4293 4292 
3945 4095 4096 4294 4293 
3946 4096 4097 4295 4294 
3947 4097 4098 4296 4295 
3948 4098 4099 4297 4296 
3949 4099 4100 4298 4297 
3950 4100 4101 4299 4298 
3951 4101 4102 4300 4299 
3952 4102 4103 4301 4300 
3953 4103 4104 4302 4301 
3954 4104 4105 4303 4302 
3955 4105 4106 4304 4303 
3956 4106 4107 4305 4304 
3957 4107 4108 4306 4305 
3958 4108 4109 4307 4306 
3959 4109 4110 4308 4307 
3960 4110 4111 4309 4308 
3961 4111 4112 4310 4309 
3962 4112 4113 4311 4310 
3963 4113 4114 4312 4311 
3964 4114 4115 4313 4312 
3965 4115 4116 4314 4313 
3966 4116 4117 4315 4314 
3967 4117 4118 4316 4315 
3968 4118 4119 4317 4316 
3969 4119 4120 4318 4317 
3970 4120 4121 4319 4318 
3971 4121 4122 4320 4319 
3972 4122 4123 4321 4320 
3973 4123 4124 4322 4321 
3974 4124 4125 4323 4322 
3975 4125 4126 4324 4323 
3976 4126 4127 4325 4324 
3977 4127 4128 4326 4325 
3978 4128 4129 4327 4326 
3979 4129 4130 4328 4327 
3980 4130 4131 4329 4328 
3981 4131 4132 4330 4329 
3982 4132 4133 4331 4330 
3983 4133 4134 4332 4331 
3984 4134 4135 4333 4332 
3985 4135 4136 4334 4333 
3986 4136 4137 4335 4334 
3987 4137 4138 4336 4335 
3988 4138 4139 4337 4336 
3989 4139 4140 4338 4337 
3990 4140 4141 4339 4338 
3991 4141 4142 4340 4339 
3992 4142 4143 4341 4340 
3993 4143 4144 4342 4341 
3994 4144 4145 4343 4342 
3995 4145 4146 4344 4343 
3996 4146 4147 4345 4344 
3997 4147 4148 4346 4345 
3998 4148 4149 4347 4346 
3999 4149 4150 4348 4347 
4000 4150 4151 4349 4348 
4001 4151 4152 4350 4349 
4002 4152 4153 4351 4350 
4003 4153 4154 4352 4351 
4004 4154 4155 4353 4352 
4005 4155 4156 4354 4353 
4006 4156 4157 4355 4354 
4007 4157 4158 4356 4355 
4008 4158 4159 4357 4356 
4009 4159 4160 4358 4357 
4010 4160 4161 4359 4358 
4011 4161 4162 4360 4359 
4012 4162 4163 4361 4360 
4013 4163 4164 4362 4361 
4014 4164 4165 4363 4362 
4015 4165 4166 4364 4363 
4016 4166 4167 4365 4364 
4017 4167 4168 4366 4365 
4018 4168 4169 4367 4366 
4019 4169 4170 4368 4367 
4020 4170 4171 4369 4368 
4021 4171 4172 4370 4369 
4022 4172 4173 4371 4370 
4023 4173 4174 4372 4371 
4024 4174 4175 4373 4372 
4025 4175 4176 4374 4373 
4026 4176 4177 4375 4374 
4027 4177 4178 4376 4375 
4028 4178 4179 4377 4376 
4029 4179 4180 4378 4377 
4030 4180 4181 4379 4378 
4031 4181 4182 4380 4379 
4032 4182 4183 4381 4380 
4033 4183 4184 4382 4381 
4034 4184 4185 4383 4382 
4035 4185 4186 4384 4383 
4036 4186 4187 4385 4384 
4037 4187 4188 4386 4385 
4038 4188 4189 4387 4386 
4039 4189 4190 4388 4387 
4040 4190 4191 4389 4388 
4041 4191 4192 4390 4389 
4042 4192 4193 4391 4390 
4043 4193 4194 4392 4391 
4044 4194 4195 4393 4392 
4045 4195 4196 4394 4393 
4046 4196 4197 4395 4394 
4047 4197 4198 4396 4395 
4048 4198 4199 4397 4396 
4049 4199 4200 4398 4397 
4050 4200 4201 4399 4398 
4051 4201 4202 4400 4399 
4052 4202 4203 4401 4400 
4053 4203 4204 4402 4401 
4054 4204 4205 4403 4402 
4055 4205 4206 4404 4403 
4056 4206 4207 4405 4404 
4057 4207 4208 4406 4405 
4058 4208 4209 4407 4406 
4059 4209 4210 4408 4407 
4060 4210 4211 4409 4408 
4061 4211 4212 4410 4409 
4062 4212 4213 4411 4410 
4063 4213 4214 4412 4411 
4064 4214 4215 4413 4412 
4065 4215 4216 4414 4413 
4066 4216 4217 4415 4414 
4067 4217 4218 4416 4415 
4068 4218 4219 4417 4416 
4069 4219 4220 4418 4417 
4070 4220 4221 4419 4418 
4071 4221 4222 4420 4419 
4072 4222 4223 4421 4420 
4073 4223 4224 4422 4421 
4074 4224 4225 4423 4422 
4075 4225 4226 4424 4423 
4076 4226 4227 4425 4424 
4077 4227 4228 4426 4425 
4078 4228 4229 4427 4426 
4079 4229 4230 4428 4427 
4080 4230 4231 4429 4428 
4081 4231 4232 4430 4429 
4082 4232 4233 4431 4430 
4083 4233 4234 4432 4431 
4084 4234 4235 4433 4432 
4085 4235 4236 4434 4433 
4086 4236 4237 4435 4434 
4087 4237 4238 4436 4435 
4088 4238 4239 4437 4436 
4089 4239 4240 4438 4437 
4090 4240 4241 4439 4438 
4091 4241 4242 4440 4439 
4092 4242 4243 4441 4440 
4093 4243 4244 4442 4441 
4094 4244 4245 4443 4442 
4095 4245 4246 4444 4443 
4096 4246 4247 4445 4444 
4097 4247 4248 4446 4445 
4098 4248 4249 4447 4446 
4099 4249 4250 4448 4447 
4100 4250 4251 4449 4448 
4101 4251 4252 4450 4449 
4102 4252 4253 4451 4450 
4103 4253 4254 4452 4451 
4104 4254 4255 4453 4452 
4105 4255 4256 4454 4453 
4106 4256 4257 4455 4454 
4107 4257 4258 4456 4455 
4108 4258 4259 4457 4456 
4109 4259 4260 4458 4457 
4110 4260 4261 4459 4458 
4111 4261 4262 4460 4459 
4112 4262 4263 4461 4460 
4113 4263 4264 4462 4461 
4114 4264 4265 4463 4462 
4115 4265 4266 4464 4463 
4116 4266 4267 4465 4464 
4117 4267 4268 4466 4465 
4118 4268 4269 4467 4466 
4119 4269 4270 4468 4467 
4120 4270 4271 4469 4468 
4121 4271 4272 4470 4469 
4122 4272 4273 4471 4470 
4123 4273 4274 4472 4471 
4124 4274 339 338 4472 
4125 114 4275 4473 113 
4126 4275 4276 4474 4473 
4127 4276 4277 4475 4474 
4128 4277 4278 4476 4475 
4129 4278 4279 4477 4476 
4130 4279 4280 4478 4477 
4131 4280 4281 4479 4478 
4132 4281 4282 4480 4479 
4133 4282 4283 4481 4480 
4134 4283 4284 4482 4481 
4135 4284 4285 4483 4482 
4136 4285 4286 4484 4483 
4137 4286 4287 4485 4484 
4138 4287 4288 4486 4485 
4139 4288 4289 4487 4486 
4140 4289 4290 4488 4487 
4141 4290 4291 4489 4488 
4142 4291 4292 4490 4489 
4143 4292 4293 4491 4490 
4144 4293 4294 4492 4491 
4145 4294 4295 4493 4492 
4146 4295 4296 4494 4493 
4147 4296 4297 4495 4494 
4148 4297 4298 4496 4495 
4149 4298 4299 4497 4496 
4150 4299 4300 4498 4497 
4151 4300 4301 4499 4498 
4152 4301 4302 4500 4499 
4153 4302 4303 4501 4500 
4154 4303 4304 4502 4501 
4155 4304 4305 4503 4502 
4156 4305 4306 4504 4503 
4157 4306 4307 4505 4504 
4158 4307 4308 4506 4505 
4159 4308 4309 4507 4506 
4160 4309 4310 4508 4507 
4161 4310 4311 4509 4508 
4162 4311 4312 4510 4509 
4163 4312 4313 4511 4510 
4164 4313 4314 4512 4511 
4165 4314 4315 4513 4512 
4166 4315 4316 4514 4513 
4167 4316 4317 4515 4514 
4168 4317 4318 4516 4515 
4169 4318 4319 4517 4516 
4170 4319 4320 4518 4517 
4171 4320 4321 4519 4518 
4172 4321 4322 4520 4519 
4173 4322 4323 4521 4520 
4174 4323 4324 4522 4521 
4175 4324 4325 4523 4522 
4176 4325 4326 4524 4523 
4177 4326 4327 4525 4524 
4178 4327 4328 4526 4525 
4179 4328 4329 4527 4526 
4180 4329 4330 4528 4527 
4181 4330 4331 4529 4528 
4182 4331 4332 4530 4529 
4183 4332 4333 4531 4530 
4184 4333 4334 4532 4531 
4185 4334 4335 4533 4532 
4186 4335 4336 4534 4533 
4187 4336 4337 4535 4534 
4188 4337 4338 4536 4535 
4189 4338 4339 4537 4536 
4190 4339 4340 4538 4537 
4191 4340 4341 4539 4538 
4192 4341 4342 4540 4539 
4193 4342 4343 4541 4540 
4194 4343 4344 4542 4541 
4195 4344 4345 4543 4542 
4196 4345 4346 4544 4543 
4197 4346 4347 4545 4544 
4198 4347 4348 4546 4545 
4199 4348 4349 4547 4546 
4200 4349 4350 4548 4547 
4201 4350 4351 4549 4548 
4202 4351 4352 4550 4549 
4203 4352 4353 4551 4550 
4204 4353 4354 4552 4551 
4205 4354 4355 4553 4552 
4206 4355 4356 4554 4553 
4207 4356 4357 4555 4554 
4208 4357 4358 4556 4555 
4209 4358 4359 4557 4556 
4210 4359 4360 4558 4557 
4211 4360 4361 4559 4558 
4212 4361 4362 4560 4559 
4213 4362 4363 4561 4560 
4214 4363 4364 4562 4561 
4215 4364 4365 4563 4562 
4216 4365 4366 4564 4563 
4217 4366 4367 4565 4564 
4218 4367 4368 4566 4565 
4219 4368 4369 4567 4566 
4220 4369 4370 4568 4567 
4221 4370 4371 4569 4568 
4222 4371 4372 4570 4569 
4223 4372 4373 4571 4570 
4224 4373 4374 4572 4571 
4225 4374 4375 4573 4572 
4226 4375 4376 4574 4573 
4227 4376 4377 4575 4574 
4228 4377 4378 4576 4575 
4229 4378 4379 4577 4576 
4230 4379 4380 4578 4577 
4231 4380 4381 4579 4578 
4232 4381 4382 4580 4579 
4233 4382 4383 4581 4580 
4234 4383 4384 4582 4581 
4235 4384 4385 4583 4582 
4236 4385 4386 4584 4583 
4237 4386 4387 4585 4584 
4238 4387 4388 4586 4585 
4239 4388 4389 4587 4586 
4240 4389 4390 4588 4587 
4241 4390 4391 4589 4588 
4242 4391 4392 4590 4589 
4243 4392 4393 4591 4590 
4244 4393 4394 4592 4591 
4245 4394 4395 4593 4592 
4246 4395 4396 4594 4593 
4247 4396 4397 4595 4594 
4248 4397 4398 4596 4595 
4249 4398 4399 4597 4596 
4250 4399 4400 4598 4597 
4251 4400 4401 4599 4598 
4252 4401 4402 4600 4599 
4253 4402 4403 4601 4600 
4254 4403 4404 4602 4601 
4255 4404 4405 4603 4602 
4256 4405 4406 4604 4603 
4257 4406 4407 4605 4604 
4258 4407 4408 4606 4605 
4259 4408 4409 4607 4606 
4260 4409 4410 4608 4607 
4261 4410 4411 4609 4608 
4262 4411 4412 4610 4609 
4263 4412 4413 4611 4610 
4264 4413 4414 4612 4611 
4265 4414 4415 4613 4612 
4266 4415 4416 4614 4613 
4267 4416 4417 4615 4614 
4268 4417 4418 4616 4615 
4269 4418 4419 4617 4616 
4270 4419 4420 4618 4617 
4271 4420 4421 4619 4618 
4272 4421 4422 4620 4619 
4273 4422 4423 4621 4620 
4274 4423 4424 4622 4621 
4275 4424 4425 4623 4622 
4276 4425 4426 4624 4623 
4277 4426 4427 4625 4624 
4278 4427 4428 4626 4625 
4279 4428 4429 4627 4626 
4280 4429 4430 4628 4627 
4281 4430 4431 4629 4628 
4282 4431 4432 4630 4629 
4283 4432 4433 4631 4630 
4284 4433 4434 4632 4631 
4285 4434 4435 4633 4632 
4286 4435 4436 4634 4633 
4287 4436 4437 4635 4634 
4288 4437 4438 4636 4635 
4289 4438 4439 4637 4636 
4290 4439 4440 4638 4637 
4291 4440 4441 4639 4638 
4292 4441 4442 4640 4639 
4293 4442 4443 4641 4640 
4294 4443 4444 4642 4641 
4295 4444 4445 4643 4642 
4296 4445 4446 4644 4643 
4297 4446 4447 4645 4644 
4298 4447 4448 4646 4645 
4299 4448 4449 4647 4646 
4300 4449 4450 4648 4647 
4301 4450 4451 4649 4648 
4302 4451 4452 4650 4649 
4303 4452 4453 4651 4650 
4304 4453 4454 4652 4651 
4305 4454 4455 4653 4652 
4306 4455 4456 4654 4653 
4307 4456 4457 4655 4654 
4308 4457 4458 4656 4655 
4309 4458 4459 4657 4656 
4310 4459 4460 4658 4657 
4311 4460 4461 4659 4658 
4312 4461 4462 4660 4659 
4313 4462 4463 4661 4660 
4314 4463 4464 4662 4661 
4315 4464 4465 4663 4662 
4316 4465 4466 4664 4663 
4317 4466 4467 4665 4664 
4318 4467 4468 4666 4665 
4319 4468 4469 4667 4666 
4320 4469 4470 4668 4667 
4321 4470 4471 4669 4668 
4322 4471 4472 4670 4669 
4323 4472 338 337 4670 
4324 113 4473 4671 112 
4325 4473 4474 4672 4671 
4326 4474 4475 4673 4672 
4327 4475 4476 4674 4673 
4328 4476 4477 4675 4674 
4329 4477 4478 4676 4675 
4330 4478 4479 4677 4676 
4331 4479 4480 4678 4677 
4332 4480 4481 4679 4678 
4333 4481 4482 4680 4679 
4334 4482 4483 4681 4680 
4335 4483 4484 4682 4681 
4336 4484 4485 4683 4682 
4337 4485 4486 4684 4683 
4338 4486 4487 4685 4684 
4339 4487 4488 4686 4685 
4340 4488 4489 4687 4686 
4341 4489 4490 4688 4687 
4342 4490 4491 4689 4688 
4343 4491 4492 4690 4689 
4344 4492 4493 4691 4690 
4345 4493 4494 4692 4691 
4346 4494 4495 4693 4692 
4347 4495 4496 4694 4693 
4348 4496 4497 4695 4694 
4349 4497 4498 4696 4695 
4350 4498 4499 4697 4696 
4351 4499 4500 4698 4697 
4352 4500 4501 4699 4698 
4353 4501 4502 4700 4699 
4354 4502 4503 4701 4700 
4355 4503 4504 4702 4701 
4356 4504 4505 4703 4702 
4357 4505 4506 4704 4703 
4358 4506 4507 4705 4704 
4359 4507 4508 4706 4705 
4360 4508 4509 4707 4706 
4361 4509 4510 4708 4707 
4362 4510 4511 4709 4708 
4363 4511 4512 4710 4709 
4364 4512 4513 4711 4710 
4365 4513 4514 4712 4711 
4366 4514 4515 4713 4712 
4367 4515 4516 4714 4713 
4368 4516 4517 4715 4714 
4369 4517 4518 4716 4715 
4370 4518 4519 4717 4716 
4371 4519 4520 4718 4717 
4372 4520 4521 4719 4718 
4373 4521 4522 4720 4719 
4374 4522 4523 4721 4720 
4375 4523 4524 4722 4721 
4376 4524 4525 4723 4722 
4377 4525 4526 4724 4723 
4378 4526 4527 4725 4724 
4379 4527 4528 4726 4725 
4380 4528 4529 4727 4726 
4381 4529 4530 4728 4727 
4382 4530 4531 4729 4728 
4383 4531 4532 4730 4729 
4384 4532 4533 4731 4730 
4385 4533 4534 4732 4731 
4386 4534 4535 4733 4732 
4387 4535 4536 4734 4733 
4388 4536 4537 4735 4734 
4389 4537 4538 4736 4735 
4390 4538 4539 4737 4736 
4391 4539 4540 4738 4737 
4392 4540 4541 4739 4738 
4393 4541 4542 4740 4739 
4394 4542 4543 4741 4740 
4395 4543 4544 4742 4741 
4396 4544 4545 4743 4742 
4397 4545 4546 4744 4743 
4398 4546 4547 4745 4744 
4399 4547 4548 4746 4745 
4400 4548 4549 4747 4746 
4401 4549 4550 4748 4747 
4402 4550 4551 4749 4748 
4403 4551 4552 4750 4749 
4404 4552 4553 4751 4750 
4405 4553 4554 4752 4751 
4406 4554 4555 4753 4752 
4407 4555 4556 4754 4753 
4408 4556 4557 4755 4754 
4409 4557 4558 4756 4755 
4410 4558 4559 4757 4756 
4411 4559 4560 4758 4757 
4412 4560 4561 4759 4758 
4413 4561 4562 4760 4759 
4414 4562 4563 4761 4760 
4415 4563 4564 4762 4761 
4416 4564 4565 4763 4762 
4417 4565 4566 4764 4763 
4418 4566 4567 4765 4764 
4419 4567 4568 4766 4765 
4420 4568 4569 4767 4766 
4421 4569 4570 4768 4767 
4422 4570 4571 4769 4768 
4423 4571 4572 4770 4769 
4424 4572 4573 4771 4770 
4425 4573 4574 4772 4771 
4426 4574 4575 4773 4772 
4427 4575 4576 4774 4773 
4428 4576 4577 4775 4774 
4429 4577 4578 4776 4775 
4430 4578 4579 4777 4776 
4431 4579 4580 4778 4777 
4432 4580 4581 4779 4778 
4433 4581 4582 4780 4779 
4434 4582 4583 4781 4780 
4435 4583 4584 4782 4781 
4436 4584 4585 4783 4782 
4437 4585 4586 4784 4783 
4438 4586 4587 4785 4784 
4439 4587 4588 4786 4785 
4440 4588 4589 4787 4786 
4441 4589 4590 4788 4787 
4442 4590 4591 4789 4788 
4443 4591 4592 4790 4789 
4444 4592 4593 4791 4790 
4445 4593 4594 4792 4791 
4446 4594 4595 4793 4792 
4447 4595 4596 4794 4793 
4448 4596 4597 4795 4794 
4449 4597 4598 4796 4795 
4450 4598 4599 4797 4796 
4451 4599 4600 4798 4797 
4452 4600 4601 4799 4798 
4453 4601 4602 4800 4799 
4454 4602 4603 4801 4800 
4455 4603 4604 4802 4801 
4456 4604 4605 4803 4802 
4457 4605 4606 4804 4803 
4458 4606 4607 4805 4804 
4459 4607 4608 4806 4805 
4460 4608 4609 4807 4806 
4461 4609 4610 4808 4807 
4462 4610 4611 4809 4808 
4463 4611 4612 4810 4809 
4464 4612 4613 4811 4810 
4465 4613 4614 4812 4811 
4466 4614 4615 4813 4812 
4467 4615 4616 4814 4813 
4468 4616 4617 4815 4814 
4469 4617 4618 4816 4815 
4470 4618 4619 4817 4816 
4471 4619 4620 4818 4817 
4472 4620 4621 4819 4818 
4473 4621 4622 4820 4819 
4474 4622 4623 4821 4820 
4475 4623 4624 4822 4821 
4476 4624 4625 4823 4822 
4477 4625 4626 4824 4823 
4478 4626 4627 4825 4824 
4479 4627 4628 4826 4825 
4480 4628 4629 4827 4826 
4481 4629 4630 4828 4827 
4482 4630 4631 4829 4828 
4483 4631 4632 4830 4829 
4484 4632 4633 4831 4830 
4485 4633 4634 4832 4831 
4486 4634 4635 4833 4832 
4487 4635 4636 4834 4833 
4488 4636 4637 4835 4834 
4489 4637 4638 4836 4835 
4490 4638 4639 4837 4836 
4491 4639 4640 4838 4837 
4492 4640 4641 4839 4838 
4493 4641 4642 4840 4839 
4494 4642 4643 4841 4840 
4495 4643 4644 4842 4841 
4496 4644 4645 4843 4842 
4497 4645 4646 4844 4843 
4498 4646 4647 4845 4844 
4499 4647 4648 4846 4845 
4500 4648 4649 4847 4846 
4501 4649 4650 4848 4847 
4502 4650 4651 4849 4848 
4503 4651 4652 4850 4849 
4504 4652 4653 4851 4850 
4505 4653 4654 4852 4851 
4506 4654 4655 4853 4852 
4507 4655 4656 4854 4853 
4508 4656 4657 4855 4854 
4509 4657 4658 4856 4855 
4510 4658 4659 4857 4856 
4511 4659 4660 4858 4857 
4512 4660 4661 4859 4858 
4513 4661 4662 4860 4859 
4514 4662 4663 4861 4860 
4515 4663 4664 4862 4861 
4516 4664 4665 4863 4862 
4517 4665 4666 4864 4863 
4518 4666 4667 4865 4864 
4519 4667 4668 4866 4865 
4520 4668 4669 4867 4866 
4521 4669 4670 4868 4867 
4522 4670 337 336 4868 
4523 112 4671 4869 111 
4524 4671 4672 4870 4869 
4525 4672 4673 4871 4870 
4526 4673 4674 4872 4871 
4527 4674 4675 4873 4872 
4528 4675 4676 4874 4873 
4529 4676 4677 4875 4874 
4530 4677 4678 4876 4875 
4531 4678 4679 4877 4876 
4532 4679 4680 4878 4877 
4533 4680 4681 4879 4878 
4534 4681 4682 4880 4879 
4535 4682 4683 4881 4880 
4536 4683 4684 4882 4881 
4537 4684 4685 4883 4882 
4538 4685 4686 4884 4883 
4539 4686 4687 4885 4884 
4540 4687 4688 4886 4885 
4541 4688 4689 4887 4886 
4542 4689 4690 4888 4887 
4543 4690 4691 4889 4888 
4544 4691 4692 4890 4889 
4545 4692 4693 4891 4890 
4546 4693 4694 4892 4891 
4547 4694 4695 4893 4892 
4548 4695 4696 4894 4893 
4549 4696 4697 4895 4894 
4550 4697 4698 4896 4895 
4551 4698 4699 4897 4896 
4552 4699 4700 4898 4897 
4553 4700 4701 4899 4898 
4554 4701 4702 4900 4899 
4555 4702 4703 4901 4900 
4556 4703 4704 4902 4901 
4557 4704 4705 4903 4902 
4558 4705 4706 4904 4903 
4559 4706 4707 4905 4904 
4560 4707 4708 4906 4905 
4561 4708 4709 4907 4906 
4562 4709 4710 4908 4907 
4563 4710 4711 4909 4908 
4564 4711 4712 4910 4909 
4565 4712 4713 4911 4910 
4566 4713 4714 4912 4911 
4567 4714 4715 4913 4912 
4568 4715 4716 4914 4913 
4569 4716 4717 4915 4914 
4570 4717 4718 4916 4915 
4571 4718 4719 4917 4916 
4572 4719 4720 4918 4917 
4573 4720 4721 4919 4918 
4574 4721 4722 4920 4919 
4575 4722 4723 4921 4920 
4576 4723 4724 4922 4921 
4577 4724 4725 4923 4922 
4578 4725 4726 4924 4923 
4579 4726 4727 4925 4924 
4580 4727 4728 4926 4925 
4581 4728 4729 4927 4926 
4582 4729 4730 4928 4927 
4583 4730 4731 4929 4928 
4584 4731 4732 4930 4929 
4585 4732 4733 4931 4930 
4586 4733 4734 4932 4931 
4587 4734 4735 4933 4932 
4588 4735 4736 4934 4933 
4589 4736 4737 4935 4934 
4590 4737 4738 4936 4935 
4591 4738 4739 4937 4936 
4592 4739 4740 4938 4937 
4593 4740 4741 4939 4938 
4594 4741 4742 4940 4939 
4595 4742 4743 4941 4940 
4596 4743 4744 4942 4941 
4597 4744 4745 4943 4942 
4598 4745 4746 4944 4943 
4599 4746 4747 4945 4944 
4600 4747 4748 4946 4945 
4601 4748 4749 4947 4946 
4602 4749 4750 4948 4947 
4603 4750 4751 4949 4948 
4604 4751 4752 4950 4949 
4605 4752 4753 4951 4950 
4606 4753 4754 4952 4951 
4607 4754 4755 4953 4952 
4608 4755 4756 4954 4953 
4609 4756 4757 4955 4954 
4610 4757 4758 4956 4955 
4611 4758 4759 4957 4956 
4612 4759 4760 4958 4957 
4613 4760 4761 4959 4958 
4614 4761 4762 4960 4959 
4615 4762 4763 4961 4960 
4616 4763 4764 4962 4961 
4617 4764 4765 4963 4962 
4618 4765 4766 4964 4963 
4619 4766 4767 4965 4964 
4620 4767 4768 4966 4965 
4621 4768 4769 4967 4966 
4622 4769 4770 4968 4967 
4623 4770 4771 4969 4968 
4624 4771 4772 4970 4969 
4625 4772 4773 4971 4970 
4626 4773 4774 4972 4971 
4627 4774 4775 4973 4972 
4628 4775 4776 4974 4973 
4629 4776 4777 4975 4974 
4630 4777 4778 4976 4975 
4631 4778 4779 4977 4976 
4632 4779 4780 4978 4977 
4633 4780 4781 4979 4978 
4634 4781 4782 4980 4979 
4635 4782 4783 4981 4980 
4636 4783 4784 4982 4981 
4637 4784 4785 4983 4982 
4638 4785 4786 4984 4983 
4639 4786 4787 4985 4984 
4640 4787 4788 4986 4985 
4641 4788 4789 4987 4986 
4642 4789 4790 4988 4987 
4643 4790 4791 4989 4988 
4644 4791 4792 4990 4989 
4645 4792 4793 4991 4990 
4646 4793 4794 4992 4991 
4647 4794 4795 4993 4992 
4648 4795 4796 4994 4993 
4649 4796 4797 4995 4994 
4650 4797 4798 4996 4995 
4651 4798 4799 4997 4996 
4652 4799 4800 4998 4997 
4653 4800 4801 4999 4998 
4654 4801 4802 5000 4999 
4655 4802 4803 5001 5000 
4656 4803 4804 5002 5001 
4657 4804 4805 5003 5002 
4658 4805 4806 5004 5003 
4659 4806 4807 5005 5004 
4660 4807 4808 5006 5005 
4661 4808 4809 5007 5006 
4662 4809 4810 5008 5007 
4663 4810 4811 5009 5008 
4664 4811 4812 5010 5009 
4665 4812 4813 5011 5010 
4666 4813 4814 5012 5011 
4667 4814 4815 5013 5012 
4668 4815 4816 5014 5013 
4669 4816 4817 5015 5014 
4670 4817 4818 5016 5015 
4671 4818 4819 5017 5016 
4672 4819 4820 5018 5017 
4673 4820 4821 5019 5018 
4674 4821 4822 5020 5019 
4675 4822 4823 5021 5020 
4676 4823 4824 5022 5021 
4677 4824 4825 5023 5022 
4678 4825 4826 5024 5023 
4679 4826 4827 5025 5024 
4680 4827 4828 5026 5025 
4681 4828 4829 5027 5026 
4682 4829 4830 5028 5027 
4683 4830 4831 5029 5028 
4684 4831 4832 5030 5029 
4685 4832 4833 5031 5030 
4686 4833 4834 5032 5031 
4687 4834 4835 5033 5032 
4688 4835 4836 5034 5033 
4689 4836 4837 5035 5034 
4690 4837 4838 5036 5035 
4691 4838 4839 5037 5036 
4692 4839 4840 5038 5037 
4693 4840 4841 5039 5038 
4694 4841 4842 5040 5039 
4695 4842 4843 5041 5040 
4696 4843 4844 5042 5041 
4697 4844 4845 5043 5042 
4698 4845 4846 5044 5043 
4699 4846 4847 5045 5044 
4700 4847 4848 5046 5045 
4701 4848 4849 5047 5046 
4702 4849 4850 5048 5047 
4703 4850 4851 5049 5048 
4704 4851 4852 5050 5049 
4705 4852 4853 5051 5050 
4706 4853 4854 5052 5051 
4707 4854 4855 5053 5052 
4708 4855 4856 5054 5053 
4709 4856 4857 5055 5054 
4710 4857 4858 5056 5055 
4711 4858 4859 5057 5056 
4712 4859 4860 5058 5057 
4713 4860 4861 5059 5058 
4714 4861 4862 5060 5059 
4715 4862 4863 5061 5060 
4716 4863 4864 5062 5061 
4717 4864 4865 5063 5062 
4718 4865 4866 5064 5063 
4719 4866 4867 5065 5064 
4720 4867 4868 5066 5065 
4721 4868 336 335 5066 
4722 111 4869 5067 110 
4723 4869 4870 5068 5067 
4724 4870 4871 5069 5068 
4725 4871 4872 5070 5069 
4726 4872 4873 5071 5070 
4727 4873 4874 5072 5071 
4728 4874 4875 5073 5072 
4729 4875 4876 5074 5073 
4730 4876 4877 5075 5074 
4731 4877 4878 5076 5075 
4732 4878 4879 5077 5076 
4733 4879 4880 5078 5077 
4734 4880 4881 5079 5078 
4735 4881 4882 5080 5079 
4736 4882 4883 5081 5080 
4737 4883 4884 5082 5081 
4738 4884 4885 5083 5082 
4739 4885 4886 5084 5083 
4740 4886 4887 5085 5084 
4741 4887 4888 5086 5085 
4742 4888 4889 5087 5086 
4743 4889 4890 5088 5087 
4744 4890 4891 5089 5088 
4745 4891 4892 5090 5089 
4746 4892 4893 5091 5090 
4747 4893 4894 5092 5091 
4748 4894 4895 5093 5092 
4749 4895 4896 5094 5093 
4750 4896 4897 5095 5094 
4751 4897 4898 5096 5095 
4752 4898 4899 5097 5096 
4753 4899 4900 5098 5097 
4754 4900 4901 5099 5098 
4755 4901 4902 5100 5099 
4756 4902 4903 5101 5100 
4757 4903 4904 5102 5101 
4758 4904 4905 5103 5102 
4759 4905 4906 5104 5103 
4760 4906 4907 5105 5104 
4761 4907 4908 5106 5105 
4762 4908 4909 5107 5106 
4763 4909 4910 5108 5107 
4764 4910 4911 5109 5108 
4765 4911 4912 5110 5109 
4766 4912 4913 5111 5110 
4767 4913 4914 5112 5111 
4768 4914 4915 5113 5112 
4769 4915 4916 5114 5113 
4770 4916 4917 5115 5114 
4771 4917 4918 5116 5115 
4772 4918 4919 5117 5116 
4773 4919 4920 5118 5117 
4774 4920 4921 5119 5118 
4775 4921 4922 5120 5119 
4776 4922 4923 5121 5120 
4777 4923 4924 5122 5121 
4778 4924 4925 5123 5122 
4779 4925 4926 5124 5123 
4780 4926 4927 5125 5124 
4781 4927 4928 5126 5125 
4782 4928 4929 5127 5126 
4783 4929 4930 5128 5127 
4784 4930 4931 5129 5128 
4785 4931 4932 5130 5129 
4786 4932 4933 5131 5130 
4787 4933 4934 5132 5131 
4788 4934 4935 5133 5132 
4789 4935 4936 5134 5133 
4790 4936 4937 5135 5134 
4791 4937 4938 5136 5135 
4792 4938 4939 5137 5136 
4793 4939 4940 5138 5137 
4794 4940 4941 5139 5138 
4795 4941 4942 5140 5139 
4796 4942 4943 5141 5140 
4797 4943 4944 5142 5141 
4798 4944 4945 5143 5142 
4799 4945 4946 5144 5143 
4800 4946 4947 5145 5144 
4801 4947 4948 5146 5145 
4802 4948 4949 5147 5146 
4803 4949 4950 5148 5147 
4804 4950 4951 5149 5148 
4805 4951 4952 5150 5149 
4806 4952 4953 5151 5150 
4807 4953 4954 5152 5151 
4808 4954 4955 5153 5152 
4809 4955 4956 5154 5153 
4810 4956 4957 5155 5154 
4811 4957 4958 5156 5155 
4812 4958 4959 5157 5156 
4813 4959 4960 5158 5157 
4814 4960 4961 5159 5158 
4815 4961 4962 5160 5159 
4816 4962 4963 5161 5160 
4817 4963 4964 5162 5161 
4818 4964 4965 5163 5162 
4819 4965 4966 5164 5163 
4820 4966 4967 5165 5164 
4821 4967 4968 5166 5165 
4822 4968 4969 5167 5166 
4823 4969 4970 5168 5167 
4824 4970 4971 5169 5168 
4825 4971 4972 5170 5169 
4826 4972 4973 5171 5170 
4827 4973 4974 5172 5171 
4828 4974 4975 5173 5172 
4829 4975 4976 5174 5173 
4830 4976 4977 5175 5174 
4831 4977 4978 5176 5175 
4832 4978 4979 5177 5176 
4833 4979 4980 5178 5177 
4834 4980 4981 5179 5178 
4835 4981 4982 5180 5179 
4836 4982 4983 5181 5180 
4837 4983 4984 5182 5181 
4838 4984 4985 5183 5182 
4839 4985 4986 5184 5183 
4840 4986 4987 5185 5184 
4841 4987 4988 5186 5185 
4842 4988 4989 5187 5186 
4843 4989 4990 5188 5187 
4844 4990 4991 5189 5188 
4845 4991 4992 5190 5189 
4846 4992 4993 5191 5190 
4847 4993 4994 5192 5191 
4848 4994 4995 5193 5192 
4849 4995 4996 5194 5193 
4850 4996 4997 5195 5194 
4851 4997 4998 5196 5195 
4852 4998 4999 5197 5196 
4853 4999 5000 5198 5197 
4854 5000 5001 5199 5198 
4855 5001 5002 5200 5199 
4856 5002 5003 5201 5200 
4857 5003 5004 5202 5201 
4858 5004 5005 5203 5202 
4859 5005 5006 5204 5203 
4860 5006 5007 5205 5204 
4861 5007 5008 5206 5205 
4862 5008 5009 5207 5206 
4863 5009 5010 5208 5207 
4864 5010 5011 5209 5208 
4865 5011 5012 5210 5209 
4866 5012 5013 5211 5210 
4867 5013 5014 5212 5211 
4868 5014 5015 5213 5212 
4869 5015 5016 5214 5213 
4870 5016 5017 5215 5214 
4871 5017 5018 5216 5215 
4872 5018 5019 5217 5216 
4873 5019 5020 5218 5217 
4874 5020 5021 5219 5218 
4875 5021 5022 5220 5219 
4876 5022 5023 5221 5220 
4877 5023 5024 5222 5221 
4878 5024 5025 5223 5222 
4879 5025 5026 5224 5223 
4880 5026 5027 5225 5224 
4881 5027 5028 5226 5225 
4882 5028 5029 5227 5226 
4883 5029 5030 5228 5227 
4884 5030 5031 5229 5228 
4885 5031 5032 5230 5229 
4886 5032 5033 5231 5230 
4887 5033 5034 5232 5231 
4888 5034 5035 5233 5232 
4889 5035 5036 5234 5233 
4890 5036 5037 5235 5234 
4891 5037 5038 5236 5235 
4892 5038 5039 5237 5236 
4893 5039 5040 5238 5237 
4894 5040 5041 5239 5238 
4895 5041 5042 5240 5239 
4896 5042 5043 5241 5240 
4897 5043 5044 5242 5241 
4898 5044 5045 5243 5242 
4899 5045 5046 5244 5243 
4900 5046 5047 5245 5244 
4901 5047 5048 5246 5245 
4902 5048 5049 5247 5246 
4903 5049 5050 5248 5247 
4904 5050 5051 5249 5248 
4905 5051 5052 5250 5249 
4906 5052 5053 5251 5250 
4907 5053 5054 5252 5251 
4908 5054 5055 5253 5252 
4909 5055 5056 5254 5253 
4910 5056 5057 5255 5254 
4911 5057 5058 5256 5255 
4912 5058 5059 5257 5256 
4913 5059 5060 5258 5257 
4914 5060 5061 5259 5258 
4915 5061 5062 5260 5259 
4916 5062 5063 5261 5260 
4917 5063 5064 5262 5261 
4918 5064 5065 5263 5262 
4919 5065 5066 5264 5263 
4920 5066 335 334 5264 
4921 110 5067 5265 109 
4922 5067 5068 5266 5265 
4923 5068 5069 5267 5266 
4924 5069 5070 5268 5267 
4925 5070 5071 5269 5268 
4926 5071 5072 5270 5269 
4927 5072 5073 5271 5270 
4928 5073 5074 5272 5271 
4929 5074 5075 5273 5272 
4930 5075 5076 5274 5273 
4931 5076 5077 5275 5274 
4932 5077 5078 5276 5275 
4933 5078 5079 5277 5276 
4934 5079 5080 5278 5277 
4935 5080 5081 5279 5278 
4936 5081 5082 5280 5279 
4937 5082 5083 5281 5280 
4938 5083 5084 5282 5281 
4939 5084 5085 5283 5282 
4940 5085 5086 5284 5283 
4941 5086 5087 5285 5284 
4942 5087 5088 5286 5285 
4943 5088 5089 5287 5286 
4944 5089 5090 5288 5287 
4945 5090 5091 5289 5288 
4946 5091 5092 5290 5289 
4947 5092 5093 5291 5290 
4948 5093 5094 5292 5291 
4949 5094 5095 5293 5292 
4950 5095 5096 5294 5293 
4951 5096 5097 5295 5294 
4952 5097 5098 5296 5295 
4953 5098 5099 5297 5296 
4954 5099 5100 5298 5297 
4955 5100 5101 5299 5298 
4956 5101 5102 5300 5299 
4957 5102 5103 5301 5300 
4958 5103 5104 5302 5301 
4959 5104 5105 5303 5302 
4960 5105 5106 5304 5303 
4961 5106 5107 5305 5304 
4962 5107 5108 5306 5305 
4963 5108 5109 5307 5306 
4964 5109 5110 5308 5307 
4965 5110 5111 5309 5308 
4966 5111 5112 5310 5309 
4967 5112 5113 5311 5310 
4968 5113 5114 5312 5311 
4969 5114 5115 5313 5312 
4970 5115 5116 5314 5313 
4971 5116 5117 5315 5314 
4972 5117 5118 5316 5315 
4973 5118 5119 5317 5316 
4974 5119 5120 5318 5317 
4975 5120 5121 5319 5318 
4976 5121 5122 5320 5319 
4977 5122 5123 5321 5320 
4978 5123 5124 5322 5321 
4979 5124 5125 5323 5322 
4980 5125 5126 5324 5323 
4981 5126 5127 5325 5324 
4982 5127 5128 5326 5325 
4983 5128 5129 5327 5326 
4984 5129 5130 5328 5327 
4985 5130 5131 5329 5328 
4986 5131 5132 5330 5329 
4987 5132 5133 5331 5330 
4988 5133 5134 5332 5331 
4989 5134 5135 5333 5332 
4990 5135 5136 5334 5333 
4991 5136 5137 5335 5334 
4992 5137 5138 5336 5335 
4993 5138 5139 5337 5336 
4994 5139 5140 5338 5337 
4995 5140 5141 5339 5338 
4996 5141 5142 5340 5339 
4997 5142 5143 5341 5340 
4998 5143 5144 5342 5341 
4999 5144 5145 5343 5342 
5000 5145 5146 5344 5343 
5001 5146 5147 5345 5344 
5002 5147 5148 5346 5345 
5003 5148 5149 5347 5346 
5004 5149 5150 5348 5347 
5005 5150 5151 5349 5348 
5006 5151 5152 5350 5349 
5007 5152 5153 5351 5350 
5008 5153 5154 5352 5351 
5009 5154 5155 5353 5352 
5010 5155 5156 5354 5353 
5011 5156 5157 5355 5354 
5012 5157 5158 5356 5355 
5013 5158 5159 5357 5356 
5014 5159 5160 5358 5357 
5015 5160 5161 5359 5358 
5016 5161 5162 5360 5359 
5017 5162 5163 5361 5360 
5018 5163 5164 5362 5361 
5019 5164 5165 5363 5362 
5020 5165 5166 5364 5363 
5021 5166 5167 5365 5364 
5022 5167 5168 5366 5365 
5023 5168 5169 5367 5366 
5024 5169 5170 5368 5367 
5025 5170 5171 5369 5368 
5026 5171 5172 5370 5369 
5027 5172 5173 5371 5370 
5028 5173 5174 5372 5371 
5029 5174 5175 5373 5372 
5030 5175 5176 5374 5373 
5031 5176 5177 5375 5374 
5032 5177 5178 5376 5375 
5033 5178 5179 5377 5376 
5034 5179 5180 5378 5377 
5035 5180 5181 5379 5378 
5036 5181 5182 5380 5379 
5037 5182 5183 5381 5380 
5038 5183 5184 5382 5381 
5039 5184 5185 5383 5382 
5040 5185 5186 5384 5383 
5041 5186 5187 5385 5384 
5042 5187 5188 5386 5385 
5043 5188 5189 5387 5386 
5044 5189 5190 5388 5387 
5045 5190 5191 5389 5388 
5046 5191 5192 5390 5389 
5047 5192 5193 5391 5390 
5048 5193 5194 5392 5391 
5049 5194 5195 5393 5392 
5050 5195 5196 5394 5393 
5051 5196 5197 5395 5394 
5052 5197 5198 5396 5395 
5053 5198 5199 5397 5396 
5054 5199 5200 5398 5397 
5055 5200 5201 5399 5398 
5056 5201 5202 5400 5399 
5057 5202 5203 5401 5400 
5058 5203 5204 5402 5401 
5059 5204 5205 5403 5402 
5060 5205 5206 5404 5403 
5061 5206 5207 5405 5404 
5062 5207 5208 5406 5405 
5063 5208 5209 5407 5406 
5064 5209 5210 5408 5407 
5065 5210 5211 5409 5408 
5066 5211 5212 5410 5409 
5067 5212 5213 5411 5410 
5068 5213 5214 5412 5411 
5069 5214 5215 5413 5412 
5070 5215 5216 5414 5413 
5071 5216 5217 5415 5414 
5072 5217 5218 5416 5415 
5073 5218 5219 5417 5416 
5074 5219 5220 5418 5417 
5075 5220 5221 5419 5418 
5076 5221 5222 5420 5419 
5077 5222 5223 5421 5420 
5078 5223 5224 5422 5421 
5079 5224 5225 5423 5422 
5080 5225 5226 5424 5423 
5081 5226 5227 5425 5424 
5082 5227 5228 5426 5425 
5083 5228 5229 5427 5426 
5084 5229 5230 5428 5427 
5085 5230 5231 5429 5428 
5086 5231 5232 5430 5429 
5087 5232 5233 5431 5430 
5088 5233 5234 5432 5431 
5089 5234 5235 5433 5432 
5090 5235 5236 5434 5433 
5091 5236 5237 5435 5434 
5092 5237 5238 5436 5435 
5093 5238 5239 5437 5436 
5094 5239 5240 5438 5437 
5095 5240 5241 5439 5438 
5096 5241 5242 5440 5439 
5097 5242 5243 5441 5440 
5098 5243 5244 5442 5441 
5099 5244 5245 5443 5442 
5100 5245 5246 5444 5443 
5101 5246 5247 5445 5444 
5102 5247 5248 5446 5445 
5103 5248 5249 5447 5446 
5104 5249 5250 5448 5447 
5105 5250 5251 5449 5448 
5106 5251 5252 5450 5449 
5107 5252 5253 5451 5450 
5108 5253 5254 5452 5451 
5109 5254 5255 5453 5452 
5110 5255 5256 5454 5453 
5111 5256 5257 5455 5454 
5112 5257 5258 5456 5455 
5113 5258 5259 5457 5456 
5114 5259 5260 5458 5457 
5115 5260 5261 5459 5458 
5116 5261 5262 5460 5459 
5117 5262 5263 5461 5460 
5118 5263 5264 5462 5461 
5119 5264 334 333 5462 
5120 109 5265 5463 108 
5121 5265 5266 5464 5463 
5122 5266 5267 5465 5464 
5123 5267 5268 5466 5465 
5124 5268 5269 5467 5466 
5125 5269 5270 5468 5467 
5126 5270 5271 5469 5468 
5127 5271 5272 5470 5469 
5128 5272 5273 5471 5470 
5129 5273 5274 5472 5471 
5130 5274 5275 5473 5472 
5131 5275 5276 5474 5473 
5132 5276 5277 5475 5474 
5133 5277 5278 5476 5475 
5134 5278 5279 5477 5476 
5135 5279 5280 5478 5477 
5136 5280 5281 5479 5478 
5137 5281 5282 5480 5479 
5138 5282 5283 5481 5480 
5139 5283 5284 5482 5481 
5140 5284 5285 5483 5482 
5141 5285 5286 5484 5483 
5142 5286 5287 5485 5484 
5143 5287 5288 5486 5485 
5144 5288 5289 5487 5486 
5145 5289 5290 5488 5487 
5146 5290 5291 5489 5488 
5147 5291 5292 5490 5489 
5148 5292 5293 5491 5490 
5149 5293 5294 5492 5491 
5150 5294 5295 5493 5492 
5151 5295 5296 5494 5493 
5152 5296 5297 5495 5494 
5153 5297 5298 5496 5495 
5154 5298 5299 5497 5496 
5155 5299 5300 5498 5497 
5156 5300 5301 5499 5498 
5157 5301 5302 5500 5499 
5158 5302 5303 5501 5500 
5159 5303 5304 5502 5501 
5160 5304 5305 5503 5502 
5161 5305 5306 5504 5503 
5162 5306 5307 5505 5504 
5163 5307 5308 5506 5505 
5164 5308 5309 5507 5506 
5165 5309 5310 5508 5507 
5166 5310 5311 5509 5508 
5167 5311 5312 5510 5509 
5168 5312 5313 5511 5510 
5169 5313 5314 5512 5511 
5170 5314 5315 5513 5512 
5171 5315 5316 5514 5513 
5172 5316 5317 5515 5514 
5173 5317 5318 5516 5515 
5174 5318 5319 5517 5516 
5175 5319 5320 5518 5517 
5176 5320 5321 5519 5518 
5177 5321 5322 5520 5519 
5178 5322 5323 5521 5520 
5179 5323 5324 5522 5521 
5180 5324 5325 5523 5522 
5181 5325 5326 5524 5523 
5182 5326 5327 5525 5524 
5183 5327 5328 5526 5525 
5184 5328 5329 5527 5526 
5185 5329 5330 5528 5527 
5186 5330 5331 5529 5528 
5187 5331 5332 5530 5529 
5188 5332 5333 5531 5530 
5189 5333 5334 5532 5531 
5190 5334 5335 5533 5532 
5191 5335 5336 5534 5533 
5192 5336 5337 5535 5534 
5193 5337 5338 5536 5535 
5194 5338 5339 5537 5536 
5195 5339 5340 5538 5537 
5196 5340 5341 5539 5538 
5197 5341 5342 5540 5539 
5198 5342 5343 5541 5540 
5199 5343 5344 5542 5541 
5200 5344 5345 5543 5542 
5201 5345 5346 5544 5543 
5202 5346 5347 5545 5544 
5203 5347 5348 5546 5545 
5204 5348 5349 5547 5546 
5205 5349 5350 5548 5547 
5206 5350 5351 5549 5548 
5207 5351 5352 5550 5549 
5208 5352 5353 5551 5550 
5209 5353 5354 5552 5551 
5210 5354 5355 5553 5552 
5211 5355 5356 5554 5553 
5212 5356 5357 5555 5554 
5213 5357 5358 5556 5555 
5214 5358 5359 5557 5556 
5215 5359 5360 5558 5557 
5216 5360 5361 5559 5558 
5217 5361 5362 5560 5559 
5218 5362 5363 5561 5560 
5219 5363 5364 5562 5561 
5220 5364 5365 5563 5562 
5221 5365 5366 5564 5563 
5222 5366 5367 5565 5564 
5223 5367 5368 5566 5565 
5224 5368 5369 5567 5566 
5225 5369 5370 5568 5567 
5226 5370 5371 5569 5568 
5227 5371 5372 5570 5569 
5228 5372 5373 5571 5570 
5229 5373 5374 5572 5571 
5230 5374 5375 5573 5572 
5231 5375 5376 5574 5573 
5232 5376 5377 5575 5574 
5233 5377 5378 5576 5575 
5234 5378 5379 5577 5576 
5235 5379 5380 5578 5577 
5236 5380 5381 5579 5578 
5237 5381 5382 5580 5579 
5238 5382 5383 5581 5580 
5239 5383 5384 5582 5581 
5240 5384 5385 5583 5582 
5241 5385 5386 5584 5583 
5242 5386 5387 5585 5584 
5243 5387 5388 5586 5585 
5244 5388 5389 5587 5586 
5245 5389 5390 5588 5587 
5246 5390 5391 5589 5588 
5247 5391 5392 5590 5589 
5248 5392 5393 5591 5590 
5249 5393 5394 5592 5591 
5250 5394 5395 5593 5592 
5251 5395 5396 5594 5593 
5252 5396 5397 5595 5594 
5253 5397 5398 5596 5595 
5254 5398 5399 5597 5596 
5255 5399 5400 5598 5597 
5256 5400 5401 5599 5598 
5257 5401 5402 5600 5599 
5258 5402 5403 5601 5600 
5259 5403 5404 5602 5601 
5260 5404 5405 5603 5602 
5261 5405 5406 5604 5603 
5262 5406 5407 5605 5604 
5263 5407 5408 5606 5605 
5264 5408 5409 5607 5606 
5265 5409 5410 5608 5607 
5266 5410 5411 5609 5608 
5267 5411 5412 5610 5609 
5268 5412 5413 5611 5610 
5269 5413 5414 5612 5611 
5270 5414 5415 5613 5612 
5271 5415 5416 5614 5613 
5272 5416 5417 5615 5614 
5273 5417 5418 5616 5615 
5274 5418 5419 5617 5616 
5275 5419 5420 5618 5617 
5276 5420 5421 5619 5618 
5277 5421 5422 5620 5619 
5278 5422 5423 5621 5620 
5279 5423 5424 5622 5621 
5280 5424 5425 5623 5622 
5281 5425 5426 5624 5623 
5282 5426 5427 5625 5624 
5283 5427 5428 5626 5625 
5284 5428 5429 5627 5626 
5285 5429 5430 5628 5627 
5286 5430 5431 5629 5628 
5287 5431 5432 5630 5629 
5288 5432 5433 5631 5630 
5289 5433 5434 5632 5631 
5290 5434 5435 5633 5632 
5291 5435 5436 5634 5633 
5292 5436 5437 5635 5634 
5293 5437 5438 5636 5635 
5294 5438 5439 5637 5636 
5295 5439 5440 5638 5637 
5296 5440 5441 5639 5638 
5297 5441 5442 5640 5639 
5298 5442 5443 5641 5640 
5299 5443 5444 5642 5641 
5300 5444 5445 5643 5642 
5301 5445 5446 5644 5643 
5302 5446 5447 5645 5644 
5303 5447 5448 5646 5645 
5304 5448 5449 5647 5646 
5305 5449 5450 5648 5647 
5306 5450 5451 5649 5648 
5307 5451 5452 5650 5649 
5308 5452 5453 5651 5650 
5309 5453 5454 5652 5651 
5310 5454 5455 5653 5652 
5311 5455 5456 5654 5653 
5312 5456 5457 5655 5654 
5313 5457 5458 5656 5655 
5314 5458 5459 5657 5656 
5315 5459 5460 5658 5657 
5316 5460 5461 5659 5658 
5317 5461 5462 5660 5659 
5318 5462 333 332 5660 
5319 108 5463 5661 107 
5320 5463 5464 5662 5661 
5321 5464 5465 5663 5662 
5322 5465 5466 5664 5663 
5323 5466 5467 5665 5664 
5324 5467 5468 5666 5665 
5325 5468 5469 5667 5666 
5326 5469 5470 5668 5667 
5327 5470 5471 5669 5668 
5328 5471 5472 5670 5669 
5329 5472 5473 5671 5670 
5330 5473 5474 5672 5671 
5331 5474 5475 5673 5672 
5332 5475 5476 5674 5673 
5333 5476 5477 5675 5674 
5334 5477 5478 5676 5675 
5335 5478 5479 5677 5676 
5336 5479 5480 5678 5677 
5337 5480 5481 5679 5678 
5338 5481 5482 5680 5679 
5339 5482 5483 5681 5680 
5340 5483 5484 5682 5681 
5341 5484 5485 5683 5682 
5342 5485 5486 5684 5683 
5343 5486 5487 5685 5684 
5344 5487 5488 5686 5685 
5345 5488 5489 5687 5686 
5346 5489 5490 5688 5687 
5347 5490 5491 5689 5688 
5348 5491 5492 5690 5689 
5349 5492 5493 5691 5690 
5350 5493 5494 5692 5691 
5351 5494 5495 5693 5692 
5352 5495 5496 5694 5693 
5353 5496 5497 5695 5694 
5354 5497 5498 5696 5695 
5355 5498 5499 5697 5696 
5356 5499 5500 5698 5697 
5357 5500 5501 5699 5698 
5358 5501 5502 5700 5699 
5359 5502 5503 5701 5700 
5360 5503 5504 5702 5701 
5361 5504 5505 5703 5702 
5362 5505 5506 5704 5703 
5363 5506 5507 5705 5704 
5364 5507 5508 5706 5705 
5365 5508 5509 5707 5706 
5366 5509 5510 5708 5707 
5367 5510 5511 5709 5708 
5368 5511 5512 5710 5709 
5369 5512 5513 5711 5710 
5370 5513 5514 5712 5711 
5371 5514 5515 5713 5712 
5372 5515 5516 5714 5713 
5373 5516 5517 5715 5714 
5374 5517 5518 5716 5715 
5375 5518 5519 5717 5716 
5376 5519 5520 5718 5717 
5377 5520 5521 5719 5718 
5378 5521 5522 5720 5719 
5379 5522 5523 5721 5720 
5380 5523 5524 5722 5721 
5381 5524 5525 5723 5722 
5382 5525 5526 5724 5723 
5383 5526 5527 5725 5724 
5384 5527 5528 5726 5725 
5385 5528 5529 5727 5726 
5386 5529 5530 5728 5727 
5387 5530 5531 5729 5728 
5388 5531 5532 5730 5729 
5389 5532 5533 5731 5730 
5390 5533 5534 5732 5731 
5391 5534 5535 5733 5732 
5392 5535 5536 5734 5733 
5393 5536 5537 5735 5734 
5394 5537 5538 5736 5735 
5395 5538 5539 5737 5736 
5396 5539 5540 5738 5737 
5397 5540 5541 5739 5738 
5398 5541 5542 5740 5739 
5399 5542 5543 5741 5740 
5400 5543 5544 5742 5741 
5401 5544 5545 5743 5742 
5402 5545 5546 5744 5743 
5403 5546 5547 5745 5744 
5404 5547 5548 5746 5745 
5405 5548 5549 5747 5746 
5406 5549 5550 5748 5747 
5407 5550 5551 5749 5748 
5408 5551 5552 5750 5749 
5409 5552 5553 5751 5750 
5410 5553 5554 5752 5751 
5411 5554 5555 5753 5752 
5412 5555 5556 5754 5753 
5413 5556 5557 5755 5754 
5414 5557 5558 5756 5755 
5415 5558 5559 5757 5756 
5416 5559 5560 5758 5757 
5417 5560 5561 5759 5758 
5418 5561 5562 5760 5759 
5419 5562 5563 5761 5760 
5420 5563 5564 5762 5761 
5421 5564 5565 5763 5762 
5422 5565 5566 5764 5763 
5423 5566 5567 5765 5764 
5424 5567 5568 5766 5765 
5425 5568 5569 5767 5766 
5426 5569 5570 5768 5767 
5427 5570 5571 5769 5768 
5428 5571 5572 5770 5769 
5429 5572 5573 5771 5770 
5430 5573 5574 5772 5771 
5431 5574 5575 5773 5772 
5432 5575 5576 5774 5773 
5433 5576 5577 5775 5774 
5434 5577 5578 5776 5775 
5435 5578 5579 5777 5776 
5436 5579 5580 5778 5777 
5437 5580 5581 5779 5778 
5438 5581 5582 5780 5779 
5439 5582 5583 5781 5780 
5440 5583 5584 5782 5781 
5441 5584 5585 5783 5782 
5442 5585 5586 5784 5783 
5443 5586 5587 5785 5784 
5444 5587 5588 5786 5785 
5445 5588 5589 5787 5786 
5446 5589 5590 5788 5787 
5447 5590 5591 5789 5788 
5448 5591 5592 5790 5789 
5449 5592 5593 5791 5790 
5450 5593 5594 5792 5791 
5451 5594 5595 5793 5792 
5452 5595 5596 5794 5793 
5453 5596 5597 5795 5794 
5454 5597 5598 5796 5795 
5455 5598 5599 5797 5796 
5456 5599 5600 5798 5797 
5457 5600 5601 5799 5798 
5458 5601 5602 5800 5799 
5459 5602 5603 5801 5800 
5460 5603 5604 5802 5801 
5461 5604 5605 5803 5802 
5462 5605 5606 5804 5803 
5463 5606 5607 5805 5804 
5464 5607 5608 5806 5805 
5465 5608 5609 5807 5806 
5466 5609 5610 5808 5807 
5467 5610 5611 5809 5808 
5468 5611 5612 5810 5809 
5469 5612 5613 5811 5810 
5470 5613 5614 5812 5811 
5471 5614 5615 5813 5812 
5472 5615 5616 5814 5813 
5473 5616 5617 5815 5814 
5474 5617 5618 5816 5815 
5475 5618 5619 5817 5816 
5476 5619 5620 5818 5817 
5477 5620 5621 5819 5818 
5478 5621 5622 5820 5819 
5479 5622 5623 5821 5820 
5480 5623 5624 5822 5821 
5481 5624 5625 5823 5822 
5482 5625 5626 5824 5823 
5483 5626 5627 5825 5824 
5484 5627 5628 5826 5825 
5485 5628 5629 5827 5826 
5486 5629 5630 5828 5827 
5487 5630 5631 5829 5828 
5488 5631 5632 5830 5829 
5489 5632 5633 5831 5830 
5490 5633 5634 5832 5831 
5491 5634 5635 5833 5832 
5492 5635 5636 5834 5833 
5493 5636 5637 5835 5834 
5494 5637 5638 5836 5835 
5495 5638 5639 5837 5836 
5496 5639 5640 5838 5837 
5497 5640 5641 5839 5838 
5498 5641 5642 5840 5839 
5499 5642 5643 5841 5840 
5500 5643 5644 5842 5841 
5501 5644 5645 5843 5842 
5502 5645 5646 5844 5843 
5503 5646 5647 5845 5844 
5504 5647 5648 5846 5845 
5505 5648 5649 5847 5846 
5506 5649 5650 5848 5847 
5507 5650 5651 5849 5848 
5508 5651 5652 5850 5849 
5509 5652 5653 5851 5850 
5510 5653 5654 5852 5851 
5511 5654 5655 5853 5852 
5512 5655 5656 5854 5853 
5513 5656 5657 5855 5854 
5514 5657 5658 5856 5855 
5515 5658 5659 5857 5856 
5516 5659 5660 5858 5857 
5517 5660 332 331 5858 
5518 107 5661 5859 106 
5519 5661 5662 5860 5859 
5520 5662 5663 5861 5860 
5521 5663 5664 5862 5861 
5522 5664 5665 5863 5862 
5523 5665 5666 5864 5863 
5524 5666 5667 5865 5864 
5525 5667 5668 5866 5865 
5526 5668 5669 5867 5866 
5527 5669 5670 5868 5867 
5528 5670 5671 5869 5868 
5529 5671 5672 5870 5869 
5530 5672 5673 5871 5870 
5531 5673 5674 5872 5871 
5532 5674 5675 5873 5872 
5533 5675 5676 5874 5873 
5534 5676 5677 5875 5874 
5535 5677 5678 5876 5875 
5536 5678 5679 5877 5876 
5537 5679 5680 5878 5877 
5538 5680 5681 5879 5878 
5539 5681 5682 5880 5879 
5540 5682 5683 5881 5880 
5541 5683 5684 5882 5881 
5542 5684 5685 5883 5882 
5543 5685 5686 5884 5883 
5544 5686 5687 5885 5884 
5545 5687 5688 5886 5885 
5546 5688 5689 5887 5886 
5547 5689 5690 5888 5887 
5548 5690 5691 5889 5888 
5549 5691 5692 5890 5889 
5550 5692 5693 5891 5890 
5551 5693 5694 5892 5891 
5552 5694 5695 5893 5892 
5553 5695 5696 5894 5893 
5554 5696 5697 5895 5894 
5555 5697 5698 5896 5895 
5556 5698 5699 5897 5896 
5557 5699 5700 5898 5897 
5558 5700 5701 5899 5898 
5559 5701 5702 5900 5899 
5560 5702 5703 5901 5900 
5561 5703 5704 5902 5901 
5562 5704 5705 5903 5902 
5563 5705 5706 5904 5903 
5564 5706 5707 5905 5904 
5565 5707 5708 5906 5905 
5566 5708 5709 5907 5906 
5567 5709 5710 5908 5907 
5568 5710 5711 5909 5908 
5569 5711 5712 5910 5909 
5570 5712 5713 5911 5910 
5571 5713 5714 5912 5911 
5572 5714 5715 5913 5912 
5573 5715 5716 5914 5913 
5574 5716 5717 5915 5914 
5575 5717 5718 5916 5915 
5576 5718 5719 5917 5916 
5577 5719 5720 5918 5917 
5578 5720 5721 5919 5918 
5579 5721 5722 5920 5919 
5580 5722 5723 5921 5920 
5581 5723 5724 5922 5921 
5582 5724 5725 5923 5922 
5583 5725 5726 5924 5923 
5584 5726 5727 5925 5924 
5585 5727 5728 5926 5925 
5586 5728 5729 5927 5926 
5587 5729 5730 5928 5927 
5588 5730 5731 5929 5928 
5589 5731 5732 5930 5929 
5590 5732 5733 5931 5930 
5591 5733 5734 5932 5931 
5592 5734 5735 5933 5932 
5593 5735 5736 5934 5933 
5594 5736 5737 5935 5934 
5595 5737 5738 5936 5935 
5596 5738 5739 5937 5936 
5597 5739 5740 5938 5937 
5598 5740 5741 5939 5938 
5599 5741 5742 5940 5939 
5600 5742 5743 5941 5940 
5601 5743 5744 5942 5941 
5602 5744 5745 5943 5942 
5603 5745 5746 5944 5943 
5604 5746 5747 5945 5944 
5605 5747 5748 5946 5945 
5606 5748 5749 5947 5946 
5607 5749 5750 5948 5947 
5608 5750 5751 5949 5948 
5609 5751 5752 5950 5949 
5610 5752 5753 5951 5950 
5611 5753 5754 5952 5951 
5612 5754 5755 5953 5952 
5613 5755 5756 5954 5953 
5614 5756 5757 5955 5954 
5615 5757 5758 5956 5955 
5616 5758 5759 5957 5956 
5617 5759 5760 5958 5957 
5618 5760 5761 5959 5958 
5619 5761 5762 5960 5959 
5620 5762 5763 5961 5960 
5621 5763 5764 5962 5961 
5622 5764 5765 5963 5962 
5623 5765 5766 5964 5963 
5624 5766 5767 5965 5964 
5625 5767 5768 5966 5965 
5626 5768 5769 5967 5966 
5627 5769 5770 5968 5967 
5628 5770 5771 5969 5968 
5629 5771 5772 5970 5969 
5630 5772 5773 5971 5970 
5631 5773 5774 5972 5971 
5632 5774 5775 5973 5972 
5633 5775 5776 5974 5973 
5634 5776 5777 5975 5974 
5635 5777 5778 5976 5975 
5636 5778 5779 5977 5976 
5637 5779 5780 5978 5977 
5638 5780 5781 5979 5978 
5639 5781 5782 5980 5979 
5640 5782 5783 5981 5980 
5641 5783 5784 5982 5981 
5642 5784 5785 5983 5982 
5643 5785 5786 5984 5983 
5644 5786 5787 5985 5984 
5645 5787 5788 5986 5985 
5646 5788 5789 5987 5986 
5647 5789 5790 5988 5987 
5648 5790 5791 5989 5988 
5649 5791 5792 5990 5989 
5650 5792 5793 5991 5990 
5651 5793 5794 5992 5991 
5652 5794 5795 5993 5992 
5653 5795 5796 5994 5993 
5654 5796 5797 5995 5994 
5655 5797 5798 5996 5995 
5656 5798 5799 5997 5996 
5657 5799 5800 5998 5997 
5658 5800 5801 5999 5998 
5659 5801 5802 6000 5999 
5660 5802 5803 6001 6000 
5661 5803 5804 6002 6001 
5662 5804 5805 6003 6002 
5663 5805 5806 6004 6003 
5664 5806 5807 6005 6004 
5665 5807 5808 6006 6005 
5666 5808 5809 6007 6006 
5667 5809 5810 6008 6007 
5668 5810 5811 6009 6008 
5669 5811 5812 6010 6009 
5670 5812 5813 6011 6010 
5671 5813 5814 6012 6011 
5672 5814 5815 6013 6012 
5673 5815 5816 6014 6013 
5674 5816 5817 6015 6014 
5675 5817 5818 6016 6015 
5676 5818 5819 6017 6016 
5677 5819 5820 6018 6017 
5678 5820 5821 6019 6018 
5679 5821 5822 6020 6019 
5680 5822 5823 6021 6020 
5681 5823 5824 6022 6021 
5682 5824 5825 6023 6022 
5683 5825 5826 6024 6023 
5684 5826 5827 6025 6024 
5685 5827 5828 6026 6025 
5686 5828 5829 6027 6026 
5687 5829 5830 6028 6027 
5688 5830 5831 6029 6028 
5689 5831 5832 6030 6029 
5690 5832 5833 6031 6030 
5691 5833 5834 6032 6031 
5692 5834 5835 6033 6032 
5693 5835 5836 6034 6033 
5694 5836 5837 6035 6034 
5695 5837 5838 6036 6035 
5696 5838 5839 6037 6036 
5697 5839 5840 6038 6037 
5698 5840 5841 6039 6038 
5699 5841 5842 6040 6039 
5700 5842 5843 6041 6040 
5701 5843 5844 6042 6041 
5702 5844 5845 6043 6042 
5703 5845 5846 6044 6043 
5704 5846 5847 6045 6044 
5705 5847 5848 6046 6045 
5706 5848 5849 6047 6046 
5707 5849 5850 6048 6047 
5708 5850 5851 6049 6048 
5709 5851 5852 6050 6049 
5710 5852 5853 6051 6050 
5711 5853 5854 6052 6051 
5712 5854 5855 6053 6052 
5713 5855 5856 6054 6053 
5714 5856 5857 6055 6054 
5715 5857 5858 6056 6055 
5716 5858 331 330 6056 
5717 106 5859 6057 105 
5718 5859 5860 6058 6057 
5719 5860 5861 6059 6058 
5720 5861 5862 6060 6059 
5721 5862 5863 6061 6060 
5722 5863 5864 6062 6061 
5723 5864 5865 6063 6062 
5724 5865 5866 6064 6063 
5725 5866 5867 6065 6064 
5726 5867 5868 6066 6065 
5727 5868 5869 6067 6066 
5728 5869 5870 6068 6067 
5729 5870 5871 6069 6068 
5730 5871 5872 6070 6069 
5731 5872 5873 6071 6070 
5732 5873 5874 6072 6071 
5733 5874 5875 6073 6072 
5734 5875 5876 6074 6073 
5735 5876 5877 6075 6074 
5736 5877 5878 6076 6075 
5737 5878 5879 6077 6076 
5738 5879 5880 6078 6077 
5739 5880 5881 6079 6078 
5740 5881 5882 6080 6079 
5741 5882 5883 6081 6080 
5742 5883 5884 6082 6081 
5743 5884 5885 6083 6082 
5744 5885 5886 6084 6083 
5745 5886 5887 6085 6084 
5746 5887 5888 6086 6085 
5747 5888 5889 6087 6086 
5748 5889 5890 6088 6087 
5749 5890 5891 6089 6088 
5750 5891 5892 6090 6089 
5751 5892 5893 6091 6090 
5752 5893 5894 6092 6091 
5753 5894 5895 6093 6092 
5754 5895 5896 6094 6093 
5755 5896 5897 6095 6094 
5756 5897 5898 6096 6095 
5757 5898 5899 6097 6096 
5758 5899 5900 6098 6097 
5759 5900 5901 6099 6098 
5760 5901 5902 6100 6099 
5761 5902 5903 6101 6100 
5762 5903 5904 6102 6101 
5763 5904 5905 6103 6102 
5764 5905 5906 6104 6103 
5765 5906 5907 6105 6104 
5766 5907 5908 6106 6105 
5767 5908 5909 6107 6106 
5768 5909 5910 6108 6107 
5769 5910 5911 6109 6108 
5770 5911 5912 6110 6109 
5771 5912 5913 6111 6110 
5772 5913 5914 6112 6111 
5773 5914 5915 6113 6112 
5774 5915 5916 6114 6113 
5775 5916 5917 6115 6114 
5776 5917 5918 6116 6115 
5777 5918 5919 6117 6116 
5778 5919 5920 6118 6117 
5779 5920 5921 6119 6118 
5780 5921 5922 6120 6119 
5781 5922 5923 6121 6120 
5782 5923 5924 6122 6121 
5783 5924 5925 6123 6122 
5784 5925 5926 6124 6123 
5785 5926 5927 6125 6124 
5786 5927 5928 6126 6125 
5787 5928 5929 6127 6126 
5788 5929 5930 6128 6127 
5789 5930 5931 6129 6128 
5790 5931 5932 6130 6129 
5791 5932 5933 6131 6130 
5792 5933 5934 6132 6131 
5793 5934 5935 6133 6132 
5794 5935 5936 6134 6133 
5795 5936 5937 6135 6134 
5796 5937 5938 6136 6135 
5797 5938 5939 6137 6136 
5798 5939 5940 6138 6137 
5799 5940 5941 6139 6138 
5800 5941 5942 6140 6139 
5801 5942 5943 6141 6140 
5802 5943 5944 6142 6141 
5803 5944 5945 6143 6142 
5804 5945 5946 6144 6143 
5805 5946 5947 6145 6144 
5806 5947 5948 6146 6145 
5807 5948 5949 6147 6146 
5808 5949 5950 6148 6147 
5809 5950 5951 6149 6148 
5810 5951 5952 6150 6149 
5811 5952 5953 6151 6150 
5812 5953 5954 6152 6151 
5813 5954 5955 6153 6152 
5814 5955 5956 6154 6153 
5815 5956 5957 6155 6154 
5816 5957 5958 6156 6155 
5817 5958 5959 6157 6156 
5818 5959 5960 6158 6157 
5819 5960 5961 6159 6158 
5820 5961 5962 6160 6159 
5821 5962 5963 6161 6160 
5822 5963 5964 6162 6161 
5823 5964 5965 6163 6162 
5824 5965 5966 6164 6163 
5825 5966 5967 6165 6164 
5826 5967 5968 6166 6165 
5827 5968 5969 6167 6166 
5828 5969 5970 6168 6167 
5829 5970 5971 6169 6168 
5830 5971 5972 6170 6169 
5831 5972 5973 6171 6170 
5832 5973 5974 6172 6171 
5833 5974 5975 6173 6172 
5834 5975 5976 6174 6173 
5835 5976 5977 6175 6174 
5836 5977 5978 6176 6175 
5837 5978 5979 6177 6176 
5838 5979 5980 6178 6177 
5839 5980 5981 6179 6178 
5840 5981 5982 6180 6179 
5841 5982 5983 6181 6180 
5842 5983 5984 6182 6181 
5843 5984 5985 6183 6182 
5844 5985 5986 6184 6183 
5845 5986 5987 6185 6184 
5846 5987 5988 6186 6185 
5847 5988 5989 6187 6186 
5848 5989 5990 6188 6187 
5849 5990 5991 6189 6188 
5850 5991 5992 6190 6189 
5851 5992 5993 6191 6190 
5852 5993 5994 6192 6191 
5853 5994 5995 6193 6192 
5854 5995 5996 6194 6193 
5855 5996 5997 6195 6194 
5856 5997 5998 6196 6195 
5857 5998 5999 6197 6196 
5858 5999 6000 6198 6197 
5859 6000 6001 6199 6198 
5860 6001 6002 6200 6199 
5861 6002 6003 6201 6200 
5862 6003 6004 6202 6201 
5863 6004 6005 6203 6202 
5864 6005 6006 6204 6203 
5865 6006 6007 6205 6204 
5866 6007 6008 6206 6205 
5867 6008 6009 6207 6206 
5868 6009 6010 6208 6207 
5869 6010 6011 6209 6208 
5870 6011 6012 6210 6209 
5871 6012 6013 6211 6210 
5872 6013 6014 6212 6211 
5873 6014 6015 6213 6212 
5874 6015 6016 6214 6213 
5875 6016 6017 6215 6214 
5876 6017 6018 6216 6215 
5877 6018 6019 6217 6216 
5878 6019 6020 6218 6217 
5879 6020 6021 6219 6218 
5880 6021 6022 6220 6219 
5881 6022 6023 6221 6220 
5882 6023 6024 6222 6221 
5883 6024 6025 6223 6222 
5884 6025 6026 6224 6223 
5885 6026 6027 6225 6224 
5886 6027 6028 6226 6225 
5887 6028 6029 6227 6226 
5888 6029 6030 6228 6227 
5889 6030 6031 6229 6228 
5890 6031 6032 6230 6229 
5891 6032 6033 6231 6230 
5892 6033 6034 6232 6231 
5893 6034 6035 6233 6232 
5894 6035 6036 6234 6233 
5895 6036 6037 6235 6234 
5896 6037 6038 6236 6235 
5897 6038 6039 6237 6236 
5898 6039 6040 6238 6237 
5899 6040 6041 6239 6238 
5900 6041 6042 6240 6239 
5901 6042 6043 6241 6240 
5902 6043 6044 6242 6241 
5903 6044 6045 6243 6242 
5904 6045 6046 6244 6243 
5905 6046 6047 6245 6244 
5906 6047 6048 6246 6245 
5907 6048 6049 6247 6246 
5908 6049 6050 6248 6247 
5909 6050 6051 6249 6248 
5910 6051 6052 6250 6249 
5911 6052 6053 6251 6250 
5912 6053 6054 6252 6251 
5913 6054 6055 6253 6252 
5914 6055 6056 6254 6253 
5915 6056 330 329 6254 
5916 105 6057 6255 104 
5917 6057 6058 6256 6255 
5918 6058 6059 6257 6256 
5919 6059 6060 6258 6257 
5920 6060 6061 6259 6258 
5921 6061 6062 6260 6259 
5922 6062 6063 6261 6260 
5923 6063 6064 6262 6261 
5924 6064 6065 6263 6262 
5925 6065 6066 6264 6263 
5926 6066 6067 6265 6264 
5927 6067 6068 6266 6265 
5928 6068 6069 6267 6266 
5929 6069 6070 6268 6267 
5930 6070 6071 6269 6268 
5931 6071 6072 6270 6269 
5932 6072 6073 6271 6270 
5933 6073 6074 6272 6271 
5934 6074 6075 6273 6272 
5935 6075 6076 6274 6273 
5936 6076 6077 6275 6274 
5937 6077 6078 6276 6275 
5938 6078 6079 6277 6276 
5939 6079 6080 6278 6277 
5940 6080 6081 6279 6278 
5941 6081 6082 6280 6279 
5942 6082 6083 6281 6280 
5943 6083 6084 6282 6281 
5944 6084 6085 6283 6282 
5945 6085 6086 6284 6283 
5946 6086 6087 6285 6284 
5947 6087 6088 6286 6285 
5948 6088 6089 6287 6286 
5949 6089 6090 6288 6287 
5950 6090 6091 6289 6288 
5951 6091 6092 6290 6289 
5952 6092 6093 6291 6290 
5953 6093 6094 6292 6291 
5954 6094 6095 6293 6292 
5955 6095 6096 6294 6293 
5956 6096 6097 6295 6294 
5957 6097 6098 6296 6295 
5958 6098 6099 6297 6296 
5959 6099 6100 6298 6297 
5960 6100 6101 6299 6298 
5961 6101 6102 6300 6299 
5962 6102 6103 6301 6300 
5963 6103 6104 6302 6301 
5964 6104 6105 6303 6302 
5965 6105 6106 6304 6303 
5966 6106 6107 6305 6304 
5967 6107 6108 6306 6305 
5968 6108 6109 6307 6306 
5969 6109 6110 6308 6307 
5970 6110 6111 6309 6308 
5971 6111 6112 6310 6309 
5972 6112 6113 6311 6310 
5973 6113 6114 6312 6311 
5974 6114 6115 6313 6312 
5975 6115 6116 6314 6313 
5976 6116 6117 6315 6314 
5977 6117 6118 6316 6315 
5978 6118 6119 6317 6316 
5979 6119 6120 6318 6317 
5980 6120 6121 6319 6318 
5981 6121 6122 6320 6319 
5982 6122 6123 6321 6320 
5983 6123 6124 6322 6321 
5984 6124 6125 6323 6322 
5985 6125 6126 6324 6323 
5986 6126 6127 6325 6324 
5987 6127 6128 6326 6325 
5988 6128 6129 6327 6326 
5989 6129 6130 6328 6327 
5990 6130 6131 6329 6328 
5991 6131 6132 6330 6329 
5992 6132 6133 6331 6330 
5993 6133 6134 6332 6331 
5994 6134 6135 6333 6332 
5995 6135 6136 6334 6333 
5996 6136 6137 6335 6334 
5997 6137 6138 6336 6335 
5998 6138 6139 6337 6336 
5999 6139 6140 6338 6337 
6000 6140 6141 6339 6338 
6001 6141 6142 6340 6339 
6002 6142 6143 6341 6340 
6003 6143 6144 6342 6341 
6004 6144 6145 6343 6342 
6005 6145 6146 6344 6343 
6006 6146 6147 6345 6344 
6007 6147 6148 6346 6345 
6008 6148 6149 6347 6346 
6009 6149 6150 6348 6347 
6010 6150 6151 6349 6348 
6011 6151 6152 6350 6349 
6012 6152 6153 6351 6350 
6013 6153 6154 6352 6351 
6014 6154 6155 6353 6352 
6015 6155 6156 6354 6353 
6016 6156 6157 6355 6354 
6017 6157 6158 6356 6355 
6018 6158 6159 6357 6356 
6019 6159 6160 6358 6357 
6020 6160 6161 6359 6358 
6021 6161 6162 6360 6359 
6022 6162 6163 6361 6360 
6023 6163 6164 6362 6361 
6024 6164 6165 6363 6362 
6025 6165 6166 6364 6363 
6026 6166 6167 6365 6364 
6027 6167 6168 6366 6365 
6028 6168 6169 6367 6366 
6029 6169 6170 6368 6367 
6030 6170 6171 6369 6368 
6031 6171 6172 6370 6369 
6032 6172 6173 6371 6370 
6033 6173 6174 6372 6371 
6034 6174 6175 6373 6372 
6035 6175 6176 6374 6373 
6036 6176 6177 6375 6374 
6037 6177 6178 6376 6375 
6038 6178 6179 6377 6376 
6039 6179 6180 6378 6377 
6040 6180 6181 6379 6378 
6041 6181 6182 6380 6379 
6042 6182 6183 6381 6380 
6043 6183 6184 6382 6381 
6044 6184 6185 6383 6382 
6045 6185 6186 6384 6383 
6046 6186 6187 6385 6384 
6047 6187 6188 6386 6385 
6048 6188 6189 6387 6386 
6049 6189 6190 6388 6387 
6050 6190 6191 6389 6388 
6051 6191 6192 6390 6389 
6052 6192 6193 6391 6390 
6053 6193 6194 6392 6391 
6054 6194 6195 6393 6392 
6055 6195 6196 6394 6393 
6056 6196 6197 6395 6394 
6057 6197 6198 6396 6395 
6058 6198 6199 6397 6396 
6059 6199 6200 6398 6397 
6060 6200 6201 6399 6398 
6061 6201 6202 6400 6399 
6062 6202 6203 6401 6400 
6063 6203 6204 6402 6401 
6064 6204 6205 6403 6402 
6065 6205 6206 6404 6403 
6066 6206 6207 6405 6404 
6067 6207 6208 6406 6405 
6068 6208 6209 6407 6406 
6069 6209 6210 6408 6407 
6070 6210 6211 6409 6408 
6071 6211 6212 6410 6409 
6072 6212 6213 6411 6410 
6073 6213 6214 6412 6411 
6074 6214 6215 6413 6412 
6075 6215 6216 6414 6413 
6076 6216 6217 6415 6414 
6077 6217 6218 6416 6415 
6078 6218 6219 6417 6416 
6079 6219 6220 6418 6417 
6080 6220 6221 6419 6418 
6081 6221 6222 6420 6419 
6082 6222 6223 6421 6420 
6083 6223 6224 6422 6421 
6084 6224 6225 6423 6422 
6085 6225 6226 6424 6423 
6086 6226 6227 6425 6424 
6087 6227 6228 6426 6425 
6088 6228 6229 6427 6426 
6089 6229 6230 6428 6427 
6090 6230 6231 6429 6428 
6091 6231 6232 6430 6429 
6092 6232 6233 6431 6430 
6093 6233 6234 6432 6431 
6094 6234 6235 6433 6432 
6095 6235 6236 6434 6433 
6096 6236 6237 6435 6434 
6097 6237 6238 6436 6435 
6098 6238 6239 6437 6436 
6099 6239 6240 6438 6437 
6100 6240 6241 6439 6438 
6101 6241 6242 6440 6439 
6102 6242 6243 6441 6440 
6103 6243 6244 6442 6441 
6104 6244 6245 6443 6442 
6105 6245 6246 6444 6443 
6106 6246 6247 6445 6444 
6107 6247 6248 6446 6445 
6108 6248 6249 6447 6446 
6109 6249 6250 6448 6447 
6110 6250 6251 6449 6448 
6111 6251 6252 6450 6449 
6112 6252 6253 6451 6450 
6113 6253 6254 6452 6451 
6114 6254 329 328 6452 
6115 104 6255 6453 103 
6116 6255 6256 6454 6453 
6117 6256 6257 6455 6454 
6118 6257 6258 6456 6455 
6119 6258 6259 6457 6456 
6120 6259 6260 6458 6457 
6121 6260 6261 6459 6458 
6122 6261 6262 6460 6459 
6123 6262 6263 6461 6460 
6124 6263 6264 6462 6461 
6125 6264 6265 6463 6462 
6126 6265 6266 6464 6463 
6127 6266 6267 6465 6464 
6128 6267 6268 6466 6465 
6129 6268 6269 6467 6466 
6130 6269 6270 6468 6467 
6131 6270 6271 6469 6468 
6132 6271 6272 6470 6469 
6133 6272 6273 6471 6470 
6134 6273 6274 6472 6471 
6135 6274 6275 6473 6472 
6136 6275 6276 6474 6473 
6137 6276 6277 6475 6474 
6138 6277 6278 6476 6475 
6139 6278 6279 6477 6476 
6140 6279 6280 6478 6477 
6141 6280 6281 6479 6478 
6142 6281 6282 6480 6479 
6143 6282 6283 6481 6480 
6144 6283 6284 6482 6481 
6145 6284 6285 6483 6482 
6146 6285 6286 6484 6483 
6147 6286 6287 6485 6484 
6148 6287 6288 6486 6485 
6149 6288 6289 6487 6486 
6150 6289 6290 6488 6487 
6151 6290 6291 6489 6488 
6152 6291 6292 6490 6489 
6153 6292 6293 6491 6490 
6154 6293 6294 6492 6491 
6155 6294 6295 6493 6492 
6156 6295 6296 6494 6493 
6157 6296 6297 6495 6494 
6158 6297 6298 6496 6495 
6159 6298 6299 6497 6496 
6160 6299 6300 6498 6497 
6161 6300 6301 6499 6498 
6162 6301 6302 6500 6499 
6163 6302 6303 6501 6500 
6164 6303 6304 6502 6501 
6165 6304 6305 6503 6502 
6166 6305 6306 6504 6503 
6167 6306 6307 6505 6504 
6168 6307 6308 6506 6505 
6169 6308 6309 6507 6506 
6170 6309 6310 6508 6507 
6171 6310 6311 6509 6508 
6172 6311 6312 6510 6509 
6173 6312 6313 6511 6510 
6174 6313 6314 6512 6511 
6175 6314 6315 6513 6512 
6176 6315 6316 6514 6513 
6177 6316 6317 6515 6514 
6178 6317 6318 6516 6515 
6179 6318 6319 6517 6516 
6180 6319 6320 6518 6517 
6181 6320 6321 6519 6518 
6182 6321 6322 6520 6519 
6183 6322 6323 6521 6520 
6184 6323 6324 6522 6521 
6185 6324 6325 6523 6522 
6186 6325 6326 6524 6523 
6187 6326 6327 6525 6524 
6188 6327 6328 6526 6525 
6189 6328 6329 6527 6526 
6190 6329 6330 6528 6527 
6191 6330 6331 6529 6528 
6192 6331 6332 6530 6529 
6193 6332 6333 6531 6530 
6194 6333 6334 6532 6531 
6195 6334 6335 6533 6532 
6196 6335 6336 6534 6533 
6197 6336 6337 6535 6534 
6198 6337 6338 6536 6535 
6199 6338 6339 6537 6536 
6200 6339 6340 6538 6537 
6201 6340 6341 6539 6538 
6202 6341 6342 6540 6539 
6203 6342 6343 6541 6540 
6204 6343 6344 6542 6541 
6205 6344 6345 6543 6542 
6206 6345 6346 6544 6543 
6207 6346 6347 6545 6544 
6208 6347 6348 6546 6545 
6209 6348 6349 6547 6546 
6210 6349 6350 6548 6547 
6211 6350 6351 6549 6548 
6212 6351 6352 6550 6549 
6213 6352 6353 6551 6550 
6214 6353 6354 6552 6551 
6215 6354 6355 6553 6552 
6216 6355 6356 6554 6553 
6217 6356 6357 6555 6554 
6218 6357 6358 6556 6555 
6219 6358 6359 6557 6556 
6220 6359 6360 6558 6557 
6221 6360 6361 6559 6558 
6222 6361 6362 6560 6559 
6223 6362 6363 6561 6560 
6224 6363 6364 6562 6561 
6225 6364 6365 6563 6562 
6226 6365 6366 6564 6563 
6227 6366 6367 6565 6564 
6228 6367 6368 6566 6565 
6229 6368 6369 6567 6566 
6230 6369 6370 6568 6567 
6231 6370 6371 6569 6568 
6232 6371 6372 6570 6569 
6233 6372 6373 6571 6570 
6234 6373 6374 6572 6571 
6235 6374 6375 6573 6572 
6236 6375 6376 6574 6573 
6237 6376 6377 6575 6574 
6238 6377 6378 6576 6575 
6239 6378 6379 6577 6576 
6240 6379 6380 6578 6577 
6241 6380 6381 6579 6578 
6242 6381 6382 6580 6579 
6243 6382 6383 6581 6580 
6244 6383 6384 6582 6581 
6245 6384 6385 6583 6582 
6246 6385 6386 6584 6583 
6247 6386 6387 6585 6584 
6248 6387 6388 6586 6585 
6249 6388 6389 6587 6586 
6250 6389 6390 6588 6587 
6251 6390 6391 6589 6588 
6252 6391 6392 6590 6589 
6253 6392 6393 6591 6590 
6254 6393 6394 6592 6591 
6255 6394 6395 6593 6592 
6256 6395 6396 6594 6593 
6257 6396 6397 6595 6594 
6258 6397 6398 6596 6595 
6259 6398 6399 6597 6596 
6260 6399 6400 6598 6597 
6261 6400 6401 6599 6598 
6262 6401 6402 6600 6599 
6263 6402 6403 6601 6600 
6264 6403 6404 6602 6601 
6265 6404 6405 6603 6602 
6266 6405 6406 6604 6603 
6267 6406 6407 6605 6604 
6268 6407 6408 6606 6605 
6269 6408 6409 6607 6606 
6270 6409 6410 6608 6607 
6271 6410 6411 6609 6608 
6272 6411 6412 6610 6609 
6273 6412 6413 6611 6610 
6274 6413 6414 6612 6611 
6275 6414 6415 6613 6612 
6276 6415 6416 6614 6613 
6277 6416 6417 6615 6614 
6278 6417 6418 6616 6615 
6279 6418 6419 6617 6616 
6280 6419 6420 6618 6617 
6281 6420 6421 6619 6618 
6282 6421 6422 6620 6619 
6283 6422 6423 6621 6620 
6284 6423 6424 6622 6621 
6285 6424 6425 6623 6622 
6286 6425 6426 6624 6623 
6287 6426 6427 6625 6624 
6288 6427 6428 6626 6625 
6289 6428 6429 6627 6626 
6290 6429 6430 6628 6627 
6291 6430 6431 6629 6628 
6292 6431 6432 6630 6629 
6293 6432 6433 6631 6630 
6294 6433 6434 6632 6631 
6295 6434 6435 6633 6632 
6296 6435 6436 6634 6633 
6297 6436 6437 6635 6634 
6298 6437 6438 6636 6635 
6299 6438 6439 6637 6636 
6300 6439 6440 6638 6637 
6301 6440 6441 6639 6638 
6302 6441 6442 6640 6639 
6303 6442 6443 6641 6640 
6304 6443 6444 6642 6641 
6305 6444 6445 6643 6642 
6306 6445 6446 6644 6643 
6307 6446 6447 6645 6644 
6308 6447 6448 6646 6645 
6309 6448 6449 6647 6646 
6310 6449 6450 6648 6647 
6311 6450 6451 6649 6648 
6312 6451 6452 6650 6649 
6313 6452 328 327 6650 
6314 103 6453 539 68 
6315 6453 6454 540 539 
6316 6454 6455 541 540 
6317 6455 6456 542 541 
6318 6456 6457 543 542 
6319 6457 6458 544 543 
6320 6458 6459 545 544 
6321 6459 6460 546 545 
6322 6460 6461 547 546 
6323 6461 6462 548 547 
6324 6462 6463 549 548 
6325 6463 6464 550 549 
6326 6464 6465 551 550 
6327 6465 6466 552 551 
6328 6466 6467 553 552 
6329 6467 6468 554 553 
6330 6468 6469 555 554 
6331 6469 6470 556 555 
6332 6470 6471 557 556 
6333 6471 6472 558 557 
6334 6472 6473 559 558 
6335 6473 6474 560 559 
6336 6474 6475 561 560 
6337 6475 6476 562 561 
6338 6476 6477 563 562 
6339 6477 6478 564 563 
6340 6478 6479 565 564 
6341 6479 6480 566 565 
6342 6480 6481 567 566 
6343 6481 6482 568 567 
6344 6482 6483 569 568 
6345 6483 6484 570 569 
6346 6484 6485 571 570 
6347 6485 6486 572 571 
6348 6486 6487 573 572 
6349 6487 6488 574 573 
6350 6488 6489 575 574 
6351 6489 6490 576 575 
6352 6490 6491 577 576 
6353 6491 6492 578 577 
6354 6492 6493 579 578 
6355 6493 6494 580 579 
6356 6494 6495 581 580 
6357 6495 6496 582 581 
6358 6496 6497 583 582 
6359 6497 6498 584 583 
6360 6498 6499 585 584 
6361 6499 6500 586 585 
6362 6500 6501 587 586 
6363 6501 6502 588 587 
6364 6502 6503 589 588 
6365 6503 6504 590 589 
6366 6504 6505 591 590 
6367 6505 6506 592 591 
6368 6506 6507 593 592 
6369 6507 6508 594 593 
6370 6508 6509 595 594 
6371 6509 6510 596 595 
6372 6510 6511 597 596 
6373 6511 6512 598 597 
6374 6512 6513 599 598 
6375 6513 6514 600 599 
6376 6514 6515 601 600 
6377 6515 6516 602 601 
6378 6516 6517 603 602 
6379 6517 6518 604 603 
6380 6518 6519 605 604 
6381 6519 6520 606 605 
6382 6520 6521 607 606 
6383 6521 6522 608 607 
6384 6522 6523 609 608 
6385 6523 6524 610 609 
6386 6524 6525 611 610 
6387 6525 6526 612 611 
6388 6526 6527 613 612 
6389 6527 6528 614 613 
6390 6528 6529 615 614 
6391 6529 6530 616 615 
6392 6530 6531 617 616 
6393 6531 6532 618 617 
6394 6532 6533 619 618 
6395 6533 6534 620 619 
6396 6534 6535 621 620 
6397 6535 6536 622 621 
6398 6536 6537 623 622 
6399 6537 6538 624 623 
6400 6538 6539 625 624 
6401 6539 6540 626 625 
6402 6540 6541 627 626 
6403 6541 6542 628 627 
6404 6542 6543 629 628 
6405 6543 6544 630 629 
6406 6544 6545 631 630 
6407 6545 6546 632 631 
6408 6546 6547 633 632 
6409 6547 6548 634 633 
6410 6548 6549 635 634 
6411 6549 6550 636 635 
6412 6550 6551 637 636 
6413 6551 6552 638 637 
6414 6552 6553 639 638 
6415 6553 6554 640 639 
6416 6554 6555 641 640 
6417 6555 6556 642 641 
6418 6556 6557 643 642 
6419 6557 6558 644 643 
6420 6558 6559 645 644 
6421 6559 6560 646 645 
6422 6560 6561 647 646 
6423 6561 6562 648 647 
6424 6562 6563 649 648 
6425 6563 6564 650 649 
6426 6564 6565 651 650 
6427 6565 6566 652 651 
6428 6566 6567 653 652 
6429 6567 6568 654 653 
6430 6568 6569 655 654 
6431 6569 6570 656 655 
6432 6570 6571 657 656 
6433 6571 6572 658 657 
6434 6572 6573 659 658 
6435 6573 6574 660 659 
6436 6574 6575 661 660 
6437 6575 6576 662 661 
6438 6576 6577 663 662 
6439 6577 6578 664 663 
6440 6578 6579 665 664 
6441 6579 6580 666 665 
6442 6580 6581 667 666 
6443 6581 6582 668 667 
6444 6582 6583 669 668 
6445 6583 6584 670 669 
6446 6584 6585 671 670 
6447 6585 6586 672 671 
6448 6586 6587 673 672 
6449 6587 6588 674 673 
6450 6588 6589 675 674 
6451 6589 6590 676 675 
6452 6590 6591 677 676 
6453 6591 6592 678 677 
6454 6592 6593 679 678 
6455 6593 6594 680 679 
6456 6594 6595 681 680 
6457 6595 6596 682 681 
6458 6596 6597 683 682 
6459 6597 6598 684 683 
6460 6598 6599 685 684 
6461 6599 6600 686 685 
6462 6600 6601 687 686 
6463 6601 6602 688 687 
6464 6602 6603 689 688 
6465 6603 6604 690 689 
6466 6604 6605 691 690 
6467 6605 6606 692 691 
6468 6606 6607 693 692 
6469 6607 6608 694 693 
6470 6608 6609 695 694 
6471 6609 6610 696 695 
6472 6610 6611 697 696 
6473 6611 6612 698 697 
6474 6612 6613 699 698 
6475 6613 6614 700 699 
6476 6614 6615 701 700 
6477 6615 6616 702 701 
6478 6616 6617 703 702 
6479 6617 6618 704 703 
6480 6618 6619 705 704 
6481 6619 6620 706 705 
6482 6620 6621 707 706 
6483 6621 6622 708 707 
6484 6622 6623 709 708 
6485 6623 6624 710 709 
6486 6624 6625 711 710 
6487 6625 6626 712 711 
6488 6626 6627 713 712 
6489 6627 6628 714 713 
6490 6628 6629 715 714 
6491 6629 6630 716 715 
6492 6630 6631 717 716 
6493 6631 6632 718 717 
6494 6632 6633 719 718 
6495 6633 6634 720 719 
6496 6634 6635 721 720 
6497 6635 6636 722 721 
6498 6636 6637 723 722 
6499 6637 6638 724 723 
6500 6638 6639 725 724 
6501 6639 6640 726 725 
6502 6640 6641 727 726 
6503 6641 6642 728 727 
6504 6642 6643 729 728 
6505 6643 6644 730 729 
6506 6644 6645 731 730 
6507 6645 6646 732 731 
6508 6646 6647 733 732 
6509 6647 6648 734 733 
6510 6648 6649 735 734 
6511 6649 6650 736 735 
6512 6650 327 71 736 
2 7 2 8
6513 343 342 6739 
6514 6739 344 343 
6515 6737 347 346 
6516 346 345 6737 
6517 534 533 6738 
6518 6738 535 534 
6519 6740 538 537 
6520 537 536 6740 
2 7 3 1416
6521 7436 6705 7437 7272 
6522 7613 7366 7677 6923 
6523 7261 7698 7108 7615 
6524 6830 6910 7385 7301 
6525 7548 7260 7577 7339 
6526 7849 6929 7607 7277 
6527 7459 6865 7474 7285 
6528 7744 7229 6933 6959 
6529 7322 7489 7490 7321 
6530 7389 6820 7842 7388 
6531 7278 7063 7262 7856 
6532 6850 6772 6770 7626 
6533 7155 7475 7157 7154 
6534 7831 7125 7127 7256 
6535 7515 7407 7897 6710 
6536 7425 7349 7084 7115 
6537 7406 7900 7247 7010 
6538 779 780 7320 7429 
6539 7229 7351 7672 6950 
6540 7120 7329 6951 7004 
6541 7828 7454 7364 7200 
6542 6872 7310 7834 6881 
6543 7240 7657 7155 7813 
6544 7323 7355 7661 7462 
6545 7300 7235 7707 7568 
6546 7433 7300 7568 6682 
6547 7242 7243 6995 7241 
6548 7466 6726 7596 7371 
6549 7099 7625 7483 7626 
6550 6935 7680 7878 7657 
6551 7317 7400 7448 7445 
6552 7320 780 781 6743 
6553 7589 6669 7601 7546 
6554 7677 7366 7117 7479 
6555 7701 7537 6904 6950 
6556 7408 7528 6678 7448 
6557 7225 7325 7894 7756 
6558 7272 7431 6729 7436 
6559 7229 6950 6904 6933 
6560 7896 6698 7851 7687 
6561 7510 6890 7889 7709 
6562 7136 6748 6707 7427 
6563 7257 7762 7363 7241 
6564 398 7440 6663 399 
6565 7533 7326 7042 7145 
6566 7367 7509 6861 6890 
6567 7217 7385 6910 7471 
6568 7535 7839 7398 6690 
6569 7742 7673 7903 7743 
6570 7942 7179 7176 7248 
6571 7573 6978 7417 7755 
6572 6703 7645 7207 7739 
6573 7138 7434 7049 7344 
6574 7058 7881 7263 6968 
6575 7944 7347 7486 7485 
6576 7784 7258 7172 7170 
6577 6747 6749 7749 6946 
6578 7349 7348 7005 7084 
6579 6661 7630 7369 7349 
6580 7176 7174 7837 7248 
6581 6813 7461 7247 7693 
6582 7322 7380 7191 7189 
6583 7086 7344 7410 7152 
6584 7007 7052 7272 7437 
6585 7462 6783 7463 7323 
6586 6972 6971 7948 7287 
6587 7265 7339 7577 7338 
6588 7854 7631 7466 7381 
6589 6818 6826 7860 7261 
6590 7312 7311 7073 7071 
6591 7656 6935 7657 7240 
6592 7256 7127 7129 7255 
6593 7312 7071 7069 7790 
6594 6771 7356 7931 7424 
6595 7503 7314 7781 7030 
6596 7400 7298 7408 7448 
6597 6819 6820 7389 7390 
6598 7166 7302 7203 7168 
6599 7168 7203 7784 7170 
6600 7004 7005 7348 7119 
6601 6923 7641 7460 7613 
6602 6951 6953 7005 7004 
6603 6707 6747 7858 6746 
6604 7141 7358 7873 7480 
6605 7320 6743 7321 7910 
6606 6821 6822 6828 6827 
6607 7140 7073 7311 7210 
6608 7446 7359 7773 6742 
6609 7578 7792 7144 7409 
6610 7308 7903 7711 7307 
6611 6824 6814 7661 7355 
6612 6788 6792 7830 7404 
6613 7054 7130 7862 7357 
6614 7440 7797 7374 7375 
6615 7522 7855 7524 6800 
6616 786 7325 7157 7324 
6617 7468 6715 7528 7408 
6618 7194 7252 7255 7129 
6619 7119 7348 7865 7457 
6620 7373 7302 7303 7581 
6621 7350 6687 7411 7886 
6622 7406 7097 7148 7450 
6623 6749 6747 6707 6748 
6624 7066 7374 7209 7067 
6625 6746 782 783 6707 
6626 7414 7845 7437 6705 
6627 6806 7281 6804 6803 
6628 7486 7347 7244 7708 
6629 7321 6743 7380 7322 
6630 7455 7364 7454 6887 
6631 7230 7135 7944 7368 
6632 7597 7771 7186 7184 
6633 6930 6896 6882 6895 
6634 6953 6951 6920 6919 
6635 7357 7141 7092 6999 
6636 7022 7192 7340 7074 
6637 6999 6961 7054 7357 
6638 7232 7114 6971 6937 
6639 7273 7130 7054 7056 
6640 6794 6796 7291 6799 
6641 7763 7076 7077 7204 
6642 7083 7081 7237 7268 
6643 7330 7120 7449 7331 
6644 7346 7918 6676 7511 
6645 7344 7086 7047 7138 
6646 7101 7234 7262 7063 
6647 6970 7032 7803 7249 
6648 6895 6882 6871 6881 
6649 7265 7338 6965 7057 
6650 7371 7316 7465 7464 
6651 7289 7026 7111 7231 
6652 7103 7370 7033 7034 
6653 6883 7455 6887 6884 
6654 740 739 7927 7305 
6655 7512 7679 7236 7346 
6656 7294 7755 7121 7923 
6657 7944 7135 7244 7347 
6658 6731 7633 7363 7634 
6659 7584 7583 6695 7789 
6660 7836 7055 7690 7283 
6661 7658 6708 7772 7327 
6662 7301 6828 6829 6830 
6663 7230 7061 7078 7135 
6664 7063 7278 7040 6989 
6665 7458 7451 7821 7605 
6666 6752 6754 6934 7208 
6667 6752 6927 7205 6751 
6668 7050 7366 7613 7131 
6669 6968 6970 7249 7058 
6670 7405 7544 788 789 
6671 7388 7386 7387 7389 
6672 7659 784 785 6704 
6673 6965 6966 7263 7057 
6674 7019 7066 7067 7021 
6675 7694 7887 7615 7108 
6676 7582 7510 7709 7080 
6677 7206 6877 6878 6879 
6678 7452 6944 6964 7867 
6679 7645 6703 7470 7378 
6680 7814 6931 7834 7737 
6681 6746 7825 781 782 
6682 7178 7179 7444 7180 
6683 7123 7124 7803 7032 
6684 6991 6990 7082 7081 
6685 6849 6845 7593 6919 
6686 7387 7386 7035 7037 
6687 7112 7412 7614 7118 
6688 7081 7082 7238 7237 
6689 739 738 7868 6706 
6690 6751 6749 6748 6750 
6691 6821 6768 6769 6811 
6692 7338 6964 6948 6965 
6693 6656 7318 7791 7531 
6694 6962 7328 7906 6930 
6695 6945 6843 6844 6851 
6696 6976 6977 7034 7033 
6697 6852 7399 7608 6924 
6698 7937 7093 7092 7362 
6699 7415 6886 6888 6891 
6700 6827 6849 7573 7384 
6701 7460 7285 7134 7133 
6702 7834 7310 7206 7737 
6703 7709 7343 6867 7342 
6704 7014 7013 7113 7112 
6705 7105 7093 7937 7106 
6706 7215 7758 7425 7115 
6707 7800 7720 7208 6934 
6708 7026 7289 7022 7023 
6709 6827 7384 7294 6821 
6710 6857 6858 7529 6856 
6711 6741 798 799 7393 
6712 7305 6688 741 740 
6713 6823 6816 6817 6818 
6714 6996 7076 7919 6995 
6715 6902 6913 7947 6900 
6716 6990 6941 6940 6942 
6717 6697 7718 7496 7899 
6718 7446 7393 799 7359 
6719 7004 7119 7449 7120 
6720 6940 6941 7929 6916 
6721 6804 6801 6802 6803 
6722 6989 6988 7101 7063 
6723 6863 6955 7646 7474 
6724 7034 7035 7386 7103 
6725 6708 796 797 7402 
6726 7393 7394 7936 6741 
6727 7366 7050 7075 7117 
6728 7330 7331 7769 7332 
6729 7370 7144 7038 7033 
6730 7223 7419 7934 7220 
6731 7590 6954 6914 7372 
6732 7291 6796 6797 6801 
6733 7477 7476 6727 7598 
6734 6794 7401 7830 6792 
6735 7121 7226 7280 6762 
6736 6896 6930 7906 6937 
6737 6993 6785 6786 6957 
6738 7343 6864 6866 6867 
6739 7287 7047 7046 6972 
6740 6828 6845 6849 6827 
6741 528 527 7687 7851 
6742 7398 7216 7218 7219 
6743 7329 6952 6920 6951 
6744 7326 7090 7043 7042 
6745 6954 6913 6902 6914 
6746 6928 7403 6892 6897 
6747 7323 7150 7065 7064 
6748 7042 7040 7278 7145 
6749 7655 6897 6898 7360 
6750 7648 7391 6816 6823 
6751 7130 7273 7897 7407 
6752 7879 7491 7728 7397 
6753 7282 7911 6812 7668 
6754 6771 7424 6811 6769 
6755 6892 6894 6898 6897 
6756 7712 7234 7292 7422 
6757 7114 7502 7882 7288 
6758 6995 7243 7744 6959 
6759 6765 6768 6821 7294 
6760 7289 7231 7781 7314 
6761 7929 7372 6914 6916 
6762 7066 7019 7902 7376 
6763 6819 7390 7785 6832 
6764 7106 7296 7297 7107 
6765 7620 7818 6891 7403 
6766 6762 7280 7901 6759 
6767 7345 7401 6794 6799 
6768 6961 6999 7000 6949 
6769 70 7840 7353 737 
6770 7020 7612 7293 7611 
6771 7706 7233 7906 7328 
6772 7403 6891 6888 6892 
6773 6886 7415 7426 6885 
6774 6667 7472 7315 7798 
6775 7029 7060 7078 7061 
6776 6962 6930 6895 6931 
6777 7717 7233 7706 7761 
6778 7853 7426 7731 7267 
6779 7227 7789 7572 7228 
6780 7037 7747 7309 7711 
6781 7057 7264 7637 7265 
6782 7663 7695 7487 7651 
6783 7443 7182 7181 7180 
6784 6971 7114 7288 7948 
6785 7947 7360 6898 6900 
6786 6999 7092 7093 7000 
6787 6949 6912 7053 6961 
6788 7278 7279 7533 7145 
6789 7402 797 798 6741 
6790 7323 7463 7693 7150 
6791 7023 7025 7027 7026 
6792 7141 7361 7362 7092 
6793 7061 7284 7938 7029 
6794 7739 7207 7886 7411 
6795 7050 7131 7132 6993 
6796 7386 7388 7421 7103 
6797 7468 7408 7298 7297 
6798 6962 6963 7023 7022 
6799 7467 6682 744 743 
6800 6926 6987 7104 7430 
6801 7840 7246 7945 7353 
6802 796 6708 7470 795 
6803 6971 6938 6896 6937 
6804 7646 6955 7689 7478 
6805 7346 7236 7087 7152 
6806 7723 6842 6904 7537 
6807 6874 6876 6878 6877 
6808 7261 7860 7482 7698 
6809 7268 7318 7319 7083 
6810 6846 7355 7323 7064 
6811 6881 6871 6870 6872 
6812 7152 7087 7048 7086 
6813 7084 7005 6953 7006 
6814 6961 7053 7055 7054 
6815 6839 6830 6829 6831 
6816 7456 7365 7364 7455 
6817 7398 7688 7534 6690 
6818 6868 6871 6882 7341 
6819 7223 7224 7400 7317 
6820 6751 7205 7749 6749 
6821 7483 7625 7805 7011 
6822 7190 7187 7186 7487 
6823 7022 7074 7328 6962 
6824 799 800 7377 7359 
6825 7208 7811 6927 6752 
6826 6874 6877 7206 7310 
6827 6842 6848 7860 6826 
6828 7419 7418 7681 6659 
6829 6816 7391 7890 6809 
6830 784 7427 6707 783 
6831 7341 6867 6866 6868 
6832 7510 7582 7283 7690 
6833 7086 7048 7046 7047 
6834 7131 7133 7134 7132 
6835 7220 7222 7224 7223 
6836 7172 7258 7837 7174 
6837 6843 6839 6831 6840 
6838 6854 6855 6857 6856 
6839 7936 7394 7736 7431 
6840 7349 7425 7536 6661 
6841 7498 6654 7434 7662 
6842 7759 7281 7911 7282 
6843 6765 6767 6769 6768 
6844 6993 6957 7075 7050 
6845 7557 7623 7565 6723 
6846 6704 785 786 7324 
6847 7115 7084 7006 7085 
6848 6830 6839 7907 6910 
6849 6759 6761 6763 6762 
6850 6851 6924 7696 7732 
6851 6974 7432 7561 6975 
6852 7325 786 787 7894 
6853 7432 7016 7235 7300 
6854 6924 6851 6844 6852 
6855 7374 7066 7376 7375 
6856 6867 7341 7892 7342 
6857 6998 6954 7590 7013 
6858 7281 6806 6812 7911 
6859 7893 6879 6880 7853 
6860 7936 7493 7402 6741 
6861 7215 7115 7085 7116 
6862 7927 7884 7850 7306 
6863 7920 7166 7165 7140 
6864 6711 7422 7292 7423 
6865 6988 6989 7039 6928 
6866 6754 6756 7764 6934 
6867 7398 7215 7116 7216 
6868 6751 6750 6753 6752 
6869 6752 6753 6755 6754 
6870 7665 7666 7686 7204 
6871 7344 7049 7713 7410 
6872 7598 7599 6671 7477 
6873 7033 7038 7473 6976 
6874 6818 7261 7615 6823 
6875 6732 7771 7597 7636 
6876 7263 6966 6967 6968 
6877 7114 7232 7857 7502 
6878 6651 7422 6711 7516 
6879 7013 7014 7197 6998 
6880 6687 791 792 7411 
6881 6754 6755 6757 6756 
6882 7057 7263 7676 7264 
6883 7561 7432 7300 7433 
6884 6799 7481 7807 7345 
6885 7311 7312 7841 7313 
6886 7532 7628 7909 7444 
6887 6688 7383 742 741 
6888 7217 7627 7102 7385 
6889 7218 7220 7934 7219 
6890 6933 6936 6960 6959 
6891 6815 6825 6835 7538 
6892 7179 7178 7177 7176 
6893 6928 6897 7655 6988 
6894 7686 7685 7763 7204 
6895 6912 7509 7367 7053 
6896 737 7353 7868 738 
6897 7257 7241 6995 7919 
6898 7667 7414 749 748 
6899 6989 7040 7041 7039 
6900 7081 7083 7147 6991 
6901 7452 6942 6943 6944 
6902 7082 6990 6942 7452 
6903 7938 7284 7826 7290 
6904 6809 6806 6805 6807 
6905 6904 6917 6936 6933 
6906 7040 7042 7043 7041 
6907 6909 6907 6905 6908 
6908 794 6703 7739 793 
6909 6806 6803 6802 6805 
6910 7891 7468 7297 7296 
6911 7700 7354 7746 6984 
6912 7200 7364 7365 7202 
6913 7317 6717 7681 7418 
6914 6777 6800 7524 7525 
6915 6949 7000 7094 7529 
6916 6794 6792 6790 6793 
6917 6964 6944 6947 6948 
6918 7604 7750 7430 7104 
6919 6796 6794 6793 6795 
6920 6785 7530 7922 6782 
6921 7317 7418 7419 7223 
6922 6842 6847 6917 6904 
6923 7158 7159 7479 7117 
6924 6975 6909 6908 6974 
6925 784 7659 7136 7427 
6926 6816 6809 6807 6810 
6927 750 749 7414 6705 
6928 7336 7334 7775 7337 
6929 7556 7883 7637 7264 
6930 7241 7363 7633 7242 
6931 7383 7932 7137 7467 
6932 7018 6983 6982 6981 
6933 7102 7846 7301 7385 
6934 7499 7392 7829 7044 
6935 6711 7423 7614 7517 
6936 6775 6777 7525 6776 
6937 739 6706 7884 7927 
6938 7058 7249 7595 7250 
6939 6828 7301 7846 6845 
6940 6842 6826 6819 6832 
6941 7453 7350 7017 7591 
6942 7365 7787 7159 7807 
6943 7318 6656 7527 7435 
6944 6826 6818 6817 6819 
6945 7561 7433 7754 7110 
6946 6909 7473 7933 6907 
6947 6927 7716 7753 7205 
6948 7157 7475 6704 7324 
6949 6837 6907 7933 7413 
6950 7477 6671 7603 7600 
6951 6843 7274 7907 6839 
6952 6959 6960 6996 6995 
6953 7515 6655 7710 7407 
6954 7342 7765 7080 7709 
6955 7034 6977 7036 7035 
6956 751 750 6705 7436 
6957 7621 7805 7225 7756 
6958 6928 7039 7620 7403 
6959 7873 7710 6655 7518 
6960 6700 7707 7235 7871 
6961 7938 7027 7028 7029 
6962 6980 6979 6978 6952 
6963 6926 7430 7559 6906 
6964 7710 7862 7130 7407 
6965 7134 7285 7474 7286 
6966 6688 7305 7928 7307 
6967 6864 7343 7709 7889 
6968 6821 6811 7416 6822 
6969 752 751 7436 6729 
6970 7124 7125 7831 7227 
6971 7104 6987 7007 7098 
6972 6890 7510 7690 7367 
6973 7271 7111 7938 7290 
6974 6854 6856 7848 7399 
6975 6885 6880 6883 6884 
6976 7626 7483 7002 6850 
6977 7527 7908 7682 7435 
6978 6975 6976 7473 6909 
6979 7460 7133 7131 7613 
6980 753 752 6729 7442 
6981 7928 7305 7927 7306 
6982 7226 7293 7757 7280 
6983 7383 7467 743 742 
6984 6871 6868 6869 6870 
6985 791 6687 7808 790 
6986 7252 7194 7254 7253 
6987 6788 7404 6957 6786 
6988 7103 7421 7946 7370 
6989 7548 7863 7640 7260 
6990 7842 7484 7421 7388 
6991 7310 6872 6873 6874 
6992 7371 7464 7381 7466 
6993 6983 7018 7902 7019 
6994 6979 6980 7804 6981 
6995 7419 6659 7866 7420 
6996 754 753 7442 6742 
6997 6837 7413 7538 6835 
6998 6703 794 795 7470 
6999 6907 6837 6838 6905 
7000 7211 7669 7282 7668 
7001 6952 7329 7895 6980 
7002 6806 6809 7890 6812 
7003 7346 7152 7410 7918 
7004 7646 7478 7008 7151 
7005 6785 6782 6783 6784 
7006 7083 7319 7916 7147 
7007 7054 7055 7836 7056 
7008 7509 6859 6860 6861 
7009 7628 7532 6728 7610 
7010 7432 6974 6994 7016 
7011 6776 6773 6774 6775 
7012 747 746 7707 6700 
7013 7132 7530 6785 6993 
7014 7889 6862 6863 6864 
7015 6912 6949 7529 6858 
7016 7247 7461 7001 7003 
7017 6718 7536 7425 7758 
7018 800 801 7885 7377 
7019 7675 7311 7313 7767 
7020 7355 6846 6833 6824 
7021 7316 7371 7798 7315 
7022 7399 6852 6853 6854 
7023 7260 7238 7082 7259 
7024 7849 7277 7276 7275 
7025 520 7634 7795 521 
7026 7302 7373 7589 7203 
7027 7346 7511 7514 7512 
7028 6777 6778 7735 6800 
7029 7111 7271 7781 7231 
7030 7727 7729 6701 7397 
7031 7124 7123 7126 7125 
7032 7451 7458 6791 6992 
7033 7560 7142 6925 7609 
7034 6882 7569 7892 7341 
7035 6858 6859 7509 6912 
7036 7268 7237 7741 7794 
7037 7332 7334 7336 7333 
7038 7253 7254 7316 7315 
7039 7144 7269 7270 7038 
7040 7538 6992 6791 6815 
7041 6938 7569 6882 6896 
7042 7572 7567 7595 7228 
7043 7242 7381 7464 7243 
7044 7232 6937 7906 7233 
7045 7567 7566 7250 7595 
7046 7095 7051 7586 7327 
7047 7141 7357 7862 7358 
7048 7294 7923 6763 6765 
7049 7855 7522 7134 7286 
7050 6976 6975 7561 6977 
7051 7349 7369 7865 7348 
7052 7359 7377 7885 7773 
7053 7813 7155 7154 7153 
7054 7483 7011 7009 7002 
7055 7190 7487 7695 7488 
7056 6773 6776 7823 7905 
7057 6792 6788 6789 6790 
7058 7226 7766 7611 7293 
7059 7667 7604 7104 7213 
7060 6835 6836 6838 6837 
7061 7392 7499 7485 7486 
7062 7559 6994 6974 6908 
7063 6758 6759 7901 6757 
7064 7125 7126 7128 7127 
7065 6894 6892 6888 6893 
7066 7127 7128 7193 7129 
7067 7318 7435 7682 7319 
7068 6732 7650 7651 7771 
7069 7006 6953 6919 7593 
7070 7731 7426 7816 7079 
7071 7021 7020 6983 7019 
7072 7155 7657 7878 7475 
7073 7298 7299 7107 7297 
7074 6970 6968 6967 6969 
7075 745 744 6682 7568 
7076 6885 6884 6887 6886 
7077 6879 6878 6883 6880 
7078 7775 7334 7335 7832 
7079 6987 6986 7051 7007 
7080 6914 6915 6939 6916 
7081 7106 7382 7891 7296 
7082 7123 7032 7031 7122 
7083 7858 6747 6946 7760 
7084 7184 7183 7181 7182 
7085 6825 6834 6836 6835 
7086 7032 6970 6969 7031 
7087 6925 7142 7143 6985 
7088 7073 7140 7165 7139 
7089 7788 7572 7789 6695 
7090 6785 6784 6787 6786 
7091 7143 7142 7560 7304 
7092 7071 7073 7139 7072 
7093 7345 7158 7830 7401 
7094 7067 7209 7790 7069 
7095 7591 7450 7148 7453 
7096 7763 7257 7919 7076 
7097 7069 7071 7072 7070 
7098 7334 7332 7769 7335 
7099 6658 7653 6715 7468 
7100 7067 7069 7070 7068 
7101 7105 7094 7000 7093 
7102 7561 7110 7036 6977 
7103 7645 7378 7143 7304 
7104 7431 7736 7442 6729 
7105 7708 7570 7043 7090 
7106 6778 6777 6775 7617 
7107 7168 7170 7171 7169 
7108 6898 6899 6901 6900 
7109 7463 6783 6782 6781 
7110 7166 7168 7169 7167 
7111 7664 6685 7671 7835 
7112 6781 6782 7922 6780 
7113 7007 7051 7095 7052 
7114 6905 6838 6925 6906 
7115 7199 7198 7828 7200 
7116 7060 7029 7028 7059 
7117 6987 6926 6985 6986 
7118 6971 6972 7045 6938 
7119 6799 7291 7913 7481 
7120 6846 7064 7017 6932 
7121 7443 7180 7444 7909 
7122 6858 6857 6860 6859 
7123 7795 7762 7877 6673 
7124 6796 6795 6798 6797 
7125 7255 7252 7809 7379 
7126 7469 6683 7636 7597 
7127 7170 7172 7173 7171 
7128 6828 6822 7416 6829 
7129 6769 6770 6772 6771 
7130 788 6689 7894 787 
7131 6843 6945 7796 7274 
7132 7679 7512 7897 7273 
7133 7760 7705 7188 7191 
7134 6906 6925 6985 6926 
7135 7304 7560 7852 7162 
7136 7476 7546 7601 6727 
7137 7433 6682 7467 7754 
7138 6841 7726 7764 6756 
7139 7474 6865 6864 6863 
7140 6908 6905 6906 7559 
7141 6876 6874 6873 6875 
7142 7484 6807 6805 6808 
7143 7557 7556 7264 7676 
7144 6801 6797 7578 6802 
7145 6786 6787 6789 6788 
7146 7554 6663 7939 7439 
7147 7222 7220 7218 7221 
7148 7328 7074 7340 7706 
7149 6864 6865 7459 6866 
7150 6789 6791 7458 6790 
7151 6965 6948 7654 6966 
7152 7192 7622 7917 7340 
7153 6765 6763 6761 6764 
7154 7750 7604 7871 7212 
7155 6767 6765 6764 6766 
7156 7426 7853 6880 6885 
7157 7447 7163 7041 7043 
7158 7172 7174 7175 7173 
7159 7281 7759 7091 7618 
7160 6932 7017 7161 7160 
7161 7135 7078 7843 7244 
7162 7158 7345 7807 7159 
7163 7593 7102 7085 7006 
7164 6886 6887 7454 6888 
7165 6783 7462 6787 6784 
7166 7699 6918 7742 7743 
7167 6942 6940 7652 6943 
7168 7360 7947 6998 7197 
7169 6815 6824 6833 6825 
7170 7931 7356 7276 7277 
7171 6708 7658 7378 7470 
7172 7174 7176 7177 7175 
7173 6914 6902 7643 6915 
7174 7112 7118 7647 7014 
7175 7234 7101 7930 7292 
7176 6898 6894 7644 6899 
7177 6761 6759 6758 6760 
7178 7186 7185 7183 7184 
7179 7090 7326 7829 7392 
7180 7047 7287 7935 7138 
7181 6791 6814 6824 6815 
7182 7292 7118 7614 7423 
7183 7027 7025 7639 7028 
7184 7202 7201 7199 7200 
7185 7216 7217 7471 7218 
7186 6780 6779 6813 6781 
7187 7015 7654 7146 7714 
7188 7097 7544 7405 7148 
7189 6868 6866 7459 6869 
7190 7350 7453 7808 6687 
7191 7406 7010 7096 7097 
7192 7372 7929 6991 7147 
7193 7701 7195 7723 7537 
7194 7253 7752 7809 7252 
7195 7474 7646 7855 7286 
7196 6773 6772 6850 6774 
7197 7623 7557 7676 7251 
7198 7789 7227 7831 7584 
7199 7132 7134 7522 7295 
7200 6872 6870 7641 6873 
7201 7285 7460 6869 7459 
7202 7584 7831 7256 7802 
7203 7708 7244 7843 7570 
7204 6911 7153 7154 7100 
7205 788 7544 7619 6689 
7206 7112 7113 7682 7395 
7207 802 7799 7885 801 
7208 7550 7748 7548 7339 
7209 7180 7181 7702 7178 
7210 7120 7330 7895 7329 
7211 7022 7289 7926 7192 
7212 7247 7003 7009 7010 
7213 7619 7544 7097 7096 
7214 7805 7621 7009 7011 
7215 6676 7918 7410 7713 
7216 7144 7370 7946 7409 
7217 7106 7107 7553 7105 
7218 6701 7783 6735 7396 
7219 7568 7707 746 745 
7220 7187 7190 7322 7189 
7221 7322 7190 7488 7489 
7222 7206 6879 7893 7847 
7223 7017 7064 7065 7591 
7224 7774 7724 7439 7441 
7225 6688 7309 7932 7383 
7226 463 6652 7485 464 
7227 7302 7166 7920 7303 
7228 459 6674 7508 460 
7229 458 7492 6674 459 
7230 462 7624 6652 463 
7231 6654 7824 7049 7434 
7232 7001 7002 7009 7003 
7233 7275 7109 7008 6958 
7234 7478 6903 6958 7008 
7235 748 747 6700 7667 
7236 6900 6901 7643 6902 
7237 454 6653 7503 455 
7238 453 7506 6653 454 
7239 7051 6986 6985 7586 
7240 457 7504 7492 458 
7241 450 6675 7505 451 
7242 449 7497 6675 450 
7243 467 7513 6668 468 
7244 468 6668 7494 469 
7245 7112 7395 7888 7412 
7246 6691 7542 7898 7457 
7247 6875 6889 7725 6876 
7248 445 6654 7498 446 
7249 460 7508 7062 461 
7250 455 7503 7030 456 
7251 456 7030 7504 457 
7252 452 7024 7506 453 
7253 451 7505 7024 452 
7254 470 7507 6709 471 
7255 448 6973 7497 449 
7256 471 6709 7500 472 
7257 446 7498 7501 447 
7258 469 7494 7507 470 
7259 447 7501 6973 448 
7260 464 7485 7499 465 
7261 6916 6939 7652 6940 
7262 6919 6920 7573 6849 
7263 472 7500 6651 473 
7264 461 7062 7624 462 
7265 7007 7437 7845 7098 
7266 466 7044 7513 467 
7267 473 6651 7516 474 
7268 440 7511 6676 441 
7269 465 7499 7044 466 
7270 6774 6850 7002 7001 
7271 7110 7137 7747 7036 
7272 439 7514 7511 440 
7273 438 6710 7514 439 
7274 437 7515 6710 438 
7275 6760 7642 6764 6761 
7276 474 7516 6711 475 
7277 436 6655 7515 437 
7278 6903 7592 6857 6855 
7279 435 7518 6655 436 
7280 475 6711 7517 476 
7281 434 6713 7518 435 
7282 6688 7307 7711 7309 
7283 7535 6718 7758 7839 
7284 7156 7157 7325 7225 
7285 7198 7012 6922 6921 
7286 433 7519 6713 434 
7287 7608 7553 7696 6924 
7288 476 7517 6677 477 
7289 6944 6943 6997 6947 
7290 7118 7292 7930 7647 
7291 432 6679 7519 433 
7292 7226 7121 7755 7417 
7293 431 7521 6679 432 
7294 477 6677 7520 478 
7295 6925 6838 6836 7609 
7296 6903 7478 7689 7592 
7297 7087 7582 7080 7048 
7298 430 6714 7521 431 
7299 478 7520 6712 479 
7300 429 7526 6714 430 
7301 6790 7458 7605 6793 
7302 6779 6780 7735 6778 
7303 7100 7154 7157 7156 
7304 428 6658 7526 429 
7305 479 6712 7523 480 
7306 6825 6833 7602 6834 
7307 6683 7469 7880 7635 
7308 7485 6652 7624 7944 
7309 480 7523 7527 481 
7310 6843 6840 7606 6844 
7311 7411 792 793 7739 
7312 6972 7046 7765 7045 
7313 6781 6813 7693 7463 
7314 6766 6911 7100 7099 
7315 7457 7865 7815 6691 
7316 6947 6997 7149 7146 
7317 7117 7075 7830 7158 
7318 7491 7490 7899 7496 
7319 425 7528 6715 426 
7320 7406 7450 7591 7065 
7321 481 7527 6656 482 
7322 7448 6678 7827 7445 
7323 424 6678 7528 425 
7324 427 7653 6658 428 
7325 6742 7442 7736 7446 
7326 7026 7027 7938 7111 
7327 7443 7880 7469 7182 
7328 7194 7672 7351 7254 
7329 7317 7445 7827 6717 
7330 7164 7643 6922 7734 
7331 426 6715 7653 427 
7332 482 6656 7531 483 
7333 6967 6966 7654 7015 
7334 7210 7793 7576 7778 
7335 7129 7193 7672 7194 
7336 6793 7605 6798 6795 
7337 6931 6895 6881 7834 
7338 7880 7443 7909 7629 
7339 6939 6915 7643 7164 
7340 483 7531 6716 484 
7341 7161 7162 7852 7160 
7342 6875 6873 7641 6923 
7343 6846 6932 7602 6833 
7344 7211 6997 6943 7652 
7345 417 6690 7534 418 
7346 7236 7283 7582 7087 
7347 484 6716 7539 485 
7348 7059 7028 7639 7266 
7349 7339 7265 7637 7550 
7350 6807 7484 7842 6810 
7351 416 7535 6690 417 
7352 415 6718 7535 416 
7353 414 7536 6718 415 
7354 413 6661 7536 414 
7355 6952 6978 7573 6920 
7356 6982 6983 7020 7611 
7357 6834 6956 7609 6836 
7358 7279 7494 6668 7533 
7359 6702 7806 7779 7245 
7360 485 7539 6680 486 
7361 6901 6899 7644 6921 
7362 7464 7465 7744 7243 
7363 6775 6774 7001 7617 
7364 7453 7148 7405 7808 
7365 6831 6829 7416 7607 
7366 7122 7428 7126 7123 
7367 486 6680 7540 487 
7368 441 6676 7713 442 
7369 412 7630 6661 413 
7370 442 7713 7049 443 
7371 7417 6978 6979 7810 
7372 7667 7213 7845 7414 
7373 488 6719 7543 489 
7374 7677 7479 7875 6889 
7375 487 7540 6719 488 
7376 489 7543 7547 490 
7377 409 7542 6691 410 
7378 7393 7446 7736 7394 
7379 7094 7105 7553 7608 
7380 7304 7162 7207 7645 
7381 7412 6677 7517 7614 
7382 408 6720 7542 409 
7383 6958 7691 7849 7275 
7384 7021 7833 7612 7020 
7385 6962 6931 7814 6963 
7386 421 7681 6717 422 
7387 7110 7754 7467 7137 
7388 490 7547 6657 491 
7389 407 7545 6720 408 
7390 7222 7221 7819 7796 
7391 7061 7230 7826 7284 
7392 7564 7790 7209 7780 
7393 7527 7523 6712 7908 
7394 7182 7469 7597 7184 
7395 420 6659 7681 421 
7396 7646 7151 7524 7855 
7397 7382 7660 7521 6714 
7398 406 6662 7545 407 
7399 7099 7100 7156 7625 
7400 7381 7242 7633 7854 
7401 7272 7052 7936 7431 
7402 7014 7647 7930 7197 
7403 7298 7400 7224 7715 
7404 491 6657 7549 492 
7405 7251 7250 7566 7623 
7406 6852 6844 7606 6853 
7407 6870 6869 7460 7641 
7408 6883 6878 6876 7725 
7409 7634 520 519 6731 
7410 7409 7751 6802 7578 
7411 492 7549 6721 493 
7412 7010 7009 7621 7096 
7413 7226 7417 7810 7766 
7414 7455 6883 7725 7456 
7415 6921 6922 7643 6901 
7416 6948 6947 7146 7654 
7417 6997 7211 7668 7149 
7418 7315 7472 7752 7253 
7419 7465 7316 7254 7351 
7420 493 6721 7555 494 
7421 6791 6789 7661 6814 
7422 402 7551 6692 403 
7423 6840 6831 7607 6929 
7424 7090 7392 7486 7708 
7425 7270 7269 7821 7451 
7426 494 7555 6681 495 
7427 401 6722 7551 402 
7428 7082 7452 7867 7259 
7429 7640 7540 6680 7541 
7430 7116 7085 7102 7627 
7431 7065 7150 7900 7406 
7432 7379 7914 7638 7255 
7433 7487 7186 7771 7651 
7434 400 7554 6722 401 
7435 495 6681 7558 496 
7436 7079 7060 7059 7731 
7437 7238 7541 7741 7237 
7438 7250 7251 7881 7058 
7439 7484 6808 7946 7421 
7440 7440 398 397 7740 
7441 394 7563 7562 395 
7442 7039 7041 7163 7620 
7443 399 6663 7554 400 
7444 7685 7684 7257 7763 
7445 395 7562 6693 396 
7446 496 7558 6723 497 
7447 6861 6862 7889 6890 
7448 393 6665 7563 394 
7449 7260 7640 7541 7238 
7450 7266 7267 7731 7059 
7451 497 6723 7565 498 
7452 499 6660 7571 500 
7453 6808 7751 7409 7946 
7454 7035 7036 7747 7037 
7455 6772 6773 7905 6771 
7456 7524 7151 7649 7525 
7457 6769 6767 7864 6770 
7458 443 7049 7824 444 
7459 6762 6763 7923 7121 
7460 7076 6996 7088 7077 
7461 6766 6764 7642 6911 
7462 7637 7549 6657 7550 
7463 6723 7558 6681 7557 
7464 498 7565 6660 499 
7465 7216 7116 7627 7217 
7466 7162 7161 7886 7207 
7467 7053 7367 7690 7055 
7468 7368 7062 7508 7697 
7469 7405 789 790 7808 
7470 7566 7567 7571 6660 
7471 7319 7682 7113 7916 
7472 6789 6787 7462 7661 
7473 389 7574 6694 390 
7474 6748 7136 7680 6750 
7475 7494 7279 7872 7507 
7476 388 7575 7574 389 
7477 7557 6681 7555 7556 
7478 7275 7276 7649 7109 
7479 6724 7587 7588 7373 
7480 6756 6757 7901 6841 
7481 7896 7687 7686 7666 
7482 7835 7671 7674 7495 
7483 405 7745 6662 406 
7484 6755 6753 6935 7656 
7485 6954 6998 7947 6913 
7486 7018 6981 7804 7904 
7487 6714 7526 7891 7382 
7488 7008 7109 7649 7151 
7489 7227 7228 7803 7124 
7490 387 6666 7575 388 
7491 7461 6813 6779 7768 
7492 422 6717 7827 423 
7493 7352 7088 7746 7354 
7494 7702 7181 7183 7239 
7495 6811 7424 7931 7416 
7496 6863 6862 7689 6955 
7497 7149 7196 7714 7146 
7498 7077 7088 7352 7089 
7499 7204 7077 7089 7665 
7500 6903 6855 7691 6958 
7501 6808 6805 6802 7751 
7502 7623 7566 6660 7565 
7503 410 6691 7815 411 
7504 386 7580 6666 387 
7505 502 6695 7583 503 
7506 418 7534 7866 419 
7507 6922 7012 7670 7091 
7508 6990 6991 7929 6941 
7509 7422 6651 7500 7712 
7510 6770 7864 7099 7626 
7511 7858 7380 7825 6746 
7512 755 754 6742 7773 
7513 7016 6994 7750 7212 
7514 6823 7615 7887 7648 
7515 7062 7368 7944 7624 
7516 6708 7402 7493 7772 
7517 7376 7439 7939 7375 
7518 384 7587 6724 385 
7519 6994 7559 7430 7750 
7520 6757 6755 7656 6758 
7521 503 7583 6725 504 
7522 7660 7382 7106 7937 
7523 6889 6875 6923 7677 
7524 7894 6689 7619 7756 
7525 385 6724 7580 386 
7526 383 7588 7587 384 
7527 7493 7095 7327 7772 
7528 390 6694 7733 391 
7529 396 6693 7740 397 
7530 7488 7835 7495 7489 
7531 7687 527 526 6686 
7532 7843 7079 7816 7447 
7533 7198 7199 7670 7012 
7534 504 6725 7585 505 
7535 7196 7149 7668 7552 
7536 403 6692 7820 404 
7537 508 7678 6696 509 
7538 392 7776 6665 393 
7539 6861 6860 7689 6862 
7540 6760 6758 7656 7240 
7541 500 7571 7788 501 
7542 7202 7481 7913 7201 
7543 6816 6810 7842 6817 
7544 7630 412 411 7815 
7545 509 6696 7594 510 
7546 7476 7477 7837 7258 
7547 7581 7303 7576 7801 
7548 505 7585 6664 506 
7549 7389 7673 7742 7390 
7550 7609 6956 7852 7560 
7551 7001 7461 7768 7617 
7552 6854 6853 7691 6855 
7553 378 7599 7598 379 
7554 7567 7572 7788 7571 
7555 382 6669 7588 383 
7556 7048 7080 7765 7046 
7557 7600 7730 7942 7248 
7558 6654 445 444 7824 
7559 379 7598 6727 380 
7560 7869 7612 7833 7214 
7561 7119 7457 7898 7449 
7562 6678 424 423 7827 
7563 6778 7617 7768 6779 
7564 7214 7721 7726 7869 
7565 6936 6917 6918 7699 
7566 501 7788 6695 502 
7567 7773 7885 756 755 
7568 7351 7229 7744 7465 
7569 7373 7581 7580 6724 
7570 7482 7122 7031 7698 
7571 381 7601 6669 382 
7572 377 6671 7599 378 
7573 7629 6730 7635 7880 
7574 380 6727 7601 381 
7575 512 6667 7596 513 
7576 507 7777 7678 508 
7577 7525 7649 7823 6776 
7578 7795 7634 7363 7762 
7579 7159 7787 7875 7479 
7580 7481 7202 7365 7807 
7581 7391 7648 7714 7196 
7582 7703 7704 6946 7749 
7583 376 7603 6671 377 
7584 7373 7588 6669 7589 
7585 6753 6750 7680 6935 
7586 6917 6847 7785 6918 
7587 6800 7735 7295 7522 
7588 506 6664 7777 507 
7589 6842 6832 7785 6847 
7590 7096 7621 7756 7619 
7591 6857 7592 7689 6860 
7592 374 7610 6728 375 
7593 513 7596 6726 514 
7594 7186 7187 7188 7185 
7595 7734 7669 7838 7164 
7596 7178 7702 7703 7177 
7597 373 7628 7610 374 
7598 510 7594 7812 511 
7599 7505 6675 7717 7761 
7600 375 6728 7603 376 
7601 7753 7703 7749 7205 
7602 7107 7299 7696 7553 
7603 7685 7686 7687 6686 
7604 7625 7156 7225 7805 
7605 514 6726 7738 515 
7606 7187 7189 7191 7188 
7607 391 7733 7776 392 
7608 6967 7694 7108 6969 
7609 515 7738 7631 516 
7610 7872 7856 7262 7876 
7611 7043 7570 7843 7447 
7612 7628 6672 7629 7909 
7613 7471 6910 7907 7819 
7614 7037 7711 7903 7387 
7615 6736 6745 7396 6735 
7616 7104 7098 7845 7213 
7617 7468 7891 7526 6658 
7618 511 7812 6667 512 
7619 6699 7728 7491 7496 
7620 7196 7552 7890 7391 
7621 6659 420 419 7866 
7622 6969 7108 7698 7031 
7623 7060 7079 7843 7078 
7624 7311 7675 7793 7210 
7625 404 7820 7745 405 
7626 7439 7724 6722 7554 
7627 7869 7757 7293 7612 
7628 7271 7504 7030 7781 
7629 7667 6700 7871 7604 
7630 7143 7378 7658 7924 
7631 6856 7529 7094 7848 
7632 7283 7236 7679 7836 
7633 516 7631 6670 517 
7634 6726 7466 7631 7738 
7635 372 6672 7628 373 
7636 7533 6668 7513 7786 
7637 6677 7412 7888 7520 
7638 6738 6702 7245 6744 
7639 7734 7759 7282 7669 
7640 7023 6963 7814 7025 
7641 6889 7875 7456 7725 
7642 6957 7404 7830 7075 
7643 6911 7642 7813 7153 
7644 7166 7167 7800 7165 
7645 6686 7692 6734 7685 
7646 6981 6982 7810 6979 
7647 7760 6946 7704 7705 
7648 7472 7594 6696 7752 
7649 6894 6893 7828 7644 
7650 371 7629 6672 372 
7651 6950 7672 7193 7701 
7652 7128 7195 7701 7193 
7653 7700 6984 6936 7699 
7654 7126 7428 7195 7128 
7655 370 6730 7629 371 
7656 7141 7480 7915 7361 
7657 369 7635 6730 370 
7658 7314 7503 6653 7874 
7659 368 6683 7635 369 
7660 781 7825 7380 6743 
7661 6797 6798 7792 7578 
7662 7639 7025 7814 7737 
7663 7139 7722 7721 7072 
7664 7489 7495 7899 7490 
7665 7539 7741 7541 6680 
7666 6973 7501 7882 7502 
7667 7224 7222 7796 7715 
7668 7171 7579 7720 7169 
7669 6936 6984 7746 6960 
7670 7631 7854 7632 6670 
7671 7476 7258 7784 7546 
7672 7038 7270 7933 7473 
7673 7016 7212 7871 7235 
7674 7072 7721 7214 7070 
7675 6710 7897 7512 7514 
7676 7611 7766 7810 6982 
7677 517 6670 7632 518 
7678 367 7636 6683 368 
7679 7440 7740 6693 7797 
7680 7642 6760 7240 7813 
7681 7704 7239 7770 7705 
7682 7099 7864 6767 6766 
7683 7543 7548 7748 7547 
7684 7649 7276 7356 7823 
7685 7547 7748 7550 6657 
7686 7067 7068 7833 7021 
7687 7070 7214 7833 7068 
7688 6845 7846 7102 7593 
7689 6967 7015 7887 7694 
7690 7294 7384 7573 7755 
7691 7600 7603 6728 7730 
7692 366 6732 7636 367 
7693 6891 7818 7912 7415 
7694 6888 7454 7828 6893 
7695 7397 7728 6699 7727 
7696 7540 7640 7863 6719 
7697 7017 7350 7886 7161 
7698 7549 7637 7883 6721 
7699 518 7632 6731 519 
7700 6731 7632 7854 7633 
7701 7688 7420 7866 7534 
7702 7218 7471 7819 7221 
7703 7372 7147 7916 7590 
7704 7538 7413 7933 6992 
7705 6819 6817 7842 6820 
7706 7171 7173 7716 7579 
7707 7721 7722 7764 7726 
7708 7239 7704 7703 7702 
7709 6921 7644 7828 7198 
7710 7546 7784 7203 7589 
7711 7280 7757 6841 7901 
7712 7533 7786 7829 7326 
7713 365 7650 6732 366 
7714 7652 6939 7164 7838 
7715 7192 7926 7874 7622 
7716 7013 7590 7916 7113 
7717 6938 7045 7892 7569 
7718 7132 7295 7922 7530 
7719 6663 7440 7375 7939 
7720 7792 6798 7605 7821 
7721 7429 7438 7616 779 
7722 7660 7822 6679 7521 
7723 7249 7803 7228 7595 
7724 7175 7177 7703 7753 
7725 7586 7924 7658 7327 
7726 6960 7746 7088 6996 
7727 7865 7369 7630 7815 
7728 7426 7415 7912 7816 
7729 6851 7732 7943 6945 
7730 7696 7299 7943 7732 
7731 7169 7720 7800 7167 
7732 6662 7745 7335 7769 
7733 364 6684 7650 365 
7734 6922 7091 7759 7734 
7735 6675 7497 7857 7717 
7736 7697 7508 6674 7844 
7737 7298 7715 7943 7299 
7738 7669 7211 7652 7838 
7739 7675 7767 7733 6694 
7740 7371 7596 6667 7798 
7741 7095 7493 7936 7052 
7742 7173 7175 7753 7716 
7743 6693 7562 7780 7797 
7744 6667 7812 7594 7472 
7745 7309 7747 7137 7932 
7746 7139 7165 7800 7722 
7747 7562 7563 7564 7780 
7748 7506 7622 7874 6653 
7749 7720 7579 7811 7208 
7750 7502 7857 7497 6973 
7751 363 7663 6684 364 
7752 7260 7259 7867 7577 
7753 6704 7475 7878 7659 
7754 7451 6992 7933 7270 
7755 7332 7333 7895 7330 
7756 7094 7608 7399 7848 
7757 7699 7743 7859 7700 
7758 6716 7794 7741 7539 
7759 362 6733 7663 363 
7760 7904 7817 7902 7018 
7761 7685 6734 7683 7684 
7762 7255 7638 7802 7256 
7763 7531 7791 7794 6716 
7764 361 7664 6733 362 
7765 7044 7829 7786 7513 
7766 7860 6848 7921 7482 
7767 7439 7376 7902 7441 
7768 360 6685 7664 361 
7769 7163 7447 7816 7912 
7770 7273 7056 7836 7679 
7771 7790 7564 7841 7312 
7772 6834 7602 7852 6956 
7773 7853 7267 7266 7893 
7774 6694 7574 7793 7675 
7775 359 7671 6685 360 
7776 7551 6722 7724 7774 
7777 7574 7575 7576 7793 
7778 7583 7584 7802 6725 
7779 7477 7600 7248 7837 
7780 6698 529 528 7851 
7781 521 7795 6673 522 
7782 7769 7861 7545 6662 
7783 7337 7441 7902 7817 
7784 6673 7877 7684 7683 
7785 7563 6665 7841 7564 
7786 7144 7792 7821 7269 
7787 7811 7579 7716 6927 
7788 7712 7500 6709 7876 
7789 7575 6666 7801 7576 
7790 6666 7580 7581 7801 
7791 7505 7761 7917 7024 
7792 7195 7428 7921 7723 
7793 6737 6736 348 347 
7794 7480 7873 7518 6713 
7795 7662 7882 7501 7498 
7796 7822 7660 7937 7362 
7797 7185 7770 7239 7183 
7798 7888 7395 7682 7908 
7799 6988 7655 7930 7101 
7800 7638 7585 6725 7802 
7801 6932 7160 7852 7602 
7802 6918 7785 7390 7742 
7803 7419 7420 7688 7934 
7804 7850 7884 7352 7354 
7805 6701 7396 7879 7397 
7806 6738 533 532 6702 
7807 7337 7817 7904 7336 
7808 6713 7519 7915 7480 
7809 6665 7776 7313 7841 
7810 6840 6929 7849 7606 
7811 7045 7765 7342 7892 
7812 522 6673 7683 523 
7813 7832 7335 7745 7820 
7814 7360 7197 7930 7655 
7815 7295 7735 6780 7922 
7816 358 7674 7671 359 
7817 6720 7545 7861 7782 
7818 7668 6812 7890 7552 
7819 7840 6744 7245 7246 
7820 7705 7770 7185 7188 
7821 523 7683 6734 524 
7822 6692 7551 7774 7775 
7823 7908 6712 7520 7888 
7824 7548 7543 6719 7863 
7825 524 6734 7692 525 
7826 7091 7670 7941 7618 
7827 7210 7778 7920 7140 
7828 7769 7331 7782 7861 
7829 7338 7577 7867 6964 
7830 7639 7847 7893 7266 
7831 525 7692 6686 526 
7832 7764 7722 7800 6934 
7833 7122 7482 7921 7428 
7834 7504 7271 7870 7492 
7835 7882 7662 7935 7288 
7836 7678 7809 7752 6696 
7837 6985 7143 7924 7586 
7838 7492 7870 7844 6674 
7839 7809 7678 7777 7379 
7840 7622 7506 7024 7917 
7841 7444 7179 7942 7532 
7842 7782 7898 7542 6720 
7843 7659 7878 7680 7136 
7844 6842 7723 7921 6848 
7845 757 756 7885 7799 
7846 7519 6679 7822 7915 
7847 7233 7717 7857 7232 
7848 7556 7555 6721 7883 
7849 7873 7358 7862 7710 
7850 7368 7697 7826 7230 
7851 7490 7491 7910 7321 
7852 6853 7606 7849 7691 
7853 7507 7872 7876 6709 
7854 6737 7438 6745 6736 
7855 7697 7844 7290 7826 
7856 7365 7456 7875 7787 
7857 7263 7881 7251 7676 
7858 7585 7638 7914 6664 
7859 7820 6692 7775 7832 
7860 7380 7858 7760 7191 
7861 6699 7496 7718 7719 
7862 7776 7733 7767 7313 
7863 7234 7712 7876 7262 
7864 7438 7429 7396 6745 
7865 7639 7737 7206 7847 
7866 7277 7607 7416 7931 
7867 7374 7797 7780 7209 
7868 7281 7618 7941 6804 
7869 7434 7138 7935 7662 
7870 357 6697 7674 358 
7871 355 7719 7718 356 
7872 7903 7308 7859 7743 
7873 7389 7387 7903 7673 
7874 356 7718 6697 357 
7875 7307 7928 7859 7308 
7876 7835 7488 7695 7925 
7877 6664 7914 7379 7777 
7878 7441 7337 7775 7774 
7879 7150 7693 7247 7900 
7880 6728 7532 7942 7730 
7881 7354 7700 7859 7850 
7882 6801 7940 7913 7291 
7883 7278 7856 7872 7279 
7884 7089 7352 7868 7353 
7885 7398 7839 7758 7215 
7886 7706 7340 7917 7761 
7887 7398 7219 7934 7688 
7888 7318 7268 7794 7791 
7889 7620 7163 7912 7818 
7890 7015 7714 7648 7887 
7891 354 6699 7719 355 
7892 7199 7201 7941 7670 
7893 6739 7616 7438 6737 
7894 352 7729 7727 353 
7895 353 7727 6699 354 
7896 7333 7804 6980 7895 
7897 6771 7905 7823 7356 
7898 351 6701 7729 352 
7899 7333 7336 7904 7804 
7900 7271 7290 7844 7870 
7901 7320 7879 7396 7429 
7902 7362 7361 7915 7822 
7903 7757 7869 7726 6841 
7904 7331 7449 7898 7782 
7905 7684 7877 7762 7257 
7906 7796 6945 7943 7715 
7907 350 7783 6701 351 
7908 7576 7303 7920 7778 
7909 7928 7306 7850 7859 
7910 7245 7779 6698 7896 
7911 7246 7245 7896 7666 
7912 7288 7935 7287 7948 
7913 7663 6733 7925 7695 
7914 7796 7819 7907 7274 
7915 7352 7884 6706 7868 
7916 7913 7940 7941 7201 
7917 7495 7674 6697 7899 
7918 7491 7879 7320 7910 
7919 7289 7314 7874 7926 
7920 7835 7925 6733 7664 
7921 529 6698 7779 530 
7922 349 6735 7783 350 
7923 530 7779 7806 531 
7924 6801 6804 7941 7940 
7925 7353 7945 7665 7089 
7926 7246 7666 7665 7945 
7927 531 7806 6702 532 
7928 7616 341 67 779 
7929 538 6740 7840 70 
7930 7799 802 73 757 
7931 342 341 7616 6739 
7932 6737 345 344 6739 
7933 6735 349 348 6736 
7934 6738 6740 536 535 
7935 7650 6684 7663 7651 
7936 7840 6740 6738 6744 
2 8 2 8
7937 8037 540 541 
7938 541 542 8037 
7939 544 545 8035 
7940 8035 543 544 
7941 8036 731 732 
7942 732 733 8036 
7943 735 736 8038 
7944 8038 734 735 
2 8 3 1411
7945 8738 8566 8739 8003 
7946 8788 8787 8616 8615 
7947 8555 8916 8407 8998 
7948 8127 8596 8681 8205 
7949 9134 8571 8905 8225 
7950 8762 8579 8775 8161 
7951 8572 9139 8556 8362 
7952 8145 8928 8067 8069 
7953 8453 8452 8455 8777 
7954 9122 8551 8425 8423 
7955 8705 8307 8542 9187 
7956 803 8727 8614 804 
7957 7988 8694 9063 8835 
7958 8748 8629 8262 8261 
7959 9063 8512 8414 8697 
7960 8168 8177 9124 8605 
7961 8536 9106 8453 8958 
7962 8566 8738 8027 8730 
7963 8432 8579 8762 8763 
7964 8617 8765 8961 8647 
7965 8595 8866 9007 9153 
7966 8398 8928 8784 8927 
7967 8733 7980 8866 8595 
7968 8625 8315 8671 9032 
7969 9119 8497 8657 8755 
7970 8231 8958 9162 8982 
7971 8611 8745 8747 8696 
7972 8614 8041 805 804 
7973 8917 8837 8137 8143 
7974 8760 8639 8302 8417 
7975 8707 8747 7977 8828 
7976 8522 9055 9184 8619 
7977 8526 8229 8199 8246 
7978 8526 9087 8256 8229 
7979 8808 9008 9177 8185 
7980 8436 9043 8604 8678 
7981 8435 8724 8005 8046 
7982 9210 8638 8434 8661 
7983 8680 8588 9219 9054 
7984 8660 8185 8156 8807 
7985 8514 8771 8205 8681 
7986 9237 8543 8472 8476 
7987 8001 9037 8503 8943 
7988 8773 8712 9072 8564 
7989 8437 8635 8347 8734 
7990 8357 8266 8557 9166 
7991 8301 8623 9083 8418 
7992 9076 8466 8468 8475 
7993 8045 8242 9045 8047 
7994 8472 8543 9126 8470 
7995 8616 8486 8488 8676 
7996 8384 8450 8709 8635 
7997 8304 8739 8566 8394 
7998 8765 8617 8766 8081 
7999 8270 8581 9241 8269 
8000 8409 8733 8732 8860 
8001 8957 8536 8958 8231 
8002 8551 8550 8427 8425 
8003 8801 8327 9074 8608 
8004 8115 8555 9147 8123 
8005 8388 8868 8539 8758 
8006 8696 8747 8707 8593 
8007 8680 8124 8119 8118 
8008 8685 8682 8684 9228 
8009 8499 8597 8463 8464 
8010 8642 9202 8710 7985 
8011 8001 8943 8599 8674 
8012 8464 8466 9076 8499 
8013 7984 8990 8991 8993 
8014 8506 8606 8369 8371 
8015 8439 8463 8597 8598 
8016 8247 8301 8302 8249 
8017 8337 8224 8192 8701 
8018 8614 9199 8615 8041 
8019 8005 8044 9143 8045 
8020 8742 8040 9069 8651 
8021 8876 8708 8443 9084 
8022 8640 8382 8302 8639 
8023 8367 8369 8606 8607 
8024 8121 8647 8961 8111 
8025 8365 8669 8670 8364 
8026 8110 8994 8542 8764 
8027 8117 8737 8685 9228 
8028 8822 8097 8824 9138 
8029 810 8618 8455 8619 
8030 8768 8707 8828 8013 
8031 8491 8427 8550 8547 
8032 8705 8750 8447 8396 
8033 8047 8046 8005 8045 
8034 8670 8671 8316 8364 
8035 8044 8005 807 806 
8036 8713 8003 8739 9130 
8037 8103 8100 8101 8575 
8038 8122 8112 8289 8816 
8039 8615 8616 8676 8041 
8040 8190 8191 8233 8226 
8041 8894 8481 8483 9065 
8042 8319 8372 8631 8489 
8043 8529 8355 8269 8413 
8044 8903 8751 8289 8761 
8045 8659 8349 8290 8430 
8046 8091 8096 8585 8093 
8047 9178 8500 8375 8374 
8048 8388 8620 8444 8340 
8049 8978 8781 8415 8659 
8050 8301 8247 8248 8623 
8051 8381 8562 8533 8379 
8052 8637 8810 7974 9216 
8053 8635 8437 8345 8384 
8054 8756 8182 8755 8657 
8055 8400 8362 8556 8531 
8056 8583 8528 8410 8323 
8057 8661 8434 8360 8527 
8058 8402 8331 8330 8666 
8059 8179 8181 8182 8756 
8060 761 8600 9223 760 
8061 8224 8223 8193 8192 
8062 8811 8637 8532 8981 
8063 8024 8906 8907 8664 
8064 8365 8505 9009 8669 
8065 8555 8998 8752 9147 
8066 8623 8248 8276 8277 
8067 8881 9081 7993 8880 
8068 9125 8577 8987 8353 
8069 8596 8127 8126 8125 
8070 8362 8286 8338 8572 
8071 759 760 9223 8004 
8072 8050 8504 8230 8052 
8073 8050 8048 8501 8222 
8074 8329 8268 8357 8544 
8075 8704 813 812 8428 
8076 8960 8002 809 808 
8077 8266 8264 8356 8557 
8078 8186 8181 8180 9111 
8079 9154 8649 8352 8258 
8080 8429 8650 9168 8706 
8081 8995 8407 8916 9175 
8082 8878 8378 9008 8808 
8083 8502 8175 8174 8173 
8084 9107 8652 9124 8227 
8085 8044 806 805 9118 
8086 8474 8477 8744 8476 
8087 8361 8926 7950 8661 
8088 8544 9095 8422 8329 
8089 8288 8379 8380 8287 
8090 8778 8779 8896 8895 
8091 8374 8292 8348 8538 
8092 7963 8924 8607 8729 
8093 8178 8177 8168 8167 
8094 8640 8414 8383 8382 
8095 8411 8416 8915 8711 
8096 8493 8946 8120 8688 
8097 8826 8012 8962 8677 
8098 8278 9200 8624 8277 
8099 8379 8533 8534 8380 
8100 8048 8049 8046 8047 
8101 8118 8108 8066 8065 
8102 8354 8429 8706 8567 
8103 8059 8523 8716 8419 
8104 7954 8831 9082 8612 
8105 8227 8226 8622 8259 
8106 8241 8146 8139 8138 
8107 8274 8330 8331 8332 
8108 8695 8147 8146 8219 
8109 9232 8655 8390 8391 
8110 8671 8315 8280 8316 
8111 8124 8680 8871 8144 
8112 9124 8652 8502 8605 
8113 8246 8837 8492 9001 
8114 8632 8163 8634 8633 
8115 9137 8561 9020 8726 
8116 8311 8411 8412 8310 
8117 8671 8670 9188 8672 
8118 8302 8301 8418 8417 
8119 8404 8405 9232 8391 
8120 8682 8333 8331 8402 
8121 8264 8262 8629 8356 
8122 9092 8230 8504 9019 
8123 8323 8320 8319 8583 
8124 8333 8682 8683 8335 
8125 8039 8689 823 822 
8126 8600 761 762 7986 
8127 8245 8296 9154 8258 
8128 8197 8195 9240 8208 
8129 8287 8238 8236 8237 
8130 8682 8685 8736 8683 
8131 8742 8651 823 8689 
8132 8236 8211 9225 8237 
8133 8101 8100 8099 8098 
8134 8286 8362 8400 8285 
8135 8159 8775 8944 8251 
8136 8006 8700 821 820 
8137 8689 8039 9231 8690 
8138 8659 8415 8373 8349 
8139 8666 8330 8336 8443 
8140 8520 8517 9229 8718 
8141 8886 8667 8209 8250 
8142 8990 8992 9185 8967 
8143 8585 8098 8094 8093 
8144 8057 8574 8523 8059 
8145 8934 8769 8894 7981 
8146 8627 8626 9144 8628 
8147 8622 8226 8233 9194 
8148 8634 8163 8162 8160 
8149 8581 8270 8344 8345 
8150 8125 8124 8144 8140 
8151 8694 8516 8515 8513 
8152 8214 8215 8248 8247 
8153 8250 8209 8197 8208 
8154 8189 8187 8701 8192 
8155 8617 8253 8363 8449 
8156 8340 8444 8572 8338 
8157 8953 8653 8193 8223 
8158 8115 8113 8688 8120 
8159 8895 8025 8844 8778 
8160 8008 9186 8567 8706 
8161 8202 8132 8131 8712 
8162 8140 8144 8215 8214 
8163 8576 8970 8109 9201 
8164 8682 8402 8720 8684 
8165 8091 8089 9114 8698 
8166 8024 8662 9089 8893 
8167 9010 8722 8586 8531 
8168 8413 8582 9167 8800 
8169 8680 8118 8065 8588 
8170 8583 8608 9074 8528 
8171 9225 8211 8209 8667 
8172 8360 8434 8539 8376 
8173 8085 8703 9114 8089 
8174 8921 8701 8186 9111 
8175 8967 8500 8991 8990 
8176 8636 8096 8091 8698 
8177 7956 9180 8590 8768 
8178 8317 8913 8587 8914 
8179 9006 8622 9194 8530 
8180 8701 8187 8183 8186 
8181 8024 8664 8663 8662 
8182 8326 8360 8376 8359 
8183 9015 8794 9006 8530 
8184 8590 8405 8404 8406 
8185 8524 8525 8870 9081 
8186 8356 8559 8936 8558 
8187 8124 8125 8126 8119 
8188 758 8645 9214 8541 
8189 8743 8477 8478 8479 
8190 7985 8710 816 815 
8191 8269 9241 8582 8413 
8192 8016 8697 7959 8836 
8193 8354 8352 8649 8429 
8194 9240 8195 8193 8653 
8195 8296 8297 8391 8390 
8196 8245 8258 8351 8207 
8197 8261 8240 8753 9155 
8198 8572 8444 8833 8573 
8199 8700 8039 822 821 
8200 8617 8449 8994 8766 
8201 8320 8323 8324 8322 
8202 8440 8390 8655 8654 
8203 8360 8326 9234 8578 
8204 8712 8773 8204 8202 
8205 8259 8319 8320 8260 
8206 8335 9042 8604 9043 
8207 8979 8786 9105 8965 
8208 8767 764 765 7980 
8209 8620 8388 8758 8702 
8210 8065 8062 9219 8588 
8211 820 819 8770 8006 
8212 8637 8450 8385 8532 
8213 8246 8199 8137 8837 
8214 8170 8173 8174 8172 
8215 8280 8315 9200 8278 
8216 8562 8381 8613 8612 
8217 8141 8253 8617 8647 
8218 8450 8384 8346 8385 
8219 8659 8430 8919 9208 
8220 8258 8352 8353 8351 
8221 8414 8640 9217 8697 
8222 8134 8128 8126 8127 
8223 8757 8756 8657 8658 
8224 8694 7988 8834 8986 
8225 8164 8632 8178 8167 
8226 8520 8611 8696 8521 
8227 8048 8047 9045 8501 
8228 8319 8259 8622 8372 
8229 823 8651 8673 824 
8230 8504 8050 8222 9103 
8231 8170 8605 8502 8173 
8232 8718 7957 8983 8717 
8233 8008 8706 7953 8814 
8234 8113 8106 9179 8688 
8235 8643 8246 9001 8975 
8236 808 807 8005 8724 
8237 8632 8164 8162 8163 
8238 8808 8987 8577 8878 
8239 8384 8345 8344 8346 
8240 8784 8308 9096 8927 
8241 8579 8432 8431 8433 
8242 8517 8520 8521 8519 
8243 8233 8234 8270 8269 
8244 8468 8470 9126 8475 
8245 8151 8153 8154 8152 
8246 8149 8151 8152 8150 
8247 9040 8690 9231 8730 
8248 9060 8909 8933 8029 
8249 8795 8963 8734 7952 
8250 9057 8576 9201 8575 
8251 8062 8065 8066 8064 
8252 8290 8349 8373 8254 
8253 8402 8666 9209 8720 
8254 8856 8021 8863 8925 
8255 8002 8618 810 809 
8256 8127 8205 9195 8134 
8257 8302 8382 8383 8303 
8258 8134 8138 8139 8135 
8259 8146 9035 8996 8219 
8260 8272 8273 8860 8732 
8261 8619 9184 811 810 
8262 8295 8310 8886 8250 
8263 8721 8850 8020 8849 
8264 8575 9201 8109 8103 
8265 9182 9137 8176 8175 
8266 9231 8039 8700 8791 
8267 8153 8151 9133 8829 
8268 8009 8723 8586 8722 
8269 8028 8931 8743 9165 
8270 8285 8224 8337 8286 
8271 8052 8230 9059 8054 
8272 8506 8371 8438 8439 
8273 8505 8365 8366 8367 
8274 8048 8050 8051 8049 
8275 8050 8052 8053 8051 
8276 8118 8119 8714 8108 
8277 8296 8245 8829 8297 
8278 8635 8709 9011 8347 
8279 8897 7969 8896 8779 
8280 8330 8274 8773 8336 
8281 8115 8120 8916 8555 
8282 8413 8800 9142 8529 
8283 9018 8797 9027 7997 
8284 8422 8421 8420 8329 
8285 7949 8809 8009 8722 
8286 8310 8295 8494 8311 
8287 8052 8054 8055 8053 
8288 8246 8643 9016 8526 
8289 8356 8558 8977 8557 
8290 8313 8732 8733 8595 
8291 8096 8636 9097 8783 
8292 9049 8909 9060 8687 
8293 8116 8142 9093 8737 
8294 8949 8483 8484 8785 
8295 7970 8930 8744 9197 
8296 8514 8681 8401 8929 
8297 8357 8268 8267 8266 
8298 8434 8638 8758 8539 
8299 8082 8254 8703 8083 
8300 8515 8516 9229 8517 
8301 8229 8256 8257 8232 
8302 8476 8472 8473 8474 
8303 8224 8285 8953 8223 
8304 8207 8351 8660 8807 
8305 758 759 9150 8645 
8306 8277 8624 9083 8623 
8307 8849 7990 9144 8721 
8308 8430 8290 8830 8431 
8309 8969 769 770 8713 
8310 8286 8337 8339 8338 
8311 8379 8288 8446 8381 
8312 8785 8484 8486 8487 
8313 8753 8240 8239 8238 
8314 8380 8753 8238 8287 
8315 9054 8716 9102 8275 
8316 9234 8584 9120 8578 
8317 8106 8104 8102 8103 
8318 8199 8229 8232 8212 
8319 8137 8123 9147 8143 
8320 8338 8339 8341 8340 
8321 8204 8203 8200 8202 
8322 818 817 9037 8001 
8323 8103 8102 8099 8100 
8324 8707 8768 8590 8591 
8325 8444 8620 9100 8833 
8326 763 8678 7986 762 
8327 9000 8281 9041 8646 
8328 8497 8498 8658 8657 
8329 8611 8717 8983 8015 
8330 7967 8889 9076 8844 
8331 8074 8825 8824 8097 
8332 8085 8089 8090 8087 
8333 8261 8244 8243 8240 
8334 8284 8728 9046 8403 
8335 8091 8093 8094 8092 
8336 8089 8091 8092 8090 
8337 8082 8080 9218 8830 
8338 8364 8316 8317 8318 
8339 8611 8520 8718 8717 
8340 8137 8199 8212 8142 
8341 8935 9065 8948 8030 
8342 8456 8415 8781 8457 
8343 8273 8272 8203 8204 
8344 808 8724 8435 8960 
8345 8113 8107 8104 8106 
8346 8214 8890 9131 8140 
8347 8553 8748 8261 9155 
8348 771 8003 8713 770 
8349 8855 8558 8936 9169 
8350 8738 772 773 8027 
8351 8298 8764 8542 8300 
8352 8401 8681 8596 9131 
8353 8009 8815 8915 8723 
8354 8630 8559 8356 8629 
8355 8954 8955 9163 8686 
8356 8598 9157 8506 8439 
8357 8072 8073 8825 8074 
8358 8601 9170 8004 9223 
8359 8357 8545 8892 8544 
8360 8233 8191 8867 8234 
8361 8125 8140 9131 8596 
8362 8944 8780 9047 8251 
8363 8115 8114 8107 8113 
8364 8137 8142 8116 8123 
8365 8754 8887 8314 8642 
8366 8658 9097 8457 9077 
8367 8612 8735 8827 7954 
8368 8513 8512 9063 8694 
8369 8123 8116 8114 8115 
8370 8222 8501 9052 9014 
8371 8455 8618 8002 8777 
8372 8138 8134 9195 8568 
8373 8256 8292 8293 8257 
8374 8633 9008 8378 9061 
8375 8331 8333 8334 8332 
8376 775 8040 8741 774 
8377 8922 9055 8522 9096 
8378 8302 8303 8890 8249 
8379 8068 8066 8108 8715 
8380 8621 9067 8700 8006 
8381 8707 8591 8592 8593 
8382 9234 8326 8325 8324 
8383 7964 8774 8022 8877 
8384 8221 8201 8858 8728 
8385 8433 8580 8775 8579 
8386 7986 8602 9224 8600 
8387 8633 8634 9177 9008 
8388 8932 8919 8432 8763 
8389 8186 8183 8182 8181 
8390 8422 8524 9122 8423 
8391 8403 8397 8304 8284 
8392 8185 8660 8987 8808 
8393 8565 8584 9234 8410 
8394 8634 8160 8158 9177 
8395 8538 8687 9060 8686 
8396 8149 8695 9133 8151 
8397 8180 8181 8179 8176 
8398 8944 8537 8305 8780 
8399 8827 8735 8984 9196 
8400 8639 8641 9217 8640 
8401 8273 8204 8773 8274 
8402 9224 8601 9223 8600 
8403 8759 9189 8702 8758 
8404 8431 8432 8919 8430 
8405 8523 8574 9056 8587 
8406 9112 8726 9020 8377 
8407 8678 763 764 8767 
8408 8167 8166 8165 8164 
8409 815 814 9222 7985 
8410 8547 8548 8549 8491 
8411 7998 8969 8510 8902 
8412 9204 8554 8939 9145 
8413 9158 8684 8720 8821 
8414 8605 8170 8169 8168 
8415 8718 8719 9148 7957 
8416 8001 8770 819 818 
8417 8202 8200 8133 8132 
8418 8507 8970 8576 8971 
8419 8103 8109 9179 8106 
8420 8637 9216 8709 8450 
8421 8728 8284 8283 8221 
8422 8082 8083 8081 8080 
8423 8381 8446 9212 8613 
8424 8352 8354 9125 8353 
8425 8807 8156 8155 8154 
8426 8760 9085 8641 8639 
8427 8595 9153 8509 8313 
8428 8930 8912 8026 8832 
8429 8732 8313 8291 8272 
8430 8073 8072 8071 8070 
8431 768 7998 9007 767 
8432 8254 8082 8830 8290 
8433 8993 8991 9033 8032 
8434 8292 8374 8375 8293 
8435 8207 8153 8829 8245 
8436 8816 8131 8130 8122 
8437 9233 8603 9224 8602 
8438 8772 9089 8662 8609 
8439 824 8673 9173 825 
8440 8647 8121 8129 8141 
8441 8695 8149 8148 8147 
8442 8554 8553 8380 8534 
8443 8621 8006 8770 8959 
8444 9134 8569 8570 8571 
8445 8637 8811 8813 8810 
8446 8410 8528 9074 8565 
8447 9026 8693 7999 9028 
8448 8422 8423 8424 8421 
8449 8261 8262 8263 8244 
8450 8571 9227 8714 8905 
8451 8178 8632 9181 8867 
8452 8965 9105 8974 7983 
8453 8226 8227 9124 8190 
8454 8153 8207 8807 8154 
8455 8548 8609 8610 8549 
8456 8562 9086 9039 8533 
8457 8703 8085 8084 8083 
8458 8773 8564 8563 8336 
8459 8059 8060 8058 8057 
8460 8190 8178 8867 8191 
8461 8870 8525 8892 8865 
8462 772 8738 8003 771 
8463 8529 8530 9194 8355 
8464 8908 8665 8663 8664 
8465 8074 8097 9034 8076 
8466 8865 8892 8545 8864 
8467 8119 8126 8905 8714 
8468 8292 8256 9087 8348 
8469 8364 8318 8366 8365 
8470 8928 8145 8299 8784 
8471 8061 8060 9219 8062 
8472 8274 8332 8860 8273 
8473 8651 9069 9173 8673 
8474 9106 8451 8452 8453 
8475 8784 8299 8306 8308 
8476 774 8741 8027 773 
8477 8192 8193 8194 8189 
8478 8070 9193 9116 8073 
8479 8636 8698 9114 8456 
8480 8900 8782 8818 8011 
8481 8523 8587 8913 9062 
8482 9046 8902 8510 8403 
8483 8733 8409 8436 9053 
8484 8112 8088 8761 8289 
8485 8607 9198 8505 8367 
8486 8262 8264 8265 8263 
8487 8858 8203 8272 8291 
8488 8574 8057 8055 9190 
8489 8609 8662 8663 8610 
8490 8751 9072 8816 8289 
8491 8423 8425 8426 8424 
8492 8189 8188 8183 8187 
8493 8425 8427 8490 8426 
8494 8612 8613 8984 8735 
8495 8247 8249 8890 8214 
8496 8453 8777 9162 8958 
8497 8900 9109 8440 8782 
8498 8590 8406 8592 8591 
8499 8264 8266 8267 8265 
8500 766 8866 7980 765 
8501 8175 8176 8179 8174 
8502 8693 8789 9199 9164 
8503 8538 8686 9163 8552 
8504 8277 8276 8279 8278 
8505 9037 8710 9202 8503 
8506 8284 8304 8350 8283 
8507 8209 8211 8235 8210 
8508 8405 8590 9180 8677 
8509 8487 8786 8979 8785 
8510 8268 8329 8420 8328 
8511 9143 9058 8242 8045 
8512 8481 8479 8478 8480 
8513 8424 8725 8420 8421 
8514 8220 8282 8442 8441 
8515 8463 8439 8438 8462 
8516 9080 7993 9081 8870 
8517 8911 8441 8599 8859 
8518 8167 8168 8169 8166 
8519 8887 8754 8447 8750 
8520 8371 8369 8368 8370 
8521 7956 8768 8013 8951 
8522 8369 8367 8366 8368 
8523 8276 8248 8215 8275 
8524 8404 8391 8297 8392 
8525 8860 8332 8334 8409 
8526 8441 8442 8674 8599 
8527 8340 8341 8868 8388 
8528 8076 8075 8072 8074 
8529 9138 8580 8433 8822 
8530 8464 8465 8467 8466 
8531 8193 8195 8196 8194 
8532 8766 8079 8080 8081 
8533 8463 8462 8465 8464 
8534 8079 8078 9218 8080 
8535 8304 8394 8393 8350 
8536 8200 8201 8220 8133 
8537 7961 8853 9191 8672 
8538 8359 8358 8325 8326 
8539 8344 8270 8234 8343 
8540 9075 7999 8693 8692 
8541 8496 8497 9119 8495 
8542 8096 8783 9206 8585 
8543 8624 9200 9238 8626 
8544 8141 8228 8314 8253 
8545 8743 9197 8744 8477 
8546 8761 8088 8086 8087 
8547 8429 8649 9109 8650 
8548 8550 8675 9101 8547 
8549 9065 8935 7981 8894 
8550 8999 9141 9140 8213 
8551 8466 8467 8469 8468 
8552 8066 8068 8069 8067 
8553 812 811 9184 7987 
8554 8138 8568 9088 8241 
8555 8981 8567 9186 8811 
8556 9058 8488 8485 9005 
8557 8134 8135 8225 8128 
8558 8201 8221 8282 8220 
8559 8599 8460 9136 8859 
8560 8146 8147 8148 8139 
8561 7967 8844 8025 8898 
8562 8733 9053 8767 7980 
8563 8182 8183 8188 8755 
8564 8131 8132 8252 8130 
8565 8136 8054 9059 9025 
8566 8775 8159 8160 8161 
8567 8203 8858 8201 8200 
8568 8160 8162 8762 8161 
8569 8172 8171 8169 8170 
8570 8160 8159 8157 8158 
8571 8821 8105 8102 8104 
8572 8158 8157 8155 8156 
8573 8856 8977 8558 8855 
8574 8098 8099 8876 8094 
8575 8087 8086 8084 8085 
8576 8519 8518 8515 8517 
8577 8538 8552 9178 8374 
8578 8622 9006 8631 8372 
8579 8602 7986 8678 8604 
8580 8758 8638 9210 8759 
8581 8489 8631 9215 8923 
8582 8081 8083 8084 8765 
8583 9046 8509 9153 8902 
8584 8064 8063 8061 8062 
8585 8726 8180 8176 9137 
8586 8468 8469 8471 8470 
8587 8575 8918 8389 9057 
8588 8228 8458 8459 8314 
8589 8164 8165 8762 8162 
8590 8456 8457 9097 8636 
8591 8626 8627 9083 8624 
8592 8238 8239 8950 8236 
8593 8653 8494 8295 9240 
8594 8112 8122 8129 8121 
8595 8001 8674 8959 8770 
8596 8470 8471 8473 8472 
8597 8209 8210 8941 8197 
8598 8930 8832 8476 8744 
8599 8411 8311 8945 8416 
8600 8499 8679 9174 8597 
8601 8531 8586 9226 8400 
8602 8055 8057 8058 8056 
8603 8483 8481 8480 8482 
8604 8345 8437 9230 8581 
8605 8088 8112 8121 8111 
8606 8586 8723 8915 8416 
8607 8324 8325 8938 8322 
8608 8336 8563 9084 8443 
8609 8498 8497 8496 8668 
8610 8078 8079 8110 8077 
8611 8278 8279 8913 8280 
8612 8312 9012 8445 8952 
8613 8513 8515 8771 8514 
8614 8396 8447 8704 8428 
8615 8730 8027 8741 9040 
8616 8642 7985 9222 8754 
8617 8705 8396 8395 8307 
8618 8667 8446 8288 9225 
8619 8548 8547 9101 9051 
8620 8775 8580 9138 8944 
8621 8068 8715 9227 8648 
8622 8070 8071 8145 8069 
8623 8165 8166 8169 8932 
8624 8925 8546 8977 8856 
8625 9081 8881 9122 8524 
8626 8881 9094 8551 9122 
8627 8376 8539 8868 9128 
8628 8206 8399 8452 8451 
8629 812 7987 8920 8428 
8630 8411 8691 8984 8412 
8631 826 825 9173 9091 
8632 8477 8474 9002 8478 
8633 8603 8736 9140 9141 
8634 8087 8090 8903 8761 
8635 8319 8489 9221 8583 
8636 8542 8307 8306 8300 
8637 8920 8395 8396 8428 
8638 9096 8308 8306 8922 
8639 8737 8117 8114 8116 
8640 7974 9011 8709 9216 
8641 8866 766 767 9007 
8642 8787 8487 8486 8616 
8643 8685 8737 9140 8736 
8644 8621 8883 8283 8350 
8645 8502 9132 9182 8175 
8646 8415 8456 9114 8373 
8647 8841 7989 9085 8760 
8648 8669 8699 9188 8670 
8649 8431 8589 8822 8433 
8650 9145 8749 9050 9204 
8651 8314 8887 8363 8253 
8652 8443 8708 9209 8666 
8653 8092 8094 8876 8095 
8654 659 8806 7972 658 
8655 8487 8787 9105 8786 
8656 658 7972 8790 657 
8657 8194 8942 8188 8189 
8658 662 7950 8926 661 
8659 7952 8734 8347 9117 
8660 8298 8300 8306 8299 
8661 8569 8255 8305 8408 
8662 8780 8305 8255 8198 
8663 769 8969 7998 768 
8664 8195 8197 8941 8196 
8665 654 8801 7951 653 
8666 653 7951 8803 652 
8667 8221 8283 8883 8282 
8668 657 8790 8802 656 
8669 650 8793 7973 649 
8670 649 7973 8804 648 
8671 667 7966 8812 666 
8672 668 8792 7966 667 
8673 8411 8711 9176 8691 
8674 8171 8172 9024 8184 
8675 645 8795 7952 644 
8676 660 8361 8806 659 
8677 655 8327 8801 654 
8678 656 8802 8327 655 
8679 652 8803 8321 651 
8680 651 8321 8793 650 
8681 670 8007 8805 669 
8682 648 8804 8271 647 
8683 671 8798 8007 670 
8684 646 8799 8795 645 
8685 669 8805 8792 668 
8686 647 8271 8799 646 
8687 8211 8236 8950 8235 
8688 672 7949 8798 671 
8689 661 8926 8361 660 
8690 8304 8397 9130 8739 
8691 666 8812 8342 665 
8692 673 8809 7949 672 
8693 640 7974 8810 639 
8694 8071 8298 8299 8145 
8695 8409 8334 9043 8436 
8696 639 8810 8813 638 
8697 638 8813 8008 637 
8698 637 8008 8814 636 
8699 8058 8060 8061 8940 
8700 674 8009 8809 673 
8701 8077 8076 9034 8078 
8702 636 8814 7953 635 
8703 8198 8150 8152 8888 
8704 635 7953 8817 634 
8705 675 8815 8009 674 
8706 634 8817 8011 633 
8707 8454 8522 8619 8455 
8708 8495 8216 8217 8309 
8709 633 8011 8818 632 
8710 8910 8219 8996 8852 
8711 676 7975 8815 675 
8712 8240 8243 8294 8239 
8713 8198 8888 9047 8780 
8714 8416 8945 9226 8586 
8715 8872 7992 9192 8972 
8716 632 8818 7976 631 
8717 8689 8690 9040 8742 
8718 9219 8419 8716 9054 
8719 8789 8797 9203 8788 
8720 8417 8418 9044 8656 
8721 8441 8911 8133 8220 
8722 631 7976 8820 630 
8723 677 8819 7975 676 
8724 8385 8346 8378 8878 
8725 630 8820 8012 629 
8726 678 8010 8819 677 
8727 629 8012 8826 628 
8728 8399 8454 8455 8452 
8729 628 8826 7956 627 
8730 679 8823 8010 678 
8731 8122 8130 8899 8129 
8732 680 8827 8823 679 
8733 8710 9037 817 816 
8734 8079 8766 8994 8110 
8735 8063 8398 8399 8206 
8736 8243 8445 8448 8294 
8737 625 8013 8828 624 
8738 8705 8363 8887 8750 
8739 681 7954 8827 680 
8740 8671 8672 9191 9032 
8741 8747 8745 9121 7977 
8742 8727 803 8776 8740 
8743 624 8828 7977 623 
8744 627 7956 8951 626 
8745 8254 8373 9114 8703 
8746 9049 8348 9087 8731 
8747 8323 8410 9234 8324 
8748 8743 8479 8769 9165 
8749 8268 8328 8407 8267 
8750 8611 8015 9121 8745 
8751 8491 8549 8643 8975 
8752 8461 9036 8217 8941 
8753 626 8951 8013 625 
8754 682 8831 7954 681 
8755 8244 8263 8312 8952 
8756 8105 9209 8708 9048 
8757 8427 8491 8975 8490 
8758 8090 8092 8095 8903 
8759 8701 8921 8339 8337 
8760 8178 8190 9124 8177 
8761 8235 8461 8941 8210 
8762 683 8014 8831 682 
8763 8459 8458 9136 8460 
8764 8141 8129 8899 8228 
8765 8507 8950 8239 8294 
8766 617 8834 7988 616 
8767 8532 8385 8878 8577 
8768 684 8838 8014 683 
8769 8171 8218 8932 8169 
8770 8358 8560 8938 8325 
8771 8630 8847 8936 8559 
8772 616 7988 8835 615 
8773 615 8835 8016 614 
8774 614 8016 8836 613 
8775 613 8836 7959 612 
8776 8144 8871 8275 8215 
8777 8316 8280 8913 8317 
8778 8133 8911 8252 8132 
8779 8573 8833 7966 8792 
8780 685 7978 8838 684 
8781 8196 8216 8942 8194 
8782 8072 8075 8298 8071 
8783 7969 8897 9029 8901 
8784 8932 8218 9208 8919 
8785 8754 9222 8704 8447 
8786 686 8839 7978 685 
8787 641 9011 7974 640 
8788 642 8347 9011 641 
8789 8969 8713 9130 8510 
8790 8414 8512 8929 8383 
8791 8154 8155 8888 8152 
8792 8978 8184 9160 8781 
8793 8774 9174 8884 8022 
8794 687 8017 8839 686 
8795 609 7989 8841 608 
8796 8406 8404 8910 8852 
8797 8599 8943 8503 8460 
8798 689 8845 8956 688 
8799 688 8956 8017 687 
8800 608 8841 8018 607 
8801 8255 8569 9134 8988 
8802 8318 8317 8914 9123 
8803 9233 8602 8604 9042 
8804 8269 8355 9194 8233 
8805 690 7955 8845 689 
8806 8711 8915 8815 7975 
8807 8519 9088 9110 8518 
8808 8259 8260 9107 8227 
8809 621 8015 8983 620 
8810 8678 8767 9053 8436 
8811 607 8018 8842 606 
8812 8360 8578 9120 8527 
8813 8827 9196 8010 8823 
8814 8479 8481 8894 8769 
8815 8398 8927 8454 8399 
8816 620 8983 7957 619 
8817 8944 9138 8824 8537 
8818 8762 8165 8932 8763 
8819 606 8842 7960 605 
8820 8104 8107 9158 8821 
8821 8566 8730 9231 8394 
8822 8311 8494 9226 8945 
8823 8593 8594 8521 8696 
8824 691 8846 7955 690 
8825 8371 8370 8508 8438 
8826 8390 8440 9154 8296 
8827 8546 8925 8864 8545 
8828 8377 9020 8358 8359 
8829 8040 8742 9040 8741 
8830 8135 8139 8148 8904 
8831 603 8848 7990 602 
8832 8179 9024 8172 8174 
8833 8708 8876 8099 9048 
8834 692 8019 8846 691 
8835 8307 8395 8922 8306 
8836 8523 9062 9102 8716 
8837 604 8968 8848 603 
8838 8756 8757 9024 8179 
8839 8216 8196 8941 8217 
8840 605 7960 8968 604 
8841 8244 8952 8445 8243 
8842 8294 8448 8970 8507 
8843 8609 8548 9051 8772 
8844 8088 8111 8961 8086 
8845 693 8854 8019 692 
8846 602 7990 8849 601 
8847 8126 8128 8225 8905 
8848 8629 8748 9204 8630 
8849 694 7979 8854 693 
8850 8821 8720 9209 8105 
8851 9049 8731 8663 8665 
8852 601 8849 8020 600 
8853 8939 8840 7978 8839 
8854 8303 8383 8929 8401 
8855 8363 8705 9187 8449 
8856 665 8342 9068 664 
8857 8675 8550 8937 9207 
8858 8948 9065 8483 8949 
8859 600 8020 8853 599 
8860 695 8857 7979 694 
8861 8534 8533 9039 8840 
8862 8545 8357 9166 8546 
8863 8180 8726 9112 9111 
8864 8553 8554 9204 8748 
8865 8847 8630 9204 9050 
8866 594 8861 8862 593 
8867 8341 8339 8921 8746 
8868 599 8853 7961 598 
8869 595 7991 8861 594 
8870 8560 8358 9020 8561 
8871 612 7959 9023 611 
8872 696 8021 8857 695 
8873 8156 8185 9177 8158 
8874 593 8862 7963 592 
8875 8554 8534 8840 8939 
8876 8131 8816 9072 8712 
8877 8702 9189 9100 8620 
8878 644 7952 9117 643 
8879 697 8863 8021 696 
8880 699 8869 7958 698 
8881 8333 8335 9043 8334 
8882 8066 8067 9146 8064 
8883 8069 8068 9193 8070 
8884 8824 8825 8947 8537 
8885 8059 8419 9219 8060 
8886 8063 8206 8940 8061 
8887 8936 8847 7955 8846 
8888 8021 8856 7979 8857 
8889 698 7958 8863 697 
8890 9112 8377 9128 8746 
8891 7950 662 663 9066 
8892 8513 8514 8929 8512 
8893 8955 7971 8985 9163 
8894 8765 8084 8086 8961 
8895 8351 8353 8987 8660 
8896 8460 8503 9202 8459 
8897 8661 8997 8806 8361 
8898 590 8875 7992 589 
8899 8704 9222 814 813 
8900 8864 7958 8869 8865 
8901 8613 9212 8412 8984 
8902 589 7992 8872 588 
8903 8046 8049 8982 8435 
8904 9016 8731 9087 8526 
8905 8380 8553 9155 8753 
8906 8792 8805 9156 8573 
8907 588 8872 8873 587 
8908 8856 8855 8854 7979 
8909 8569 8408 8947 8570 
8910 8054 8136 9190 8055 
8911 8500 8966 8387 8375 
8912 7963 8729 8875 9038 
8913 8053 8957 8231 8051 
8914 8250 8208 9240 8295 
8915 8305 8537 8947 8408 
8916 610 9078 7989 609 
8917 623 7977 9121 622 
8918 8524 8422 9095 8525 
8919 587 8873 7964 586 
8920 8644 8646 9041 8386 
8921 9002 8535 8480 8478 
8922 8448 8445 9012 8493 
8923 8375 8387 8644 8386 
8924 8198 8255 8988 8150 
8925 8159 8251 9047 8157 
8926 8105 9048 8099 8102 
8927 8693 9027 8797 8789 
8928 8764 9079 8077 8110 
8929 8067 8928 8398 9146 
8930 8925 8863 7958 8864 
8931 8607 8606 9192 8729 
8932 592 7963 9038 591 
8933 586 7964 8877 585 
8934 598 7961 9031 597 
8935 702 8880 7993 701 
8936 8217 8389 8973 8309 
8937 8287 8237 9225 8288 
8938 8722 9010 8798 7949 
8939 9143 8044 9118 8676 
8940 591 9038 8875 590 
8941 619 7957 9148 618 
8942 776 9069 8040 775 
8943 8313 8509 9046 8291 
8944 8120 8946 9175 8916 
8945 8393 8791 8700 9067 
8946 584 8022 8884 583 
8947 8291 9046 8728 8858 
8948 8055 8056 8957 8053 
8949 9191 8850 8625 9032 
8950 8570 8648 9227 8571 
8951 703 8023 8880 702 
8952 8962 9232 8405 8677 
8953 9184 9055 8920 7987 
8954 8184 8978 8218 8171 
8955 585 8877 8022 584 
8956 583 8884 8885 582 
8957 8350 8393 9067 8621 
8958 8563 8564 9072 8751 
8959 8699 8669 9009 9172 
8960 8495 8309 8973 8496 
8961 8885 8884 9174 8679 
8962 704 8882 8023 703 
8963 8493 8851 8970 8448 
8964 708 7994 8980 707 
8965 8058 8536 8957 8056 
8966 700 9080 8869 699 
8967 8498 8668 9206 8783 
8968 8298 8075 9079 8764 
8969 709 8891 7994 708 
8970 9105 8796 8976 8974 
8971 8628 9108 8843 8627 
8972 8778 8475 9126 8779 
8973 705 7962 8882 704 
8974 8911 8859 9136 8252 
8975 8417 8656 9213 8760 
8976 8149 8150 8988 8148 
8977 8774 7964 8873 8874 
8978 578 8895 8896 577 
8979 8865 8869 9080 8870 
8980 582 8885 7967 581 
8981 8346 8344 9061 8378 
8982 8897 8543 9237 9029 
8983 8347 642 643 9117 
8984 8593 8592 8996 8594 
8985 579 8025 8895 578 
8986 9151 8511 9123 8914 
8987 8015 621 622 9121 
8988 8511 9151 9025 9021 
8989 8232 8999 8213 8212 
8990 701 7993 9080 700 
8991 9069 776 777 9173 
8992 581 7967 8898 580 
8993 577 8896 7969 576 
8994 8769 8934 8028 9165 
8995 580 8898 8025 579 
8996 9141 8999 8281 9000 
8997 712 8893 7965 711 
8998 707 8980 9070 706 
8999 8825 8073 9116 8947 
9000 8603 9233 8683 8736 
9001 611 9023 9078 610 
9002 8788 8796 9105 8787 
9003 8344 8343 9181 9061 
9004 8457 8781 9160 9077 
9005 8627 8843 9099 9044 
9006 8684 9158 8117 9228 
9007 8097 8822 8589 9034 
9008 8783 9097 8658 8498 
9009 9003 9045 8242 9004 
9010 8679 8889 7967 8885 
9011 576 7969 8901 575 
9012 8051 8231 8982 8049 
9013 664 9068 9066 663 
9014 8598 8597 9174 8774 
9015 714 8906 8024 713 
9016 706 9070 7962 705 
9017 9214 8645 8644 8387 
9018 8395 8920 9055 8922 
9019 7989 9078 8641 9085 
9020 574 8026 8912 573 
9021 713 8024 8893 712 
9022 8483 8482 8485 8484 
9023 715 8907 8906 714 
9024 8076 8077 9079 8075 
9025 9036 8461 9127 8971 
9026 8474 8473 9003 9002 
9027 573 8912 8930 572 
9028 8157 9047 8888 8155 
9029 710 9104 8891 709 
9030 8793 8794 9015 7973 
9031 575 8901 8026 574 
9032 9052 8501 9045 9003 
9033 8406 8852 8996 8592 
9034 8927 9096 8522 8454 
9035 8484 8485 8488 8486 
9036 8265 8267 8407 8995 
9037 9156 9161 8556 9139 
9038 8341 8746 9128 8868 
9039 8743 8931 7970 9197 
9040 8263 8265 8995 8312 
9041 8972 8506 9157 8874 
9042 9075 8692 8043 8033 
9043 8771 9110 9195 8205 
9044 8403 8510 9130 8397 
9045 8677 9180 7956 8826 
9046 711 7965 9104 710 
9047 8493 8688 9179 8851 
9048 8834 617 618 9148 
9049 8420 8998 8407 8328 
9050 8697 8016 8835 9063 
9051 8359 8376 9128 8377 
9052 8908 7968 8933 8909 
9053 8725 8752 8998 8420 
9054 9151 8914 8587 9056 
9055 7991 595 596 9149 
9056 8752 8725 9098 8917 
9057 8565 9074 8327 8802 
9058 9007 7998 8902 9153 
9059 8442 9220 8959 8674 
9060 8297 8829 9133 8392 
9061 8577 9125 8981 8532 
9062 572 8930 7970 571 
9063 716 7968 8907 715 
9064 7975 8819 9176 8711 
9065 8837 8917 9098 8492 
9066 8036 8042 8540 8000 
9067 9036 8971 8576 9057 
9068 8320 8322 9107 8260 
9069 8184 9024 8757 9160 
9070 8404 8392 9133 8910 
9071 8206 8451 9106 8940 
9072 8275 9102 8279 8276 
9073 8725 8424 8426 9098 
9074 9058 9005 9004 8242 
9075 597 9031 9149 596 
9076 8772 9051 7994 8891 
9077 8212 8213 9093 8142 
9078 8664 8907 7968 8908 
9079 571 7970 8931 570 
9080 8975 9001 8492 8490 
9081 8257 8281 8999 8232 
9082 570 8931 8028 569 
9083 8440 8654 9211 8782 
9084 569 8028 8934 568 
9085 8942 9119 8755 8188 
9086 8608 9159 7951 8801 
9087 568 8934 7981 567 
9088 805 8041 8676 9118 
9089 8956 8845 9050 8749 
9090 8938 8652 9107 8322 
9091 9144 8626 9238 8721 
9092 8368 9021 8508 8370 
9093 8490 8492 9098 8426 
9094 8838 7978 8840 9039 
9095 8271 8800 9167 8799 
9096 8521 9013 9088 8519 
9097 8467 8465 9019 9030 
9098 8281 8257 8293 9041 
9099 8315 8625 9238 9200 
9100 8778 8844 9076 8475 
9101 8366 8511 9021 8368 
9102 8012 8820 9115 8962 
9103 8008 8813 8811 9186 
9104 8913 8279 9102 9062 
9105 717 8933 7968 716 
9106 567 7981 8935 566 
9107 7991 9149 8699 9172 
9108 8549 8610 9016 8643 
9109 8940 9106 8536 8058 
9110 8011 8817 9168 8900 
9111 8833 9100 8812 7966 
9112 8610 8663 8731 9016 
9113 8398 8063 8064 9146 
9114 9004 9005 9064 8535 
9115 8947 9116 8648 8570 
9116 8876 9084 9113 8095 
9117 8845 7955 8847 9050 
9118 8318 9123 8511 8366 
9119 8686 9060 8029 8954 
9120 7992 8875 8729 9192 
9121 8303 8401 9131 8890 
9122 9012 8312 8995 9175 
9123 8275 8871 8680 9054 
9124 8832 8026 8901 9029 
9125 8839 8017 9145 8939 
9126 566 8935 8030 565 
9127 8335 8683 9233 9042 
9128 719 8954 8029 718 
9129 8846 8019 9169 8936 
9130 8850 8721 9238 8625 
9131 718 8029 8933 717 
9132 8515 8518 9110 8771 
9133 8986 8834 9148 8719 
9134 7960 8842 9099 8843 
9135 8667 8886 9212 8446 
9136 8216 8495 9119 8942 
9137 8467 9030 9014 8469 
9138 720 8955 8954 719 
9139 9021 9025 9059 8508 
9140 8535 9002 9003 9004 
9141 8679 8499 9076 8889 
9142 8917 8143 9147 8752 
9143 8574 9190 8136 9056 
9144 565 8030 8948 564 
9145 8314 8459 9202 8642 
9146 8950 9127 8461 8235 
9147 8489 8923 9159 9221 
9148 8310 8412 9212 8886 
9149 8234 8867 9181 8343 
9150 8108 8714 9227 8715 
9151 8431 8830 9218 8589 
9152 8000 8540 9185 9071 
9153 9112 8746 8921 9111 
9154 8751 8903 8095 9113 
9155 8544 8892 8525 9095 
9156 8471 9052 9003 8473 
9157 8883 8621 8959 9220 
9158 8375 8386 9041 8293 
9159 8146 8241 9239 9035 
9160 8996 9035 9239 8594 
9161 8949 8785 8979 9205 
9162 8465 8462 9092 9019 
9163 564 8948 7982 563 
9164 8217 9036 9057 8389 
9165 7973 9015 9142 8804 
9166 8997 9129 7972 8806 
9167 8774 8874 9157 8598 
9168 8971 9127 8950 8507 
9169 8772 7965 8893 9089 
9170 8393 8394 9231 8791 
9171 8469 9014 9052 8471 
9172 8862 8861 9009 9073 
9173 7965 8772 8891 9104 
9174 8438 9022 9092 8462 
9175 7963 8862 9073 8924 
9176 8803 7951 9159 8923 
9177 9019 8504 9103 9030 
9178 8800 8271 8804 9142 
9179 8107 8114 8117 9158 
9180 563 7982 8964 562 
9181 8002 8960 9162 8777 
9182 8219 8910 9133 8695 
9183 8014 8838 9039 9086 
9184 562 8964 8031 561 
9185 8550 8551 9094 8937 
9186 8831 8014 9086 9082 
9187 561 8031 8965 560 
9188 8972 8874 8873 8872 
9189 560 8965 7983 559 
9190 9163 8985 8032 9033 
9191 8567 8981 9125 8354 
9192 8130 8252 9136 8899 
9193 9137 9182 8560 8561 
9194 721 7971 8955 720 
9195 8843 9108 8968 7960 
9196 559 7983 8974 558 
9197 8438 8508 9059 9022 
9198 8880 8023 9094 8881 
9199 8779 9126 8543 8897 
9200 8078 9034 8589 9218 
9201 8751 9113 9084 8563 
9202 9103 8222 9014 9030 
9203 9010 9161 8007 8798 
9204 8793 8321 9215 8794 
9205 8035 545 546 8034 
9206 8963 8795 8799 9167 
9207 9115 8655 9232 8962 
9208 8482 8480 8535 9064 
9209 9109 8900 9168 8650 
9210 8627 9044 8418 9083 
9211 9176 9196 8984 8691 
9212 8706 9168 8817 7953 
9213 8285 8400 9226 8953 
9214 8937 9094 8023 8882 
9215 8228 8899 9136 8458 
9216 8628 9144 7990 8848 
9217 8718 9229 8986 8719 
9218 9135 8646 8644 9170 
9219 8036 8000 730 731 
9220 8135 8904 9134 8225 
9221 8632 8633 9061 9181 
9222 722 8985 7971 721 
9223 8661 7950 9066 9210 
9224 8653 8953 9226 8494 
9225 8970 8851 9179 8109 
9226 558 8974 8976 557 
9227 8879 8541 8540 8042 
9228 9005 8485 8482 9064 
9229 723 8032 8985 722 
9230 9196 9176 8819 8010 
9231 8506 8972 9192 8606 
9232 8603 9171 8601 9224 
9233 726 8989 7984 725 
9234 724 8993 8032 723 
9235 9100 9189 8342 8812 
9236 8389 8918 9236 8973 
9237 8500 8967 9183 8966 
9238 8659 9208 8218 8978 
9239 8938 8560 9182 9132 
9240 8992 8990 7984 8989 
9241 725 7984 8993 724 
9242 9059 8230 9092 9022 
9243 8802 8790 9152 8565 
9244 9167 8582 9230 8963 
9245 8980 7994 9051 9101 
9246 8282 8883 9220 8442 
9247 9078 9023 9217 8641 
9248 8790 7972 9129 9152 
9249 9101 8675 9070 8980 
9250 8861 7991 9172 9009 
9251 9188 8699 9149 9031 
9252 8923 9215 8321 8803 
9253 8538 8348 9049 8687 
9254 8737 9093 8213 9140 
9255 8960 8435 8982 9162 
9256 8782 9211 7976 8818 
9257 8672 9188 9031 7961 
9258 778 9091 9173 777 
9259 8820 7976 9211 9115 
9260 8530 8529 9142 9015 
9261 8855 9169 8019 8854 
9262 8788 8615 9199 8789 
9263 8697 9217 9023 7959 
9264 8661 8527 9120 8997 
9265 8148 8988 9134 8904 
9266 8805 8007 9161 9156 
9267 8997 9120 8584 9129 
9268 9203 8797 9018 9017 
9269 8658 9077 9160 8757 
9270 8557 8977 8546 9166 
9271 8882 7962 9207 8937 
9272 8842 8018 9213 9099 
9273 8676 8488 9058 9143 
9274 8531 8556 9161 9010 
9275 8760 9213 8018 8841 
9276 8740 8043 8692 8727 
9277 8938 9132 8502 8652 
9278 8850 9191 8853 8020 
9279 9198 9073 9009 8505 
9280 8848 8968 9108 8628 
9281 8575 8101 9236 8918 
9282 8734 8963 9230 8437 
9283 557 8976 7995 556 
9284 555 9017 9018 554 
9285 556 7995 9017 555 
9286 8521 8594 9239 9013 
9287 7962 9070 8675 9207 
9288 8449 9187 8542 8994 
9289 727 8992 8989 726 
9290 8476 8832 9029 9237 
9291 8017 8956 8749 9145 
9292 8098 8585 9206 9235 
9293 8572 8573 9156 9139 
9294 8035 8034 8043 8740 
9295 9170 8644 8645 9150 
9296 8788 9203 8976 8796 
9297 9033 8991 8500 9178 
9298 9073 9198 8607 8924 
9299 9006 8794 9215 8631 
9300 8694 8986 9229 8516 
9301 8612 9082 9086 8562 
9302 8342 9189 8759 9068 
9303 8493 9012 9175 8946 
9304 554 9018 7997 553 
9305 8496 8973 9236 8668 
9306 8693 9026 7997 9027 
9307 552 9026 9028 551 
9308 553 7997 9026 552 
9309 9068 8759 9210 9066 
9310 8649 9154 8440 9109 
9311 9000 9171 8603 9141 
9312 8068 8648 9116 9193 
9313 551 9028 7999 550 
9314 8565 9152 9129 8584 
9315 8033 8043 8034 9090 
9316 9178 8552 9163 9033 
9317 8540 8541 9214 9183 
9318 8037 8035 8740 8776 
9319 8693 9164 8727 8692 
9320 8655 9115 9211 8654 
9321 9056 8136 9025 9151 
9322 8646 9135 9171 9000 
9323 9088 9013 9239 8241 
9324 550 7999 9075 549 
9325 8948 8949 9205 7982 
9326 9044 9099 9213 8656 
9327 8038 8879 8042 8036 
9328 8992 7996 9071 9185 
9329 8582 9241 8581 9230 
9330 9088 8568 9195 9110 
9331 728 7996 8992 727 
9332 759 8004 9170 9150 
9333 9206 8668 9236 9235 
9334 8979 8964 7982 9205 
9335 9170 8601 9171 9135 
9336 8727 9164 9199 8614 
9337 8583 9221 9159 8608 
9338 729 9071 7996 728 
9339 549 9075 8033 548 
9340 8098 9235 9236 8101 
9341 9017 7995 8976 9203 
9342 8967 9185 8540 9183 
9343 548 8033 9090 547 
9344 547 9090 8034 546 
9345 8387 8966 9183 9214 
9346 8776 803 68 539 
9347 8541 8879 71 758 
9348 736 71 8879 8038 
9349 9091 778 74 826 
9350 540 8037 8776 539 
9351 8035 8037 542 543 
9352 9071 729 730 8000 
9353 8036 733 734 8038 
9354 8964 8979 8965 8031 
9355 9049 8665 8908 8909 
$EndElements
