$MeshFormat
4.1 0 8
$EndMeshFormat
$Entities
49 54 6 0
1 1 0 0 0 
2 0.9938439999999999 0.000891 0 0 
3 0.975528 0.003501 0 0 
4 0.945503 0.007651 0 0 
5 0.904508 0.013071 0 0 
6 0.853553 0.019438 0 0 
7 0.793893 0.026405 0 0 
8 0.7269949999999999 0.03361 0 0 
9 0.654508 0.040686 0 0 
10 0.578217 0.047242 0 0 
11 0.5 0.052862 0 0 
12 0.421783 0.057108 0 0 
13 0.345492 0.059557 0 0 
14 0.273005 0.059841 0 0 
15 0.206107 0.057712 0 0 
16 0.146447 0.053083 0 0 
17 0.09549199999999999 0.046049 0 0 
18 0.054497 0.036867 0 0 
19 0.024472 0.025893 0 0 
20 0.006156 0.013503 0 0 
21 0 0 0 0 
22 0.006156 -0.013503 0 0 
23 0.024472 -0.025893 0 0 
24 0.054497 -0.036867 0 0 
25 0.09549199999999999 -0.046049 0 0 
26 0.146447 -0.053083 0 0 
27 0.206107 -0.057712 0 0 
28 0.273005 -0.059841 0 0 
29 0.345492 -0.059557 0 0 
30 0.421783 -0.057108 0 0 
31 0.5 -0.052862 0 0 
32 0.578217 -0.047242 0 0 
33 0.654508 -0.040686 0 0 
34 0.7269949999999999 -0.03361 0 0 
35 0.793893 -0.026405 0 0 
36 0.853553 -0.019438 0 0 
37 0.904508 -0.013071 0 0 
38 0.945503 -0.007651 0 0 
39 0.975528 -0.003501 0 0 
40 0.9938439999999999 -0.000891 0 0 
200 0 4 0 0 
201 0 -4 0 0 
202 -2.7 0 0 0 
203 0.3 0 0 0 
210 6 4 0 0 
211 6 -4 0 0 
212 6 0 0 0 
230 6 12 0 0 
231 6 -12 0 0 
1 0.9938439999999999 0 0 1 0.000891 0 1 303 2 1 -2 
2 0.975528 0.0008909999999999999 0 0.9938439999999999 0.003501 0 1 303 2 2 -3 
3 0.945503 0.003501 0 0.975528 0.007651 0 1 303 2 3 -4 
4 0.904508 0.007651 0 0.945503 0.013071 0 1 303 2 4 -5 
5 0.853553 0.013071 0 0.904508 0.019438 0 1 303 2 5 -6 
6 0.793893 0.019438 0 0.853553 0.026405 0 1 303 2 6 -7 
7 0.7269949999999999 0.026405 0 0.793893 0.03361 0 1 303 2 7 -8 
8 0.654508 0.03361 0 0.7269949999999999 0.040686 0 1 303 2 8 -9 
9 0.578217 0.040686 0 0.654508 0.047242 0 1 303 2 9 -10 
10 0.5 0.047242 0 0.578217 0.052862 0 1 303 2 10 -11 
11 0.421783 0.052862 0 0.5 0.057108 0 1 303 2 11 -12 
12 0.345492 0.057108 0 0.421783 0.059557 0 1 303 2 12 -13 
13 0.273005 0.059557 0 0.345492 0.059841 0 1 303 2 13 -14 
14 0.206107 0.057712 0 0.273005 0.059841 0 1 303 2 14 -15 
15 0.146447 0.053083 0 0.206107 0.057712 0 1 303 2 15 -16 
16 0.09549199999999999 0.046049 0 0.146447 0.053083 0 1 303 2 16 -17 
17 0.054497 0.036867 0 0.09549199999999999 0.046049 0 1 303 2 17 -18 
18 0.024472 0.025893 0 0.054497 0.036867 0 1 303 2 18 -19 
19 0.006156000000000002 0.013503 0 0.024472 0.025893 0 1 303 2 19 -20 
20 0 0 0 0.006156 0.013503 0 1 303 2 20 -21 
21 0 -0.013503 0 0.006156 0 0 1 303 2 21 -22 
22 0.006156 -0.025893 0 0.024472 -0.013503 0 1 303 2 22 -23 
23 0.024472 -0.036867 0 0.054497 -0.025893 0 1 303 2 23 -24 
24 0.054497 -0.046049 0 0.09549199999999999 -0.036867 0 1 303 2 24 -25 
25 0.09549199999999999 -0.053083 0 0.146447 -0.046049 0 1 303 2 25 -26 
26 0.146447 -0.057712 0 0.206107 -0.053083 0 1 303 2 26 -27 
27 0.206107 -0.059841 0 0.273005 -0.057712 0 1 303 2 27 -28 
28 0.273005 -0.059841 0 0.345492 -0.059557 0 1 303 2 28 -29 
29 0.345492 -0.059557 0 0.421783 -0.057108 0 1 303 2 29 -30 
30 0.421783 -0.057108 0 0.5 -0.052862 0 1 303 2 30 -31 
31 0.5 -0.052862 0 0.578217 -0.047242 0 1 303 2 31 -32 
32 0.578217 -0.047242 0 0.654508 -0.040686 0 1 303 2 32 -33 
33 0.654508 -0.040686 0 0.7269949999999999 -0.03361 0 1 303 2 33 -34 
34 0.7269949999999999 -0.03361 0 0.793893 -0.026405 0 1 303 2 34 -35 
35 0.793893 -0.026405 0 0.853553 -0.019438 0 1 303 2 35 -36 
36 0.853553 -0.019438 0 0.904508 -0.013071 0 1 303 2 36 -37 
37 0.904508 -0.013071 0 0.945503 -0.007651 0 1 303 2 37 -38 
38 0.945503 -0.007651 0 0.975528 -0.003501000000000001 0 1 303 2 38 -39 
39 0.975528 -0.003501 0 0.9938439999999999 -0.0008909999999999999 0 1 303 2 39 -40 
40 0.9938439999999999 -0.000891 0 1 0 0 1 303 2 40 -1 
200 -2.7 0 0 0 0 0 0 2 21 -202 
201 0 0.05771199999999999 0 0.206107 4 0 0 2 200 -15 
202 0 -4 0 0.206107 -0.05771199999999999 0 0 2 201 -27 
203 -2.7 0 0 0 4 0 1 300 2 200 -202 
204 -2.7 -4 0 0 0 0 1 300 2 202 -201 
210 1 0 0 6 0 0 0 2 1 -212 
211 6 0 0 6 4 0 1 302 2 210 -212 
212 6 -4 0 6 0 0 1 302 2 211 -212 
220 0 4 0 6 4 0 0 2 200 -210 
221 0 -4 0 6 -4 0 0 2 201 -211 
230 6 4 0 6 12 0 1 302 2 210 -230 
231 6 -12 0 6 -4 0 1 302 2 211 -231 
232 0 4 0 6 12 0 1 300 2 200 -230 
233 0 -12 0 6 -4 0 1 300 2 201 -231 
1 -2.7 0 0 0.206107 4 0 1 236 9 -203 201 15 16 17 18 19 20 200 
2 -2.7 -4 0 0.206107 0 0 1 236 9 -200 21 22 23 24 25 26 -202 -204 
5 0 0 0 6 4 0 1 236 18 -201 220 211 -210 1 2 3 4 5 6 7 8 9 10 11 12 13 14 
6 0 -4 0 6 0 0 1 236 18 202 27 28 29 30 31 32 33 34 35 36 37 38 39 40 210 -212 -221 
7 0 4 0 6 12 0 1 236 3 232 -230 -220 
8 0 -12 0 6 -4 0 1 236 3 221 231 -233 
$EndEntities
$Nodes
108 5649 1 5649
0 1 0 1
1
1 -0 0
0 2 0 1
2
0.9938439999999999 0.000891 0
0 3 0 1
3
0.975528 0.003501 0
0 4 0 1
4
0.945503 0.007651 0
0 5 0 1
5
0.904508 0.013071 0
0 6 0 1
6
0.853553 0.019438 0
0 7 0 1
7
0.793893 0.026405 0
0 8 0 1
8
0.7269949999999999 0.03361 0
0 9 0 1
9
0.654508 0.040686 0
0 10 0 1
10
0.578217 0.047242 0
0 11 0 1
11
0.5 0.052862 0
0 12 0 1
12
0.421783 0.057108 0
0 13 0 1
13
0.345492 0.059557 0
0 14 0 1
14
0.273005 0.059841 0
0 15 0 1
15
0.206107 0.057712 0
0 16 0 1
16
0.146447 0.053083 0
0 17 0 1
17
0.09549199999999999 0.046049 0
0 18 0 1
18
0.054497 0.036867 0
0 19 0 1
19
0.024472 0.025893 0
0 20 0 1
20
0.006156 0.013503 0
0 21 0 1
21
0 0 0
0 22 0 1
22
0.006156 -0.013503 0
0 23 0 1
23
0.024472 -0.025893 0
0 24 0 1
24
0.054497 -0.036867 0
0 25 0 1
25
0.09549199999999999 -0.046049 0
0 26 0 1
26
0.146447 -0.053083 0
0 27 0 1
27
0.206107 -0.057712 0
0 28 0 1
28
0.273005 -0.059841 0
0 29 0 1
29
0.345492 -0.059557 0
0 30 0 1
30
0.421783 -0.057108 0
0 31 0 1
31
0.5 -0.052862 0
0 32 0 1
32
0.578217 -0.047242 0
0 33 0 1
33
0.654508 -0.040686 0
0 34 0 1
34
0.7269949999999999 -0.03361 0
0 35 0 1
35
0.793893 -0.026405 0
0 36 0 1
36
0.853553 -0.019438 0
0 37 0 1
37
0.904508 -0.013071 0
0 38 0 1
38
0.945503 -0.007651 0
0 39 0 1
39
0.975528 -0.003501 0
0 40 0 1
40
0.9938439999999999 -0.000891 0
0 200 0 1
41
0 4 0
0 201 0 1
42
0 -4 0
0 202 0 1
43
-2.7 0 0
0 210 0 1
44
6 4 0
0 211 0 1
45
6 -4 0
0 212 0 1
46
6 0 0
0 230 0 1
47
6 12 0
0 231 0 1
48
6 -12 0
1 1 0 0
1 2 0 0
1 3 0 0
1 4 0 0
1 5 0 0
1 6 0 0
1 7 0 0
1 8 0 0
1 9 0 0
1 10 0 0
1 11 0 0
1 12 0 0
1 13 0 0
1 14 0 0
1 15 0 0
1 16 0 0
1 17 0 0
1 18 0 0
1 19 0 0
1 20 0 0
1 21 0 0
1 22 0 0
1 23 0 0
1 24 0 0
1 25 0 0
1 26 0 0
1 27 0 0
1 28 0 0
1 29 0 0
1 30 0 0
1 31 0 0
1 32 0 0
1 33 0 0
1 34 0 0
1 35 0 0
1 36 0 0
1 37 0 0
1 38 0 0
1 39 0 0
1 40 0 0
1 200 0 18
49
50
51
52
53
54
55
56
57
58
59
60
61
62
63
64
65
66
-0.08841152850418488 0 0
-0.1812436333288671 0 0
-0.2787173430911256 0 0
-0.3810647378115337 0 0
-0.4885295027982761 0 0
-0.6013675060466475 0 0
-0.7198474092029875 0 0
-0.8442513071615734 0 0
-0.9748754001206701 0 0
-1.112030698610793 0 0
-1.256043761576237 0 0
-1.407257477054256 0 0
-1.566031878779777 0 0
-1.732745000884541 0 0
-1.907793779203547 0 0
-2.09159499644726 0 0
-2.284586274810391 0 0
-2.487227116782949 0 0
1 201 0 18
67
68
69
70
71
72
73
74
75
76
77
78
79
80
81
82
83
84
0.01624221505219373 3.689328894730976 0
0.03171099135449269 3.393451650429533 0
0.0464431592839029 3.111663798284294 0
0.06047379538845075 2.84329441564651 0
0.07383630596356994 2.587704527432304 0
0.08656250650338194 2.344285586427416 0
0.09868269747237723 2.112458023973067 0
0.1102257364561258 1.891669869911516 0
0.121219106963091 1.681395436587258 0
0.1316889836690429 1.481134070891994 0
0.1416602947533732 1.290408961933918 0
0.1511567814928922 1.108766001164197 0
0.1602010546039941 0.9357727046986724 0
0.1688146480616377 0.7710171839014812 0
0.177018070401356 0.6141071641117435 0
0.1848308535434783 0.4646690507638662 0
0.1922715994316307 0.3223470373149655 0
0.1993580241090956 0.1868022621793619 0
1 202 0 18
85
86
87
88
89
90
91
92
93
94
95
96
97
98
99
100
101
102
0.01624221505219373 -3.689328894730976 0
0.03171099135449269 -3.393451650429533 0
0.0464431592839029 -3.111663798284294 0
0.06047379538845075 -2.84329441564651 0
0.07383630596356994 -2.587704527432304 0
0.08656250650338194 -2.344285586427416 0
0.09868269747237723 -2.112458023973067 0
0.1102257364561258 -1.891669869911516 0
0.121219106963091 -1.681395436587258 0
0.1316889836690429 -1.481134070891994 0
0.1416602947533732 -1.290408961933918 0
0.1511567814928922 -1.108766001164197 0
0.1602010546039941 -0.9357727046986724 0
0.1688146480616377 -0.7710171839014812 0
0.177018070401356 -0.6141071641117435 0
0.1848308535434783 -0.4646690507638662 0
0.1922715994316307 -0.3223470373149655 0
0.1993580241090956 -0.1868022621793619 0
1 203 0 5
103
104
105
106
107
-0.847589800778412 3.766088302859468 0
-1.56145905111394 3.250137816964286 0
-2.098140940109092 2.549928220720596 0
-2.458543090629907 1.743770831907318 0
-2.655471507386422 0.8825301390454847 0
1 204 0 5
108
109
110
111
112
-2.628945809142723 -0.8697706106302419 0
-2.413241133275481 -1.715223997217877 0
-2.045679873218256 -2.506211697509624 0
-1.516874897691707 -3.199036220222351 0
-0.824798699991151 -3.726889071261949 0
1 210 0 54
113
114
115
116
117
118
119
120
121
122
123
124
125
126
127
128
129
130
131
132
133
134
135
136
137
138
139
140
141
142
143
144
145
146
147
148
149
150
151
152
153
154
155
156
157
158
159
160
161
162
163
164
165
166
1.090909090909043 0 0
1.181818181818045 0 0
1.272727272726872 0 0
1.363636363636 0 0
1.45454545454513 0 0
1.54545454545426 0 0
1.636363636363309 0 0
1.727272727272066 0 0
1.818181818180793 0 0
1.90909090908952 0 0
1.999999999998298 0 0
2.090909090907394 0 0
2.181818181816524 0 0
2.272727272725654 0 0
2.363636363634784 0 0
2.454545454543914 0 0
2.545454545453044 0 0
2.636363636362174 0 0
2.727272727271304 0 0
2.818181818180434 0 0
2.909090909089564 0 0
2.999999999998693 0 0
3.090909090907824 0 0
3.181818181816954 0 0
3.272727272726084 0 0
3.363636363635214 0 0
3.454545454544343 0 0
3.545454545453474 0 0
3.636363636362604 0 0
3.727272727271735 0 0
3.818181818180866 0 0
3.909090909089996 0 0
3.999999999999127 0 0
4.090909090908258 0 0
4.181818181817388 0 0
4.272727272726518 0 0
4.363636363635649 0 0
4.45454545454478 0 0
4.545454545453911 0 0
4.636363636363041 0 0
4.727272727272172 0 0
4.818181818181302 0 0
4.909090909090432 0 0
4.999999999999563 0 0
5.090909090908694 0 0
5.181818181817825 0 0
5.272727272726955 0 0
5.363636363636086 0 0
5.454545454545216 0 0
5.545454545454347 0 0
5.636363636363477 0 0
5.727272727272608 0 0
5.818181818181738 0 0
5.909090909090869 0 0
1 211 0 18
167
168
169
170
171
172
173
174
175
176
177
178
179
180
181
182
183
184
6 3.68478091375262 0
6 3.384572258979628 0
6 3.098659253999906 0
6 2.826361154381947 0
6 2.567029630948777 0
6 2.320047227832752 0
6 2.084825891945139 0
6 1.860805572717958 0
6 1.647452886841515 0
6 1.444259852039811 0
6 1.250742677284055 0
6 1.066440606232933 0
6 0.8909148237778934 0
6 0.7237474115569227 0
6 0.5645403523162456 0
6 0.4129145823592308 0
6 0.268509086414463 0
6 0.1309800422290368 0
1 212 0 18
185
186
187
188
189
190
191
192
193
194
195
196
197
198
199
200
201
202
6 -3.68478091375262 0
6 -3.384572258979628 0
6 -3.098659253999906 0
6 -2.826361154381947 0
6 -2.567029630948777 0
6 -2.320047227832752 0
6 -2.084825891945139 0
6 -1.860805572717958 0
6 -1.647452886841515 0
6 -1.444259852039811 0
6 -1.250742677284055 0
6 -1.066440606232933 0
6 -0.8909148237778934 0
6 -0.7237474115569227 0
6 -0.5645403523162456 0
6 -0.4129145823592308 0
6 -0.268509086414463 0
6 -0.1309800422290368 0
1 220 0 68
203
204
205
206
207
208
209
210
211
212
213
214
215
216
217
218
219
220
221
222
223
224
225
226
227
228
229
230
231
232
233
234
235
236
237
238
239
240
241
242
243
244
245
246
247
248
249
250
251
252
253
254
255
256
257
258
259
260
261
262
263
264
265
266
267
268
269
270
0.08695652173874657 4 0
0.1739130434774868 4 0
0.2608695652162266 4 0
0.347826086954971 4 0
0.4347826086937616 4 0
0.5217391304325818 4 0
0.608695652171402 4 0
0.6956521739102223 4 0
0.7826086956489756 4 0
0.8695652173876416 4 0
0.956521739126301 4 0
1.043478260865026 4 0
1.130434782603847 4 0
1.217391304342667 4 0
1.304347826081488 4 0
1.391304347820308 4 0
1.478260869559128 4 0
1.565217391297949 4 0
1.652173913036769 4 0
1.739130434775589 4 0
1.82608695651441 4 0
1.91304347825323 4 0
1.99999999999205 4 0
2.086956521730871 4 0
2.173913043469692 4 0
2.260869565208512 4 0
2.347826086947332 4 0
2.434782608686152 4 0
2.521739130424973 4 0
2.608695652163793 4 0
2.695652173902614 4 0
2.782608695641434 4 0
2.869565217380254 4 0
2.956521739119081 4 0
3.043478260858224 4 0
3.130434782597681 4 0
3.217391304337146 4 0
3.30434782607661 4 0
3.391304347816074 4 0
3.478260869555538 4 0
3.565217391295002 4 0
3.652173913034467 4 0
3.739130434773931 4 0
3.826086956513395 4 0
3.91304347825286 4 0
3.999999999992323 4 0
4.086956521731787 4 0
4.173913043471252 4 0
4.260869565210716 4 0
4.34782608695018 4 0
4.434782608689644 4 0
4.521739130429109 4 0
4.608695652168572 4 0
4.695652173908037 4 0
4.782608695647502 4 0
4.869565217386965 4 0
4.95652173912643 4 0
5.043478260865893 4 0
5.130434782605358 4 0
5.217391304344822 4 0
5.304347826084286 4 0
5.391304347823751 4 0
5.478260869563215 4 0
5.56521739130268 4 0
5.652173913042144 4 0
5.739130434781607 4 0
5.826086956521071 4 0
5.913043478260535 4 0
1 221 0 68
271
272
273
274
275
276
277
278
279
280
281
282
283
284
285
286
287
288
289
290
291
292
293
294
295
296
297
298
299
300
301
302
303
304
305
306
307
308
309
310
311
312
313
314
315
316
317
318
319
320
321
322
323
324
325
326
327
328
329
330
331
332
333
334
335
336
337
338
0.08695652173874657 -4 0
0.1739130434774868 -4 0
0.2608695652162266 -4 0
0.347826086954971 -4 0
0.4347826086937616 -4 0
0.5217391304325818 -4 0
0.608695652171402 -4 0
0.6956521739102223 -4 0
0.7826086956489756 -4 0
0.8695652173876416 -4 0
0.956521739126301 -4 0
1.043478260865026 -4 0
1.130434782603847 -4 0
1.217391304342667 -4 0
1.304347826081488 -4 0
1.391304347820308 -4 0
1.478260869559128 -4 0
1.565217391297949 -4 0
1.652173913036769 -4 0
1.739130434775589 -4 0
1.82608695651441 -4 0
1.91304347825323 -4 0
1.99999999999205 -4 0
2.086956521730871 -4 0
2.173913043469692 -4 0
2.260869565208512 -4 0
2.347826086947332 -4 0
2.434782608686152 -4 0
2.521739130424973 -4 0
2.608695652163793 -4 0
2.695652173902614 -4 0
2.782608695641434 -4 0
2.869565217380254 -4 0
2.956521739119081 -4 0
3.043478260858224 -4 0
3.130434782597681 -4 0
3.217391304337146 -4 0
3.30434782607661 -4 0
3.391304347816074 -4 0
3.478260869555538 -4 0
3.565217391295002 -4 0
3.652173913034467 -4 0
3.739130434773931 -4 0
3.826086956513395 -4 0
3.91304347825286 -4 0
3.999999999992323 -4 0
4.086956521731787 -4 0
4.173913043471252 -4 0
4.260869565210716 -4 0
4.34782608695018 -4 0
4.434782608689644 -4 0
4.521739130429109 -4 0
4.608695652168572 -4 0
4.695652173908037 -4 0
4.782608695647502 -4 0
4.869565217386965 -4 0
4.95652173912643 -4 0
5.043478260865893 -4 0
5.130434782605358 -4 0
5.217391304344822 -4 0
5.304347826084286 -4 0
5.391304347823751 -4 0
5.478260869563215 -4 0
5.56521739130268 -4 0
5.652173913042144 -4 0
5.739130434781607 -4 0
5.826086956521071 -4 0
5.913043478260535 -4 0
1 230 0 42
339
340
341
342
343
344
345
346
347
348
349
350
351
352
353
354
355
356
357
358
359
360
361
362
363
364
365
366
367
368
369
370
371
372
373
374
375
376
377
378
379
380
6 4.055946663739784 0
6 4.114690660502551 0
6 4.176371856313396 0
6 4.241137110939844 0
6 4.309140628873076 0
6 4.380544321053859 0
6 4.455518197965672 0
6 4.534240769563517 0
6 4.616899470376574 0
6 4.703691107573376 0
6 4.794822326811825 0
6 4.890510105029707 0
6 4.990982271705091 0
6 5.096478047749089 0
6 5.20724861121856 0
6 5.323557703473217 0
6 5.445682251353617 0
6 5.573913025590995 0
6 5.708555339304912 0
6 5.849929769492887 0
6 5.99837292152071 0
6 6.154238231983091 0
6 6.317896806562475 0
6 6.489738308865078 0
6 6.670171884925672 0
6 6.859627141247376 0
6 7.058555159921102 0
6 7.26742957912224 0
6 7.486747720889864 0
6 7.717031768270668 0
6 7.95883001599181 0
6 8.212718176025948 0
6 8.47930074706337 0
6 8.759212446804348 0
6 9.053119730238203 0
6 9.361722376733322 0
6 9.685755154336364 0
6 10.02598957119191 0
6 10.38323570887416 0
6 10.75834415497192 0
6 11.15220802438646 0
6 11.56576508627715 0
1 231 0 42
381
382
383
384
385
386
387
388
389
390
391
392
393
394
395
396
397
398
399
400
401
402
403
404
405
406
407
408
409
410
411
412
413
414
415
416
417
418
419
420
421
422
6 -4.055946663739784 0
6 -4.114690660502551 0
6 -4.176371856313396 0
6 -4.241137110939844 0
6 -4.309140628873076 0
6 -4.380544321053859 0
6 -4.455518197965672 0
6 -4.534240769563517 0
6 -4.616899470376574 0
6 -4.703691107573376 0
6 -4.794822326811825 0
6 -4.890510105029707 0
6 -4.990982271705091 0
6 -5.096478047749089 0
6 -5.20724861121856 0
6 -5.323557703473217 0
6 -5.445682251353617 0
6 -5.573913025590995 0
6 -5.708555339304912 0
6 -5.849929769492887 0
6 -5.99837292152071 0
6 -6.154238231983091 0
6 -6.317896806562475 0
6 -6.489738308865078 0
6 -6.670171884925672 0
6 -6.859627141247376 0
6 -7.058555159921102 0
6 -7.26742957912224 0
6 -7.486747720889864 0
6 -7.717031768270668 0
6 -7.95883001599181 0
6 -8.212718176025948 0
6 -8.47930074706337 0
6 -8.759212446804348 0
6 -9.053119730238203 0
6 -9.361722376733322 0
6 -9.685755154336364 0
6 -10.02598957119191 0
6 -10.38323570887416 0
6 -10.75834415497192 0
6 -11.15220802438646 0
6 -11.56576508627715 0
1 232 0 55
423
424
425
426
427
428
429
430
431
432
433
434
435
436
437
438
439
440
441
442
443
444
445
446
447
448
449
450
451
452
453
454
455
456
457
458
459
460
461
462
463
464
465
466
467
468
469
470
471
472
473
474
475
476
477
0.02088058738454687 4.027840783179395 0
0.04280520207505969 4.057073602766747 0
0.06582604852833689 4.087768064704449 0
0.08999793916351295 4.119997252218017 0
0.1153784241183426 4.153837898824457 0
0.1420279324331027 4.18937057657747 0
0.1700099158637899 4.226679887818387 0
0.1993909985328252 4.265854664710433 0
0.2302411348221404 4.306988179762854 0
0.2626337768528301 4.350178369137107 0
0.2966460518917721 4.395528069189029 0
0.3323589424306544 4.443145256574206 0
0.3698574772602494 4.493143303013666 0
0.4092309381580632 4.545641250877417 0
0.450573071252093 4.60076409500279 0
0.4939823111182674 4.658643081491023 0
0.5395620139951353 4.71941601866018 0
0.5874207013613805 4.783227601815174 0
0.6376723213184212 4.850229761757895 0
0.6904365233017431 4.920582031068991 0
0.7458389356735942 4.994451914231459 0
0.8040114692954492 5.072015292393933 0
0.8650926293578367 5.153456839143782 0
0.9292278463103887 5.238970461747185 0
0.9965698253214281 5.328759767095238 0
1.067278903137041 5.423038537516055 0
1.141523434074079 5.522031245432105 0
1.219480193019492 5.625973590692656 0
1.301334789066402 5.735113052088536 0
1.387282114363044 5.849709485817392 0
1.477526806749891 5.970035742333188 0
1.572283733881295 6.096378311841727 0
1.671778508636213 6.229038011514952 0
1.776248021492943 6.368330695323924 0
1.885941010440744 6.514588013920992 0
2.001118646843787 6.668158195791716 0
2.122055163312633 6.829406884416844 0
2.249038507162211 6.998718009549615 0
2.382371019468701 7.176494692624935 0
2.522370156777389 7.363160209036518 0
2.669369250629383 7.559159000839177 0
2.823718298966568 7.764957731955425 0
2.985784799704551 7.981046399606068 0
3.155954626362488 8.20793950181665 0
3.334632943115898 8.446177257487864 0
3.522245174391258 8.696326899188344 0
3.719238019518007 8.958984026024009 0
3.926080506015778 9.234774008021038 0
4.143265116453863 9.524353488605151 0
4.371308959708227 9.828411946277635 0
4.610754994203438 10.14767332560458 0
4.862173328415677 10.4828977712209 0
5.126162579867863 10.83488343982382 0
5.403351294159533 11.20446839221271 0
5.694399443513767 11.59253259135169 0
1 233 0 55
478
479
480
481
482
483
484
485
486
487
488
489
490
491
492
493
494
495
496
497
498
499
500
501
502
503
504
505
506
507
508
509
510
511
512
513
514
515
516
517
518
519
520
521
522
523
524
525
526
527
528
529
530
531
532
0.02088058738454687 -4.027840783179395 0
0.04280520207505969 -4.057073602766747 0
0.06582604852833689 -4.087768064704449 0
0.08999793916351295 -4.119997252218017 0
0.1153784241183426 -4.153837898824457 0
0.1420279324331027 -4.18937057657747 0
0.1700099158637899 -4.226679887818387 0
0.1993909985328252 -4.265854664710433 0
0.2302411348221404 -4.306988179762854 0
0.2626337768528301 -4.350178369137107 0
0.2966460518917721 -4.395528069189029 0
0.3323589424306544 -4.443145256574206 0
0.3698574772602494 -4.493143303013666 0
0.4092309381580632 -4.545641250877417 0
0.450573071252093 -4.60076409500279 0
0.4939823111182674 -4.658643081491023 0
0.5395620139951353 -4.71941601866018 0
0.5874207013613805 -4.783227601815174 0
0.6376723213184212 -4.850229761757895 0
0.6904365233017431 -4.920582031068991 0
0.7458389356735942 -4.994451914231459 0
0.8040114692954492 -5.072015292393933 0
0.8650926293578367 -5.153456839143782 0
0.9292278463103887 -5.238970461747185 0
0.9965698253214281 -5.328759767095238 0
1.067278903137041 -5.423038537516055 0
1.141523434074079 -5.522031245432105 0
1.219480193019492 -5.625973590692656 0
1.301334789066402 -5.735113052088536 0
1.387282114363044 -5.849709485817392 0
1.477526806749891 -5.970035742333188 0
1.572283733881295 -6.096378311841727 0
1.671778508636213 -6.229038011514952 0
1.776248021492943 -6.368330695323924 0
1.885941010440744 -6.514588013920992 0
2.001118646843787 -6.668158195791716 0
2.122055163312633 -6.829406884416844 0
2.249038507162211 -6.998718009549615 0
2.382371019468701 -7.176494692624935 0
2.522370156777389 -7.363160209036518 0
2.669369250629383 -7.559159000839177 0
2.823718298966568 -7.764957731955425 0
2.985784799704551 -7.981046399606068 0
3.155954626362488 -8.20793950181665 0
3.334632943115898 -8.446177257487864 0
3.522245174391258 -8.696326899188344 0
3.719238019518007 -8.958984026024009 0
3.926080506015778 -9.234774008021038 0
4.143265116453863 -9.524353488605151 0
4.371308959708227 -9.828411946277635 0
4.610754994203438 -10.14767332560458 0
4.862173328415677 -10.4828977712209 0
5.126162579867863 -10.83488343982382 0
5.403351294159533 -11.20446839221271 0
5.694399443513767 -11.59253259135169 0
2 1 0 90
533
534
535
536
537
538
539
540
541
542
543
544
545
546
547
548
549
550
551
552
553
554
555
556
557
558
559
560
561
562
563
564
565
566
567
568
569
570
571
572
573
574
575
576
577
578
579
580
581
582
583
584
585
586
587
588
589
590
591
592
593
594
595
596
597
598
599
600
601
602
603
604
605
606
607
608
609
610
611
612
613
614
615
616
617
618
619
620
621
622
-2.445722559684177 0.8140466538723492 0
-2.262869653628363 1.608393861793475 0
-1.928502798983646 2.351887005301918 0
-1.430883402041965 2.997640329681032 0
-0.7692549577691805 3.473485768161478 0
-2.245961656308686 0.7488242867789011 0
-2.076513998593052 1.479463413548304 0
-1.766942663929864 2.163276323193455 0
-1.306525640521784 2.757166531302817 0
-0.6946503450799166 3.194816686377753 0
-2.055713176613592 0.6867077465952139 0
-1.899032422098521 1.356672510270485 0
-1.613075868406093 1.983647101863951 0
-1.188089676988757 2.528143865831583 0
-0.6235983328866276 2.929417560464862 0
-1.874524148574049 0.627549136975311 0
-1.730002349471877 1.239728793018901 0
-1.466536063340674 1.812571653206719 0
-1.075293521393356 2.310027041863971 0
-0.5559297499355913 2.676656488503748 0
-1.701963169496996 0.5712076040066743 0
-1.569021327930372 1.128353824213205 0
-1.326974344237411 1.649642654493353 0
-0.967868611307626 2.102296733333343 0
-0.4914834804614919 2.435931658076131 0
-1.537619380002136 0.5175490012127995 0
-1.415706069414876 1.022282425416658 0
-1.194058421364679 1.494472179624822 0
-0.8655591731944389 1.904458344379691 0
-0.4301060810005617 2.206669914954427 0
-1.38110148552018 0.4664455700703531 0
-1.269691537751956 0.9212620457879689 0
-1.067471828375013 1.346690775247856 0
-0.7681216132578772 1.716040831421648 0
-0.3716514149500236 1.988325398079409 0
-1.232036824553324 0.4177756357938155 0
-1.130630079439982 0.8250521607136256 0
-0.9469131687442447 1.205946581021961 0
-0.675323937404406 1.536595581519398 0
-0.3159803045915933 1.780378239769571 0
-1.090070480178499 0.3714233172402071 0
-0.9981905947764936 0.733423698352584 0
-0.8320953971845431 1.0719044907191 0
-0.5869451981247095 1.365695342798271 0
-0.2629601992653632 1.582333326260334 0
-0.9548644374950506 0.3272782518133816 0
-0.8720577518464324 0.6461584958318212 0
-0.7227451382151968 0.9442453566992004 0
-0.5027749699767632 1.202933210175311 0
-0.2124648607019402 1.393719122329981 0
-0.8260967786255906 0.2852353326299369 0
-0.7519312355436056 0.5630487796804451 0
-0.6186020351053785 0.8226652298439402 0
-0.4226128484472109 1.047921656294273 0
-0.1643740623797315 1.214086548314697 0
-0.7034609131319421 0.2451944572485942 0
-0.6375250296307676 0.4838966691222799 0
-0.5194181274596441 0.7068746329299118 0
-0.3462679708599838 0.9002916050949984 0
-0.1185733021088426 1.043007906529805 0
-0.5866648504232181 0.2070602901097661 0
-0.5285667379737928 0.4085137064705068 0
-0.424957262765158 0.5965978736490282 0
-0.2735585634262462 0.7596915559319875 0
-0.07495353029761623 0.8800758662690567 0
-0.4754305047474489 0.1707420356138364 0
-0.4247969361728632 0.3367204085527279 0
-0.3349945342914892 0.4915723883940591 0
-0.204311508578732 0.6257867469177323 0
-0.03341089038818271 0.7249024942588982 0
-0.3694930326868289 0.1361532218119604 0
-0.3259685535160787 0.2683458391146794 0
-0.2493157452782832 0.3915481167335667 0
-0.1383619325406666 0.4982583573942521 0
0.006153528568870914 0.5771183304558143 0
-0.2686002026507974 0.1032114945441907 0
-0.2318462847836285 0.2032272018760354 0
-0.1677168990017295 0.2962869060985116 0
-0.0755528128143808 0.3768027489237351 0
0.04383392738963035 0.4363715084808936 0
-0.1725117925951386 0.07183842079344901 0
-0.1422060283838311 0.1412094518039375 0
-0.0900037116693139 0.2055619431193382 0
-0.0157346032415476 0.2611307402578559 0
0.0797200216904293 0.3023269154300176 0
-0.08099902082846436 0.0419593028424973 0
-0.05683435535615133 0.08214492774170554 0
-0.01599115207452528 0.1191572162032709 0
0.04123512033864037 0.1509669221375581 0
0.1138972544643387 0.1746653978409117 0
2 2 0 90
623
624
625
626
627
628
629
630
631
632
633
634
635
636
637
638
639
640
641
642
643
644
645
646
647
648
649
650
651
652
653
654
655
656
657
658
659
660
661
662
663
664
665
666
667
668
669
670
671
672
673
674
675
676
677
678
679
680
681
682
683
684
685
686
687
688
689
690
691
692
693
694
695
696
697
698
699
700
701
702
703
704
705
706
707
708
709
710
711
712
-2.421287213031083 -0.8022926371791028 0
-2.223517120702258 -0.7380279003009244 0
-2.035164651530687 -0.6768233888950748 0
-1.855781347796853 -0.6185333781100502 0
-1.684940106153729 -0.5630190821269723 0
-1.522234161833018 -0.5101483240807581 0
-1.367276119895131 -0.4597952212680984 0
-1.219697032775343 -0.4118398853987532 0
-1.079145520641772 -0.366168136759619 0
-0.9452869372399113 -0.3226712331581242 0
-0.8178025729160818 -0.2812456109472103 0
-0.6963888927030266 -0.2417926374440066 0
-0.5807568159791461 -0.2042183768573872 0
-0.4706310283865611 -0.1684333666980394 0
-0.3657493259288588 -0.1343524046452339 0
-0.2658619907477862 -0.1018943457075252 0
-0.1707311948446647 -0.07098190846398801 0
-0.08013043655943899 -0.04154149194983607 0
-2.221137706674543 -1.582096653890541 0
-2.038182061558223 -1.455308707355407 0
-1.86393858975338 -1.334558281899781 0
-1.697992426350901 -1.219557876857219 0
-1.539948461213221 -1.110033681583837 0
-1.389430399271056 -1.005724924245539 0
-1.24607986433996 -0.9063832507646128 0
-1.109555545765023 -0.8117721334452823 0
-0.979532384670782 -0.7216663070478002 0
-0.8557008022900372 -0.6358512340206639 0
-0.7377659626867348 -0.5541225935686124 0
-0.625447067914662 -0.4762857931992467 0
-0.5184766916355248 -0.4021555069213386 0
-0.4166001425794592 -0.3315552341240888 0
-0.3195748577747297 -0.2643168790864204 0
-0.2271698250833804 -0.2002803507951786 0
-0.1391650315883359 -0.1392931806783227 0
-0.05535094228432161 -0.08121016133842691 0
-1.880175914485018 -2.311615552716051 0
-1.722553096011052 -2.12628589026372 0
-1.572436125807106 -1.949781449563866 0
-1.429467582946285 -1.781681982454715 0
-1.293307065942476 -1.621587251882241 0
-1.163630383162445 -1.469116080003358 0
-1.040128780731836 -1.32390544037392 0
-0.9225082073390369 -1.185609593519329 0
-0.8104886131605994 -1.053899262627518 0
-0.7038032850388635 -0.9284608518631643 0
-0.6021982112913813 -0.808995699523378 0
-0.5054314744650207 -0.6952193640510762 0
-0.4132726772241365 -0.5868609490058906 0
-0.3255023939490826 -0.483662458265034 0
-0.2419116479819488 -0.3853781813796968 0
-0.1623014141204115 -0.2917741086175635 0
-0.08648214338352996 -0.2026273721922 0
-0.01427331388534615 -0.1177257181892062 0
-1.389812692645436 -2.950565782596777 0
-1.268801068306027 -2.713927269622225 0
-1.153551902092878 -2.488557256921952 0
-1.043790791559983 -2.273919149874429 0
-0.9392564005812631 -2.069501905077061 0
-0.8396998378063714 -1.874818814915025 0
-0.7448840639016743 -1.689406348419907 0
-0.6545833271187325 -1.512823047521442 0
-0.5685826250590662 -1.344648474529671 0
-0.486677194270593 -1.184482214038002 0
-0.4086720225933186 -1.031942919313705 0
-0.3343813829590284 -0.8866674006428112 0
-0.2636283926289169 -0.7483097634179998 0
-0.1962445921698101 -0.6165405848256639 0
-0.1320695441205109 -0.491046129037123 0
-0.07095045104185177 -0.3715276003046073 0
-0.01274179066556684 -0.2577004294939937 0
0.04269502891313245 -0.1492935998127568 0
-0.748259904473096 -3.437375623055389 0
-0.6753658132108677 -3.161648528418173 0
-0.6059428690458102 -2.899051295030035 0
-0.539825779452926 -2.648958692136561 0
-0.4768571227008058 -2.410775260820858 0
-0.4168869734504085 -2.183933897804233 0
-0.3597725456932605 -1.967894504834762 0
-0.3053778527533049 -1.762142702618907 0
-0.2535733830688304 -1.566188604446068 0
-0.2042357927392616 -1.379565653223256 0
-0.1572476117755295 -1.2018295103458 0
-0.1124969632737932 -1.032556993452661 0
-0.06987729791223718 -0.871345072141354 0
-0.02928714033786856 -0.717809908657991 0
0.009370152585888802 -0.571585943451686 0
0.04618662185539174 -0.4323250248949349 0
0.08124992610311563 -0.2996955779639273 0
0.1146435493002264 -0.1733818185884192 0
2 5 0 1224
713
714
715
716
717
718
719
720
721
722
723
724
725
726
727
728
729
730
731
732
733
734
735
736
737
738
739
740
741
742
743
744
745
746
747
748
749
750
751
752
753
754
755
756
757
758
759
760
761
762
763
764
765
766
767
768
769
770
771
772
773
774
775
776
777
778
779
780
781
782
783
784
785
786
787
788
789
790
791
792
793
794
795
796
797
798
799
800
801
802
803
804
805
806
807
808
809
810
811
812
813
814
815
816
817
818
819
820
821
822
823
824
825
826
827
828
829
830
831
832
833
834
835
836
837
838
839
840
841
842
843
844
845
846
847
848
849
850
851
852
853
854
855
856
857
858
859
860
861
862
863
864
865
866
867
868
869
870
871
872
873
874
875
876
877
878
879
880
881
882
883
884
885
886
887
888
889
890
891
892
893
894
895
896
897
898
899
900
901
902
903
904
905
906
907
908
909
910
911
912
913
914
915
916
917
918
919
920
921
922
923
924
925
926
927
928
929
930
931
932
933
934
935
936
937
938
939
940
941
942
943
944
945
946
947
948
949
950
951
952
953
954
955
956
957
958
959
960
961
962
963
964
965
966
967
968
969
970
971
972
973
974
975
976
977
978
979
980
981
982
983
984
985
986
987
988
989
990
991
992
993
994
995
996
997
998
999
1000
1001
1002
1003
1004
1005
1006
1007
1008
1009
1010
1011
1012
1013
1014
1015
1016
1017
1018
1019
1020
1021
1022
1023
1024
1025
1026
1027
1028
1029
1030
1031
1032
1033
1034
1035
1036
1037
1038
1039
1040
1041
1042
1043
1044
1045
1046
1047
1048
1049
1050
1051
1052
1053
1054
1055
1056
1057
1058
1059
1060
1061
1062
1063
1064
1065
1066
1067
1068
1069
1070
1071
1072
1073
1074
1075
1076
1077
1078
1079
1080
1081
1082
1083
1084
1085
1086
1087
1088
1089
1090
1091
1092
1093
1094
1095
1096
1097
1098
1099
1100
1101
1102
1103
1104
1105
1106
1107
1108
1109
1110
1111
1112
1113
1114
1115
1116
1117
1118
1119
1120
1121
1122
1123
1124
1125
1126
1127
1128
1129
1130
1131
1132
1133
1134
1135
1136
1137
1138
1139
1140
1141
1142
1143
1144
1145
1146
1147
1148
1149
1150
1151
1152
1153
1154
1155
1156
1157
1158
1159
1160
1161
1162
1163
1164
1165
1166
1167
1168
1169
1170
1171
1172
1173
1174
1175
1176
1177
1178
1179
1180
1181
1182
1183
1184
1185
1186
1187
1188
1189
1190
1191
1192
1193
1194
1195
1196
1197
1198
1199
1200
1201
1202
1203
1204
1205
1206
1207
1208
1209
1210
1211
1212
1213
1214
1215
1216
1217
1218
1219
1220
1221
1222
1223
1224
1225
1226
1227
1228
1229
1230
1231
1232
1233
1234
1235
1236
1237
1238
1239
1240
1241
1242
1243
1244
1245
1246
1247
1248
1249
1250
1251
1252
1253
1254
1255
1256
1257
1258
1259
1260
1261
1262
1263
1264
1265
1266
1267
1268
1269
1270
1271
1272
1273
1274
1275
1276
1277
1278
1279
1280
1281
1282
1283
1284
1285
1286
1287
1288
1289
1290
1291
1292
1293
1294
1295
1296
1297
1298
1299
1300
1301
1302
1303
1304
1305
1306
1307
1308
1309
1310
1311
1312
1313
1314
1315
1316
1317
1318
1319
1320
1321
1322
1323
1324
1325
1326
1327
1328
1329
1330
1331
1332
1333
1334
1335
1336
1337
1338
1339
1340
1341
1342
1343
1344
1345
1346
1347
1348
1349
1350
1351
1352
1353
1354
1355
1356
1357
1358
1359
1360
1361
1362
1363
1364
1365
1366
1367
1368
1369
1370
1371
1372
1373
1374
1375
1376
1377
1378
1379
1380
1381
1382
1383
1384
1385
1386
1387
1388
1389
1390
1391
1392
1393
1394
1395
1396
1397
1398
1399
1400
1401
1402
1403
1404
1405
1406
1407
1408
1409
1410
1411
1412
1413
1414
1415
1416
1417
1418
1419
1420
1421
1422
1423
1424
1425
1426
1427
1428
1429
1430
1431
1432
1433
1434
1435
1436
1437
1438
1439
1440
1441
1442
1443
1444
1445
1446
1447
1448
1449
1450
1451
1452
1453
1454
1455
1456
1457
1458
1459
1460
1461
1462
1463
1464
1465
1466
1467
1468
1469
1470
1471
1472
1473
1474
1475
1476
1477
1478
1479
1480
1481
1482
1483
1484
1485
1486
1487
1488
1489
1490
1491
1492
1493
1494
1495
1496
1497
1498
1499
1500
1501
1502
1503
1504
1505
1506
1507
1508
1509
1510
1511
1512
1513
1514
1515
1516
1517
1518
1519
1520
1521
1522
1523
1524
1525
1526
1527
1528
1529
1530
1531
1532
1533
1534
1535
1536
1537
1538
1539
1540
1541
1542
1543
1544
1545
1546
1547
1548
1549
1550
1551
1552
1553
1554
1555
1556
1557
1558
1559
1560
1561
1562
1563
1564
1565
1566
1567
1568
1569
1570
1571
1572
1573
1574
1575
1576
1577
1578
1579
1580
1581
1582
1583
1584
1585
1586
1587
1588
1589
1590
1591
1592
1593
1594
1595
1596
1597
1598
1599
1600
1601
1602
1603
1604
1605
1606
1607
1608
1609
1610
1611
1612
1613
1614
1615
1616
1617
1618
1619
1620
1621
1622
1623
1624
1625
1626
1627
1628
1629
1630
1631
1632
1633
1634
1635
1636
1637
1638
1639
1640
1641
1642
1643
1644
1645
1646
1647
1648
1649
1650
1651
1652
1653
1654
1655
1656
1657
1658
1659
1660
1661
1662
1663
1664
1665
1666
1667
1668
1669
1670
1671
1672
1673
1674
1675
1676
1677
1678
1679
1680
1681
1682
1683
1684
1685
1686
1687
1688
1689
1690
1691
1692
1693
1694
1695
1696
1697
1698
1699
1700
1701
1702
1703
1704
1705
1706
1707
1708
1709
1710
1711
1712
1713
1714
1715
1716
1717
1718
1719
1720
1721
1722
1723
1724
1725
1726
1727
1728
1729
1730
1731
1732
1733
1734
1735
1736
1737
1738
1739
1740
1741
1742
1743
1744
1745
1746
1747
1748
1749
1750
1751
1752
1753
1754
1755
1756
1757
1758
1759
1760
1761
1762
1763
1764
1765
1766
1767
1768
1769
1770
1771
1772
1773
1774
1775
1776
1777
1778
1779
1780
1781
1782
1783
1784
1785
1786
1787
1788
1789
1790
1791
1792
1793
1794
1795
1796
1797
1798
1799
1800
1801
1802
1803
1804
1805
1806
1807
1808
1809
1810
1811
1812
1813
1814
1815
1816
1817
1818
1819
1820
1821
1822
1823
1824
1825
1826
1827
1828
1829
1830
1831
1832
1833
1834
1835
1836
1837
1838
1839
1840
1841
1842
1843
1844
1845
1846
1847
1848
1849
1850
1851
1852
1853
1854
1855
1856
1857
1858
1859
1860
1861
1862
1863
1864
1865
1866
1867
1868
1869
1870
1871
1872
1873
1874
1875
1876
1877
1878
1879
1880
1881
1882
1883
1884
1885
1886
1887
1888
1889
1890
1891
1892
1893
1894
1895
1896
1897
1898
1899
1900
1901
1902
1903
1904
1905
1906
1907
1908
1909
1910
1911
1912
1913
1914
1915
1916
1917
1918
1919
1920
1921
1922
1923
1924
1925
1926
1927
1928
1929
1930
1931
1932
1933
1934
1935
1936
0.2669128406151929 0.1888615480518908 0
0.2605160732683525 0.3243331233537309 0
0.2537994675750996 0.46657827697742 0
0.2467470316336861 0.6159356875092403 0
0.2393419738586524 0.7727609693417 0
0.2315666631940192 0.9374275152837401 0
0.2234025870136878 1.110327388151556 0
0.2148303070488367 1.291872254143964 0
0.2058294130786704 1.48249436358578 0
0.1963784743491505 1.682647579788275 0
0.1864549887141024 1.89280845614548 0
0.1760353288411392 2.113477375392121 0
0.1650946859419762 2.345179741290431 0
0.1536070108776648 2.588467225911246 0
0.1415449520526305 2.84391908492209 0
0.1288797902857374 3.112143536896339 0
0.1155813704127751 3.393779211844658 0
0.1016180295674558 3.689496670089605 0
0.3398736452572855 0.1885868476348944 0
0.3339743727840817 0.3240681874988759 0
0.3277801367065196 0.4663235939127824 0
0.3212761888587422 0.6156917698742723 0
0.3144470435848691 0.772528355407941 0
0.3072764410465204 0.9372067702362521 0
0.2997473083974241 1.110119105434626 0
0.2918417191384646 1.291677056874082 0
0.2835408504100347 1.48231290603531 0
0.2748249381890701 1.68248054894328 0
0.2656732303855982 1.892656573341187 0
0.2560639372323795 2.11334139803049 0
0.245974179391479 2.345060464643636 0
0.2353799336399132 2.588365485015059 0
0.2242559755938456 2.843835756564052 0
0.2125758196449148 3.112079541703357 0
0.2003116558821912 3.393735516475012 0
0.1874342839509697 3.689474289534454 0
0.4165138878792184 0.1862180401657545 0
0.4109813201586311 0.3217835821870429 0
0.4051721240701167 0.4641274008658466 0
0.3990724682087463 0.6135884097049954 0
0.3926678295226957 0.7705224697606871 0
0.3859429589016096 0.9353032328371342 0
0.3788818447646337 1.10832303369582 0
0.3714676749419965 1.28999382407828 0
0.3636827966221103 1.480748154129757 0
0.3555086743336047 1.681040201973289 0
0.3469258459574404 1.891346851553129 0
0.3379138762003815 2.112168832682876 0
0.3284513079273136 2.344031913558907 0
0.3185156112231297 2.587488148906624 0
0.3080831296772432 2.843117196180822 0
0.2971290240535376 3.111527695831603 0
0.2856272131333162 3.393358720840539 0
0.2735503116855036 3.689281296648872 0
0.4950170636108184 0.1821110754805861 0
0.4897849804080726 0.3178226045822815 0
0.4842912930623082 0.4603197096950356 0
0.478522921379111 0.6099416692889965 0
0.472466131081859 0.7670447276380752 0
0.4661065012690511 0.9320029389225981 0
0.4594288899799438 1.105209060399363 0
0.4524173981464179 1.287075487430248 0
0.4450553317154309 1.478035235962732 0
0.4373251619131273 1.678542973212711 0
0.4292084836460219 1.889076096668613 0
0.4206859715014147 2.110135875367217 0
0.4117373337229499 2.342248643691281 0
0.4023412640390475 2.585967050859891 0
0.392475390864809 2.841871378546199 0
0.3821162240313626 3.110570922629709 0
0.3712390988417456 3.392705444293412 0
0.3598181174100694 3.688946691588794 0
0.5735202393424199 0.1766751024399231 0
0.5685886406575168 0.3125798598487033 0
0.5634104620545047 0.4552798546832649 0
0.5579733745494821 0.6051148484840179 0
0.5522644326410306 0.7624415927513327 0
0.5462700436365029 0.9276346742500295 0
0.5399759351952664 1.101087409451147 0
0.533367121350854 1.283212780891863 0
0.5264278668087682 1.474444421054883 0
0.5191416494926695 1.675237644518762 0
0.511491121334625 1.886070528498326 0
0.5034580668024724 2.107445055745443 0
0.495023359518613 2.339888310046415 0
0.4861669168549947 2.583953727491389 0
0.4768676520524076 2.840222415968106 0
0.4671034240092234 3.109304538881565 0
0.4568509845502143 3.391840768317246 0
0.4460859231346778 3.688503808772589 0
0.6501604819643557 0.1703337787291417 0
0.6455955880320717 0.306463946241346 0
0.64080244941811 0.4494006216837659 0
0.6357696538994977 0.5994841301214813 0
0.6304852185788717 0.7570718147588941 0
0.62493656149161 0.9225388836462245 0
0.6191104715624973 1.09627930560479 0
0.6129930771544108 1.278706748139961 0
0.6065698130208727 1.47025556295241 0
0.5998253856372369 1.671381819800333 0
0.5927437369065048 1.882564388832053 0
0.5853080057705162 2.104306085382381 0
0.5775004880544944 2.337134867452861 0
0.5693025944382627 2.581605089056529 0
0.5606948061358621 2.838298821900138 0
0.5516566284179083 3.107827241398855 0
0.5421665418014072 3.390832082249681 0
0.5322019508692857 3.687987164690205 0
0.7231212866064506 0.1634894824238499 0
0.7190538875478064 0.2998629388152222 0
0.7147831185495385 0.4430550675799733 0
0.7102988111245651 0.5934068020047449 0
0.7055902883051031 0.7512761239299577 0
0.7006463393441291 0.9170389119695099 0
0.6954551929462549 1.091089839037241 0
0.690004489244064 1.273843311936106 0
0.6842812503522659 1.465734458630701 0
0.6782718494771895 1.667220163957193 0
0.6719619785780377 1.878780153890233 0
0.6653366141617983 2.100918142385272 0
0.6583799815040435 2.334163030998925 0
0.6510755172005626 2.579070164473694 0
0.6434058296771337 2.83622265478224 0
0.6353526577771478 3.106232769619167 0
0.6268968272708912 3.389743390575784 0
0.6180182052528733 3.687429542126607 0
0.7906761031125505 0.1565204102249197 0
0.7872983613845332 0.2931415908071349 0
0.7837517325811673 0.4365938299714612 0
0.7800277723569056 0.5872186803143703 0
0.776117614102131 0.7453747739550428 0
0.7720119479341706 0.9114386722958616 0
0.7677009984670704 1.085805765179243 0
0.7631745015395504 1.268891212183592 0
0.7584216797619199 1.46113093168922 0
0.7534312168632795 1.662982638469652 0
0.7481912308360487 1.874926929928131 0
0.7426892455305987 2.097468435023176 0
0.7369121609426805 2.331137016068086 0
0.7308462221147047 2.576489026596453 0
0.7244769863413654 2.83410863781157 0
0.7177892887790394 3.104609229600421 0
0.7107672063292358 3.388634851357241 0
0.7033940197682031 3.68686175374748 0
0.851229928005061 0.1497815447134768 0
0.8487907024131217 0.2866422665084056 0
0.8462295155495676 0.4303460239452981 0
0.8435402693567515 0.5812349684730322 0
0.8407165608403582 0.7396683610091397 0
0.8377516668978218 0.9060234231901972 0
0.8346385282648443 1.080696238105172 0
0.8313697327095595 1.264102693241778 0
0.8279374973738134 1.456679471286541 0
0.8243336502480787 1.658885089535342 0
0.8205496107778585 1.871200988034451 0
0.816576369350836 2.094132680520507 0
0.8124044658400402 2.328210958327188 0
0.8080239671460048 2.573993150456172 0
0.8034244435144042 2.832064452352216 0
0.7985949437009932 3.103039319356064 0
0.7935239688901499 3.38756293008929 0
0.7881994453469087 3.686312720903986 0
0.903363798214469 0.1436230321956992 0
0.9021623863410133 0.2807026658467136 0
0.9009009038778167 0.4246362807317802 0
0.8995763472983122 0.5757665755788457 0
0.898185562882968 0.7344533859515019 0
0.896725239246698 0.9010745368609649 0
0.8951918994319075 1.076026744940166 0
0.8935818926309781 1.25972656289837 0
0.8918913854886746 1.452611371906053 0
0.8901163529778278 1.655140422668004 0
0.8882525688472518 1.867795925304861 0
0.8862955955183702 2.091084202134044 0
0.8842407735169179 2.325536893502115 0
0.8820832104115994 2.571712219871246 0
0.8798177691496045 2.830196312719703 0
0.8774390558243972 3.101604610223606 0
0.8749414068295968 3.386583322982494 0
0.8723188753890898 3.68581097092343 0
0.9458638087290265 0.1383805101529236 0
0.9462426578940759 0.2756464956588126 0
0.9466404495161385 0.4197757799908881 0
0.9470581307171377 0.5711115277562475 0
0.9474966959803521 0.7300140636941769 0
0.9479571895067782 0.8968617264472021 0
0.9484407077084861 1.072051771961632 0
0.9489484018188292 1.256001319226113 0
0.9494814806351092 1.449148344005594 0
0.9500412133958061 1.651952721329704 0
0.9506289327927057 1.864897316855927 0
0.9512460381568408 2.088489141217662 0
0.9518939987910924 2.323260557495851 0
0.9525743574582517 2.569770545021193 0
0.9532887340592116 2.828606032083891 0
0.9540388294902578 3.100383293512764 0
0.9548264296939009 3.385749418393386 0
0.9556534099065117 3.685383849061544 0
0.9777530320093994 0.13436640194674 0
0.9800893156166326 0.2717750738359742 0
0.9825424133965852 0.4160541788700962 0
0.9851181660521984 0.5675472383717876 0
0.9878227063539406 0.7266149516336813 0
0.990662473671081 0.8936360505768881 0
0.9936442293476735 1.069008204090618 0
0.9967750727991493 1.253148964753817 0
1.000062458425783 1.446496763602109 0
1.00351421335597 1.64951195369983 0
1.007138556021365 1.862677902637653 0
1.010944115804001 2.086502148080585 0
1.014939953587634 2.321517606494747 0
1.019135583267821 2.568283838263314 0
1.023540994434758 2.827388381781562 0
1.028166676160265 3.099448152488779 0
1.033023641978516 3.385110912112054 0
1.038123456079963 3.685056809259544 0
0.9983166666183891 0.1318418664242978 0
1.003012966562402 0.2693402760148659 0
1.007944081488252 0.413713605635095 0
1.013121752133588 0.5653056009516851 0
1.018558306338024 0.7244771968197352 0
1.024266688253306 0.8916073724994182 0
1.030260489251479 1.067094056586202 0
1.036553980281576 1.251355074350765 0
1.043162145868371 1.444829143155588 0
1.050100719779176 1.64797691670852 0
1.057386222362802 1.86128207827388 0
1.065036000043402 2.085252496975105 0
1.073068266631901 2.320421437310927 0
1.081502146564645 2.567348825097517 0
1.090357720499536 2.826622582434797 0
1.099656073131619 3.098860027652004 0
1.109419343408312 3.384709345511017 0
1.119670777183288 3.68485112880575 0
1.007118480555755 0.1309800422287074 0
1.01459288513087 0.2685090864138703 0
1.022441009910289 0.4129145823583241 0
1.030681540886017 0.5645403523151736 0
1.039334098453239 0.723747411555671 0
1.048419283899814 0.8909148237764287 0
1.057958728598229 1.066440606231256 0
1.067975145502942 1.250742677282148 0
1.078492383261156 1.44425985203765 0
1.089535482978376 1.647452886839086 0
1.101130737645297 1.860805572715229 0
1.113305754994312 2.084825891942561 0
1.126089523248776 2.320047227830945 0
1.139512479939552 2.567029630947822 0
1.153606584473635 2.826361154381935 0
1.168405394235135 3.098659254000824 0
1.183944144505411 3.384572258981685 0
1.200259832264423 3.684780913754272 0
1.097898144545591 0.1309800422287134 0
1.105236650855692 0.268509086413881 0
1.112942082457291 0.4129145823583406 0
1.121032785597082 0.5645403523151931 0
1.129528023935795 0.7237474115556939 0
1.138448024192418 0.8909148237764554 0
1.147814024441755 1.066440606231287 0
1.157648324675458 1.250742677282183 0
1.167974339928959 1.444259852037689 0
1.178816656014939 1.64745288683913 0
1.190201087869714 1.860805572715278 0
1.20215474126691 2.084825891942607 0
1.214706077371271 2.320047227830976 0
1.22788498030401 2.567029630947838 0
1.241722828391996 2.826361154381935 0
1.256252568885081 3.098659254000806 0
1.271508796423145 3.384572258981648 0
1.287527835313785 3.684780913754243 0
1.188677808535387 0.1309800422287194 0
1.195880416580475 0.2685090864138918 0
1.203443155004254 0.412914582358357 0
1.211384030308112 0.5645403523152128 0
1.219721949418318 0.7237474115557166 0
1.228476764484989 0.8909148237764819 0
1.237669320285251 1.066440606231318 0
1.247321503847944 1.250742677282217 0
1.257456296596735 1.444259852037729 0
1.268097829051476 1.647452886839175 0
1.27927143809411 1.860805572715328 0
1.291003727539487 2.084825891942654 0
1.303322631493749 2.320047227831009 0
1.316257480668455 2.567029630947856 0
1.329839072310346 2.826361154381936 0
1.344099743535019 3.09865925400079 0
1.359073448340873 3.384572258981611 0
1.374795838363143 3.684780913754213 0
1.279457472525013 0.1309800422287254 0
1.286524182305095 0.2685090864139026 0
1.293944227551061 0.4129145823583735 0
1.301735275018991 0.5645403523152321 0
1.309915874900697 0.7237474115557396 0
1.318505504777424 0.8909148237765087 0
1.327524616128617 1.066440606231347 0
1.336994683020309 1.250742677282252 0
1.346938253264399 1.444259852037768 0
1.357379002087912 1.647452886839218 0
1.368341788318412 1.860805572715377 0
1.379852713811981 2.084825891942701 0
1.391939185616153 2.320047227831043 0
1.404629981032836 2.567029630947873 0
1.417955316228644 2.826361154381935 0
1.431946918184917 3.098659254000774 0
1.446638100258574 3.384572258981573 0
1.462063841412488 3.684780913754183 0
1.370237136514932 0.1309800422287314 0
1.377167948029996 0.2685090864139135 0
1.384445300098139 0.41291458235839 0
1.39208651973013 0.5645403523152515 0
1.400109800383323 0.7237474115557624 0
1.408534245070094 0.8909148237765352 0
1.417379911972206 1.066440606231378 0
1.426667862192883 1.250742677282287 0
1.436420209932257 1.444259852037807 0
1.446660175124524 1.647452886839262 0
1.457412138542875 1.860805572715427 0
1.468701700084619 2.084825891942748 0
1.480555739738684 2.320047227831076 0
1.493002481397325 2.567029630947891 0
1.506071560147031 2.826361154381936 0
1.519794092834883 3.098659254000758 0
1.534202752176322 3.384572258981535 0
1.549331844461857 3.684780913754152 0
1.461016800504852 0.1309800422287373 0
1.467811713754899 0.2685090864139241 0
1.474946372645218 0.4129145823584065 0
1.48243776444127 0.564540352315271 0
1.49030372586595 0.7237474115557849 0
1.498562985362765 0.8909148237765618 0
1.507235207815796 1.066440606231409 0
1.516341041365457 1.250742677282321 0
1.525902166600115 1.444259852037847 0
1.535941348161138 1.647452886839307 0
1.546482488767339 1.860805572715477 0
1.557550686357258 2.084825891942795 0
1.569172293861216 2.320047227831108 0
1.581374981761816 2.567029630947908 0
1.594187804065418 2.826361154381937 0
1.607641267484849 3.09865925400074 0
1.621767404094069 3.384572258981498 0
1.636599847511226 3.684780913754123 0
1.551796464494772 0.1309800422287433 0
1.558455479479801 0.268509086413935 0
1.565447445192297 0.412914582358423 0
1.57278900915241 0.5645403523152906 0
1.580497651348577 0.7237474115558079 0
1.588591725655436 0.8909148237765883 0
1.597090503659386 1.066440606231439 0
1.606014220538031 1.250742677282356 0
1.615384123267973 1.444259852037886 0
1.625222521197751 1.647452886839351 0
1.635552838991803 1.860805572715526 0
1.646399672629897 2.084825891942841 0
1.657788847983748 2.320047227831141 0
1.669747482126306 2.567029630947925 0
1.682304047983806 2.826361154381937 0
1.695488442134816 3.098659254000724 0
1.709332056011817 3.384572258981461 0
1.723867850560595 3.684780913754092 0
1.642576128484614 0.1309800422287493 0
1.649099245204629 0.2685090864139458 0
1.655948517739304 0.4129145823584395 0
1.663140253863481 0.5645403523153101 0
1.670691576831139 0.7237474115558307 0
1.678620465948044 0.890914823776615 0
1.686945799502916 1.06644060623147 0
1.69568739971055 1.250742677282391 0
1.704866079935779 1.444259852037925 0
1.714503694234317 1.647452886839395 0
1.724623189216224 1.860805572715576 0
1.735248658902497 2.084825891942889 0
1.746405402106245 2.320047227831173 0
1.758119982490768 2.567029630947942 0
1.770420291902169 2.826361154381937 0
1.783335616784763 3.098659254000707 0
1.796896707929553 3.384572258981423 0
1.811135853609957 3.684780913754063 0
1.733355792474173 0.1309800422287553 0
1.739743010929183 0.2685090864139565 0
1.746449590286048 0.4129145823584559 0
1.7534914985743 0.5645403523153296 0
1.76088550231346 0.7237474115558533 0
1.768649206240426 0.8909148237766418 0
1.776801095346232 1.0664406062315 0
1.785360578882868 1.250742677282426 0
1.794348036603399 1.444259852037964 0
1.803784867270711 1.647452886839439 0
1.813693539440489 1.860805572715626 0
1.824097645174958 2.084825891942935 0
1.835021956228621 2.320047227831207 0
1.846492482855124 2.567029630947959 0
1.858536535820447 2.826361154381938 0
1.871182791434646 3.098659254000691 0
1.884461359847243 3.384572258981386 0
1.898403856659297 3.684780913754033 0
1.824135456463703 0.1309800422287613 0
1.83038677665371 0.2685090864139673 0
1.836950662832765 0.4129145823584724 0
1.843842743285093 0.564540352315349 0
1.851079427795757 0.7237474115558761 0
1.858677946532783 0.8909148237766684 0
1.866656391189526 1.06644060623153 0
1.875033758055165 1.25074267728246 0
1.883829993270999 1.444259852038003 0
1.893066040307088 1.647452886839483 0
1.902763889664736 1.860805572715675 0
1.912946631447403 2.084825891942983 0
1.923638510350982 2.320047227831239 0
1.93486498321947 2.567029630947977 0
1.946652779738717 2.826361154381937 0
1.959029966084521 3.098659254000674 0
1.972026011764928 3.384572258981349 0
1.985671859708633 3.684780913754002 0
1.914915120453232 0.1309800422287673 0
1.921030542378236 0.2685090864139781 0
1.927451735379483 0.4129145823584889 0
1.934193987995887 0.5645403523153685 0
1.941273353278055 0.7237474115558989 0
1.94870668682514 0.8909148237766948 0
1.956511687032819 1.066440606231561 0
1.964706937227462 1.250742677282495 0
1.9733119499386 1.444259852038043 0
1.982347213343464 1.647452886839528 0
1.991834239888985 1.860805572715725 0
2.001795617719849 2.084825891943029 0
2.012255064473345 2.320047227831273 0
2.023237483583816 2.567029630947995 0
2.034769023656985 2.826361154381937 0
2.046877140734396 3.098659254000657 0
2.059590663682615 3.384572258981311 0
2.072939862757971 3.684780913753973 0
2.005694784442813 0.1309800422287733 0
2.011674308102811 0.2685090864139889 0
2.017952807926247 0.4129145823585053 0
2.024545232706726 0.564540352315388 0
2.031467278760394 0.7237474115559215 0
2.038735427117539 0.8909148237767216 0
2.046366982876151 1.066440606231591 0
2.054380116399795 1.250742677282529 0
2.062793906606233 1.444259852038082 0
2.071628386379871 1.647452886839572 0
2.080904590113261 1.860805572715775 0
2.09064460399232 2.084825891943076 0
2.10087161859573 2.320047227831306 0
2.11160998394818 2.567029630948012 0
2.12288526757527 2.826361154381937 0
2.134724315384283 3.098659254000641 0
2.147155315600308 3.384572258981274 0
2.160207865807312 3.684780913753942 0
2.096474448432699 0.1309800422287793 0
2.102318073827681 0.2685090864139996 0
2.108453880473295 0.4129145823585219 0
2.114896477417835 0.5645403523154076 0
2.121661204242992 0.7237474115559444 0
2.128764167410184 0.8909148237767482 0
2.136222278719715 1.066440606231622 0
2.144053295572345 1.250742677282564 0
2.15227586327407 1.444259852038122 0
2.160909559416464 1.647452886839616 0
2.169974940337706 1.860805572715824 0
2.179493590264942 2.084825891943122 0
2.189488172718247 2.320047227831338 0
2.199982484312658 2.56702963094803 0
2.211001511493646 2.826361154381937 0
2.222571490034241 3.098659254000623 0
2.23471996751805 3.384572258981238 0
2.247475868856678 3.684780913753913 0
2.187254112422619 0.1309800422287852 0
2.192961839552585 0.2685090864140103 0
2.198954953020373 0.4129145823585383 0
2.205247722128975 0.5645403523154271 0
2.21185512972562 0.723747411555967 0
2.218792907702854 0.8909148237767748 0
2.226077574563305 1.066440606231652 0
2.23372647474492 1.250742677282599 0
2.241757819941927 1.444259852038161 0
2.250190732453078 1.64745288683966 0
2.25904529056217 1.860805572715874 0
2.268342576537581 2.08482589194317 0
2.278104726840778 2.32004722783137 0
2.288354984677148 2.567029630948046 0
2.299117755412033 2.826361154381937 0
2.310418664684208 3.098659254000607 0
2.322284619435798 3.384572258981199 0
2.334743871906046 3.684780913753881 0
2.278033776412539 0.1309800422287912 0
2.283605605277486 0.2685090864140212 0
2.289456025567453 0.4129145823585548 0
2.295598966840116 0.5645403523154464 0
2.302049055208248 0.7237474115559899 0
2.308821647995525 0.8909148237768014 0
2.315932870406895 1.066440606231683 0
2.323399653917495 1.250742677282634 0
2.331239776609787 1.4442598520382 0
2.339471905489691 1.647452886839704 0
2.348115640786634 1.860805572715923 0
2.357191562810221 2.084825891943216 0
2.36672128096331 2.320047227831404 0
2.376727485041639 2.567029630948065 0
2.387233999330422 2.826361154381938 0
2.398265839334175 3.098659254000591 0
2.409849271353547 3.384572258981162 0
2.422011874955415 3.684780913753852 0
2.368813440402459 0.1309800422287972 0
2.37424937100239 0.2685090864140319 0
2.379957098114533 0.4129145823585714 0
2.385950211551255 0.564540352315466 0
2.392242980690875 0.7237474115560125 0
2.398850388288197 0.8909148237768281 0
2.405788166250484 1.066440606231714 0
2.413072833090069 1.250742677282668 0
2.420721733277644 1.44425985203824 0
2.428753078526304 1.647452886839749 0
2.437185991011098 1.860805572715973 0
2.446040549082859 2.084825891943264 0
2.455337835085842 2.320047227831437 0
2.46509998540613 2.567029630948082 0
2.475350243248808 2.826361154381939 0
2.48611301398414 3.098659254000573 0
2.497413923271294 3.384572258981124 0
2.509279878004785 3.684780913753822 0
2.459593104392378 0.1309800422288033 0
2.464893136727292 0.2685090864140427 0
2.470458170661611 0.4129145823585878 0
2.476301456262396 0.5645403523154855 0
2.482436906173502 0.7237474115560355 0
2.488879128580868 0.8909148237768549 0
2.495643462094074 1.066440606231744 0
2.502746012262644 1.250742677282703 0
2.510203689945503 1.444259852038278 0
2.518034251562918 1.647452886839793 0
2.526256341235563 1.860805572716023 0
2.534889535355498 2.08482589194331 0
2.543954389208373 2.32004722783147 0
2.55347248577062 2.567029630948099 0
2.563466487167196 2.826361154381939 0
2.573960188634107 3.098659254000557 0
2.584978575189041 3.384572258981087 0
2.596547881054153 3.684780913753792 0
2.550372768382299 0.1309800422288092 0
2.555536902452194 0.2685090864140535 0
2.56095924320869 0.4129145823586043 0
2.566652700973536 0.5645403523155049 0
2.57263083165613 0.723747411556058 0
2.578907868873538 0.8909148237768816 0
2.585498757937664 1.066440606231775 0
2.592419191435217 1.250742677282737 0
2.599685646613361 1.444259852038318 0
2.607315424599531 1.647452886839837 0
2.615326691460027 1.860805572716073 0
2.623738521628137 2.084825891943358 0
2.632570943330905 2.320047227831502 0
2.64184498613511 2.567029630948117 0
2.651582731085583 2.826361154381939 0
2.661807363284073 3.098659254000541 0
2.672543227106789 3.384572258981049 0
2.683815884103522 3.684780913753762 0
2.641152432372219 0.1309800422288152 0
2.646180668177097 0.2685090864140642 0
2.651460315755768 0.4129145823586209 0
2.657003945684675 0.5645403523155245 0
2.662824757138756 0.7237474115560807 0
2.66893660916621 0.8909148237769082 0
2.675354053781252 1.066440606231805 0
2.682092370607792 1.250742677282772 0
2.689167603281218 1.444259852038357 0
2.696596597636145 1.647452886839881 0
2.704397041684491 1.860805572716122 0
2.712587507900777 2.084825891943404 0
2.721187497453437 2.320047227831536 0
2.7302174864996 2.567029630948134 0
2.73969897500397 2.826361154381939 0
2.749654537934039 3.098659254000523 0
2.760107879024537 3.384572258981012 0
2.771083887152891 3.684780913753733 0
2.731932096362139 0.1309800422288213 0
2.736824433902 0.268509086414075 0
2.741961388302848 0.4129145823586373 0
2.747355190395815 0.5645403523155441 0
2.753018682621385 0.7237474115561038 0
2.758965349458882 0.8909148237769347 0
2.765209349624842 1.066440606231835 0
2.771765549780366 1.250742677282807 0
2.778649559949077 1.444259852038396 0
2.785877770672757 1.647452886839925 0
2.793467391908954 1.860805572716171 0
2.801436494173415 2.084825891943451 0
2.809804051575968 2.320047227831568 0
2.81858998686409 2.567029630948151 0
2.827815218922358 2.826361154381939 0
2.837501712584006 3.098659254000507 0
2.847672530942285 3.384572258980975 0
2.85835189020226 3.684780913753702 0
2.822711760352058 0.1309800422288272 0
2.827468199626903 0.2685090864140859 0
2.832462460849927 0.4129145823586539 0
2.837706435106955 0.5645403523155634 0
2.843212608104013 0.7237474115561263 0
2.848994089751553 0.8909148237769613 0
2.855064645468433 1.066440606231866 0
2.861438728952943 1.250742677282842 0
2.868131516616936 1.444259852038436 0
2.875158943709374 1.647452886839969 0
2.882537742133422 1.860805572716221 0
2.890285480446056 2.084825891943498 0
2.898420605698503 2.320047227831601 0
2.906962487228584 2.567029630948168 0
2.915931462840749 2.826361154381939 0
2.925348887233976 3.09865925400049 0
2.935237182860037 3.384572258980937 0
2.945619893251634 3.684780913753672 0
2.91349142434199 0.1309800422288332 0
2.918111965351827 0.2685090864140967 0
2.92296353339704 0.4129145823586703 0
2.928057679818141 0.564540352315583 0
2.933406533586698 0.7237474115561491 0
2.939022830044295 0.8909148237769881 0
2.94491994131211 1.066440606231897 0
2.951111908125618 1.250742677282876 0
2.957613473284912 1.444259852038475 0
2.96444011674612 1.647452886840014 0
2.971608092358035 1.860805572716271 0
2.979134466718864 2.084825891943544 0
2.987037159821221 2.320047227831634 0
2.995334987593282 2.567029630948185 0
3.004047706759364 2.82636115438194 0
3.013196061884193 3.098659254000473 0
3.022801834778058 3.3845722589809 0
3.0328878963013 3.684780913753642 0
3.00427108833193 0.1309800422288392 0
3.008755731076771 0.2685090864141073 0
3.013464605944184 0.4129145823586868 0
3.018408924529371 0.5645403523156025 0
3.023600459069439 0.7237474115561717 0
3.029051570337109 0.8909148237770146 0
3.034775237155868 1.066440606231927 0
3.040785087298391 1.250742677282911 0
3.047095429953 1.444259852038514 0
3.053721289782995 1.647452886840058 0
3.060678442582796 1.86080557271632 0
3.067983452991834 2.084825891943592 0
3.075653713944123 2.320047227831667 0
3.083707487958181 2.567029630948203 0
3.092163950678201 2.82636115438194 0
3.101043236534652 3.098659254000457 0
3.110366486696345 3.384572258980863 0
3.120155899351256 3.684780913753611 0
3.095050752321872 0.1309800422288452 0
3.099399496801718 0.2685090864141182 0
3.10396567849133 0.4129145823587033 0
3.108760169240602 0.5645403523156219 0
3.113794384552184 0.7237474115561946 0
3.119080310629924 0.8909148237770412 0
3.124630532999629 1.066440606231958 0
3.130458266471167 1.250742677282946 0
3.136577386621091 1.444259852038554 0
3.143002462819875 1.647452886840101 0
3.149748792807561 1.86080557271637 0
3.156832439264809 2.084825891943638 0
3.164270268067029 2.3200472278317 0
3.172079988323085 2.567029630948221 0
3.180280194597045 2.82636115438194 0
3.188890411185118 3.098659254000441 0
3.197931138614639 3.384572258980825 0
3.207423902401218 3.684780913753582 0
3.185830416311813 0.1309800422288511 0
3.190043262526663 0.268509086414129 0
3.194466751038474 0.4129145823587198 0
3.199111413951832 0.5645403523156414 0
3.203988310034928 0.7237474115562172 0
3.209109050922739 0.8909148237770678 0
3.214485828843391 1.066440606231988 0
3.220131445643942 1.25074267728298 0
3.226059343289181 1.444259852038593 0
3.232283635856754 1.647452886840146 0
3.238819143032322 1.86080557271642 0
3.245681425537784 2.084825891943686 0
3.252886822189933 2.320047227831733 0
3.260452488687988 2.567029630948238 0
3.268396438515886 2.82636115438194 0
3.276737585835582 3.098659254000423 0
3.285495790532931 3.384572258980787 0
3.29469190545118 3.684780913753551 0
3.276610080301753 0.1309800422288572 0
3.28068702825161 0.2685090864141396 0
3.284967823585621 0.4129145823587362 0
3.289462658663064 0.5645403523156609 0
3.294182235517673 0.7237474115562401 0
3.299137791215553 0.8909148237770945 0
3.304341124687152 1.066440606232018 0
3.309804624816719 1.250742677283015 0
3.315541299957271 1.444259852038632 0
3.321564808893632 1.64745288684019 0
3.327889493257086 1.860805572716469 0
3.334530411810758 2.084825891943733 0
3.341503376312839 2.320047227831766 0
3.348824989052892 2.567029630948255 0
3.356512682434729 2.82636115438194 0
3.364584760486047 3.098659254000406 0
3.373060442451222 3.384572258980751 0
3.381959908501141 3.684780913753522 0
3.367389744291694 0.1309800422288631 0
3.371330793976556 0.2685090864141506 0
3.375468896132767 0.4129145823587527 0
3.379813903374294 0.5645403523156802 0
3.384376161000415 0.723747411556263 0
3.389166531508367 0.8909148237771209 0
3.394196420530913 1.066440606232049 0
3.399477803989495 1.25074267728305 0
3.405023256625363 1.444259852038672 0
3.410845981930511 1.647452886840234 0
3.41695984348185 1.860805572716519 0
3.423379398083732 2.084825891943779 0
3.430119930435744 2.320047227831799 0
3.437197489417795 2.567029630948273 0
3.444628926353571 2.82636115438194 0
3.452431935136512 3.098659254000391 0
3.460625094369516 3.384572258980713 0
3.469227911551104 3.684780913753491 0
3.458169408281635 0.1309800422288691 0
3.461974559701502 0.2685090864141613 0
3.465969968679912 0.4129145823587692 0
3.470165148085524 0.5645403523156999 0
3.47457008648316 0.7237474115562855 0
3.479195271801181 0.8909148237771477 0
3.484051716374673 1.06644060623208 0
3.48915098316227 1.250742677283084 0
3.494505213293451 1.444259852038711 0
3.500127154967388 1.647452886840278 0
3.506030193706613 1.860805572716568 0
3.512228384356706 2.084825891943826 0
3.518736484558649 2.32004722783183 0
3.525569989782698 2.567029630948291 0
3.532745170272412 2.82636115438194 0
3.540279109786977 3.098659254000373 0
3.548189746287807 3.384572258980675 0
3.556495914601065 3.684780913753462 0
3.548949072271576 0.1309800422288751 0
3.552618325426448 0.268509086414172 0
3.556471041227057 0.4129145823587856 0
3.560516392796756 0.5645403523157193 0
3.564764011965903 0.7237474115563085 0
3.569224012093995 0.8909148237771742 0
3.573907012218435 1.06644060623211 0
3.578824162335046 1.250742677283119 0
3.583987169961543 1.44425985203875 0
3.589408328004268 1.647452886840322 0
3.595100543931377 1.860805572716618 0
3.601077370629682 2.084825891943872 0
3.607353038681554 2.320047227831864 0
3.613942490147601 2.567029630948307 0
3.620861414191255 2.826361154381941 0
3.628126284437442 3.098659254000356 0
3.6357543982061 3.384572258980638 0
3.643763917651027 3.684780913753431 0
3.639728736261518 0.1309800422288811 0
3.643262091151394 0.2685090864141829 0
3.646972113774203 0.4129145823588023 0
3.650867637507986 0.564540352315739 0
3.654957937448647 0.7237474115563309 0
3.659252752386811 0.890914823777201 0
3.663762308062198 1.06644060623214 0
3.668497341507821 1.250742677283154 0
3.673469126629634 1.444259852038789 0
3.678689501041146 1.647452886840367 0
3.684170894156141 1.860805572716668 0
3.689926356902657 2.08482589194392 0
3.69596959280446 2.320047227831897 0
3.702314990512504 2.567029630948324 0
3.708977658110097 2.826361154381941 0
3.715973459087907 3.09865925400034 0
3.723319050124393 3.3845722589806 0
3.731031920700989 3.684780913753402 0
3.730508400251458 0.1309800422288871 0
3.73390585687634 0.2685090864141936 0
3.737473186321349 0.4129145823588186 0
3.741218882219217 0.5645403523157585 0
3.745151862931392 0.7237474115563538 0
3.749281492679626 0.8909148237772277 0
3.753617603905958 1.066440606232171 0
3.758170520680598 1.250742677283188 0
3.762951083297724 1.444259852038829 0
3.767970674078025 1.647452886840411 0
3.773241244380904 1.860805572716717 0
3.77877534317563 2.084825891943967 0
3.784586146927365 2.32004722783193 0
3.790687490877409 2.567029630948342 0
3.79709390202894 2.826361154381941 0
3.803820633738371 3.098659254000323 0
3.810883702042684 3.384572258980563 0
3.818299923750952 3.684780913753372 0
3.821288064241401 0.130980042228893 0
3.824549622601287 0.2685090864142043 0
3.827974258868496 0.4129145823588352 0
3.83157012693045 0.5645403523157779 0
3.835345788414137 0.7237474115563768 0
3.839310232972442 0.8909148237772543 0
3.843472899749721 1.066440606232201 0
3.847843699853374 1.250742677283223 0
3.852433039965816 1.444259852038868 0
3.857251847114906 1.647452886840455 0
3.862311594605669 1.860805572716767 0
3.867624329448605 2.084825891944013 0
3.873202701050271 2.320047227831962 0
3.879059991242313 2.56702963094836 0
3.885210145947783 2.826361154381942 0
3.891667808388838 3.098659254000307 0
3.898448353960979 3.384572258980526 0
3.905567926800914 3.684780913753342 0
3.912067728231344 0.1309800422288991 0
3.915193388326233 0.2685090864142152 0
3.918475331415642 0.4129145823588517 0
3.921921371641681 0.5645403523157972 0
3.925539713896882 0.7237474115563993 0
3.929338973265257 0.890914823777281 0
3.933328195593482 1.066440606232232 0
3.937516879026151 1.250742677283258 0
3.941914996633908 1.444259852038908 0
3.946533020151784 1.647452886840499 0
3.951381944830433 1.860805572716817 0
3.956473315721581 2.08482589194406 0
3.961819255173176 2.320047227831996 0
3.967432491607218 2.567029630948377 0
3.973326389866626 2.826361154381941 0
3.979514983039303 3.098659254000289 0
3.986013005879271 3.384572258980488 0
3.992835929850874 3.68478091375331 0
4.002847392221286 0.1309800422289051 0
4.00583715405118 0.268509086414226 0
4.008976403962788 0.4129145823588681 0
4.012272616352911 0.5645403523158167 0
4.015733639379627 0.7237474115564222 0
4.019367713558071 0.8909148237773075 0
4.023183491437243 1.066440606232262 0
4.027190058198925 1.250742677283292 0
4.031396953301997 1.444259852038946 0
4.035814193188664 1.647452886840544 0
4.040452295055196 1.860805572716866 0
4.045322301994555 2.084825891944107 0
4.050435809296081 2.320047227832029 0
4.055804991972119 2.567029630948394 0
4.061442633785468 2.826361154381942 0
4.067362157689768 3.098659254000274 0
4.073577657797563 3.38457225898045 0
4.080103932900837 3.684780913753281 0
4.093627056211227 0.130980042228911 0
4.096480919776127 0.2685090864142367 0
4.099477476509934 0.4129145823588847 0
4.102623861064143 0.5645403523158363 0
4.10592756486237 0.7237474115564447 0
4.109396453850886 0.8909148237773342 0
4.113038787281005 1.066440606232292 0
4.116863237371703 1.250742677283327 0
4.120878909970089 1.444259852038986 0
4.125095366225541 1.647452886840588 0
4.129522645279961 1.860805572716916 0
4.13417128826753 2.084825891944154 0
4.139052363418987 2.320047227832061 0
4.144177492337024 2.567029630948412 0
4.149558877704312 2.826361154381942 0
4.155209332340233 3.098659254000257 0
4.161142309715856 3.384572258980413 0
4.1673719359508 3.684780913753251 0
4.184406720201166 0.130980042228917 0
4.18712468550107 0.2685090864142474 0
4.189978549057081 0.4129145823589011 0
4.192975105775373 0.5645403523158559 0
4.196121490345112 0.7237474115564676 0
4.1994251941437 0.8909148237773608 0
4.202894083124766 1.066440606232323 0
4.206536416544478 1.250742677283362 0
4.210360866638181 1.444259852039025 0
4.214376539262422 1.647452886840632 0
4.218592995504723 1.860805572716966 0
4.223020274540504 2.084825891944201 0
4.227668917541892 2.320047227832094 0
4.232549992701928 2.567029630948429 0
4.237675121623152 2.826361154381942 0
4.243056506990697 3.09865925400024 0
4.248706961634149 3.384572258980375 0
4.254639939000761 3.684780913753221 0
4.27518638419111 0.130980042228923 0
4.27776845122602 0.2685090864142582 0
4.280479621604224 0.4129145823589176 0
4.283326350486604 0.5645403523158753 0
4.286315415827856 0.7237474115564904 0
4.289453934436517 0.8909148237773875 0
4.292749378968529 1.066440606232354 0
4.296209595717254 1.250742677283396 0
4.299842823306273 1.444259852039064 0
4.3036577122993 1.647452886840676 0
4.307663345729486 1.860805572717016 0
4.311869260813478 2.084825891944248 0
4.316285471664798 2.320047227832127 0
4.32092249306683 2.567029630948447 0
4.325791365541994 2.826361154381943 0
4.330903681641163 3.098659254000222 0
4.33627161355244 3.384572258980338 0
4.341907942050723 3.68478091375319 0
4.36596604818105 0.130980042228929 0
4.368412216950963 0.2685090864142691 0
4.370980694151371 0.412914582358934 0
4.373677595197836 0.5645403523158946 0
4.376509341310602 0.7237474115565131 0
4.379482674729331 0.890914823777414 0
4.382604674812291 1.066440606232384 0
4.38588277489003 1.250742677283431 0
4.389324779974363 1.444259852039103 0
4.392938885336179 1.64745288684072 0
4.396733695954251 1.860805572717065 0
4.400718247086453 2.084825891944295 0
4.404902025787702 2.32004722783216 0
4.409294993431733 2.567029630948464 0
4.413907609460836 2.826361154381943 0
4.418750856291627 3.098659254000207 0
4.423836265470732 3.384572258980301 0
4.429175945100684 3.684780913753161 0
4.456745712170992 0.130980042228935 0
4.459055982675912 0.2685090864142798 0
4.46148176669852 0.4129145823589506 0
4.464028839909068 0.5645403523159143 0
4.466703266793347 0.7237474115565361 0
4.469511415022145 0.8909148237774407 0
4.472459970656052 1.066440606232415 0
4.475555954062807 1.250742677283466 0
4.478806736642454 1.444259852039143 0
4.482220058373057 1.647452886840764 0
4.485804046179014 1.860805572717115 0
4.489567233359429 2.084825891944342 0
4.493518579910609 2.320047227832193 0
4.497667493796637 2.567029630948482 0
4.502023853379679 2.826361154381943 0
4.506598030942094 3.09865925400019 0
4.511400917389025 3.384572258980263 0
4.516443948150648 3.68478091375313 0
4.547525376160934 0.1309800422289409 0
4.549699748400856 0.2685090864142906 0
4.551982839245664 0.4129145823589671 0
4.5543800846203 0.5645403523159339 0
4.556897192276092 0.7237474115565585 0
4.559540155314962 0.8909148237774674 0
4.562315266499814 1.066440606232445 0
4.565229133235581 1.2507426772835 0
4.568288693310544 1.444259852039182 0
4.571501231409936 1.647452886840808 0
4.574874396403779 1.860805572717164 0
4.578416219632404 2.084825891944388 0
4.582135134033513 2.320047227832226 0
4.586039994161542 2.567029630948499 0
4.590140097298521 2.826361154381944 0
4.594445205592558 3.098659254000173 0
4.598965569307318 3.384572258980227 0
4.603711951200609 3.684780913753101 0
4.638305040150875 0.130980042228947 0
4.640343514125804 0.2685090864143014 0
4.64248391179281 0.4129145823589835 0
4.64473132933153 0.5645403523159532 0
4.647091117758836 0.7237474115565814 0
4.649568895607775 0.890914823777494 0
4.652170562343576 1.066440606232475 0
4.654902312408358 1.250742677283535 0
4.657770649978636 1.444259852039221 0
4.660782404446817 1.647452886840852 0
4.663944746628543 1.860805572717214 0
4.667265205905379 2.084825891944436 0
4.670751688156419 2.320047227832259 0
4.674412494526445 2.567029630948515 0
4.678256341217365 2.826361154381944 0
4.682292380243024 3.098659254000157 0
4.686530221225612 3.384572258980189 0
4.690979954250572 3.68478091375307 0
4.729084704140817 0.130980042228953 0
4.73098727985075 0.2685090864143121 0
4.732984984339955 0.412914582359 0
4.735082574042763 0.5645403523159727 0
4.73728504324158 0.7237474115566043 0
4.73959763590059 0.8909148237775205 0
4.742025858187338 1.066440606232506 0
4.744575491581135 1.25074267728357 0
4.747252606646726 1.444259852039261 0
4.750063577483695 1.647452886840897 0
4.753015096853306 1.860805572717264 0
4.756114192178353 2.084825891944482 0
4.759368242279325 2.320047227832292 0
4.762784994891348 2.567029630948534 0
4.766372585136208 2.826361154381944 0
4.77013955489349 3.09865925400014 0
4.774094873143904 3.384572258980152 0
4.778247957300533 3.684780913753041 0
4.819864368130758 0.1309800422289589 0
4.821631045575696 0.2685090864143228 0
4.823486056887101 0.4129145823590165 0
4.825433818753993 0.5645403523159923 0
4.827478968724323 0.7237474115566269 0
4.829626376193406 0.8909148237775473 0
4.831881154031099 1.066440606232537 0
4.83424867075391 1.250742677283604 0
4.836734563314818 1.4442598520393 0
4.839344750520573 1.647452886840941 0
4.84208544707807 1.860805572717313 0
4.844963178451327 2.084825891944529 0
4.84798479640223 2.320047227832325 0
4.851157495256252 2.567029630948551 0
4.854488829055049 2.826361154381944 0
4.857986729543954 3.098659254000123 0
4.861659525062194 3.384572258980114 0
4.865515960350494 3.68478091375301 0
4.9106440321207 0.1309800422289649 0
4.912274811300643 0.2685090864143337 0
4.913987129434247 0.412914582359033 0
4.915785063465224 0.5645403523160116 0
4.917672894207067 0.7237474115566498 0
4.919655116486219 0.8909148237775739 0
4.921736449874858 1.066440606232567 0
4.923921849926685 1.250742677283639 0
4.926216519982908 1.444259852039339 0
4.928625923557451 1.647452886840985 0
4.931155797302832 1.860805572717363 0
4.933812164724302 2.084825891944576 0
4.936601350525135 2.320047227832358 0
4.939529995621156 2.567029630948568 0
4.94260507297389 2.826361154381944 0
4.945833904194418 3.098659254000105 0
4.949224176980487 3.384572258980077 0
4.952783963400455 3.684780913752981 0
5.001423696110642 0.130980042228971 0
5.002918577025588 0.2685090864143445 0
5.004488201981394 0.4129145823590495 0
5.006136308176456 0.5645403523160312 0
5.007866819689813 0.7237474115566723 0
5.009683856779035 0.8909148237776005 0
5.011591745718622 1.066440606232597 0
5.013595029099462 1.250742677283674 0
5.015698476651 1.444259852039379 0
5.01790709659433 1.647452886841029 0
5.020226147527596 1.860805572717412 0
5.022661150997278 2.084825891944623 0
5.02521790464804 2.320047227832391 0
5.027902495986059 2.567029630948585 0
5.030721316892732 2.826361154381944 0
5.033681078844883 3.098659254000089 0
5.036788828898782 3.38457225898004 0
5.040051966450418 3.68478091375295 0
5.092203360100584 0.1309800422289769 0
5.093562342750537 0.2685090864143552 0
5.094989274528539 0.412914582359066 0
5.096487552887687 0.5645403523160506 0
5.098060745172559 0.7237474115566952 0
5.099712597071852 0.8909148237776272 0
5.101447041562384 1.066440606232628 0
5.103268208272238 1.250742677283708 0
5.10518043331909 1.444259852039418 0
5.107188269631211 1.647452886841073 0
5.109296497752362 1.860805572717462 0
5.111510137270253 2.08482589194467 0
5.113834458770945 2.320047227832423 0
5.116274996350963 2.567029630948603 0
5.118837560811575 2.826361154381945 0
5.12152825349535 3.098659254000073 0
5.124353480817074 3.384572258980002 0
5.12731996950038 3.68478091375292 0
5.182983024090525 0.1309800422289829 0
5.184206108475482 0.268509086414366 0
5.185490347075684 0.4129145823590825 0
5.186838797598918 0.56454035231607 0
5.188254670655301 0.723747411556718 0
5.189741337364665 0.8909148237776537 0
5.191302337406144 1.066440606232659 0
5.192941387445014 1.250742677283743 0
5.194662389987181 1.444259852039457 0
5.196469442668088 1.647452886841117 0
5.198366847977127 1.860805572717512 0
5.200359123543229 2.084825891944717 0
5.202451012893853 2.320047227832456 0
5.204647496715867 2.56702963094862 0
5.206953804730419 2.826361154381944 0
5.209375428145814 3.098659254000056 0
5.211918132735367 3.384572258979964 0
5.214587972550344 3.684780913752891 0
5.273762688080467 0.130980042228989 0
5.274849874200428 0.2685090864143768 0
5.275991419622834 0.4129145823590989 0
5.277190042310151 0.5645403523160896 0
5.278448596138047 0.7237474115567406 0
5.279770077657478 0.8909148237776805 0
5.281157633249908 1.066440606232689 0
5.282614566617793 1.250742677283778 0
5.284144346655271 1.444259852039497 0
5.285750615704969 1.647452886841161 0
5.287437198201891 1.860805572717561 0
5.289208109816202 2.084825891944763 0
5.291067567016755 2.320047227832489 0
5.29301999708077 2.567029630948637 0
5.295070048649261 2.826361154381945 0
5.297222602796279 3.09865925400004 0
5.299482784653659 3.384572258979928 0
5.301855975600304 3.68478091375286 0
5.36454235207041 0.1309800422289949 0
5.365493639925377 0.2685090864143876 0
5.366492492169979 0.4129145823591154 0
5.367541287021382 0.5645403523161092 0
5.368642521620792 0.7237474115567636 0
5.369798817950295 0.8909148237777071 0
5.371012929093669 1.066440606232719 0
5.372287745790569 1.250742677283812 0
5.373626303323364 1.444259852039536 0
5.375031788741849 1.647452886841206 0
5.376507548426655 1.860805572717611 0
5.378057096089177 2.08482589194481 0
5.379684121139664 2.320047227832522 0
5.381392497445674 2.567029630948655 0
5.383186292568103 2.826361154381945 0
5.385069777446743 3.098659254000023 0
5.387047436571953 3.38457225897989 0
5.389123978650266 3.684780913752829 0
5.45532201606035 0.1309800422290009 0
5.45613740565032 0.2685090864143984 0
5.456993564717125 0.4129145823591319 0
5.457892531732612 0.5645403523161285 0
5.458836447103532 0.7237474115567861 0
5.459827558243111 0.8909148237777335 0
5.460868224937432 1.06644060623275 0
5.461960924963344 1.250742677283847 0
5.463108259991454 1.444259852039575 0
5.464312961778726 1.64745288684125 0
5.465577898651414 1.860805572717661 0
5.466906082362152 2.084825891944857 0
5.468300675262566 2.320047227832555 0
5.469764997810579 2.567029630948672 0
5.471302536486945 2.826361154381945 0
5.472916952097208 3.098659254000006 0
5.474612088490244 3.384572258979852 0
5.476391981700227 3.6847809137528 0
5.546101680050291 0.1309800422290068 0
5.54678117137527 0.2685090864144092 0
5.547494637264268 0.4129145823591484 0
5.548243776443842 0.5645403523161482 0
5.549030372586278 0.723747411556809 0
5.549856298535928 0.8909148237777602 0
5.550723520781192 1.06644060623278 0
5.55163410413612 1.250742677283882 0
5.552590216659545 1.444259852039615 0
5.553594134815606 1.647452886841294 0
5.55464824887618 1.86080557271771 0
5.555755068635128 2.084825891944904 0
5.556917229385472 2.320047227832588 0
5.558137498175482 2.56702963094869 0
5.559418780405789 2.826361154381946 0
5.560764126747674 3.098659253999989 0
5.562176740408538 3.384572258979815 0
5.563659984750192 3.68478091375277 0
5.636881344040234 0.1309800422290129 0
5.637424937100215 0.2685090864144199 0
5.637995709811415 0.4129145823591649 0
5.638595021155074 0.5645403523161676 0
5.639224298069021 0.7237474115568318 0
5.63988503882874 0.890914823777787 0
5.640578816624952 1.066440606232811 0
5.641307283308897 1.250742677283917 0
5.642072173327637 1.444259852039654 0
5.642875307852483 1.647452886841338 0
5.643718599100943 1.86080557271776 0
5.6446040549081 2.084825891944952 0
5.645533783508379 2.32004722783262 0
5.646509998540386 2.567029630948707 0
5.647535024324632 2.826361154381946 0
5.648611301398141 3.098659253999973 0
5.649741392326832 3.384572258979778 0
5.650927987800153 3.68478091375274 0
5.727661008030177 0.1309800422290189 0
5.728068702825161 0.2685090864144306 0
5.728496782358562 0.4129145823591814 0
5.728946265866307 0.5645403523161872 0
5.729418223551769 0.7237474115568544 0
5.729913779121555 0.8909148237778137 0
5.730434112468718 1.066440606232841 0
5.730980462481672 1.250742677283951 0
5.731554129995727 1.444259852039693 0
5.732156480889362 1.647452886841382 0
5.732788949325709 1.86080557271781 0
5.733453041181075 2.084825891944997 0
5.734150337631284 2.320047227832653 0
5.734882498905291 2.567029630948725 0
5.735651268243473 2.826361154381946 0
5.736458476048605 3.098659253999956 0
5.737306044245122 3.38457225897974 0
5.738195990850113 3.68478091375271 0
5.818440672020117 0.1309800422290248 0
5.818712468550107 0.2685090864144415 0
5.818997854905708 0.4129145823591979 0
5.819297510577536 0.5645403523162066 0
5.819612149034512 0.7237474115568772 0
5.819942519414369 0.8909148237778401 0
5.820289408312477 1.066440606232872 0
5.820653641654447 1.250742677283986 0
5.821036086663818 1.444259852039732 0
5.821437653926242 1.647452886841427 0
5.821859299550471 1.860805572717859 0
5.82230202745405 2.084825891945045 0
5.82276689175419 2.320047227832686 0
5.823254999270193 2.567029630948742 0
5.823767512162316 2.826361154381947 0
5.82430565069907 3.098659253999939 0
5.824870696163414 3.384572258979703 0
5.825463993900074 3.68478091375268 0
5.909220336010057 0.1309800422290308 0
5.909356234275055 0.2685090864144523 0
5.909498927452852 0.4129145823592144 0
5.909648755288769 0.5645403523162259 0
5.909806074517257 0.7237474115568998 0
5.909971259707185 0.8909148237778667 0
5.910144704156238 1.066440606232902 0
5.910326820827224 1.25074267728402 0
5.910518043331908 1.444259852039772 0
5.910718826963122 1.647452886841471 0
5.910929649775237 1.860805572717909 0
5.911151013727025 2.084825891945091 0
5.911383445877094 2.320047227832719 0
5.911627499635096 2.56702963094876 0
5.911883756081156 2.826361154381947 0
5.912152825349536 3.098659253999923 0
5.912435348081708 3.384572258979665 0
5.912731996950038 3.68478091375265 0
2 6 0 1224
1937
1938
1939
1940
1941
1942
1943
1944
1945
1946
1947
1948
1949
1950
1951
1952
1953
1954
1955
1956
1957
1958
1959
1960
1961
1962
1963
1964
1965
1966
1967
1968
1969
1970
1971
1972
1973
1974
1975
1976
1977
1978
1979
1980
1981
1982
1983
1984
1985
1986
1987
1988
1989
1990
1991
1992
1993
1994
1995
1996
1997
1998
1999
2000
2001
2002
2003
2004
2005
2006
2007
2008
2009
2010
2011
2012
2013
2014
2015
2016
2017
2018
2019
2020
2021
2022
2023
2024
2025
2026
2027
2028
2029
2030
2031
2032
2033
2034
2035
2036
2037
2038
2039
2040
2041
2042
2043
2044
2045
2046
2047
2048
2049
2050
2051
2052
2053
2054
2055
2056
2057
2058
2059
2060
2061
2062
2063
2064
2065
2066
2067
2068
2069
2070
2071
2072
2073
2074
2075
2076
2077
2078
2079
2080
2081
2082
2083
2084
2085
2086
2087
2088
2089
2090
2091
2092
2093
2094
2095
2096
2097
2098
2099
2100
2101
2102
2103
2104
2105
2106
2107
2108
2109
2110
2111
2112
2113
2114
2115
2116
2117
2118
2119
2120
2121
2122
2123
2124
2125
2126
2127
2128
2129
2130
2131
2132
2133
2134
2135
2136
2137
2138
2139
2140
2141
2142
2143
2144
2145
2146
2147
2148
2149
2150
2151
2152
2153
2154
2155
2156
2157
2158
2159
2160
2161
2162
2163
2164
2165
2166
2167
2168
2169
2170
2171
2172
2173
2174
2175
2176
2177
2178
2179
2180
2181
2182
2183
2184
2185
2186
2187
2188
2189
2190
2191
2192
2193
2194
2195
2196
2197
2198
2199
2200
2201
2202
2203
2204
2205
2206
2207
2208
2209
2210
2211
2212
2213
2214
2215
2216
2217
2218
2219
2220
2221
2222
2223
2224
2225
2226
2227
2228
2229
2230
2231
2232
2233
2234
2235
2236
2237
2238
2239
2240
2241
2242
2243
2244
2245
2246
2247
2248
2249
2250
2251
2252
2253
2254
2255
2256
2257
2258
2259
2260
2261
2262
2263
2264
2265
2266
2267
2268
2269
2270
2271
2272
2273
2274
2275
2276
2277
2278
2279
2280
2281
2282
2283
2284
2285
2286
2287
2288
2289
2290
2291
2292
2293
2294
2295
2296
2297
2298
2299
2300
2301
2302
2303
2304
2305
2306
2307
2308
2309
2310
2311
2312
2313
2314
2315
2316
2317
2318
2319
2320
2321
2322
2323
2324
2325
2326
2327
2328
2329
2330
2331
2332
2333
2334
2335
2336
2337
2338
2339
2340
2341
2342
2343
2344
2345
2346
2347
2348
2349
2350
2351
2352
2353
2354
2355
2356
2357
2358
2359
2360
2361
2362
2363
2364
2365
2366
2367
2368
2369
2370
2371
2372
2373
2374
2375
2376
2377
2378
2379
2380
2381
2382
2383
2384
2385
2386
2387
2388
2389
2390
2391
2392
2393
2394
2395
2396
2397
2398
2399
2400
2401
2402
2403
2404
2405
2406
2407
2408
2409
2410
2411
2412
2413
2414
2415
2416
2417
2418
2419
2420
2421
2422
2423
2424
2425
2426
2427
2428
2429
2430
2431
2432
2433
2434
2435
2436
2437
2438
2439
2440
2441
2442
2443
2444
2445
2446
2447
2448
2449
2450
2451
2452
2453
2454
2455
2456
2457
2458
2459
2460
2461
2462
2463
2464
2465
2466
2467
2468
2469
2470
2471
2472
2473
2474
2475
2476
2477
2478
2479
2480
2481
2482
2483
2484
2485
2486
2487
2488
2489
2490
2491
2492
2493
2494
2495
2496
2497
2498
2499
2500
2501
2502
2503
2504
2505
2506
2507
2508
2509
2510
2511
2512
2513
2514
2515
2516
2517
2518
2519
2520
2521
2522
2523
2524
2525
2526
2527
2528
2529
2530
2531
2532
2533
2534
2535
2536
2537
2538
2539
2540
2541
2542
2543
2544
2545
2546
2547
2548
2549
2550
2551
2552
2553
2554
2555
2556
2557
2558
2559
2560
2561
2562
2563
2564
2565
2566
2567
2568
2569
2570
2571
2572
2573
2574
2575
2576
2577
2578
2579
2580
2581
2582
2583
2584
2585
2586
2587
2588
2589
2590
2591
2592
2593
2594
2595
2596
2597
2598
2599
2600
2601
2602
2603
2604
2605
2606
2607
2608
2609
2610
2611
2612
2613
2614
2615
2616
2617
2618
2619
2620
2621
2622
2623
2624
2625
2626
2627
2628
2629
2630
2631
2632
2633
2634
2635
2636
2637
2638
2639
2640
2641
2642
2643
2644
2645
2646
2647
2648
2649
2650
2651
2652
2653
2654
2655
2656
2657
2658
2659
2660
2661
2662
2663
2664
2665
2666
2667
2668
2669
2670
2671
2672
2673
2674
2675
2676
2677
2678
2679
2680
2681
2682
2683
2684
2685
2686
2687
2688
2689
2690
2691
2692
2693
2694
2695
2696
2697
2698
2699
2700
2701
2702
2703
2704
2705
2706
2707
2708
2709
2710
2711
2712
2713
2714
2715
2716
2717
2718
2719
2720
2721
2722
2723
2724
2725
2726
2727
2728
2729
2730
2731
2732
2733
2734
2735
2736
2737
2738
2739
2740
2741
2742
2743
2744
2745
2746
2747
2748
2749
2750
2751
2752
2753
2754
2755
2756
2757
2758
2759
2760
2761
2762
2763
2764
2765
2766
2767
2768
2769
2770
2771
2772
2773
2774
2775
2776
2777
2778
2779
2780
2781
2782
2783
2784
2785
2786
2787
2788
2789
2790
2791
2792
2793
2794
2795
2796
2797
2798
2799
2800
2801
2802
2803
2804
2805
2806
2807
2808
2809
2810
2811
2812
2813
2814
2815
2816
2817
2818
2819
2820
2821
2822
2823
2824
2825
2826
2827
2828
2829
2830
2831
2832
2833
2834
2835
2836
2837
2838
2839
2840
2841
2842
2843
2844
2845
2846
2847
2848
2849
2850
2851
2852
2853
2854
2855
2856
2857
2858
2859
2860
2861
2862
2863
2864
2865
2866
2867
2868
2869
2870
2871
2872
2873
2874
2875
2876
2877
2878
2879
2880
2881
2882
2883
2884
2885
2886
2887
2888
2889
2890
2891
2892
2893
2894
2895
2896
2897
2898
2899
2900
2901
2902
2903
2904
2905
2906
2907
2908
2909
2910
2911
2912
2913
2914
2915
2916
2917
2918
2919
2920
2921
2922
2923
2924
2925
2926
2927
2928
2929
2930
2931
2932
2933
2934
2935
2936
2937
2938
2939
2940
2941
2942
2943
2944
2945
2946
2947
2948
2949
2950
2951
2952
2953
2954
2955
2956
2957
2958
2959
2960
2961
2962
2963
2964
2965
2966
2967
2968
2969
2970
2971
2972
2973
2974
2975
2976
2977
2978
2979
2980
2981
2982
2983
2984
2985
2986
2987
2988
2989
2990
2991
2992
2993
2994
2995
2996
2997
2998
2999
3000
3001
3002
3003
3004
3005
3006
3007
3008
3009
3010
3011
3012
3013
3014
3015
3016
3017
3018
3019
3020
3021
3022
3023
3024
3025
3026
3027
3028
3029
3030
3031
3032
3033
3034
3035
3036
3037
3038
3039
3040
3041
3042
3043
3044
3045
3046
3047
3048
3049
3050
3051
3052
3053
3054
3055
3056
3057
3058
3059
3060
3061
3062
3063
3064
3065
3066
3067
3068
3069
3070
3071
3072
3073
3074
3075
3076
3077
3078
3079
3080
3081
3082
3083
3084
3085
3086
3087
3088
3089
3090
3091
3092
3093
3094
3095
3096
3097
3098
3099
3100
3101
3102
3103
3104
3105
3106
3107
3108
3109
3110
3111
3112
3113
3114
3115
3116
3117
3118
3119
3120
3121
3122
3123
3124
3125
3126
3127
3128
3129
3130
3131
3132
3133
3134
3135
3136
3137
3138
3139
3140
3141
3142
3143
3144
3145
3146
3147
3148
3149
3150
3151
3152
3153
3154
3155
3156
3157
3158
3159
3160
0.2669128406151927 -0.1888615480518908 0
0.3398736452572854 -0.1885868476348943 0
0.4165138878792186 -0.1862180401657545 0
0.4950170636108184 -0.1821110754805859 0
0.5735202393424199 -0.176675102439923 0
0.6501604819643555 -0.1703337787291416 0
0.7231212866064509 -0.1634894824238498 0
0.7906761031125504 -0.1565204102249197 0
0.8512299280050608 -0.1497815447134767 0
0.903363798214469 -0.1436230321956992 0
0.9458638087290265 -0.1383805101529235 0
0.9777530320093994 -0.1343664019467398 0
0.9983166666183889 -0.1318418664242978 0
1.007118480555755 -0.1309800422287073 0
1.097898144545591 -0.1309800422287133 0
1.188677808535387 -0.1309800422287193 0
1.279457472525013 -0.1309800422287253 0
1.370237136514932 -0.1309800422287313 0
1.461016800504852 -0.1309800422287374 0
1.551796464494772 -0.1309800422287433 0
1.642576128484614 -0.1309800422287493 0
1.733355792474173 -0.1309800422287552 0
1.824135456463703 -0.1309800422287613 0
1.914915120453232 -0.1309800422287672 0
2.005694784442813 -0.1309800422287732 0
2.096474448432699 -0.1309800422287793 0
2.187254112422619 -0.1309800422287852 0
2.278033776412539 -0.1309800422287912 0
2.36881344040246 -0.1309800422287972 0
2.459593104392379 -0.1309800422288032 0
2.550372768382299 -0.1309800422288092 0
2.641152432372218 -0.1309800422288152 0
2.731932096362139 -0.1309800422288212 0
2.822711760352059 -0.1309800422288272 0
2.91349142434199 -0.1309800422288332 0
3.00427108833193 -0.1309800422288391 0
3.095050752321872 -0.1309800422288451 0
3.185830416311812 -0.1309800422288511 0
3.276610080301753 -0.1309800422288571 0
3.367389744291694 -0.1309800422288631 0
3.458169408281635 -0.1309800422288691 0
3.548949072271576 -0.130980042228875 0
3.639728736261518 -0.1309800422288811 0
3.730508400251458 -0.1309800422288871 0
3.821288064241401 -0.130980042228893 0
3.912067728231344 -0.130980042228899 0
4.002847392221284 -0.1309800422289049 0
4.093627056211227 -0.130980042228911 0
4.184406720201166 -0.130980042228917 0
4.275186384191108 -0.1309800422289229 0
4.365966048181053 -0.130980042228929 0
4.456745712170994 -0.1309800422289349 0
4.547525376160934 -0.1309800422289409 0
4.638305040150875 -0.1309800422289469 0
4.729084704140819 -0.1309800422289529 0
4.819864368130758 -0.1309800422289589 0
4.9106440321207 -0.1309800422289649 0
5.001423696110642 -0.1309800422289709 0
5.092203360100583 -0.1309800422289769 0
5.182983024090526 -0.1309800422289829 0
5.273762688080466 -0.1309800422289888 0
5.364542352070409 -0.1309800422289948 0
5.45532201606035 -0.1309800422290008 0
5.546101680050291 -0.1309800422290068 0
5.636881344040234 -0.1309800422290128 0
5.727661008030175 -0.1309800422290187 0
5.818440672020118 -0.1309800422290248 0
5.909220336010058 -0.1309800422290308 0
0.2605160732683524 -0.3243331233537309 0
0.3339743727840817 -0.3240681874988758 0
0.4109813201586312 -0.3217835821870428 0
0.4897849804080725 -0.3178226045822815 0
0.568588640657517 -0.3125798598487031 0
0.6455955880320718 -0.3064639462413459 0
0.7190538875478064 -0.2998629388152221 0
0.7872983613845332 -0.2931415908071348 0
0.8487907024131218 -0.2866422665084055 0
0.9021623863410133 -0.2807026658467136 0
0.9462426578940757 -0.2756464956588125 0
0.980089315616633 -0.2717750738359742 0
1.003012966562402 -0.2693402760148658 0
1.01459288513087 -0.2685090864138702 0
1.105236650855692 -0.2685090864138809 0
1.195880416580475 -0.2685090864138917 0
1.286524182305095 -0.2685090864139025 0
1.377167948029996 -0.2685090864139132 0
1.467811713754899 -0.268509086413924 0
1.558455479479801 -0.2685090864139349 0
1.649099245204629 -0.2685090864139455 0
1.739743010929183 -0.2685090864139564 0
1.830386776653709 -0.2685090864139671 0
1.921030542378236 -0.2685090864139779 0
2.011674308102811 -0.2685090864139887 0
2.102318073827682 -0.2685090864139995 0
2.192961839552584 -0.2685090864140103 0
2.283605605277486 -0.268509086414021 0
2.37424937100239 -0.2685090864140318 0
2.464893136727292 -0.2685090864140426 0
2.555536902452194 -0.2685090864140534 0
2.646180668177097 -0.2685090864140641 0
2.736824433902 -0.2685090864140749 0
2.827468199626903 -0.2685090864140857 0
2.918111965351827 -0.2685090864140965 0
3.008755731076771 -0.2685090864141073 0
3.099399496801719 -0.268509086414118 0
3.190043262526663 -0.2685090864141288 0
3.28068702825161 -0.2685090864141396 0
3.371330793976556 -0.2685090864141503 0
3.461974559701501 -0.2685090864141612 0
3.552618325426448 -0.268509086414172 0
3.643262091151394 -0.2685090864141827 0
3.733905856876341 -0.2685090864141935 0
3.824549622601287 -0.2685090864142042 0
3.915193388326232 -0.2685090864142151 0
4.00583715405118 -0.2685090864142258 0
4.096480919776127 -0.2685090864142366 0
4.187124685501072 -0.2685090864142474 0
4.277768451226019 -0.2685090864142581 0
4.368412216950965 -0.268509086414269 0
4.459055982675912 -0.2685090864142798 0
4.549699748400858 -0.2685090864142905 0
4.640343514125804 -0.2685090864143013 0
4.730987279850751 -0.268509086414312 0
4.821631045575696 -0.2685090864143228 0
4.912274811300643 -0.2685090864143335 0
5.00291857702559 -0.2685090864143443 0
5.093562342750537 -0.2685090864143551 0
5.184206108475482 -0.2685090864143659 0
5.274849874200428 -0.2685090864143767 0
5.365493639925375 -0.2685090864143875 0
5.45613740565032 -0.2685090864143982 0
5.546781171375268 -0.268509086414409 0
5.637424937100213 -0.2685090864144198 0
5.728068702825161 -0.2685090864144306 0
5.818712468550109 -0.2685090864144413 0
5.909356234275055 -0.2685090864144521 0
0.2537994675750996 -0.46657827697742 0
0.3277801367065198 -0.4663235939127823 0
0.4051721240701168 -0.4641274008658465 0
0.4842912930623082 -0.4603197096950356 0
0.5634104620545047 -0.4552798546832649 0
0.6408024494181099 -0.4494006216837657 0
0.7147831185495384 -0.4430550675799731 0
0.7837517325811675 -0.4365938299714611 0
0.8462295155495676 -0.4303460239452979 0
0.9009009038778164 -0.4246362807317802 0
0.9466404495161382 -0.4197757799908881 0
0.9825424133965857 -0.416054178870096 0
1.007944081488252 -0.4137136056350949 0
1.022441009910289 -0.412914582358324 0
1.11294208245729 -0.4129145823583404 0
1.203443155004255 -0.4129145823583569 0
1.293944227551061 -0.4129145823583734 0
1.384445300098139 -0.41291458235839 0
1.474946372645218 -0.4129145823584064 0
1.565447445192297 -0.4129145823584229 0
1.655948517739304 -0.4129145823584395 0
1.746449590286049 -0.4129145823584558 0
1.836950662832765 -0.4129145823584724 0
1.927451735379483 -0.4129145823584889 0
2.017952807926247 -0.4129145823585053 0
2.108453880473294 -0.4129145823585218 0
2.198954953020374 -0.4129145823585382 0
2.289456025567453 -0.4129145823585548 0
2.379957098114532 -0.4129145823585713 0
2.470458170661611 -0.4129145823585878 0
2.560959243208691 -0.4129145823586042 0
2.651460315755768 -0.4129145823586208 0
2.741961388302848 -0.4129145823586373 0
2.832462460849927 -0.4129145823586536 0
2.92296353339704 -0.4129145823586702 0
3.013464605944185 -0.4129145823586866 0
3.103965678491331 -0.4129145823587031 0
3.194466751038475 -0.4129145823587195 0
3.284967823585621 -0.4129145823587361 0
3.375468896132767 -0.4129145823587526 0
3.465969968679911 -0.4129145823587691 0
3.556471041227057 -0.4129145823587856 0
3.646972113774203 -0.4129145823588021 0
3.737473186321349 -0.4129145823588187 0
3.827974258868497 -0.412914582358835 0
3.918475331415642 -0.4129145823588515 0
4.008976403962788 -0.4129145823588679 0
4.099477476509936 -0.4129145823588846 0
4.189978549057081 -0.412914582358901 0
4.280479621604224 -0.4129145823589175 0
4.370980694151371 -0.4129145823589339 0
4.461481766698519 -0.4129145823589504 0
4.551982839245664 -0.412914582358967 0
4.64248391179281 -0.4129145823589835 0
4.732984984339956 -0.4129145823589997 0
4.823486056887101 -0.4129145823590165 0
4.913987129434247 -0.4129145823590329 0
5.004488201981394 -0.4129145823590494 0
5.094989274528539 -0.4129145823590658 0
5.185490347075685 -0.4129145823590824 0
5.275991419622834 -0.4129145823590988 0
5.366492492169979 -0.4129145823591153 0
5.456993564717123 -0.4129145823591318 0
5.547494637264268 -0.4129145823591484 0
5.637995709811417 -0.4129145823591648 0
5.728496782358564 -0.4129145823591813 0
5.818997854905708 -0.4129145823591977 0
5.909498927452852 -0.4129145823592143 0
0.2467470316336861 -0.6159356875092401 0
0.3212761888587423 -0.6156917698742721 0
0.3990724682087463 -0.6135884097049952 0
0.478522921379111 -0.6099416692889963 0
0.5579733745494821 -0.6051148484840179 0
0.6357696538994975 -0.5994841301214809 0
0.7102988111245648 -0.5934068020047449 0
0.7800277723569056 -0.5872186803143701 0
0.8435402693567517 -0.5812349684730319 0
0.8995763472983122 -0.5757665755788455 0
0.9470581307171377 -0.571111527756247 0
0.9851181660521986 -0.5675472383717873 0
1.013121752133588 -0.5653056009516849 0
1.030681540886017 -0.5645403523151733 0
1.121032785597083 -0.5645403523151928 0
1.211384030308113 -0.5645403523152123 0
1.301735275018992 -0.5645403523152319 0
1.39208651973013 -0.5645403523152515 0
1.48243776444127 -0.5645403523152708 0
1.57278900915241 -0.5645403523152904 0
1.663140253863481 -0.5645403523153099 0
1.753491498574301 -0.5645403523153294 0
1.843842743285093 -0.5645403523153488 0
1.934193987995887 -0.5645403523153684 0
2.024545232706726 -0.5645403523153877 0
2.114896477417835 -0.5645403523154072 0
2.205247722128975 -0.5645403523154268 0
2.295598966840116 -0.5645403523154463 0
2.385950211551255 -0.5645403523154657 0
2.476301456262396 -0.5645403523154853 0
2.566652700973536 -0.5645403523155047 0
2.657003945684675 -0.5645403523155242 0
2.747355190395816 -0.5645403523155436 0
2.837706435106956 -0.5645403523155633 0
2.928057679818141 -0.5645403523155827 0
3.01840892452937 -0.5645403523156022 0
3.108760169240602 -0.5645403523156217 0
3.199111413951833 -0.564540352315641 0
3.289462658663063 -0.5645403523156607 0
3.379813903374294 -0.56454035231568 0
3.470165148085526 -0.5645403523156997 0
3.560516392796755 -0.5645403523157193 0
3.650867637507986 -0.5645403523157387 0
3.741218882219217 -0.5645403523157581 0
3.83157012693045 -0.5645403523157776 0
3.92192137164168 -0.564540352315797 0
4.012272616352911 -0.5645403523158167 0
4.102623861064143 -0.564540352315836 0
4.192975105775373 -0.5645403523158556 0
4.283326350486607 -0.5645403523158751 0
4.373677595197837 -0.5645403523158946 0
4.464028839909069 -0.564540352315914 0
4.5543800846203 -0.5645403523159335 0
4.644731329331529 -0.564540352315953 0
4.735082574042763 -0.5645403523159723 0
4.825433818753993 -0.564540352315992 0
4.915785063465224 -0.5645403523160113 0
5.006136308176456 -0.5645403523160309 0
5.096487552887687 -0.5645403523160506 0
5.186838797598918 -0.56454035231607 0
5.277190042310151 -0.5645403523160893 0
5.367541287021382 -0.5645403523161088 0
5.45789253173261 -0.5645403523161285 0
5.548243776443844 -0.564540352316148 0
5.638595021155074 -0.5645403523161674 0
5.728946265866307 -0.5645403523161867 0
5.819297510577536 -0.5645403523162066 0
5.909648755288769 -0.5645403523162259 0
0.2393419738586524 -0.7727609693417 0
0.3144470435848691 -0.7725283554079407 0
0.3926678295226957 -0.7705224697606868 0
0.472466131081859 -0.767044727638075 0
0.5522644326410304 -0.7624415927513325 0
0.630485218578872 -0.7570718147588941 0
0.7055902883051032 -0.7512761239299572 0
0.776117614102131 -0.7453747739550426 0
0.8407165608403581 -0.7396683610091394 0
0.898185562882968 -0.7344533859515018 0
0.9474966959803521 -0.7300140636941767 0
0.9878227063539406 -0.7266149516336811 0
1.018558306338024 -0.7244771968197351 0
1.039334098453239 -0.7237474115556712 0
1.129528023935795 -0.723747411555694 0
1.219721949418318 -0.7237474115557166 0
1.309915874900697 -0.7237474115557394 0
1.400109800383323 -0.7237474115557622 0
1.49030372586595 -0.723747411555785 0
1.580497651348577 -0.7237474115558076 0
1.670691576831138 -0.7237474115558306 0
1.76088550231346 -0.7237474115558531 0
1.851079427795757 -0.7237474115558759 0
1.941273353278054 -0.7237474115558985 0
2.031467278760394 -0.7237474115559213 0
2.121661204242992 -0.7237474115559439 0
2.21185512972562 -0.7237474115559669 0
2.302049055208248 -0.7237474115559898 0
2.392242980690874 -0.7237474115560123 0
2.482436906173502 -0.7237474115560351 0
2.57263083165613 -0.7237474115560577 0
2.662824757138756 -0.7237474115560807 0
2.753018682621385 -0.7237474115561034 0
2.843212608104013 -0.7237474115561259 0
2.933406533586698 -0.7237474115561489 0
3.02360045906944 -0.7237474115561715 0
3.113794384552184 -0.7237474115561945 0
3.203988310034929 -0.7237474115562171 0
3.294182235517672 -0.7237474115562401 0
3.384376161000416 -0.7237474115562627 0
3.474570086483159 -0.7237474115562855 0
3.564764011965903 -0.7237474115563082 0
3.654957937448648 -0.7237474115563309 0
3.745151862931392 -0.7237474115563539 0
3.835345788414137 -0.7237474115563763 0
3.925539713896882 -0.7237474115563991 0
4.015733639379627 -0.7237474115564217 0
4.10592756486237 -0.7237474115564447 0
4.196121490345114 -0.7237474115564675 0
4.286315415827857 -0.7237474115564902 0
4.376509341310601 -0.7237474115565129 0
4.466703266793347 -0.7237474115565357 0
4.55689719227609 -0.7237474115565584 0
4.647091117758836 -0.7237474115565812 0
4.73728504324158 -0.723747411556604 0
4.827478968724323 -0.7237474115566267 0
4.917672894207067 -0.7237474115566495 0
5.007866819689812 -0.7237474115566723 0
5.098060745172557 -0.723747411556695 0
5.188254670655302 -0.7237474115567177 0
5.278448596138046 -0.7237474115567405 0
5.36864252162079 -0.7237474115567631 0
5.458836447103534 -0.723747411556786 0
5.549030372586278 -0.7237474115568086 0
5.639224298069021 -0.7237474115568315 0
5.729418223551767 -0.7237474115568543 0
5.819612149034512 -0.7237474115568768 0
5.909806074517255 -0.7237474115568996 0
0.2315666631940192 -0.93742751528374 0
0.3072764410465204 -0.9372067702362519 0
0.3859429589016096 -0.9353032328371338 0
0.4661065012690512 -0.9320029389225977 0
0.546270043636503 -0.9276346742500295 0
0.62493656149161 -0.9225388836462243 0
0.7006463393441291 -0.9170389119695097 0
0.7720119479341705 -0.9114386722958612 0
0.8377516668978217 -0.906023423190197 0
0.896725239246698 -0.9010745368609645 0
0.9479571895067778 -0.8968617264472016 0
0.990662473671081 -0.8936360505768878 0
1.024266688253306 -0.891607372499418 0
1.048419283899814 -0.8909148237764285 0
1.138448024192417 -0.8909148237764551 0
1.228476764484989 -0.8909148237764818 0
1.318505504777424 -0.8909148237765084 0
1.408534245070094 -0.890914823776535 0
1.498562985362765 -0.8909148237765616 0
1.588591725655436 -0.8909148237765881 0
1.678620465948045 -0.8909148237766148 0
1.768649206240425 -0.8909148237766414 0
1.858677946532783 -0.8909148237766683 0
1.948706686825141 -0.890914823776695 0
2.038735427117539 -0.8909148237767215 0
2.128764167410184 -0.890914823776748 0
2.218792907702854 -0.8909148237767748 0
2.308821647995525 -0.8909148237768013 0
2.398850388288197 -0.8909148237768277 0
2.488879128580868 -0.8909148237768546 0
2.578907868873539 -0.8909148237768811 0
2.66893660916621 -0.8909148237769078 0
2.758965349458881 -0.8909148237769342 0
2.848994089751554 -0.8909148237769613 0
2.939022830044295 -0.8909148237769876 0
3.029051570337109 -0.8909148237770143 0
3.119080310629924 -0.8909148237770411 0
3.209109050922738 -0.8909148237770678 0
3.299137791215553 -0.8909148237770943 0
3.389166531508367 -0.8909148237771208 0
3.47919527180118 -0.8909148237771476 0
3.569224012093996 -0.8909148237771741 0
3.659252752386811 -0.8909148237772005 0
3.749281492679626 -0.8909148237772274 0
3.839310232972442 -0.8909148237772541 0
3.929338973265256 -0.8909148237772809 0
4.019367713558072 -0.8909148237773076 0
4.109396453850886 -0.890914823777334 0
4.1994251941437 -0.8909148237773605 0
4.289453934436517 -0.8909148237773873 0
4.379482674729331 -0.890914823777414 0
4.469511415022145 -0.8909148237774402 0
4.559540155314962 -0.890914823777467 0
4.649568895607775 -0.8909148237774939 0
4.73959763590059 -0.8909148237775205 0
4.829626376193405 -0.8909148237775468 0
4.919655116486219 -0.8909148237775738 0
5.009683856779035 -0.8909148237776003 0
5.099712597071852 -0.890914823777627 0
5.189741337364665 -0.8909148237776537 0
5.279770077657481 -0.8909148237776802 0
5.369798817950294 -0.8909148237777067 0
5.459827558243111 -0.8909148237777336 0
5.549856298535925 -0.8909148237777602 0
5.639885038828741 -0.8909148237777865 0
5.729913779121555 -0.8909148237778132 0
5.81994251941437 -0.89091482377784 0
5.909971259707183 -0.8909148237778667 0
0.2234025870136878 -1.110327388151556 0
0.2997473083974239 -1.110119105434626 0
0.3788818447646338 -1.108323033695819 0
0.4594288899799438 -1.105209060399362 0
0.5399759351952664 -1.101087409451147 0
0.6191104715624973 -1.096279305604789 0
0.6954551929462549 -1.091089839037241 0
0.7677009984670703 -1.085805765179243 0
0.8346385282648443 -1.080696238105172 0
0.8951918994319075 -1.076026744940165 0
0.9484407077084861 -1.072051771961631 0
0.9936442293476735 -1.069008204090617 0
1.030260489251479 -1.067094056586202 0
1.057958728598229 -1.066440606231256 0
1.147814024441755 -1.066440606231286 0
1.237669320285251 -1.066440606231317 0
1.327524616128618 -1.066440606231347 0
1.417379911972206 -1.066440606231378 0
1.507235207815796 -1.066440606231408 0
1.597090503659385 -1.066440606231439 0
1.686945799502916 -1.066440606231469 0
1.776801095346232 -1.066440606231499 0
1.866656391189525 -1.06644060623153 0
1.956511687032819 -1.066440606231561 0
2.046366982876151 -1.066440606231591 0
2.136222278719716 -1.066440606231622 0
2.226077574563305 -1.066440606231652 0
2.315932870406896 -1.066440606231683 0
2.405788166250484 -1.066440606231713 0
2.495643462094074 -1.066440606231744 0
2.585498757937664 -1.066440606231774 0
2.675354053781253 -1.066440606231804 0
2.765209349624843 -1.066440606231835 0
2.855064645468434 -1.066440606231865 0
2.94491994131211 -1.066440606231896 0
3.034775237155868 -1.066440606231926 0
3.12463053299963 -1.066440606231957 0
3.214485828843391 -1.066440606231988 0
3.304341124687152 -1.066440606232018 0
3.394196420530913 -1.066440606232048 0
3.484051716374674 -1.066440606232079 0
3.573907012218436 -1.066440606232109 0
3.663762308062197 -1.06644060623214 0
3.753617603905959 -1.06644060623217 0
3.843472899749721 -1.066440606232201 0
3.933328195593483 -1.066440606232231 0
4.023183491437245 -1.066440606232262 0
4.113038787281004 -1.066440606232292 0
4.202894083124766 -1.066440606232323 0
4.292749378968529 -1.066440606232353 0
4.382604674812291 -1.066440606232383 0
4.472459970656051 -1.066440606232414 0
4.562315266499816 -1.066440606232445 0
4.652170562343576 -1.066440606232475 0
4.742025858187336 -1.066440606232505 0
4.831881154031097 -1.066440606232536 0
4.921736449874858 -1.066440606232567 0
5.011591745718622 -1.066440606232597 0
5.101447041562384 -1.066440606232627 0
5.191302337406144 -1.066440606232658 0
5.281157633249906 -1.066440606232688 0
5.37101292909367 -1.066440606232719 0
5.460868224937432 -1.066440606232749 0
5.550723520781192 -1.06644060623278 0
5.640578816624953 -1.066440606232811 0
5.730434112468715 -1.066440606232841 0
5.820289408312479 -1.066440606232872 0
5.910144704156238 -1.066440606232902 0
0.2148303070488367 -1.291872254143964 0
0.2918417191384646 -1.291677056874082 0
0.3714676749419964 -1.28999382407828 0
0.4524173981464179 -1.287075487430248 0
0.5333671213508537 -1.283212780891862 0
0.612993077154411 -1.278706748139961 0
0.6900044892440638 -1.273843311936106 0
0.7631745015395504 -1.268891212183592 0
0.8313697327095593 -1.264102693241778 0
0.893581892630978 -1.25972656289837 0
0.9489484018188292 -1.256001319226113 0
0.9967750727991498 -1.253148964753817 0
1.036553980281576 -1.251355074350765 0
1.067975145502942 -1.250742677282148 0
1.157648324675458 -1.250742677282182 0
1.247321503847944 -1.250742677282217 0
1.336994683020309 -1.250742677282252 0
1.426667862192883 -1.250742677282286 0
1.516341041365457 -1.250742677282321 0
1.606014220538031 -1.250742677282356 0
1.69568739971055 -1.25074267728239 0
1.785360578882868 -1.250742677282425 0
1.875033758055165 -1.25074267728246 0
1.964706937227462 -1.250742677282495 0
2.054380116399796 -1.250742677282529 0
2.144053295572345 -1.250742677282564 0
2.23372647474492 -1.250742677282599 0
2.323399653917495 -1.250742677282634 0
2.413072833090069 -1.250742677282668 0
2.502746012262643 -1.250742677282702 0
2.592419191435217 -1.250742677282737 0
2.682092370607792 -1.250742677282772 0
2.771765549780366 -1.250742677282806 0
2.861438728952943 -1.250742677282841 0
2.951111908125618 -1.250742677282876 0
3.040785087298392 -1.250742677282911 0
3.130458266471167 -1.250742677282945 0
3.220131445643942 -1.25074267728298 0
3.309804624816719 -1.250742677283015 0
3.399477803989494 -1.250742677283049 0
3.48915098316227 -1.250742677283084 0
3.578824162335045 -1.250742677283118 0
3.668497341507821 -1.250742677283154 0
3.758170520680597 -1.250742677283188 0
3.847843699853374 -1.250742677283223 0
3.937516879026151 -1.250742677283257 0
4.027190058198925 -1.250742677283292 0
4.116863237371703 -1.250742677283327 0
4.206536416544478 -1.250742677283361 0
4.296209595717254 -1.250742677283396 0
4.38588277489003 -1.250742677283431 0
4.475555954062807 -1.250742677283465 0
4.565229133235581 -1.2507426772835 0
4.654902312408359 -1.250742677283535 0
4.744575491581133 -1.250742677283569 0
4.834248670753911 -1.250742677283604 0
4.923921849926687 -1.250742677283639 0
5.013595029099462 -1.250742677283673 0
5.10326820827224 -1.250742677283708 0
5.192941387445014 -1.250742677283743 0
5.282614566617793 -1.250742677283778 0
5.372287745790567 -1.250742677283812 0
5.461960924963342 -1.250742677283847 0
5.551634104136119 -1.250742677283882 0
5.641307283308897 -1.250742677283917 0
5.730980462481672 -1.250742677283951 0
5.820653641654447 -1.250742677283985 0
5.910326820827223 -1.25074267728402 0
0.2058294130786704 -1.48249436358578 0
0.2835408504100347 -1.48231290603531 0
0.3636827966221103 -1.480748154129756 0
0.4450553317154309 -1.478035235962732 0
0.5264278668087681 -1.474444421054882 0
0.6065698130208727 -1.470255562952409 0
0.6842812503522659 -1.465734458630701 0
0.7584216797619199 -1.46113093168922 0
0.8279374973738134 -1.45667947128654 0
0.8918913854886744 -1.452611371906053 0
0.949481480635109 -1.449148344005593 0
1.000062458425783 -1.446496763602109 0
1.043162145868371 -1.444829143155588 0
1.078492383261156 -1.44425985203765 0
1.167974339928959 -1.444259852037689 0
1.257456296596735 -1.444259852037729 0
1.346938253264399 -1.444259852037767 0
1.436420209932256 -1.444259852037807 0
1.525902166600114 -1.444259852037846 0
1.615384123267973 -1.444259852037886 0
1.704866079935779 -1.444259852037925 0
1.794348036603399 -1.444259852037964 0
1.883829993270999 -1.444259852038003 0
1.9733119499386 -1.444259852038042 0
2.062793906606233 -1.444259852038081 0
2.15227586327407 -1.444259852038121 0
2.241757819941927 -1.44425985203816 0
2.331239776609787 -1.4442598520382 0
2.420721733277645 -1.444259852038239 0
2.510203689945503 -1.444259852038279 0
2.599685646613361 -1.444259852038318 0
2.689167603281219 -1.444259852038357 0
2.778649559949077 -1.444259852038396 0
2.868131516616937 -1.444259852038435 0
2.957613473284912 -1.444259852038474 0
3.047095429953 -1.444259852038514 0
3.136577386621091 -1.444259852038553 0
3.22605934328918 -1.444259852038593 0
3.315541299957271 -1.444259852038631 0
3.405023256625363 -1.444259852038671 0
3.494505213293452 -1.44425985203871 0
3.583987169961544 -1.44425985203875 0
3.673469126629634 -1.444259852038789 0
3.762951083297724 -1.444259852038828 0
3.852433039965818 -1.444259852038868 0
3.941914996633908 -1.444259852038906 0
4.031396953301997 -1.444259852038946 0
4.120878909970089 -1.444259852038986 0
4.210360866638181 -1.444259852039025 0
4.299842823306271 -1.444259852039064 0
4.389324779974363 -1.444259852039103 0
4.478806736642454 -1.444259852039142 0
4.568288693310544 -1.444259852039182 0
4.657770649978636 -1.444259852039221 0
4.747252606646726 -1.44425985203926 0
4.836734563314818 -1.4442598520393 0
4.926216519982908 -1.444259852039339 0
5.015698476651 -1.444259852039378 0
5.10518043331909 -1.444259852039418 0
5.194662389987181 -1.444259852039457 0
5.284144346655271 -1.444259852039496 0
5.373626303323364 -1.444259852039536 0
5.463108259991454 -1.444259852039575 0
5.552590216659545 -1.444259852039614 0
5.642072173327636 -1.444259852039653 0
5.731554129995727 -1.444259852039693 0
5.821036086663818 -1.444259852039732 0
5.910518043331908 -1.444259852039771 0
0.1963784743491505 -1.682647579788275 0
0.2748249381890701 -1.68248054894328 0
0.3555086743336046 -1.681040201973289 0
0.4373251619131274 -1.678542973212711 0
0.5191416494926694 -1.675237644518762 0
0.5998253856372371 -1.671381819800333 0
0.6782718494771895 -1.667220163957192 0
0.7534312168632793 -1.662982638469652 0
0.8243336502480787 -1.658885089535342 0
0.8901163529778278 -1.655140422668004 0
0.9500412133958059 -1.651952721329704 0
1.00351421335597 -1.64951195369983 0
1.050100719779176 -1.647976916708519 0
1.089535482978376 -1.647452886839086 0
1.178816656014938 -1.64745288683913 0
1.268097829051477 -1.647452886839174 0
1.357379002087912 -1.647452886839218 0
1.446660175124524 -1.647452886839262 0
1.535941348161137 -1.647452886839307 0
1.625222521197751 -1.647452886839351 0
1.714503694234317 -1.647452886839395 0
1.803784867270711 -1.647452886839439 0
1.893066040307088 -1.647452886839484 0
1.982347213343463 -1.647452886839527 0
2.071628386379871 -1.647452886839572 0
2.160909559416464 -1.647452886839615 0
2.250190732453077 -1.64745288683966 0
2.339471905489691 -1.647452886839704 0
2.428753078526304 -1.647452886839748 0
2.518034251562918 -1.647452886839792 0
2.607315424599531 -1.647452886839836 0
2.696596597636145 -1.647452886839881 0
2.785877770672757 -1.647452886839924 0
2.875158943709374 -1.647452886839969 0
2.96444011674612 -1.647452886840013 0
3.053721289782995 -1.647452886840057 0
3.143002462819874 -1.647452886840101 0
3.232283635856753 -1.647452886840145 0
3.321564808893632 -1.64745288684019 0
3.41084598193051 -1.647452886840234 0
3.500127154967388 -1.647452886840278 0
3.589408328004269 -1.647452886840322 0
3.678689501041147 -1.647452886840366 0
3.767970674078025 -1.647452886840411 0
3.857251847114906 -1.647452886840455 0
3.946533020151784 -1.647452886840499 0
4.035814193188663 -1.647452886840543 0
4.125095366225542 -1.647452886840587 0
4.214376539262421 -1.647452886840632 0
4.3036577122993 -1.647452886840675 0
4.392938885336179 -1.64745288684072 0
4.482220058373058 -1.647452886840764 0
4.571501231409936 -1.647452886840808 0
4.660782404446816 -1.647452886840852 0
4.750063577483695 -1.647452886840896 0
4.839344750520572 -1.64745288684094 0
4.928625923557451 -1.647452886840985 0
5.01790709659433 -1.647452886841029 0
5.107188269631211 -1.647452886841072 0
5.19646944266809 -1.647452886841117 0
5.285750615704969 -1.647452886841161 0
5.375031788741847 -1.647452886841205 0
5.464312961778726 -1.647452886841249 0
5.553594134815604 -1.647452886841293 0
5.642875307852483 -1.647452886841338 0
5.732156480889364 -1.647452886841382 0
5.821437653926241 -1.647452886841426 0
5.910718826963122 -1.64745288684147 0
0.1864549887141024 -1.89280845614548 0
0.2656732303855981 -1.892656573341187 0
0.3469258459574405 -1.891346851553128 0
0.4292084836460219 -1.889076096668612 0
0.511491121334625 -1.886070528498325 0
0.5927437369065045 -1.882564388832053 0
0.6719619785780377 -1.878780153890233 0
0.7481912308360485 -1.874926929928131 0
0.8205496107778585 -1.871200988034451 0
0.8882525688472518 -1.867795925304861 0
0.9506289327927057 -1.864897316855927 0
1.007138556021365 -1.862677902637653 0
1.057386222362802 -1.86128207827388 0
1.101130737645297 -1.860805572715228 0
1.190201087869714 -1.860805572715278 0
1.27927143809411 -1.860805572715327 0
1.368341788318411 -1.860805572715376 0
1.457412138542875 -1.860805572715427 0
1.546482488767339 -1.860805572715476 0
1.635552838991803 -1.860805572715526 0
1.724623189216224 -1.860805572715576 0
1.813693539440489 -1.860805572715626 0
1.902763889664736 -1.860805572715675 0
1.991834239888985 -1.860805572715725 0
2.080904590113262 -1.860805572715774 0
2.169974940337706 -1.860805572715824 0
2.25904529056217 -1.860805572715873 0
2.348115640786634 -1.860805572715923 0
2.437185991011098 -1.860805572715972 0
2.526256341235563 -1.860805572716022 0
2.615326691460027 -1.860805572716072 0
2.704397041684491 -1.860805572716121 0
2.793467391908954 -1.860805572716171 0
2.882537742133422 -1.86080557271622 0
2.971608092358035 -1.860805572716271 0
3.060678442582796 -1.86080557271632 0
3.14974879280756 -1.86080557271637 0
3.238819143032322 -1.860805572716419 0
3.327889493257087 -1.860805572716469 0
3.416959843481849 -1.860805572716519 0
3.506030193706613 -1.860805572716568 0
3.595100543931376 -1.860805572716618 0
3.68417089415614 -1.860805572716668 0
3.773241244380904 -1.860805572716717 0
3.86231159460567 -1.860805572716767 0
3.951381944830433 -1.860805572716817 0
4.040452295055196 -1.860805572716866 0
4.129522645279961 -1.860805572716916 0
4.218592995504723 -1.860805572716965 0
4.307663345729488 -1.860805572717015 0
4.396733695954251 -1.860805572717065 0
4.485804046179014 -1.860805572717115 0
4.574874396403779 -1.860805572717164 0
4.663944746628543 -1.860805572717214 0
4.753015096853306 -1.860805572717263 0
4.84208544707807 -1.860805572717312 0
4.931155797302832 -1.860805572717362 0
5.020226147527596 -1.860805572717412 0
5.109296497752361 -1.860805572717461 0
5.198366847977127 -1.860805572717511 0
5.287437198201889 -1.860805572717561 0
5.376507548426655 -1.860805572717611 0
5.465577898651416 -1.86080557271766 0
5.55464824887618 -1.86080557271771 0
5.643718599100945 -1.860805572717759 0
5.732788949325709 -1.860805572717809 0
5.821859299550471 -1.860805572717859 0
5.910929649775235 -1.860805572717908 0
0.1760353288411392 -2.11347737539212 0
0.2560639372323795 -2.11334139803049 0
0.3379138762003815 -2.112168832682876 0
0.4206859715014148 -2.110135875367217 0
0.5034580668024724 -2.107445055745441 0
0.5853080057705162 -2.10430608538238 0
0.6653366141617981 -2.10091814238527 0
0.7426892455305985 -2.097468435023174 0
0.816576369350836 -2.094132680520506 0
0.8862955955183702 -2.091084202134043 0
0.9512460381568408 -2.088489141217661 0
1.010944115804001 -2.086502148080583 0
1.065036000043402 -2.085252496975104 0
1.113305754994312 -2.084825891942559 0
1.20215474126691 -2.084825891942606 0
1.291003727539487 -2.084825891942653 0
1.379852713811981 -2.0848258919427 0
1.468701700084619 -2.084825891942746 0
1.557550686357258 -2.084825891942793 0
1.646399672629897 -2.084825891942841 0
1.735248658902497 -2.084825891942888 0
1.824097645174958 -2.084825891942934 0
1.912946631447403 -2.084825891942982 0
2.001795617719849 -2.084825891943028 0
2.09064460399232 -2.084825891943074 0
2.179493590264942 -2.084825891943122 0
2.268342576537581 -2.084825891943168 0
2.357191562810221 -2.084825891943216 0
2.446040549082859 -2.084825891943263 0
2.534889535355498 -2.084825891943309 0
2.623738521628137 -2.084825891943356 0
2.712587507900777 -2.084825891943403 0
2.801436494173414 -2.08482589194345 0
2.890285480446056 -2.084825891943497 0
2.979134466718863 -2.084825891943544 0
3.067983452991834 -2.08482589194359 0
3.156832439264809 -2.084825891943637 0
3.245681425537783 -2.084825891943685 0
3.334530411810758 -2.084825891943731 0
3.423379398083733 -2.084825891943778 0
3.512228384356706 -2.084825891943825 0
3.601077370629682 -2.084825891943872 0
3.689926356902657 -2.084825891943919 0
3.778775343175631 -2.084825891943965 0
3.867624329448606 -2.084825891944013 0
3.95647331572158 -2.084825891944059 0
4.045322301994555 -2.084825891944106 0
4.13417128826753 -2.084825891944153 0
4.223020274540506 -2.084825891944199 0
4.31186926081348 -2.084825891944247 0
4.400718247086455 -2.084825891944293 0
4.489567233359429 -2.084825891944341 0
4.578416219632404 -2.084825891944387 0
4.667265205905379 -2.084825891944435 0
4.756114192178353 -2.084825891944481 0
4.844963178451328 -2.084825891944528 0
4.9338121647243 -2.084825891944575 0
5.022661150997278 -2.084825891944622 0
5.111510137270253 -2.084825891944669 0
5.200359123543229 -2.084825891944715 0
5.289208109816202 -2.084825891944762 0
5.378057096089178 -2.084825891944809 0
5.466906082362151 -2.084825891944856 0
5.555755068635126 -2.084825891944904 0
5.6446040549081 -2.08482589194495 0
5.733453041181075 -2.084825891944997 0
5.82230202745405 -2.084825891945044 0
5.911151013727025 -2.084825891945091 0
0.1650946859419762 -2.34517974129043 0
0.245974179391479 -2.345060464643635 0
0.3284513079273137 -2.344031913558906 0
0.4117373337229499 -2.342248643691281 0
0.4950233595186131 -2.339888310046414 0
0.5775004880544944 -2.337134867452861 0
0.6583799815040435 -2.334163030998925 0
0.7369121609426805 -2.331137016068085 0
0.8124044658400402 -2.328210958327187 0
0.8842407735169178 -2.325536893502114 0
0.9518939987910926 -2.32326055749585 0
1.014939953587634 -2.321517606494746 0
1.073068266631901 -2.320421437310925 0
1.126089523248776 -2.320047227830942 0
1.214706077371271 -2.320047227830976 0
1.303322631493749 -2.320047227831009 0
1.391939185616154 -2.320047227831041 0
1.480555739738684 -2.320047227831075 0
1.569172293861216 -2.320047227831107 0
1.657788847983748 -2.32004722783114 0
1.746405402106245 -2.320047227831173 0
1.835021956228621 -2.320047227831206 0
1.923638510350982 -2.320047227831239 0
2.012255064473345 -2.320047227831272 0
2.10087161859573 -2.320047227831304 0
2.189488172718247 -2.320047227831337 0
2.278104726840778 -2.32004722783137 0
2.36672128096331 -2.320047227831403 0
2.455337835085842 -2.320047227831436 0
2.543954389208373 -2.320047227831469 0
2.632570943330904 -2.320047227831501 0
2.721187497453437 -2.320047227831534 0
2.809804051575968 -2.320047227831567 0
2.898420605698503 -2.3200472278316 0
2.987037159821222 -2.320047227831633 0
3.075653713944122 -2.320047227831666 0
3.16427026806703 -2.320047227831699 0
3.252886822189933 -2.320047227831732 0
3.341503376312839 -2.320047227831765 0
3.430119930435744 -2.320047227831798 0
3.518736484558649 -2.320047227831831 0
3.607353038681555 -2.320047227831864 0
3.69596959280446 -2.320047227831897 0
3.784586146927365 -2.32004722783193 0
3.873202701050271 -2.320047227831961 0
3.961819255173177 -2.320047227831994 0
4.050435809296081 -2.320047227832027 0
4.139052363418987 -2.320047227832061 0
4.227668917541892 -2.320047227832093 0
4.316285471664798 -2.320047227832126 0
4.404902025787702 -2.320047227832159 0
4.493518579910609 -2.320047227832192 0
4.582135134033513 -2.320047227832225 0
4.670751688156419 -2.320047227832257 0
4.759368242279327 -2.32004722783229 0
4.84798479640223 -2.320047227832323 0
4.936601350525135 -2.320047227832357 0
5.02521790464804 -2.320047227832389 0
5.113834458770945 -2.320047227832422 0
5.202451012893851 -2.320047227832455 0
5.291067567016757 -2.320047227832488 0
5.379684121139664 -2.320047227832521 0
5.468300675262566 -2.320047227832554 0
5.556917229385472 -2.320047227832587 0
5.645533783508379 -2.32004722783262 0
5.734150337631284 -2.320047227832652 0
5.82276689175419 -2.320047227832686 0
5.911383445877094 -2.320047227832719 0
0.1536070108776648 -2.588467225911245 0
0.2353799336399132 -2.588365485015058 0
0.3185156112231297 -2.587488148906623 0
0.4023412640390475 -2.58596705085989 0
0.4861669168549948 -2.583953727491388 0
0.5693025944382627 -2.581605089056529 0
0.6510755172005628 -2.579070164473691 0
0.7308462221147047 -2.576489026596452 0
0.8080239671460049 -2.57399315045617 0
0.8820832104115998 -2.571712219871246 0
0.9525743574582516 -2.569770545021193 0
1.019135583267821 -2.568283838263314 0
1.081502146564645 -2.567348825097517 0
1.139512479939552 -2.567029630947821 0
1.22788498030401 -2.567029630947837 0
1.316257480668455 -2.567029630947856 0
1.404629981032836 -2.567029630947872 0
1.493002481397325 -2.56702963094789 0
1.581374981761816 -2.567029630947907 0
1.669747482126307 -2.567029630947924 0
1.758119982490768 -2.567029630947942 0
1.846492482855124 -2.567029630947959 0
1.93486498321947 -2.567029630947977 0
2.023237483583816 -2.567029630947994 0
2.11160998394818 -2.567029630948011 0
2.199982484312658 -2.567029630948028 0
2.288354984677148 -2.567029630948046 0
2.376727485041639 -2.567029630948064 0
2.46509998540613 -2.567029630948081 0
2.55347248577062 -2.567029630948098 0
2.64184498613511 -2.567029630948116 0
2.730217486499599 -2.567029630948133 0
2.81858998686409 -2.56702963094815 0
2.906962487228585 -2.567029630948168 0
2.995334987593282 -2.567029630948185 0
3.083707487958181 -2.567029630948203 0
3.172079988323084 -2.567029630948221 0
3.260452488687988 -2.567029630948237 0
3.34882498905289 -2.567029630948255 0
3.437197489417795 -2.567029630948272 0
3.525569989782698 -2.567029630948289 0
3.613942490147602 -2.567029630948306 0
3.702314990512504 -2.567029630948324 0
3.790687490877409 -2.567029630948341 0
3.879059991242313 -2.567029630948359 0
3.967432491607217 -2.567029630948376 0
4.055804991972119 -2.567029630948394 0
4.144177492337024 -2.567029630948411 0
4.232549992701928 -2.567029630948428 0
4.32092249306683 -2.567029630948446 0
4.409294993431733 -2.567029630948463 0
4.497667493796637 -2.56702963094848 0
4.586039994161542 -2.567029630948497 0
4.674412494526443 -2.567029630948515 0
4.762784994891348 -2.567029630948532 0
4.851157495256252 -2.56702963094855 0
4.939529995621156 -2.567029630948567 0
5.027902495986059 -2.567029630948585 0
5.116274996350962 -2.567029630948602 0
5.204647496715868 -2.56702963094862 0
5.293019997080771 -2.567029630948638 0
5.381392497445674 -2.567029630948654 0
5.469764997810579 -2.567029630948672 0
5.558137498175482 -2.567029630948688 0
5.646509998540386 -2.567029630948706 0
5.734882498905291 -2.567029630948723 0
5.823254999270191 -2.567029630948741 0
5.911627499635096 -2.567029630948758 0
0.1415449520526305 -2.843919084922089 0
0.2242559755938456 -2.843835756564051 0
0.3080831296772432 -2.843117196180822 0
0.392475390864809 -2.841871378546198 0
0.4768676520524078 -2.840222415968106 0
0.5606948061358621 -2.838298821900137 0
0.6434058296771337 -2.836222654782239 0
0.7244769863413655 -2.83410863781157 0
0.8034244435144042 -2.832064452352215 0
0.8798177691496045 -2.830196312719702 0
0.9532887340592118 -2.82860603208389 0
1.023540994434758 -2.827388381781561 0
1.090357720499536 -2.826622582434796 0
1.153606584473635 -2.826361154381934 0
1.241722828391997 -2.826361154381935 0
1.329839072310346 -2.826361154381935 0
1.417955316228644 -2.826361154381935 0
1.506071560147031 -2.826361154381936 0
1.594187804065418 -2.826361154381936 0
1.682304047983806 -2.826361154381936 0
1.770420291902169 -2.826361154381936 0
1.858536535820447 -2.826361154381936 0
1.946652779738716 -2.826361154381936 0
2.034769023656985 -2.826361154381937 0
2.122885267575269 -2.826361154381936 0
2.211001511493646 -2.826361154381936 0
2.299117755412033 -2.826361154381936 0
2.387233999330422 -2.826361154381937 0
2.475350243248808 -2.826361154381938 0
2.563466487167196 -2.826361154381938 0
2.651582731085583 -2.826361154381937 0
2.739698975003971 -2.826361154381938 0
2.827815218922358 -2.826361154381938 0
2.915931462840749 -2.826361154381938 0
3.004047706759364 -2.826361154381939 0
3.092163950678201 -2.826361154381939 0
3.180280194597045 -2.826361154381939 0
3.268396438515886 -2.826361154381939 0
3.356512682434729 -2.82636115438194 0
3.444628926353571 -2.82636115438194 0
3.532745170272413 -2.826361154381941 0
3.620861414191255 -2.826361154381941 0
3.708977658110097 -2.82636115438194 0
3.79709390202894 -2.82636115438194 0
3.885210145947783 -2.826361154381941 0
3.973326389866626 -2.826361154381941 0
4.061442633785468 -2.826361154381941 0
4.149558877704311 -2.826361154381941 0
4.237675121623152 -2.826361154381941 0
4.325791365541994 -2.826361154381941 0
4.413907609460836 -2.826361154381942 0
4.502023853379679 -2.826361154381942 0
4.590140097298521 -2.826361154381942 0
4.678256341217365 -2.826361154381943 0
4.766372585136208 -2.826361154381943 0
4.854488829055049 -2.826361154381943 0
4.94260507297389 -2.826361154381944 0
5.030721316892731 -2.826361154381944 0
5.118837560811575 -2.826361154381944 0
5.206953804730419 -2.826361154381944 0
5.29507004864926 -2.826361154381944 0
5.383186292568103 -2.826361154381944 0
5.471302536486943 -2.826361154381944 0
5.559418780405789 -2.826361154381944 0
5.647535024324632 -2.826361154381945 0
5.735651268243473 -2.826361154381945 0
5.823767512162316 -2.826361154381945 0
5.911883756081156 -2.826361154381946 0
0.1288797902857374 -3.112143536896338 0
0.2125758196449148 -3.112079541703356 0
0.2971290240535376 -3.111527695831602 0
0.3821162240313626 -3.110570922629708 0
0.4671034240092234 -3.109304538881565 0
0.5516566284179082 -3.107827241398855 0
0.6353526577771478 -3.106232769619168 0
0.7177892887790394 -3.104609229600421 0
0.7985949437009929 -3.103039319356063 0
0.8774390558243972 -3.101604610223605 0
0.9540388294902578 -3.100383293512763 0
1.028166676160265 -3.099448152488778 0
1.09965607313162 -3.098860027652002 0
1.168405394235135 -3.098659254000823 0
1.256252568885081 -3.098659254000806 0
1.344099743535019 -3.09865925400079 0
1.431946918184917 -3.098659254000773 0
1.519794092834883 -3.098659254000756 0
1.607641267484849 -3.09865925400074 0
1.695488442134815 -3.098659254000723 0
1.783335616784763 -3.098659254000706 0
1.871182791434646 -3.09865925400069 0
1.959029966084521 -3.098659254000674 0
2.046877140734396 -3.098659254000656 0
2.134724315384283 -3.09865925400064 0
2.222571490034242 -3.098659254000623 0
2.310418664684208 -3.098659254000606 0
2.398265839334174 -3.09865925400059 0
2.486113013984141 -3.098659254000573 0
2.573960188634107 -3.098659254000557 0
2.661807363284073 -3.098659254000539 0
2.749654537934039 -3.098659254000523 0
2.837501712584005 -3.098659254000505 0
2.925348887233977 -3.098659254000489 0
3.013196061884193 -3.098659254000473 0
3.101043236534651 -3.098659254000456 0
3.188890411185117 -3.098659254000439 0
3.276737585835582 -3.098659254000423 0
3.364584760486047 -3.098659254000406 0
3.452431935136512 -3.098659254000389 0
3.540279109786978 -3.098659254000372 0
3.628126284437442 -3.098659254000356 0
3.715973459087906 -3.098659254000339 0
3.803820633738371 -3.098659254000322 0
3.891667808388838 -3.098659254000306 0
3.979514983039302 -3.098659254000289 0
4.067362157689767 -3.098659254000272 0
4.155209332340234 -3.098659254000255 0
4.243056506990697 -3.098659254000239 0
4.330903681641163 -3.098659254000223 0
4.418750856291627 -3.098659254000205 0
4.506598030942094 -3.098659254000188 0
4.594445205592558 -3.098659254000173 0
4.682292380243023 -3.098659254000155 0
4.770139554893489 -3.098659254000138 0
4.857986729543953 -3.098659254000123 0
4.945833904194418 -3.098659254000105 0
5.033681078844883 -3.098659254000089 0
5.12152825349535 -3.098659254000071 0
5.209375428145814 -3.098659254000056 0
5.29722260279628 -3.098659254000039 0
5.385069777446743 -3.098659254000022 0
5.472916952097208 -3.098659254000006 0
5.560764126747674 -3.098659253999989 0
5.648611301398142 -3.098659253999972 0
5.736458476048605 -3.098659253999954 0
5.82430565069907 -3.098659253999938 0
5.912152825349535 -3.098659253999922 0
0.1155813704127751 -3.393779211844657 0
0.2003116558821912 -3.393735516475011 0
0.2856272131333162 -3.393358720840539 0
0.3712390988417456 -3.392705444293412 0
0.4568509845502143 -3.391840768317245 0
0.5421665418014072 -3.390832082249681 0
0.6268968272708912 -3.389743390575783 0
0.7107672063292357 -3.38863485135724 0
0.7935239688901499 -3.38756293008929 0
0.8749414068295969 -3.386583322982493 0
0.9548264296939009 -3.385749418393385 0
1.033023641978516 -3.385110912112053 0
1.109419343408312 -3.384709345511017 0
1.183944144505411 -3.384572258981684 0
1.271508796423146 -3.384572258981648 0
1.359073448340873 -3.38457225898161 0
1.446638100258574 -3.384572258981572 0
1.534202752176322 -3.384572258981534 0
1.621767404094069 -3.384572258981498 0
1.709332056011817 -3.384572258981461 0
1.796896707929553 -3.384572258981422 0
1.884461359847243 -3.384572258981386 0
1.972026011764928 -3.384572258981348 0
2.059590663682615 -3.384572258981311 0
2.147155315600308 -3.384572258981274 0
2.23471996751805 -3.384572258981237 0
2.322284619435798 -3.384572258981198 0
2.409849271353546 -3.384572258981161 0
2.497413923271294 -3.384572258981124 0
2.584978575189041 -3.384572258981086 0
2.672543227106788 -3.384572258981049 0
2.760107879024536 -3.384572258981012 0
2.847672530942285 -3.384572258980974 0
2.935237182860037 -3.384572258980936 0
3.022801834778058 -3.384572258980899 0
3.110366486696345 -3.384572258980862 0
3.197931138614639 -3.384572258980824 0
3.285495790532931 -3.384572258980787 0
3.373060442451222 -3.384572258980749 0
3.460625094369515 -3.384572258980712 0
3.548189746287807 -3.384572258980674 0
3.6357543982061 -3.384572258980637 0
3.723319050124393 -3.3845722589806 0
3.810883702042684 -3.384572258980563 0
3.898448353960978 -3.384572258980524 0
3.986013005879271 -3.384572258980488 0
4.073577657797563 -3.384572258980451 0
4.161142309715856 -3.384572258980414 0
4.248706961634149 -3.384572258980375 0
4.33627161355244 -3.384572258980338 0
4.423836265470733 -3.384572258980302 0
4.511400917389025 -3.384572258980263 0
4.598965569307318 -3.384572258980226 0
4.686530221225612 -3.384572258980187 0
4.774094873143904 -3.384572258980151 0
4.861659525062194 -3.384572258980114 0
4.949224176980487 -3.384572258980076 0
5.036788828898782 -3.384572258980038 0
5.124353480817074 -3.384572258980001 0
5.211918132735367 -3.384572258979964 0
5.299482784653659 -3.384572258979926 0
5.387047436571953 -3.384572258979889 0
5.474612088490244 -3.384572258979851 0
5.562176740408539 -3.384572258979814 0
5.649741392326831 -3.384572258979777 0
5.737306044245122 -3.38457225897974 0
5.824870696163414 -3.384572258979702 0
5.912435348081708 -3.384572258979664 0
0.1016180295674557 -3.689496670089603 0
0.1874342839509697 -3.689474289534454 0
0.2735503116855036 -3.689281296648871 0
0.3598181174100694 -3.688946691588793 0
0.4460859231346778 -3.688503808772588 0
0.5322019508692856 -3.687987164690204 0
0.6180182052528732 -3.687429542126606 0
0.7033940197682033 -3.686861753747479 0
0.7881994453469087 -3.686312720903984 0
0.8723188753890898 -3.685810970923429 0
0.9556534099065117 -3.685383849061543 0
1.038123456079963 -3.685056809259543 0
1.119670777183288 -3.684851128805749 0
1.200259832264423 -3.684780913754273 0
1.287527835313784 -3.684780913754242 0
1.374795838363143 -3.684780913754211 0
1.462063841412488 -3.684780913754183 0
1.549331844461857 -3.684780913754151 0
1.636599847511226 -3.684780913754122 0
1.723867850560595 -3.684780913754093 0
1.811135853609957 -3.684780913754061 0
1.898403856659297 -3.684780913754032 0
1.985671859708633 -3.684780913754001 0
2.072939862757971 -3.684780913753972 0
2.160207865807312 -3.684780913753942 0
2.247475868856678 -3.684780913753912 0
2.334743871906046 -3.684780913753881 0
2.422011874955415 -3.684780913753852 0
2.509279878004785 -3.684780913753822 0
2.596547881054153 -3.684780913753791 0
2.683815884103522 -3.68478091375376 0
2.771083887152891 -3.684780913753731 0
2.85835189020226 -3.684780913753702 0
2.945619893251634 -3.684780913753671 0
3.0328878963013 -3.684780913753641 0
3.120155899351256 -3.684780913753612 0
3.207423902401218 -3.684780913753581 0
3.29469190545118 -3.684780913753551 0
3.381959908501141 -3.68478091375352 0
3.469227911551104 -3.68478091375349 0
3.556495914601065 -3.68478091375346 0
3.643763917651027 -3.684780913753432 0
3.731031920700989 -3.6847809137534 0
3.818299923750952 -3.684780913753371 0
3.905567926800914 -3.68478091375334 0
3.992835929850874 -3.684780913753311 0
4.080103932900837 -3.68478091375328 0
4.1673719359508 -3.68478091375325 0
4.254639939000761 -3.68478091375322 0
4.341907942050723 -3.684780913753191 0
4.429175945100684 -3.68478091375316 0
4.516443948150648 -3.68478091375313 0
4.603711951200609 -3.6847809137531 0
4.690979954250572 -3.68478091375307 0
4.778247957300533 -3.68478091375304 0
4.865515960350494 -3.68478091375301 0
4.952783963400455 -3.684780913752979 0
5.040051966450418 -3.68478091375295 0
5.12731996950038 -3.684780913752919 0
5.214587972550344 -3.68478091375289 0
5.301855975600304 -3.68478091375286 0
5.389123978650266 -3.684780913752829 0
5.476391981700228 -3.6847809137528 0
5.563659984750192 -3.684780913752769 0
5.650927987800152 -3.684780913752739 0
5.738195990850113 -3.684780913752709 0
5.825463993900074 -3.684780913752679 0
5.912731996950038 -3.684780913752649 0
2 7 0 1244
3161
3162
3163
3164
3165
3166
3167
3168
3169
3170
3171
3172
3173
3174
3175
3176
3177
3178
3179
3180
3181
3182
3183
3184
3185
3186
3187
3188
3189
3190
3191
3192
3193
3194
3195
3196
3197
3198
3199
3200
3201
3202
3203
3204
3205
3206
3207
3208
3209
3210
3211
3212
3213
3214
3215
3216
3217
3218
3219
3220
3221
3222
3223
3224
3225
3226
3227
3228
3229
3230
3231
3232
3233
3234
3235
3236
3237
3238
3239
3240
3241
3242
3243
3244
3245
3246
3247
3248
3249
3250
3251
3252
3253
3254
3255
3256
3257
3258
3259
3260
3261
3262
3263
3264
3265
3266
3267
3268
3269
3270
3271
3272
3273
3274
3275
3276
3277
3278
3279
3280
3281
3282
3283
3284
3285
3286
3287
3288
3289
3290
3291
3292
3293
3294
3295
3296
3297
3298
3299
3300
3301
3302
3303
3304
3305
3306
3307
3308
3309
3310
3311
3312
3313
3314
3315
3316
3317
3318
3319
3320
3321
3322
3323
3324
3325
3326
3327
3328
3329
3330
3331
3332
3333
3334
3335
3336
3337
3338
3339
3340
3341
3342
3343
3344
3345
3346
3347
3348
3349
3350
3351
3352
3353
3354
3355
3356
3357
3358
3359
3360
3361
3362
3363
3364
3365
3366
3367
3368
3369
3370
3371
3372
3373
3374
3375
3376
3377
3378
3379
3380
3381
3382
3383
3384
3385
3386
3387
3388
3389
3390
3391
3392
3393
3394
3395
3396
3397
3398
3399
3400
3401
3402
3403
3404
3405
3406
3407
3408
3409
3410
3411
3412
3413
3414
3415
3416
3417
3418
3419
3420
3421
3422
3423
3424
3425
3426
3427
3428
3429
3430
3431
3432
3433
3434
3435
3436
3437
3438
3439
3440
3441
3442
3443
3444
3445
3446
3447
3448
3449
3450
3451
3452
3453
3454
3455
3456
3457
3458
3459
3460
3461
3462
3463
3464
3465
3466
3467
3468
3469
3470
3471
3472
3473
3474
3475
3476
3477
3478
3479
3480
3481
3482
3483
3484
3485
3486
3487
3488
3489
3490
3491
3492
3493
3494
3495
3496
3497
3498
3499
3500
3501
3502
3503
3504
3505
3506
3507
3508
3509
3510
3511
3512
3513
3514
3515
3516
3517
3518
3519
3520
3521
3522
3523
3524
3525
3526
3527
3528
3529
3530
3531
3532
3533
3534
3535
3536
3537
3538
3539
3540
3541
3542
3543
3544
3545
3546
3547
3548
3549
3550
3551
3552
3553
3554
3555
3556
3557
3558
3559
3560
3561
3562
3563
3564
3565
3566
3567
3568
3569
3570
3571
3572
3573
3574
3575
3576
3577
3578
3579
3580
3581
3582
3583
3584
3585
3586
3587
3588
3589
3590
3591
3592
3593
3594
3595
3596
3597
3598
3599
3600
3601
3602
3603
3604
3605
3606
3607
3608
3609
3610
3611
3612
3613
3614
3615
3616
3617
3618
3619
3620
3621
3622
3623
3624
3625
3626
3627
3628
3629
3630
3631
3632
3633
3634
3635
3636
3637
3638
3639
3640
3641
3642
3643
3644
3645
3646
3647
3648
3649
3650
3651
3652
3653
3654
3655
3656
3657
3658
3659
3660
3661
3662
3663
3664
3665
3666
3667
3668
3669
3670
3671
3672
3673
3674
3675
3676
3677
3678
3679
3680
3681
3682
3683
3684
3685
3686
3687
3688
3689
3690
3691
3692
3693
3694
3695
3696
3697
3698
3699
3700
3701
3702
3703
3704
3705
3706
3707
3708
3709
3710
3711
3712
3713
3714
3715
3716
3717
3718
3719
3720
3721
3722
3723
3724
3725
3726
3727
3728
3729
3730
3731
3732
3733
3734
3735
3736
3737
3738
3739
3740
3741
3742
3743
3744
3745
3746
3747
3748
3749
3750
3751
3752
3753
3754
3755
3756
3757
3758
3759
3760
3761
3762
3763
3764
3765
3766
3767
3768
3769
3770
3771
3772
3773
3774
3775
3776
3777
3778
3779
3780
3781
3782
3783
3784
3785
3786
3787
3788
3789
3790
3791
3792
3793
3794
3795
3796
3797
3798
3799
3800
3801
3802
3803
3804
3805
3806
3807
3808
3809
3810
3811
3812
3813
3814
3815
3816
3817
3818
3819
3820
3821
3822
3823
3824
3825
3826
3827
3828
3829
3830
3831
3832
3833
3834
3835
3836
3837
3838
3839
3840
3841
3842
3843
3844
3845
3846
3847
3848
3849
3850
3851
3852
3853
3854
3855
3856
3857
3858
3859
3860
3861
3862
3863
3864
3865
3866
3867
3868
3869
3870
3871
3872
3873
3874
3875
3876
3877
3878
3879
3880
3881
3882
3883
3884
3885
3886
3887
3888
3889
3890
3891
3892
3893
3894
3895
3896
3897
3898
3899
3900
3901
3902
3903
3904
3905
3906
3907
3908
3909
3910
3911
3912
3913
3914
3915
3916
3917
3918
3919
3920
3921
3922
3923
3924
3925
3926
3927
3928
3929
3930
3931
3932
3933
3934
3935
3936
3937
3938
3939
3940
3941
3942
3943
3944
3945
3946
3947
3948
3949
3950
3951
3952
3953
3954
3955
3956
3957
3958
3959
3960
3961
3962
3963
3964
3965
3966
3967
3968
3969
3970
3971
3972
3973
3974
3975
3976
3977
3978
3979
3980
3981
3982
3983
3984
3985
3986
3987
3988
3989
3990
3991
3992
3993
3994
3995
3996
3997
3998
3999
4000
4001
4002
4003
4004
4005
4006
4007
4008
4009
4010
4011
4012
4013
4014
4015
4016
4017
4018
4019
4020
4021
4022
4023
4024
4025
4026
4027
4028
4029
4030
4031
4032
4033
4034
4035
4036
4037
4038
4039
4040
4041
4042
4043
4044
4045
4046
4047
4048
4049
4050
4051
4052
4053
4054
4055
4056
4057
4058
4059
4060
4061
4062
4063
4064
4065
4066
4067
4068
4069
4070
4071
4072
4073
4074
4075
4076
4077
4078
4079
4080
4081
4082
4083
4084
4085
4086
4087
4088
4089
4090
4091
4092
4093
4094
4095
4096
4097
4098
4099
4100
4101
4102
4103
4104
4105
4106
4107
4108
4109
4110
4111
4112
4113
4114
4115
4116
4117
4118
4119
4120
4121
4122
4123
4124
4125
4126
4127
4128
4129
4130
4131
4132
4133
4134
4135
4136
4137
4138
4139
4140
4141
4142
4143
4144
4145
4146
4147
4148
4149
4150
4151
4152
4153
4154
4155
4156
4157
4158
4159
4160
4161
4162
4163
4164
4165
4166
4167
4168
4169
4170
4171
4172
4173
4174
4175
4176
4177
4178
4179
4180
4181
4182
4183
4184
4185
4186
4187
4188
4189
4190
4191
4192
4193
4194
4195
4196
4197
4198
4199
4200
4201
4202
4203
4204
4205
4206
4207
4208
4209
4210
4211
4212
4213
4214
4215
4216
4217
4218
4219
4220
4221
4222
4223
4224
4225
4226
4227
4228
4229
4230
4231
4232
4233
4234
4235
4236
4237
4238
4239
4240
4241
4242
4243
4244
4245
4246
4247
4248
4249
4250
4251
4252
4253
4254
4255
4256
4257
4258
4259
4260
4261
4262
4263
4264
4265
4266
4267
4268
4269
4270
4271
4272
4273
4274
4275
4276
4277
4278
4279
4280
4281
4282
4283
4284
4285
4286
4287
4288
4289
4290
4291
4292
4293
4294
4295
4296
4297
4298
4299
4300
4301
4302
4303
4304
4305
4306
4307
4308
4309
4310
4311
4312
4313
4314
4315
4316
4317
4318
4319
4320
4321
4322
4323
4324
4325
4326
4327
4328
4329
4330
4331
4332
4333
4334
4335
4336
4337
4338
4339
4340
4341
4342
4343
4344
4345
4346
4347
4348
4349
4350
4351
4352
4353
4354
4355
4356
4357
4358
4359
4360
4361
4362
4363
4364
4365
4366
4367
4368
4369
4370
4371
4372
4373
4374
4375
4376
4377
4378
4379
4380
4381
4382
4383
4384
4385
4386
4387
4388
4389
4390
4391
4392
4393
4394
4395
4396
4397
4398
4399
4400
4401
4402
4403
4404
4.072572663622744 4.082336516774589 0
5.87089984103779 5.974962314745741 0
3.614552526911173 4.068478325257452 0
4.434030578581103 4.071411145609901 0
3.139783588561192 4.072686260531466 0
2.77243673884204 4.06909542580961 0
4.867625852108182 4.084466252966608 0
5.902083930253128 5.302615771443357 0
2.322557970426152 4.071273725424808 0
2.428563614147703 6.921048927352445 0
5.832445232038405 6.565890631294701 0
1.938057157072029 6.32362479621546 0
1.973137056289727 4.069541651076505 0
1.510417057982875 5.803423376396804 0
5.915911582306983 4.866520426046005 0
1.647382002564161 4.059110814181913 0
1.166578829285144 5.370893091576781 0
5.247745869350082 4.080160968938798 0
1.299095889892383 4.069940703267761 0
3.053711051108011 7.700223963171358 0
0.8840661728730419 5.038077871634792 0
5.807799693904886 7.48097921609688 0
5.924231355809836 4.519956780798286 0
0.6526935991795038 4.758027618840606 0
1.008466717355773 4.085409672361031 0
0.5154909346375707 4.576482838210546 0
5.50541409641713 4.078486974711643 0
3.597664584817287 8.328772080017723 0
5.767065725406987 8.204495896916665 0
0.3957956959656121 4.446990595432719 0
0.7714965723684855 4.071366855505802 0
5.960434110668658 4.294023850809038 0
4.217262937206411 9.116206515879075 0
0.281210891229036 4.29510705005575 0
5.743387867844741 9.024848225024991 0
2.740037713900218 7.286243321506157 0
2.160610329628769 6.635279628175446 0
1.708245599509363 6.042942288084618 0
1.336507861972837 5.586729763419297 0
5.83127794876867 7.049995427226991 0
0.5180421384981406 4.07797164000826 0
5.863027540322011 6.269214343180018 0
1.012496647456655 5.191400851019595 0
0.7848517167679985 4.881647891910188 0
5.893083430395309 5.547699120021402 0
5.905466818224873 5.050606394200368 0
5.918542399246336 4.688344967119729 0
5.679414029803257 4.074024280305667 0
1.47798155375707 4.074730741371586 0
4.688892977350316 4.079872584358297 0
5.076245269533768 4.115883337954088 0
1.775810293131843 4.076449945350756 0
2.146652968152185 4.070999561966238 0
0.2145768880495333 4.202391600684193 0
2.494212283384465 4.073196472144138 0
4.287611482282959 4.081124628645233 0
3.896967266127509 4.058273612500169 0
2.903397912387268 4.063109858346765 0
3.311781135675221 4.070211180903206 0
5.738958948044894 9.542891931206755 0
5.940980597260716 4.181352244493907 0
0.1601598086453372 4.149616144045293 0
4.648635506963791 9.674274061854817 0
0.3221547531592465 4.069257909403487 0
5.70776099135923 10.21767326742023 0
0.1118631799404128 4.077805410830736 0
5.846841110138867 4.064839032549382 0
5.339441485631117 10.41944441495271 0
5.367239030099567 10.7507555348097 0
0.4143024207965885 4.09265582663319 0
0.4577557423146785 4.173118001910193 0
0.5351183978348891 4.15494274403586 0
0.4915605187763829 4.245137580254751 0
0.5639988774161713 4.227459782043699 0
0.5280334950119416 4.315622314150399 0
0.5972532856642785 4.297806502742197 0
0.5640273165250913 4.38426463646807 0
0.6311222127758628 4.367197709310719 0
0.6712854194197646 4.289087063733584 0
0.7054675351935407 4.35969691931521 0
0.7477704611708031 4.282397838263436 0
0.7837895841353715 4.354542896893416 0
0.7354577558454722 4.430135160426754 0
0.8172212224717612 4.428863030866579 0
0.862305381025316 4.343409461926691 0
0.9001215552153623 4.420480947451844 0
0.9425217527973531 4.319921650433276 0
0.9835307179437499 4.401306278744175 0
0.9366863594834931 4.504433848090305 0
1.024166761322797 4.486348471964975 0
1.102376729876115 4.462837156866645 0
1.131085001708746 4.521753633316063 0
1.182633407258056 4.452098394879868 0
1.196197714557159 4.5317951272887 0
1.199834757990287 4.609302816019325 0
1.266856653598544 4.620379083832548 0
1.299983267933844 4.552428461131538 0
1.380693383316966 4.649541539964029 0
1.393427672161317 4.503031529180364 0
1.455296744130617 4.590582549143611 0
1.529388651404886 4.668374843497311 0
1.58869310926598 4.59507740222503 0
1.603819450414354 4.739781238636208 0
1.687855439426456 4.65576239975412 0
1.752850567431148 4.769522976174872 0
1.665441064419525 4.823508496146307 0
1.807651564027875 4.870055178393822 0
1.868118494714501 4.710511015875215 0
1.909528273352242 4.83823221850899 0
2.007320291922856 4.725018661236131 0
2.022804601657629 4.828957458152544 0
1.943511491478562 4.937401866031555 0
2.046846934004455 4.932267029765085 0
2.135969579268514 4.828885891876423 0
2.160110924361736 4.93374364635845 0
2.241315042586706 4.821483699232227 0
2.274099190149416 4.925328799644674 0
2.168677129386979 5.04253537660873 0
2.305187627526105 5.065071769249357 0
2.377544440083776 4.891155826383434 0
2.428002450220962 5.004656057115904 0
2.525606101997216 4.938079351158923 0
2.58960732428914 5.047118264971947 0
2.479257507521881 5.152912473888316 0
2.667183914364613 5.149340078567461 0
2.743222204556455 5.037671747676644 0
2.835381778169343 5.095913195823575 0
2.939349167687724 5.141081489714542 0
3.005592947441568 5.022180526904789 0
3.032721989921562 5.191388465824498 0
2.985353259854659 5.268211363579441 0
3.118307494524542 5.258993240540332 0
3.193371881716708 5.153724020233607 0
3.283192695496891 5.213947496948617 0
3.330074116688556 5.137985330830173 0
3.388088241613955 5.246930160460398 0
3.350227503270339 5.360409301129893 0
3.483302657341703 5.373196452337019 0
3.505603246553303 5.263220860291049 0
3.578360060511662 5.379802594981592 0
3.617185349288675 5.299739763769894 0
3.719473401529595 5.376529878293637 0
3.649136796125966 5.482231942585133 0
3.844679499492891 5.484535777248637 0
3.883976529901739 5.330158849506246 0
3.988959127522749 5.471674808548305 0
3.910585107749397 5.63842497614307 0
4.019649019547944 5.585049578105909 0
4.073196952909727 5.460035620287828 0
3.958244061023016 5.718900254050149 0
4.124362049274112 5.526479356899653 0
4.203598722883434 5.429025122313945 0
4.312114629600766 5.489124324290088 0
4.434081271463153 5.526522827981689 0
4.489815936519213 5.401458696428344 0
4.378092727805615 5.363254951358042 0
4.522835856792081 5.319223224510798 0
4.599693173083153 5.417502213802611 0
4.607375061065767 5.309767650167579 0
2.581629337012772 5.26433956180355 0
4.37482422689949 5.666967688338671 0
4.579587893432857 5.205002821100286 0
4.702884335943541 5.188290664990308 0
4.716877713325586 5.417587508861814 0
4.656692684999109 5.075847714209506 0
4.79572073429854 5.0409594776344 0
4.701290119352142 4.937325063967839 0
4.599103525836848 4.96971305199374 0
4.837589329937498 4.962361073975064 0
4.941557558991033 5.057109442082621 0
4.918613544276598 4.9589255187263 0
5.061871160601893 5.047697806954645 0
5.028850501171586 4.941515939033282 0
4.643070708150009 4.848802094545087 0
4.550666687640401 4.874959405961724 0
2.890649568032371 4.94971261315612 0
4.983265816053915 4.842237217521297 0
5.078630838911381 4.794528414790188 0
5.162776739686864 4.899556679638488 0
5.23592982372136 4.781139127927653 0
4.605504396723613 4.786498755111773 0
4.529535002345509 4.788043857048384 0
5.153888196676515 4.718345098206544 0
5.284723395504904 4.683497173601964 0
5.211409613626316 4.632215095624465 0
5.326155017865164 4.599762656664367 0
5.316616617001994 4.943299633181818 0
4.532970280086058 4.698976586794969 0
4.423534810118434 4.700587632114825 0
4.425844624655725 4.794798061738531 0
4.314179710107402 4.704704409381084 0
4.315815088728503 4.801252996348513 0
4.20354066726466 4.708619947066243 0
4.203646592008653 4.806621382692973 0
4.090060788506507 4.712500816881794 0
4.660632939250995 4.716879797060932 0
4.101289823728043 4.613709200589538 0
3.981181792312532 4.617067434086721 0
3.971965877481844 4.716872176594112 0
3.858953244286353 4.620845234904931 0
3.854406694535427 4.72187764254835 0
3.739862057011901 4.627697861462185 0
4.543039430707343 4.60415757251269 0
4.653076507965763 4.601023322407964 0
3.737615910007428 4.72668205989603 0
3.628857252076967 4.634551612771875 0
5.2634995239837 4.550737839350547 0
5.356892562805948 4.544065075994098 0
5.399463264991434 4.620908031228217 0
5.415332033964838 4.543735439275385 0
5.147346813575616 4.565512079405156 0
5.483386033371615 4.622996290105695 0
5.496917065928145 4.541098693127153 0
3.718004821764288 4.531049440001563 0
3.608807255184062 4.543614270957836 0
3.531492635626935 4.639530301153984 0
3.509050610271587 4.558085124590471 0
3.465940936145888 4.644381232876624 0
3.425440303857071 4.592862118631935 0
3.361515681303604 4.660898284630185 0
3.280132587353689 4.607267171356518 0
4.65568603413632 4.506476441030392 0
4.749816747173277 4.503064937958676 0
5.416810027826085 4.470818151334138 0
4.555000726218045 4.509834795154735 0
2.467651565886253 4.834751281296224 0
2.22528645564782 4.730360198426613 0
5.201923082713164 4.484780018036903 0
1.914911363667968 4.602000701722691 0
1.624825909619934 4.540492812459094 0
4.514646779549444 5.670406045908399 0
4.47548312109855 5.806157369715689 0
4.618400426178042 5.798122530850106 0
4.592256139499272 5.933693352561816 0
4.740700154616742 5.921398365666704 0
4.567013874389545 6.073072943865759 0
4.417953092267036 6.079161957880483 0
4.540814314157738 6.22030788507397 0
4.370801204708672 6.225622115131642 0
4.529755778648688 6.372572941751016 0
4.32209036159146 6.420814039522203 0
4.40725106878441 6.537118838082954 0
4.201012600084023 6.601817164244269 0
4.35404337946772 6.657729379345431 0
4.699683685025982 6.351858226142575 0
4.142805518601598 6.731608011519381 0
4.238908624365834 6.875059798180843 0
4.522772085454931 6.850244960834903 0
4.339484742422883 7.07069734824864 0
4.04096029511062 6.553482866725486 0
4.012063577423518 6.731489151489344 0
3.879549874452596 6.503203606616418 0
4.555521132134393 7.039433959488457 0
4.376832692992608 7.243462430293 0
4.239066803577181 7.2502270151777 0
4.348085506992167 7.418924186643655 0
4.553549279205177 7.447194889956207 0
4.482763980104734 7.662333026391082 0
3.798795708251039 6.705720072792611 0
3.634600341542381 6.542731707225935 0
4.687933022857656 7.7229413612008 0
4.600434993238377 7.938660386607429 0
4.173570998731292 7.367756550243171 0
3.495311233469478 6.652205518019811 0
3.398001380724536 6.507865116317394 0
3.510911561980329 6.409586040170918 0
3.335800659949806 6.414376889827105 0
3.38837865588996 6.318452876060152 0
3.247725795531949 6.276218724781718 0
3.226834959507499 6.414684272200923 0
3.092421657880402 6.250093776833898 0
4.769393346535446 7.49869240968495 0
5.258812522868523 5.027638914476845 0
5.389679445128565 5.053263728472822 0
5.304690327378085 5.100338142663032 0
5.367910135564868 5.197817254197265 0
5.478746706419546 5.007669371844876 0
3.523393922551627 4.723829717830161 0
3.971087716925915 4.817638160470803 0
2.246251805964953 5.181411894400043 0
3.031641058479335 5.344294183484333 0
1.957522182038567 5.027451143934562 0
1.717942790769102 4.920628486375541 0
1.581223790614563 4.863454466299 0
1.622765293325725 4.964297790162447 0
1.516105051765801 4.985743974887195 0
1.536209767451461 5.093851848578436 0
3.142747722430664 6.107918816829162 0
2.998526138504976 6.071641336171052 0
2.939884160058191 6.208606331305796 0
2.802199604860228 6.157655851949413 0
3.816492983638131 5.734034854866869 0
3.923090852629207 5.813255149674763 0
0.9690652909512123 4.611236776434252 0
1.216173320908398 4.692634561987869 0
4.098746615321447 5.37803658680117 0
3.469053514182281 4.47020973715953 0
4.722926592009205 6.059917051754919 0
4.884685987647116 5.904047313933542 0
4.878247199529147 6.040004770567013 0
4.992292834718075 5.884584319054575 0
5.062998966453903 5.994098971857827 0
5.174536902736008 5.827161898497711 0
5.276545787025926 6.058752439215451 0
5.165542635082154 6.218182039701032 0
5.31624336555528 5.86848165677107 0
5.244807052799413 5.687643336304767 0
5.367483518408856 5.726204280055609 0
1.34381991189798 4.418723231094971 0
4.974966196216587 7.574921729105368 0
5.266341037637483 5.243773824189625 0
3.324452940053466 6.717928268635871 0
3.412387602005829 6.897524833738284 0
2.861583436046375 6.026437307941347 0
2.727017982146701 5.975244885661844 0
2.668970887940581 6.110139957944554 0
2.591624357141941 5.910180569152483 0
5.086249918322812 4.496653662619511 0
3.220276297345842 4.705138940539781 0
3.191056469037874 4.560185491623186 0
3.2286618344701 4.467334964983639 0
3.148360606623419 4.433942087418537 0
3.107715519419971 4.515203750468221 0
3.032748600078965 4.464520235928715 0
2.981700129842257 4.550076901345071 0
2.908025487300572 4.496321624784361 0
2.858643708299831 4.577738998550991 0
2.828033834763871 4.447484287675264 0
3.674771895978367 4.438010067118535 0
5.572116041065551 4.616403328687618 0
5.58380009624501 4.534004592912174 0
5.584816025352385 4.455822093718555 0
5.671275987729798 4.446511764999947 0
5.065918656116083 7.36509063946502 0
1.421467695991143 5.092610141677887 0
1.542086200740183 5.201580326006141 0
1.636076898660617 5.203873151583911 0
2.670929855534677 5.772763910960585 0
2.431823870731145 5.81075067955125 0
4.760017274312863 4.58945763920637 0
5.575461999023166 4.380550728979937 0
5.459481280216937 5.148278020638747 0
2.783472951435574 4.535366918267386 0
2.700852409369799 4.503493225001464 0
4.576014720817152 4.418704424269089 0
4.475904023568679 4.41998575236252 0
0.7563296574736338 4.501805436467634 0
4.337356165069565 4.898669207944991 0
1.159905012265298 4.369850046684435 0
2.37857993902845 5.99990403467022 0
2.263678238712266 5.814353297168805 0
5.138286061932805 4.415202198264513 0
5.022721580830444 4.43615232855725 0
4.410164926895483 7.880067603707776 0
4.528124322567434 8.092929797894593 0
4.78742701645253 8.048484011843961 0
4.616150848060798 8.293599781968501 0
5.013892441299574 8.148490911545709 0
4.932732148473693 8.494633400342765 0
5.428443453420028 5.297163103459623 0
3.30462828786051 4.754491430936993 0
5.381911130350439 6.204218914871254 0
5.281746321817534 6.30546096980583 0
5.661633235246113 4.371652019956125 0
1.403656192660581 4.991292790676246 0
2.243090592758608 5.680170038483299 0
1.53818946836804 5.308415929481112 0
1.68466884997051 5.307223097006776 0
5.55312510368893 4.70368840446955 0
5.646826353246605 4.69178854082558 0
2.171167004042258 5.810746263074074 0
2.132089347311443 5.722888962565674 0
3.528689678953903 5.151820253183582 0
3.080497633039743 4.387184201483971 0
4.965695329304009 5.171787826317494 0
3.670568215281646 5.164272176986032 0
1.620877882942565 5.445600168870935 0
4.722498082121893 6.829907424715987 0
1.319797007765853 5.088566387185504 0
1.301056233895632 5.000579374254442 0
2.877960025928567 4.359213024833488 0
4.208143084587747 6.193785420915473 0
5.553721188386347 5.252881194631385 0
2.673677134417561 4.573750611642793 0
2.609190297581616 4.484801200127021 0
2.739404256120447 4.634803726567037 0
2.643446829769755 4.391021433730398 0
2.549148607583113 4.376168814796517 0
2.506810455147813 4.466323094638111 0
2.469146963068384 4.344419231920589 0
2.382277316926432 4.430075612958615 0
2.325961529264412 4.333833333722215 0
3.723735657519079 5.869572490196785 0
3.873471779147307 5.997582349393506 0
2.200222258727701 5.550360936017927 0
5.635702542719228 4.778948302826733 0
3.842913902175572 6.886808427185585 0
2.904332616595843 5.407749960148898 0
2.978275952507307 5.499784376399308 0
4.334857840164912 5.80997778487083 0
5.610810907334778 5.152183797533043 0
2.22708073910128 4.362259575406573 0
2.242996802956102 4.449093372534906 0
2.126110468927778 4.370409847608694 0
5.457983579132232 5.393779502033493 0
5.381241977378424 5.399981654922604 0
5.457678835141778 5.88091371862848 0
1.805157682361319 5.385613733903492 0
5.494263031418636 5.749360040323163 0
5.032673019819644 4.572946469269786 0
3.193147751208225 6.937357571492318 0
3.253175204804057 7.140327697040132 0
4.360175953547143 8.299955670209773 0
5.113600750773138 6.312428759567396 0
5.17521515391847 6.396855967238709 0
5.419595963395364 6.41846469039914 0
5.266449125189343 6.525247995324641 0
5.114054139818888 6.600341705119921 0
5.210212596802828 6.752720238809181 0
5.670772821777961 4.524478431571562 0
5.648003733749859 4.298394617875723 0
5.560890230598322 4.306585188539662 0
5.735982927749793 4.289270710484687 0
4.892104295831026 5.776188132152408 0
2.574638801728701 4.297084374047164 0
2.358565764366975 4.547853086780502 0
5.070818640636708 4.352346264024519 0
5.193501036822372 4.339204217038429 0
2.824874205847562 5.533130724166602 0
5.249363313279354 8.462275080416243 0
5.091890087326072 8.80220647967394 0
4.510280957068035 4.330425249971153 0
4.413194206059247 4.322720626660103 0
4.607705177985676 4.329881876215713 0
4.372163692472419 4.413635314416094 0
4.323554961631704 4.295746605763114 0
0.898004084568925 4.244337597002336 0
3.638102597835726 5.053374200838817 0
5.748839593947094 4.362580940572645 0
5.237048832794564 7.432873760181285 0
2.033684921960538 5.79140197861569 0
2.124259608070815 5.88725716612571 0
2.130295856817101 4.45192307934645 0
2.05144856070835 4.368792095150702 0
0.5968251124880746 4.44910981596394 0
3.245676020113414 4.859719124945463 0
1.72186069526459 5.495867377456589 0
5.364826489950289 6.677241243234886 0
2.925810674309184 4.629339198738293 0
2.205360849682961 4.283608343541297 0
2.411268161779344 4.285453691786454 0
5.73311791284319 4.767423972335222 0
5.73402363245801 4.851528293853105 0
5.540935899255708 4.794379784528306 0
0.4142397327027774 4.2723527278586 0
1.253235810958601 5.084792286029909 0
1.219210351808081 5.028093305915593 0
2.663839928084156 4.301627048488716 0
3.77003581769115 4.409647495924103 0
3.7145609131516 4.32474645325421 0
3.851318111543457 4.371943977949524 0
3.796580835705485 4.291385843713972 0
3.871201753869724 4.257802331291723 0
3.666919674506346 4.248724048275365 0
4.245525655516961 4.390723753580068 0
4.184269014797164 4.305236906653281 0
4.953141110095904 4.389911440795276 0
4.876307410513203 4.357658769861691 0
5.56746250276962 5.386890229176117 0
3.548587618318953 5.044323314587116 0
5.271834734130689 8.190747719691988 0
4.851542865159123 7.235607036732083 0
3.926090522985969 6.37986540551157 0
2.92973781295361 5.591847317317725 0
3.044498273837102 5.643955967252126 0
1.897106000823015 5.46415089917565 0
1.98876583591488 5.383003519304923 0
3.923360390373002 4.332789895658824 0
3.993089388681275 4.29078570691235 0
5.741906361285055 4.682029082220613 0
1.691758133997811 4.541847989988596 0
1.666997269454791 4.448478673438797 0
1.755379138222636 4.422508478461692 0
1.705168871073274 4.323150177296944 0
1.619416295671593 4.355751996394748 0
1.7950010703813 4.298544712617586 0
5.279210892054643 6.907107605389183 0
5.065208964643799 6.829046051316409 0
3.793475709989317 5.086971350538163 0
0.6768596438682685 4.498298137085044 0
0.7685488936545281 4.577074682249298 0
3.861763787719301 5.186022956415107 0
4.923875035032104 6.682228395465557 0
3.130878437260439 6.748778762291614 0
2.976508140076128 6.939949527449802 0
2.936115547971343 6.762077740958398 0
5.419494005603006 7.463915488406193 0
1.246589673778299 4.365384795497952 0
1.143996968725336 4.289573752476604 0
1.235139155802836 4.290180966059417 0
1.13500345693124 4.216279111112859 0
4.043427717014411 5.976787596833169 0
4.995435917569933 4.304576058543226 0
4.250280542543653 4.250637608098143 0
1.310386303801919 5.177246390521787 0
1.123180840851764 4.692607181637617 0
1.153086043356348 4.780924889569116 0
1.069858949689418 4.791586828288664 0
5.632865432522665 4.225765255804514 0
5.545250629105451 4.232021882556265 0
5.475655659138987 4.314993308436545 0
5.458540162426375 4.238676613414757 0
4.652397796751747 5.666144882431755 0
0.6168487892249116 4.147131921393991 0
5.370061444620212 7.688370791020881 0
3.155683777512673 4.80671530475653 0
3.589095907063652 5.744816646917496 0
3.506622165287128 5.915568630963882 0
0.859403963684586 4.586471373369577 0
4.487753959572207 4.98862006494583 0
0.9296859757556575 4.669659133986237 0
0.8662323511210392 4.661337581276955 0
0.8779824799178042 4.734093072330287 0
4.548708237992731 4.24333362762394 0
4.642146367159678 4.24408436071908 0
4.702245389853593 4.330976850029216 0
5.582213405528922 5.901667827926094 0
5.620300099344394 5.773282529249653 0
5.549276029216491 5.991899594001891 0
1.24231922202751 4.783768223667029 0
2.009019451261781 4.435656667406356 0
2.022015758668727 4.538819283498582 0
1.930055676203759 4.352316180528857 0
2.010759574842104 4.300022120413383 0
4.112351701946744 4.420048508691951 0
2.423870668660722 5.291435002737783 0
2.499546272681743 5.370272176617237 0
2.378163837995618 5.368455480619188 0
1.540778018756154 4.398013410181202 0
1.482356374542438 4.315193299108358 0
2.15153015623846 5.143193640432781 0
2.640074749929631 4.701289803158877 0
2.696870501063795 4.796398787711253 0
1.775489028707975 5.014554080051282 0
4.734794296157474 4.246356600304897 0
4.152707503889125 4.253427393552096 0
3.395077018963779 4.794401307656163 0
2.783309047621809 4.742276971685333 0
4.691413598156014 8.762786331370163 0
4.884267772681977 9.006339776370051 0
5.24719828915873 9.025087931068889 0
5.581668576642832 7.704534572880625 0
4.867646186023656 6.185879527395918 0
3.754799100456185 4.198669886176155 0
4.024846209923421 7.264611531032492 0
3.896103506476565 7.426922970559256 0
3.735190773589921 7.280460737696624 0
3.600461131777268 7.419894499747212 0
3.747141046752372 7.583007405129873 0
3.587284771123044 7.712972635703577 0
3.695645985738874 7.85645323039533 0
2.183922549389245 5.264878648360342 0
3.420820515124958 5.739297476273334 0
3.378405438415388 5.871364065510912 0
3.284141604591414 5.723302788351771 0
3.616195181656532 6.279764209204544 0
5.070339420188342 9.25394148597227 0
5.392687648120633 4.326827031900618 0
5.370378647423801 4.247200022180736 0
5.351919290285227 4.163042487563136 0
1.460475310085084 4.75635570325638 0
1.946538461549467 5.647945346510819 0
1.832478826207596 5.766809143411305 0
3.907276958646014 5.043840379835885 0
3.96060741211892 5.148074500229228 0
4.024956920037532 5.022955929905914 0
4.07186355548532 5.12683190262817 0
5.81936043403992 4.277458922344621 0
5.720062877468658 4.217722713123495 0
2.826647340870696 6.917622087299073 0
2.757915797911322 6.78069566503166 0
4.343990915636616 4.509861260774546 0
2.88580428108122 6.579010258093609 0
2.682631398920312 6.591129792614915 0
2.299600507348667 4.730532066955066 0
3.445675343471104 7.528116361638344 0
4.187493934961752 4.205375434431642 0
3.908205808658276 7.792555289657677 0
5.302996499996218 5.56646344308823 0
5.135726672696095 5.626894090006176 0
5.197032871576544 5.509915779632342 0
5.037801009382615 5.570805294673629 0
5.085974351479454 5.455002063768826 0
4.965218979860191 5.424232526300242 0
4.931810914134381 5.544055366678212 0
5.834082019075906 4.353380267677107 0
5.842141412696266 4.433145470583171 0
1.153494343047009 5.076318526265036 0
1.090360513365924 5.001894770020806 0
0.6819087786905895 4.567546899282346 0
0.7168219446456058 4.211867278352757 0
0.7900636582993629 4.201384889331516 0
4.58004428674419 4.159974779042658 0
5.802186277720837 4.206523039206205 0
2.670402210867882 4.221593208567454 0
2.577271577843681 4.225332279692184 0
4.140602745636627 5.011816581997641 0
4.180629511396019 5.110793424335873 0
0.6767044474703706 4.652851082371693 0
1.579928084095438 5.525568175238382 0
4.031605213151809 4.347012553932457 0
5.558509896632718 5.502970065076545 0
3.716511907800935 4.970122463301348 0
3.347616432901161 4.901891956609706 0
0.5029052753388051 4.411873525293349 0
1.071326729407038 4.217658263340489 0
0.5389175739360496 4.479245573709914 0
1.916723554339741 5.261197131353478 0
5.745441053330445 4.931382714331489 0
2.742223422076354 4.222967714157146 0
5.657022812814547 4.947158475846689 0
5.684610035016358 5.023306607620342 0
3.242084258981581 5.846729855228615 0
5.502017710894629 6.863968796582382 0
2.752023033776345 5.647917597736321 0
5.478956193614243 7.060406511235255 0
2.751293937535983 4.888848599408462 0
3.071560022794344 4.750140123353902 0
3.321797735622003 5.482297082550621 0
3.417680459180382 7.824220276679422 0
0.7957127025332842 4.731917354302619 0
1.561445162536188 4.267641243059802 0
5.559585120667901 6.702127476362286 0
5.093732217401998 5.162894629070238 0
2.797780003459064 5.380620589541662 0
2.983143770404443 5.768114618004629 0
3.437386693775731 6.013487767247932 0
1.757707884788833 4.194709526826365 0
1.862037948921855 4.206309123108514 0
3.965921143514368 6.184344463321113 0
4.667177181592249 9.2127961647109 0
5.672596166914128 5.511703353786971 0
5.682174735304665 5.390970642113254 0
5.386824378702179 9.235290922088646 0
5.268358910882301 9.493993656758436 0
5.318896541680124 4.355400709298427 0
1.639368926768131 5.583136583181645 0
2.231393865596015 4.64049299995519 0
4.12223925855734 4.168351433574757 0
5.784657444463221 4.138304444403897 0
1.125335300224911 4.147520326868131 0
4.840372357598874 4.440042827714933 0
4.910164292677162 4.472606511427552 0
2.577198687783676 4.150872806281925 0
5.831224536884769 4.934025880891252 0
3.633975995042994 4.199593381816781 0
3.583931274613473 4.27112212679399 0
3.565989067514396 4.197342089364324 0
3.489039857136737 4.281408445787578 0
3.444828731223045 4.194034895335109 0
3.392209688288248 4.288256131711137 0
3.354958067559894 4.209422700436791 0
3.298658561371687 4.294313351356394 0
3.267493705665984 4.216665412352783 0
3.210422018839655 4.304261814448113 0
3.17686544053953 4.227870417866244 0
3.327598929999031 4.383985741121215 0
1.419680270142795 4.24420366151362 0
1.372789550581829 4.199197208211778 0
5.456224570566302 7.255448974535977 0
5.294203512576907 7.070044330951105 0
2.415239551857859 5.449371075633785 0
2.572234991028554 5.470254767915518 0
3.850007780792836 8.132968522880184 0
5.718708639015432 5.971324366773305 0
5.607389326918462 6.071107322908892 0
2.636793506346097 6.404822967856847 0
1.019000090868545 5.05925580025944 0
0.9500409836700379 4.991524956773627 0
2.966724267042913 7.159410047873208 0
4.144852500570411 8.091057865667739 0
3.958480119056137 8.335067728742285 0
3.942267128442941 4.218288991472956 0
1.871935701347023 4.282833509794197 0
1.943500808858817 4.20868419895401 0
0.6060308098453027 4.613136947278618 0
2.444978832822013 6.596836718715409 0
2.390826418464317 6.385830773878639 0
2.473960949325323 6.208168904882105 0
2.281024724116941 6.26091990795949 0
2.205392055466005 6.431816808220405 0
3.495990096940462 4.087005510754532 0
2.04210239861918 5.485860506057094 0
1.903426841189299 4.477738664579229 0
0.893779011865235 4.948836473067605 0
5.265087954508739 4.159006663072207 0
3.861777563687381 8.54520839516821 0
4.180575791260764 8.51885013368733 0
0.4441393245730572 4.43394116144752 0
3.99222266566129 5.250289124193581 0
4.978579248196231 5.299185393074797 0
4.846852622967511 5.297535093628646 0
0.3661922132746432 4.147952829937187 0
0.2888799570554249 4.148999734966223 0
0.3362189039042613 4.215485050162423 0
0.238683520465491 4.10042113683504 0
1.46773099650274 4.450130487441713 0
5.607333428952751 5.048616148255775 0
1.375025357275347 4.885666414020768 0
3.523720718398138 7.124798537169723 0
1.110160214659094 4.872204134732156 0
3.530264650418828 4.36600991787477 0
0.8032705521514804 4.802507101545131 0
4.170277609850288 4.088590111288569 0
4.027308228463734 8.847702121254562 0
4.292983143759259 8.727389923248817 0
2.776678539121436 4.300500130047581 0
2.862605610135964 4.223666650216399 0
2.994087731782936 4.843520586475409 0
3.081534520645369 4.910852698126773 0
2.920712051369491 4.76716793475332 0
1.730583693043485 5.665150736156499 0
1.723337255760745 5.851844556352832 0
4.915656144380816 9.985067266464487 0
3.081521766873295 6.572230405900017 0
4.302193032284179 4.183045777166478 0
4.767063570504131 7.001620122881308 0
3.741905799097439 6.404682689634805 0
0.4651479679056298 4.343846914333676 0
0.3670702125943602 4.318367079960096 0
0.3565422853301911 4.254442815443754 0
0.3912864857116783 4.196425028032563 0
5.770188716877191 6.099796069012307 0
2.054914995176335 5.230083834538111 0
5.747239336340864 5.802076830313113 0
5.768196335202972 5.660059762097709 0
4.261511539116786 5.314701100331538 0
4.296899947579985 5.208746083298327 0
4.440148813295003 5.24125338141139 0
4.409463544204386 5.1069438006808 0
4.857024770420651 6.81747248013434 0
4.711691989513106 6.669702333540339 0
4.880558353530549 6.489613364525204 0
4.526264987619551 6.677338715952271 0
3.849241875818838 4.502371162587102 0
2.28738445522997 4.259513960165747 0
2.365279735203644 4.218839574545028 0
2.491458865732043 4.244420891188468 0
2.261853647374153 4.21094692561816 0
2.19939468599091 4.213297449069185 0
2.116294132180966 4.292262269516979 0
2.114068269404392 4.21633464177193 0
2.31407671688015 5.502712517225888 0
2.150200858227797 5.431048870933067 0
2.896696571490948 7.486249437417538 0
2.95752048362466 4.41254897033257 0
3.009341746343491 4.334670896782145 0
2.934212920323229 4.282773054064617 0
2.980439806813299 4.230669793840342 0
1.253847542206489 4.889597391739295 0
1.410986359856239 4.371725648092395 0
5.035758065563899 5.756283564394084 0
3.117642170342748 7.406987767908901 0
3.161431470302224 5.690884114057825 0
3.110301183389858 5.812482871433061 0
3.838921240689768 4.202352479525298 0
3.814945668821015 4.094722916353227 0
4.669744937011322 4.161342186363204 0
1.213729475447779 4.142020567174671 0
4.759065969597428 5.788419293274761 0
4.783987018727739 5.661256090087232 0
3.577759962805379 4.938549758059524 0
3.606962619813855 4.830886462078189 0
2.578212723050204 7.099794153538735 0
5.413494595447748 5.602631056620161 0
4.881828314441309 4.868743721299385 0
4.931768803415189 4.748617429088419 0
4.832439849504766 4.778736196506101 0
4.888959516237574 4.658870593135076 0
4.791107847672087 4.898756977768953 0
4.735140255102591 4.813104381747471 0
5.018093498529364 4.704847165777251 0
5.337970801458146 4.808984299158293 0
5.446155219737994 4.91006787929711 0
5.546320505408609 4.885340833383908 0
4.089871865953996 6.108115698859812 0
4.182228686628964 5.954008503945369 0
5.778368822330068 7.953190903427209 0
5.497831377533304 4.464184268600653 0
2.285561204110508 6.752580332339474 0
4.457447018081795 4.235586000310797 0
1.829334872389644 5.971764822802258 0
1.651011291183674 4.231755223244731 0
1.869652683843875 4.136975358236042 0
1.039316381382427 4.281410934174956 0
0.9716656821080856 4.205628877628562 0
0.8561774586531224 4.178466362832576 0
0.9224763717521741 4.140731583560297 0
0.8265596085982924 4.133907168143917 0
5.749556227990622 8.75242370173879 0
5.456710047527194 8.785599706240738 0
5.095641434987009 7.883513681581961 0
1.538476581906605 5.644864119505713 0
1.820683175483534 6.176971308089562 0
1.950666431084748 6.099828216813276 0
4.215614528649977 4.610205034181586 0
2.512268130078108 4.295148770138224 0
5.119198730424714 4.272045558780317 0
5.661617418483438 4.606620972014722 0
5.751527031839302 4.597647301155113 0
5.757040980786996 4.516670350356101 0
5.838186559907933 4.596243447509668 0
3.414450546988304 5.142391739781007 0
4.374868272029176 4.214950842041914 0
4.413382718690744 4.141071345676331 0
1.604862992136886 5.917245098425651 0
4.934190345755296 6.925580848016335 0
2.561870860810762 5.678165960898938 0
1.590043213471211 4.480880160597748 0
4.969329480308685 4.625297077251425 0
2.794843235254435 5.839481593465463 0
4.435410614050983 4.605892277398556 0
5.330106110084309 4.476800909254645 0
5.690191585538875 5.276923721097607 0
5.702206907730889 5.177714185876132 0
2.122587546577638 4.729985946633496 0
3.292549627795449 6.134107426314979 0
1.250108123984461 5.476100035510374 0
1.352455463650472 5.423226884234375 0
1.280102849009393 5.295767956096678 0
5.657800766727299 7.052141542096441 0
1.071172181647421 4.381347921676596 0
5.034769530813387 4.218826700658421 0
4.943907942022643 4.185829481076096 0
3.867150388136484 4.937592808341644 0
5.614772274148143 4.15177775259383 0
4.792070955415893 4.339710279697871 0
4.824783189428544 4.255381445953638 0
4.9110999449462 4.275030493264756 0
2.325083087149987 6.149638027990727 0
1.786227524140902 5.186588955768515 0
2.213549046510624 4.144007331736736 0
5.370321092843303 4.706585948443561 0
1.086732582880026 5.275608027366973 0
1.165566509803829 5.209601187743296 0
5.166233081718179 4.198181716435197 0
5.834980828511214 6.840682152892369 0
1.807593912423224 4.540409847386342 0
3.988018409272406 4.518527664351077 0
5.820032087518269 7.263081156600724 0
5.831886821739752 4.681602970541012 0
5.792247537125522 7.713295917344235 0
5.524651981807876 8.200335622761925 0
4.560228708161981 5.538379842434228 0
5.85492080832604 6.423650083144054 0
5.718100060230196 6.386053700185077 0
4.492036337364707 4.153673808458811 0
5.753731641855693 8.477220797351439 0
2.331958314113572 4.793969042427051 0
2.412431332557027 4.745987637458863 0
1.846741887696801 4.390374565685543 0
3.555134866438823 5.611807505471107 0
0.7430572688640051 4.788824890696213 0
0.6052666872161407 4.694345919404175 0
5.257359824042688 5.408978075863782 0
5.527093964954021 4.155779599165054 0
5.898369169405047 5.422559074202678 0
5.73577614291511 9.297655584389085 0
0.3541987315011342 4.388341976512597 0
5.902777622329726 5.188370204087446 0
5.792139644070359 5.086665197497137 0
0.6909230778278105 4.071912441777643 0
5.734709376664989 9.880039961231354 0
1.224406146985002 4.21524104792537 0
5.258329254181668 4.411678942068554 0
5.498853645291871 6.592617451882412 0
5.584974047666015 6.395422376939785 0
5.624233601970608 6.530665841367333 0
4.085757545466871 6.346561597009914 0
4.673879654964588 4.418931325384067 0
5.417498152796736 4.079978787518798 0
1.524134058953973 4.528887759116587 0
4.30662011093198 6.083375444823745 0
2.737050042116707 4.412817915159348 0
5.439216803818175 4.159664195804121 0
5.330295336624995 4.080548814132823 0
5.755335911063737 4.439037783705594 0
0.6229253893371185 4.495913999194709 0
3.786025248851792 5.267791334873325 0
4.051452021229916 5.829874433549021 0
1.267291319247077 4.445296187911508 0
3.897381351084658 4.430902955471711 0
1.687191704385747 4.118796342984444 0
5.923260091710195 4.34330071498504 0
0.608320313813153 4.074190752559558 0
1.569096147644742 4.070038288090061 0
1.388752071898973 4.07313546023515 0
3.415612409926431 8.157360210890667 0
5.410581133717844 10.0113019614341 0
2.579581252634973 4.599133319391981 0
2.490768074461339 4.685544245378279 0
4.776324505586127 4.08135633859713 0
4.958923552364944 4.095525391157508 0
3.571609244527802 4.454275999016348 0
5.041856729333602 6.455079520929027 0
3.256341282317121 6.55546852327618 0
3.135464346177511 4.655421469145166 0
4.887111295199944 7.80742304975857 0
0.4686354287111096 4.518464323186403 0
2.060069756801109 4.07049307201352 0
1.308233138593682 4.362971583522535 0
4.377312440301882 4.06693766130926 0
4.512415575768749 4.076066663761155 0
2.408105237387935 4.070795635379374 0
1.786668435427954 4.636119904540112 0
4.532706644640816 5.09577725529703 0
4.57778027645193 7.241744868719571 0
3.296010916626222 5.041811265950106 0
3.969061660164291 4.092602347912522 0
0.5934066580869812 4.547952277395548 0
5.088117426484573 4.641085895489946 0
2.962161887074883 4.069912935476671 0
2.83166421473448 4.06265304099912 0
3.048971073077911 4.073979030385042 0
3.227691492124525 4.071108777389906 0
2.093815744795362 5.326898491073553 0
3.988271239763693 4.413237923466326 0
1.483193777645932 4.877541318346783 0
5.591562224062799 4.076280230936895 0
1.421326734651573 5.194038813589624 0
5.451879834784955 6.28700202075373 0
4.014639882376065 4.174243527690133 0
5.489971868319309 4.389634370314649 0
0.3165485980066091 4.338591057352711 0
4.106804725463696 4.911696280515917 0
4.788555700469134 4.684041261815798 0
4.159750248480835 7.140019509543117 0
5.176538964404082 5.031733865714307 0
3.725265991740816 5.615139586138499 0
5.933471057780939 4.120932593738924 0
0.6605012217310862 4.434961031613689 0
0.8243185794673316 4.268182345040467 0
4.829413580005038 5.17716959947159 0
2.123472919511722 4.63508503211211 0
3.461048598696076 4.924909190148279 0
4.759576916670479 4.164065127606255 0
2.239258903168805 5.947717629890906 0
2.183341791281805 6.083221266757112 0
5.452880022342907 6.013067189260761 0
1.510539224999275 5.410563082830688 0
4.974251293405944 4.514952483010562 0
0.9448803681814668 5.110868215253258 0
0.1653813753373185 4.054590038936731 0
1.09192380691967 4.582651605136875 0
1.855206446048234 4.962712748741358 0
4.687263157515655 5.53937267076506 0
4.209755122091284 5.641546066184858 0
4.051491876816359 5.697187425331059 0
2.374086582086132 5.153898509971556 0
4.762999212444895 4.423833197396112 0
3.223157893808189 5.323475839786793 0
1.85028940436422 5.086670461013996 0
2.05558704278661 5.033092934559447 0
2.466592184178484 4.561953745445802 0
2.905902793479595 5.263439908964986 0
2.552969967314985 4.769375000482274 0
3.990563867202623 5.35767912674265 0
4.45237628804444 4.511380638337249 0
3.429213082664269 4.377985702249918 0
1.819118672216146 5.567049294806317 0
3.625594350236574 4.350045664954074 0
1.552322737238542 4.788915622361683 0
5.167581126934802 4.086564248273596 0
1.301598901961385 4.683593752758372 0
0.8434367143618382 4.506798405646143 0
3.437464309431542 4.70425182668403 0
4.597824149810606 4.078950592941373 0
2.823740723055065 4.63597041853612 0
5.026591287875285 6.181112682677082 0
4.449912376865199 4.88944095119789 0
4.32706012373099 4.607767232718073 0
4.224513211108198 4.90534151539777 0
4.257274364446047 5.005587746658659 0
3.260038855821143 7.616902427909881 0
3.055484178351027 4.60323811657268 0
5.949093163053022 4.245243670828403 0
5.169910818366187 7.645032783889095 0
0.2103636051863932 4.151214698888658 0
5.700286407503091 4.145833241943397 0
3.616231403277767 6.014139348950097 0
4.992539401921041 5.655658495774368 0
5.461608555803211 4.710857353625306 0
2.630640080806953 6.251369631989471 0
0.2476332827364436 4.251811793480535 0
0.7795233000116568 4.655554781409379 0
4.019341035164412 6.952284796008481 0
1.674366914929102 5.09816225843662 0
5.914444187783931 4.958185186863139 0
0.6413925884783493 4.218690602171352 0
1.033666411624726 4.706993712241311 0
5.762996656409877 4.069366098765398 0
1.945520362391607 4.538445336603401 0
3.600783113275792 6.815418834275667 0
4.067726067501115 7.545621190563022 0
4.707402494963699 6.204045913942995 0
3.06712856321057 6.40363735029531 0
5.145590933898659 6.929047637771308 0
3.346567605144806 4.503830033396397 0
4.449824604706064 5.941904272512804 0
0.1703309351422205 4.180114940652661 0
2.612145454933813 4.865195782549129 0
3.912123370091616 5.254622532704452 0
4.268910162482873 7.619512589610647 0
3.434107278381469 5.036161536988334 0
4.719809734129714 5.30269800715844 0
2.015832599631914 4.627229644441903 0
3.732748556105764 6.144930247119347 0
5.798829145665938 5.289867941091011 0
4.489704443436618 8.565410203704396 0
4.8363564066981 5.418272100159191 0
3.234383722200982 4.38407102749952 0
4.128390074616151 5.249951857957118 0
2.790262952528491 4.959096136726962 0
0.9550038885245478 4.726446656678762 0
4.849493449459276 4.171901451034703 0
1.341475212829458 4.778472858350412 0
0.7191384670306319 4.736701740625247 0
5.445086608260852 4.807689326612854 0
5.874662584911447 5.82832078084537 0
5.920661794666398 4.604726800905559 0
5.1367290431646 5.313494425900452 0
2.773878076399678 5.255783616296742 0
5.208746899846227 5.138463074403639 0
4.091594562974355 4.811995201323116 0
4.467145695343262 8.957468643653627 0
4.229503289930985 4.509089031948136 0
3.706429112018943 4.07941325753027 0
0.08333575414027193 4.048284786314889 0
2.334343127006749 5.235210594487802 0
3.32973686808523 7.339746518376475 0
2.039758809496615 4.141615227827188 0
5.496966405380077 6.135051882834371 0
1.419099172730035 5.297841548961101 0
4.099771291939112 4.333477644680237 0
0.1386457055159596 4.113052924358227 0
2.672730903233189 4.959397061784385 0
4.373150164341949 4.999461909651555 0
5.612104908213178 7.476764042532847 0
4.419068949640747 9.383220274442115 0
5.827682976286836 4.767767094687988 0
3.131098782733263 5.484268015129818 0
3.17898532541699 4.972816528884017 0
3.057204976065101 4.153872439598659 0
4.07843879541407 4.244360077758784 0
3.46705972770603 5.487075087094561 0
5.410335769984219 4.399785541967606 0
4.243575362313084 4.053712700278384 0
0.6984333602201815 4.142213546356907 0
4.534846687892739 6.52251725069191 0
3.870663804360779 7.129119177835634 0
5.253309651745253 8.67356935920785 0
4.938870535755942 4.567850366158376 0
0.4080700100649052 4.370360938885009 0
3.991770071161063 4.921623181681572 0
3.308174190070166 5.602859539134614 0
5.670948158931847 6.852387316322181 0
0.1133597322389 4.035234198456933 0
1.962191331200004 5.526063292946539 0
3.496434607372964 4.818407143428431 0
5.76781864980575 5.0071428133279 0
5.890510171525316 4.261595482369636 0
3.483542410030874 7.302155920190509 0
0.7732390669509026 4.136881802352672 0
5.353522318184634 4.407895694066875 0
5.884199722028236 5.685155929856355 0
3.104098615173699 5.0857678768964 0
2.593668846765357 6.833895647020032 0
0.265316300181221 4.200044917460377 0
3.217909134196967 7.915324371158049 0
1.935977946948545 5.880769079544444 0
3.847504341798603 6.279639289652737 0
2.527573958315415 6.05528636781891 0
1.888194840911029 5.024711448078989 0
2.661159980126887 5.365906826525056 0
3.853211066295215 4.828192338990765 0
3.205173451826094 5.601195949170341 0
5.649316232240534 5.641134426031155 0
4.811484791961488 5.539490986176159 0
5.01260128798607 6.320683203287378 0
2.128244090607655 4.541279143014477 0
5.827397094335962 4.854183876303027 0
2.589313819489766 4.074720507632058 0
0.2914840852398634 4.233510961021369 0
5.641992312082444 4.865544925532161 0
5.489347903674783 9.710395079952928 0
4.193137219425569 5.814912104300627 0
5.545480955105237 9.016357128451604 0
5.332418926552481 5.33916016524645 0
3.136177058812162 4.333227353316205 0
5.349227325668238 5.465804934420108 0
3.624730861770828 4.728788289062834 0
4.877501790052911 9.474492656016588 0
5.124783888023993 9.750314710819135 0
4.186513847563444 7.849292711756628 0
2.242488126153369 4.544476564054261 0
2.349153788908948 4.660229739197958 0
5.446450539869956 5.492570212131313 0
5.529359156956655 5.624064510425195 0
5.550481271392445 6.259841544722183 0
5.320166873614188 7.927827932198061 0
5.841104010716228 4.515794758313741 0
1.008127249234326 4.912834497112994 0
2.946310734953332 4.158533263182282 0
2.993831528542002 4.688045815566635 0
2.738515278201797 5.458205924647424 0
4.865087585426162 6.335889232622437 0
1.08709188580752 5.133971346247726 0
3.393663268513063 4.07604016160035 0
2.684863610427318 4.073485918383692 0
5.636966506725954 7.261043359317148 0
0.8563215296698344 4.077368163079098 0
3.446348850591122 5.609297292465294 0
1.211918065490628 4.071087270186029 0
1.3005107607875 4.140290145289176 0
4.863077246227215 4.556536485044595 0
2.676284643047807 4.148648727030535 0
1.945344960233352 5.123553696306007 0
5.690551548275622 10.58816057761783 0
3.387317034547517 4.131733895221091 0
5.082229141206605 7.074250663764548 0
1.422581653053476 5.693224821700616 0
2.045233379459397 6.472745032144847 0
5.53735748809973 5.091691539726138 0
1.121300392099976 4.075774652001045 0
0.8900857714925106 4.811090911429137 0
0.9324060155973142 4.050116968033917 0
2.311566575666065 4.15409298780875 0
0.9813892627370083 4.807519305732443 0
3.173151130505507 4.383106849305099 0
5.199174483024919 4.148786639641036 0
2.460870904698409 4.161753154594225 0
5.799951798235665 11.40487817811285 0
5.869564403816803 6.123116245725804 0
1.046173819537721 4.168225866901061 0
4.315820272254667 5.94517189047343 0
1.168328562188136 4.845033915351528 0
3.326597017214381 4.138600488955909 0
4.369915037937508 8.092356885299841 0
4.81516234899461 4.498203240709979 0
2.783475535674125 4.156278867474864 0
3.562521735220332 4.049062405286296 0
3.069365296622623 4.254539931126968 0
2.122280202037701 6.267049192978417 0
0.1925707599272515 4.106203331943965 0
2.127439879512645 4.142901462919012 0
2.236603263415866 4.072237009680359 0
5.915781267269155 4.779159992379356 0
3.24369453091224 4.143523500251002 0
2.050585177496204 5.992368261616926 0
2.836137652809122 4.832305140961944 0
3.193993514570941 5.973850055796061 0
3.153599982949318 4.150211031300477 0
3.469910116570313 6.149943724617613 0
2.861414573418814 4.690984744585782 0
5.502048530357665 8.470474383554107 0
0.8302294718481189 4.967298755434731 0
0.8940828096085142 4.890285255425685 0
4.289077613983793 5.10781380179927 0
2.755835082076143 6.254347358736667 0
5.703223237935902 6.213194889688102 0
0.5583849719029169 4.634319615133847 0
3.331482571456594 5.999902929676034 0
3.05622517702856 5.938951569771502 0
5.782583468918187 5.529232603607169 0
5.572068295440242 4.972293151637746 0
1.803466317054312 4.134323614609452 0
0.05980478295953099 4.027167583220688 0
5.641042846233664 5.098788922412118 0
1.886474115868275 4.06979835264477 0
5.263604578831968 4.26083466801418 0
1.600811038659513 4.146918923326989 0
0.4068857047807217 4.483661987601791 0
2.027867438658065 4.214236732686467 0
1.310324068171815 4.209835299379037 0
5.140782228860369 7.232680361984261 0
3.585359235615049 4.127716418787318 0
3.72156721421239 6.980476552750138 0
1.719271910133068 4.043683116841994 0
2.274405174902855 5.359920025441532 0
5.662619662949676 6.673825727283864 0
1.489376643159337 4.174637506487958 0
1.165058256558971 4.95106050805334 0
1.426265230566019 5.379658093115649 0
0.2477581032846628 4.05856796933532 0
2.863905939986022 5.712071061004758 0
1.3838861438806 4.146854668225719 0
3.728705672962342 4.835342251466889 0
2.08551386776268 5.602693890777092 0
2.737175561047778 6.999092234220209 0
4.20577459908057 5.186800585235511 0
4.143529243085515 8.311974374735824 0
5.800756110331115 5.183417721491764 0
2.049888312772626 5.133045838751484 0
5.7046043729363 10.98794410950429 0
2.923710091307205 5.893732759300649 0
1.465447781484905 5.538831247506895 0
5.277205772104166 7.244920965940215 0
3.614679040357019 8.044833132327657 0
3.667807753066977 4.15155599826278 0
5.923906768707115 4.060407170761104 0
1.625547924621674 5.741981140466693 0
2.656243262817469 5.564447602548682 0
5.550672843677217 7.946859558220116 0
0.7031715244051244 4.81743534911276 0
5.551372699990393 9.515218986529472 0
2.477282542648429 5.561649509699432 0
2.440202267807584 4.633562689924231 0
5.922368973296646 4.439763734473946 0
2.364578097219858 5.634350909455584 0
4.108846413302752 4.513258279367105 0
5.874735467424834 4.194057338326771 0
4.904711919209358 5.659482860542177 0
0.3260222546505777 4.274430818157424 0
4.346328009527756 4.115079011919581 0
5.829872631709578 4.994519444970464 0
1.336344411420778 4.297615579533887 0
1.222223118142334 5.137199823385507 0
2.855627277619738 6.368840347379185 0
4.34707096692979 8.457161238955264 0
4.707325382729012 6.509813079546815 0
2.130660423645371 5.212661478829244 0
5.717764534738341 6.494243954136182 0
5.702796436681229 5.096846744227824 0
2.866323112672078 4.103576475162113 0
2.260587976823109 6.549198050902512 0
1.956111036964736 4.139442053752118 0
1.940677677525619 4.261808691789639 0
4.188403149450534 6.047149079642658 0
4.070101587389685 4.141717136401913 0
4.237782852246673 4.14233373489549 0
5.791604115180023 5.406439002959096 0
2.392345552063921 4.125955074602528 0
5.860514419581504 4.129291542061534 0
3.886790365973112 4.157692610094083 0
2 8 0 1245
4405
4406
4407
4408
4409
4410
4411
4412
4413
4414
4415
4416
4417
4418
4419
4420
4421
4422
4423
4424
4425
4426
4427
4428
4429
4430
4431
4432
4433
4434
4435
4436
4437
4438
4439
4440
4441
4442
4443
4444
4445
4446
4447
4448
4449
4450
4451
4452
4453
4454
4455
4456
4457
4458
4459
4460
4461
4462
4463
4464
4465
4466
4467
4468
4469
4470
4471
4472
4473
4474
4475
4476
4477
4478
4479
4480
4481
4482
4483
4484
4485
4486
4487
4488
4489
4490
4491
4492
4493
4494
4495
4496
4497
4498
4499
4500
4501
4502
4503
4504
4505
4506
4507
4508
4509
4510
4511
4512
4513
4514
4515
4516
4517
4518
4519
4520
4521
4522
4523
4524
4525
4526
4527
4528
4529
4530
4531
4532
4533
4534
4535
4536
4537
4538
4539
4540
4541
4542
4543
4544
4545
4546
4547
4548
4549
4550
4551
4552
4553
4554
4555
4556
4557
4558
4559
4560
4561
4562
4563
4564
4565
4566
4567
4568
4569
4570
4571
4572
4573
4574
4575
4576
4577
4578
4579
4580
4581
4582
4583
4584
4585
4586
4587
4588
4589
4590
4591
4592
4593
4594
4595
4596
4597
4598
4599
4600
4601
4602
4603
4604
4605
4606
4607
4608
4609
4610
4611
4612
4613
4614
4615
4616
4617
4618
4619
4620
4621
4622
4623
4624
4625
4626
4627
4628
4629
4630
4631
4632
4633
4634
4635
4636
4637
4638
4639
4640
4641
4642
4643
4644
4645
4646
4647
4648
4649
4650
4651
4652
4653
4654
4655
4656
4657
4658
4659
4660
4661
4662
4663
4664
4665
4666
4667
4668
4669
4670
4671
4672
4673
4674
4675
4676
4677
4678
4679
4680
4681
4682
4683
4684
4685
4686
4687
4688
4689
4690
4691
4692
4693
4694
4695
4696
4697
4698
4699
4700
4701
4702
4703
4704
4705
4706
4707
4708
4709
4710
4711
4712
4713
4714
4715
4716
4717
4718
4719
4720
4721
4722
4723
4724
4725
4726
4727
4728
4729
4730
4731
4732
4733
4734
4735
4736
4737
4738
4739
4740
4741
4742
4743
4744
4745
4746
4747
4748
4749
4750
4751
4752
4753
4754
4755
4756
4757
4758
4759
4760
4761
4762
4763
4764
4765
4766
4767
4768
4769
4770
4771
4772
4773
4774
4775
4776
4777
4778
4779
4780
4781
4782
4783
4784
4785
4786
4787
4788
4789
4790
4791
4792
4793
4794
4795
4796
4797
4798
4799
4800
4801
4802
4803
4804
4805
4806
4807
4808
4809
4810
4811
4812
4813
4814
4815
4816
4817
4818
4819
4820
4821
4822
4823
4824
4825
4826
4827
4828
4829
4830
4831
4832
4833
4834
4835
4836
4837
4838
4839
4840
4841
4842
4843
4844
4845
4846
4847
4848
4849
4850
4851
4852
4853
4854
4855
4856
4857
4858
4859
4860
4861
4862
4863
4864
4865
4866
4867
4868
4869
4870
4871
4872
4873
4874
4875
4876
4877
4878
4879
4880
4881
4882
4883
4884
4885
4886
4887
4888
4889
4890
4891
4892
4893
4894
4895
4896
4897
4898
4899
4900
4901
4902
4903
4904
4905
4906
4907
4908
4909
4910
4911
4912
4913
4914
4915
4916
4917
4918
4919
4920
4921
4922
4923
4924
4925
4926
4927
4928
4929
4930
4931
4932
4933
4934
4935
4936
4937
4938
4939
4940
4941
4942
4943
4944
4945
4946
4947
4948
4949
4950
4951
4952
4953
4954
4955
4956
4957
4958
4959
4960
4961
4962
4963
4964
4965
4966
4967
4968
4969
4970
4971
4972
4973
4974
4975
4976
4977
4978
4979
4980
4981
4982
4983
4984
4985
4986
4987
4988
4989
4990
4991
4992
4993
4994
4995
4996
4997
4998
4999
5000
5001
5002
5003
5004
5005
5006
5007
5008
5009
5010
5011
5012
5013
5014
5015
5016
5017
5018
5019
5020
5021
5022
5023
5024
5025
5026
5027
5028
5029
5030
5031
5032
5033
5034
5035
5036
5037
5038
5039
5040
5041
5042
5043
5044
5045
5046
5047
5048
5049
5050
5051
5052
5053
5054
5055
5056
5057
5058
5059
5060
5061
5062
5063
5064
5065
5066
5067
5068
5069
5070
5071
5072
5073
5074
5075
5076
5077
5078
5079
5080
5081
5082
5083
5084
5085
5086
5087
5088
5089
5090
5091
5092
5093
5094
5095
5096
5097
5098
5099
5100
5101
5102
5103
5104
5105
5106
5107
5108
5109
5110
5111
5112
5113
5114
5115
5116
5117
5118
5119
5120
5121
5122
5123
5124
5125
5126
5127
5128
5129
5130
5131
5132
5133
5134
5135
5136
5137
5138
5139
5140
5141
5142
5143
5144
5145
5146
5147
5148
5149
5150
5151
5152
5153
5154
5155
5156
5157
5158
5159
5160
5161
5162
5163
5164
5165
5166
5167
5168
5169
5170
5171
5172
5173
5174
5175
5176
5177
5178
5179
5180
5181
5182
5183
5184
5185
5186
5187
5188
5189
5190
5191
5192
5193
5194
5195
5196
5197
5198
5199
5200
5201
5202
5203
5204
5205
5206
5207
5208
5209
5210
5211
5212
5213
5214
5215
5216
5217
5218
5219
5220
5221
5222
5223
5224
5225
5226
5227
5228
5229
5230
5231
5232
5233
5234
5235
5236
5237
5238
5239
5240
5241
5242
5243
5244
5245
5246
5247
5248
5249
5250
5251
5252
5253
5254
5255
5256
5257
5258
5259
5260
5261
5262
5263
5264
5265
5266
5267
5268
5269
5270
5271
5272
5273
5274
5275
5276
5277
5278
5279
5280
5281
5282
5283
5284
5285
5286
5287
5288
5289
5290
5291
5292
5293
5294
5295
5296
5297
5298
5299
5300
5301
5302
5303
5304
5305
5306
5307
5308
5309
5310
5311
5312
5313
5314
5315
5316
5317
5318
5319
5320
5321
5322
5323
5324
5325
5326
5327
5328
5329
5330
5331
5332
5333
5334
5335
5336
5337
5338
5339
5340
5341
5342
5343
5344
5345
5346
5347
5348
5349
5350
5351
5352
5353
5354
5355
5356
5357
5358
5359
5360
5361
5362
5363
5364
5365
5366
5367
5368
5369
5370
5371
5372
5373
5374
5375
5376
5377
5378
5379
5380
5381
5382
5383
5384
5385
5386
5387
5388
5389
5390
5391
5392
5393
5394
5395
5396
5397
5398
5399
5400
5401
5402
5403
5404
5405
5406
5407
5408
5409
5410
5411
5412
5413
5414
5415
5416
5417
5418
5419
5420
5421
5422
5423
5424
5425
5426
5427
5428
5429
5430
5431
5432
5433
5434
5435
5436
5437
5438
5439
5440
5441
5442
5443
5444
5445
5446
5447
5448
5449
5450
5451
5452
5453
5454
5455
5456
5457
5458
5459
5460
5461
5462
5463
5464
5465
5466
5467
5468
5469
5470
5471
5472
5473
5474
5475
5476
5477
5478
5479
5480
5481
5482
5483
5484
5485
5486
5487
5488
5489
5490
5491
5492
5493
5494
5495
5496
5497
5498
5499
5500
5501
5502
5503
5504
5505
5506
5507
5508
5509
5510
5511
5512
5513
5514
5515
5516
5517
5518
5519
5520
5521
5522
5523
5524
5525
5526
5527
5528
5529
5530
5531
5532
5533
5534
5535
5536
5537
5538
5539
5540
5541
5542
5543
5544
5545
5546
5547
5548
5549
5550
5551
5552
5553
5554
5555
5556
5557
5558
5559
5560
5561
5562
5563
5564
5565
5566
5567
5568
5569
5570
5571
5572
5573
5574
5575
5576
5577
5578
5579
5580
5581
5582
5583
5584
5585
5586
5587
5588
5589
5590
5591
5592
5593
5594
5595
5596
5597
5598
5599
5600
5601
5602
5603
5604
5605
5606
5607
5608
5609
5610
5611
5612
5613
5614
5615
5616
5617
5618
5619
5620
5621
5622
5623
5624
5625
5626
5627
5628
5629
5630
5631
5632
5633
5634
5635
5636
5637
5638
5639
5640
5641
5642
5643
5644
5645
5646
5647
5648
5649
4.050864443923254 -4.086498699703114 0
5.869983373967263 -5.973426374597079 0
3.66302128496194 -4.070292463589858 0
4.444844063071878 -4.086115428857753 0
3.172841093352133 -4.069861875508447 0
2.737713336502047 -4.069499119308158 0
4.876612359184174 -4.084373748208016 0
5.904325745260494 -5.302744472564306 0
2.270624163773553 -4.078914647524467 0
2.426751883018152 -6.921130869155105 0
5.846738730192308 -6.602052200980947 0
1.939829992380009 -6.320994008454029 0
1.926055919653362 -4.077576662332882 0
1.510739505327099 -5.803618761131982 0
5.91584705522308 -4.865576631773671 0
1.618987296870341 -4.065192791469954 0
1.169098979125626 -5.371506660388627 0
5.217741874051613 -4.083384392493141 0
1.251488708547619 -4.070019084982574 0
3.06285416368864 -7.694204735573338 0
0.8836768741876454 -5.037170349731225 0
5.806621719857576 -7.481446782407224 0
5.930425032253758 -4.513211907730781 0
0.6522818595871774 -4.757723032817024 0
0.9721596642339314 -4.094927760223426 0
0.5157049810236419 -4.575888326021258 0
5.502745099002072 -4.084028932934928 0
3.595999927380559 -8.311768448418256 0
5.766692632590913 -8.203656230302911 0
0.3825839613387434 -4.42209388302554 0
0.7184761332118125 -4.071168158572797 0
5.961986507036797 -4.290374425650876 0
4.218156064916039 -9.115977209957991 0
0.264163586350315 -4.277771189784732 0
5.741710546491145 -9.023989183992001 0
2.732279181453467 -7.261224907290231 0
2.160610329323209 -6.635279631635888 0
1.708627496274872 -6.042596410378385 0
1.339398061458941 -5.588273966485468 0
5.823033595315466 -7.039139780873843 0
0.4736499653914975 -4.074077889725122 0
5.856689824673277 -6.271037118411594 0
1.012558596333548 -5.190175980628497 0
0.7850217224581404 -4.881796953109236 0
5.894937078457159 -5.546632888623128 0
5.906228885256989 -5.050166152881191 0
5.91984966770083 -4.685421050944799 0
5.678872371966208 -4.079550321443683 0
1.435735726486127 -4.073149264094472 0
4.719695265401791 -4.076196061323698 0
5.046183695626723 -4.082992356931031 0
1.740633413671122 -4.074766861862865 0
2.143718565169117 -4.066279901342903 0
0.1961930565592293 -4.217978470590366 0
2.466796687788326 -4.072990242625851 0
4.281500794173071 -4.079543256014906 0
3.885799277222396 -4.089491791712392 0
2.911066806325556 -4.070621244894705 0
3.345597775876701 -4.068979213738927 0
5.740531946008893 -9.541090757139731 0
5.941890834313366 -4.178555968192784 0
0.1640101982581403 -4.150596825885557 0
4.649356881397217 -9.674255221517491 0
0.3299419750535639 -4.100688693346454 0
5.707670929281591 -10.21711821695215 0
0.1120842456929814 -4.080628460712279 0
5.847995228587507 -4.065400979660477 0
5.340069590302114 -10.4178658849267 0
5.367388107388938 -10.75032813572974 0
0.3950261356822089 -4.07956905658555 0
0.431637276286329 -4.152158559244397 0
0.5076258376709735 -4.149889709632726 0
0.4476959809503998 -4.218657511941871 0
0.5354638004299326 -4.240118632457275 0
0.5064729741603615 -4.295226266097068 0
0.5967006048231395 -4.316257855023441 0
0.5404608427320615 -4.348576893103526 0
0.6353513744126569 -4.38010310053963 0
0.6654891376101998 -4.294891024398813 0
0.6981851484855264 -4.363991961947727 0
0.7411570617433951 -4.279800598555524 0
0.7728982392192137 -4.352588626230305 0
0.709019755474219 -4.430335314448674 0
0.7979470709243035 -4.44415923104456 0
0.851457952469909 -4.332899911500339 0
0.8863147864287758 -4.409191695726107 0
0.9665270069791849 -4.385610011018198 0
0.9878289756836393 -4.447941145389505 0
0.926661028659121 -4.497312271425741 0
1.010043947575505 -4.557158939625586 0
1.071993156019669 -4.478188662210725 0
1.137398936442646 -4.568746453520507 0
1.180298951219846 -4.455449828519885 0
1.213455048831278 -4.540310791664512 0
1.174885391838816 -4.624942069749906 0
1.236696038453199 -4.620918905226396 0
1.299559308198167 -4.524158404303275 0
1.322575409800498 -4.612554452907165 0
1.384056043999243 -4.495521650043662 0
1.432330979325115 -4.603910043851156 0
1.409689120260891 -4.693159550787167 0
1.532832014487325 -4.667872901610605 0
1.583285270092301 -4.587792416753567 0
1.619486329559073 -4.712200982825132 0
1.660362802895863 -4.627502201566451 0
1.695289733781969 -4.757367088817126 0
1.658274759983962 -4.813010426470431 0
1.756881460193119 -4.825767665447295 0
1.820250099316672 -4.744517616099776 0
1.889714511071841 -4.833451132868086 0
1.961964140743361 -4.75768406487819 0
2.025323400542628 -4.851695907198731 0
1.957333261302972 -4.91816139566518 0
2.064236308745545 -4.916892431152373 0
2.1306626767356 -4.792022824850764 0
2.13756312269676 -4.916407804887099 0
2.264879287102179 -4.81706415721854 0
2.245243222000559 -4.922511290827201 0
2.217727456687647 -5.026701371792485 0
2.332018777284399 -5.03607342049085 0
2.362949858252732 -4.930610391247054 0
2.452737055882756 -5.045097487397081 0
2.487038942130499 -4.938463438364758 0
2.577619521193893 -5.062579417130831 0
2.522433991445447 -5.174153510855846 0
2.635039497527071 -5.211785425853988 0
2.698662469851652 -5.099152386234705 0
2.811087534629201 -5.139709914911143 0
2.849766168112796 -5.05742690939419 0
2.921587107502762 -5.165876782027847 0
2.942662833497559 -5.056378994342146 0
3.027403113650669 -5.195300547088676 0
2.992008677526076 -5.274417797258055 0
3.125828055307653 -5.238878076180169 0
3.163472345994924 -5.157199862516247 0
3.226789034095921 -5.28649171093418 0
3.278057067020925 -5.1451132222438 0
3.403165892602432 -5.219844546912279 0
3.348843129232925 -5.362074124819333 0
3.49296074189948 -5.368060771014168 0
3.512696664496534 -5.255775054294689 0
3.582162793758921 -5.376793490412262 0
3.618884101033092 -5.295767481375387 0
3.719655487704498 -5.373698457906841 0
3.649150153098812 -5.48221024698007 0
3.844999201132811 -5.481878973304779 0
3.888791309421595 -5.322774187683521 0
4.004287639470179 -5.468883892041335 0
3.890213065531621 -5.629110252820105 0
4.028997744908332 -5.598069862266223 0
4.137785978340246 -5.456618450903437 0
3.964460728933489 -5.735242220781178 0
4.162143264900726 -5.579816231576515 0
4.25956391220399 -5.439407830446835 0
4.289829799313695 -5.554444831918883 0
4.344863424560716 -5.423430353012469 0
4.398592705422689 -5.498303130902364 0
4.482927432302094 -5.405368730397415 0
4.375047750937671 -5.303743918366331 0
4.556601759141779 -5.308816643300018 0
4.640667212574868 -5.372659004472316 0
4.674896313931509 -5.303773884771759 0
2.570508111510835 -5.314037072681983 0
4.331388692372265 -5.676637851609524 0
4.633113260102111 -5.241061745135577 0
4.722121006850765 -5.203206761817444 0
4.737489278621716 -5.401020648976976 0
4.669890956266729 -5.103671249990851 0
4.775757073037189 -5.069892660396628 0
4.714002028912575 -4.969267387283094 0
4.610406656336055 -4.999916340972331 0
4.813999771495369 -4.93565724289697 0
4.877652349352324 -5.02995742121684 0
4.965647182101808 -4.986106023604563 0
5.010932747882373 -5.052340513014595 0
5.050243834469683 -4.947458127557306 0
4.665682891455802 -4.874244616002069 0
4.561025886743971 -4.892746680332705 0
2.935393625567904 -4.939670816067801 0
4.995190359452776 -4.854474885530824 0
5.077227315267348 -4.80301031824704 0
5.135480999293976 -4.899273759087838 0
5.213113432234493 -4.825973346472736 0
4.647250877142664 -4.783577010663557 0
4.539925244865491 -4.783102985489172 0
5.148638754671911 -4.733833245423033 0
5.294290114833121 -4.733034858597411 0
5.210577523634358 -4.648859892582588 0
5.336140104107929 -4.607018447850158 0
5.285984196276153 -4.926207676716071 0
4.553922923893231 -4.677026662941914 0
4.452630146817037 -4.642290754747858 0
4.398562108174557 -4.769516758045295 0
4.29320108701962 -4.658664818540681 0
4.272402701793629 -4.841971709889199 0
4.175555504214906 -4.725056937476981 0
4.129940104945703 -4.813389773986564 0
4.036703637841038 -4.709409296980914 0
4.661937547719195 -4.690231300249106 0
4.146439516111522 -4.590256399207071 0
4.013379670975713 -4.571118552091299 0
3.925862880371635 -4.713710386455223 0
3.887377527643222 -4.614063286474574 0
3.84954811096255 -4.723412212220691 0
3.776206045330269 -4.655945734108079 0
4.588813076764175 -4.577815505855377 0
4.689042581947042 -4.593428575805071 0
3.737397997957646 -4.759801350207321 0
3.67957210153028 -4.63848988954624 0
5.263177153847673 -4.558230137286834 0
5.370580387916667 -4.522932113768666 0
5.421481277225162 -4.625068374312587 0
5.441868885248557 -4.540086064293306 0
5.145971071402336 -4.574023363513829 0
5.506265454317282 -4.626614111919938 0
5.522174593889546 -4.543257601067599 0
3.732417901824186 -4.542161933809853 0
3.641413827786582 -4.567422045522942 0
3.56173580348627 -4.60534043148251 0
3.492735212614473 -4.660489847959362 0
3.424588963765814 -4.583608113360863 0
3.360355942419103 -4.670370600687661 0
3.282406580521459 -4.606592547581192 0
3.917961946507194 -4.463559258151081 0
4.625939787272292 -4.484655465505383 0
4.719831783939958 -4.498802268985802 0
5.394682609328073 -4.47117441602653 0
4.541720477510232 -4.454118334930746 0
2.507668435006317 -4.833862760728097 0
2.185917238295576 -4.683392494980705 0
5.199503899726585 -4.492117808086575 0
1.88810300458417 -4.661828525352417 0
1.618121229435919 -4.534641873202158 0
3.384098558910969 -5.472398791663807 0
4.499618572165474 -5.621136263075071 0
4.52353200341406 -5.793248814437303 0
4.679459387109599 -5.783914951315219 0
4.562175917701307 -5.933564304291317 0
4.71604434400633 -5.920894866016197 0
4.599810349278093 -6.0704938725545 0
4.440937441239145 -6.083478297326963 0
4.451698020778944 -6.224825657644807 0
4.287987555305432 -6.233095123065985 0
4.43153989052317 -6.374817390679409 0
4.256152255787862 -6.381429992747085 0
4.391949133511433 -6.534168655545689 0
4.206288602170315 -6.540848291432722 0
4.356582545774867 -6.701373105427509 0
4.608374623969027 -6.360702031894831 0
4.162134539641576 -6.709360090118613 0
4.346035904110158 -6.87523246494391 0
4.550576629552119 -6.855689742966256 0
4.355778977428681 -7.056622295494257 0
4.033732582054787 -6.525488431592286 0
3.972254977472185 -6.694663945220564 0
3.878266364975263 -6.473121664339873 0
4.570433004015426 -7.039150485746402 0
4.356776179627615 -7.24486752685608 0
4.14873911992684 -7.24968650643557 0
4.325411251390563 -7.43997972025438 0
4.547049399006964 -7.45432315019129 0
4.479533351533062 -7.671801744102595 0
3.794590387674426 -6.636120346150091 0
3.642344853312203 -6.530433313486373 0
4.686536712558321 -7.726058002491009 0
4.600291056877953 -7.941427910430343 0
4.117229766643852 -7.426497963481325 0
3.511102264433062 -6.671797940195303 0
3.399247013045748 -6.522082812232156 0
3.517146531753498 -6.409495908615703 0
3.336468646941292 -6.423542843331589 0
3.39428047756935 -6.321979102679352 0
3.246886950713155 -6.282548533134046 0
3.216667844649553 -6.432951204968 0
3.084539184434274 -6.25259569385616 0
4.767354364304124 -7.501480018231829 0
5.200058173638881 -5.029047871333468 0
5.373114243707488 -5.047306004527338 0
5.305396086589555 -5.118613033713355 0
5.422225308771516 -5.116214859005687 0
5.391458413226495 -5.184289006536427 0
5.464185277721688 -5.005246931034806 0
3.539538722690827 -4.720343756358711 0
3.940098115555211 -4.809488648169803 0
2.289759261995846 -5.143596407141127 0
3.063561414032742 -5.356301902589713 0
2.029368833149972 -4.978010310245379 0
1.682197421332972 -4.881109075351924 0
1.587878250836004 -4.896319858466033 0
1.591080739412507 -5.003109299616702 0
1.478473808534322 -4.996742727248586 0
1.575064782593412 -5.109746529494429 0
3.147327014241778 -6.109275604437662 0
3.000810522147359 -6.072105334296016 0
2.936591145968147 -6.2013334407606 0
2.807628242750302 -6.154550351017162 0
3.811458005271227 -5.74312045076821 0
3.937263418896621 -5.868333870693329 0
0.962373716275652 -4.622773420493282 0
1.248179983495641 -4.705310959212669 0
4.125425941872364 -5.333281325141753 0
3.499004696761409 -4.518492995008697 0
4.75681188051697 -6.056803164759676 0
4.864500993709267 -5.9053976302459 0
4.915013144674282 -6.039165012559518 0
5.006379075200787 -5.875211969349952 0
5.075078143972608 -6.008612145302542 0
5.129468900975547 -5.812517734926319 0
5.257211837921293 -5.945536132523206 0
5.125178612995612 -6.150798537937253 0
5.333814602063817 -5.794266391408412 0
5.22074608481052 -5.713532291272606 0
5.390901470557662 -5.67249979888689 0
1.341085977819554 -4.414039032145387 0
4.97329787636096 -7.576659060897487 0
5.243556434793809 -5.208201676363771 0
3.310947093465595 -6.812558197719966 0
3.495262833123278 -6.999920418310086 0
2.860492696723302 -6.031759491518659 0
2.716185714224797 -6.000986005240748 0
2.676483638294257 -6.13233463809281 0
2.563101490875277 -5.982029541674678 0
5.08343058026792 -4.508966672805134 0
3.219996528704271 -4.705624880693397 0
3.199146989346684 -4.552017150661037 0
3.259364255193548 -4.456922366392835 0
3.115068196071494 -4.504578178659663 0
3.035017091705992 -4.459730246750235 0
2.982925787050343 -4.550133619708697 0
2.901887115764968 -4.499465950437061 0
2.853322901873843 -4.586211783784568 0
2.795258458427179 -4.443865470360701 0
3.679538887718363 -4.447391170829639 0
5.583282402084202 -4.63276617303962 0
5.605159247932267 -4.545900917711512 0
5.526207152324129 -4.462443641684845 0
5.611080633174311 -4.457703327640714 0
5.064204216198871 -7.366647484320469 0
1.462191521409074 -5.097034597191715 0
1.551906680173914 -5.210813599352869 0
1.636580974176554 -5.216916985614795 0
2.601684999695473 -5.84467478663426 0
2.435985692366891 -5.83110037153668 0
4.791536377502223 -4.599309559899329 0
5.60058926075174 -4.375785148002348 0
5.480987637419006 -5.228160887065349 0
2.766324641781948 -4.557712909645378 0
2.67757922417953 -4.458405065545204 0
4.580104483430232 -4.368726960905725 0
4.468963323977441 -4.404482144844148 0
0.759287741345865 -4.521742906361811 0
4.341647718163109 -4.965228617301204 0
1.153597442390172 -4.368545229147266 0
2.402396181640277 -5.966293917545549 0
2.285226753158762 -5.817201712497497 0
5.135738085905418 -4.427167548372988 0
5.014363884520175 -4.462134011638585 0
4.411219090626213 -7.888045291454325 0
4.528904960042603 -8.09552452435511 0
4.787106025575648 -8.049689434422305 0
4.616627881440361 -8.294920733451265 0
5.01293843261711 -8.149020988458366 0
4.931945687121019 -8.494863142899725 0
5.450650731877591 -5.300228293699327 0
3.297227162255438 -4.767856281079786 0
5.297932126193376 -6.122826833438462 0
5.150079005995613 -6.298473926938439 0
5.675991125069936 -4.353967891729575 0
1.376762249323122 -4.98874710210402 0
2.461014992255119 -5.701924418852938 0
2.294224885738829 -5.67074106224315 0
1.533581107150348 -5.312394712673468 0
1.669405939513549 -5.31470927202437 0
5.560408250013349 -4.696009784734259 0
5.660435819962127 -4.647636350399876 0
2.185501227169104 -5.808521593145095 0
2.147331773333907 -5.719809498926147 0
3.533512529013129 -5.145247137522817 0
5.167159544328443 -7.648411293145779 0
3.069341176115745 -4.39415355800692 0
4.965416294486597 -5.139167771970434 0
3.669257918354138 -5.155276993431332 0
1.615463202042879 -5.449341967677928 0
4.741805431267296 -6.83211527724318 0
1.359418080635667 -5.077844771866968 0
1.307721374306601 -4.98307359316144 0
2.881593271908828 -4.356291935738284 0
4.139520014260082 -6.228291928724659 0
5.588527027256681 -5.286405779646575 0
2.667874446511174 -4.543212753148567 0
2.608306129890421 -4.462482072454259 0
2.752492394884656 -4.643608332537233 0
2.658227607243933 -4.379621349066407 0
2.573861345879749 -4.410699322607637 0
2.48644930586212 -4.464655816291297 0
2.456083582532102 -4.390402212931076 0
2.37850694677963 -4.464224181305163 0
2.3798402863879 -4.384756345974599 0
3.715760271389053 -5.87650762299192 0
3.819701234321006 -6.001541513921815 0
2.223216292591823 -5.539241805640532 0
5.6142678224936 -4.749618929938733 0
3.933305775235286 -6.880703490185765 0
2.907592686739519 -5.413299275065398 0
2.975920919592575 -5.508209120751368 0
4.372260655031912 -5.810360941998045 0
5.617889426553742 -5.169851032959191 0
2.284570776071034 -4.466848742097097 0
2.280539751150993 -4.386037479565366 0
2.215506753653728 -4.470178995717808 0
2.190101292987507 -4.409155122803579 0
5.498529009336187 -5.363871455332374 0
5.420730375595525 -5.422932454087174 0
5.460652670073159 -5.842973002403981 0
1.789243827889666 -5.392081861735844 0
5.503842200409185 -5.719633385565584 0
5.031775137998983 -4.584939027281255 0
3.188886396799014 -7.036969894388122 0
3.359815260847976 -7.169351911963071 0
3.156846529384906 -4.803610975940831 0
4.362177669633306 -8.302073007518301 0
5.164787765646552 -6.453573126617946 0
1.863332628438024 -5.278416935415577 0
5.350791168678883 -6.423935821122094 0
5.374736800566016 -6.577819667620789 0
5.191254054737986 -6.615596758928481 0
5.239361527918671 -6.770696213231319 0
5.686969060822183 -4.556071156231961 0
5.647524801647499 -4.302631701849041 0
5.591532664935931 -4.304670377294761 0
5.749655444915381 -4.300057269671576 0
4.950249951162527 -5.752158401889396 0
2.63197505586329 -4.303632457685642 0
2.385185004330438 -4.545392763159279 0
5.062362251690431 -4.377294029522093 0
4.977038731481098 -4.349405951093333 0
5.197010946975276 -4.349337898089351 0
2.823338082774493 -5.522615312339002 0
5.090126758717378 -8.801528546387086 0
4.513138832348416 -4.322651869186543 0
4.40177029580946 -4.34416655798334 0
4.604305309594933 -4.30664998212907 0
4.353733130286433 -4.431083203870314 0
4.28796492319407 -4.373498428854271 0
0.93287965387289 -4.306887537822084 0
3.628869903006836 -5.046781363151057 0
5.7957148381042 -4.394979212438267 0
5.234774434991793 -7.434293433600562 0
2.039564496632209 -5.789582967415008 0
2.134245235379379 -5.883088536856477 0
2.112289463960894 -4.459862795383811 0
2.058988470281398 -4.372562683234595 0
0.5845877886614754 -4.416016322170072 0
3.232398383401922 -4.862107012128561 0
1.716193941607735 -5.499211950166199 0
5.410584715369406 -6.734061870619559 0
2.92541358861699 -4.635891202484804 0
2.388031443853754 -4.304346105014029 0
1.420453884976187 -5.301707750163932 0
5.730739049044427 -4.754024961365904 0
5.507730947959855 -4.791403459911393 0
0.4441224745177887 -4.295513798872315 0
1.275927952366266 -5.041522804448946 0
1.20780207504464 -4.987453597106055 0
2.703927534190274 -4.294128495852007 0
3.768708881330197 -4.417421535195226 0
3.712051669015849 -4.329736233980963 0
3.848919854005005 -4.375077224569384 0
3.790470219212575 -4.293024084552763 0
3.859378204775915 -4.247542201358964 0
3.660508224201359 -4.247398700506464 0
4.24336646803926 -4.451632011513905 0
4.218493776225343 -4.324872257979048 0
4.934908732441014 -4.436063469966731 0
4.885579911638937 -4.335820981110698 0
5.626188003093753 -5.379008311133877 0
3.544077131941731 -5.038182916467036 0
5.270086071695369 -8.190177614497289 0
4.852096045189836 -7.237287498064106 0
3.954864963451623 -6.322174278468849 0
2.921150382820686 -5.589482964018561 0
3.034018466978695 -5.649285400312581 0
5.248771073514876 -8.461668542611527 0
1.890397308642116 -5.462815347077846 0
1.989695410609947 -5.347143473639066 0
3.917116379462735 -4.319041211679315 0
3.975306312192536 -4.252902616233039 0
5.747308480831767 -4.660331911305597 0
1.680494414748628 -4.540236152373791 0
1.66246478087778 -4.448045456168363 0
1.750407807592661 -4.424319542222833 0
1.615317302087594 -4.352480007409966 0
1.701640833808261 -4.322368849018347 0
1.793068974366581 -4.295275342288314 0
1.55628890258383 -4.259316914337612 0
5.276753679300995 -6.919413323719125 0
5.085620419568316 -6.833949666442191 0
3.801237099329095 -5.040081364110534 0
0.6948180983128878 -4.495350368896042 0
0.7346987906834955 -4.571853235182889 0
3.873226059114911 -5.169923043030779 0
4.97206383101582 -6.684191004469231 0
3.122172507382595 -6.782711033315094 0
2.995697783149971 -6.909242040531725 0
2.900099674402066 -6.702378035153453 0
5.41696847373038 -7.465325109338299 0
1.244521506615267 -4.364221588215081 0
1.231257907275871 -4.289941345740621 0
1.138247616655889 -4.286934421646354 0
1.127596829718543 -4.214885368116886 0
4.010803725548087 -6.025843521242646 0
5.015444900459259 -4.259377207700439 0
4.257222812280575 -4.240424347515997 0
1.326190151337432 -5.172121265061085 0
1.147747802331284 -4.70174877993928 0
1.176635202150565 -4.810170784859184 0
1.059185233087779 -4.758067861791774 0
5.596828349348983 -4.236030974534057 0
5.51756766202797 -4.230111328729761 0
5.512115074414431 -4.30512961219152 0
5.442675020314347 -4.215478970404421 0
4.676612337078836 -5.644904931806002 0
0.5905520738267097 -4.147875157721318 0
5.368687367556483 -7.688653713769496 0
3.589248232131068 -5.746646652210361 0
3.517017329770509 -5.914743227743502 0
0.8957923484074004 -4.585630092962743 0
4.509686669976073 -5.03910669259092 0
0.9311923135579729 -4.667009935883838 0
0.8752736033057055 -4.656451985552853 0
0.8778534158161213 -4.729434568157139 0
4.560870542572522 -4.255015562707427 0
4.685252868553324 -4.288930541739868 0
5.581601774315969 -5.885241516236728 0
5.6232744127199 -5.758996133859558 0
5.542421948228928 -5.971161034462652 0
1.261378057514232 -4.799754459407402 0
1.980365006217973 -4.431649616066323 0
2.039589428275982 -4.522832031919069 0
1.925449360504368 -4.346020571296879 0
2.000357066779507 -4.294326507886582 0
4.17939435283805 -4.408020197534409 0
2.473300716914237 -5.2821624015816 0
2.525009579868014 -5.3812563511674 0
2.448350784913854 -5.382338299263524 0
1.53496446338034 -4.394164278591903 0
1.465839651967034 -4.292209884293375 0
2.178743893508048 -5.129595218400199 0
2.649304501408221 -4.634696847661243 0
2.642614651202295 -4.733269358790523 0
1.722372141999955 -5.007838013521005 0
4.75331531240147 -4.211487405992656 0
4.147209713557011 -4.283627454513212 0
3.376952257069465 -4.835456872793029 0
2.759521487707208 -4.729690435201857 0
4.691520915118294 -8.762475842412167 0
4.883646387694406 -9.005726642095679 0
5.244498465639971 -9.024410433871751 0
5.580697140724895 -7.7043400832048 0
4.781720383215917 -6.19620803257049 0
3.74006029488325 -4.214570960929945 0
4.002462317899646 -7.252503727689184 0
3.939407359725146 -7.377191108531211 0
3.78430020861235 -7.281848857238923 0
3.67888894978848 -7.451904686934956 0
3.853949212838118 -7.556055607791875 0
3.560883961045006 -7.623428070008501 0
3.746535593371231 -7.74981416607296 0
2.244930075057862 -5.254744861121056 0
3.42527834872409 -5.735748458049063 0
3.385677001992351 -5.871418998162892 0
3.286556204681282 -5.717354732480636 0
3.619514070716114 -6.272181768762346 0
5.068822128769485 -9.253541238197329 0
5.410740349564427 -4.301874183889844 0
5.351764336253975 -4.250699905335692 0
5.370876180068888 -4.1918405321921 0
1.472332100661867 -4.767812033732361 0
1.949312448964496 -5.646462659755322 0
1.83350465903 -5.766717204259524 0
3.958349226667391 -5.022436309649659 0
3.982782899816772 -5.131024431989884 0
4.099853002625891 -5.116653079747283 0
5.835888671219132 -4.283898581132494 0
5.761283675679391 -4.226844946573872 0
2.816275484636007 -6.89689586959332 0
2.738627905897063 -6.761188791530729 0
4.300791468795414 -4.50957339821562 0
2.807564276517332 -6.531081265954689 0
2.637372437233803 -6.583159525163286 0
2.284008363765381 -4.717194646059752 0
3.399807227677549 -7.474870036509338 0
4.176887476263746 -4.189918112658185 0
3.963944936847961 -7.83371971604634 0
5.288588140038621 -5.602580501288075 0
5.127644683633174 -5.62631944136837 0
5.190449578978916 -5.52103752534928 0
5.039883201980044 -5.564871430390917 0
5.084674737714678 -5.454346797303591 0
4.968062944133055 -5.420492590624917 0
4.940075465864561 -5.537858934789014 0
5.861927694850515 -4.362638028189179 0
1.152346233179456 -5.059345471377708 0
1.084409679024951 -4.987193610592963 0
0.6797542959217114 -4.563459960795179 0
0.7056004889255012 -4.211565191210061 0
0.7803327368528182 -4.194569767143382 0
4.621795654569255 -4.20127136878449 0
5.814726004741276 -4.211986626631092 0
2.614824910926193 -4.225065276793816 0
2.506063679596309 -4.227600792889886 0
4.083610393965348 -5.01509101562061 0
4.185693582898034 -5.114305281618873 0
0.6733279651421125 -4.649258715171646 0
1.579249282487043 -5.528445540979671 0
4.03877095309567 -4.315189212745703 0
5.565223076300271 -5.463603516210448 0
3.670619551985355 -4.97225414360007 0
3.308714531201367 -4.935504562790141 0
0.4871476501573836 -4.377949539369695 0
1.063680564150512 -4.214454258323902 0
0.5301723925863067 -4.47098585222465 0
1.927084249014054 -5.167355716290393 0
5.549802267296809 -7.944358521000367 0
5.730383626054171 -4.845465892319745 0
5.744033685349416 -4.929767904733625 0
2.738165391215179 -4.22626371742014 0
5.653444403853757 -4.945875645135525 0
5.683938458018822 -5.024551750544513 0
3.247986178692083 -5.846403465472869 0
5.443684696352579 -6.894410045965643 0
2.760040927833511 -5.593372062957124 0
5.45893002711969 -7.067684543363583 0
3.078804722108493 -4.749222919074302 0
3.227594650454662 -5.44703693822409 0
3.408998809216114 -7.772153629055712 0
0.795240436667648 -4.728271980625393 0
5.575155274250367 -6.69973595800919 0
5.100890039641524 -5.151637014300027 0
2.796709630268234 -5.385140298097896 0
2.973270197524276 -5.770383358708249 0
3.448208465693771 -6.014126504907694 0
1.75001126610738 -4.19209017927294 0
1.852683159998149 -4.199238798007756 0
3.917864367348229 -6.115490473735091 0
4.66765749063205 -9.212347244628823 0
5.684094185796904 -5.50013152721133 0
5.701654477902464 -5.387644095115946 0
5.381736748684908 -9.235759591122195 0
5.266497500333119 -9.493629688250532 0
5.324173723830277 -4.356914391374563 0
1.63848020457384 -5.585261082647771 0
2.218177853560596 -4.62345912077809 0
4.110949442410587 -4.190455266561775 0
5.791197916040634 -4.144403363502023 0
1.106017032008757 -4.148162643693018 0
4.846948383405996 -4.421322919426892 0
4.900626776703866 -4.517436692439579 0
2.591340497296702 -4.146984232194826 0
5.83075787155259 -4.932861765665635 0
3.615756999814859 -4.166974772426072 0
3.574854179043711 -4.269516194004908 0
3.528992628963302 -4.186680385713673 0
3.482014789250104 -4.286191853595922 0
3.437622768047226 -4.20227046685897 0
3.385660017409152 -4.294445288259825 0
3.345766799307573 -4.211217970356742 0
3.293700359562219 -4.288822167149393 0
3.255512053399144 -4.213816042274992 0
3.203591927082885 -4.289317403208142 0
3.166209687771878 -4.216010234272879 0
3.321837628501362 -4.366406845063806 0
1.440871481301697 -4.220732005543114 0
1.39337415495799 -4.266717039024459 0
1.38216646960283 -4.214318413430232 0
5.448855195781471 -7.257866097650973 0
5.284753518056067 -7.076504033449418 0
2.456433847433892 -5.48029395146137 0
2.56304478595051 -5.446167934856559 0
3.859478152964725 -8.115700097249393 0
5.715595217130751 -5.964607198473238 0
5.594106756058155 -6.056405421776476 0
2.719678753172176 -6.382875833340124 0
2.5605926838982 -6.416002618320243 0
1.017318093964969 -5.053614538886353 0
0.94853180304327 -4.987675369145274 0
2.886960236258617 -7.113152608059982 0
4.153520403439293 -8.096277408491344 0
3.962752146296387 -8.331308916800587 0
3.917286842618043 -4.190969665500134 0
1.87865594455687 -4.268270822118991 0
1.908604282901657 -4.192880123220068 0
0.6053651554521577 -4.610737758077938 0
2.441386304341735 -6.603786918302897 0
2.38586521806919 -6.426637539667032 0
2.525177359787879 -6.265512269866898 0
2.355672752564965 -6.263893187853456 0
2.211066540237105 -6.437530480207174 0
3.487840746506752 -4.103448971377113 0
2.050559470606655 -5.472215838265363 0
1.897599841562627 -4.488959964808081 0
0.893185893483191 -4.946868615970702 0
0.8943343716862105 -4.888007515194817 0
5.292933414795082 -4.173860422338109 0
3.863563511299017 -8.542476381823761 0
4.18250580613926 -8.519188340207609 0
0.4581725317032814 -4.447008626748358 0
4.001226365414299 -5.233265265074404 0
4.980115809075434 -5.290591224668494 0
4.853805337431758 -5.292672508036753 0
0.3730940213052663 -4.167146729125404 0
0.2844040499295798 -4.14327203230293 0
0.3309005210142315 -4.198868258210115 0
0.2317903556956857 -4.092169470907389 0
1.460327536823087 -4.446731602921014 0
5.603053166582329 -5.054317160461744 0
1.373247501899489 -4.893058308228202 0
3.640810558157194 -7.154447161623544 0
1.099320586791101 -4.845574073212568 0
3.530294071880812 -4.380114255591485 0
0.8065129930748887 -4.809023487447826 0
4.139583903989995 -4.102458852379547 0
0.3997159779105541 -4.211705984401526 0
0.3781643787696115 -4.246220188010618 0
0.3904286681785821 -4.340382971845009 0
4.028162997559813 -8.84728768320694 0
4.293968528801031 -8.727145009825781 0
2.81487566301024 -4.293620335438706 0
2.813188172760466 -4.190815615583924 0
3.029540842164842 -4.820109357777523 0
3.079477229791695 -4.90883820654803 0
2.922755395039481 -4.799669103605428 0
1.730255841773441 -5.666144160444592 0
1.723765946449014 -5.851845896243264 0
4.915869268806748 -9.984705062815634 0
5.884681333804958 -4.422340833667802 0
3.072387813521233 -6.641833393437755 0
4.282173178614718 -4.159460061590515 0
4.776322697754678 -7.003021354129425 0
3.743124011458963 -6.380798786416571 0
5.763537124734581 -6.096098127624444 0
2.030547769281275 -5.210597019477254 0
5.747721078275822 -5.796092603127994 0
5.770924812890855 -5.654873778803916 0
4.244516402604313 -5.315236780062232 0
4.314544819427125 -5.150957858026787 0
4.480501124596468 -5.211107690138207 0
4.409307218807168 -5.09304235820573 0
4.879185635247784 -6.818977063490515 0
4.7536939330868 -6.670878125400136 0
4.77488452583116 -6.504088021974043 0
3.828538938167029 -4.511489040535628 0
2.276558233257183 -4.300642077572179 0
2.394138142892059 -4.222539121467723 0
2.270576360902804 -4.201299308316289 0
2.181443266044734 -4.221915889841691 0
2.154874337386598 -4.30442982786496 0
2.065478526836532 -4.233683266072743 0
2.196652424562672 -4.128264388098862 0
2.343650491977967 -5.500857646625938 0
2.18697613566924 -5.392055339844518 0
2.944187678287205 -7.446178027228409 0
2.955105738616092 -4.412690754061215 0
3.012504084465598 -4.325482410243931 0
2.927978136139906 -4.302350898980517 0
2.986190428620208 -4.223905401935917 0
1.267524907042215 -4.908809861958748 0
1.402943718943612 -4.36839334250509 0
5.05146530865106 -5.705792132580254 0
3.160567785754602 -7.468684303447173 0
3.1564204772887 -5.690962931926173 0
3.110587686830436 -5.813704084462923 0
3.815157245585883 -4.178076523929888 0
3.785249685374849 -4.092359500692827 0
4.688114415845146 -4.157890505405183 0
1.192174759246091 -4.142795447912353 0
4.825985135971724 -5.773010899123545 0
4.814282412025456 -5.647910941920217 0
3.568588754343172 -4.932702317906436 0
3.603276010738421 -4.827637418858735 0
2.569791220289837 -7.092610680048459 0
5.439910473281274 -5.562914291064781 0
4.906061997340718 -4.896404529543272 0
4.938663411890355 -4.764406157408246 0
4.849026838951763 -4.807637833975892 0
4.896482863698476 -4.678356687546747 0
5.335481354776686 -4.822233549911777 0
4.059770914406747 -6.109137252398865 0
4.127096151096337 -5.981727932164494 0
5.77812461864796 -7.952735271909519 0
5.448101486604115 -4.467319138641395 0
5.02028857249227 -4.715469349760463 0
2.284321332057387 -6.754150482721695 0
4.449607525981367 -4.262680025855236 0
4.330489529116005 -4.287501146796939 0
4.376089027005384 -4.186443438831119 0
1.830602233437519 -5.970768767523871 0
1.645458212380046 -4.228602156609495 0
1.844623630645586 -4.135949940809485 0
1.031148258197749 -4.274355999798885 0
0.9663734755672593 -4.200837729412975 0
5.74841013299649 -8.751668108839857 0
5.454548861272847 -8.784812058961393 0
4.970600074403986 -6.485868814993963 0
5.09448799205289 -7.883967247205744 0
1.539680422472549 -5.646613211058183 0
1.821993352743335 -6.174590999393123 0
1.954578697214796 -6.094207352108009 0
4.235975514381489 -4.566288334397442 0
2.510650748990191 -4.329144132342285 0
5.124771509014575 -4.274191025662589 0
5.7666887857699 -4.570204413971965 0
5.835672917390455 -4.671160981009804 0
5.845080547103239 -4.582682974781063 0
5.828064296807546 -4.76118106639123 0
4.726175630076709 -4.784211040272789 0
4.762127546459912 -4.847156153764365 0
4.783546320597273 -4.713295658767933 0
3.447678955517086 -5.136842779996581 0
1.605127403024113 -5.917179132914193 0
4.947521166261605 -6.927504302763651 0
4.973009428037336 -4.640620855124391 0
1.584726028274736 -4.477954562169935 0
5.037993566466537 -4.169713262198394 0
5.126635884888723 -4.168499148390484 0
4.949940638355304 -4.169393430536275 0
4.922532696666615 -4.252532174005703 0
4.866887576530304 -4.164740523301815 0
5.204571633193844 -4.232643923206124 0
4.793937833736783 -4.078195441663472 0
2.762185389557132 -5.865540797793687 0
4.500365355940911 -4.542720347079099 0
5.409691698915118 -4.717724969781853 0
5.312401718193668 -4.480506062019003 0
5.707351501561502 -5.283412033186173 0
5.710547712242939 -5.185406506580652 0
2.037765567460697 -4.684982030051767 0
3.300276597115124 -6.13593603362491 0
1.253639232988071 -5.477402743973055 0
1.356608721864255 -5.425533375220486 0
1.285354040366524 -5.295762136629242 0
5.63771427046114 -7.049796498837595 0
1.056691940014101 -4.374919338896727 0
3.823731954614851 -4.898283247609147 0
5.669900553023947 -4.25508321306748 0
5.600885360941827 -4.161710806681571 0
4.832959971894794 -4.238724245314716 0
2.36789597655023 -6.108444997663993 0
1.766484098829886 -5.204064970979839 0
1.087849013462818 -5.27494689648949 0
1.168959230295042 -5.205316685985949 0
5.827104037014605 -6.774234395991412 0
1.792434491314383 -4.557015901645119 0
4.066668820788642 -4.454250316448827 0
5.816058525971629 -7.261667122019702 0
5.791757235856375 -7.71334848758482 0
5.523814027462839 -8.199625848209319 0
4.584997178701875 -5.475945446955859 0
5.848780829318636 -6.436597824917185 0
5.695524490949812 -6.559443114505395 0
4.497190685780724 -4.192815290696862 0
5.753018144162558 -8.476671466966772 0
2.383235569642296 -4.827421531150996 0
2.395515361868465 -4.725880441584219 0
1.840827770687205 -4.390468680591759 0
3.558406294209788 -5.610069346598751 0
0.7434193179599888 -4.789485282367109 0
0.6045558611293397 -4.693451542844745 0
5.258315320655534 -5.412013775684179 0
5.900986171970552 -5.422020561994368 0
5.518029401006198 -4.159233847896787 0
5.459638267622496 -4.162770532392385 0
5.407092257412836 -4.106609735093605 0
5.734437556943056 -9.296943165697027 0
0.3435973417844017 -4.370901718320299 0
5.427997755037513 -4.907376090959373 0
5.530548379213478 -4.881430369679363 0
5.904399395551462 -5.188693978043565 0
5.794010747947869 -5.088010726990965 0
0.7935989729081345 -4.070126756739196 0
0.8719926546182667 -4.075901450820038 0
0.8569400900052143 -4.154964121425832 0
0.6391513372360731 -4.072941822778087 0
5.734590841647925 -9.879307102798958 0
5.410242953530901 -10.01062698429241 0
1.21518095980427 -4.215963790978333 0
5.257760455096394 -4.418633357654294 0
5.542300308873378 -6.555946519582697 0
4.096531324557695 -6.365161017654801 0
4.661610149945317 -4.391672797221256 0
4.791619474661395 -4.319247008151314 0
1.516473553477898 -4.527491867901522 0
4.285447677750869 -6.095154645107517 0
2.740552402831615 -4.347252677185276 0
5.588266156344692 -4.081632767744487 0
5.713030411750436 -4.452822599395252 0
5.777403010828266 -4.504167671988069 0
0.63440632113425 -4.466473119444943 0
3.789368701670304 -5.257502041546553 0
4.092532463432043 -5.852287729811418 0
1.266687245380937 -4.440149132970026 0
2.584326984312869 -6.829390655826526 0
1.668592906304503 -4.118027371405711 0
5.932537968093449 -4.342344916898689 0
0.5563507298771584 -4.073575404371328 0
1.528658623567554 -4.069479799144905 0
1.341455151107232 -4.07242698244155 0
3.394996906271082 -8.091908061958295 0
2.516862947752243 -4.728614184515561 0
2.518248038082481 -4.608744777720874 0
4.95769374127063 -4.084113217407347 0
5.525165819654798 -6.402959914806567 0
5.690133032715846 -6.404476985814535 0
3.586431952388344 -4.476784253996882 0
3.24732102837417 -6.59354815118141 0
3.139462620910201 -4.652486395005618 0
5.498966845982832 -6.246853795168663 0
4.886021298376776 -7.808857595926629 0
0.4696608284462085 -4.519480046596443 0
2.038595617027763 -4.09888138498246 0
1.305341272192915 -4.361504812563 0
4.361185865957546 -4.083615287676843 0
4.546632708841797 -4.111991674562296 0
2.372910519166707 -4.073850454881309 0
3.978972984298707 -4.109798810960203 0
1.741245920892279 -4.67506568223252 0
4.573273535667499 -5.148602781812008 0
4.575976981385248 -7.24416575731941 0
3.217501880935834 -5.01118869988275 0
0.5938896856100166 -4.540005961545631 0
5.087201639887979 -4.651975210429445 0
2.998117343073371 -4.070842746007121 0
2.824281478469907 -4.069895748791894 0
3.085379668324423 -4.070541808635204 0
3.259972931071309 -4.068694098989357 0
2.104508252763383 -5.320845087270493 0
3.985902961625212 -4.391011184040035 0
1.478769792892916 -4.8917360420847 0
1.438756468610607 -5.197319880200102 0
4.029202518204507 -4.189181245153494 0
5.517896112160527 -4.38374275147557 0
0.3035485090657423 -4.322021107325686 0
3.468260360149925 -4.893486749433915 0
4.063073503343404 -4.910644353635672 0
4.143271113630768 -7.071712486266674 0
5.082759337307207 -5.043814164891411 0
3.722684509246402 -5.615868557762624 0
5.934470181996379 -4.120523282027939 0
4.827449840144666 -5.177526719722499 0
0.6593398948003563 -4.424974607202244 0
0.8169836161504901 -4.25906654389726 0
2.106311878321951 -4.612184943584995 0
2.255830256190819 -5.937211378112901 0
2.203713197539261 -6.067469904979607 0
5.438485045305681 -5.966475669196989 0
4.704592439232322 -5.51367858293885 0
1.509008945432042 -5.414248593771101 0
4.971849132703165 -4.539718961488415 0
0.9444312520262801 -5.10910689439042 0
1.074636598103007 -4.623846723128373 0
1.81858297830074 -4.915660576502811 0
4.194234709842346 -5.703184094466939 0
4.06349783670531 -5.72347894078159 0
2.40637708066537 -5.156783069125303 0
3.178736511675215 -5.367354398834573 0
1.831284193570245 -5.097924655708633 0
4.559704975263912 -6.685763262040403 0
2.115166149749504 -5.00952991912131 0
2.904170696199305 -5.277524356242949 0
4.003490864440073 -5.342658049813947 0
4.422263865390059 -4.49070319397543 0
3.415582886027885 -4.408317960917969 0
1.81641357630257 -5.568168742374517 0
3.624669214973166 -4.356688982965557 0
1.589138373880689 -4.79861377287778 0
1.339145809194019 -4.700386308713398 0
0.8494225950577938 -4.500832381776226 0
3.434174571640165 -4.739207477658902 0
4.64218014130072 -4.085347839399818 0
2.820359776375654 -4.643641550768868 0
5.130604593400242 -4.083153386681484 0
4.948593459406526 -6.176784590550605 0
4.452721304607116 -4.920414127043 0
0.8244814618174504 -4.554965911293692 0
4.36813207451866 -4.577523131704988 0
4.169700667365531 -4.890892218251818 0
4.219991138192432 -5.027090357994206 0
3.254317798700316 -7.598385160650354 0
3.059703649796973 -4.60089776571064 0
5.950063764876813 -4.238970428572144 0
3.615221652254625 -6.013874131001016 0
5.006024495442086 -5.638249502430736 0
5.498884035063795 -4.707455179823498 0
2.67415456223801 -6.255670845423318 0
0.2249744169854282 -4.239637714053853 0
5.702342136899598 -4.175297412474865 0
0.7741263999966055 -4.636954137331051 0
4.143656000637503 -6.886847401796985 0
1.676169562975225 -5.139905273432792 0
5.914446289453721 -4.957643991899662 0
3.066515119086541 -7.224460128893925 0
0.626177332651268 -4.222810762397866 0
1.014637477370846 -4.680663301780472 0
5.764523698216093 -4.073421669647209 0
1.963827165743186 -4.588801574356535 0
4.583567868850107 -6.520568693950406 0
3.692951883299508 -6.851753205249053 0
4.050637165828617 -7.614790357595838 0
4.6119538187838 -6.212702833044926 0
3.005994253526856 -6.434397626254499 0
5.152636726690286 -6.935390639599615 0
3.345678744078492 -4.516108338260019 0
4.408448859905901 -5.947377160333018 0
0.1911291339258603 -4.1866966259282 0
2.638765299223539 -4.838575984589108 0
5.923463810539025 -4.598315523043297 0
3.921343345020647 -5.2418404007954 0
4.262645800552027 -7.647930977515917 0
3.719998587674637 -6.132274439121028 0
3.412576289713674 -5.029758424995453 0
5.806224564516602 -5.291209408513654 0
4.490462689835696 -8.565869286662407 0
3.228471666747777 -4.347394099954943 0
4.113866519409404 -5.219864637154118 0
2.778962759060922 -4.975715421140675 0
0.9504361434437544 -4.716850478447288 0
1.357559277310443 -4.79352151083108 0
0.7182542541648173 -4.734676770087356 0
5.874686532958356 -5.826161442183085 0
2.618278312559511 -4.952217473609676 0
4.209256035396425 -4.503943622233006 0
5.13425962504257 -5.303151331345142 0
2.761546668519855 -5.28114231756003 0
5.18020840289771 -5.138068976555635 0
4.046520255796125 -4.811205712657461 0
3.72587973239868 -4.052481812082657 0
0.08328627036226682 -4.049074100203017 0
2.362474702971443 -5.269699740869145 0
3.240843124912036 -7.33963828267292 0
0.1690495590985931 -4.066040773267921 0
5.413309348392734 -4.810895206668229 0
1.993282269485756 -4.17910186341961 0
4.108412918765852 -4.365048371857021 0
0.1371011512208979 -4.114219620966999 0
4.846984280508377 -5.410209505863458 0
5.609536630719833 -7.477500423061087 0
4.420583906737859 -9.383778788638644 0
4.745078008175822 -5.300113498403095 0
3.096852980981924 -5.517258470859252 0
3.179849712120628 -4.931017766005969 0
0.4352558834610717 -4.400576009371918 0
4.082802755022221 -4.242155068266778 0
4.46713500271915 -8.956221476485734 0
3.480589107916364 -5.480786731893143 0
5.436505816139851 -4.395532169617754 0
5.458576289830887 -6.098930526293659 0
4.205110775423758 -4.082308920308202 0
5.251614343301979 -8.672997718456521 0
0.2162397837024977 -4.143987131361254 0
5.864355013814951 -4.130091903844153 0
0.6707061388349493 -4.143738354107699 0
3.916160614554796 -7.105869488472447 0
5.303686619041157 -4.089991749776178 0
3.944935613058932 -4.912003503663162 0
3.306651758552017 -5.565205980608528 0
3.038242938693217 -4.143931121929963 0
4.942970975883381 -4.59186877462579 0
4.783836100020601 -6.345571302169012 0
1.963883663790615 -5.519096592796743 0
5.767816151110496 -5.007285013925405 0
5.898424307832274 -4.261727003312653 0
5.614925199922491 -6.860792431755771 0
3.51957096780951 -7.312572579678202 0
0.7451717431453119 -4.145253406710103 0
5.367760731427278 -4.426094978635994 0
5.885308476138115 -5.683226273432627 0
5.788719177813808 -5.524706158493535 0
3.087489893650389 -5.071871657813906 0
3.212937477560764 -7.887187147654613 0
1.93925157196809 -5.878801368559825 0
3.512507248116379 -4.791310051051208 0
3.832996940457555 -6.238934720170061 0
2.532586580912017 -6.121862681718697 0
1.894828392026228 -5.000092101048002 0
2.653799404124531 -5.377804855401601 0
4.786673207157682 -4.146393716584186 0
3.837876929683995 -4.793849372381906 0
3.185834394375475 -5.596702402240401 0
5.542795721181539 -9.015678037997683 0
5.65473884129647 -5.627381977096144 0
4.826826624909775 -5.527513004655281 0
2.171025762707187 -4.54662136030299 0
5.826546476020633 -4.850705050340999 0
2.558057436363548 -4.072294912617326 0
2.394465212661117 -4.630178549426553 0
0.8948845677233093 -4.232857812150534 0
4.229595646545933 -5.831957327305164 0
5.488291280299213 -9.709705273227055 0
5.352998092859031 -5.304946958972082 0
3.11405328896283 -4.301806060939656 0
5.351151508968649 -5.499880823725088 0
3.624957268503639 -4.708757257556124 0
4.877378608190568 -9.474262069148317 0
5.124328247664644 -9.749859623227064 0
2.489526881417892 -4.148187308124856 0
5.631635335153651 -4.857916940945651 0
4.195312275155587 -7.868214751222892 0
2.288987467987033 -4.547458934076342 0
4.019162833215855 -6.191854760339353 0
4.753867116074546 -4.40715109397902 0
5.47128668004843 -5.485831457676364 0
0.2960732853601016 -4.239163320298018 0
5.629234392259959 -7.261015811902518 0
5.845579239894473 -4.482950856505397 0
5.541704027016046 -5.597800818976342 0
1.002660959851347 -4.900697824281403 0
2.998957079716236 -4.692431632008387 0
2.734134646484957 -5.453067442610985 0
1.031508484025356 -4.168500466849137 0
1.087282541759792 -5.12743635890086 0
3.402667055757703 -4.052919798666712 0
2.648658857284026 -4.070804870923798 0
5.319000474316071 -7.927903648032174 0
4.883532916443776 -4.597284092915156 0
5.084415937268549 -7.077612303764287 0
3.454905916693362 -5.600523421092427 0
5.325289092325938 -6.273847653232341 0
2.29241852302727 -4.628823912148162 0
1.162486776765035 -4.07163421592011 0
1.278998278862118 -4.14221882266198 0
2.576806794159094 -4.517389606019337 0
4.96437522882701 -6.325452413309219 0
2.687610585858789 -4.142974378499991 0
1.981445860278406 -5.063621685161291 0
0.2411196564005202 -4.189918698825345 0
5.690628960076857 -10.58769191571286 0
3.390604046548106 -4.12888368692243 0
2.458882899767503 -4.539171794059477 0
0.1138774523593868 -4.0377836103428 0
1.423791234697958 -5.694221558271066 0
2.046764530882675 -6.472441843658357 0
5.515072775359243 -5.116080309440347 0
1.073467260063471 -4.077771180798671 0
0.8884240359493701 -4.807030385603688 0
0.9751433616560109 -4.793161693405885 0
3.157363006985789 -4.398538208085653 0
2.389587849280756 -4.146177689943508 0
5.79994892237932 -11.40485601921186 0
5.865920655535484 -6.121819691286416 0
3.075785826206593 -4.221855410390928 0
4.26282263370539 -5.963160116551602 0
5.500823385477362 -8.46982032601025 0
1.194353320401951 -4.878943333236714 0
5.210440708413514 -4.168296660270235 0
3.302959115028646 -4.137729357108417 0
2.314635276276817 -4.141884509013918 0
4.372845231943264 -8.097093984462989 0
4.814556931234421 -4.508547114724229 0
2.781918827183095 -4.136386842041325 0
3.583750475865054 -4.084755664917807 0
3.058284283692397 -5.941184713745334 0
2.132783797371683 -6.238575221336581 0
2.950038162346407 -4.144420265576775 0
5.916235492158014 -4.776583683724841 0
3.214581638224025 -4.140875470368998 0
2.058881184483471 -5.984958953192303 0
2.622791585900302 -5.70909827236834 0
2.772662831620064 -4.834560222011786 0
1.427642470640058 -5.382810454926256 0
3.126127763312309 -4.142918215867585 0
3.476925348995609 -6.149250122401679 0
2.85375817797261 -4.698777130927827 0
5.690074075465675 -6.674200598649048 0
3.200200630274674 -5.974421401676096 0
0.8298061069648298 -4.966364222862907 0
2.774764029042722 -6.241741567782251 0
0.5580348149911235 -4.632963930866024 0
2.192792084388264 -4.046228471164074 0
1.781974222242785 -4.132537749021472 0
0.05984321437474058 -4.027652160601417 0
2.863443649133595 -4.140778320448108 0
1.944730012175411 -4.232668847074853 0
5.640821443028419 -5.107628832582756 0
1.836807238219518 -4.071019488738825 0
1.584003058558053 -4.144668811400932 0
0.4225993024340197 -4.469606253883413 0
1.301523456833253 -4.214989156266805 0
5.138710078907343 -7.235002660954629 0
3.743927741643389 -7.043032982754845 0
1.666698862184846 -4.044250413478854 0
2.338334876434002 -5.386602776959837 0
5.274125932241354 -4.271073999610228 0
0.9322541069303069 -4.152628217063562 0
1.476228234218143 -4.169043906789992 0
5.682825167582981 -6.210216374067124 0
2.127228086101424 -4.175441936187582 0
1.147661549255769 -4.923090948198341 0
5.805547825999829 -5.18575549513975 0
5.562422873395549 -4.973150845244774 0
1.366383154308549 -4.146830017160878 0
2.100263372150772 -5.593963371314272 0
2.721140926765873 -6.983184544615563 0
4.238308890772251 -5.18930934834666 0
4.147473485512772 -8.311889517175063 0
2.076167371283312 -5.104215280890902 0
5.704591031902725 -10.98784326337235 0
2.807730042916972 -5.70266131261382 0
3.708429180810678 -4.865233011110575 0
0.1725912790561469 -4.10801447378093 0
5.272099781177565 -7.247906726473898 0
2.633885562290358 -5.558741536611112 0
3.597053568322312 -7.931781658448746 0
2.913192930731319 -5.900651866178737 0
5.92414959386941 -4.060501286958709 0
3.698120713972565 -4.138568729427417 0
1.62592866123896 -5.74262613775216 0
2.470757317939749 -5.582838475685708 0
0.7033376509376265 -4.817832118790321 0
3.339679927683207 -6.000633905000248 0
5.549909623823126 -9.514450214165841 0
1.231310393793354 -5.121700623603125 0
0.7963425190329909 -4.120637492410784 0
5.934223199343465 -4.435167347022509 0
2.371223696236912 -5.581941293083631 0
5.879769391244434 -4.194842123023834 0
4.929750269359235 -5.643654299509447 0
4.150189687907287 -4.489864937920686 0
5.830005222964399 -4.994156111830175 0
1.32909527282725 -4.29997289884844 0
4.732080842563049 -4.127346570503311 0
2.852285181648127 -6.310782513188991 0
4.348652154284903 -8.458070611391234 0
5.705015175981403 -5.101689461945747 0
2.137521464114286 -5.235163955322043 0
4.150719529975229 -6.103640249707703 0
0.3431922119760888 -4.286905193164833 0
2.260211220677983 -6.556660392918961 0
1.919222607875113 -4.147349001190673 0
4.444330307809381 -4.152880579373801 0
1.470029303662961 -5.544461514002893 0
4.082131729220247 -4.139583325145598 0
4.223979966873419 -4.142274810008657 0
5.799923338296615 -5.404838047659945 0
2.899072724047371 -4.217756543082395 0
3.872776840098308 -4.151644423539221 0
$EndNodes
$Elements
54 5793 1 5793
1 1 1 1
1 1 2 
1 2 1 1
2 2 3 
1 3 1 1
3 3 4 
1 4 1 1
4 4 5 
1 5 1 1
5 5 6 
1 6 1 1
6 6 7 
1 7 1 1
7 7 8 
1 8 1 1
8 8 9 
1 9 1 1
9 9 10 
1 10 1 1
10 10 11 
1 11 1 1
11 11 12 
1 12 1 1
12 12 13 
1 13 1 1
13 13 14 
1 14 1 1
14 14 15 
1 15 1 1
15 15 16 
1 16 1 1
16 16 17 
1 17 1 1
17 17 18 
1 18 1 1
18 18 19 
1 19 1 1
19 19 20 
1 20 1 1
20 20 21 
1 21 1 1
21 21 22 
1 22 1 1
22 22 23 
1 23 1 1
23 23 24 
1 24 1 1
24 24 25 
1 25 1 1
25 25 26 
1 26 1 1
26 26 27 
1 27 1 1
27 27 28 
1 28 1 1
28 28 29 
1 29 1 1
29 29 30 
1 30 1 1
30 30 31 
1 31 1 1
31 31 32 
1 32 1 1
32 32 33 
1 33 1 1
33 33 34 
1 34 1 1
34 34 35 
1 35 1 1
35 35 36 
1 36 1 1
36 36 37 
1 37 1 1
37 37 38 
1 38 1 1
38 38 39 
1 39 1 1
39 39 40 
1 40 1 1
40 40 1 
1 203 1 6
41 41 103 
42 103 104 
43 104 105 
44 105 106 
45 106 107 
46 107 43 
1 204 1 6
47 43 108 
48 108 109 
49 109 110 
50 110 111 
51 111 112 
52 112 42 
1 211 1 19
53 44 167 
54 167 168 
55 168 169 
56 169 170 
57 170 171 
58 171 172 
59 172 173 
60 173 174 
61 174 175 
62 175 176 
63 176 177 
64 177 178 
65 178 179 
66 179 180 
67 180 181 
68 181 182 
69 182 183 
70 183 184 
71 184 46 
1 212 1 19
72 45 185 
73 185 186 
74 186 187 
75 187 188 
76 188 189 
77 189 190 
78 190 191 
79 191 192 
80 192 193 
81 193 194 
82 194 195 
83 195 196 
84 196 197 
85 197 198 
86 198 199 
87 199 200 
88 200 201 
89 201 202 
90 202 46 
1 230 1 43
91 44 339 
92 339 340 
93 340 341 
94 341 342 
95 342 343 
96 343 344 
97 344 345 
98 345 346 
99 346 347 
100 347 348 
101 348 349 
102 349 350 
103 350 351 
104 351 352 
105 352 353 
106 353 354 
107 354 355 
108 355 356 
109 356 357 
110 357 358 
111 358 359 
112 359 360 
113 360 361 
114 361 362 
115 362 363 
116 363 364 
117 364 365 
118 365 366 
119 366 367 
120 367 368 
121 368 369 
122 369 370 
123 370 371 
124 371 372 
125 372 373 
126 373 374 
127 374 375 
128 375 376 
129 376 377 
130 377 378 
131 378 379 
132 379 380 
133 380 47 
1 231 1 43
134 45 381 
135 381 382 
136 382 383 
137 383 384 
138 384 385 
139 385 386 
140 386 387 
141 387 388 
142 388 389 
143 389 390 
144 390 391 
145 391 392 
146 392 393 
147 393 394 
148 394 395 
149 395 396 
150 396 397 
151 397 398 
152 398 399 
153 399 400 
154 400 401 
155 401 402 
156 402 403 
157 403 404 
158 404 405 
159 405 406 
160 406 407 
161 407 408 
162 408 409 
163 409 410 
164 410 411 
165 411 412 
166 412 413 
167 413 414 
168 414 415 
169 415 416 
170 416 417 
171 417 418 
172 418 419 
173 419 420 
174 420 421 
175 421 422 
176 422 48 
1 232 1 56
177 41 423 
178 423 424 
179 424 425 
180 425 426 
181 426 427 
182 427 428 
183 428 429 
184 429 430 
185 430 431 
186 431 432 
187 432 433 
188 433 434 
189 434 435 
190 435 436 
191 436 437 
192 437 438 
193 438 439 
194 439 440 
195 440 441 
196 441 442 
197 442 443 
198 443 444 
199 444 445 
200 445 446 
201 446 447 
202 447 448 
203 448 449 
204 449 450 
205 450 451 
206 451 452 
207 452 453 
208 453 454 
209 454 455 
210 455 456 
211 456 457 
212 457 458 
213 458 459 
214 459 460 
215 460 461 
216 461 462 
217 462 463 
218 463 464 
219 464 465 
220 465 466 
221 466 467 
222 467 468 
223 468 469 
224 469 470 
225 470 471 
226 471 472 
227 472 473 
228 473 474 
229 474 475 
230 475 476 
231 476 477 
232 477 47 
1 233 1 56
233 42 478 
234 478 479 
235 479 480 
236 480 481 
237 481 482 
238 482 483 
239 483 484 
240 484 485 
241 485 486 
242 486 487 
243 487 488 
244 488 489 
245 489 490 
246 490 491 
247 491 492 
248 492 493 
249 493 494 
250 494 495 
251 495 496 
252 496 497 
253 497 498 
254 498 499 
255 499 500 
256 500 501 
257 501 502 
258 502 503 
259 503 504 
260 504 505 
261 505 506 
262 506 507 
263 507 508 
264 508 509 
265 509 510 
266 510 511 
267 511 512 
268 512 513 
269 513 514 
270 514 515 
271 515 516 
272 516 517 
273 517 518 
274 518 519 
275 519 520 
276 520 521 
277 521 522 
278 522 523 
279 523 524 
280 524 525 
281 525 526 
282 526 527 
283 527 528 
284 528 529 
285 529 530 
286 530 531 
287 531 532 
288 532 48 
2 1 3 114
289 43 107 533 66 
290 107 106 534 533 
291 106 105 535 534 
292 105 104 536 535 
293 104 103 537 536 
294 103 41 67 537 
295 66 533 538 65 
296 533 534 539 538 
297 534 535 540 539 
298 535 536 541 540 
299 536 537 542 541 
300 537 67 68 542 
301 65 538 543 64 
302 538 539 544 543 
303 539 540 545 544 
304 540 541 546 545 
305 541 542 547 546 
306 542 68 69 547 
307 64 543 548 63 
308 543 544 549 548 
309 544 545 550 549 
310 545 546 551 550 
311 546 547 552 551 
312 547 69 70 552 
313 63 548 553 62 
314 548 549 554 553 
315 549 550 555 554 
316 550 551 556 555 
317 551 552 557 556 
318 552 70 71 557 
319 62 553 558 61 
320 553 554 559 558 
321 554 555 560 559 
322 555 556 561 560 
323 556 557 562 561 
324 557 71 72 562 
325 61 558 563 60 
326 558 559 564 563 
327 559 560 565 564 
328 560 561 566 565 
329 561 562 567 566 
330 562 72 73 567 
331 60 563 568 59 
332 563 564 569 568 
333 564 565 570 569 
334 565 566 571 570 
335 566 567 572 571 
336 567 73 74 572 
337 59 568 573 58 
338 568 569 574 573 
339 569 570 575 574 
340 570 571 576 575 
341 571 572 577 576 
342 572 74 75 577 
343 58 573 578 57 
344 573 574 579 578 
345 574 575 580 579 
346 575 576 581 580 
347 576 577 582 581 
348 577 75 76 582 
349 57 578 583 56 
350 578 579 584 583 
351 579 580 585 584 
352 580 581 586 585 
353 581 582 587 586 
354 582 76 77 587 
355 56 583 588 55 
356 583 584 589 588 
357 584 585 590 589 
358 585 586 591 590 
359 586 587 592 591 
360 587 77 78 592 
361 55 588 593 54 
362 588 589 594 593 
363 589 590 595 594 
364 590 591 596 595 
365 591 592 597 596 
366 592 78 79 597 
367 54 593 598 53 
368 593 594 599 598 
369 594 595 600 599 
370 595 596 601 600 
371 596 597 602 601 
372 597 79 80 602 
373 53 598 603 52 
374 598 599 604 603 
375 599 600 605 604 
376 600 601 606 605 
377 601 602 607 606 
378 602 80 81 607 
379 52 603 608 51 
380 603 604 609 608 
381 604 605 610 609 
382 605 606 611 610 
383 606 607 612 611 
384 607 81 82 612 
385 51 608 613 50 
386 608 609 614 613 
387 609 610 615 614 
388 610 611 616 615 
389 611 612 617 616 
390 612 82 83 617 
391 50 613 618 49 
392 613 614 619 618 
393 614 615 620 619 
394 615 616 621 620 
395 616 617 622 621 
396 617 83 84 622 
397 49 618 20 21 
398 618 619 19 20 
399 619 620 18 19 
400 620 621 17 18 
401 621 622 16 17 
402 622 84 15 16 
2 2 3 114
403 43 66 623 108 
404 66 65 624 623 
405 65 64 625 624 
406 64 63 626 625 
407 63 62 627 626 
408 62 61 628 627 
409 61 60 629 628 
410 60 59 630 629 
411 59 58 631 630 
412 58 57 632 631 
413 57 56 633 632 
414 56 55 634 633 
415 55 54 635 634 
416 54 53 636 635 
417 53 52 637 636 
418 52 51 638 637 
419 51 50 639 638 
420 50 49 640 639 
421 49 21 22 640 
422 108 623 641 109 
423 623 624 642 641 
424 624 625 643 642 
425 625 626 644 643 
426 626 627 645 644 
427 627 628 646 645 
428 628 629 647 646 
429 629 630 648 647 
430 630 631 649 648 
431 631 632 650 649 
432 632 633 651 650 
433 633 634 652 651 
434 634 635 653 652 
435 635 636 654 653 
436 636 637 655 654 
437 637 638 656 655 
438 638 639 657 656 
439 639 640 658 657 
440 640 22 23 658 
441 109 641 659 110 
442 641 642 660 659 
443 642 643 661 660 
444 643 644 662 661 
445 644 645 663 662 
446 645 646 664 663 
447 646 647 665 664 
448 647 648 666 665 
449 648 649 667 666 
450 649 650 668 667 
451 650 651 669 668 
452 651 652 670 669 
453 652 653 671 670 
454 653 654 672 671 
455 654 655 673 672 
456 655 656 674 673 
457 656 657 675 674 
458 657 658 676 675 
459 658 23 24 676 
460 110 659 677 111 
461 659 660 678 677 
462 660 661 679 678 
463 661 662 680 679 
464 662 663 681 680 
465 663 664 682 681 
466 664 665 683 682 
467 665 666 684 683 
468 666 667 685 684 
469 667 668 686 685 
470 668 669 687 686 
471 669 670 688 687 
472 670 671 689 688 
473 671 672 690 689 
474 672 673 691 690 
475 673 674 692 691 
476 674 675 693 692 
477 675 676 694 693 
478 676 24 25 694 
479 111 677 695 112 
480 677 678 696 695 
481 678 679 697 696 
482 679 680 698 697 
483 680 681 699 698 
484 681 682 700 699 
485 682 683 701 700 
486 683 684 702 701 
487 684 685 703 702 
488 685 686 704 703 
489 686 687 705 704 
490 687 688 706 705 
491 688 689 707 706 
492 689 690 708 707 
493 690 691 709 708 
494 691 692 710 709 
495 692 693 711 710 
496 693 694 712 711 
497 694 25 26 712 
498 112 695 85 42 
499 695 696 86 85 
500 696 697 87 86 
501 697 698 88 87 
502 698 699 89 88 
503 699 700 90 89 
504 700 701 91 90 
505 701 702 92 91 
506 702 703 93 92 
507 703 704 94 93 
508 704 705 95 94 
509 705 706 96 95 
510 706 707 97 96 
511 707 708 98 97 
512 708 709 99 98 
513 709 710 100 99 
514 710 711 101 100 
515 711 712 102 101 
516 712 26 27 102 
2 5 3 1311
517 15 84 713 14 
518 84 83 714 713 
519 83 82 715 714 
520 82 81 716 715 
521 81 80 717 716 
522 80 79 718 717 
523 79 78 719 718 
524 78 77 720 719 
525 77 76 721 720 
526 76 75 722 721 
527 75 74 723 722 
528 74 73 724 723 
529 73 72 725 724 
530 72 71 726 725 
531 71 70 727 726 
532 70 69 728 727 
533 69 68 729 728 
534 68 67 730 729 
535 67 41 203 730 
536 14 713 731 13 
537 713 714 732 731 
538 714 715 733 732 
539 715 716 734 733 
540 716 717 735 734 
541 717 718 736 735 
542 718 719 737 736 
543 719 720 738 737 
544 720 721 739 738 
545 721 722 740 739 
546 722 723 741 740 
547 723 724 742 741 
548 724 725 743 742 
549 725 726 744 743 
550 726 727 745 744 
551 727 728 746 745 
552 728 729 747 746 
553 729 730 748 747 
554 730 203 204 748 
555 13 731 749 12 
556 731 732 750 749 
557 732 733 751 750 
558 733 734 752 751 
559 734 735 753 752 
560 735 736 754 753 
561 736 737 755 754 
562 737 738 756 755 
563 738 739 757 756 
564 739 740 758 757 
565 740 741 759 758 
566 741 742 760 759 
567 742 743 761 760 
568 743 744 762 761 
569 744 745 763 762 
570 745 746 764 763 
571 746 747 765 764 
572 747 748 766 765 
573 748 204 205 766 
574 12 749 767 11 
575 749 750 768 767 
576 750 751 769 768 
577 751 752 770 769 
578 752 753 771 770 
579 753 754 772 771 
580 754 755 773 772 
581 755 756 774 773 
582 756 757 775 774 
583 757 758 776 775 
584 758 759 777 776 
585 759 760 778 777 
586 760 761 779 778 
587 761 762 780 779 
588 762 763 781 780 
589 763 764 782 781 
590 764 765 783 782 
591 765 766 784 783 
592 766 205 206 784 
593 11 767 785 10 
594 767 768 786 785 
595 768 769 787 786 
596 769 770 788 787 
597 770 771 789 788 
598 771 772 790 789 
599 772 773 791 790 
600 773 774 792 791 
601 774 775 793 792 
602 775 776 794 793 
603 776 777 795 794 
604 777 778 796 795 
605 778 779 797 796 
606 779 780 798 797 
607 780 781 799 798 
608 781 782 800 799 
609 782 783 801 800 
610 783 784 802 801 
611 784 206 207 802 
612 10 785 803 9 
613 785 786 804 803 
614 786 787 805 804 
615 787 788 806 805 
616 788 789 807 806 
617 789 790 808 807 
618 790 791 809 808 
619 791 792 810 809 
620 792 793 811 810 
621 793 794 812 811 
622 794 795 813 812 
623 795 796 814 813 
624 796 797 815 814 
625 797 798 816 815 
626 798 799 817 816 
627 799 800 818 817 
628 800 801 819 818 
629 801 802 820 819 
630 802 207 208 820 
631 9 803 821 8 
632 803 804 822 821 
633 804 805 823 822 
634 805 806 824 823 
635 806 807 825 824 
636 807 808 826 825 
637 808 809 827 826 
638 809 810 828 827 
639 810 811 829 828 
640 811 812 830 829 
641 812 813 831 830 
642 813 814 832 831 
643 814 815 833 832 
644 815 816 834 833 
645 816 817 835 834 
646 817 818 836 835 
647 818 819 837 836 
648 819 820 838 837 
649 820 208 209 838 
650 8 821 839 7 
651 821 822 840 839 
652 822 823 841 840 
653 823 824 842 841 
654 824 825 843 842 
655 825 826 844 843 
656 826 827 845 844 
657 827 828 846 845 
658 828 829 847 846 
659 829 830 848 847 
660 830 831 849 848 
661 831 832 850 849 
662 832 833 851 850 
663 833 834 852 851 
664 834 835 853 852 
665 835 836 854 853 
666 836 837 855 854 
667 837 838 856 855 
668 838 209 210 856 
669 7 839 857 6 
670 839 840 858 857 
671 840 841 859 858 
672 841 842 860 859 
673 842 843 861 860 
674 843 844 862 861 
675 844 845 863 862 
676 845 846 864 863 
677 846 847 865 864 
678 847 848 866 865 
679 848 849 867 866 
680 849 850 868 867 
681 850 851 869 868 
682 851 852 870 869 
683 852 853 871 870 
684 853 854 872 871 
685 854 855 873 872 
686 855 856 874 873 
687 856 210 211 874 
688 6 857 875 5 
689 857 858 876 875 
690 858 859 877 876 
691 859 860 878 877 
692 860 861 879 878 
693 861 862 880 879 
694 862 863 881 880 
695 863 864 882 881 
696 864 865 883 882 
697 865 866 884 883 
698 866 867 885 884 
699 867 868 886 885 
700 868 869 887 886 
701 869 870 888 887 
702 870 871 889 888 
703 871 872 890 889 
704 872 873 891 890 
705 873 874 892 891 
706 874 211 212 892 
707 5 875 893 4 
708 875 876 894 893 
709 876 877 895 894 
710 877 878 896 895 
711 878 879 897 896 
712 879 880 898 897 
713 880 881 899 898 
714 881 882 900 899 
715 882 883 901 900 
716 883 884 902 901 
717 884 885 903 902 
718 885 886 904 903 
719 886 887 905 904 
720 887 888 906 905 
721 888 889 907 906 
722 889 890 908 907 
723 890 891 909 908 
724 891 892 910 909 
725 892 212 213 910 
726 4 893 911 3 
727 893 894 912 911 
728 894 895 913 912 
729 895 896 914 913 
730 896 897 915 914 
731 897 898 916 915 
732 898 899 917 916 
733 899 900 918 917 
734 900 901 919 918 
735 901 902 920 919 
736 902 903 921 920 
737 903 904 922 921 
738 904 905 923 922 
739 905 906 924 923 
740 906 907 925 924 
741 907 908 926 925 
742 908 909 927 926 
743 909 910 928 927 
744 910 213 214 928 
745 3 911 929 2 
746 911 912 930 929 
747 912 913 931 930 
748 913 914 932 931 
749 914 915 933 932 
750 915 916 934 933 
751 916 917 935 934 
752 917 918 936 935 
753 918 919 937 936 
754 919 920 938 937 
755 920 921 939 938 
756 921 922 940 939 
757 922 923 941 940 
758 923 924 942 941 
759 924 925 943 942 
760 925 926 944 943 
761 926 927 945 944 
762 927 928 946 945 
763 928 214 215 946 
764 2 929 947 1 
765 929 930 948 947 
766 930 931 949 948 
767 931 932 950 949 
768 932 933 951 950 
769 933 934 952 951 
770 934 935 953 952 
771 935 936 954 953 
772 936 937 955 954 
773 937 938 956 955 
774 938 939 957 956 
775 939 940 958 957 
776 940 941 959 958 
777 941 942 960 959 
778 942 943 961 960 
779 943 944 962 961 
780 944 945 963 962 
781 945 946 964 963 
782 946 215 216 964 
783 1 947 965 113 
784 947 948 966 965 
785 948 949 967 966 
786 949 950 968 967 
787 950 951 969 968 
788 951 952 970 969 
789 952 953 971 970 
790 953 954 972 971 
791 954 955 973 972 
792 955 956 974 973 
793 956 957 975 974 
794 957 958 976 975 
795 958 959 977 976 
796 959 960 978 977 
797 960 961 979 978 
798 961 962 980 979 
799 962 963 981 980 
800 963 964 982 981 
801 964 216 217 982 
802 113 965 983 114 
803 965 966 984 983 
804 966 967 985 984 
805 967 968 986 985 
806 968 969 987 986 
807 969 970 988 987 
808 970 971 989 988 
809 971 972 990 989 
810 972 973 991 990 
811 973 974 992 991 
812 974 975 993 992 
813 975 976 994 993 
814 976 977 995 994 
815 977 978 996 995 
816 978 979 997 996 
817 979 980 998 997 
818 980 981 999 998 
819 981 982 1000 999 
820 982 217 218 1000 
821 114 983 1001 115 
822 983 984 1002 1001 
823 984 985 1003 1002 
824 985 986 1004 1003 
825 986 987 1005 1004 
826 987 988 1006 1005 
827 988 989 1007 1006 
828 989 990 1008 1007 
829 990 991 1009 1008 
830 991 992 1010 1009 
831 992 993 1011 1010 
832 993 994 1012 1011 
833 994 995 1013 1012 
834 995 996 1014 1013 
835 996 997 1015 1014 
836 997 998 1016 1015 
837 998 999 1017 1016 
838 999 1000 1018 1017 
839 1000 218 219 1018 
840 115 1001 1019 116 
841 1001 1002 1020 1019 
842 1002 1003 1021 1020 
843 1003 1004 1022 1021 
844 1004 1005 1023 1022 
845 1005 1006 1024 1023 
846 1006 1007 1025 1024 
847 1007 1008 1026 1025 
848 1008 1009 1027 1026 
849 1009 1010 1028 1027 
850 1010 1011 1029 1028 
851 1011 1012 1030 1029 
852 1012 1013 1031 1030 
853 1013 1014 1032 1031 
854 1014 1015 1033 1032 
855 1015 1016 1034 1033 
856 1016 1017 1035 1034 
857 1017 1018 1036 1035 
858 1018 219 220 1036 
859 116 1019 1037 117 
860 1019 1020 1038 1037 
861 1020 1021 1039 1038 
862 1021 1022 1040 1039 
863 1022 1023 1041 1040 
864 1023 1024 1042 1041 
865 1024 1025 1043 1042 
866 1025 1026 1044 1043 
867 1026 1027 1045 1044 
868 1027 1028 1046 1045 
869 1028 1029 1047 1046 
870 1029 1030 1048 1047 
871 1030 1031 1049 1048 
872 1031 1032 1050 1049 
873 1032 1033 1051 1050 
874 1033 1034 1052 1051 
875 1034 1035 1053 1052 
876 1035 1036 1054 1053 
877 1036 220 221 1054 
878 117 1037 1055 118 
879 1037 1038 1056 1055 
880 1038 1039 1057 1056 
881 1039 1040 1058 1057 
882 1040 1041 1059 1058 
883 1041 1042 1060 1059 
884 1042 1043 1061 1060 
885 1043 1044 1062 1061 
886 1044 1045 1063 1062 
887 1045 1046 1064 1063 
888 1046 1047 1065 1064 
889 1047 1048 1066 1065 
890 1048 1049 1067 1066 
891 1049 1050 1068 1067 
892 1050 1051 1069 1068 
893 1051 1052 1070 1069 
894 1052 1053 1071 1070 
895 1053 1054 1072 1071 
896 1054 221 222 1072 
897 118 1055 1073 119 
898 1055 1056 1074 1073 
899 1056 1057 1075 1074 
900 1057 1058 1076 1075 
901 1058 1059 1077 1076 
902 1059 1060 1078 1077 
903 1060 1061 1079 1078 
904 1061 1062 1080 1079 
905 1062 1063 1081 1080 
906 1063 1064 1082 1081 
907 1064 1065 1083 1082 
908 1065 1066 1084 1083 
909 1066 1067 1085 1084 
910 1067 1068 1086 1085 
911 1068 1069 1087 1086 
912 1069 1070 1088 1087 
913 1070 1071 1089 1088 
914 1071 1072 1090 1089 
915 1072 222 223 1090 
916 119 1073 1091 120 
917 1073 1074 1092 1091 
918 1074 1075 1093 1092 
919 1075 1076 1094 1093 
920 1076 1077 1095 1094 
921 1077 1078 1096 1095 
922 1078 1079 1097 1096 
923 1079 1080 1098 1097 
924 1080 1081 1099 1098 
925 1081 1082 1100 1099 
926 1082 1083 1101 1100 
927 1083 1084 1102 1101 
928 1084 1085 1103 1102 
929 1085 1086 1104 1103 
930 1086 1087 1105 1104 
931 1087 1088 1106 1105 
932 1088 1089 1107 1106 
933 1089 1090 1108 1107 
934 1090 223 224 1108 
935 120 1091 1109 121 
936 1091 1092 1110 1109 
937 1092 1093 1111 1110 
938 1093 1094 1112 1111 
939 1094 1095 1113 1112 
940 1095 1096 1114 1113 
941 1096 1097 1115 1114 
942 1097 1098 1116 1115 
943 1098 1099 1117 1116 
944 1099 1100 1118 1117 
945 1100 1101 1119 1118 
946 1101 1102 1120 1119 
947 1102 1103 1121 1120 
948 1103 1104 1122 1121 
949 1104 1105 1123 1122 
950 1105 1106 1124 1123 
951 1106 1107 1125 1124 
952 1107 1108 1126 1125 
953 1108 224 225 1126 
954 121 1109 1127 122 
955 1109 1110 1128 1127 
956 1110 1111 1129 1128 
957 1111 1112 1130 1129 
958 1112 1113 1131 1130 
959 1113 1114 1132 1131 
960 1114 1115 1133 1132 
961 1115 1116 1134 1133 
962 1116 1117 1135 1134 
963 1117 1118 1136 1135 
964 1118 1119 1137 1136 
965 1119 1120 1138 1137 
966 1120 1121 1139 1138 
967 1121 1122 1140 1139 
968 1122 1123 1141 1140 
969 1123 1124 1142 1141 
970 1124 1125 1143 1142 
971 1125 1126 1144 1143 
972 1126 225 226 1144 
973 122 1127 1145 123 
974 1127 1128 1146 1145 
975 1128 1129 1147 1146 
976 1129 1130 1148 1147 
977 1130 1131 1149 1148 
978 1131 1132 1150 1149 
979 1132 1133 1151 1150 
980 1133 1134 1152 1151 
981 1134 1135 1153 1152 
982 1135 1136 1154 1153 
983 1136 1137 1155 1154 
984 1137 1138 1156 1155 
985 1138 1139 1157 1156 
986 1139 1140 1158 1157 
987 1140 1141 1159 1158 
988 1141 1142 1160 1159 
989 1142 1143 1161 1160 
990 1143 1144 1162 1161 
991 1144 226 227 1162 
992 123 1145 1163 124 
993 1145 1146 1164 1163 
994 1146 1147 1165 1164 
995 1147 1148 1166 1165 
996 1148 1149 1167 1166 
997 1149 1150 1168 1167 
998 1150 1151 1169 1168 
999 1151 1152 1170 1169 
1000 1152 1153 1171 1170 
1001 1153 1154 1172 1171 
1002 1154 1155 1173 1172 
1003 1155 1156 1174 1173 
1004 1156 1157 1175 1174 
1005 1157 1158 1176 1175 
1006 1158 1159 1177 1176 
1007 1159 1160 1178 1177 
1008 1160 1161 1179 1178 
1009 1161 1162 1180 1179 
1010 1162 227 228 1180 
1011 124 1163 1181 125 
1012 1163 1164 1182 1181 
1013 1164 1165 1183 1182 
1014 1165 1166 1184 1183 
1015 1166 1167 1185 1184 
1016 1167 1168 1186 1185 
1017 1168 1169 1187 1186 
1018 1169 1170 1188 1187 
1019 1170 1171 1189 1188 
1020 1171 1172 1190 1189 
1021 1172 1173 1191 1190 
1022 1173 1174 1192 1191 
1023 1174 1175 1193 1192 
1024 1175 1176 1194 1193 
1025 1176 1177 1195 1194 
1026 1177 1178 1196 1195 
1027 1178 1179 1197 1196 
1028 1179 1180 1198 1197 
1029 1180 228 229 1198 
1030 125 1181 1199 126 
1031 1181 1182 1200 1199 
1032 1182 1183 1201 1200 
1033 1183 1184 1202 1201 
1034 1184 1185 1203 1202 
1035 1185 1186 1204 1203 
1036 1186 1187 1205 1204 
1037 1187 1188 1206 1205 
1038 1188 1189 1207 1206 
1039 1189 1190 1208 1207 
1040 1190 1191 1209 1208 
1041 1191 1192 1210 1209 
1042 1192 1193 1211 1210 
1043 1193 1194 1212 1211 
1044 1194 1195 1213 1212 
1045 1195 1196 1214 1213 
1046 1196 1197 1215 1214 
1047 1197 1198 1216 1215 
1048 1198 229 230 1216 
1049 126 1199 1217 127 
1050 1199 1200 1218 1217 
1051 1200 1201 1219 1218 
1052 1201 1202 1220 1219 
1053 1202 1203 1221 1220 
1054 1203 1204 1222 1221 
1055 1204 1205 1223 1222 
1056 1205 1206 1224 1223 
1057 1206 1207 1225 1224 
1058 1207 1208 1226 1225 
1059 1208 1209 1227 1226 
1060 1209 1210 1228 1227 
1061 1210 1211 1229 1228 
1062 1211 1212 1230 1229 
1063 1212 1213 1231 1230 
1064 1213 1214 1232 1231 
1065 1214 1215 1233 1232 
1066 1215 1216 1234 1233 
1067 1216 230 231 1234 
1068 127 1217 1235 128 
1069 1217 1218 1236 1235 
1070 1218 1219 1237 1236 
1071 1219 1220 1238 1237 
1072 1220 1221 1239 1238 
1073 1221 1222 1240 1239 
1074 1222 1223 1241 1240 
1075 1223 1224 1242 1241 
1076 1224 1225 1243 1242 
1077 1225 1226 1244 1243 
1078 1226 1227 1245 1244 
1079 1227 1228 1246 1245 
1080 1228 1229 1247 1246 
1081 1229 1230 1248 1247 
1082 1230 1231 1249 1248 
1083 1231 1232 1250 1249 
1084 1232 1233 1251 1250 
1085 1233 1234 1252 1251 
1086 1234 231 232 1252 
1087 128 1235 1253 129 
1088 1235 1236 1254 1253 
1089 1236 1237 1255 1254 
1090 1237 1238 1256 1255 
1091 1238 1239 1257 1256 
1092 1239 1240 1258 1257 
1093 1240 1241 1259 1258 
1094 1241 1242 1260 1259 
1095 1242 1243 1261 1260 
1096 1243 1244 1262 1261 
1097 1244 1245 1263 1262 
1098 1245 1246 1264 1263 
1099 1246 1247 1265 1264 
1100 1247 1248 1266 1265 
1101 1248 1249 1267 1266 
1102 1249 1250 1268 1267 
1103 1250 1251 1269 1268 
1104 1251 1252 1270 1269 
1105 1252 232 233 1270 
1106 129 1253 1271 130 
1107 1253 1254 1272 1271 
1108 1254 1255 1273 1272 
1109 1255 1256 1274 1273 
1110 1256 1257 1275 1274 
1111 1257 1258 1276 1275 
1112 1258 1259 1277 1276 
1113 1259 1260 1278 1277 
1114 1260 1261 1279 1278 
1115 1261 1262 1280 1279 
1116 1262 1263 1281 1280 
1117 1263 1264 1282 1281 
1118 1264 1265 1283 1282 
1119 1265 1266 1284 1283 
1120 1266 1267 1285 1284 
1121 1267 1268 1286 1285 
1122 1268 1269 1287 1286 
1123 1269 1270 1288 1287 
1124 1270 233 234 1288 
1125 130 1271 1289 131 
1126 1271 1272 1290 1289 
1127 1272 1273 1291 1290 
1128 1273 1274 1292 1291 
1129 1274 1275 1293 1292 
1130 1275 1276 1294 1293 
1131 1276 1277 1295 1294 
1132 1277 1278 1296 1295 
1133 1278 1279 1297 1296 
1134 1279 1280 1298 1297 
1135 1280 1281 1299 1298 
1136 1281 1282 1300 1299 
1137 1282 1283 1301 1300 
1138 1283 1284 1302 1301 
1139 1284 1285 1303 1302 
1140 1285 1286 1304 1303 
1141 1286 1287 1305 1304 
1142 1287 1288 1306 1305 
1143 1288 234 235 1306 
1144 131 1289 1307 132 
1145 1289 1290 1308 1307 
1146 1290 1291 1309 1308 
1147 1291 1292 1310 1309 
1148 1292 1293 1311 1310 
1149 1293 1294 1312 1311 
1150 1294 1295 1313 1312 
1151 1295 1296 1314 1313 
1152 1296 1297 1315 1314 
1153 1297 1298 1316 1315 
1154 1298 1299 1317 1316 
1155 1299 1300 1318 1317 
1156 1300 1301 1319 1318 
1157 1301 1302 1320 1319 
1158 1302 1303 1321 1320 
1159 1303 1304 1322 1321 
1160 1304 1305 1323 1322 
1161 1305 1306 1324 1323 
1162 1306 235 236 1324 
1163 132 1307 1325 133 
1164 1307 1308 1326 1325 
1165 1308 1309 1327 1326 
1166 1309 1310 1328 1327 
1167 1310 1311 1329 1328 
1168 1311 1312 1330 1329 
1169 1312 1313 1331 1330 
1170 1313 1314 1332 1331 
1171 1314 1315 1333 1332 
1172 1315 1316 1334 1333 
1173 1316 1317 1335 1334 
1174 1317 1318 1336 1335 
1175 1318 1319 1337 1336 
1176 1319 1320 1338 1337 
1177 1320 1321 1339 1338 
1178 1321 1322 1340 1339 
1179 1322 1323 1341 1340 
1180 1323 1324 1342 1341 
1181 1324 236 237 1342 
1182 133 1325 1343 134 
1183 1325 1326 1344 1343 
1184 1326 1327 1345 1344 
1185 1327 1328 1346 1345 
1186 1328 1329 1347 1346 
1187 1329 1330 1348 1347 
1188 1330 1331 1349 1348 
1189 1331 1332 1350 1349 
1190 1332 1333 1351 1350 
1191 1333 1334 1352 1351 
1192 1334 1335 1353 1352 
1193 1335 1336 1354 1353 
1194 1336 1337 1355 1354 
1195 1337 1338 1356 1355 
1196 1338 1339 1357 1356 
1197 1339 1340 1358 1357 
1198 1340 1341 1359 1358 
1199 1341 1342 1360 1359 
1200 1342 237 238 1360 
1201 134 1343 1361 135 
1202 1343 1344 1362 1361 
1203 1344 1345 1363 1362 
1204 1345 1346 1364 1363 
1205 1346 1347 1365 1364 
1206 1347 1348 1366 1365 
1207 1348 1349 1367 1366 
1208 1349 1350 1368 1367 
1209 1350 1351 1369 1368 
1210 1351 1352 1370 1369 
1211 1352 1353 1371 1370 
1212 1353 1354 1372 1371 
1213 1354 1355 1373 1372 
1214 1355 1356 1374 1373 
1215 1356 1357 1375 1374 
1216 1357 1358 1376 1375 
1217 1358 1359 1377 1376 
1218 1359 1360 1378 1377 
1219 1360 238 239 1378 
1220 135 1361 1379 136 
1221 1361 1362 1380 1379 
1222 1362 1363 1381 1380 
1223 1363 1364 1382 1381 
1224 1364 1365 1383 1382 
1225 1365 1366 1384 1383 
1226 1366 1367 1385 1384 
1227 1367 1368 1386 1385 
1228 1368 1369 1387 1386 
1229 1369 1370 1388 1387 
1230 1370 1371 1389 1388 
1231 1371 1372 1390 1389 
1232 1372 1373 1391 1390 
1233 1373 1374 1392 1391 
1234 1374 1375 1393 1392 
1235 1375 1376 1394 1393 
1236 1376 1377 1395 1394 
1237 1377 1378 1396 1395 
1238 1378 239 240 1396 
1239 136 1379 1397 137 
1240 1379 1380 1398 1397 
1241 1380 1381 1399 1398 
1242 1381 1382 1400 1399 
1243 1382 1383 1401 1400 
1244 1383 1384 1402 1401 
1245 1384 1385 1403 1402 
1246 1385 1386 1404 1403 
1247 1386 1387 1405 1404 
1248 1387 1388 1406 1405 
1249 1388 1389 1407 1406 
1250 1389 1390 1408 1407 
1251 1390 1391 1409 1408 
1252 1391 1392 1410 1409 
1253 1392 1393 1411 1410 
1254 1393 1394 1412 1411 
1255 1394 1395 1413 1412 
1256 1395 1396 1414 1413 
1257 1396 240 241 1414 
1258 137 1397 1415 138 
1259 1397 1398 1416 1415 
1260 1398 1399 1417 1416 
1261 1399 1400 1418 1417 
1262 1400 1401 1419 1418 
1263 1401 1402 1420 1419 
1264 1402 1403 1421 1420 
1265 1403 1404 1422 1421 
1266 1404 1405 1423 1422 
1267 1405 1406 1424 1423 
1268 1406 1407 1425 1424 
1269 1407 1408 1426 1425 
1270 1408 1409 1427 1426 
1271 1409 1410 1428 1427 
1272 1410 1411 1429 1428 
1273 1411 1412 1430 1429 
1274 1412 1413 1431 1430 
1275 1413 1414 1432 1431 
1276 1414 241 242 1432 
1277 138 1415 1433 139 
1278 1415 1416 1434 1433 
1279 1416 1417 1435 1434 
1280 1417 1418 1436 1435 
1281 1418 1419 1437 1436 
1282 1419 1420 1438 1437 
1283 1420 1421 1439 1438 
1284 1421 1422 1440 1439 
1285 1422 1423 1441 1440 
1286 1423 1424 1442 1441 
1287 1424 1425 1443 1442 
1288 1425 1426 1444 1443 
1289 1426 1427 1445 1444 
1290 1427 1428 1446 1445 
1291 1428 1429 1447 1446 
1292 1429 1430 1448 1447 
1293 1430 1431 1449 1448 
1294 1431 1432 1450 1449 
1295 1432 242 243 1450 
1296 139 1433 1451 140 
1297 1433 1434 1452 1451 
1298 1434 1435 1453 1452 
1299 1435 1436 1454 1453 
1300 1436 1437 1455 1454 
1301 1437 1438 1456 1455 
1302 1438 1439 1457 1456 
1303 1439 1440 1458 1457 
1304 1440 1441 1459 1458 
1305 1441 1442 1460 1459 
1306 1442 1443 1461 1460 
1307 1443 1444 1462 1461 
1308 1444 1445 1463 1462 
1309 1445 1446 1464 1463 
1310 1446 1447 1465 1464 
1311 1447 1448 1466 1465 
1312 1448 1449 1467 1466 
1313 1449 1450 1468 1467 
1314 1450 243 244 1468 
1315 140 1451 1469 141 
1316 1451 1452 1470 1469 
1317 1452 1453 1471 1470 
1318 1453 1454 1472 1471 
1319 1454 1455 1473 1472 
1320 1455 1456 1474 1473 
1321 1456 1457 1475 1474 
1322 1457 1458 1476 1475 
1323 1458 1459 1477 1476 
1324 1459 1460 1478 1477 
1325 1460 1461 1479 1478 
1326 1461 1462 1480 1479 
1327 1462 1463 1481 1480 
1328 1463 1464 1482 1481 
1329 1464 1465 1483 1482 
1330 1465 1466 1484 1483 
1331 1466 1467 1485 1484 
1332 1467 1468 1486 1485 
1333 1468 244 245 1486 
1334 141 1469 1487 142 
1335 1469 1470 1488 1487 
1336 1470 1471 1489 1488 
1337 1471 1472 1490 1489 
1338 1472 1473 1491 1490 
1339 1473 1474 1492 1491 
1340 1474 1475 1493 1492 
1341 1475 1476 1494 1493 
1342 1476 1477 1495 1494 
1343 1477 1478 1496 1495 
1344 1478 1479 1497 1496 
1345 1479 1480 1498 1497 
1346 1480 1481 1499 1498 
1347 1481 1482 1500 1499 
1348 1482 1483 1501 1500 
1349 1483 1484 1502 1501 
1350 1484 1485 1503 1502 
1351 1485 1486 1504 1503 
1352 1486 245 246 1504 
1353 142 1487 1505 143 
1354 1487 1488 1506 1505 
1355 1488 1489 1507 1506 
1356 1489 1490 1508 1507 
1357 1490 1491 1509 1508 
1358 1491 1492 1510 1509 
1359 1492 1493 1511 1510 
1360 1493 1494 1512 1511 
1361 1494 1495 1513 1512 
1362 1495 1496 1514 1513 
1363 1496 1497 1515 1514 
1364 1497 1498 1516 1515 
1365 1498 1499 1517 1516 
1366 1499 1500 1518 1517 
1367 1500 1501 1519 1518 
1368 1501 1502 1520 1519 
1369 1502 1503 1521 1520 
1370 1503 1504 1522 1521 
1371 1504 246 247 1522 
1372 143 1505 1523 144 
1373 1505 1506 1524 1523 
1374 1506 1507 1525 1524 
1375 1507 1508 1526 1525 
1376 1508 1509 1527 1526 
1377 1509 1510 1528 1527 
1378 1510 1511 1529 1528 
1379 1511 1512 1530 1529 
1380 1512 1513 1531 1530 
1381 1513 1514 1532 1531 
1382 1514 1515 1533 1532 
1383 1515 1516 1534 1533 
1384 1516 1517 1535 1534 
1385 1517 1518 1536 1535 
1386 1518 1519 1537 1536 
1387 1519 1520 1538 1537 
1388 1520 1521 1539 1538 
1389 1521 1522 1540 1539 
1390 1522 247 248 1540 
1391 144 1523 1541 145 
1392 1523 1524 1542 1541 
1393 1524 1525 1543 1542 
1394 1525 1526 1544 1543 
1395 1526 1527 1545 1544 
1396 1527 1528 1546 1545 
1397 1528 1529 1547 1546 
1398 1529 1530 1548 1547 
1399 1530 1531 1549 1548 
1400 1531 1532 1550 1549 
1401 1532 1533 1551 1550 
1402 1533 1534 1552 1551 
1403 1534 1535 1553 1552 
1404 1535 1536 1554 1553 
1405 1536 1537 1555 1554 
1406 1537 1538 1556 1555 
1407 1538 1539 1557 1556 
1408 1539 1540 1558 1557 
1409 1540 248 249 1558 
1410 145 1541 1559 146 
1411 1541 1542 1560 1559 
1412 1542 1543 1561 1560 
1413 1543 1544 1562 1561 
1414 1544 1545 1563 1562 
1415 1545 1546 1564 1563 
1416 1546 1547 1565 1564 
1417 1547 1548 1566 1565 
1418 1548 1549 1567 1566 
1419 1549 1550 1568 1567 
1420 1550 1551 1569 1568 
1421 1551 1552 1570 1569 
1422 1552 1553 1571 1570 
1423 1553 1554 1572 1571 
1424 1554 1555 1573 1572 
1425 1555 1556 1574 1573 
1426 1556 1557 1575 1574 
1427 1557 1558 1576 1575 
1428 1558 249 250 1576 
1429 146 1559 1577 147 
1430 1559 1560 1578 1577 
1431 1560 1561 1579 1578 
1432 1561 1562 1580 1579 
1433 1562 1563 1581 1580 
1434 1563 1564 1582 1581 
1435 1564 1565 1583 1582 
1436 1565 1566 1584 1583 
1437 1566 1567 1585 1584 
1438 1567 1568 1586 1585 
1439 1568 1569 1587 1586 
1440 1569 1570 1588 1587 
1441 1570 1571 1589 1588 
1442 1571 1572 1590 1589 
1443 1572 1573 1591 1590 
1444 1573 1574 1592 1591 
1445 1574 1575 1593 1592 
1446 1575 1576 1594 1593 
1447 1576 250 251 1594 
1448 147 1577 1595 148 
1449 1577 1578 1596 1595 
1450 1578 1579 1597 1596 
1451 1579 1580 1598 1597 
1452 1580 1581 1599 1598 
1453 1581 1582 1600 1599 
1454 1582 1583 1601 1600 
1455 1583 1584 1602 1601 
1456 1584 1585 1603 1602 
1457 1585 1586 1604 1603 
1458 1586 1587 1605 1604 
1459 1587 1588 1606 1605 
1460 1588 1589 1607 1606 
1461 1589 1590 1608 1607 
1462 1590 1591 1609 1608 
1463 1591 1592 1610 1609 
1464 1592 1593 1611 1610 
1465 1593 1594 1612 1611 
1466 1594 251 252 1612 
1467 148 1595 1613 149 
1468 1595 1596 1614 1613 
1469 1596 1597 1615 1614 
1470 1597 1598 1616 1615 
1471 1598 1599 1617 1616 
1472 1599 1600 1618 1617 
1473 1600 1601 1619 1618 
1474 1601 1602 1620 1619 
1475 1602 1603 1621 1620 
1476 1603 1604 1622 1621 
1477 1604 1605 1623 1622 
1478 1605 1606 1624 1623 
1479 1606 1607 1625 1624 
1480 1607 1608 1626 1625 
1481 1608 1609 1627 1626 
1482 1609 1610 1628 1627 
1483 1610 1611 1629 1628 
1484 1611 1612 1630 1629 
1485 1612 252 253 1630 
1486 149 1613 1631 150 
1487 1613 1614 1632 1631 
1488 1614 1615 1633 1632 
1489 1615 1616 1634 1633 
1490 1616 1617 1635 1634 
1491 1617 1618 1636 1635 
1492 1618 1619 1637 1636 
1493 1619 1620 1638 1637 
1494 1620 1621 1639 1638 
1495 1621 1622 1640 1639 
1496 1622 1623 1641 1640 
1497 1623 1624 1642 1641 
1498 1624 1625 1643 1642 
1499 1625 1626 1644 1643 
1500 1626 1627 1645 1644 
1501 1627 1628 1646 1645 
1502 1628 1629 1647 1646 
1503 1629 1630 1648 1647 
1504 1630 253 254 1648 
1505 150 1631 1649 151 
1506 1631 1632 1650 1649 
1507 1632 1633 1651 1650 
1508 1633 1634 1652 1651 
1509 1634 1635 1653 1652 
1510 1635 1636 1654 1653 
1511 1636 1637 1655 1654 
1512 1637 1638 1656 1655 
1513 1638 1639 1657 1656 
1514 1639 1640 1658 1657 
1515 1640 1641 1659 1658 
1516 1641 1642 1660 1659 
1517 1642 1643 1661 1660 
1518 1643 1644 1662 1661 
1519 1644 1645 1663 1662 
1520 1645 1646 1664 1663 
1521 1646 1647 1665 1664 
1522 1647 1648 1666 1665 
1523 1648 254 255 1666 
1524 151 1649 1667 152 
1525 1649 1650 1668 1667 
1526 1650 1651 1669 1668 
1527 1651 1652 1670 1669 
1528 1652 1653 1671 1670 
1529 1653 1654 1672 1671 
1530 1654 1655 1673 1672 
1531 1655 1656 1674 1673 
1532 1656 1657 1675 1674 
1533 1657 1658 1676 1675 
1534 1658 1659 1677 1676 
1535 1659 1660 1678 1677 
1536 1660 1661 1679 1678 
1537 1661 1662 1680 1679 
1538 1662 1663 1681 1680 
1539 1663 1664 1682 1681 
1540 1664 1665 1683 1682 
1541 1665 1666 1684 1683 
1542 1666 255 256 1684 
1543 152 1667 1685 153 
1544 1667 1668 1686 1685 
1545 1668 1669 1687 1686 
1546 1669 1670 1688 1687 
1547 1670 1671 1689 1688 
1548 1671 1672 1690 1689 
1549 1672 1673 1691 1690 
1550 1673 1674 1692 1691 
1551 1674 1675 1693 1692 
1552 1675 1676 1694 1693 
1553 1676 1677 1695 1694 
1554 1677 1678 1696 1695 
1555 1678 1679 1697 1696 
1556 1679 1680 1698 1697 
1557 1680 1681 1699 1698 
1558 1681 1682 1700 1699 
1559 1682 1683 1701 1700 
1560 1683 1684 1702 1701 
1561 1684 256 257 1702 
1562 153 1685 1703 154 
1563 1685 1686 1704 1703 
1564 1686 1687 1705 1704 
1565 1687 1688 1706 1705 
1566 1688 1689 1707 1706 
1567 1689 1690 1708 1707 
1568 1690 1691 1709 1708 
1569 1691 1692 1710 1709 
1570 1692 1693 1711 1710 
1571 1693 1694 1712 1711 
1572 1694 1695 1713 1712 
1573 1695 1696 1714 1713 
1574 1696 1697 1715 1714 
1575 1697 1698 1716 1715 
1576 1698 1699 1717 1716 
1577 1699 1700 1718 1717 
1578 1700 1701 1719 1718 
1579 1701 1702 1720 1719 
1580 1702 257 258 1720 
1581 154 1703 1721 155 
1582 1703 1704 1722 1721 
1583 1704 1705 1723 1722 
1584 1705 1706 1724 1723 
1585 1706 1707 1725 1724 
1586 1707 1708 1726 1725 
1587 1708 1709 1727 1726 
1588 1709 1710 1728 1727 
1589 1710 1711 1729 1728 
1590 1711 1712 1730 1729 
1591 1712 1713 1731 1730 
1592 1713 1714 1732 1731 
1593 1714 1715 1733 1732 
1594 1715 1716 1734 1733 
1595 1716 1717 1735 1734 
1596 1717 1718 1736 1735 
1597 1718 1719 1737 1736 
1598 1719 1720 1738 1737 
1599 1720 258 259 1738 
1600 155 1721 1739 156 
1601 1721 1722 1740 1739 
1602 1722 1723 1741 1740 
1603 1723 1724 1742 1741 
1604 1724 1725 1743 1742 
1605 1725 1726 1744 1743 
1606 1726 1727 1745 1744 
1607 1727 1728 1746 1745 
1608 1728 1729 1747 1746 
1609 1729 1730 1748 1747 
1610 1730 1731 1749 1748 
1611 1731 1732 1750 1749 
1612 1732 1733 1751 1750 
1613 1733 1734 1752 1751 
1614 1734 1735 1753 1752 
1615 1735 1736 1754 1753 
1616 1736 1737 1755 1754 
1617 1737 1738 1756 1755 
1618 1738 259 260 1756 
1619 156 1739 1757 157 
1620 1739 1740 1758 1757 
1621 1740 1741 1759 1758 
1622 1741 1742 1760 1759 
1623 1742 1743 1761 1760 
1624 1743 1744 1762 1761 
1625 1744 1745 1763 1762 
1626 1745 1746 1764 1763 
1627 1746 1747 1765 1764 
1628 1747 1748 1766 1765 
1629 1748 1749 1767 1766 
1630 1749 1750 1768 1767 
1631 1750 1751 1769 1768 
1632 1751 1752 1770 1769 
1633 1752 1753 1771 1770 
1634 1753 1754 1772 1771 
1635 1754 1755 1773 1772 
1636 1755 1756 1774 1773 
1637 1756 260 261 1774 
1638 157 1757 1775 158 
1639 1757 1758 1776 1775 
1640 1758 1759 1777 1776 
1641 1759 1760 1778 1777 
1642 1760 1761 1779 1778 
1643 1761 1762 1780 1779 
1644 1762 1763 1781 1780 
1645 1763 1764 1782 1781 
1646 1764 1765 1783 1782 
1647 1765 1766 1784 1783 
1648 1766 1767 1785 1784 
1649 1767 1768 1786 1785 
1650 1768 1769 1787 1786 
1651 1769 1770 1788 1787 
1652 1770 1771 1789 1788 
1653 1771 1772 1790 1789 
1654 1772 1773 1791 1790 
1655 1773 1774 1792 1791 
1656 1774 261 262 1792 
1657 158 1775 1793 159 
1658 1775 1776 1794 1793 
1659 1776 1777 1795 1794 
1660 1777 1778 1796 1795 
1661 1778 1779 1797 1796 
1662 1779 1780 1798 1797 
1663 1780 1781 1799 1798 
1664 1781 1782 1800 1799 
1665 1782 1783 1801 1800 
1666 1783 1784 1802 1801 
1667 1784 1785 1803 1802 
1668 1785 1786 1804 1803 
1669 1786 1787 1805 1804 
1670 1787 1788 1806 1805 
1671 1788 1789 1807 1806 
1672 1789 1790 1808 1807 
1673 1790 1791 1809 1808 
1674 1791 1792 1810 1809 
1675 1792 262 263 1810 
1676 159 1793 1811 160 
1677 1793 1794 1812 1811 
1678 1794 1795 1813 1812 
1679 1795 1796 1814 1813 
1680 1796 1797 1815 1814 
1681 1797 1798 1816 1815 
1682 1798 1799 1817 1816 
1683 1799 1800 1818 1817 
1684 1800 1801 1819 1818 
1685 1801 1802 1820 1819 
1686 1802 1803 1821 1820 
1687 1803 1804 1822 1821 
1688 1804 1805 1823 1822 
1689 1805 1806 1824 1823 
1690 1806 1807 1825 1824 
1691 1807 1808 1826 1825 
1692 1808 1809 1827 1826 
1693 1809 1810 1828 1827 
1694 1810 263 264 1828 
1695 160 1811 1829 161 
1696 1811 1812 1830 1829 
1697 1812 1813 1831 1830 
1698 1813 1814 1832 1831 
1699 1814 1815 1833 1832 
1700 1815 1816 1834 1833 
1701 1816 1817 1835 1834 
1702 1817 1818 1836 1835 
1703 1818 1819 1837 1836 
1704 1819 1820 1838 1837 
1705 1820 1821 1839 1838 
1706 1821 1822 1840 1839 
1707 1822 1823 1841 1840 
1708 1823 1824 1842 1841 
1709 1824 1825 1843 1842 
1710 1825 1826 1844 1843 
1711 1826 1827 1845 1844 
1712 1827 1828 1846 1845 
1713 1828 264 265 1846 
1714 161 1829 1847 162 
1715 1829 1830 1848 1847 
1716 1830 1831 1849 1848 
1717 1831 1832 1850 1849 
1718 1832 1833 1851 1850 
1719 1833 1834 1852 1851 
1720 1834 1835 1853 1852 
1721 1835 1836 1854 1853 
1722 1836 1837 1855 1854 
1723 1837 1838 1856 1855 
1724 1838 1839 1857 1856 
1725 1839 1840 1858 1857 
1726 1840 1841 1859 1858 
1727 1841 1842 1860 1859 
1728 1842 1843 1861 1860 
1729 1843 1844 1862 1861 
1730 1844 1845 1863 1862 
1731 1845 1846 1864 1863 
1732 1846 265 266 1864 
1733 162 1847 1865 163 
1734 1847 1848 1866 1865 
1735 1848 1849 1867 1866 
1736 1849 1850 1868 1867 
1737 1850 1851 1869 1868 
1738 1851 1852 1870 1869 
1739 1852 1853 1871 1870 
1740 1853 1854 1872 1871 
1741 1854 1855 1873 1872 
1742 1855 1856 1874 1873 
1743 1856 1857 1875 1874 
1744 1857 1858 1876 1875 
1745 1858 1859 1877 1876 
1746 1859 1860 1878 1877 
1747 1860 1861 1879 1878 
1748 1861 1862 1880 1879 
1749 1862 1863 1881 1880 
1750 1863 1864 1882 1881 
1751 1864 266 267 1882 
1752 163 1865 1883 164 
1753 1865 1866 1884 1883 
1754 1866 1867 1885 1884 
1755 1867 1868 1886 1885 
1756 1868 1869 1887 1886 
1757 1869 1870 1888 1887 
1758 1870 1871 1889 1888 
1759 1871 1872 1890 1889 
1760 1872 1873 1891 1890 
1761 1873 1874 1892 1891 
1762 1874 1875 1893 1892 
1763 1875 1876 1894 1893 
1764 1876 1877 1895 1894 
1765 1877 1878 1896 1895 
1766 1878 1879 1897 1896 
1767 1879 1880 1898 1897 
1768 1880 1881 1899 1898 
1769 1881 1882 1900 1899 
1770 1882 267 268 1900 
1771 164 1883 1901 165 
1772 1883 1884 1902 1901 
1773 1884 1885 1903 1902 
1774 1885 1886 1904 1903 
1775 1886 1887 1905 1904 
1776 1887 1888 1906 1905 
1777 1888 1889 1907 1906 
1778 1889 1890 1908 1907 
1779 1890 1891 1909 1908 
1780 1891 1892 1910 1909 
1781 1892 1893 1911 1910 
1782 1893 1894 1912 1911 
1783 1894 1895 1913 1912 
1784 1895 1896 1914 1913 
1785 1896 1897 1915 1914 
1786 1897 1898 1916 1915 
1787 1898 1899 1917 1916 
1788 1899 1900 1918 1917 
1789 1900 268 269 1918 
1790 165 1901 1919 166 
1791 1901 1902 1920 1919 
1792 1902 1903 1921 1920 
1793 1903 1904 1922 1921 
1794 1904 1905 1923 1922 
1795 1905 1906 1924 1923 
1796 1906 1907 1925 1924 
1797 1907 1908 1926 1925 
1798 1908 1909 1927 1926 
1799 1909 1910 1928 1927 
1800 1910 1911 1929 1928 
1801 1911 1912 1930 1929 
1802 1912 1913 1931 1930 
1803 1913 1914 1932 1931 
1804 1914 1915 1933 1932 
1805 1915 1916 1934 1933 
1806 1916 1917 1935 1934 
1807 1917 1918 1936 1935 
1808 1918 269 270 1936 
1809 166 1919 184 46 
1810 1919 1920 183 184 
1811 1920 1921 182 183 
1812 1921 1922 181 182 
1813 1922 1923 180 181 
1814 1923 1924 179 180 
1815 1924 1925 178 179 
1816 1925 1926 177 178 
1817 1926 1927 176 177 
1818 1927 1928 175 176 
1819 1928 1929 174 175 
1820 1929 1930 173 174 
1821 1930 1931 172 173 
1822 1931 1932 171 172 
1823 1932 1933 170 171 
1824 1933 1934 169 170 
1825 1934 1935 168 169 
1826 1935 1936 167 168 
1827 1936 270 44 167 
2 6 3 1311
1828 27 28 1937 102 
1829 28 29 1938 1937 
1830 29 30 1939 1938 
1831 30 31 1940 1939 
1832 31 32 1941 1940 
1833 32 33 1942 1941 
1834 33 34 1943 1942 
1835 34 35 1944 1943 
1836 35 36 1945 1944 
1837 36 37 1946 1945 
1838 37 38 1947 1946 
1839 38 39 1948 1947 
1840 39 40 1949 1948 
1841 40 1 1950 1949 
1842 1 113 1951 1950 
1843 113 114 1952 1951 
1844 114 115 1953 1952 
1845 115 116 1954 1953 
1846 116 117 1955 1954 
1847 117 118 1956 1955 
1848 118 119 1957 1956 
1849 119 120 1958 1957 
1850 120 121 1959 1958 
1851 121 122 1960 1959 
1852 122 123 1961 1960 
1853 123 124 1962 1961 
1854 124 125 1963 1962 
1855 125 126 1964 1963 
1856 126 127 1965 1964 
1857 127 128 1966 1965 
1858 128 129 1967 1966 
1859 129 130 1968 1967 
1860 130 131 1969 1968 
1861 131 132 1970 1969 
1862 132 133 1971 1970 
1863 133 134 1972 1971 
1864 134 135 1973 1972 
1865 135 136 1974 1973 
1866 136 137 1975 1974 
1867 137 138 1976 1975 
1868 138 139 1977 1976 
1869 139 140 1978 1977 
1870 140 141 1979 1978 
1871 141 142 1980 1979 
1872 142 143 1981 1980 
1873 143 144 1982 1981 
1874 144 145 1983 1982 
1875 145 146 1984 1983 
1876 146 147 1985 1984 
1877 147 148 1986 1985 
1878 148 149 1987 1986 
1879 149 150 1988 1987 
1880 150 151 1989 1988 
1881 151 152 1990 1989 
1882 152 153 1991 1990 
1883 153 154 1992 1991 
1884 154 155 1993 1992 
1885 155 156 1994 1993 
1886 156 157 1995 1994 
1887 157 158 1996 1995 
1888 158 159 1997 1996 
1889 159 160 1998 1997 
1890 160 161 1999 1998 
1891 161 162 2000 1999 
1892 162 163 2001 2000 
1893 163 164 2002 2001 
1894 164 165 2003 2002 
1895 165 166 2004 2003 
1896 166 46 202 2004 
1897 102 1937 2005 101 
1898 1937 1938 2006 2005 
1899 1938 1939 2007 2006 
1900 1939 1940 2008 2007 
1901 1940 1941 2009 2008 
1902 1941 1942 2010 2009 
1903 1942 1943 2011 2010 
1904 1943 1944 2012 2011 
1905 1944 1945 2013 2012 
1906 1945 1946 2014 2013 
1907 1946 1947 2015 2014 
1908 1947 1948 2016 2015 
1909 1948 1949 2017 2016 
1910 1949 1950 2018 2017 
1911 1950 1951 2019 2018 
1912 1951 1952 2020 2019 
1913 1952 1953 2021 2020 
1914 1953 1954 2022 2021 
1915 1954 1955 2023 2022 
1916 1955 1956 2024 2023 
1917 1956 1957 2025 2024 
1918 1957 1958 2026 2025 
1919 1958 1959 2027 2026 
1920 1959 1960 2028 2027 
1921 1960 1961 2029 2028 
1922 1961 1962 2030 2029 
1923 1962 1963 2031 2030 
1924 1963 1964 2032 2031 
1925 1964 1965 2033 2032 
1926 1965 1966 2034 2033 
1927 1966 1967 2035 2034 
1928 1967 1968 2036 2035 
1929 1968 1969 2037 2036 
1930 1969 1970 2038 2037 
1931 1970 1971 2039 2038 
1932 1971 1972 2040 2039 
1933 1972 1973 2041 2040 
1934 1973 1974 2042 2041 
1935 1974 1975 2043 2042 
1936 1975 1976 2044 2043 
1937 1976 1977 2045 2044 
1938 1977 1978 2046 2045 
1939 1978 1979 2047 2046 
1940 1979 1980 2048 2047 
1941 1980 1981 2049 2048 
1942 1981 1982 2050 2049 
1943 1982 1983 2051 2050 
1944 1983 1984 2052 2051 
1945 1984 1985 2053 2052 
1946 1985 1986 2054 2053 
1947 1986 1987 2055 2054 
1948 1987 1988 2056 2055 
1949 1988 1989 2057 2056 
1950 1989 1990 2058 2057 
1951 1990 1991 2059 2058 
1952 1991 1992 2060 2059 
1953 1992 1993 2061 2060 
1954 1993 1994 2062 2061 
1955 1994 1995 2063 2062 
1956 1995 1996 2064 2063 
1957 1996 1997 2065 2064 
1958 1997 1998 2066 2065 
1959 1998 1999 2067 2066 
1960 1999 2000 2068 2067 
1961 2000 2001 2069 2068 
1962 2001 2002 2070 2069 
1963 2002 2003 2071 2070 
1964 2003 2004 2072 2071 
1965 2004 202 201 2072 
1966 101 2005 2073 100 
1967 2005 2006 2074 2073 
1968 2006 2007 2075 2074 
1969 2007 2008 2076 2075 
1970 2008 2009 2077 2076 
1971 2009 2010 2078 2077 
1972 2010 2011 2079 2078 
1973 2011 2012 2080 2079 
1974 2012 2013 2081 2080 
1975 2013 2014 2082 2081 
1976 2014 2015 2083 2082 
1977 2015 2016 2084 2083 
1978 2016 2017 2085 2084 
1979 2017 2018 2086 2085 
1980 2018 2019 2087 2086 
1981 2019 2020 2088 2087 
1982 2020 2021 2089 2088 
1983 2021 2022 2090 2089 
1984 2022 2023 2091 2090 
1985 2023 2024 2092 2091 
1986 2024 2025 2093 2092 
1987 2025 2026 2094 2093 
1988 2026 2027 2095 2094 
1989 2027 2028 2096 2095 
1990 2028 2029 2097 2096 
1991 2029 2030 2098 2097 
1992 2030 2031 2099 2098 
1993 2031 2032 2100 2099 
1994 2032 2033 2101 2100 
1995 2033 2034 2102 2101 
1996 2034 2035 2103 2102 
1997 2035 2036 2104 2103 
1998 2036 2037 2105 2104 
1999 2037 2038 2106 2105 
2000 2038 2039 2107 2106 
2001 2039 2040 2108 2107 
2002 2040 2041 2109 2108 
2003 2041 2042 2110 2109 
2004 2042 2043 2111 2110 
2005 2043 2044 2112 2111 
2006 2044 2045 2113 2112 
2007 2045 2046 2114 2113 
2008 2046 2047 2115 2114 
2009 2047 2048 2116 2115 
2010 2048 2049 2117 2116 
2011 2049 2050 2118 2117 
2012 2050 2051 2119 2118 
2013 2051 2052 2120 2119 
2014 2052 2053 2121 2120 
2015 2053 2054 2122 2121 
2016 2054 2055 2123 2122 
2017 2055 2056 2124 2123 
2018 2056 2057 2125 2124 
2019 2057 2058 2126 2125 
2020 2058 2059 2127 2126 
2021 2059 2060 2128 2127 
2022 2060 2061 2129 2128 
2023 2061 2062 2130 2129 
2024 2062 2063 2131 2130 
2025 2063 2064 2132 2131 
2026 2064 2065 2133 2132 
2027 2065 2066 2134 2133 
2028 2066 2067 2135 2134 
2029 2067 2068 2136 2135 
2030 2068 2069 2137 2136 
2031 2069 2070 2138 2137 
2032 2070 2071 2139 2138 
2033 2071 2072 2140 2139 
2034 2072 201 200 2140 
2035 100 2073 2141 99 
2036 2073 2074 2142 2141 
2037 2074 2075 2143 2142 
2038 2075 2076 2144 2143 
2039 2076 2077 2145 2144 
2040 2077 2078 2146 2145 
2041 2078 2079 2147 2146 
2042 2079 2080 2148 2147 
2043 2080 2081 2149 2148 
2044 2081 2082 2150 2149 
2045 2082 2083 2151 2150 
2046 2083 2084 2152 2151 
2047 2084 2085 2153 2152 
2048 2085 2086 2154 2153 
2049 2086 2087 2155 2154 
2050 2087 2088 2156 2155 
2051 2088 2089 2157 2156 
2052 2089 2090 2158 2157 
2053 2090 2091 2159 2158 
2054 2091 2092 2160 2159 
2055 2092 2093 2161 2160 
2056 2093 2094 2162 2161 
2057 2094 2095 2163 2162 
2058 2095 2096 2164 2163 
2059 2096 2097 2165 2164 
2060 2097 2098 2166 2165 
2061 2098 2099 2167 2166 
2062 2099 2100 2168 2167 
2063 2100 2101 2169 2168 
2064 2101 2102 2170 2169 
2065 2102 2103 2171 2170 
2066 2103 2104 2172 2171 
2067 2104 2105 2173 2172 
2068 2105 2106 2174 2173 
2069 2106 2107 2175 2174 
2070 2107 2108 2176 2175 
2071 2108 2109 2177 2176 
2072 2109 2110 2178 2177 
2073 2110 2111 2179 2178 
2074 2111 2112 2180 2179 
2075 2112 2113 2181 2180 
2076 2113 2114 2182 2181 
2077 2114 2115 2183 2182 
2078 2115 2116 2184 2183 
2079 2116 2117 2185 2184 
2080 2117 2118 2186 2185 
2081 2118 2119 2187 2186 
2082 2119 2120 2188 2187 
2083 2120 2121 2189 2188 
2084 2121 2122 2190 2189 
2085 2122 2123 2191 2190 
2086 2123 2124 2192 2191 
2087 2124 2125 2193 2192 
2088 2125 2126 2194 2193 
2089 2126 2127 2195 2194 
2090 2127 2128 2196 2195 
2091 2128 2129 2197 2196 
2092 2129 2130 2198 2197 
2093 2130 2131 2199 2198 
2094 2131 2132 2200 2199 
2095 2132 2133 2201 2200 
2096 2133 2134 2202 2201 
2097 2134 2135 2203 2202 
2098 2135 2136 2204 2203 
2099 2136 2137 2205 2204 
2100 2137 2138 2206 2205 
2101 2138 2139 2207 2206 
2102 2139 2140 2208 2207 
2103 2140 200 199 2208 
2104 99 2141 2209 98 
2105 2141 2142 2210 2209 
2106 2142 2143 2211 2210 
2107 2143 2144 2212 2211 
2108 2144 2145 2213 2212 
2109 2145 2146 2214 2213 
2110 2146 2147 2215 2214 
2111 2147 2148 2216 2215 
2112 2148 2149 2217 2216 
2113 2149 2150 2218 2217 
2114 2150 2151 2219 2218 
2115 2151 2152 2220 2219 
2116 2152 2153 2221 2220 
2117 2153 2154 2222 2221 
2118 2154 2155 2223 2222 
2119 2155 2156 2224 2223 
2120 2156 2157 2225 2224 
2121 2157 2158 2226 2225 
2122 2158 2159 2227 2226 
2123 2159 2160 2228 2227 
2124 2160 2161 2229 2228 
2125 2161 2162 2230 2229 
2126 2162 2163 2231 2230 
2127 2163 2164 2232 2231 
2128 2164 2165 2233 2232 
2129 2165 2166 2234 2233 
2130 2166 2167 2235 2234 
2131 2167 2168 2236 2235 
2132 2168 2169 2237 2236 
2133 2169 2170 2238 2237 
2134 2170 2171 2239 2238 
2135 2171 2172 2240 2239 
2136 2172 2173 2241 2240 
2137 2173 2174 2242 2241 
2138 2174 2175 2243 2242 
2139 2175 2176 2244 2243 
2140 2176 2177 2245 2244 
2141 2177 2178 2246 2245 
2142 2178 2179 2247 2246 
2143 2179 2180 2248 2247 
2144 2180 2181 2249 2248 
2145 2181 2182 2250 2249 
2146 2182 2183 2251 2250 
2147 2183 2184 2252 2251 
2148 2184 2185 2253 2252 
2149 2185 2186 2254 2253 
2150 2186 2187 2255 2254 
2151 2187 2188 2256 2255 
2152 2188 2189 2257 2256 
2153 2189 2190 2258 2257 
2154 2190 2191 2259 2258 
2155 2191 2192 2260 2259 
2156 2192 2193 2261 2260 
2157 2193 2194 2262 2261 
2158 2194 2195 2263 2262 
2159 2195 2196 2264 2263 
2160 2196 2197 2265 2264 
2161 2197 2198 2266 2265 
2162 2198 2199 2267 2266 
2163 2199 2200 2268 2267 
2164 2200 2201 2269 2268 
2165 2201 2202 2270 2269 
2166 2202 2203 2271 2270 
2167 2203 2204 2272 2271 
2168 2204 2205 2273 2272 
2169 2205 2206 2274 2273 
2170 2206 2207 2275 2274 
2171 2207 2208 2276 2275 
2172 2208 199 198 2276 
2173 98 2209 2277 97 
2174 2209 2210 2278 2277 
2175 2210 2211 2279 2278 
2176 2211 2212 2280 2279 
2177 2212 2213 2281 2280 
2178 2213 2214 2282 2281 
2179 2214 2215 2283 2282 
2180 2215 2216 2284 2283 
2181 2216 2217 2285 2284 
2182 2217 2218 2286 2285 
2183 2218 2219 2287 2286 
2184 2219 2220 2288 2287 
2185 2220 2221 2289 2288 
2186 2221 2222 2290 2289 
2187 2222 2223 2291 2290 
2188 2223 2224 2292 2291 
2189 2224 2225 2293 2292 
2190 2225 2226 2294 2293 
2191 2226 2227 2295 2294 
2192 2227 2228 2296 2295 
2193 2228 2229 2297 2296 
2194 2229 2230 2298 2297 
2195 2230 2231 2299 2298 
2196 2231 2232 2300 2299 
2197 2232 2233 2301 2300 
2198 2233 2234 2302 2301 
2199 2234 2235 2303 2302 
2200 2235 2236 2304 2303 
2201 2236 2237 2305 2304 
2202 2237 2238 2306 2305 
2203 2238 2239 2307 2306 
2204 2239 2240 2308 2307 
2205 2240 2241 2309 2308 
2206 2241 2242 2310 2309 
2207 2242 2243 2311 2310 
2208 2243 2244 2312 2311 
2209 2244 2245 2313 2312 
2210 2245 2246 2314 2313 
2211 2246 2247 2315 2314 
2212 2247 2248 2316 2315 
2213 2248 2249 2317 2316 
2214 2249 2250 2318 2317 
2215 2250 2251 2319 2318 
2216 2251 2252 2320 2319 
2217 2252 2253 2321 2320 
2218 2253 2254 2322 2321 
2219 2254 2255 2323 2322 
2220 2255 2256 2324 2323 
2221 2256 2257 2325 2324 
2222 2257 2258 2326 2325 
2223 2258 2259 2327 2326 
2224 2259 2260 2328 2327 
2225 2260 2261 2329 2328 
2226 2261 2262 2330 2329 
2227 2262 2263 2331 2330 
2228 2263 2264 2332 2331 
2229 2264 2265 2333 2332 
2230 2265 2266 2334 2333 
2231 2266 2267 2335 2334 
2232 2267 2268 2336 2335 
2233 2268 2269 2337 2336 
2234 2269 2270 2338 2337 
2235 2270 2271 2339 2338 
2236 2271 2272 2340 2339 
2237 2272 2273 2341 2340 
2238 2273 2274 2342 2341 
2239 2274 2275 2343 2342 
2240 2275 2276 2344 2343 
2241 2276 198 197 2344 
2242 97 2277 2345 96 
2243 2277 2278 2346 2345 
2244 2278 2279 2347 2346 
2245 2279 2280 2348 2347 
2246 2280 2281 2349 2348 
2247 2281 2282 2350 2349 
2248 2282 2283 2351 2350 
2249 2283 2284 2352 2351 
2250 2284 2285 2353 2352 
2251 2285 2286 2354 2353 
2252 2286 2287 2355 2354 
2253 2287 2288 2356 2355 
2254 2288 2289 2357 2356 
2255 2289 2290 2358 2357 
2256 2290 2291 2359 2358 
2257 2291 2292 2360 2359 
2258 2292 2293 2361 2360 
2259 2293 2294 2362 2361 
2260 2294 2295 2363 2362 
2261 2295 2296 2364 2363 
2262 2296 2297 2365 2364 
2263 2297 2298 2366 2365 
2264 2298 2299 2367 2366 
2265 2299 2300 2368 2367 
2266 2300 2301 2369 2368 
2267 2301 2302 2370 2369 
2268 2302 2303 2371 2370 
2269 2303 2304 2372 2371 
2270 2304 2305 2373 2372 
2271 2305 2306 2374 2373 
2272 2306 2307 2375 2374 
2273 2307 2308 2376 2375 
2274 2308 2309 2377 2376 
2275 2309 2310 2378 2377 
2276 2310 2311 2379 2378 
2277 2311 2312 2380 2379 
2278 2312 2313 2381 2380 
2279 2313 2314 2382 2381 
2280 2314 2315 2383 2382 
2281 2315 2316 2384 2383 
2282 2316 2317 2385 2384 
2283 2317 2318 2386 2385 
2284 2318 2319 2387 2386 
2285 2319 2320 2388 2387 
2286 2320 2321 2389 2388 
2287 2321 2322 2390 2389 
2288 2322 2323 2391 2390 
2289 2323 2324 2392 2391 
2290 2324 2325 2393 2392 
2291 2325 2326 2394 2393 
2292 2326 2327 2395 2394 
2293 2327 2328 2396 2395 
2294 2328 2329 2397 2396 
2295 2329 2330 2398 2397 
2296 2330 2331 2399 2398 
2297 2331 2332 2400 2399 
2298 2332 2333 2401 2400 
2299 2333 2334 2402 2401 
2300 2334 2335 2403 2402 
2301 2335 2336 2404 2403 
2302 2336 2337 2405 2404 
2303 2337 2338 2406 2405 
2304 2338 2339 2407 2406 
2305 2339 2340 2408 2407 
2306 2340 2341 2409 2408 
2307 2341 2342 2410 2409 
2308 2342 2343 2411 2410 
2309 2343 2344 2412 2411 
2310 2344 197 196 2412 
2311 96 2345 2413 95 
2312 2345 2346 2414 2413 
2313 2346 2347 2415 2414 
2314 2347 2348 2416 2415 
2315 2348 2349 2417 2416 
2316 2349 2350 2418 2417 
2317 2350 2351 2419 2418 
2318 2351 2352 2420 2419 
2319 2352 2353 2421 2420 
2320 2353 2354 2422 2421 
2321 2354 2355 2423 2422 
2322 2355 2356 2424 2423 
2323 2356 2357 2425 2424 
2324 2357 2358 2426 2425 
2325 2358 2359 2427 2426 
2326 2359 2360 2428 2427 
2327 2360 2361 2429 2428 
2328 2361 2362 2430 2429 
2329 2362 2363 2431 2430 
2330 2363 2364 2432 2431 
2331 2364 2365 2433 2432 
2332 2365 2366 2434 2433 
2333 2366 2367 2435 2434 
2334 2367 2368 2436 2435 
2335 2368 2369 2437 2436 
2336 2369 2370 2438 2437 
2337 2370 2371 2439 2438 
2338 2371 2372 2440 2439 
2339 2372 2373 2441 2440 
2340 2373 2374 2442 2441 
2341 2374 2375 2443 2442 
2342 2375 2376 2444 2443 
2343 2376 2377 2445 2444 
2344 2377 2378 2446 2445 
2345 2378 2379 2447 2446 
2346 2379 2380 2448 2447 
2347 2380 2381 2449 2448 
2348 2381 2382 2450 2449 
2349 2382 2383 2451 2450 
2350 2383 2384 2452 2451 
2351 2384 2385 2453 2452 
2352 2385 2386 2454 2453 
2353 2386 2387 2455 2454 
2354 2387 2388 2456 2455 
2355 2388 2389 2457 2456 
2356 2389 2390 2458 2457 
2357 2390 2391 2459 2458 
2358 2391 2392 2460 2459 
2359 2392 2393 2461 2460 
2360 2393 2394 2462 2461 
2361 2394 2395 2463 2462 
2362 2395 2396 2464 2463 
2363 2396 2397 2465 2464 
2364 2397 2398 2466 2465 
2365 2398 2399 2467 2466 
2366 2399 2400 2468 2467 
2367 2400 2401 2469 2468 
2368 2401 2402 2470 2469 
2369 2402 2403 2471 2470 
2370 2403 2404 2472 2471 
2371 2404 2405 2473 2472 
2372 2405 2406 2474 2473 
2373 2406 2407 2475 2474 
2374 2407 2408 2476 2475 
2375 2408 2409 2477 2476 
2376 2409 2410 2478 2477 
2377 2410 2411 2479 2478 
2378 2411 2412 2480 2479 
2379 2412 196 195 2480 
2380 95 2413 2481 94 
2381 2413 2414 2482 2481 
2382 2414 2415 2483 2482 
2383 2415 2416 2484 2483 
2384 2416 2417 2485 2484 
2385 2417 2418 2486 2485 
2386 2418 2419 2487 2486 
2387 2419 2420 2488 2487 
2388 2420 2421 2489 2488 
2389 2421 2422 2490 2489 
2390 2422 2423 2491 2490 
2391 2423 2424 2492 2491 
2392 2424 2425 2493 2492 
2393 2425 2426 2494 2493 
2394 2426 2427 2495 2494 
2395 2427 2428 2496 2495 
2396 2428 2429 2497 2496 
2397 2429 2430 2498 2497 
2398 2430 2431 2499 2498 
2399 2431 2432 2500 2499 
2400 2432 2433 2501 2500 
2401 2433 2434 2502 2501 
2402 2434 2435 2503 2502 
2403 2435 2436 2504 2503 
2404 2436 2437 2505 2504 
2405 2437 2438 2506 2505 
2406 2438 2439 2507 2506 
2407 2439 2440 2508 2507 
2408 2440 2441 2509 2508 
2409 2441 2442 2510 2509 
2410 2442 2443 2511 2510 
2411 2443 2444 2512 2511 
2412 2444 2445 2513 2512 
2413 2445 2446 2514 2513 
2414 2446 2447 2515 2514 
2415 2447 2448 2516 2515 
2416 2448 2449 2517 2516 
2417 2449 2450 2518 2517 
2418 2450 2451 2519 2518 
2419 2451 2452 2520 2519 
2420 2452 2453 2521 2520 
2421 2453 2454 2522 2521 
2422 2454 2455 2523 2522 
2423 2455 2456 2524 2523 
2424 2456 2457 2525 2524 
2425 2457 2458 2526 2525 
2426 2458 2459 2527 2526 
2427 2459 2460 2528 2527 
2428 2460 2461 2529 2528 
2429 2461 2462 2530 2529 
2430 2462 2463 2531 2530 
2431 2463 2464 2532 2531 
2432 2464 2465 2533 2532 
2433 2465 2466 2534 2533 
2434 2466 2467 2535 2534 
2435 2467 2468 2536 2535 
2436 2468 2469 2537 2536 
2437 2469 2470 2538 2537 
2438 2470 2471 2539 2538 
2439 2471 2472 2540 2539 
2440 2472 2473 2541 2540 
2441 2473 2474 2542 2541 
2442 2474 2475 2543 2542 
2443 2475 2476 2544 2543 
2444 2476 2477 2545 2544 
2445 2477 2478 2546 2545 
2446 2478 2479 2547 2546 
2447 2479 2480 2548 2547 
2448 2480 195 194 2548 
2449 94 2481 2549 93 
2450 2481 2482 2550 2549 
2451 2482 2483 2551 2550 
2452 2483 2484 2552 2551 
2453 2484 2485 2553 2552 
2454 2485 2486 2554 2553 
2455 2486 2487 2555 2554 
2456 2487 2488 2556 2555 
2457 2488 2489 2557 2556 
2458 2489 2490 2558 2557 
2459 2490 2491 2559 2558 
2460 2491 2492 2560 2559 
2461 2492 2493 2561 2560 
2462 2493 2494 2562 2561 
2463 2494 2495 2563 2562 
2464 2495 2496 2564 2563 
2465 2496 2497 2565 2564 
2466 2497 2498 2566 2565 
2467 2498 2499 2567 2566 
2468 2499 2500 2568 2567 
2469 2500 2501 2569 2568 
2470 2501 2502 2570 2569 
2471 2502 2503 2571 2570 
2472 2503 2504 2572 2571 
2473 2504 2505 2573 2572 
2474 2505 2506 2574 2573 
2475 2506 2507 2575 2574 
2476 2507 2508 2576 2575 
2477 2508 2509 2577 2576 
2478 2509 2510 2578 2577 
2479 2510 2511 2579 2578 
2480 2511 2512 2580 2579 
2481 2512 2513 2581 2580 
2482 2513 2514 2582 2581 
2483 2514 2515 2583 2582 
2484 2515 2516 2584 2583 
2485 2516 2517 2585 2584 
2486 2517 2518 2586 2585 
2487 2518 2519 2587 2586 
2488 2519 2520 2588 2587 
2489 2520 2521 2589 2588 
2490 2521 2522 2590 2589 
2491 2522 2523 2591 2590 
2492 2523 2524 2592 2591 
2493 2524 2525 2593 2592 
2494 2525 2526 2594 2593 
2495 2526 2527 2595 2594 
2496 2527 2528 2596 2595 
2497 2528 2529 2597 2596 
2498 2529 2530 2598 2597 
2499 2530 2531 2599 2598 
2500 2531 2532 2600 2599 
2501 2532 2533 2601 2600 
2502 2533 2534 2602 2601 
2503 2534 2535 2603 2602 
2504 2535 2536 2604 2603 
2505 2536 2537 2605 2604 
2506 2537 2538 2606 2605 
2507 2538 2539 2607 2606 
2508 2539 2540 2608 2607 
2509 2540 2541 2609 2608 
2510 2541 2542 2610 2609 
2511 2542 2543 2611 2610 
2512 2543 2544 2612 2611 
2513 2544 2545 2613 2612 
2514 2545 2546 2614 2613 
2515 2546 2547 2615 2614 
2516 2547 2548 2616 2615 
2517 2548 194 193 2616 
2518 93 2549 2617 92 
2519 2549 2550 2618 2617 
2520 2550 2551 2619 2618 
2521 2551 2552 2620 2619 
2522 2552 2553 2621 2620 
2523 2553 2554 2622 2621 
2524 2554 2555 2623 2622 
2525 2555 2556 2624 2623 
2526 2556 2557 2625 2624 
2527 2557 2558 2626 2625 
2528 2558 2559 2627 2626 
2529 2559 2560 2628 2627 
2530 2560 2561 2629 2628 
2531 2561 2562 2630 2629 
2532 2562 2563 2631 2630 
2533 2563 2564 2632 2631 
2534 2564 2565 2633 2632 
2535 2565 2566 2634 2633 
2536 2566 2567 2635 2634 
2537 2567 2568 2636 2635 
2538 2568 2569 2637 2636 
2539 2569 2570 2638 2637 
2540 2570 2571 2639 2638 
2541 2571 2572 2640 2639 
2542 2572 2573 2641 2640 
2543 2573 2574 2642 2641 
2544 2574 2575 2643 2642 
2545 2575 2576 2644 2643 
2546 2576 2577 2645 2644 
2547 2577 2578 2646 2645 
2548 2578 2579 2647 2646 
2549 2579 2580 2648 2647 
2550 2580 2581 2649 2648 
2551 2581 2582 2650 2649 
2552 2582 2583 2651 2650 
2553 2583 2584 2652 2651 
2554 2584 2585 2653 2652 
2555 2585 2586 2654 2653 
2556 2586 2587 2655 2654 
2557 2587 2588 2656 2655 
2558 2588 2589 2657 2656 
2559 2589 2590 2658 2657 
2560 2590 2591 2659 2658 
2561 2591 2592 2660 2659 
2562 2592 2593 2661 2660 
2563 2593 2594 2662 2661 
2564 2594 2595 2663 2662 
2565 2595 2596 2664 2663 
2566 2596 2597 2665 2664 
2567 2597 2598 2666 2665 
2568 2598 2599 2667 2666 
2569 2599 2600 2668 2667 
2570 2600 2601 2669 2668 
2571 2601 2602 2670 2669 
2572 2602 2603 2671 2670 
2573 2603 2604 2672 2671 
2574 2604 2605 2673 2672 
2575 2605 2606 2674 2673 
2576 2606 2607 2675 2674 
2577 2607 2608 2676 2675 
2578 2608 2609 2677 2676 
2579 2609 2610 2678 2677 
2580 2610 2611 2679 2678 
2581 2611 2612 2680 2679 
2582 2612 2613 2681 2680 
2583 2613 2614 2682 2681 
2584 2614 2615 2683 2682 
2585 2615 2616 2684 2683 
2586 2616 193 192 2684 
2587 92 2617 2685 91 
2588 2617 2618 2686 2685 
2589 2618 2619 2687 2686 
2590 2619 2620 2688 2687 
2591 2620 2621 2689 2688 
2592 2621 2622 2690 2689 
2593 2622 2623 2691 2690 
2594 2623 2624 2692 2691 
2595 2624 2625 2693 2692 
2596 2625 2626 2694 2693 
2597 2626 2627 2695 2694 
2598 2627 2628 2696 2695 
2599 2628 2629 2697 2696 
2600 2629 2630 2698 2697 
2601 2630 2631 2699 2698 
2602 2631 2632 2700 2699 
2603 2632 2633 2701 2700 
2604 2633 2634 2702 2701 
2605 2634 2635 2703 2702 
2606 2635 2636 2704 2703 
2607 2636 2637 2705 2704 
2608 2637 2638 2706 2705 
2609 2638 2639 2707 2706 
2610 2639 2640 2708 2707 
2611 2640 2641 2709 2708 
2612 2641 2642 2710 2709 
2613 2642 2643 2711 2710 
2614 2643 2644 2712 2711 
2615 2644 2645 2713 2712 
2616 2645 2646 2714 2713 
2617 2646 2647 2715 2714 
2618 2647 2648 2716 2715 
2619 2648 2649 2717 2716 
2620 2649 2650 2718 2717 
2621 2650 2651 2719 2718 
2622 2651 2652 2720 2719 
2623 2652 2653 2721 2720 
2624 2653 2654 2722 2721 
2625 2654 2655 2723 2722 
2626 2655 2656 2724 2723 
2627 2656 2657 2725 2724 
2628 2657 2658 2726 2725 
2629 2658 2659 2727 2726 
2630 2659 2660 2728 2727 
2631 2660 2661 2729 2728 
2632 2661 2662 2730 2729 
2633 2662 2663 2731 2730 
2634 2663 2664 2732 2731 
2635 2664 2665 2733 2732 
2636 2665 2666 2734 2733 
2637 2666 2667 2735 2734 
2638 2667 2668 2736 2735 
2639 2668 2669 2737 2736 
2640 2669 2670 2738 2737 
2641 2670 2671 2739 2738 
2642 2671 2672 2740 2739 
2643 2672 2673 2741 2740 
2644 2673 2674 2742 2741 
2645 2674 2675 2743 2742 
2646 2675 2676 2744 2743 
2647 2676 2677 2745 2744 
2648 2677 2678 2746 2745 
2649 2678 2679 2747 2746 
2650 2679 2680 2748 2747 
2651 2680 2681 2749 2748 
2652 2681 2682 2750 2749 
2653 2682 2683 2751 2750 
2654 2683 2684 2752 2751 
2655 2684 192 191 2752 
2656 91 2685 2753 90 
2657 2685 2686 2754 2753 
2658 2686 2687 2755 2754 
2659 2687 2688 2756 2755 
2660 2688 2689 2757 2756 
2661 2689 2690 2758 2757 
2662 2690 2691 2759 2758 
2663 2691 2692 2760 2759 
2664 2692 2693 2761 2760 
2665 2693 2694 2762 2761 
2666 2694 2695 2763 2762 
2667 2695 2696 2764 2763 
2668 2696 2697 2765 2764 
2669 2697 2698 2766 2765 
2670 2698 2699 2767 2766 
2671 2699 2700 2768 2767 
2672 2700 2701 2769 2768 
2673 2701 2702 2770 2769 
2674 2702 2703 2771 2770 
2675 2703 2704 2772 2771 
2676 2704 2705 2773 2772 
2677 2705 2706 2774 2773 
2678 2706 2707 2775 2774 
2679 2707 2708 2776 2775 
2680 2708 2709 2777 2776 
2681 2709 2710 2778 2777 
2682 2710 2711 2779 2778 
2683 2711 2712 2780 2779 
2684 2712 2713 2781 2780 
2685 2713 2714 2782 2781 
2686 2714 2715 2783 2782 
2687 2715 2716 2784 2783 
2688 2716 2717 2785 2784 
2689 2717 2718 2786 2785 
2690 2718 2719 2787 2786 
2691 2719 2720 2788 2787 
2692 2720 2721 2789 2788 
2693 2721 2722 2790 2789 
2694 2722 2723 2791 2790 
2695 2723 2724 2792 2791 
2696 2724 2725 2793 2792 
2697 2725 2726 2794 2793 
2698 2726 2727 2795 2794 
2699 2727 2728 2796 2795 
2700 2728 2729 2797 2796 
2701 2729 2730 2798 2797 
2702 2730 2731 2799 2798 
2703 2731 2732 2800 2799 
2704 2732 2733 2801 2800 
2705 2733 2734 2802 2801 
2706 2734 2735 2803 2802 
2707 2735 2736 2804 2803 
2708 2736 2737 2805 2804 
2709 2737 2738 2806 2805 
2710 2738 2739 2807 2806 
2711 2739 2740 2808 2807 
2712 2740 2741 2809 2808 
2713 2741 2742 2810 2809 
2714 2742 2743 2811 2810 
2715 2743 2744 2812 2811 
2716 2744 2745 2813 2812 
2717 2745 2746 2814 2813 
2718 2746 2747 2815 2814 
2719 2747 2748 2816 2815 
2720 2748 2749 2817 2816 
2721 2749 2750 2818 2817 
2722 2750 2751 2819 2818 
2723 2751 2752 2820 2819 
2724 2752 191 190 2820 
2725 90 2753 2821 89 
2726 2753 2754 2822 2821 
2727 2754 2755 2823 2822 
2728 2755 2756 2824 2823 
2729 2756 2757 2825 2824 
2730 2757 2758 2826 2825 
2731 2758 2759 2827 2826 
2732 2759 2760 2828 2827 
2733 2760 2761 2829 2828 
2734 2761 2762 2830 2829 
2735 2762 2763 2831 2830 
2736 2763 2764 2832 2831 
2737 2764 2765 2833 2832 
2738 2765 2766 2834 2833 
2739 2766 2767 2835 2834 
2740 2767 2768 2836 2835 
2741 2768 2769 2837 2836 
2742 2769 2770 2838 2837 
2743 2770 2771 2839 2838 
2744 2771 2772 2840 2839 
2745 2772 2773 2841 2840 
2746 2773 2774 2842 2841 
2747 2774 2775 2843 2842 
2748 2775 2776 2844 2843 
2749 2776 2777 2845 2844 
2750 2777 2778 2846 2845 
2751 2778 2779 2847 2846 
2752 2779 2780 2848 2847 
2753 2780 2781 2849 2848 
2754 2781 2782 2850 2849 
2755 2782 2783 2851 2850 
2756 2783 2784 2852 2851 
2757 2784 2785 2853 2852 
2758 2785 2786 2854 2853 
2759 2786 2787 2855 2854 
2760 2787 2788 2856 2855 
2761 2788 2789 2857 2856 
2762 2789 2790 2858 2857 
2763 2790 2791 2859 2858 
2764 2791 2792 2860 2859 
2765 2792 2793 2861 2860 
2766 2793 2794 2862 2861 
2767 2794 2795 2863 2862 
2768 2795 2796 2864 2863 
2769 2796 2797 2865 2864 
2770 2797 2798 2866 2865 
2771 2798 2799 2867 2866 
2772 2799 2800 2868 2867 
2773 2800 2801 2869 2868 
2774 2801 2802 2870 2869 
2775 2802 2803 2871 2870 
2776 2803 2804 2872 2871 
2777 2804 2805 2873 2872 
2778 2805 2806 2874 2873 
2779 2806 2807 2875 2874 
2780 2807 2808 2876 2875 
2781 2808 2809 2877 2876 
2782 2809 2810 2878 2877 
2783 2810 2811 2879 2878 
2784 2811 2812 2880 2879 
2785 2812 2813 2881 2880 
2786 2813 2814 2882 2881 
2787 2814 2815 2883 2882 
2788 2815 2816 2884 2883 
2789 2816 2817 2885 2884 
2790 2817 2818 2886 2885 
2791 2818 2819 2887 2886 
2792 2819 2820 2888 2887 
2793 2820 190 189 2888 
2794 89 2821 2889 88 
2795 2821 2822 2890 2889 
2796 2822 2823 2891 2890 
2797 2823 2824 2892 2891 
2798 2824 2825 2893 2892 
2799 2825 2826 2894 2893 
2800 2826 2827 2895 2894 
2801 2827 2828 2896 2895 
2802 2828 2829 2897 2896 
2803 2829 2830 2898 2897 
2804 2830 2831 2899 2898 
2805 2831 2832 2900 2899 
2806 2832 2833 2901 2900 
2807 2833 2834 2902 2901 
2808 2834 2835 2903 2902 
2809 2835 2836 2904 2903 
2810 2836 2837 2905 2904 
2811 2837 2838 2906 2905 
2812 2838 2839 2907 2906 
2813 2839 2840 2908 2907 
2814 2840 2841 2909 2908 
2815 2841 2842 2910 2909 
2816 2842 2843 2911 2910 
2817 2843 2844 2912 2911 
2818 2844 2845 2913 2912 
2819 2845 2846 2914 2913 
2820 2846 2847 2915 2914 
2821 2847 2848 2916 2915 
2822 2848 2849 2917 2916 
2823 2849 2850 2918 2917 
2824 2850 2851 2919 2918 
2825 2851 2852 2920 2919 
2826 2852 2853 2921 2920 
2827 2853 2854 2922 2921 
2828 2854 2855 2923 2922 
2829 2855 2856 2924 2923 
2830 2856 2857 2925 2924 
2831 2857 2858 2926 2925 
2832 2858 2859 2927 2926 
2833 2859 2860 2928 2927 
2834 2860 2861 2929 2928 
2835 2861 2862 2930 2929 
2836 2862 2863 2931 2930 
2837 2863 2864 2932 2931 
2838 2864 2865 2933 2932 
2839 2865 2866 2934 2933 
2840 2866 2867 2935 2934 
2841 2867 2868 2936 2935 
2842 2868 2869 2937 2936 
2843 2869 2870 2938 2937 
2844 2870 2871 2939 2938 
2845 2871 2872 2940 2939 
2846 2872 2873 2941 2940 
2847 2873 2874 2942 2941 
2848 2874 2875 2943 2942 
2849 2875 2876 2944 2943 
2850 2876 2877 2945 2944 
2851 2877 2878 2946 2945 
2852 2878 2879 2947 2946 
2853 2879 2880 2948 2947 
2854 2880 2881 2949 2948 
2855 2881 2882 2950 2949 
2856 2882 2883 2951 2950 
2857 2883 2884 2952 2951 
2858 2884 2885 2953 2952 
2859 2885 2886 2954 2953 
2860 2886 2887 2955 2954 
2861 2887 2888 2956 2955 
2862 2888 189 188 2956 
2863 88 2889 2957 87 
2864 2889 2890 2958 2957 
2865 2890 2891 2959 2958 
2866 2891 2892 2960 2959 
2867 2892 2893 2961 2960 
2868 2893 2894 2962 2961 
2869 2894 2895 2963 2962 
2870 2895 2896 2964 2963 
2871 2896 2897 2965 2964 
2872 2897 2898 2966 2965 
2873 2898 2899 2967 2966 
2874 2899 2900 2968 2967 
2875 2900 2901 2969 2968 
2876 2901 2902 2970 2969 
2877 2902 2903 2971 2970 
2878 2903 2904 2972 2971 
2879 2904 2905 2973 2972 
2880 2905 2906 2974 2973 
2881 2906 2907 2975 2974 
2882 2907 2908 2976 2975 
2883 2908 2909 2977 2976 
2884 2909 2910 2978 2977 
2885 2910 2911 2979 2978 
2886 2911 2912 2980 2979 
2887 2912 2913 2981 2980 
2888 2913 2914 2982 2981 
2889 2914 2915 2983 2982 
2890 2915 2916 2984 2983 
2891 2916 2917 2985 2984 
2892 2917 2918 2986 2985 
2893 2918 2919 2987 2986 
2894 2919 2920 2988 2987 
2895 2920 2921 2989 2988 
2896 2921 2922 2990 2989 
2897 2922 2923 2991 2990 
2898 2923 2924 2992 2991 
2899 2924 2925 2993 2992 
2900 2925 2926 2994 2993 
2901 2926 2927 2995 2994 
2902 2927 2928 2996 2995 
2903 2928 2929 2997 2996 
2904 2929 2930 2998 2997 
2905 2930 2931 2999 2998 
2906 2931 2932 3000 2999 
2907 2932 2933 3001 3000 
2908 2933 2934 3002 3001 
2909 2934 2935 3003 3002 
2910 2935 2936 3004 3003 
2911 2936 2937 3005 3004 
2912 2937 2938 3006 3005 
2913 2938 2939 3007 3006 
2914 2939 2940 3008 3007 
2915 2940 2941 3009 3008 
2916 2941 2942 3010 3009 
2917 2942 2943 3011 3010 
2918 2943 2944 3012 3011 
2919 2944 2945 3013 3012 
2920 2945 2946 3014 3013 
2921 2946 2947 3015 3014 
2922 2947 2948 3016 3015 
2923 2948 2949 3017 3016 
2924 2949 2950 3018 3017 
2925 2950 2951 3019 3018 
2926 2951 2952 3020 3019 
2927 2952 2953 3021 3020 
2928 2953 2954 3022 3021 
2929 2954 2955 3023 3022 
2930 2955 2956 3024 3023 
2931 2956 188 187 3024 
2932 87 2957 3025 86 
2933 2957 2958 3026 3025 
2934 2958 2959 3027 3026 
2935 2959 2960 3028 3027 
2936 2960 2961 3029 3028 
2937 2961 2962 3030 3029 
2938 2962 2963 3031 3030 
2939 2963 2964 3032 3031 
2940 2964 2965 3033 3032 
2941 2965 2966 3034 3033 
2942 2966 2967 3035 3034 
2943 2967 2968 3036 3035 
2944 2968 2969 3037 3036 
2945 2969 2970 3038 3037 
2946 2970 2971 3039 3038 
2947 2971 2972 3040 3039 
2948 2972 2973 3041 3040 
2949 2973 2974 3042 3041 
2950 2974 2975 3043 3042 
2951 2975 2976 3044 3043 
2952 2976 2977 3045 3044 
2953 2977 2978 3046 3045 
2954 2978 2979 3047 3046 
2955 2979 2980 3048 3047 
2956 2980 2981 3049 3048 
2957 2981 2982 3050 3049 
2958 2982 2983 3051 3050 
2959 2983 2984 3052 3051 
2960 2984 2985 3053 3052 
2961 2985 2986 3054 3053 
2962 2986 2987 3055 3054 
2963 2987 2988 3056 3055 
2964 2988 2989 3057 3056 
2965 2989 2990 3058 3057 
2966 2990 2991 3059 3058 
2967 2991 2992 3060 3059 
2968 2992 2993 3061 3060 
2969 2993 2994 3062 3061 
2970 2994 2995 3063 3062 
2971 2995 2996 3064 3063 
2972 2996 2997 3065 3064 
2973 2997 2998 3066 3065 
2974 2998 2999 3067 3066 
2975 2999 3000 3068 3067 
2976 3000 3001 3069 3068 
2977 3001 3002 3070 3069 
2978 3002 3003 3071 3070 
2979 3003 3004 3072 3071 
2980 3004 3005 3073 3072 
2981 3005 3006 3074 3073 
2982 3006 3007 3075 3074 
2983 3007 3008 3076 3075 
2984 3008 3009 3077 3076 
2985 3009 3010 3078 3077 
2986 3010 3011 3079 3078 
2987 3011 3012 3080 3079 
2988 3012 3013 3081 3080 
2989 3013 3014 3082 3081 
2990 3014 3015 3083 3082 
2991 3015 3016 3084 3083 
2992 3016 3017 3085 3084 
2993 3017 3018 3086 3085 
2994 3018 3019 3087 3086 
2995 3019 3020 3088 3087 
2996 3020 3021 3089 3088 
2997 3021 3022 3090 3089 
2998 3022 3023 3091 3090 
2999 3023 3024 3092 3091 
3000 3024 187 186 3092 
3001 86 3025 3093 85 
3002 3025 3026 3094 3093 
3003 3026 3027 3095 3094 
3004 3027 3028 3096 3095 
3005 3028 3029 3097 3096 
3006 3029 3030 3098 3097 
3007 3030 3031 3099 3098 
3008 3031 3032 3100 3099 
3009 3032 3033 3101 3100 
3010 3033 3034 3102 3101 
3011 3034 3035 3103 3102 
3012 3035 3036 3104 3103 
3013 3036 3037 3105 3104 
3014 3037 3038 3106 3105 
3015 3038 3039 3107 3106 
3016 3039 3040 3108 3107 
3017 3040 3041 3109 3108 
3018 3041 3042 3110 3109 
3019 3042 3043 3111 3110 
3020 3043 3044 3112 3111 
3021 3044 3045 3113 3112 
3022 3045 3046 3114 3113 
3023 3046 3047 3115 3114 
3024 3047 3048 3116 3115 
3025 3048 3049 3117 3116 
3026 3049 3050 3118 3117 
3027 3050 3051 3119 3118 
3028 3051 3052 3120 3119 
3029 3052 3053 3121 3120 
3030 3053 3054 3122 3121 
3031 3054 3055 3123 3122 
3032 3055 3056 3124 3123 
3033 3056 3057 3125 3124 
3034 3057 3058 3126 3125 
3035 3058 3059 3127 3126 
3036 3059 3060 3128 3127 
3037 3060 3061 3129 3128 
3038 3061 3062 3130 3129 
3039 3062 3063 3131 3130 
3040 3063 3064 3132 3131 
3041 3064 3065 3133 3132 
3042 3065 3066 3134 3133 
3043 3066 3067 3135 3134 
3044 3067 3068 3136 3135 
3045 3068 3069 3137 3136 
3046 3069 3070 3138 3137 
3047 3070 3071 3139 3138 
3048 3071 3072 3140 3139 
3049 3072 3073 3141 3140 
3050 3073 3074 3142 3141 
3051 3074 3075 3143 3142 
3052 3075 3076 3144 3143 
3053 3076 3077 3145 3144 
3054 3077 3078 3146 3145 
3055 3078 3079 3147 3146 
3056 3079 3080 3148 3147 
3057 3080 3081 3149 3148 
3058 3081 3082 3150 3149 
3059 3082 3083 3151 3150 
3060 3083 3084 3152 3151 
3061 3084 3085 3153 3152 
3062 3085 3086 3154 3153 
3063 3086 3087 3155 3154 
3064 3087 3088 3156 3155 
3065 3088 3089 3157 3156 
3066 3089 3090 3158 3157 
3067 3090 3091 3159 3158 
3068 3091 3092 3160 3159 
3069 3092 186 185 3160 
3070 85 3093 271 42 
3071 3093 3094 272 271 
3072 3094 3095 273 272 
3073 3095 3096 274 273 
3074 3096 3097 275 274 
3075 3097 3098 276 275 
3076 3098 3099 277 276 
3077 3099 3100 278 277 
3078 3100 3101 279 278 
3079 3101 3102 280 279 
3080 3102 3103 281 280 
3081 3103 3104 282 281 
3082 3104 3105 283 282 
3083 3105 3106 284 283 
3084 3106 3107 285 284 
3085 3107 3108 286 285 
3086 3108 3109 287 286 
3087 3109 3110 288 287 
3088 3110 3111 289 288 
3089 3111 3112 290 289 
3090 3112 3113 291 290 
3091 3113 3114 292 291 
3092 3114 3115 293 292 
3093 3115 3116 294 293 
3094 3116 3117 295 294 
3095 3117 3118 296 295 
3096 3118 3119 297 296 
3097 3119 3120 298 297 
3098 3120 3121 299 298 
3099 3121 3122 300 299 
3100 3122 3123 301 300 
3101 3123 3124 302 301 
3102 3124 3125 303 302 
3103 3125 3126 304 303 
3104 3126 3127 305 304 
3105 3127 3128 306 305 
3106 3128 3129 307 306 
3107 3129 3130 308 307 
3108 3130 3131 309 308 
3109 3131 3132 310 309 
3110 3132 3133 311 310 
3111 3133 3134 312 311 
3112 3134 3135 313 312 
3113 3135 3136 314 313 
3114 3136 3137 315 314 
3115 3137 3138 316 315 
3116 3138 3139 317 316 
3117 3139 3140 318 317 
3118 3140 3141 319 318 
3119 3141 3142 320 319 
3120 3142 3143 321 320 
3121 3143 3144 322 321 
3122 3144 3145 323 322 
3123 3145 3146 324 323 
3124 3146 3147 325 324 
3125 3147 3148 326 325 
3126 3148 3149 327 326 
3127 3149 3150 328 327 
3128 3150 3151 329 328 
3129 3151 3152 330 329 
3130 3152 3153 331 330 
3131 3153 3154 332 331 
3132 3154 3155 333 332 
3133 3155 3156 334 333 
3134 3156 3157 335 334 
3135 3157 3158 336 335 
3136 3158 3159 337 336 
3137 3159 3160 338 337 
3138 3160 185 45 338 
2 7 3 1327
3139 3718 3717 3870 4232 
3140 250 249 3161 3874 
3141 4273 3878 3918 3919 
3142 3879 3336 3289 3880 
3143 3914 3853 4358 3555 
3144 4373 4270 3631 4013 
3145 3999 3998 3997 3628 
3146 3208 4149 3810 4161 
3147 4340 3588 4035 3806 
3148 3690 3920 3869 4186 
3149 4291 3174 4371 3963 
3150 4195 3193 4209 3801 
3151 3777 4069 3186 4080 
3152 3849 4153 3476 4242 
3153 3628 3997 4120 3812 
3154 4168 3827 4181 3481 
3155 4271 3972 4190 3183 
3156 4191 4025 4258 3471 
3157 4130 3882 3733 3732 
3158 3840 3196 3915 3923 
3159 3700 3921 3867 3699 
3160 4265 3808 4266 3586 
3161 3827 4168 3457 4129 
3162 3983 4234 3806 4035 
3163 3794 4191 3471 4193 
3164 4045 4041 4046 3730 
3165 3878 3877 3541 3918 
3166 3946 3800 4039 3542 
3167 4011 3207 4190 3972 
3168 3769 4024 3184 4187 
3169 4061 4020 3386 4126 
3170 3214 4238 3864 4148 
3171 3754 3753 4191 3861 
3172 3864 3863 3230 3224 
3173 4403 3227 4161 3810 
3174 3801 4209 3223 4262 
3175 4122 4287 3442 4243 
3176 3356 4096 3500 3364 
3177 4054 3192 4146 4231 
3178 3500 4096 3939 4285 
3179 3178 3856 3730 4046 
3180 3839 3181 4112 3838 
3181 4041 4045 4026 3187 
3182 3975 4017 4073 3164 
3183 4355 3981 4365 3796 
3184 3356 3341 3334 3941 
3185 3693 3844 3646 4021 
3186 4108 4000 3510 4107 
3187 3174 3976 3883 4371 
3188 3834 3188 3857 3842 
3189 3994 3993 3211 4063 
3190 3830 4280 3991 3786 
3191 3635 3796 3925 3924 
3192 4304 3811 4294 3185 
3193 4021 3643 4008 3854 
3194 4063 3167 4185 3994 
3195 3966 4196 4380 3357 
3196 4251 3815 4158 3175 
3197 4059 3228 4288 3225 
3198 3847 4395 3197 3950 
3199 4150 4323 3726 4177 
3200 4092 4079 4404 3843 
3201 4225 4246 3924 3725 
3202 3482 3481 4181 4299 
3203 3646 3644 3643 4021 
3204 3944 3945 3614 4188 
3205 3193 3875 469 470 
3206 246 245 4197 3927 
3207 3952 3198 3964 3965 
3208 3538 3887 3977 3901 
3209 4089 3996 4149 3208 
3210 4233 3959 4281 3191 
3211 3996 4089 3187 4026 
3212 4032 4218 4233 3191 
3213 3892 3863 3864 3865 
3214 3189 4013 4325 4018 
3215 4317 4210 4251 3175 
3216 3942 4081 3570 3980 
3217 4292 3851 4313 3172 
3218 3835 3893 4303 3162 
3219 3650 4048 4080 3760 
3220 4080 3186 4331 3846 
3221 3854 4008 3389 4162 
3222 3885 4166 4388 3743 
3223 3941 3334 3327 3940 
3224 468 469 3875 3857 
3225 4088 3731 4186 3869 
3226 3908 3967 3585 3766 
3227 4087 4052 3905 4009 
3228 4325 3590 4221 3961 
3229 3882 3807 3963 4371 
3230 3861 3862 4180 3754 
3231 4094 4029 4223 3890 
3232 3773 3995 4245 4357 
3233 3902 3904 3408 3538 
3234 3750 3922 3463 3467 
3235 3900 3899 3322 4076 
3236 3833 4376 3978 4372 
3237 3642 3645 3699 3979 
3238 3956 3597 3247 3955 
3239 3726 3426 3420 3888 
3240 3303 4022 3677 4099 
3241 3733 3882 4371 3883 
3242 4017 3763 4137 4073 
3243 3970 3969 3530 3640 
3244 4017 3975 3974 3951 
3245 4247 3688 3895 3896 
3246 4354 3866 3864 3224 
3247 3877 4044 3488 3541 
3248 3694 3604 3564 3911 
3249 3892 3231 3230 3863 
3250 3688 3687 3835 3895 
3251 3927 4404 4079 3217 
3252 473 474 3228 3884 
3253 3597 3957 3762 4102 
3254 4127 3456 4182 3860 
3255 3875 3193 4195 3876 
3256 4095 4194 3439 4224 
3257 3444 4132 3731 4088 
3258 3177 3990 4005 4004 
3259 4020 4019 3280 3386 
3260 3883 3976 3198 3952 
3261 3282 4171 4126 3386 
3262 4297 3169 4316 4002 
3263 3305 4127 3860 4172 
3264 3917 3916 3484 3534 
3265 4376 3832 3913 4379 
3266 263 4046 4041 264 
3267 3658 4051 3469 4071 
3268 4064 3872 4129 3457 
3269 4141 3742 4196 3966 
3270 3393 3930 3931 3673 
3271 4277 4005 4387 3758 
3272 4383 3890 3615 3891 
3273 4248 3755 3754 4180 
3274 3829 4344 4386 3828 
3275 3859 4223 4029 3190 
3276 3888 4241 4177 3726 
3277 4078 4174 4105 3774 
3278 3704 4157 4001 4122 
3279 4106 4185 3167 4062 
3280 206 205 4354 3224 
3281 3929 4283 4294 3811 
3282 3879 3881 4320 3336 
3283 3994 4185 3998 3999 
3284 3889 3235 3233 3615 
3285 3985 3561 3543 3984 
3286 3268 3389 4008 4075 
3287 4370 270 269 3227 
3288 3585 3967 3550 3548 
3289 463 464 3180 3915 
3290 4055 3674 4218 4032 
3291 4292 3197 4395 3851 
3292 3338 3343 4081 3942 
3293 3971 3580 3969 3970 
3294 4078 3295 3973 4174 
3295 3884 3223 472 473 
3296 4281 3958 3185 4296 
3297 3951 3974 3596 3593 
3298 4000 4108 4313 3850 
3299 3897 3316 3899 3898 
3300 3775 3237 3235 3889 
3301 3665 4387 4005 3990 
3302 4069 3777 3775 3859 
3303 3201 3232 3674 4055 
3304 3873 4023 4374 3204 
3305 461 462 3196 3934 
3306 3835 3162 4189 3895 
3307 4212 3880 3289 4236 
3308 3988 3989 3990 3177 
3309 3489 4131 3872 4064 
3310 3204 4326 3855 4327 
3311 3316 3897 3312 3313 
3312 3632 4077 3417 3432 
3313 4107 3602 4319 4108 
3314 474 475 3229 3228 
3315 3467 3468 3935 3749 
3316 3906 3909 3910 3610 
3317 3857 3188 467 468 
3318 3338 3942 3937 3337 
3319 3922 4151 4382 3584 
3320 3463 3466 3468 3467 
3321 3663 3999 3628 3627 
3322 3459 3461 3922 3584 
3323 3583 3599 3756 3738 
3324 3933 4229 4105 3932 
3325 4066 3430 4166 3885 
3326 3224 3230 207 206 
3327 369 368 4012 3948 
3328 3656 3743 3744 3741 
3329 459 460 3170 3950 
3330 3230 3231 3232 3201 
3331 3499 4379 3526 3511 
3332 3230 3201 208 207 
3333 3917 3918 3541 3916 
3334 3654 3885 3743 3656 
3335 3773 3932 3630 3598 
3336 3270 3271 3274 3986 
3337 3899 3317 3319 3322 
3338 3915 3196 462 463 
3339 3428 3427 3425 3426 
3340 3899 3316 3315 3317 
3341 3700 3828 4386 3921 
3342 3936 3331 3333 3337 
3343 3431 3429 3987 3448 
3344 4191 3753 3751 4025 
3345 4059 4255 3805 4263 
3346 4182 3456 3312 3897 
3347 3929 4034 4344 4284 
3348 3610 3562 3552 3906 
3349 455 456 3172 3964 
3350 3742 4141 3982 4128 
3351 372 371 4018 3960 
3352 3373 3949 3384 3370 
3353 3231 3892 3615 3233 
3354 3920 3540 3525 3869 
3355 3940 3327 3326 3329 
3356 3847 3950 3170 4237 
3357 3803 3984 3543 3629 
3358 3581 3524 3599 3583 
3359 4080 3846 3769 3760 
3360 3342 3341 3356 3348 
3361 3934 3170 460 461 
3362 4141 3966 3353 3351 
3363 3986 3274 3276 3387 
3364 3684 3951 3593 3592 
3365 3773 3598 3536 3649 
3366 3348 3356 3364 3363 
3367 3401 4039 3410 3403 
3368 3340 3344 3345 3343 
3369 3528 3568 3778 4001 
3370 3773 3649 3734 3995 
3371 3477 3498 3978 3499 
3372 453 454 3198 3976 
3373 3848 3849 4000 3850 
3374 3950 3197 458 459 
3375 3983 3367 3346 3368 
3376 3299 3301 3536 3533 
3377 3548 3547 3618 3585 
3378 3971 4047 3493 3580 
3379 3618 3765 3766 3585 
3380 3632 3432 3470 3494 
3381 3492 3491 3580 3493 
3382 3907 3906 3552 3611 
3383 3562 3610 3911 3564 
3384 3622 3620 3619 3621 
3385 3448 3987 4332 4321 
3386 3877 3618 3547 4044 
3387 3905 3619 3489 3374 
3388 3955 3247 3248 3992 
3389 3477 3475 3981 3498 
3390 4106 3928 3685 3705 
3391 3645 3642 3643 3644 
3392 3942 3980 3939 3937 
3393 3623 3926 3714 3622 
3394 3355 3353 3966 3357 
3395 3488 3486 3916 3541 
3396 3343 3338 3339 3340 
3397 3859 3775 3889 4223 
3398 4035 3388 3367 3983 
3399 3344 3346 3367 3345 
3400 3363 3982 3349 3348 
3401 3395 3459 3584 3930 
3402 3911 3912 4343 3694 
3403 3949 3373 3491 3492 
3404 3686 3594 3505 4040 
3405 3751 3750 3467 3749 
3406 3592 3594 3685 3684 
3407 3964 3198 454 455 
3408 3286 4183 3787 4206 
3409 3684 3685 3928 3763 
3410 3753 3752 3750 3751 
3411 3536 3598 3630 3533 
3412 3979 3390 3641 3642 
3413 3983 3368 3370 3384 
3414 3953 3792 3645 3644 
3415 3506 3505 3594 3592 
3416 3646 3798 3953 3644 
3417 4068 3516 3518 3962 
3418 3576 3577 3608 4036 
3419 3848 3837 4153 3849 
3420 4224 3439 4245 3995 
3421 3714 3624 3620 3622 
3422 3296 3299 3533 3973 
3423 3374 3362 3360 3905 
3424 4271 3971 3970 3972 
3425 3597 3956 3958 3957 
3426 3976 3174 452 453 
3427 3524 3501 3492 3493 
3428 3425 3427 3430 4066 
3429 4079 4092 4399 3161 
3430 4336 3954 4339 3212 
3431 3362 3374 3375 3366 
3432 3337 3937 3938 3936 
3433 449 450 3199 3988 
3434 3930 3584 4382 3931 
3435 3237 3775 3777 3605 
3436 3993 3663 3587 3968 
3437 3358 4009 3905 3360 
3438 3922 3461 3462 3463 
3439 3968 3587 3512 3588 
3440 3871 4272 3759 4352 
3441 3988 3177 448 449 
3442 4340 4006 3968 3588 
3443 3955 3992 3509 3659 
3444 3518 3631 4270 3962 
3445 4101 3650 3507 3243 
3446 3211 3993 3968 4006 
3447 3961 3711 3804 4257 
3448 4358 3732 3601 3532 
3449 4161 268 267 3208 
3450 3316 3313 3314 3315 
3451 4179 3876 4195 3709 
3452 3334 3341 3342 3335 
3453 3764 3739 3583 3738 
3454 3747 3706 3626 3664 
3455 3679 3651 4155 3682 
3456 3364 3382 3385 3363 
3457 3327 3334 3335 3328 
3458 3373 3370 3369 3372 
3459 3491 3373 3372 3490 
3460 3370 3368 3346 3369 
3461 3326 3327 3328 3325 
3462 4051 3257 3259 3469 
3463 3262 3390 3979 4042 
3464 3617 3616 3539 3540 
3465 3784 3793 4036 3608 
3466 4155 3791 3683 3682 
3467 4054 4231 3738 3756 
3468 3951 3684 3763 4017 
3469 3480 3381 4168 3481 
3470 4055 4032 210 209 
3471 3542 3399 3397 4043 
3472 3999 3663 3993 3994 
3473 3948 3189 370 369 
3474 3377 3457 4168 3379 
3475 3474 3451 3450 3449 
3476 3456 3309 3311 3312 
3477 4323 3797 4332 3987 
3478 3382 3383 4120 4040 
3479 3262 3264 3641 3390 
3480 3694 3693 3691 3604 
3481 363 362 4015 3171 
3482 365 364 4007 3200 
3483 4003 3344 3340 3943 
3484 3540 3539 3495 3525 
3485 3383 4309 3812 4120 
3486 3843 3623 3638 3639 
3487 4269 4202 3522 4091 
3488 3337 3333 3339 3338 
3489 3992 3251 3253 3509 
3490 4032 3191 211 210 
3491 3331 3936 3940 3329 
3492 3576 4036 4038 4037 
3493 4135 3679 3454 3249 
3494 3663 3627 3513 3587 
3495 3336 3287 3288 3289 
3496 3611 3552 3551 3550 
3497 4281 3959 3957 3958 
3498 3171 4007 364 363 
3499 367 366 4010 3182 
3500 4229 3933 4261 3438 
3501 3437 3944 3347 3434 
3502 3937 3939 4096 3938 
3503 3611 3908 4301 3907 
3504 362 361 3202 4015 
3505 3412 3410 4039 3633 
3506 3661 3776 3955 3659 
3507 470 471 4209 3193 
3508 3200 4010 366 365 
3509 3960 3195 373 372 
3510 3587 3513 3478 3512 
3511 3957 3959 4233 3762 
3512 3182 4012 368 367 
3513 3921 3469 3259 3867 
3514 3426 3425 3424 3420 
3515 4144 3746 4200 3923 
3516 4026 4045 3672 3670 
3517 3457 3377 3375 4064 
3518 3534 3484 3483 3482 
3519 3599 3524 3493 4047 
3520 4158 3206 352 351 
3521 466 467 3188 4058 
3522 3943 3340 3339 3347 
3523 3925 3783 3725 3924 
3524 4044 3504 3503 3488 
3525 3916 3486 3485 3484 
3526 3512 3478 3371 3388 
3527 3385 3382 4040 3505 
3528 3331 3329 3326 3330 
3529 3333 3331 3330 3332 
3530 3391 3673 4116 4014 
3531 3388 3371 3345 3367 
3532 3569 3468 3466 3567 
3533 3319 3317 3315 3318 
3534 3834 4368 4058 3188 
3535 3723 4282 4225 3725 
3536 3661 3659 3660 4034 
3537 3231 3233 3234 3232 
3538 3699 3867 4042 3979 
3539 3763 3928 3210 4137 
3540 3888 3420 3419 3412 
3541 3509 3658 3660 3659 
3542 3980 4222 4285 3939 
3543 3700 3699 3645 3792 
3544 4378 3757 4271 3183 
3545 3760 3651 3507 3650 
3546 3729 3672 4045 3730 
3547 4034 3929 3811 3661 
3548 371 370 3189 4018 
3549 3532 3531 3511 3526 
3550 3600 3494 3470 4147 
3551 3382 3364 3500 3383 
3552 3844 3693 3694 4397 
3553 3545 3504 4044 3547 
3554 3664 3626 3625 3596 
3555 4160 3668 3667 3666 
3556 3714 3926 4404 3927 
3557 3304 3305 4049 3302 
3558 3347 3944 4188 3943 
3559 3260 4042 3867 3259 
3560 3386 3280 3281 3282 
3561 3688 3569 3567 3687 
3562 439 440 3184 4024 
3563 3912 3911 3610 3910 
3564 3705 3685 3594 3686 
3565 356 355 4027 3205 
3566 3388 4035 3588 3512 
3567 3996 4026 3670 3669 
3568 3466 3463 3462 3464 
3569 3998 3705 3686 3997 
3570 3429 3428 4323 3987 
3571 4187 4023 3873 3791 
3572 3578 4065 3903 3653 
3573 3459 3460 3462 3461 
3574 3408 3413 3887 3538 
3575 4114 3666 3455 3255 
3576 3538 3901 3653 3902 
3577 355 354 3168 4027 
3578 3561 4338 3868 4293 
3579 3596 3974 3886 3664 
3580 3622 3621 3638 3623 
3581 354 353 4030 3168 
3582 4039 3401 3399 3542 
3583 3474 3475 3476 3451 
3584 3395 3458 3460 3459 
3585 4049 3652 3649 3536 
3586 3583 3739 3669 3581 
3587 4021 3854 3691 3693 
3588 3187 265 264 4041 
3589 3682 3681 3454 3679 
3590 3848 3847 3744 3837 
3591 3736 3737 3768 3767 
3592 3619 3620 4131 3489 
3593 3564 3604 3691 3603 
3594 4201 4315 3213 4070 
3595 3547 3548 3549 3545 
3596 3374 3489 4064 3375 
3597 3247 3597 4102 3245 
3598 3555 3913 4349 3914 
3599 3765 3618 3877 3780 
3600 3522 3523 3576 4091 
3601 3177 4004 447 448 
3602 353 352 3206 4030 
3603 3562 3564 3603 3563 
3604 3885 3654 3472 4066 
3605 3201 4055 209 208 
3606 4087 3771 3639 3638 
3607 3973 3295 3294 3296 
3608 3839 3855 4326 3181 
3609 3363 3385 4128 3982 
3610 3734 3735 3737 3736 
3611 3778 3568 3636 3637 
3612 3528 4001 4157 3497 
3613 4046 263 262 3178 
3614 4267 4260 3749 3935 
3615 3448 3449 3450 3431 
3616 3550 3967 3908 3611 
3617 3649 3652 3735 3734 
3618 3185 3958 3956 4304 
3619 3548 3550 3551 3549 
3620 3818 3817 3624 3816 
3621 3208 267 266 4089 
3622 3562 3563 3551 3552 
3623 3456 4127 3306 3309 
3624 3481 3482 3483 3480 
3625 3294 3295 4078 3293 
3626 374 373 3195 4028 
3627 3306 3308 3311 3309 
3628 4293 3868 4335 3437 
3629 3969 3490 3529 3530 
3630 3536 3301 3302 4049 
3631 218 217 3179 4057 
3632 3377 3376 3366 3375 
3633 3301 3299 3298 3300 
3634 3869 3525 3446 4088 
3635 4047 3757 3756 3599 
3636 4088 3446 3445 3444 
3637 3525 3495 3447 3446 
3638 3553 3452 4099 3677 
3639 4235 3896 3895 4189 
3640 3798 3646 3844 3799 
3641 3581 3669 3670 3582 
3642 3904 3902 4390 4219 
3643 3469 3921 4386 4071 
3644 3592 3593 3595 3506 
3645 4355 3785 3498 3981 
3646 3428 3429 3430 3427 
3647 3323 3325 4076 3322 
3648 3203 4277 3838 4112 
3649 3357 3358 3359 3355 
3650 3203 4112 445 446 
3651 4076 3680 4207 3900 
3652 3910 3909 4297 4002 
3653 3348 3349 3350 3342 
3654 3820 3819 3817 3818 
3655 4042 3260 3261 3262 
3656 3826 3825 3823 3824 
3657 3824 3823 3821 3822 
3658 3822 3821 3819 3820 
3659 219 218 4057 3209 
3660 4012 3712 4373 3948 
3661 3640 3530 3556 3612 
3662 3865 3891 3615 3892 
3663 3486 3488 3503 3487 
3664 4090 4203 3527 3496 
3665 3387 3276 4019 3745 
3666 3379 3378 3376 3377 
3667 4040 4120 3997 3686 
3668 3642 3641 4008 3643 
3669 3673 3931 4248 4116 
3670 3344 4003 3369 3346 
3671 3233 3235 3236 3234 
3672 3941 3940 3936 3938 
3673 3593 3596 3625 3595 
3674 3360 3362 3365 3361 
3675 3358 3360 3361 3359 
3676 375 374 4028 3220 
3677 3741 3740 3655 3656 
3678 3723 3725 3783 3724 
3679 3753 3754 3755 3752 
3680 220 219 3209 4056 
3681 265 3187 4089 266 
3682 3490 3969 3580 3491 
3683 3677 3723 3724 3678 
3684 3423 3415 4097 3715 
3685 3351 3353 3354 3352 
3686 259 4063 3211 260 
3687 4251 3613 3779 3815 
3688 3986 3387 3808 4104 
3689 3349 3351 3352 3350 
3690 3318 3324 4175 3319 
3691 3280 4019 3276 3277 
3692 436 437 3186 4069 
3693 3778 3637 4086 3894 
3694 3656 3655 3571 3654 
3695 258 3167 4063 259 
3696 3524 3581 3582 3501 
3697 221 220 4056 3176 
3698 3325 3323 4103 3326 
3699 3274 3275 3277 3276 
3700 3640 4011 3972 3970 
3701 3410 3412 3419 3411 
3702 3992 3248 3250 3251 
3703 359 358 4189 3162 
3704 3927 3217 247 246 
3705 3356 3941 3938 4096 
3706 3509 3253 4051 3658 
3707 3475 3474 4365 3981 
3708 257 4062 3167 258 
3709 3277 3279 3281 3280 
3710 4095 3767 4143 4142 
3711 3905 4052 3621 3619 
3712 3268 3269 3271 3270 
3713 3669 3739 4149 3996 
3714 3741 3744 3847 4237 
3715 3339 3333 3332 4098 
3716 3271 3273 3275 3274 
3717 3265 3267 3269 3268 
3718 3403 3410 3411 3406 
3719 3803 3629 3772 3802 
3720 3504 3545 4060 3544 
3721 3381 3480 4067 3479 
3722 376 375 3220 4033 
3723 3672 3671 3582 3670 
3724 3788 3676 3479 4067 
3725 3268 3270 4176 3389 
3726 3424 3425 4066 3472 
3727 3729 3728 3671 3672 
3728 256 3210 4062 257 
3729 3511 3531 3602 4107 
3730 3257 3258 3260 3259 
3731 3251 3252 3254 3253 
3732 3631 3518 3519 3590 
3733 4208 3657 3675 3712 
3734 4185 4106 3705 3998 
3735 3387 3745 4266 3808 
3736 3264 3262 3261 3263 
3737 4014 3314 3321 3391 
3738 3240 3243 3244 3242 
3739 4104 3808 4265 4250 
3740 4284 3179 4283 3929 
3741 3914 4086 3637 3853 
3742 4086 3914 4349 3722 
3743 3257 4051 3253 3254 
3744 3343 3345 3371 4081 
3745 268 4161 3227 269 
3746 260 3211 4133 261 
3747 3673 3391 3392 3393 
3748 3832 3698 4349 3913 
3749 226 225 3173 4070 
3750 3977 3648 3653 3901 
3751 3794 3332 3330 3535 
3752 377 376 4033 3225 
3753 3930 3393 3394 3395 
3754 3266 3444 3445 3443 
3755 3849 4242 3510 4000 
3756 3299 3296 3297 3298 
3757 3235 3237 3238 3236 
3758 3268 4075 3264 3265 
3759 3429 3431 4166 3430 
3760 227 226 4070 3213 
3761 446 447 4004 3203 
3762 4156 4220 3715 4097 
3763 3628 3812 3813 3627 
3764 3283 4206 4171 3282 
3765 3499 3511 4107 3510 
3766 4087 3638 3621 4052 
3767 3567 3466 3464 4109 
3768 3178 262 261 4133 
3769 3242 3244 3246 3245 
3770 3432 3417 3418 3421 
3771 4060 3702 3546 3544 
3772 3245 3246 3248 3247 
3773 4098 3433 3347 3339 
3774 3881 3879 3788 4274 
3775 3809 3747 4400 3874 
3776 3478 3570 4081 3371 
3777 3453 4050 4118 3310 
3778 3949 3492 3501 4093 
3779 3605 3777 4080 4048 
3780 4058 4239 465 466 
3781 3246 3249 3250 3248 
3782 3323 4175 3862 4103 
3783 3314 4014 3318 3315 
3784 3505 3506 4128 3385 
3785 4050 3453 3554 3662 
3786 3257 3254 3255 3256 
3787 3325 3328 3680 4076 
3788 3666 3667 3690 3455 
3789 3264 4075 4008 3641 
3790 3242 3241 3239 3240 
3791 253 3164 4073 254 
3792 230 229 3169 4074 
3793 348 347 4190 3207 
3794 3817 4131 3620 3624 
3795 3513 4111 3570 3478 
3796 4376 3833 3697 3832 
3797 4065 4249 4276 3903 
3798 3915 3180 4144 3923 
3799 252 4072 3164 253 
3800 3543 3561 4293 3502 
3801 3282 3281 3284 3283 
3802 255 4137 3210 256 
3803 231 230 4074 3215 
3804 3904 3404 3407 3408 
3805 3328 3335 4140 3680 
3806 3932 4105 4174 3630 
3807 3351 3349 3982 4141 
3808 4053 3176 4056 4341 
3809 3533 3630 4174 3973 
3810 3731 3261 3260 3258 
3811 3264 3263 3266 3265 
3812 3381 3479 3521 3380 
3813 3928 4106 4062 3210 
3814 3537 3770 3807 3607 
3815 3237 3605 4101 3238 
3816 3335 3342 3350 4140 
3817 3788 3879 3880 3676 
3818 3486 3487 3609 3485 
3819 4191 3794 3535 3861 
3820 3540 3920 4352 3617 
3821 3284 3696 3697 3320 
3822 4109 3689 3687 3567 
3823 3843 3639 4214 4092 
3824 249 248 4079 3161 
3825 3532 3601 3602 3531 
3826 3269 3272 3273 3271 
3827 3504 3544 3546 3503 
3828 3301 3300 3303 3302 
3829 3922 3750 3752 4151 
3830 3283 3284 3320 3285 
3831 3521 3606 3774 3707 
3832 4264 3748 3834 3841 
3833 3265 3266 3443 3267 
3834 3696 3698 3832 3697 
3835 3279 3277 3275 3278 
3836 254 4073 4137 255 
3837 3347 3433 3435 3434 
3838 3767 4095 4224 3736 
3839 248 247 3217 4079 
3840 235 234 3166 4083 
3841 4212 4236 3293 4078 
3842 4016 4037 4038 4392 
3843 3308 3306 3304 3307 
3844 3479 3676 3606 3521 
3845 3798 4053 4341 3953 
3846 3629 3543 3520 3565 
3847 235 3218 4082 236 
3848 3304 3306 4127 3305 
3849 3913 3555 3526 4379 
3850 3447 3495 4090 3496 
3851 4152 4003 3943 4188 
3852 3416 3417 4077 3414 
3853 475 476 4364 3229 
3854 236 4082 4084 237 
3855 3543 3502 3436 3520 
3856 3918 3917 4312 3919 
3857 4303 3893 4330 3202 
3858 4060 4061 4126 3702 
3859 3600 4147 3675 3657 
3860 237 4084 3165 238 
3861 3434 3435 3436 3502 
3862 3528 3497 3496 3527 
3863 3701 3440 3279 3278 
3864 238 3165 4085 239 
3865 239 4085 3219 240 
3866 3654 3571 3473 3472 
3867 3372 3369 4003 4152 
3868 3530 3529 3614 3556 
3869 3708 3546 3702 3703 
3870 4104 4176 3270 3986 
3871 3760 3769 4155 3651 
3872 3632 3887 3413 4077 
3873 3501 3582 3671 4093 
3874 3687 3689 3836 3835 
3875 3432 3421 4068 3470 
3876 3249 3454 4114 3250 
3877 3819 3872 4131 3817 
3878 3495 3539 3665 4090 
3879 3290 3291 3441 3292 
3880 3650 4101 3605 4048 
3881 3240 3239 3236 3238 
3882 3761 3241 4102 3762 
3883 3513 3627 3813 4111 
3884 3464 3465 3523 3522 
3885 3560 3392 3391 3321 
3886 3528 3537 3607 3568 
3887 3254 3252 4114 3255 
3888 3506 3595 3742 4128 
3889 444 445 4112 3181 
3890 3558 3589 3634 3559 
3891 4097 3415 3414 3409 
3892 4179 4389 3858 3876 
3893 3243 3507 4135 3244 
3894 3380 3379 4168 3381 
3895 3353 3355 4194 3354 
3896 3876 3858 3857 3875 
3897 3245 4102 3241 3242 
3898 4065 3578 3577 3575 
3899 3746 3720 3719 3718 
3900 3784 3608 3579 3647 
3901 3458 3395 3394 3396 
3902 3523 3575 3577 3576 
3903 3625 3626 4204 3695 
3904 3786 3991 4226 3784 
3905 344 343 3192 4054 
3906 3302 3303 4099 3304 
3907 3288 3290 4236 3289 
3908 3243 3240 3238 4101 
3909 3744 3743 4388 3837 
3910 3784 3647 3831 3786 
3911 4280 3830 3657 4208 
3912 3747 3809 4214 3706 
3913 3946 3662 3554 3800 
3914 3679 4135 3507 3651 
3915 361 360 4303 3202 
3916 3653 3648 3579 3578 
3917 3241 3761 4159 3239 
3918 3711 3727 3805 3804 
3919 3537 4110 4366 3770 
3920 3983 3384 4216 4234 
3921 3312 3311 4117 3313 
3922 3490 3372 4152 3529 
3923 3183 4190 347 346 
3924 3293 3292 4121 3294 
3925 3352 3508 4140 3350 
3926 4186 4134 3455 3690 
3927 3413 3408 3407 3409 
3928 3666 4114 3454 4160 
3929 3452 3553 3554 3453 
3930 3631 3590 4325 4013 
3931 3307 3452 3453 3310 
3932 3516 3517 3519 3518 
3933 3228 3229 4364 4288 
3934 456 457 4292 3172 
3935 3569 3688 4247 4268 
3936 3401 3400 3398 3399 
3937 3591 3710 3727 3711 
3938 3399 3398 3396 3397 
3939 3379 3380 4136 3378 
3940 3514 3422 3421 3418 
3941 3251 3250 4114 3252 
3942 3214 4148 3222 4170 
3943 4142 3354 4194 4095 
3944 3422 3515 3517 3516 
3945 433 434 3190 4029 
3946 3465 3574 3575 3523 
3947 3558 4125 4192 3795 
3948 3717 3718 3719 3716 
3949 3286 3287 3336 4183 
3950 3255 3455 4134 3256 
3951 4208 3182 4010 4280 
3952 3608 3577 3578 3579 
3953 3326 4103 3535 3330 
3954 3874 4217 251 250 
3955 3434 3502 4293 3437 
3956 3484 3485 4145 3483 
3957 3322 3319 4175 3323 
3958 3662 3947 4256 4050 
3959 3870 3473 3571 3572 
3960 3528 3527 4110 3537 
3961 3668 4298 4272 3871 
3962 3423 3416 3414 3415 
3963 3249 3246 3244 4135 
3964 3854 4162 3692 3691 
3965 3714 3927 4197 4369 
3966 3305 4172 3652 4049 
3967 3704 4115 3267 3443 
3968 3401 3403 3404 3402 
3969 3257 3256 4134 3258 
3970 351 350 3175 4158 
3971 3764 3810 4149 3739 
3972 3400 3405 4165 3398 
3973 3409 3414 4077 3413 
3974 3206 4385 4230 4031 
3975 3263 3261 3731 4132 
3976 3403 3406 3407 3404 
3977 3877 3878 4310 3780 
3978 3404 3904 4219 3402 
3979 4300 4006 4340 3856 
3980 3226 4205 4314 4113 
3981 3821 4129 3872 3819 
3982 3840 4359 3934 3196 
3983 3272 3442 4123 3273 
3984 3823 3827 4129 3821 
3985 3677 3678 4150 3553 
3986 3748 3719 3720 3721 
3987 3444 3266 3263 4132 
3988 3279 4119 3284 3281 
3989 3516 4068 3421 3422 
3990 3324 3318 4014 4116 
3991 3861 3535 4103 3862 
3992 450 451 4291 3199 
3993 3307 3310 4118 3308 
3994 3549 3551 3586 4124 
3995 3441 3291 4125 3558 
3996 3212 4053 3798 4336 
3997 3702 4126 4171 3703 
3998 3707 4136 3380 3521 
3999 3449 3448 4321 4333 
4000 3376 3378 4136 3438 
4001 3267 4115 3272 3269 
4002 3545 3549 4124 4060 
4003 4235 4189 358 357 
4004 4182 3897 3898 4360 
4005 3499 3510 4242 3477 
4006 3290 3288 4125 3291 
4007 3273 4123 3278 3275 
4008 3409 3407 4156 4097 
4009 4188 3614 3529 4152 
4010 3460 3458 4165 3713 
4011 432 433 4029 4094 
4012 3314 3313 4117 3321 
4013 3296 3294 4121 3297 
4014 3487 3503 3546 4138 
4015 3519 3709 3710 3591 
4016 3480 3483 4145 4067 
4017 3354 4142 3508 3352 
4018 3636 3568 3607 4130 
4019 3807 3882 4130 3607 
4020 350 349 4317 3175 
4021 3304 4099 3452 3307 
4022 3865 4253 4383 3891 
4023 3791 4155 3769 4187 
4024 3825 4181 3827 3823 
4025 3682 3683 4184 3681 
4026 3735 3860 4182 3737 
4027 3661 3811 4304 3776 
4028 3443 3445 4157 3704 
4029 4001 3778 4287 4122 
4030 3746 4144 3790 3720 
4031 3462 3460 3713 4139 
4032 3458 3396 3398 4165 
4033 3308 4118 4117 3311 
4034 3715 3716 4164 3423 
4035 4098 4193 3435 3433 
4036 3464 3462 4139 3465 
4037 3496 3497 4157 3447 
4038 4187 3184 4374 4023 
4039 3652 4172 3860 3735 
4040 3228 4059 4263 3884 
4041 3446 3447 4157 3445 
4042 3232 3234 4159 3674 
4043 3961 4221 3591 3711 
4044 3420 3424 4163 3419 
4045 4319 4240 3952 3965 
4046 4380 3695 4087 4009 
4047 4047 3971 4271 3757 
4048 3769 3846 4331 4024 
4049 3595 3625 4196 3742 
4050 214 213 4296 3185 
4051 3896 4334 3802 4247 
4052 3454 3681 4184 4160 
4053 3634 3635 4211 3559 
4054 4400 3886 4384 3216 
4055 4323 4150 3678 3797 
4056 3362 3366 4261 3365 
4057 3285 3286 4206 3283 
4058 4315 4002 4316 3213 
4059 3234 3236 3239 4159 
4060 343 342 4146 3192 
4061 3396 3394 4169 3397 
4062 3286 3285 4192 3287 
4063 3962 4147 3470 4068 
4064 3411 4156 3407 3406 
4065 217 216 4283 3179 
4066 3223 4209 471 472 
4067 346 345 4378 3183 
4068 4260 3566 4258 4025 
4069 4134 4186 3731 3258 
4070 4252 4279 233 232 
4071 3389 4176 3692 4162 
4072 3419 3557 4156 3411 
4073 3852 242 241 4278 
4074 3439 4194 3355 3359 
4075 3384 3949 4093 4216 
4076 3615 3890 4223 3889 
4077 3288 3287 4192 4125 
4078 442 443 4326 3204 
4079 3279 3440 4199 4119 
4080 3571 3655 3840 3572 
4081 3285 3320 4244 4192 
4082 3297 3789 4215 3298 
4083 4200 3572 3840 3923 
4084 3553 4150 4177 3554 
4085 3708 4320 3881 4324 
4086 3284 4119 4199 3696 
4087 3974 3975 4384 3886 
4088 3472 3473 4163 3424 
4089 3838 3759 4272 3839 
4090 245 244 3163 4197 
4091 4078 3774 3606 4212 
4092 3648 4167 3647 3579 
4093 3748 4164 3716 3719 
4094 4011 3640 3612 4210 
4095 3393 3392 4169 3394 
4096 3292 3441 4211 4121 
4097 3365 4261 3933 4357 
4098 4214 4204 3626 3706 
4099 4011 4210 4317 3207 
4100 3712 4012 3182 4208 
4101 440 441 4374 3184 
4102 431 432 4094 3194 
4103 3332 3794 4193 4098 
4104 3781 4254 3945 4335 
4105 4370 3227 4403 4100 
4106 3857 3858 4361 3842 
4107 3906 3907 4297 3909 
4108 3436 3435 4193 3471 
4109 3899 3900 4328 3898 
4110 3852 4311 243 242 
4111 3617 3758 4387 3616 
4112 3804 4375 3220 4028 
4113 3212 4348 3176 4053 
4114 3988 3199 4366 3989 
4115 3761 4218 3674 4159 
4116 3730 3856 4340 3729 
4117 3225 4033 4255 4059 
4118 3416 3423 4164 4173 
4119 3451 3476 4153 4329 
4120 437 438 4331 3186 
4121 3358 3357 4380 4009 
4122 3732 3733 4240 3601 
4123 3324 4180 3862 4175 
4124 3691 3692 4250 3603 
4125 3716 3715 4220 3717 
4126 3990 4203 4090 3665 
4127 3464 3522 4202 4109 
4128 4142 4143 4207 3508 
4129 4176 4104 4250 3692 
4130 3417 3416 4173 3418 
4131 4204 4214 3639 3771 
4132 3303 3300 3298 4215 
4133 3359 3361 4245 3439 
4134 3297 4121 4211 3789 
4135 3995 3734 3736 4224 
4136 223 222 4348 3212 
4137 3709 3519 3517 4179 
4138 3623 3843 4404 3926 
4139 225 224 4339 3173 
4140 4341 4056 3209 4351 
4141 3880 4212 3606 3676 
4142 4019 4020 4266 3745 
4143 3180 4239 3790 4144 
4144 3565 3520 4258 3566 
4145 3781 3782 4230 3779 
4146 229 228 4316 3169 
4147 3804 4028 3195 4257 
4148 3883 3952 4240 3733 
4149 3551 3563 4265 3586 
4150 3703 4171 4206 3787 
4151 3401 3402 4219 3400 
4152 4291 3963 4366 3199 
4153 3779 3613 4254 3781 
4154 4093 3671 3728 4216 
4155 3732 4228 3636 4130 
4156 252 251 4217 3216 
4157 4401 4334 3205 4027 
4158 3412 3633 4241 3888 
4159 430 431 3194 4154 
4160 3991 3200 4007 4226 
4161 3980 3570 4111 4222 
4162 3558 3559 4211 3441 
4163 3292 3293 4236 3290 
4164 4273 4213 4084 4082 
4165 3494 4345 4290 3632 
4166 3945 4254 3556 3614 
4167 4239 4058 4368 3790 
4168 4350 3793 3784 4226 
4169 4109 4202 3836 3689 
4170 3801 3710 3709 4195 
4171 4366 4110 4353 3989 
4172 4004 4005 4277 3203 
4173 3397 4169 4305 4043 
4174 3887 3632 4290 3977 
4175 3190 4342 4069 3859 
4176 4205 3222 4148 4314 
4177 3824 4318 4322 3826 
4178 3468 3569 4268 3935 
4179 3756 3757 4378 4054 
4180 3629 3565 4267 3772 
4181 3920 3690 3667 4306 
4182 3964 3172 4313 3965 
4183 4319 3602 3601 4240 
4184 342 341 3221 4146 
4185 4015 3202 4330 4016 
4186 3766 3765 4286 3814 
4187 434 435 4342 3190 
4188 341 340 4100 3221 
4189 3575 3574 4249 4065 
4190 3766 3814 4301 3908 
4191 3517 3515 4308 3573 
4192 3680 4140 3508 4207 
4193 464 465 4239 3180 
4194 3612 3613 4251 4210 
4195 3677 4022 4282 3723 
4196 4025 3751 3749 4260 
4197 477 4302 4364 476 
4198 4202 4269 4330 3836 
4199 3718 4232 4200 3746 
4200 3482 4299 4259 3534 
4201 3820 3852 4278 4289 
4202 3475 3477 4242 3476 
4203 3924 4246 4211 3635 
4204 3637 3636 4228 3853 
4205 3519 3591 4221 3590 
4206 357 356 3205 4235 
4207 4153 3837 4388 4329 
4208 4285 3813 3812 4309 
4209 3738 4231 4381 3764 
4210 4216 3728 3806 4234 
4211 4369 4346 3818 3816 
4212 4351 4356 3829 3828 
4213 3710 3801 4262 3727 
4214 4273 3919 4312 4213 
4215 3526 3555 4358 3532 
4216 3762 4233 4218 3761 
4217 3774 4105 4229 3707 
4218 3678 3724 4332 3797 
4219 4143 4328 3900 4207 
4220 4214 3809 4399 4092 
4221 3772 4267 3935 4268 
4222 3635 3634 4355 3796 
4223 429 430 4154 3214 
4224 3303 4215 4282 4022 
4225 4346 4369 4197 3163 
4226 3200 3991 4280 4010 
4227 3932 3773 4357 3933 
4228 3657 3830 4367 3600 
4229 3170 3934 4359 4237 
4230 3855 3839 4272 4327 
4231 4392 4038 4350 3171 
4232 4362 4031 4393 3985 
4233 4213 4312 3826 4322 
4234 3465 4139 4249 3574 
4235 3856 3178 4133 4300 
4236 4122 4243 4115 3704 
4237 232 231 3215 4252 
4238 3962 4270 3675 4147 
4239 3870 3572 4200 4232 
4240 428 429 3214 4170 
4241 4030 4362 4178 3168 
4242 3820 3818 4346 3852 
4243 3204 4327 4295 3873 
4244 3984 3803 4401 4178 
4245 3833 4244 3320 3697 
4246 3765 3780 4310 4286 
4247 3960 3961 4257 3195 
4248 3707 4229 3438 4136 
4249 3720 3790 4368 3721 
4250 3576 4037 4269 4091 
4251 4180 3324 4116 4248 
4252 3683 4295 4298 4184 
4253 3438 4261 3366 3376 
4254 3197 4292 457 458 
4255 4339 3954 4396 3173 
4256 3405 4390 3903 4276 
4257 4396 3845 4343 4201 
4258 3174 4291 451 452 
4259 4231 4146 3221 4381 
4260 3471 4258 3520 3436 
4261 3612 3556 4254 3613 
4262 3442 3272 4115 4243 
4263 427 428 4170 3222 
4264 3759 3838 4277 3758 
4265 3558 3795 4275 3589 
4266 3554 4177 4241 3800 
4267 3162 4303 360 359 
4268 3603 4250 4265 3563 
4269 3426 3726 4323 3428 
4270 270 4370 339 44 
4271 3191 4281 212 211 
4272 3164 4072 4384 3975 
4273 3953 4341 4351 3792 
4274 4260 4267 3565 3566 
4275 3211 4006 4300 4133 
4276 3944 3437 4335 3945 
4277 234 233 4279 3166 
4278 4226 4007 3171 4350 
4279 240 3219 4278 241 
4280 3931 4382 3755 4248 
4281 4087 3695 4204 3771 
4282 4036 3793 4350 4038 
4283 3653 3903 4390 3902 
4284 4002 4315 3912 3910 
4285 216 215 4294 4283 
4286 3207 4317 349 348 
4287 3712 3675 4270 4373 
4288 4313 4108 4319 3965 
4289 4117 4118 4050 4256 
4290 3181 4326 443 444 
4291 3527 4203 4353 4110 
4292 3955 3776 4304 3956 
4293 3185 4294 215 214 
4294 3321 4117 4256 3560 
4295 4043 4305 3947 4398 
4296 3841 4308 3514 4264 
4297 3870 3717 4220 4347 
4298 3822 4307 4318 3824 
4299 4024 4331 438 439 
4300 4281 4296 213 212 
4301 3946 3542 4043 4398 
4302 4285 4309 3383 3500 
4303 3947 4305 3560 4256 
4304 3758 3617 4352 3759 
4305 3546 3708 4324 4138 
4306 3954 4336 3798 3799 
4307 3848 3850 4313 3851 
4308 4039 3800 4241 3633 
4309 4069 4342 435 436 
4310 3961 3960 4018 4325 
4311 4192 4244 4275 3795 
4312 3499 3978 4376 4379 
4313 3700 3792 4351 3828 
4314 3405 4276 3713 4165 
4315 3624 3714 4369 3816 
4316 3664 3886 4400 3747 
4317 3990 3989 4353 4203 
4318 4139 3713 4276 4249 
4319 3589 4275 4372 3785 
4320 378 377 3225 4288 
4321 235 4083 4394 3218 
4322 4211 4246 4225 3789 
4323 3485 3609 4274 4145 
4324 3748 4264 4173 4164 
4325 3213 4316 228 227 
4326 4401 3803 3802 4334 
4327 3204 4374 441 442 
4328 3573 4308 3841 4361 
4329 3791 3873 4295 3683 
4330 3161 4399 3809 3874 
4331 3741 4237 4359 3740 
4332 4067 4145 4274 3788 
4333 426 427 3222 4205 
4334 3894 4391 3701 4363 
4335 3984 4178 4362 3985 
4336 3799 3845 4396 3954 
4337 4054 4378 345 344 
4338 4288 4364 379 378 
4339 3668 3871 4306 3667 
4340 3418 4173 4264 3514 
4341 3807 3770 4366 3963 
4342 3179 4284 4356 4057 
4343 3336 4320 3787 4183 
4344 244 243 4311 3163 
4345 3212 4339 224 223 
4346 3783 3925 4333 4321 
4347 3176 4348 222 221 
4348 3881 4274 3609 4324 
4349 3658 4071 4386 3660 
4350 4013 3189 3948 4373 
4351 3696 4199 4349 3698 
4352 3205 4334 3896 4235 
4353 3728 3729 4340 3806 
4354 4344 3829 4356 4284 
4355 4259 4299 4181 3825 
4356 3703 3787 4320 3708 
4357 4111 3813 4285 4222 
4358 3419 4163 4347 3557 
4359 3727 4262 4263 3805 
4360 3802 3772 4268 4247 
4361 4074 3169 4297 4402 
4362 3440 3722 4349 4199 
4363 3422 3514 4308 3515 
4364 4252 3814 4286 4279 
4365 3782 3781 4335 3868 
4366 3648 3977 4290 4167 
4367 3835 3836 4330 3893 
4368 4321 4332 3724 3783 
4369 3884 4263 4262 3223 
4370 3662 3946 4398 3947 
4371 3851 4395 3847 3848 
4372 4301 3814 4252 3215 
4373 3722 4391 3894 4086 
4374 3820 4289 4307 3822 
4375 4213 4322 3165 4084 
4376 4351 3209 4057 4356 
4377 4156 3557 4347 4220 
4378 3647 4167 4290 3831 
4379 4314 3866 4354 4113 
4380 3392 3560 4305 4169 
4381 3219 4085 4318 4307 
4382 3214 4154 4253 4238 
4383 3874 4400 3216 4217 
4384 4085 3165 4322 4318 
4385 4215 3789 4225 4282 
4386 3539 3616 4387 3665 
4387 3799 3844 4397 3845 
4388 3767 3768 4328 4143 
4389 3206 4031 4362 4030 
4390 3278 4123 4363 3701 
4391 4123 3442 4287 4363 
4392 3494 3600 4367 4345 
4393 4160 4184 4298 3668 
4394 3487 4138 4324 3609 
4395 3589 3785 4355 3634 
4396 340 339 4370 4100 
4397 425 426 4205 3226 
4398 3451 4329 4388 3450 
4399 3561 3985 4393 4338 
4400 3473 3870 4347 4163 
4401 4037 4016 4330 4269 
4402 3655 3740 4359 3840 
4403 3171 4015 4016 4392 
4404 3440 3701 4391 3722 
4405 4295 4327 4272 4298 
4406 4124 3586 4266 4377 
4407 3834 3842 4361 3841 
4408 3864 3866 4314 4148 
4409 3830 3786 3831 4367 
4410 3898 4328 3768 4360 
4411 3748 3721 4368 3834 
4412 3737 4182 4360 3768 
4413 4027 3168 4178 4401 
4414 4082 3218 4394 4273 
4415 252 3216 4384 4072 
4416 3752 3755 4382 4151 
4417 4315 4201 4343 3912 
4418 3431 3450 4388 4166 
4419 3498 3785 4372 3978 
4420 4060 4124 4377 4061 
4421 4310 3166 4279 4286 
4422 4154 3194 4383 4253 
4423 3534 4259 4312 3917 
4424 4307 4289 4278 3219 
4425 203 4227 4113 204 
4426 3782 4393 4031 4230 
4427 4034 3660 4386 4344 
4428 3864 4238 4253 3865 
4429 3625 3695 4380 4196 
4430 3810 3764 4381 4403 
4431 4244 3833 4372 4275 
4432 424 425 3226 4198 
4433 3825 3826 4312 4259 
4434 4061 4377 4266 4020 
4435 3890 4383 3194 4094 
4436 3206 4158 3815 4385 
4437 3804 3805 4255 4375 
4438 3517 3573 4389 4179 
4439 3779 4230 4385 3815 
4440 4113 4227 4198 3226 
4441 4070 3173 4396 4201 
4442 3732 4358 3853 4228 
4443 3361 3365 4357 4245 
4444 3400 4219 4390 3405 
4445 3858 4389 3573 4361 
4446 3868 4338 4393 3782 
4447 205 204 4113 4354 
4448 3778 3894 4363 4287 
4449 4033 3220 4375 4255 
4450 423 424 4198 4337 
4451 380 379 4364 4302 
4452 4227 203 4337 4198 
4453 4367 3831 4290 4345 
4454 4381 3221 4100 4403 
4455 3920 4306 3871 4352 
4456 3852 4346 3163 4311 
4457 3166 4310 4394 4083 
4458 4310 3878 4273 4394 
4459 3796 4365 4333 3925 
4460 4301 4402 4297 3907 
4461 3449 4333 4365 3474 
4462 3215 4074 4402 4301 
4463 3845 4397 3694 4343 
4464 203 41 423 4337 
4465 4302 477 47 380 
2 8 3 1328
4466 4969 5477 5122 4968 
4467 5165 4805 5605 5104 
4468 5142 4460 5326 5200 
4469 5028 5261 4882 5527 
4470 4477 4866 5128 5127 
4471 4452 5408 5059 5400 
4472 5596 5055 5291 4841 
4473 5648 5169 4791 5132 
4474 5217 5218 5420 4451 
4475 5528 5190 5222 4748 
4476 4941 5431 5121 5171 
4477 5544 5210 5620 4418 
4478 5457 5050 5451 4437 
4479 5026 5334 4430 5323 
4480 5100 5487 4725 5398 
4481 331 332 5277 5467 
4482 5436 4720 5503 5273 
4483 5377 4983 4984 5137 
4484 5518 4427 5420 5218 
4485 5091 5405 5166 4440 
4486 4951 4950 5119 5172 
4487 5232 4411 5315 5230 
4488 4730 5076 5376 5416 
4489 5600 5162 5446 5324 
4490 4431 5277 332 333 
4491 5129 5455 4434 5279 
4492 5444 272 273 5118 
4493 5238 5291 5055 5479 
4494 5043 5438 4720 5436 
4495 317 5126 5645 4405 
4496 325 326 4411 5234 
4497 5018 5432 4428 5272 
4498 5080 5037 5246 5517 
4499 5251 5295 4937 4956 
4500 5004 5113 5436 5003 
4501 5464 5059 5408 4471 
4502 5643 5265 5198 5200 
4503 5050 5507 4467 5451 
4504 5640 5129 5279 5346 
4505 5308 5475 5394 4436 
4506 4603 4611 4748 5222 
4507 5230 5315 4455 5228 
4508 5090 5089 5363 4425 
4509 5607 5149 4705 5428 
4510 4932 5331 5151 5152 
4511 5353 4785 5113 5114 
4512 4944 5269 4898 5095 
4513 5358 5357 4758 5252 
4514 4418 5620 5138 5224 
4515 5162 5161 4856 4945 
4516 5084 5093 5109 4432 
4517 5523 4429 5547 5060 
4518 5269 5105 5257 4895 
4519 4886 5175 5176 5045 
4520 4826 4830 4906 5208 
4521 5497 4419 5404 5064 
4522 5213 4604 5631 5435 
4523 5289 4469 5540 4472 
4524 5098 5197 4441 5641 
4525 5395 5423 4977 5575 
4526 4468 4474 4475 5115 
4527 5469 4976 5175 5492 
4528 5076 4730 5550 5427 
4529 5611 5045 5617 5235 
4530 4898 5269 4895 4897 
4531 5221 5220 5222 5189 
4532 4799 5535 5314 5542 
4533 5277 4431 5275 5276 
4534 4865 5281 5280 5445 
4535 4433 5266 5556 5261 
4536 5135 4583 5136 5134 
4537 314 5178 5440 313 
4538 4541 5333 5023 5424 
4539 4477 5127 5115 4475 
4540 5264 5577 5042 5292 
4541 5201 5212 5211 4442 
4542 5287 4435 5478 5465 
4543 5568 4419 5497 5219 
4544 5196 5226 4821 5335 
4545 523 5109 5130 524 
4546 5333 5482 5135 5454 
4547 5545 4416 5566 5102 
4548 5085 4406 5553 5145 
4549 5256 5476 5042 5577 
4550 5228 4455 5385 5229 
4551 4788 5153 5225 5143 
4552 4903 5009 5334 5302 
4553 5334 5097 5581 4430 
4554 5506 4612 5612 5184 
4555 5105 5409 4636 5257 
4556 4576 5221 5189 5187 
4557 4468 5115 5117 5116 
4558 4431 5299 5250 5275 
4559 5342 5121 5431 4982 
4560 5137 5620 5210 5056 
4561 5400 5250 5299 4452 
4562 4564 5151 5331 4569 
4563 5000 4716 4712 5173 
4564 5551 5560 4413 5328 
4565 4894 5227 4950 4896 
4566 5314 5313 5268 5499 
4567 4977 5144 4668 4674 
4568 4549 5351 4929 5270 
4569 4984 5138 5620 5137 
4570 4906 5153 4788 5154 
4571 5179 5012 5327 5383 
4572 5524 5007 5625 5255 
4573 5424 5023 4958 5347 
4574 317 318 5461 5126 
4575 5494 5148 5147 4939 
4576 5132 4791 4736 5298 
4577 4939 5147 5085 4938 
4578 5094 5649 4461 5329 
4579 528 5139 4472 529 
4580 4849 5204 5247 4491 
4581 5556 5207 5462 4887 
4582 5455 5111 5590 4434 
4583 5374 5112 5428 4705 
4584 5349 5466 4807 5402 
4585 4992 5389 4598 5213 
4586 4542 4541 5424 5223 
4587 5348 5468 4688 5439 
4588 4693 5342 4982 5379 
4589 5155 5472 5536 5208 
4590 5138 5201 4442 5224 
4591 4551 5421 5112 5374 
4592 5168 4784 4732 5167 
4593 5621 5628 5164 5082 
4594 4474 4468 273 274 
4595 5318 4706 5376 5124 
4596 4917 5142 5200 5199 
4597 4641 4926 5182 5181 
4598 5079 5078 5633 5591 
4599 5130 5131 5457 4437 
4600 5144 4977 5423 5486 
4601 4955 5370 5253 5403 
4602 4828 5531 5321 5316 
4603 4911 5325 4718 5305 
4604 5180 5060 5547 5533 
4605 5109 5110 5131 5130 
4606 5184 5183 5347 5485 
4607 4437 525 524 5130 
4608 5240 5239 4793 4811 
4609 4513 5330 5257 4636 
4610 5618 4471 337 338 
4611 518 5166 4424 519 
4612 5216 5301 5518 5218 
4613 4866 5129 5640 5128 
4614 5545 5102 5641 4441 
4615 4925 4981 5277 5276 
4616 5139 528 527 4467 
4617 4740 4620 4617 5195 
4618 4616 5237 4591 4593 
4619 5252 5101 5566 5358 
4620 4571 5452 5114 5449 
4621 4585 5196 5335 4590 
4622 5455 5024 5026 5111 
4623 5467 5108 5558 4422 
4624 5154 5155 5208 4906 
4625 4445 5309 4927 4476 
4626 5125 4448 5622 5271 
4627 516 5185 4440 517 
4628 5098 5306 4414 5197 
4629 5085 5147 5433 4406 
4630 4407 5619 5065 5564 
4631 5322 5209 4766 4764 
4632 4583 5135 5482 4535 
4633 5309 5287 5465 4927 
4634 5222 5220 4588 4603 
4635 4954 5419 4633 5313 
4636 5243 4421 5245 5244 
4637 4487 4903 5302 5354 
4638 4737 5318 5124 5378 
4639 4448 5107 5106 5579 
4640 4563 5150 5152 5151 
4641 5317 5263 4415 5264 
4642 4563 4560 4558 5149 
4643 4918 5245 5255 5625 
4644 5357 5358 5570 4854 
4645 5242 4677 4679 4697 
4646 529 4472 4473 530 
4647 5109 523 522 4432 
4648 5173 4836 5630 5396 
4649 4999 4717 4715 4716 
4650 5088 5099 5101 5100 
4651 4712 4710 4836 5173 
4652 4835 4988 5006 4851 
4653 4993 4994 5088 5087 
4654 4791 5169 5168 5167 
4655 5319 5141 5414 4678 
4656 4445 4474 274 275 
4657 4909 4991 4994 4993 
4658 5235 4724 4726 4746 
4659 4421 5254 5255 5245 
4660 514 5197 4414 515 
4661 4474 4445 4476 4475 
4662 5015 5214 4862 5158 
4663 4747 4759 4775 4774 
4664 5214 4837 4797 4798 
4665 4641 5181 4708 4643 
4666 5414 5141 4909 4993 
4667 4515 5241 4519 4516 
4668 5136 4583 5429 5572 
4669 5166 518 517 4440 
4670 4676 4674 4673 4675 
4671 5151 4564 4562 4563 
4672 4951 5172 5633 5078 
4673 5289 5508 5054 5502 
4674 5436 5273 5001 5003 
4675 5292 5316 5317 5264 
4676 5226 5190 5528 5471 
4677 5149 4558 4555 4705 
4678 5180 5534 5591 5290 
4679 510 5211 4416 511 
4680 5171 4790 4867 4868 
4681 5267 4633 4527 4525 
4682 5200 5198 4845 5199 
4683 4481 5024 4866 4479 
4684 4585 4584 5188 5196 
4685 4892 4779 4832 5216 
4686 5171 5121 4773 4790 
4687 5161 5157 4813 4815 
4688 5216 4832 5300 5301 
4689 5052 4880 4793 5239 
4690 5334 5009 5018 5097 
4691 4589 4595 4603 4588 
4692 4883 4680 4665 5332 
4693 5185 516 515 4414 
4694 5022 4902 4786 4850 
4695 4595 4610 4611 4603 
4696 4649 4651 4658 5293 
4697 4587 4590 4592 4591 
4698 508 5224 4442 509 
4699 5197 514 513 4441 
4700 4862 5157 5159 5158 
4701 5238 4615 4593 4614 
4702 4545 4782 4786 4547 
4703 4837 5014 5031 4869 
4704 5214 5015 5014 4837 
4705 4883 4742 4719 4680 
4706 5300 4832 4739 4741 
4707 4813 5157 4862 4802 
4708 4873 4872 4870 4871 
4709 4837 4869 5298 4797 
4710 5218 5217 4892 5216 
4711 5156 4621 4737 4870 
4712 4495 4492 4491 5247 
4713 5196 5188 5190 5226 
4714 4896 4897 4895 4894 
4715 5222 5190 5188 5189 
4716 4874 4873 4965 5177 
4717 4829 4828 5316 5292 
4718 5565 5176 5034 5578 
4719 4610 4629 4630 4611 
4720 4604 5213 4598 4600 
4721 4736 4791 5167 4734 
4722 4590 4587 4586 4585 
4723 4752 4795 4798 4797 
4724 5199 4848 4877 4917 
4725 5291 5238 4614 4635 
4726 4591 4592 4614 4593 
4727 4610 4595 4596 5236 
4728 4710 4708 5181 4836 
4729 4741 4739 4620 4740 
4730 4519 5241 5356 4634 
4731 4954 5313 5314 4953 
4732 4937 5294 4753 4846 
4733 5001 4999 4716 5000 
4734 5275 4923 4925 5276 
4735 5211 510 509 4442 
4736 5003 5001 5000 5002 
4737 4786 4782 4881 4850 
4738 5227 4894 4893 4637 
4739 5195 4617 4615 4631 
4740 5202 4897 4896 4899 
4741 4802 4862 5214 4800 
4742 4936 4846 4753 4844 
4743 4881 5183 5022 4850 
4744 4835 4851 5300 4772 
4745 4898 4897 5202 5047 
4746 5550 4730 4729 4731 
4747 4965 4873 4871 4875 
4748 4621 5156 4607 4609 
4749 4591 5191 4594 4587 
4750 5485 4687 5506 5184 
4751 5224 508 507 4418 
4752 4717 4999 5505 5186 
4753 4673 5319 4678 4675 
4754 5329 4405 5645 5344 
4755 5583 4456 5588 5203 
4756 5187 4578 4577 4576 
4757 4609 4613 4622 4621 
4758 5268 5267 4521 4995 
4759 504 5243 4443 505 
4760 5181 5182 5630 4836 
4761 4916 5228 5229 5215 
4762 4716 4715 4713 4712 
4763 4569 4566 4565 4564 
4764 4481 4857 5026 5024 
4765 4519 4634 4995 4521 
4766 4605 4607 5156 4628 
4767 5215 4841 4760 4839 
4768 5215 4839 4840 4916 
4769 5123 5601 5008 5520 
4770 5243 504 503 4421 
4771 5500 5286 5597 5205 
4772 5204 4913 4757 5247 
4773 4600 4602 4605 4604 
4774 5605 4781 4853 4983 
4775 5408 4452 335 336 
4776 4563 4562 4561 4560 
4777 5265 4936 4844 5198 
4778 4581 4582 4589 4588 
4779 4594 5280 4686 4682 
4780 5013 4988 4835 4989 
4781 4997 4917 4877 4957 
4782 4931 4934 5401 5388 
4783 5198 4844 4754 4845 
4784 273 4468 5116 5118 
4785 5236 4632 4629 4610 
4786 4435 5287 277 278 
4787 4866 4477 4478 4479 
4788 4844 4753 4632 4754 
4789 4574 4575 4582 4581 
4790 4766 5209 5527 4882 
4791 4620 4619 4616 4617 
4792 4832 4779 4738 4739 
4793 5128 5117 5115 5127 
4794 5154 4788 4656 5371 
4795 4739 4738 4619 4620 
4796 4617 4616 4593 4615 
4797 5596 4841 5215 5233 
4798 4615 5238 5479 4631 
4799 5263 404 405 4415 
4800 4573 4572 4575 4574 
4801 5305 4718 4503 4501 
4802 5256 406 407 4444 
4803 4507 5296 5227 4637 
4804 4773 4789 4867 4790 
4805 5259 408 409 4426 
4806 4829 5292 5042 4860 
4807 5324 4457 5163 5600 
4808 5401 4934 4935 5041 
4809 5308 5006 4988 5475 
4810 4576 4574 4581 5221 
4811 501 4447 5254 502 
4812 5327 5012 4936 5265 
4813 4827 5027 5146 4889 
4814 4729 4730 5416 4627 
4815 5179 4956 4937 5012 
4816 5260 410 411 5194 
4817 5376 4706 4625 5416 
4818 4723 4698 4699 4700 
4819 4584 5187 5189 5188 
4820 4421 503 502 5254 
4821 4507 4637 4893 4509 
4822 4945 4856 4942 4944 
4823 4695 4743 4789 4773 
4824 5161 4815 4855 4856 
4825 5094 4891 4890 4874 
4826 5214 4798 4799 4800 
4827 4584 4585 4586 4580 
4828 5247 4757 4497 4495 
4829 5274 397 398 4449 
4830 4580 4578 5187 4584 
4831 5159 5157 5161 5160 
4832 5266 413 414 5206 
4833 5523 5060 4914 5025 
4834 5648 5132 5031 5133 
4835 5141 4907 4908 4909 
4836 5267 5268 5313 4633 
4837 5282 395 396 4412 
4838 4660 4884 5293 4658 
4839 4914 4913 5204 5025 
4840 525 4437 5451 526 
4841 278 279 5284 4435 
4842 412 4433 5194 411 
4843 4839 4760 4727 4761 
4844 4879 5231 4916 4840 
4845 5418 5539 5399 4458 
4846 5172 5119 4503 4718 
4847 4674 4668 4672 4673 
4848 5392 5174 5443 4996 
4849 4706 5318 4622 4623 
4850 5468 5248 5491 4688 
4851 4749 4772 5300 4741 
4852 5404 393 394 4450 
4853 521 5312 4432 522 
4854 4702 5304 5193 4915 
4855 5167 4732 4733 4734 
4856 4760 4635 4618 4727 
4857 4632 4753 5294 4629 
4858 4574 4576 4577 4573 
4859 4542 5223 4782 4545 
4860 4635 4614 4592 4618 
4861 4820 4818 4715 4717 
4862 4429 5285 280 281 
4863 5262 4562 4564 4565 
4864 5084 4432 5312 5616 
4865 4974 4976 5469 5530 
4866 4914 5290 4912 4913 
4867 4475 4476 4478 4477 
4868 4706 4623 4624 4625 
4869 4588 5220 5221 4581 
4870 4950 5227 5296 5119 
4871 5144 4660 4667 4668 
4872 5299 4431 333 334 
4873 4757 4913 4912 4911 
4874 5079 5077 4951 5078 
4875 4951 4899 4896 4950 
4876 5009 4903 4755 4904 
4877 5290 4914 5060 5180 
4878 4781 4775 4759 4780 
4879 4852 4783 4719 4742 
4880 5199 4845 4847 4848 
4881 5095 5586 4945 4944 
4882 4736 4752 4797 5298 
4883 5260 5194 5028 4963 
4884 4461 5649 5177 5178 
4885 5207 5493 5053 4962 
4886 4550 4548 5303 4551 
4887 5627 4427 5518 5140 
4888 4504 4503 5119 5296 
4889 5426 4960 5457 5131 
4890 4605 4628 5341 5258 
4891 4939 4938 4818 4820 
4892 494 5272 4428 495 
4893 415 4439 5206 414 
4894 5285 5284 279 280 
4895 5477 4969 4971 4996 
4896 4936 5012 4937 4846 
4897 275 276 5309 4445 
4898 5278 416 417 4464 
4899 5426 5131 5110 5636 
4900 4594 5191 5445 5280 
4901 5329 5344 4891 5094 
4902 4635 4760 4841 5291 
4903 4710 4712 4713 4711 
4904 4558 4560 4561 4559 
4905 5432 5041 5125 5271 
4906 4708 4710 4711 4709 
4907 4746 4726 4758 4747 
4908 4656 4788 5143 4661 
4909 4525 4522 4521 5267 
4910 4811 5546 5120 5587 
4911 4873 4874 4890 4872 
4912 4532 4531 5429 4533 
4913 5293 4792 4647 4649 
4914 4555 4558 4559 4557 
4915 4636 4515 4514 4513 
4916 4723 4700 4725 4724 
4917 4643 4708 4709 4707 
4918 5303 4786 4902 4905 
4919 5269 4944 4942 5105 
4920 5249 4833 4834 4922 
4921 4934 4931 4703 4933 
4922 5099 5088 4994 5098 
4923 4870 4737 5378 4871 
4924 4621 4622 5318 4737 
4925 4805 5165 5595 5164 
4926 5298 4869 5031 5132 
4927 5141 5319 4721 4907 
4928 5287 5309 276 277 
4929 5341 4890 4891 5020 
4930 4452 5299 334 335 
4931 5231 4879 5295 5251 
4932 4493 4931 5388 5381 
4933 5090 4425 5579 5106 
4934 5455 5129 4866 5024 
4935 4902 5248 5468 4985 
4936 5016 4987 4986 4985 
4937 4757 4911 5305 4497 
4938 4535 4534 4532 4533 
4939 4777 4745 5403 5253 
4940 5467 4422 330 331 
4941 5330 4513 4512 4510 
4942 4772 4833 5249 4835 
4943 4697 4679 4699 4698 
4944 4815 4813 4812 4814 
4945 4902 4985 4986 4905 
4946 4802 4800 4799 4801 
4947 5067 5065 4875 5066 
4948 4813 4802 4801 4812 
4949 4705 4555 4552 5374 
4950 4597 4598 5389 4596 
4951 4552 4555 4557 4554 
4952 5546 4686 5603 5120 
4953 4786 5303 4548 4547 
4954 284 285 5311 4423 
4955 4541 4540 4538 4539 
4956 4547 4546 4544 4545 
4957 5263 5317 5599 4446 
4958 5228 4916 5231 5230 
4959 5121 5342 4695 4773 
4960 4570 4569 5331 4572 
4961 5342 4693 4694 4695 
4962 4803 4929 5351 4701 
4963 5480 5433 5147 5148 
4964 5047 5048 5095 4898 
4965 4718 5325 5633 5172 
4966 5101 5252 5487 5100 
4967 4676 4675 4678 4677 
4968 4447 5363 5089 5524 
4969 4607 4605 4602 4606 
4970 419 4469 5288 418 
4971 4447 501 500 5363 
4972 4923 5275 5250 4922 
4973 4595 4589 4597 4596 
4974 5253 4827 4819 4777 
4975 5069 5067 5066 5068 
4976 5296 4507 4506 4504 
4977 5075 5073 5072 5074 
4978 5073 5071 5070 5072 
4979 5071 5069 5068 5070 
4980 285 286 4453 5311 
4981 4892 4864 4806 4779 
4982 4736 4751 4794 4752 
4983 4734 4735 4751 4736 
4984 5155 5154 5371 5410 
4985 5343 4744 4776 4863 
4986 4987 5016 5391 5017 
4987 5234 4454 324 325 
4988 5230 5231 5251 5232 
4989 4894 4895 5257 4893 
4990 4839 4761 4878 4840 
4991 4981 4925 4979 4980 
4992 4580 4586 4681 5350 
4993 4677 5242 5575 4676 
4994 4481 4479 4478 4480 
4995 5183 4881 5424 5347 
4996 4848 4876 4946 4877 
4997 4902 5022 5612 5248 
4998 4746 5571 5611 5235 
4999 4903 4487 4488 4755 
5000 4976 5034 5176 5175 
5001 4609 4607 4606 4608 
5002 5156 4870 4872 4628 
5003 4991 4909 4908 4990 
5004 5294 4937 5295 5514 
5005 4974 4975 5034 4976 
5006 5003 5002 5005 5004 
5007 286 287 5310 4453 
5008 4919 4920 5123 4921 
5009 5341 4628 4872 4890 
5010 4879 5061 5514 5295 
5011 4639 5262 5360 4926 
5012 4929 4930 4975 4974 
5013 327 328 4455 5315 
5014 5497 5064 5030 5029 
5015 5496 5057 4634 5356 
5016 4600 4598 4597 4599 
5017 4840 4878 5061 4879 
5018 491 5323 4430 492 
5019 4721 4822 4908 4907 
5020 326 327 5315 4411 
5021 4772 4749 4834 4833 
5022 287 288 4420 5310 
5023 4519 4521 4522 4520 
5024 4572 4573 5353 4570 
5025 4658 4659 4667 4660 
5026 401 4406 5433 400 
5027 5178 314 315 4461 
5028 4680 4719 5322 4669 
5029 4501 4498 4497 5305 
5030 4692 4693 5379 4511 
5031 4573 4577 4785 5353 
5032 5429 4531 4528 5434 
5033 4931 4493 4494 4703 
5034 5618 5352 5464 4471 
5035 4527 4526 4524 4525 
5036 5348 5390 5391 5016 
5037 4849 4491 4490 4489 
5038 4578 4580 5350 4579 
5039 4516 4519 4520 4518 
5040 4827 5253 5370 5027 
5041 4651 4654 4659 4658 
5042 5052 5051 5021 4880 
5043 4627 4728 5320 4729 
5044 4922 4834 4924 4923 
5045 4663 4671 4967 4966 
5046 5038 5320 4728 4824 
5047 4672 4721 5319 4673 
5048 4923 4924 4979 4925 
5049 4562 5262 4639 4561 
5050 4759 5357 4854 4780 
5051 4501 4503 4504 4502 
5052 4495 4497 4498 4496 
5053 4882 4887 4767 4766 
5054 4509 4508 4506 4507 
5055 4531 4530 4529 4528 
5056 5204 5205 5523 5025 
5057 4484 4486 4488 4487 
5058 4926 5360 5495 5182 
5059 5476 5246 5037 5035 
5060 5534 5180 5533 4423 
5061 4883 5332 4661 5143 
5062 5165 5104 4889 5340 
5063 4498 4501 4502 4500 
5064 5100 5398 5087 5088 
5065 390 4451 5420 389 
5066 4457 5582 4413 5163 
5067 4889 4888 4819 4827 
5068 5615 5621 5082 5083 
5069 4590 5335 4618 4592 
5070 336 337 4471 5408 
5071 4919 4499 4500 4704 
5072 4926 4641 4640 4639 
5073 4785 4579 5350 5043 
5074 5082 5164 5595 4949 
5075 292 293 5324 4417 
5076 328 329 5385 4455 
5077 4578 4579 4785 4577 
5078 4545 4544 4543 4542 
5079 5496 5512 5532 5057 
5080 4857 4481 4480 4482 
5081 4565 4566 5452 4571 
5082 4508 4509 5330 4510 
5083 4677 4678 5414 4679 
5084 4743 4695 4694 4696 
5085 293 294 4457 5324 
5086 4663 4966 5466 5349 
5087 4856 4855 4943 4942 
5088 4747 4758 5357 4759 
5089 4738 4779 4806 4778 
5090 4818 5359 4713 4715 
5091 4486 4489 4490 4488 
5092 4680 4669 4666 4665 
5093 4921 5407 5364 4919 
5094 4724 5235 5617 4723 
5095 4493 4490 4491 4492 
5096 4587 4594 4681 4586 
5097 4422 5385 329 330 
5098 5136 5521 5038 5134 
5099 4727 4618 5335 4821 
5100 4702 4556 5367 5304 
5101 4741 4740 5345 4749 
5102 4857 5302 5334 5026 
5103 5237 5397 4865 5445 
5104 4845 4754 5375 4847 
5105 406 5256 4415 405 
5106 5312 521 520 5483 
5107 4495 4494 4493 4492 
5108 5236 5375 4754 4632 
5109 4496 4498 4500 4499 
5110 4848 4847 4992 4876 
5111 4919 4704 4941 4920 
5112 488 5279 4434 489 
5113 404 5263 4446 403 
5114 4509 4893 5257 5330 
5115 4486 4484 4483 4485 
5116 321 322 5327 4408 
5117 296 297 5328 4413 
5118 5066 4875 4871 5378 
5119 4761 4727 4821 5362 
5120 4882 5261 5556 4887 
5121 408 5259 4444 407 
5122 5177 4965 5619 5178 
5123 5166 5174 5392 4424 
5124 320 321 4408 5326 
5125 4793 4750 5546 4811 
5126 410 5260 4426 409 
5127 323 324 4454 5383 
5128 297 298 4459 5328 
5129 4575 4932 5387 4582 
5130 4572 5331 4932 4575 
5131 319 320 5326 4460 
5132 5375 5236 4596 5389 
5133 5307 5589 5310 4420 
5134 4982 4505 4504 4506 
5135 4627 4626 4769 4728 
5136 4787 4859 5056 5019 
5137 4582 5387 4597 4589 
5138 389 5420 4427 388 
5139 5038 4824 5135 5134 
5140 4693 4692 4955 4694 
5141 4639 4568 4559 4561 
5142 4734 4733 4861 4735 
5143 5575 5242 5623 5046 
5144 5436 5113 4785 5043 
5145 4949 4947 4567 4948 
5146 5359 4818 4938 4940 
5147 4541 4542 4543 4540 
5148 4525 4524 4523 4522 
5149 317 4405 5329 316 
5150 4770 4714 4711 4713 
5151 4781 4780 4854 4853 
5152 4515 4516 4517 4514 
5153 4953 4794 4751 4796 
5154 4547 4548 4549 4546 
5155 5173 5396 5002 5000 
5156 5578 4697 4698 5565 
5157 4947 4529 4530 4567 
5158 4769 4958 5023 4858 
5159 5511 5092 5084 4998 
5160 4510 4512 4692 4511 
5161 5083 5082 4949 4948 
5162 413 5266 4433 412 
5163 4922 5250 5400 5249 
5164 5262 4565 4571 5360 
5165 322 323 5383 5327 
5166 5450 5517 5259 4426 
5167 4594 4682 4683 4681 
5168 5016 4985 5468 5348 
5169 316 5329 4461 315 
5170 4655 4652 5371 4656 
5171 487 5346 5279 488 
5172 301 302 5337 4410 
5173 4541 4539 5482 5333 
5174 4554 4553 4550 4552 
5175 4728 4769 4858 4824 
5176 302 303 4462 5337 
5177 5237 4616 4619 5397 
5178 5047 5202 5589 5307 
5179 4750 4793 4816 4768 
5180 303 304 5336 4462 
5181 4550 4551 5374 4552 
5182 5164 5628 4775 4805 
5183 4696 4744 5343 4743 
5184 530 4473 5610 531 
5185 304 305 5338 5336 
5186 4516 4518 4691 4517 
5187 4852 4910 4928 4783 
5188 305 306 4409 5338 
5189 397 5274 4412 396 
5190 4682 4684 4685 4683 
5191 4777 4776 4744 4745 
5192 4952 4523 4524 4689 
5193 4793 4880 5021 4816 
5194 306 307 5339 4409 
5195 5553 4446 5599 5145 
5196 307 308 4463 5339 
5197 4959 4954 4953 4796 
5198 5009 4904 5401 5018 
5199 4749 5345 4924 4834 
5200 4938 5085 5086 4940 
5201 395 5282 4450 394 
5202 5068 5066 5378 5124 
5203 4743 5343 4918 4789 
5204 4536 4538 4690 4537 
5205 4482 5354 5302 4857 
5206 4484 4482 4480 4483 
5207 5297 4645 4646 4647 
5208 5010 5011 5355 4485 
5209 5316 5321 5599 5317 
5210 4761 5362 5062 4878 
5211 4810 4568 4639 4640 
5212 4777 4819 4859 4787 
5213 4919 5364 4496 4499 
5214 5389 4992 4847 5375 
5215 499 4425 5363 500 
5216 4808 4809 4885 4842 
5217 4991 5306 5098 4994 
5218 5349 4657 4662 4663 
5219 4626 4627 5416 4625 
5220 4600 4601 5439 4602 
5221 4643 4642 4640 4641 
5222 4489 4486 4485 5355 
5223 4787 5019 5644 5361 
5224 5035 4900 4831 4860 
5225 4707 4644 4642 4643 
5226 4830 4826 4828 4829 
5227 416 5278 4439 415 
5228 4548 4550 5351 4549 
5229 4534 4535 5482 4536 
5230 4487 5354 4482 4484 
5231 5414 4993 5087 5635 
5232 5035 5037 5081 4900 
5233 4997 4957 5456 5058 
5234 4702 4915 5049 4804 
5235 4633 5419 5434 4527 
5236 4488 5381 5388 4755 
5237 4664 4662 5332 4665 
5238 403 4446 5553 402 
5239 4906 4830 4831 4901 
5240 4485 4483 5406 5010 
5241 5053 5278 4464 5624 
5242 4962 5053 5054 4978 
5243 4413 5560 5159 5163 
5244 5195 4631 5479 5459 
5245 4738 4778 5397 4619 
5246 4599 4597 5387 4756 
5247 5431 4941 4704 5380 
5248 4661 4657 4655 4656 
5249 4494 5364 5407 4703 
5250 4764 4670 4669 5322 
5251 4701 4702 4804 4803 
5252 4553 4556 4702 4701 
5253 4906 4901 5225 5153 
5254 4515 4636 5409 5241 
5255 4657 4661 5332 4662 
5256 4997 5126 5461 5646 
5257 4764 4766 4767 4765 
5258 4472 5540 5610 4473 
5259 511 4416 5545 512 
5260 4649 4647 4646 4648 
5261 4843 4962 4978 4961 
5262 4732 4784 5550 4731 
5263 4625 4624 5382 4626 
5264 5159 5160 5600 5163 
5265 4762 4666 4669 4670 
5266 4928 4910 5450 4963 
5267 4495 4496 5364 4494 
5268 5390 5348 5439 4601 
5269 4670 4764 4765 4763 
5270 4504 4505 5380 4502 
5271 5204 4849 5500 5205 
5272 4808 5044 5437 5373 
5273 4968 4967 4970 4969 
5274 4535 4533 5429 4583 
5275 4860 4831 4830 4829 
5276 4513 4514 5365 4512 
5277 4682 4686 5546 4684 
5278 4732 4731 5393 4733 
5279 4651 4649 4648 4650 
5280 4755 5388 5401 4904 
5281 418 5288 4464 417 
5282 4721 4722 4823 4822 
5283 4777 4787 5361 4776 
5284 4921 5123 5520 5549 
5285 4600 4599 5390 4601 
5286 5114 5452 4570 5353 
5287 4671 4663 4662 4664 
5288 4493 5381 4488 4490 
5289 5067 5069 5541 5103 
5290 5105 4942 4943 5409 
5291 4551 5303 4905 5421 
5292 4955 4692 4512 5365 
5293 4526 5368 4689 4524 
5294 5143 5225 5529 4883 
5295 4654 4651 4650 4652 
5296 4820 5519 5494 4939 
5297 4704 4500 4502 5380 
5298 393 5404 4419 392 
5299 5215 5229 5558 5233 
5300 4648 4646 5413 4653 
5301 5539 5463 5118 5116 
5302 4508 5379 4982 4506 
5303 4963 5450 4426 5260 
5304 4652 4650 5410 5371 
5305 5070 5068 5124 5376 
5306 5091 4440 5185 5606 
5307 4520 5372 4691 4518 
5308 5072 5070 5376 5076 
5309 4929 4803 5395 4930 
5310 5113 5004 5449 5114 
5311 4969 4970 4972 4971 
5312 4510 4511 5379 4508 
5313 4528 4529 5368 4526 
5314 4540 5369 4690 4538 
5315 505 4443 5544 506 
5316 4553 4554 5367 4556 
5317 4690 4808 5373 4537 
5318 4456 5583 5047 5307 
5319 5013 4989 5400 5059 
5320 4958 4769 4626 5382 
5321 5480 399 400 5433 
5322 4563 5149 5607 5150 
5323 5252 4758 4726 5487 
5324 4536 4537 5373 4534 
5325 4450 5283 5474 5632 
5326 4522 4523 5372 4520 
5327 4957 5447 5020 5456 
5328 4472 5139 5508 5289 
5329 4657 5349 5402 4655 
5330 4835 5249 5400 4989 
5331 4806 4865 5397 4778 
5332 4644 4707 4964 5413 
5333 4557 4559 4568 5366 
5334 5039 5369 4540 4543 
5335 4735 5384 4796 4751 
5336 4767 4843 4961 4960 
5337 5410 4653 5472 5155 
5338 4729 5320 5393 4731 
5339 5391 5390 4599 4756 
5340 4888 5377 4859 4819 
5341 5056 4859 5377 5137 
5342 5209 5322 4719 4783 
5343 392 4419 5568 391 
5344 386 5308 4436 385 
5345 4550 4553 4701 5351 
5346 4782 5223 5424 4881 
5347 5041 5432 5018 5401 
5348 5074 5072 5076 5427 
5349 5647 5274 4449 5481 
5350 4934 4933 5430 4935 
5351 4986 4987 5428 5112 
5352 5488 5538 5027 5370 
5353 4996 4971 5040 5392 
5354 4707 4709 5386 4964 
5355 4645 4644 5413 4646 
5356 4554 4557 5366 5367 
5357 5207 4962 4843 5462 
5358 4709 4711 4714 5386 
5359 4744 4696 5403 4745 
5360 5432 5271 5622 4428 
5361 5014 5015 5509 5063 
5362 4905 4986 5112 5421 
5363 4955 5403 4696 4694 
5364 4476 4927 5406 4478 
5365 4972 4970 5412 4998 
5366 5213 5435 4876 4992 
5367 5526 5498 299 300 
5368 4668 4667 5411 4672 
5369 5570 5212 5201 5484 
5370 5018 5272 5581 5097 
5371 5148 5494 5051 5481 
5372 5558 5108 5596 5233 
5373 4703 5407 5430 4933 
5374 4885 4809 5453 4886 
5375 5575 5046 4930 5395 
5376 4609 4612 5506 4613 
5377 281 282 5547 4429 
5378 4478 5406 4483 4480 
5379 4526 4527 5434 4528 
5380 385 4436 5394 384 
5381 4644 4645 5417 4642 
5382 4531 4532 5437 4530 
5383 5443 5405 4822 4823 
5384 4652 4655 5402 4654 
5385 4467 527 526 5451 
5386 388 4427 5627 387 
5387 5505 5273 5503 4817 
5388 5380 4505 4982 5431 
5389 5517 5450 4910 5080 
5390 5356 5241 5409 4943 
5391 4654 5402 4807 4659 
5392 5103 5525 309 310 
5393 5032 5603 5281 5510 
5394 4688 4606 4602 5439 
5395 4740 5195 5459 5345 
5396 4792 5293 4884 5513 
5397 4534 5373 5437 4532 
5398 497 4448 5579 498 
5399 4798 4795 5535 4799 
5400 4822 5405 5091 4908 
5401 4530 5437 5489 4567 
5402 4543 4544 5458 4638 
5403 4653 5410 4650 4648 
5404 4803 4804 5423 5395 
5405 4659 4807 5411 4667 
5406 4959 5576 5136 5572 
5407 4569 4570 5452 4566 
5408 4529 4947 5442 5368 
5409 4721 4672 5411 4722 
5410 5089 5090 5520 5008 
5411 4591 5237 5445 5191 
5412 5246 5476 5256 4444 
5413 313 5440 4407 312 
5414 5333 5454 4858 5023 
5415 5217 5219 4864 4892 
5416 4901 4831 4900 5415 
5417 4671 5412 4970 4967 
5418 4810 4640 4642 5417 
5419 4946 5447 4957 4877 
5420 486 4438 5346 487 
5421 495 4428 5622 496 
5422 5217 4451 5568 5219 
5423 4681 5438 5043 5350 
5424 5109 5093 5608 5110 
5425 4681 4683 4720 5438 
5426 5103 310 311 5564 
5427 4868 4867 5625 5007 
5428 4456 5307 4420 5594 
5429 5186 5505 4817 5515 
5430 5006 5140 5518 4851 
5431 4826 4771 5531 4828 
5432 4664 5422 5412 4671 
5433 4700 5580 5398 4725 
5434 4605 5258 5631 4604 
5435 5368 5442 4973 4689 
5436 4981 4980 5596 5108 
5437 5314 5535 4794 4953 
5438 492 4430 5581 493 
5439 5010 5406 4927 5465 
5440 5538 5488 4517 4691 
5441 4983 4853 5484 4984 
5442 4868 5601 5557 5171 
5443 4860 5042 5476 5035 
5444 4967 4968 5466 4966 
5445 5245 4918 5343 4863 
5446 5006 5308 5627 5140 
5447 5599 5321 5460 5086 
5448 4855 5496 5356 4943 
5449 5116 5117 5516 5539 
5450 4665 4666 5422 4664 
5451 5344 5456 5020 4891 
5452 5053 5493 4439 5278 
5453 4956 5490 5232 5251 
5454 4713 5359 5460 4770 
5455 5304 5501 5555 5193 
5456 288 289 5594 4420 
5457 4770 5460 5321 5531 
5458 4549 5458 4544 4546 
5459 4690 5369 5039 5453 
5460 4606 4688 5491 4608 
5461 4469 5289 5502 5288 
5462 290 291 5588 4456 
5463 4960 5426 4765 4767 
5464 4874 5177 5649 5094 
5465 5108 5467 5277 4981 
5466 5589 5598 4453 5310 
5467 5032 5030 5474 5033 
5468 5135 4824 4858 5454 
5469 4424 5392 5040 5483 
5470 4816 4817 5503 4768 
5471 5062 5528 4748 5562 
5472 294 295 5582 4457 
5473 5138 4984 5484 5201 
5474 4801 4838 5512 4812 
5475 4624 4623 5506 4687 
5476 5544 4443 5644 5210 
5477 5345 5459 4979 4924 
5478 4983 5377 4888 5473 
5479 5030 5032 5510 5029 
5480 5166 5405 5443 5174 
5481 318 319 4460 5461 
5482 4660 5144 5486 4884 
5483 485 5399 4438 486 
5484 5152 4756 5387 4932 
5485 4808 4690 5453 4809 
5486 4826 5208 5536 4771 
5487 5226 5471 5362 4821 
5488 4538 4536 5482 4539 
5489 4683 4685 5503 4720 
5490 5483 5040 5616 5312 
5491 4645 5297 5555 5417 
5492 5513 5192 5639 4792 
5493 4995 5532 5499 5268 
5494 5359 4940 5086 5460 
5495 5286 5500 5355 5011 
5496 5281 4865 4806 5510 
5497 5026 5323 5590 5111 
5498 5563 5585 5648 5133 
5499 5073 5075 5574 5569 
5500 5284 5626 5478 4435 
5501 5171 5557 4920 4941 
5502 5211 5212 5566 4416 
5503 4411 5232 5490 5234 
5504 5570 5484 4853 4854 
5505 384 5394 4465 383 
5506 5031 5014 5063 5537 
5507 489 4434 5590 490 
5508 4864 5219 5497 5029 
5509 4767 4887 5462 4843 
5510 5015 5158 5551 5509 
5511 4765 4825 5561 4763 
5512 519 4424 5483 520 
5513 4629 5294 5514 4630 
5514 4929 4974 5530 5270 
5515 5273 5505 4999 5001 
5516 532 531 5610 5552 
5517 4543 4638 5469 5039 
5518 5644 5244 5573 5361 
5519 5168 5504 5550 4784 
5520 5061 5562 4630 5514 
5521 4724 4725 5487 4726 
5522 5175 4886 5453 5492 
5523 4889 5104 5473 4888 
5524 4444 5259 5517 5246 
5525 399 5480 4449 398 
5526 5398 5580 5635 5087 
5527 4878 5062 5562 5061 
5528 4489 5355 5500 4849 
5529 4988 5013 5629 5475 
5530 5459 5479 5055 4979 
5531 5598 5077 5079 5604 
5532 4961 4978 5507 5050 
5533 5602 5240 5637 5283 
5534 5245 4863 5573 5244 
5535 4722 5122 5477 4823 
5536 5011 5010 5465 5478 
5537 4775 4781 5605 4805 
5538 4717 5186 5519 4820 
5539 4742 4883 5529 5592 
5540 5391 4756 5152 5150 
5541 5050 5457 4960 4961 
5542 5383 4454 5634 5179 
5543 5456 5344 5645 5058 
5544 5243 5244 5644 4443 
5545 383 4465 5352 382 
5546 5470 5574 5075 5554 
5547 484 4458 5399 485 
5548 4886 5045 5611 4885 
5549 4549 5270 5530 5458 
5550 5178 5619 4407 5440 
5551 5588 4417 5642 5203 
5552 5021 5519 5186 5515 
5553 5206 4439 5493 5207 
5554 4910 4852 5614 5080 
5555 4609 4608 5491 4612 
5556 4815 4814 5496 4855 
5557 4414 5306 5606 5185 
5558 5106 5107 5520 5090 
5559 5370 4955 5365 5488 
5560 298 299 5498 4459 
5561 5207 5556 5266 5206 
5562 5254 4447 5524 5255 
5563 4996 5443 4823 5477 
5564 5065 5067 5103 5564 
5565 5239 5425 5647 5052 
5566 4448 5125 5548 5107 
5567 5083 4948 4567 5489 
5568 5347 4958 5382 5485 
5569 5209 4783 4928 5527 
5570 5642 5446 5586 5096 
5571 5133 5031 5537 5563 
5572 4971 4972 5616 5040 
5573 5165 5340 5638 4973 
5574 4634 5057 5532 4995 
5575 4935 5430 5549 5548 
5576 4622 4613 5506 4623 
5577 4441 513 512 5545 
5578 4624 4687 5485 5382 
5579 5300 4851 5518 5301 
5580 4418 507 506 5544 
5581 5282 4412 5425 5602 
5582 4964 5472 4653 5413 
5583 483 5418 4458 484 
5584 5475 5629 4465 5394 
5585 4750 4768 5503 4685 
5586 4514 4517 5488 5365 
5587 5008 5007 5524 5089 
5588 4808 4842 5522 5044 
5589 4804 5049 5486 5423 
5590 4406 401 402 5553 
5591 4812 5512 5496 4814 
5592 4674 4676 5575 4977 
5593 5551 5158 5159 5560 
5594 4864 5029 5510 4806 
5595 4915 5192 5513 5049 
5596 5202 4899 5598 5589 
5597 338 45 381 5618 
5598 4423 5533 283 284 
5599 4422 5558 5229 5385 
5600 300 301 4410 5526 
5601 5021 5515 4817 4816 
5602 4752 4794 5535 4795 
5603 308 309 5525 4463 
5604 5341 5020 5447 5258 
5605 482 4466 5418 483 
5606 4747 4774 5571 4746 
5607 4685 4684 5546 4750 
5608 4451 390 391 5568 
5609 5360 4571 5449 5495 
5610 5566 5212 5570 5358 
5611 5366 5501 5304 5367 
5612 4425 499 498 5579 
5613 5533 5547 282 283 
5614 5004 5005 5495 5449 
5615 4568 4810 5501 5366 
5616 5297 5639 5193 5555 
5617 4470 5444 5613 5448 
5618 5092 5511 4762 5561 
5619 5122 5593 5466 4968 
5620 5071 5073 5569 5559 
5621 5621 4774 4775 5628 
5622 5272 494 493 5581 
5623 4611 4630 5562 4748 
5624 4647 4792 5639 5297 
5625 5007 5008 5601 4868 
5626 4796 5384 5576 4959 
5627 5280 5281 5603 4686 
5628 5203 5048 5047 5583 
5629 4842 5036 5615 5522 
5630 5099 5102 5566 5101 
5631 4963 5028 5527 4928 
5632 5161 5162 5600 5160 
5633 5049 5513 4884 5486 
5634 4776 5361 5573 4863 
5635 5323 491 490 5590 
5636 5336 5338 5574 5470 
5637 5437 5044 5522 5489 
5638 5182 5495 5005 5630 
5639 5239 5240 5602 5425 
5640 5183 5184 5612 5022 
5641 4951 5077 5598 4899 
5642 4714 4770 5531 4771 
5643 5168 5169 5648 5170 
5644 4875 5065 5619 4965 
5645 4917 4997 5646 5142 
5646 5117 5128 5640 5516 
5647 4799 5542 4838 4801 
5648 420 5540 4469 419 
5649 5327 5265 5643 4408 
5650 5453 5039 5469 5492 
5651 4733 5393 5521 4861 
5652 4998 5412 5422 5511 
5653 5647 5481 5051 5052 
5654 4448 497 496 5622 
5655 4825 5608 5092 5561 
5656 5048 5203 5642 5096 
5657 5041 4935 5548 5125 
5658 4997 5058 5645 5126 
5659 4714 4771 5536 5386 
5660 4991 4990 5606 5306 
5661 5179 5634 5490 4956 
5662 5320 5038 5521 5393 
5663 481 5448 4466 482 
5664 5146 5609 4952 5638 
5665 4900 5081 5529 5415 
5666 5308 386 387 5627 
5667 5540 420 421 5610 
5668 5256 5577 5264 4415 
5669 4666 4762 5511 5422 
5670 4901 5415 5529 5225 
5671 5539 5516 4438 5399 
5672 4423 5311 5604 5534 
5673 5261 5028 5194 4433 
5674 5434 5419 5572 5429 
5675 5631 5258 5447 4946 
5676 4413 5582 295 296 
5677 312 4407 5564 311 
5678 5509 5551 5328 4459 
5679 5472 4964 5386 5536 
5680 5056 5210 5644 5019 
5681 4417 5588 291 292 
5682 5554 5170 5567 5470 
5683 4429 5597 5286 5285 
5684 4456 5594 289 290 
5685 5539 5418 4466 5463 
5686 5136 5576 4861 5521 
5687 4911 4912 5633 5325 
5688 5286 5011 5478 5626 
5689 4947 4949 5595 5442 
5690 4449 5480 5148 5481 
5691 4930 5046 5623 4975 
5692 5285 5286 5626 5284 
5693 5591 5534 5604 5079 
5694 5504 5074 5427 5550 
5695 4954 4959 5572 5419 
5696 5339 4463 5541 5559 
5697 5362 5471 5528 5062 
5698 4978 5054 5508 5507 
5699 5470 5567 4462 5336 
5700 5165 4973 5442 5595 
5701 4979 5055 5596 4980 
5702 4670 4763 5561 4762 
5703 5498 5526 5537 5063 
5704 5585 5567 5170 5648 
5705 4454 5234 5490 5634 
5706 5139 4467 5507 5508 
5707 4945 5586 5446 5162 
5708 4915 5193 5639 5192 
5709 5102 5099 5098 5641 
5710 5063 5509 4459 5498 
5711 4889 5146 5638 5340 
5712 5069 5071 5559 5541 
5713 5598 5604 5311 4453 
5714 4742 5592 5614 4852 
5715 5411 4807 5466 5593 
5716 5501 4810 5417 5555 
5717 5200 5326 4408 5643 
5718 4409 5339 5559 5569 
5719 4789 4918 5625 4867 
5720 5033 5120 5603 5032 
5721 5051 5494 5519 5021 
5722 5085 5145 5599 5086 
5723 5142 5646 5461 4460 
5724 5338 4409 5569 5574 
5725 5458 5530 5469 4638 
5726 5048 5096 5586 5095 
5727 4410 5337 5585 5563 
5728 4523 4952 5609 5372 
5729 5372 5609 5538 4691 
5730 5337 4462 5567 5585 
5731 5512 4838 5499 5532 
5732 4450 5282 5602 5283 
5733 5407 4921 5549 5430 
5734 4735 4861 5576 5384 
5735 5248 5612 4612 5491 
5736 4811 5587 5637 5240 
5737 480 4470 5448 481 
5738 4700 4699 5635 5580 
5739 5444 5118 5463 5613 
5740 4842 4885 5611 5036 
5741 4722 5411 5593 5122 
5742 4908 5091 5606 4990 
5743 4689 4973 5638 4952 
5744 5548 5549 5520 5107 
5745 5084 5092 5608 5093 
5746 5080 5614 5081 5037 
5747 5391 5150 5607 5017 
5748 4998 5084 5616 4972 
5749 4987 5017 5607 5428 
5750 5274 5647 5425 4412 
5751 5002 5396 5630 5005 
5752 4679 5414 5635 4699 
5753 382 5352 5618 381 
5754 5170 5554 5504 5168 
5755 5563 5537 5526 4410 
5756 4838 5542 5314 5499 
5757 5103 5541 4463 5525 
5758 5033 5474 5283 5637 
5759 5489 5522 5615 5083 
5760 5074 5504 5554 5075 
5761 479 5441 4470 480 
5762 5290 5591 5633 4912 
5763 4876 5435 5631 4946 
5764 5059 5464 5629 5013 
5765 4975 5623 5578 5034 
5766 4450 5632 5064 5404 
5767 5621 5615 5571 4774 
5768 5053 5624 5502 5054 
5769 4765 5426 5636 4825 
5770 5030 5064 5632 5474 
5771 5516 5640 5346 4438 
5772 4983 5473 5104 5605 
5773 4429 5523 5205 5597 
5774 271 272 5444 5543 
5775 5120 5033 5637 5587 
5776 5324 5446 5642 4417 
5777 5110 5608 4825 5636 
5778 5614 5592 5529 5081 
5779 478 5584 5441 479 
5780 5027 5538 5609 5146 
5781 5288 5502 5624 4464 
5782 422 5552 5610 421 
5783 5444 4470 5441 5543 
5784 5045 5176 5565 5617 
5785 4920 5557 5601 5123 
5786 5629 5464 5352 4465 
5787 5463 4466 5448 5613 
5788 5543 5441 5584 271 
5789 5611 5571 5615 5036 
5790 4698 4723 5617 5565 
5791 4697 5578 5623 5242 
5792 478 42 271 5584 
5793 5552 422 48 532 
$EndElements
